Date,Ticker,Open,High,Low,Close,Volume,Adj_Close
2019-01-02,AAPL,151.79,152.45,149.89,151.17,87099944,151.17
2019-01-03,AAPL,151.87,153.76,148.06,150.91,120641234,150.91
2019-01-04,AAPL,152.58,154.25,150.62,152.44,124510095,152.44
2019-01-07,AAPL,157.47,159.83,152.19,156.01,63844321,156.01
2019-01-08,AAPL,154.12,158.29,152.74,155.52,57716306,155.52
2019-01-09,AAPL,155.04,158.35,151.7,155.02,82540068,155.02
2019-01-10,AAPL,159.49,160.01,157.58,158.79,112920167,158.79
2019-01-11,AAPL,161.85,164.26,157.11,160.69,84576021,160.69
2019-01-14,AAPL,158.59,163.36,155.87,159.61,42573331,159.61
2019-01-15,AAPL,161.94,163.34,158.6,160.97,58026329,160.97
2019-01-16,AAPL,160.08,162.65,157.17,159.91,77667546,159.91
2019-01-17,AAPL,158.52,162.07,155.63,158.85,77614975,158.85
2019-01-18,AAPL,158.31,160.84,158.13,159.48,176098501,159.48
2019-01-21,AAPL,156.15,157.35,152.69,155.02,45953566,155.02
2019-01-22,AAPL,150.08,153.07,149.15,151.11,97930919,151.11
2019-01-23,AAPL,149.32,151.08,148.71,149.89,145136093,149.89
2019-01-24,AAPL,147.06,149.51,145.86,147.68,198463763,147.68
2019-01-25,AAPL,149.53,149.53,147.49,148.43,68051696,148.43
2019-01-28,AAPL,146.98,147.28,145.67,146.47,97377815,146.47
2019-01-29,AAPL,144.3,144.56,142.35,143.45,100477194,143.45
2019-01-30,AAPL,145.96,150.25,143.13,146.69,86506480,146.69
2019-01-31,AAPL,146.61,148.58,143.9,146.24,76898667,146.24
2019-02-01,AAPL,146.65,150.0,142.88,146.44,95241597,146.44
2019-02-04,AAPL,144.35,145.35,141.44,143.39,29053187,143.39
2019-02-05,AAPL,143.43,143.87,140.68,142.27,105093920,142.27
2019-02-06,AAPL,141.17,144.72,140.4,142.56,84141322,142.56
2019-02-07,AAPL,140.65,142.1,138.23,140.17,73188380,140.17
2019-02-08,AAPL,139.74,142.01,139.74,141.01,181412149,141.01
2019-02-11,AAPL,139.93,142.28,137.3,139.79,61071971,139.79
2019-02-12,AAPL,138.63,140.52,137.93,139.23,68087676,139.23
2019-02-13,AAPL,137.49,140.42,135.62,138.02,177442738,138.02
2019-02-14,AAPL,141.54,144.51,139.4,141.96,57351678,141.96
2019-02-15,AAPL,142.32,143.12,140.84,141.98,64198543,141.98
2019-02-18,AAPL,139.33,140.66,138.92,139.79,75430859,139.79
2019-02-19,AAPL,142.23,144.49,138.65,141.57,111980016,141.57
2019-02-20,AAPL,138.78,141.02,137.08,139.05,86933863,139.05
2019-02-21,AAPL,138.33,140.39,138.33,139.53,47702151,139.53
2019-02-22,AAPL,136.31,138.91,132.16,135.54,64661062,135.54
2019-02-25,AAPL,132.34,133.73,132.09,132.91,62745374,132.91
2019-02-26,AAPL,133.17,135.87,130.83,133.35,77566700,133.35
2019-02-27,AAPL,135.38,138.21,131.55,134.88,94856393,134.88
2019-02-28,AAPL,134.82,136.59,133.95,135.27,94567033,135.27
2019-03-01,AAPL,133.88,136.14,133.88,135.08,39315621,135.08
2019-03-04,AAPL,134.18,135.52,133.52,134.52,122437785,134.52
2019-03-05,AAPL,132.78,133.07,130.16,131.61,88504568,131.61
2019-03-06,AAPL,130.61,131.16,129.33,130.24,139189937,130.24
2019-03-07,AAPL,129.83,131.83,126.95,129.39,95555379,129.39
2019-03-08,AAPL,131.85,132.32,130.68,131.5,124282328,131.5
2019-03-11,AAPL,131.43,134.23,130.22,132.23,96413357,132.23
2019-03-12,AAPL,128.61,132.03,125.61,128.82,137073453,128.82
2019-03-13,AAPL,130.14,132.25,126.73,129.49,98585765,129.49
2019-03-14,AAPL,127.76,131.02,126.56,128.79,76927278,128.79
2019-03-15,AAPL,126.96,128.95,126.11,127.53,198541971,127.53
2019-03-18,AAPL,128.17,131.0,126.5,128.75,114164624,128.75
2019-03-19,AAPL,130.62,132.83,128.77,130.8,100637444,130.8
2019-03-20,AAPL,133.96,134.48,130.89,132.68,48014587,132.68
2019-03-21,AAPL,129.93,132.07,129.93,131.07,47784608,131.07
2019-03-22,AAPL,130.55,133.47,127.54,130.51,89937305,130.51
2019-03-25,AAPL,130.36,133.04,129.36,131.2,84794875,131.2
2019-03-26,AAPL,134.43,134.43,131.99,133.18,62575736,133.18
2019-03-27,AAPL,131.25,133.9,130.64,132.27,84641078,132.27
2019-03-28,AAPL,131.69,133.7,130.19,131.95,151029835,131.95
2019-03-29,AAPL,130.44,132.62,127.02,129.82,105655903,129.82
2019-04-01,AAPL,128.08,130.06,125.04,127.55,50684656,127.55
2019-04-02,AAPL,128.96,131.79,126.53,129.16,76510126,129.16
2019-04-03,AAPL,131.46,132.55,131.17,131.86,57976632,131.86
2019-04-04,AAPL,131.49,133.52,130.01,131.76,68507735,131.76
2019-04-05,AAPL,133.18,135.76,131.85,133.81,67801232,133.81
2019-04-08,AAPL,133.79,135.3,133.79,134.58,66086758,134.58
2019-04-09,AAPL,133.28,134.69,131.97,133.33,48422882,133.33
2019-04-10,AAPL,133.48,136.81,131.39,134.1,76017590,134.1
2019-04-11,AAPL,136.69,138.34,136.21,137.27,63929670,137.27
2019-04-12,AAPL,137.68,139.4,135.09,137.25,24785211,137.25
2019-04-15,AAPL,141.87,141.87,139.25,140.55,181856050,140.55
2019-04-16,AAPL,135.46,135.89,134.47,135.18,123659830,135.18
2019-04-17,AAPL,135.75,138.25,135.56,136.91,68820822,136.91
2019-04-18,AAPL,135.97,140.49,133.77,137.13,80604481,137.13
2019-04-19,AAPL,137.8,139.44,133.69,136.56,50067139,136.56
2019-04-22,AAPL,136.24,140.11,133.49,136.8,157640289,136.8
2019-04-23,AAPL,131.74,134.78,130.86,132.82,170876677,132.82
2019-04-24,AAPL,132.69,133.38,131.48,132.43,85174673,132.43
2019-04-25,AAPL,133.52,135.31,131.06,133.19,120474593,133.19
2019-04-26,AAPL,136.62,138.14,134.3,136.22,85810497,136.22
2019-04-29,AAPL,134.58,138.17,132.25,135.21,46868061,135.21
2019-04-30,AAPL,132.33,134.56,132.33,133.63,67849857,133.63
2019-05-01,AAPL,133.9,134.63,130.71,132.67,84335072,132.67
2019-05-02,AAPL,133.88,135.62,133.47,134.55,66700173,134.55
2019-05-03,AAPL,135.74,136.81,133.7,135.26,73300345,135.26
2019-05-06,AAPL,134.79,136.88,131.58,134.23,77128033,134.23
2019-05-07,AAPL,135.61,137.28,133.35,135.32,77453304,135.32
2019-05-08,AAPL,135.05,137.26,133.86,135.56,81689872,135.56
2019-05-09,AAPL,136.96,139.36,135.82,137.59,52341241,137.59
2019-05-10,AAPL,136.46,138.13,134.26,136.19,60052559,136.19
2019-05-13,AAPL,136.57,138.38,132.77,135.57,47855828,135.57
2019-05-14,AAPL,136.03,137.9,131.74,134.82,118291610,134.82
2019-05-15,AAPL,130.9,135.12,128.76,131.94,34458918,131.94
2019-05-16,AAPL,131.66,135.32,129.82,132.57,126908045,132.57
2019-05-17,AAPL,134.32,134.64,131.63,133.14,139291156,133.14
2019-05-20,AAPL,133.82,135.69,130.69,133.19,70891773,133.19
2019-05-21,AAPL,133.79,134.6,130.94,132.77,28240914,132.77
2019-05-22,AAPL,129.25,131.34,128.71,130.02,69234715,130.02
2019-05-23,AAPL,129.48,132.07,126.43,129.25,77972248,129.25
2019-05-24,AAPL,129.15,129.37,127.89,128.63,53398750,128.63
2019-05-27,AAPL,127.59,130.06,124.21,127.14,65100958,127.14
2019-05-28,AAPL,126.64,128.68,125.07,126.87,147540795,126.87
2019-05-29,AAPL,126.45,129.95,125.42,127.69,104375763,127.69
2019-05-30,AAPL,131.61,133.78,129.0,131.39,55268381,131.39
2019-05-31,AAPL,131.13,134.8,128.76,131.78,42223923,131.78
2019-06-03,AAPL,132.21,134.68,129.99,132.34,70190972,132.34
2019-06-04,AAPL,133.44,134.52,129.95,132.23,73452866,132.23
2019-06-05,AAPL,128.27,129.34,127.71,128.53,97563779,128.53
2019-06-06,AAPL,129.39,130.49,126.54,128.52,64579689,128.52
2019-06-07,AAPL,127.88,129.71,127.65,128.68,98162715,128.68
2019-06-10,AAPL,134.03,136.2,130.93,133.57,173484498,133.57
2019-06-11,AAPL,134.5,135.26,131.2,133.23,110855443,133.23
2019-06-12,AAPL,132.81,136.37,131.38,133.88,78475873,133.88
2019-06-13,AAPL,132.53,134.63,132.53,133.85,74348719,133.85
2019-06-14,AAPL,131.39,132.45,130.69,131.57,69363263,131.57
2019-06-17,AAPL,132.8,136.48,131.3,133.89,128288675,133.89
2019-06-18,AAPL,136.13,136.33,134.58,135.45,62246434,135.45
2019-06-19,AAPL,138.25,138.25,136.24,137.12,81460294,137.12
2019-06-20,AAPL,135.13,136.01,134.6,135.3,81655223,135.3
2019-06-21,AAPL,137.56,141.56,134.89,138.23,65451732,138.23
2019-06-24,AAPL,135.22,138.07,132.72,135.4,46202800,135.4
2019-06-25,AAPL,137.25,138.29,134.99,136.64,91032486,136.64
2019-06-26,AAPL,139.87,142.8,139.71,141.25,78071497,141.25
2019-06-27,AAPL,139.47,140.89,137.55,139.22,97721619,139.22
2019-06-28,AAPL,138.4,140.92,135.26,138.09,64624042,138.09
2019-07-01,AAPL,138.72,140.86,135.82,138.34,130367209,138.34
2019-07-02,AAPL,136.64,138.54,136.15,137.34,56335062,137.34
2019-07-03,AAPL,134.81,135.37,133.09,134.23,158672566,134.23
2019-07-04,AAPL,133.32,135.35,133.32,134.42,39764399,134.42
2019-07-05,AAPL,131.54,134.74,129.93,132.34,95195689,132.34
2019-07-08,AAPL,134.33,136.03,130.62,133.32,96756634,133.32
2019-07-09,AAPL,132.17,132.9,130.19,131.54,58195254,131.54
2019-07-10,AAPL,133.37,135.41,133.37,134.68,94801403,134.68
2019-07-11,AAPL,132.48,134.04,132.27,133.15,133464310,133.15
2019-07-12,AAPL,131.8,135.79,129.33,132.56,32960144,132.56
2019-07-15,AAPL,133.61,135.69,132.77,134.23,97819560,134.23
2019-07-16,AAPL,131.15,134.51,129.13,131.82,29509678,131.82
2019-07-17,AAPL,131.16,134.63,130.0,132.31,54367182,132.31
2019-07-18,AAPL,134.87,136.68,133.27,134.98,153498866,134.98
2019-07-19,AAPL,132.42,133.01,130.61,131.81,63390488,131.81
2019-07-22,AAPL,132.5,133.2,131.24,132.22,50022587,132.22
2019-07-23,AAPL,133.24,135.08,130.48,132.78,73910251,132.78
2019-07-24,AAPL,133.27,137.14,131.64,134.39,182945660,134.39
2019-07-25,AAPL,133.16,134.32,129.61,131.96,38449809,131.96
2019-07-26,AAPL,130.3,131.44,127.4,129.42,52536211,129.42
2019-07-29,AAPL,131.28,131.28,129.72,130.48,145619828,130.48
2019-07-30,AAPL,131.96,134.3,127.91,131.11,168192233,131.11
2019-07-31,AAPL,132.79,134.41,128.89,131.65,76757733,131.65
2019-08-01,AAPL,132.49,133.81,130.94,132.38,48735394,132.38
2019-08-02,AAPL,130.29,134.3,127.85,131.08,185001518,131.08
2019-08-05,AAPL,131.89,133.82,129.34,131.58,151381568,131.58
2019-08-06,AAPL,132.85,134.4,130.0,132.2,104962739,132.2
2019-08-07,AAPL,131.46,133.45,128.23,130.84,57804446,130.84
2019-08-08,AAPL,134.66,137.46,131.74,134.6,78446345,134.6
2019-08-09,AAPL,134.43,138.06,133.15,135.6,75029592,135.6
2019-08-12,AAPL,132.9,134.25,132.24,133.25,91319756,133.25
2019-08-13,AAPL,135.74,136.2,133.03,134.61,142940321,134.61
2019-08-14,AAPL,132.93,135.83,129.58,132.7,113726159,132.7
2019-08-15,AAPL,134.43,135.6,133.05,134.32,51991289,134.32
2019-08-16,AAPL,136.09,138.43,135.02,136.72,138743265,136.72
2019-08-19,AAPL,134.74,136.94,133.25,135.1,90674801,135.1
2019-08-20,AAPL,138.19,139.0,135.22,137.11,105304162,137.11
2019-08-21,AAPL,138.47,140.39,135.63,138.01,143831572,138.01
2019-08-22,AAPL,140.57,143.1,136.43,139.77,51284806,139.77
2019-08-23,AAPL,143.72,145.26,142.44,143.85,78861756,143.85
2019-08-26,AAPL,143.74,144.44,142.3,143.37,64679532,143.37
2019-08-27,AAPL,141.09,143.07,140.54,141.81,42729214,141.81
2019-08-28,AAPL,140.55,143.16,136.79,139.97,91900881,139.97
2019-08-29,AAPL,138.12,140.8,135.84,138.32,218470120,138.32
2019-08-30,AAPL,138.05,139.69,136.72,138.2,38320903,138.2
2019-09-02,AAPL,139.38,141.92,136.0,138.96,78973660,138.96
2019-09-03,AAPL,140.8,142.69,136.48,139.59,103362663,139.59
2019-09-04,AAPL,140.14,144.48,138.28,141.38,84037061,141.38
2019-09-05,AAPL,142.37,144.76,138.14,141.45,76460587,141.45
2019-09-06,AAPL,144.02,146.07,143.17,144.62,47576554,144.62
2019-09-09,AAPL,143.93,146.99,141.2,144.09,87807009,144.09
2019-09-10,AAPL,148.71,152.28,148.01,150.15,59105326,150.15
2019-09-11,AAPL,151.01,154.92,148.3,151.61,33316672,151.61
2019-09-12,AAPL,149.73,152.66,146.8,149.73,129006594,149.73
2019-09-13,AAPL,146.08,150.42,144.36,147.39,117375824,147.39
2019-09-16,AAPL,148.48,151.2,145.82,148.51,81670350,148.51
2019-09-17,AAPL,149.33,149.33,146.8,148.06,87676728,148.06
2019-09-18,AAPL,148.53,152.09,147.33,149.71,122947057,149.71
2019-09-19,AAPL,151.62,154.55,147.1,150.83,87510824,150.83
2019-09-20,AAPL,150.44,154.29,147.13,150.71,114850772,150.71
2019-09-23,AAPL,149.32,149.73,147.99,148.86,71025129,148.86
2019-09-24,AAPL,144.87,146.77,144.36,145.56,135208783,145.56
2019-09-25,AAPL,143.66,145.75,143.54,144.64,90952821,144.64
2019-09-26,AAPL,145.57,149.42,143.7,146.56,86457020,146.56
2019-09-27,AAPL,145.82,150.22,143.94,147.08,48134645,147.08
2019-09-30,AAPL,143.5,145.75,143.07,144.41,89730342,144.41
2019-10-01,AAPL,145.31,147.02,142.64,144.83,57354119,144.83
2019-10-02,AAPL,146.83,148.9,142.54,145.72,61973913,145.72
2019-10-03,AAPL,144.75,146.68,141.02,143.85,57735739,143.85
2019-10-04,AAPL,144.77,146.52,141.95,144.23,52223504,144.23
2019-10-07,AAPL,143.28,146.83,141.98,144.41,187154634,144.41
2019-10-08,AAPL,141.4,144.15,139.85,142.0,136259650,142.0
2019-10-09,AAPL,142.27,144.38,141.25,142.81,172461433,142.81
2019-10-10,AAPL,143.35,146.41,141.72,144.07,49051395,144.07
2019-10-11,AAPL,146.52,149.23,143.73,146.48,82312924,146.48
2019-10-14,AAPL,148.97,152.2,145.52,148.86,47685319,148.86
2019-10-15,AAPL,145.45,148.45,143.28,145.86,60566908,145.86
2019-10-16,AAPL,143.45,146.78,140.97,143.88,55410873,143.88
2019-10-17,AAPL,145.99,146.23,143.85,145.04,131349306,145.04
2019-10-18,AAPL,147.06,148.29,144.13,146.21,68274392,146.21
2019-10-21,AAPL,146.83,148.16,146.63,147.4,122655347,147.4
2019-10-22,AAPL,157.51,157.77,154.67,156.22,101867707,156.22
2019-10-23,AAPL,159.04,160.69,154.54,157.61,201035625,157.61
2019-10-24,AAPL,159.82,164.36,156.39,160.38,44267419,160.38
2019-10-25,AAPL,162.27,163.88,161.61,162.74,132385739,162.74
2019-10-28,AAPL,164.41,166.54,162.25,164.4,126545633,164.4
2019-10-29,AAPL,165.12,167.11,160.24,163.67,54199685,163.67
2019-10-30,AAPL,166.85,167.11,164.1,165.6,119686996,165.6
2019-10-31,AAPL,162.45,166.39,161.11,163.75,91513327,163.75
2019-11-01,AAPL,162.88,166.43,160.02,163.23,73042110,163.23
2019-11-04,AAPL,162.27,164.9,159.29,162.1,57538393,162.1
2019-11-05,AAPL,162.36,163.77,160.93,162.35,60002297,162.35
2019-11-06,AAPL,167.11,170.18,166.11,168.14,181626335,168.14
2019-11-07,AAPL,164.73,166.94,160.17,163.55,80021853,163.55
2019-11-08,AAPL,165.89,167.96,162.64,165.3,109385532,165.3
2019-11-11,AAPL,162.5,162.5,160.58,161.41,58303777,161.41
2019-11-12,AAPL,161.47,163.56,157.08,160.32,58561966,160.32
2019-11-13,AAPL,163.83,163.95,162.09,163.02,123324680,163.02
2019-11-14,AAPL,163.03,166.48,159.98,163.23,46627763,163.23
2019-11-15,AAPL,161.02,162.12,159.21,160.67,67757904,160.67
2019-11-18,AAPL,157.92,162.85,155.16,159.0,81096321,159.0
2019-11-19,AAPL,161.25,162.67,158.7,160.69,83644500,160.69
2019-11-20,AAPL,157.97,160.83,157.16,158.99,74469475,158.99
2019-11-21,AAPL,160.18,160.83,158.29,159.56,93724023,159.56
2019-11-22,AAPL,158.86,161.5,157.95,159.72,105548328,159.72
2019-11-25,AAPL,157.01,161.79,154.66,158.22,107327150,158.22
2019-11-26,AAPL,162.36,167.52,159.38,163.45,53930981,163.45
2019-11-27,AAPL,163.42,167.11,163.03,165.07,71404764,165.07
2019-11-28,AAPL,160.88,162.42,157.95,160.18,129015400,160.18
2019-11-29,AAPL,161.43,163.81,157.56,160.69,114421100,160.69
2019-12-02,AAPL,159.2,162.77,155.54,159.15,46195521,159.15
2019-12-03,AAPL,160.16,163.97,158.54,161.25,92076393,161.25
2019-12-04,AAPL,158.08,161.45,157.36,159.4,36260773,159.4
2019-12-05,AAPL,157.65,161.29,157.07,159.18,81516103,159.18
2019-12-06,AAPL,159.37,163.48,157.41,160.45,170909374,160.45
2019-12-09,AAPL,163.87,163.87,161.78,162.6,54755047,162.6
2019-12-10,AAPL,158.93,162.53,156.97,159.75,57299816,159.75
2019-12-11,AAPL,158.54,160.93,157.08,159.01,108596431,159.01
2019-12-12,AAPL,156.68,161.23,154.63,157.93,43159649,157.93
2019-12-13,AAPL,155.57,157.52,155.37,156.44,62111094,156.44
2019-12-16,AAPL,160.76,163.39,158.0,160.7,101555260,160.7
2019-12-17,AAPL,162.08,164.09,159.36,161.73,62073073,161.73
2019-12-18,AAPL,157.94,161.59,155.92,158.75,72794371,158.75
2019-12-19,AAPL,159.58,162.02,159.58,161.01,107737845,161.01
2019-12-20,AAPL,165.91,169.03,163.51,166.27,94693472,166.27
2019-12-23,AAPL,168.03,171.67,166.18,168.92,89010469,168.92
2019-12-24,AAPL,164.25,167.85,162.5,165.17,69851930,165.17
2019-12-25,AAPL,165.54,166.83,161.23,164.03,92763299,164.03
2019-12-26,AAPL,167.63,170.34,164.14,167.24,76136940,167.24
2019-12-27,AAPL,165.72,169.02,162.03,165.53,96076896,165.53
2019-12-30,AAPL,166.41,168.42,164.96,166.69,65578888,166.69
2019-12-31,AAPL,168.45,172.32,165.07,168.69,74366014,168.69
2020-01-01,AAPL,166.56,168.91,163.93,166.42,53841444,166.42
2020-01-02,AAPL,166.98,167.42,165.24,166.33,78887563,166.33
2020-01-03,AAPL,159.13,159.47,157.51,158.49,57836860,158.49
2020-01-06,AAPL,155.1,157.95,154.3,156.12,51234239,156.12
2020-01-07,AAPL,155.59,158.81,152.37,155.59,88720510,155.59
2020-01-08,AAPL,152.48,155.68,149.83,152.75,87105719,152.75
2020-01-09,AAPL,157.75,159.85,153.34,156.59,109418078,156.59
2020-01-10,AAPL,153.72,155.67,150.97,153.32,67328014,153.32
2020-01-13,AAPL,152.46,154.47,150.26,152.36,94183760,152.36
2020-01-14,AAPL,151.54,153.93,151.5,152.71,99717946,152.71
2020-01-15,AAPL,156.43,157.91,154.3,156.1,95577377,156.1
2020-01-16,AAPL,151.66,154.92,150.74,152.83,57498862,152.83
2020-01-17,AAPL,155.07,156.63,154.52,155.57,84925298,155.57
2020-01-20,AAPL,154.54,157.11,154.18,155.65,92543865,155.65
2020-01-21,AAPL,154.01,156.03,150.82,153.43,80230041,153.43
2020-01-22,AAPL,153.64,157.59,151.5,154.54,34724155,154.54
2020-01-23,AAPL,154.72,158.93,151.19,155.06,85304097,155.06
2020-01-24,AAPL,154.94,157.36,150.08,153.72,193841157,153.72
2020-01-27,AAPL,153.02,156.68,151.19,153.93,69269931,153.93
2020-01-28,AAPL,153.12,155.15,151.04,153.1,59787451,153.1
2020-01-29,AAPL,153.16,156.13,150.69,153.41,92885361,153.41
2020-01-30,AAPL,153.5,158.21,151.78,155.0,90647460,155.0
2020-01-31,AAPL,159.71,159.95,157.61,158.78,128910801,158.78
2020-02-03,AAPL,154.57,157.97,153.85,155.91,48369979,155.91
2020-02-04,AAPL,160.95,164.55,157.53,161.04,107187403,161.04
2020-02-05,AAPL,156.63,158.42,154.46,156.44,101311047,156.44
2020-02-06,AAPL,156.54,158.7,153.57,156.14,75578210,156.14
2020-02-07,AAPL,158.17,160.22,154.94,157.58,91606438,157.58
2020-02-10,AAPL,157.51,159.67,156.92,158.29,120760546,158.29
2020-02-11,AAPL,155.34,158.8,154.95,156.88,113403560,156.88
2020-02-12,AAPL,157.14,158.27,154.61,156.44,50643906,156.44
2020-02-13,AAPL,155.45,156.2,154.48,155.34,111062144,155.34
2020-02-14,AAPL,155.06,155.06,153.18,154.02,77956516,154.02
2020-02-17,AAPL,157.06,159.43,152.68,156.05,82366291,156.05
2020-02-18,AAPL,158.02,158.58,155.3,156.94,82376930,156.94
2020-02-19,AAPL,155.33,157.76,152.99,155.37,75333840,155.37
2020-02-20,AAPL,157.01,159.27,155.81,157.54,128857820,157.54
2020-02-21,AAPL,159.24,162.09,154.55,158.32,77365384,158.32
2020-02-24,AAPL,160.16,161.95,158.68,160.31,51121654,160.31
2020-02-25,AAPL,160.86,164.09,159.69,161.89,68348163,161.89
2020-02-26,AAPL,161.08,163.53,156.35,159.94,85927551,159.94
2020-02-27,AAPL,159.87,162.12,155.19,158.66,130805638,158.66
2020-02-28,AAPL,160.39,161.9,159.1,160.5,101825901,160.5
2020-03-02,AAPL,160.66,165.44,158.62,162.03,56929435,162.03
2020-03-03,AAPL,161.67,164.33,159.74,162.04,216178099,162.04
2020-03-04,AAPL,163.36,164.76,160.0,162.38,88937756,162.38
2020-03-05,AAPL,166.9,166.9,164.3,165.57,133244119,165.57
2020-03-06,AAPL,163.19,165.25,163.08,164.17,75289513,164.17
2020-03-09,AAPL,164.14,168.81,162.34,165.58,99024800,165.58
2020-03-10,AAPL,166.38,167.59,162.66,165.13,111923324,165.13
2020-03-11,AAPL,164.28,166.91,162.39,164.65,130230312,164.65
2020-03-12,AAPL,167.58,170.72,164.16,167.44,122116310,167.44
2020-03-13,AAPL,171.17,173.03,166.14,169.58,113398190,169.58
2020-03-16,AAPL,170.23,173.13,170.23,171.72,70526740,171.72
2020-03-17,AAPL,175.7,178.19,172.16,175.18,63645474,175.18
2020-03-18,AAPL,173.8,176.64,173.8,175.29,91383929,175.29
2020-03-19,AAPL,176.71,180.7,173.61,177.15,116195935,177.15
2020-03-20,AAPL,177.46,179.59,173.19,176.39,73181185,176.39
2020-03-23,AAPL,177.07,181.59,173.03,177.31,122498087,177.31
2020-03-24,AAPL,178.78,178.78,175.9,177.02,143032708,177.02
2020-03-25,AAPL,177.55,178.43,176.25,177.34,55450917,177.34
2020-03-26,AAPL,178.35,180.9,177.09,178.99,57240309,178.99
2020-03-27,AAPL,175.88,178.68,175.06,176.87,75631783,176.87
2020-03-30,AAPL,182.02,184.38,180.76,182.57,90474831,182.57
2020-03-31,AAPL,179.44,184.06,175.74,179.9,64857971,179.9
2020-04-01,AAPL,175.18,178.47,174.94,176.71,137401556,176.71
2020-04-02,AAPL,179.4,181.74,177.99,179.87,94789000,179.87
2020-04-03,AAPL,181.95,185.75,178.4,182.08,81272316,182.08
2020-04-06,AAPL,184.67,186.42,181.28,183.85,45045037,183.85
2020-04-07,AAPL,186.24,189.47,181.84,185.65,47261703,185.65
2020-04-08,AAPL,186.46,186.85,184.51,185.68,89517159,185.68
2020-04-09,AAPL,181.46,185.97,180.56,183.26,34089464,183.26
2020-04-10,AAPL,182.5,184.57,182.49,183.53,119950792,183.53
2020-04-13,AAPL,182.33,182.88,180.6,181.74,75095834,181.74
2020-04-14,AAPL,184.42,188.75,180.21,184.48,292733846,184.48
2020-04-15,AAPL,182.31,185.57,182.31,184.14,201379892,184.14
2020-04-16,AAPL,183.04,184.78,179.08,181.93,74399335,181.93
2020-04-17,AAPL,182.11,183.51,178.72,181.12,76668569,181.12
2020-04-20,AAPL,182.48,184.48,180.13,182.3,119135230,182.3
2020-04-21,AAPL,179.26,184.99,176.67,180.83,158110740,180.83
2020-04-22,AAPL,179.63,179.65,177.7,178.67,41546571,178.67
2020-04-23,AAPL,179.69,182.67,176.11,179.39,39152976,179.39
2020-04-24,AAPL,181.13,184.48,175.74,180.11,62378003,180.11
2020-04-27,AAPL,179.71,181.7,175.91,178.81,101000116,178.81
2020-04-28,AAPL,178.68,181.82,173.39,177.61,97590101,177.61
2020-04-29,AAPL,178.35,179.36,177.21,178.29,122723666,178.29
2020-04-30,AAPL,173.26,176.85,172.18,174.51,49508660,174.51
2020-05-01,AAPL,171.51,172.67,169.18,170.93,31676310,170.93
2020-05-04,AAPL,169.56,172.47,165.83,169.15,112756690,169.15
2020-05-05,AAPL,169.48,172.82,164.51,168.67,57440413,168.67
2020-05-06,AAPL,168.39,171.23,167.8,169.51,35681469,169.51
2020-05-07,AAPL,172.31,176.5,170.23,173.36,84779361,173.36
2020-05-08,AAPL,177.04,177.24,174.09,175.67,109869896,175.67
2020-05-11,AAPL,176.18,178.17,172.45,175.31,76187985,175.31
2020-05-12,AAPL,176.75,177.82,172.81,175.32,66612169,175.32
2020-05-13,AAPL,173.65,176.98,168.54,172.76,75059545,172.76
2020-05-14,AAPL,173.1,175.73,169.8,172.77,68978408,172.77
2020-05-15,AAPL,172.61,174.14,170.02,172.08,46656291,172.08
2020-05-18,AAPL,174.32,174.32,171.71,172.97,60108686,172.97
2020-05-19,AAPL,171.17,172.27,169.53,170.9,98547493,170.9
2020-05-20,AAPL,172.75,173.93,170.65,172.29,90985308,172.29
2020-05-21,AAPL,175.15,178.13,174.59,176.36,85562795,176.36
2020-05-22,AAPL,176.04,180.01,172.25,176.13,53729770,176.13
2020-05-25,AAPL,178.02,180.13,174.38,177.26,74397725,177.26
2020-05-26,AAPL,178.34,181.93,176.39,179.16,33488450,179.16
2020-05-27,AAPL,177.08,179.44,176.85,178.15,85920057,178.15
2020-05-28,AAPL,178.14,182.78,174.84,178.81,141679819,178.81
2020-05-29,AAPL,177.97,182.38,175.42,178.9,44361580,178.9
2020-06-01,AAPL,178.2,180.36,178.08,179.22,63285457,179.22
2020-06-02,AAPL,176.95,180.61,173.82,177.22,91256054,177.22
2020-06-03,AAPL,178.79,180.16,174.53,177.34,132047761,177.34
2020-06-04,AAPL,178.76,179.92,177.55,178.73,66869087,178.73
2020-06-05,AAPL,181.59,185.31,180.14,182.73,60650416,182.73
2020-06-08,AAPL,183.87,188.16,182.71,185.44,36395945,185.44
2020-06-09,AAPL,192.34,193.18,189.99,191.59,83379450,191.59
2020-06-10,AAPL,189.02,193.99,184.93,189.46,181065175,189.46
2020-06-11,AAPL,193.26,196.24,187.8,192.02,89386531,192.02
2020-06-12,AAPL,193.23,196.15,189.07,192.61,79290239,192.61
2020-06-15,AAPL,200.29,201.95,196.28,199.11,91000004,199.11
2020-06-16,AAPL,195.88,199.38,194.17,196.78,79645842,196.78
2020-06-17,AAPL,195.13,197.88,190.88,194.38,57790296,194.38
2020-06-18,AAPL,191.8,195.77,189.64,192.71,111200913,192.71
2020-06-19,AAPL,188.37,188.37,185.56,186.73,87560610,186.73
2020-06-22,AAPL,185.83,188.15,182.5,185.32,80565614,185.32
2020-06-23,AAPL,182.64,187.16,179.41,183.29,54156620,183.29
2020-06-24,AAPL,182.92,186.37,181.16,183.76,134751158,183.76
2020-06-25,AAPL,183.63,185.89,183.63,184.77,104366394,184.77
2020-06-26,AAPL,190.85,194.05,186.17,190.11,64126538,190.11
2020-06-29,AAPL,191.82,194.64,191.16,192.9,119433123,192.9
2020-06-30,AAPL,191.67,193.25,189.36,191.3,65562133,191.3
2020-07-01,AAPL,187.92,190.37,187.24,188.81,58511612,188.81
2020-07-02,AAPL,190.89,192.48,188.06,190.27,59035879,190.27
2020-07-03,AAPL,187.78,190.36,182.84,186.6,39393436,186.6
2020-07-06,AAPL,192.93,194.82,188.91,191.86,96606264,191.86
2020-07-07,AAPL,196.37,197.13,193.58,195.35,38458074,195.35
2020-07-08,AAPL,192.84,198.43,189.67,194.05,48942644,194.05
2020-07-09,AAPL,187.63,193.47,184.92,189.19,34875739,189.19
2020-07-10,AAPL,193.91,197.47,188.81,193.14,77292641,193.14
2020-07-13,AAPL,192.36,194.76,190.99,192.87,75331505,192.87
2020-07-14,AAPL,196.29,199.31,193.8,196.55,70199988,196.55
2020-07-15,AAPL,190.17,196.71,187.23,191.97,52720035,191.97
2020-07-16,AAPL,189.4,194.21,186.43,190.32,50055537,190.32
2020-07-17,AAPL,188.62,191.45,188.62,190.4,96329497,190.4
2020-07-20,AAPL,192.04,192.04,189.39,190.6,64187331,190.6
2020-07-21,AAPL,188.41,192.08,186.67,189.38,90791889,189.38
2020-07-22,AAPL,191.44,195.65,186.79,191.22,56144412,191.22
2020-07-23,AAPL,186.51,191.21,185.28,188.24,86008981,188.24
2020-07-24,AAPL,188.53,190.72,185.1,187.91,134738767,187.91
2020-07-27,AAPL,187.64,189.65,186.97,188.31,101138711,188.31
2020-07-28,AAPL,191.34,193.28,186.39,189.83,67833834,189.83
2020-07-29,AAPL,193.42,196.05,187.82,191.93,88668635,191.93
2020-07-30,AAPL,188.13,191.17,186.41,188.79,72657786,188.79
2020-07-31,AAPL,186.03,188.34,180.77,184.55,80252563,184.55
2020-08-03,AAPL,190.06,192.76,183.62,188.19,70230466,188.19
2020-08-04,AAPL,190.43,190.91,187.48,189.19,74910386,189.19
2020-08-05,AAPL,188.44,190.04,184.25,187.14,87083199,187.14
2020-08-06,AAPL,190.65,193.67,189.56,191.61,53768250,191.61
2020-08-07,AAPL,192.31,196.02,188.01,192.01,53286078,192.01
2020-08-10,AAPL,193.81,198.74,192.27,195.5,45906632,195.5
2020-08-11,AAPL,194.18,199.23,192.31,195.77,42178819,195.77
2020-08-12,AAPL,204.0,206.22,197.75,201.98,49161635,201.98
2020-08-13,AAPL,206.72,210.12,204.76,207.44,85269057,207.44
2020-08-14,AAPL,207.76,211.56,201.92,206.74,55975361,206.74
2020-08-17,AAPL,211.13,213.13,206.56,209.84,98245792,209.84
2020-08-18,AAPL,213.47,213.69,210.23,211.96,81118588,211.96
2020-08-19,AAPL,218.58,220.52,212.33,216.43,36402044,216.43
2020-08-20,AAPL,212.29,217.84,208.94,213.39,103961108,213.39
2020-08-21,AAPL,213.69,218.11,213.22,215.67,110647126,215.67
2020-08-24,AAPL,218.8,224.05,214.34,219.19,53757412,219.19
2020-08-25,AAPL,211.98,218.5,208.62,213.56,94642179,213.56
2020-08-26,AAPL,207.87,212.08,207.66,209.87,56793809,209.87
2020-08-27,AAPL,203.05,208.64,198.6,203.62,83187307,203.62
2020-08-28,AAPL,204.02,204.45,201.28,202.87,48241867,202.87
2020-08-31,AAPL,205.4,206.99,203.28,205.13,39047703,205.13
2020-09-01,AAPL,209.09,211.7,208.05,209.88,68641668,209.88
2020-09-02,AAPL,210.83,214.99,205.37,210.18,76137053,210.18
2020-09-03,AAPL,214.3,219.35,211.56,215.45,68234803,215.45
2020-09-04,AAPL,209.06,212.81,209.06,211.11,49819895,211.11
2020-09-07,AAPL,206.94,208.69,203.01,205.85,68174255,205.85
2020-09-08,AAPL,206.26,209.31,202.19,205.75,89098681,205.75
2020-09-09,AAPL,208.1,208.39,205.63,207.01,78576244,207.01
2020-09-10,AAPL,205.07,211.67,202.29,206.98,86058478,206.98
2020-09-11,AAPL,202.08,204.95,196.5,200.72,61189802,200.72
2020-09-14,AAPL,201.0,203.55,197.5,200.52,127831603,200.52
2020-09-15,AAPL,196.95,201.49,191.92,196.71,49976720,196.71
2020-09-16,AAPL,199.25,201.41,196.1,198.76,97227223,198.76
2020-09-17,AAPL,201.38,204.86,194.99,199.92,128352844,199.92
2020-09-18,AAPL,197.53,200.81,193.57,197.19,96968857,197.19
2020-09-21,AAPL,196.06,199.2,192.28,195.74,73774780,195.74
2020-09-22,AAPL,194.61,194.61,191.12,192.72,64761274,192.72
2020-09-23,AAPL,193.59,196.97,188.24,192.6,121081236,192.6
2020-09-24,AAPL,195.22,198.1,192.8,195.45,45278697,195.45
2020-09-25,AAPL,193.45,194.23,191.06,192.65,54270289,192.65
2020-09-28,AAPL,193.74,195.19,193.15,194.17,68238131,194.17
2020-09-29,AAPL,191.66,195.82,189.58,192.7,131247931,192.7
2020-09-30,AAPL,190.86,193.45,187.53,190.49,93124163,190.49
2020-10-01,AAPL,191.87,193.93,186.56,190.25,54315429,190.25
2020-10-02,AAPL,188.99,191.65,183.1,187.38,70661689,187.38
2020-10-05,AAPL,185.3,187.12,184.67,185.89,62570716,185.89
2020-10-06,AAPL,182.74,186.23,179.06,182.64,60226414,182.64
2020-10-07,AAPL,187.08,189.81,186.52,188.17,118342440,188.17
2020-10-08,AAPL,190.2,192.51,184.16,188.33,46216153,188.33
2020-10-09,AAPL,188.22,190.41,182.44,186.43,152252294,186.43
2020-10-12,AAPL,187.65,190.05,184.13,187.09,111421299,187.09
2020-10-13,AAPL,187.98,190.43,183.25,186.84,123763353,186.84
2020-10-14,AAPL,187.08,188.39,184.18,186.28,66476654,186.28
2020-10-15,AAPL,188.42,190.78,185.36,188.07,75342949,188.07
2020-10-16,AAPL,188.58,194.36,186.21,190.28,45094753,190.28
2020-10-19,AAPL,188.67,191.52,186.16,188.84,64855496,188.84
2020-10-20,AAPL,187.93,189.55,185.0,187.28,97464535,187.28
2020-10-21,AAPL,187.23,189.35,183.79,186.57,134350473,186.57
2020-10-22,AAPL,179.84,184.19,176.41,180.3,51375628,180.3
2020-10-23,AAPL,177.86,178.37,174.24,176.31,69118626,176.31
2020-10-26,AAPL,178.82,181.55,178.49,180.02,75302018,180.02
2020-10-27,AAPL,184.58,188.13,181.03,184.58,45773757,184.58
2020-10-28,AAPL,184.66,187.91,179.99,183.95,101348627,183.95
2020-10-29,AAPL,186.35,186.92,184.31,185.61,59885266,185.61
2020-10-30,AAPL,187.1,188.37,184.72,186.55,73985601,186.55
2020-11-02,AAPL,194.55,196.96,193.9,195.43,66769533,195.43
2020-11-03,AAPL,197.44,201.18,196.43,198.81,58340190,198.81
2020-11-04,AAPL,199.03,201.27,195.71,198.49,79774877,198.49
2020-11-05,AAPL,196.12,199.64,191.82,195.73,73389641,195.73
2020-11-06,AAPL,189.91,194.58,187.69,191.14,68943234,191.14
2020-11-09,AAPL,192.57,195.13,188.44,191.79,59778256,191.79
2020-11-10,AAPL,189.52,191.97,187.4,189.69,90906954,189.69
2020-11-11,AAPL,186.37,189.8,181.69,185.74,155007506,185.74
2020-11-12,AAPL,185.26,186.67,181.36,184.01,84603998,184.01
2020-11-13,AAPL,179.92,185.57,176.66,181.11,119160809,181.11
2020-11-16,AAPL,184.03,189.1,182.53,185.82,45875805,185.82
2020-11-17,AAPL,189.41,189.77,186.94,188.36,85211057,188.36
2020-11-18,AAPL,188.81,191.89,184.91,188.4,51577178,188.4
2020-11-19,AAPL,193.46,194.91,190.47,192.69,44312050,192.69
2020-11-20,AAPL,194.29,196.59,189.37,192.98,59517957,192.98
2020-11-23,AAPL,191.72,191.79,189.35,190.57,128867709,190.57
2020-11-24,AAPL,196.83,196.83,193.38,195.04,116983507,195.04
2020-11-25,AAPL,196.83,201.04,192.34,196.69,88166627,196.69
2020-11-26,AAPL,193.67,195.56,191.87,193.72,43334384,193.72
2020-11-27,AAPL,192.85,197.43,189.03,193.23,73959258,193.23
2020-11-30,AAPL,189.45,192.79,188.75,190.77,90261105,190.77
2020-12-01,AAPL,187.19,190.26,183.58,186.92,85819060,186.92
2020-12-02,AAPL,188.75,193.18,186.02,189.6,38263988,189.6
2020-12-03,AAPL,196.82,198.15,192.19,195.17,56030685,195.17
2020-12-04,AAPL,191.5,193.31,189.06,191.18,77975566,191.18
2020-12-07,AAPL,193.23,194.66,191.09,192.87,99140991,192.87
2020-12-08,AAPL,190.51,192.14,189.98,191.06,33234068,191.06
2020-12-09,AAPL,188.03,191.84,187.63,189.74,74976673,189.74
2020-12-10,AAPL,186.36,191.52,184.72,188.12,84711057,188.12
2020-12-11,AAPL,185.48,190.18,181.35,185.76,112378364,185.76
2020-12-14,AAPL,184.41,190.13,181.79,185.96,105548405,185.96
2020-12-15,AAPL,184.11,187.45,179.98,183.72,100993399,183.72
2020-12-16,AAPL,185.93,188.36,180.69,184.53,58093305,184.53
2020-12-17,AAPL,185.86,187.82,181.07,184.45,37293751,184.45
2020-12-18,AAPL,184.44,185.73,181.98,183.85,68361208,183.85
2020-12-21,AAPL,180.38,185.63,177.23,181.43,119423901,181.43
2020-12-22,AAPL,181.23,183.24,176.61,179.92,139687592,179.92
2020-12-23,AAPL,183.44,184.99,179.09,182.04,106297979,182.04
2020-12-24,AAPL,182.36,184.8,182.15,183.47,94989177,183.47
2020-12-25,AAPL,181.72,183.38,178.34,180.86,93119395,180.86
2020-12-28,AAPL,180.42,183.77,178.62,181.19,64044562,181.19
2020-12-29,AAPL,184.42,187.39,179.22,183.31,75944477,183.31
2020-12-30,AAPL,180.61,181.68,175.99,178.84,155968559,178.84
2020-12-31,AAPL,178.66,182.63,178.09,180.36,54872012,180.36
2021-01-01,AAPL,180.06,183.02,174.25,178.64,152618012,178.64
2021-01-04,AAPL,180.67,181.53,178.93,180.23,70331190,180.23
2021-01-05,AAPL,179.93,180.64,175.84,178.24,135938078,178.24
2021-01-06,AAPL,173.42,174.55,172.52,173.54,45572325,173.54
2021-01-07,AAPL,170.59,172.76,166.06,169.41,101128128,169.41
2021-01-08,AAPL,168.11,173.55,165.63,169.59,59579918,169.59
2021-01-11,AAPL,169.75,172.11,168.5,170.31,45418511,170.31
2021-01-12,AAPL,166.62,171.8,164.35,168.07,87307838,168.07
2021-01-13,AAPL,171.36,171.59,167.91,169.75,119799001,169.75
2021-01-14,AAPL,166.67,169.47,161.78,165.62,57056959,165.62
2021-01-15,AAPL,166.68,168.84,162.19,165.52,43922215,165.52
2021-01-18,AAPL,164.02,166.02,159.16,162.59,77114299,162.59
2021-01-19,AAPL,159.73,161.93,159.73,161.06,77250431,161.06
2021-01-20,AAPL,160.86,165.14,157.32,161.23,99619157,161.23
2021-01-21,AAPL,157.85,162.33,156.11,159.22,116963797,159.22
2021-01-22,AAPL,157.44,160.11,156.6,158.36,78121129,158.36
2021-01-25,AAPL,159.95,164.29,157.35,160.82,168044354,160.82
2021-01-26,AAPL,159.39,161.18,157.79,159.49,87507152,159.49
2021-01-27,AAPL,160.81,165.18,157.93,161.55,69648142,161.55
2021-01-28,AAPL,157.62,160.04,157.62,158.89,41988664,158.89
2021-01-29,AAPL,159.15,163.27,157.16,160.21,72021366,160.21
2021-02-01,AAPL,162.62,166.36,161.18,163.77,69928399,163.77
2021-02-02,AAPL,159.36,159.36,156.77,157.86,117465955,157.86
2021-02-03,AAPL,156.85,157.58,154.51,156.04,96256844,156.04
2021-02-04,AAPL,158.92,158.92,156.62,157.45,49912875,157.45
2021-02-05,AAPL,156.84,159.28,154.77,157.03,85706476,157.03
2021-02-08,AAPL,157.25,159.7,156.21,157.96,104651847,157.96
2021-02-09,AAPL,157.52,159.24,153.93,156.58,147413148,156.58
2021-02-10,AAPL,156.29,158.56,155.12,156.84,114094633,156.84
2021-02-11,AAPL,155.9,158.25,154.81,156.53,108458248,156.53
2021-02-12,AAPL,158.49,162.51,156.18,159.35,81946044,159.35
2021-02-15,AAPL,158.82,160.96,158.82,160.01,93442982,160.01
2021-02-16,AAPL,160.09,164.59,157.17,160.88,131871583,160.88
2021-02-17,AAPL,159.48,163.47,156.41,159.94,46942135,159.94
2021-02-18,AAPL,159.38,161.74,155.91,158.83,69564258,158.83
2021-02-19,AAPL,156.47,160.52,155.19,157.85,58732846,157.85
2021-02-22,AAPL,157.92,162.47,155.22,158.84,93101275,158.84
2021-02-23,AAPL,158.87,159.27,156.52,157.9,130858358,157.9
2021-02-24,AAPL,157.52,159.68,157.52,158.64,63006438,158.64
2021-02-25,AAPL,163.2,165.31,162.11,163.71,30750457,163.71
2021-02-26,AAPL,167.13,169.39,162.45,165.92,67839073,165.92
2021-03-01,AAPL,164.03,166.11,164.03,165.17,115286014,165.17
2021-03-02,AAPL,166.82,171.03,165.42,168.23,99194105,168.23
2021-03-03,AAPL,167.2,171.42,163.09,167.26,94945318,167.26
2021-03-04,AAPL,161.63,165.86,158.69,162.27,71523732,162.27
2021-03-05,AAPL,160.1,162.36,157.43,159.89,47962254,159.89
2021-03-08,AAPL,156.47,156.5,154.55,155.52,98311829,155.52
2021-03-09,AAPL,153.63,158.1,151.41,154.76,57300761,154.76
2021-03-10,AAPL,155.1,157.48,152.22,154.85,191648952,154.85
2021-03-11,AAPL,158.86,160.01,157.69,158.85,100507215,158.85
2021-03-12,AAPL,158.55,160.78,158.55,159.68,63419241,159.68
2021-03-15,AAPL,159.61,162.9,155.52,159.21,62644289,159.21
2021-03-16,AAPL,160.53,164.22,158.29,161.26,77080393,161.26
2021-03-17,AAPL,156.01,159.42,152.68,156.05,72691602,156.05
2021-03-18,AAPL,155.35,160.19,153.12,156.66,125055813,156.66
2021-03-19,AAPL,158.4,161.14,155.93,158.53,86193356,158.53
2021-03-22,AAPL,154.51,157.49,152.73,155.11,59702502,155.11
2021-03-23,AAPL,158.86,159.99,155.7,157.84,170409252,157.84
2021-03-24,AAPL,157.29,160.5,156.9,158.7,81593529,158.7
2021-03-25,AAPL,157.51,159.93,155.61,157.77,108805567,157.77
2021-03-26,AAPL,159.19,162.59,156.06,159.33,62723490,159.33
2021-03-29,AAPL,165.65,167.71,162.09,164.9,92505942,164.9
2021-03-30,AAPL,165.66,169.19,161.63,165.41,90601487,165.41
2021-03-31,AAPL,166.64,168.39,163.78,166.08,37568536,166.08
2021-04-01,AAPL,165.91,167.83,162.17,165.0,179134456,165.0
2021-04-02,AAPL,164.14,165.84,160.09,162.96,134059592,162.96
2021-04-05,AAPL,164.45,167.84,162.28,165.06,68248025,165.06
2021-04-06,AAPL,163.13,166.12,159.9,163.01,51476157,163.01
2021-04-07,AAPL,164.35,164.83,161.65,163.24,91932193,163.24
2021-04-08,AAPL,163.72,164.6,159.66,162.13,82822992,162.13
2021-04-09,AAPL,164.63,164.63,162.2,163.35,92230807,163.35
2021-04-12,AAPL,163.81,166.31,162.14,164.23,86371485,164.23
2021-04-13,AAPL,165.84,169.32,164.4,166.86,97956453,166.86
2021-04-14,AAPL,165.61,168.63,162.66,165.64,142729169,165.64
2021-04-15,AAPL,165.83,168.99,161.07,165.03,100410613,165.03
2021-04-16,AAPL,162.66,165.45,159.91,162.68,52570989,162.68
2021-04-19,AAPL,161.6,164.87,158.44,161.66,137972139,161.66
2021-04-20,AAPL,163.73,165.09,160.17,162.63,154203392,162.63
2021-04-21,AAPL,164.08,167.45,161.63,164.54,282265841,164.54
2021-04-22,AAPL,163.5,163.5,161.29,162.33,51040989,162.33
2021-04-23,AAPL,164.21,166.18,162.86,164.52,88162300,164.52
2021-04-26,AAPL,167.38,170.01,165.9,167.96,34785031,167.96
2021-04-27,AAPL,168.9,171.5,166.62,169.06,99811788,169.06
2021-04-28,AAPL,174.86,174.97,172.92,173.95,64247737,173.95
2021-04-29,AAPL,170.71,173.34,170.65,172.0,172673918,172.0
2021-04-30,AAPL,167.85,170.65,167.09,168.87,58684793,168.87
2021-05-03,AAPL,165.97,168.5,160.46,164.48,40705101,164.48
2021-05-04,AAPL,167.18,170.23,166.31,168.27,66255676,168.27
2021-05-05,AAPL,170.22,172.48,167.5,169.99,36300500,169.99
2021-05-06,AAPL,170.17,171.42,168.39,169.9,108036206,169.9
2021-05-07,AAPL,170.64,173.61,167.74,170.68,35022594,170.68
2021-05-10,AAPL,168.36,169.66,166.09,167.88,80915845,167.88
2021-05-11,AAPL,173.27,175.8,172.62,174.21,34844730,174.21
2021-05-12,AAPL,174.79,177.28,171.93,174.6,70379886,174.6
2021-05-13,AAPL,174.5,175.84,174.06,174.95,154373948,174.95
2021-05-14,AAPL,177.5,177.84,176.01,176.92,92414675,176.92
2021-05-17,AAPL,176.99,179.94,176.59,178.27,56635114,178.27
2021-05-18,AAPL,179.18,179.95,177.9,178.93,79007693,178.93
2021-05-19,AAPL,175.76,178.14,175.61,176.88,80578622,176.88
2021-05-20,AAPL,177.4,180.29,176.09,178.19,96648315,178.19
2021-05-21,AAPL,182.32,187.22,179.5,183.36,46306543,183.36
2021-05-24,AAPL,185.97,190.23,184.08,187.16,101398017,187.16
2021-05-25,AAPL,193.0,194.67,188.82,191.75,27119959,191.75
2021-05-26,AAPL,189.53,192.42,188.28,190.35,62182450,190.35
2021-05-27,AAPL,189.21,192.04,183.17,187.61,65806399,187.61
2021-05-28,AAPL,189.08,189.74,184.89,187.32,103064743,187.32
2021-05-31,AAPL,187.8,188.8,186.27,187.54,80727474,187.54
2021-06-01,AAPL,189.34,194.01,187.4,190.7,45595152,190.7
2021-06-02,AAPL,185.52,187.34,184.63,185.99,53948472,185.99
2021-06-03,AAPL,191.5,192.63,188.1,190.37,86617219,190.37
2021-06-04,AAPL,189.48,192.86,187.1,189.98,77509437,189.98
2021-06-07,AAPL,187.27,193.08,184.59,188.83,63457918,188.83
2021-06-08,AAPL,186.26,188.82,183.28,186.05,66002532,186.05
2021-06-09,AAPL,182.8,185.01,178.09,181.55,105688261,181.55
2021-06-10,AAPL,184.95,188.44,179.3,183.87,65036562,183.87
2021-06-11,AAPL,182.93,185.54,182.73,184.13,77230166,184.13
2021-06-14,AAPL,181.29,182.56,178.77,180.66,190566510,180.66
2021-06-15,AAPL,176.26,179.53,174.96,177.25,45265881,177.25
2021-06-16,AAPL,175.42,178.79,174.05,176.42,38140989,176.42
2021-06-17,AAPL,182.3,183.34,178.56,180.95,109449417,180.95
2021-06-18,AAPL,179.41,184.48,176.13,180.31,60981431,180.31
2021-06-21,AAPL,175.51,179.75,172.95,176.35,70437910,176.35
2021-06-22,AAPL,174.0,178.77,172.74,175.76,58531442,175.76
2021-06-23,AAPL,176.4,177.06,173.14,175.1,72103787,175.1
2021-06-24,AAPL,169.2,171.83,164.6,168.21,151629778,168.21
2021-06-25,AAPL,168.56,172.19,164.08,168.13,110264058,168.13
2021-06-28,AAPL,168.45,171.2,164.02,167.61,112946701,167.61
2021-06-29,AAPL,168.25,170.28,168.25,169.43,45401076,169.43
2021-06-30,AAPL,174.1,177.34,171.16,174.25,50479390,174.25
2021-07-01,AAPL,176.75,178.35,176.21,177.28,25697537,177.28
2021-07-02,AAPL,175.19,178.42,174.83,176.62,57874351,176.62
2021-07-05,AAPL,173.73,174.85,172.7,173.78,117296850,173.78
2021-07-06,AAPL,182.2,183.76,177.59,180.68,98376823,180.68
2021-07-07,AAPL,179.23,184.29,177.51,180.9,73216538,180.9
2021-07-08,AAPL,180.24,182.32,179.68,181.0,79289564,181.0
2021-07-09,AAPL,179.93,183.29,178.7,180.99,60732101,180.99
2021-07-12,AAPL,180.64,184.16,179.03,181.59,86828090,181.59
2021-07-13,AAPL,182.74,183.5,179.02,181.26,108676757,181.26
2021-07-14,AAPL,179.65,181.1,178.43,179.77,41916180,179.77
2021-07-15,AAPL,178.24,180.75,175.97,178.36,90187037,178.36
2021-07-16,AAPL,179.26,181.9,174.76,178.33,116163720,178.33
2021-07-19,AAPL,175.72,178.08,175.72,176.94,67760980,176.94
2021-07-20,AAPL,175.08,176.28,173.96,175.12,105880053,175.12
2021-07-21,AAPL,175.21,177.58,173.34,175.46,246629796,175.46
2021-07-22,AAPL,175.19,179.02,170.68,174.85,76729750,174.85
2021-07-23,AAPL,180.69,182.19,175.61,178.9,93629869,178.9
2021-07-26,AAPL,172.91,175.18,168.79,171.98,59549255,171.98
2021-07-27,AAPL,174.52,177.02,172.74,174.88,86015464,174.88
2021-07-28,AAPL,179.41,181.25,175.23,178.24,96171714,178.24
2021-07-29,AAPL,171.7,173.74,171.7,172.84,86484358,172.84
2021-07-30,AAPL,170.4,175.06,168.96,172.01,53204794,172.01
2021-08-02,AAPL,170.1,175.1,167.13,171.11,86883778,171.11
2021-08-03,AAPL,167.06,170.49,164.71,167.6,143581814,167.6
2021-08-04,AAPL,165.74,169.43,161.98,165.71,95725138,165.71
2021-08-05,AAPL,163.4,166.2,159.85,163.03,117545031,163.03
2021-08-06,AAPL,168.8,168.8,166.18,167.42,72764037,167.42
2021-08-09,AAPL,169.88,173.76,165.93,169.85,107984395,169.85
2021-08-10,AAPL,173.18,174.27,172.08,173.18,89454826,173.18
2021-08-11,AAPL,173.55,177.87,172.37,175.12,54688986,175.12
2021-08-12,AAPL,170.64,173.59,170.64,172.24,90870465,172.24
2021-08-13,AAPL,171.12,171.84,170.05,170.95,53804008,170.95
2021-08-16,AAPL,172.05,174.58,169.95,172.26,62107982,172.26
2021-08-17,AAPL,170.34,171.04,167.35,169.19,86293817,169.19
2021-08-18,AAPL,169.91,173.59,168.55,171.07,90100376,171.07
2021-08-19,AAPL,168.89,173.33,167.69,170.51,49716339,170.51
2021-08-20,AAPL,169.44,170.61,168.62,169.61,121951197,169.61
2021-08-23,AAPL,170.59,172.77,170.21,171.49,100567500,171.49
2021-08-24,AAPL,171.14,175.49,169.9,172.69,60348449,172.69
2021-08-25,AAPL,172.59,173.86,169.78,171.82,43249804,171.82
2021-08-26,AAPL,173.53,178.32,171.47,174.89,75494877,174.89
2021-08-27,AAPL,172.51,175.24,169.03,172.14,66930123,172.14
2021-08-30,AAPL,173.03,177.6,169.98,173.79,83703669,173.79
2021-08-31,AAPL,174.26,178.71,172.1,175.4,69184715,175.4
2021-09-01,AAPL,174.23,177.03,172.28,174.65,35839258,174.65
2021-09-02,AAPL,176.63,178.81,172.33,175.57,68490007,175.57
2021-09-03,AAPL,171.99,174.17,170.55,172.36,70794335,172.36
2021-09-06,AAPL,175.7,176.77,172.88,174.83,103078521,174.83
2021-09-07,AAPL,173.09,178.02,170.78,174.4,60506256,174.4
2021-09-08,AAPL,174.04,175.51,170.69,173.1,156568952,173.1
2021-09-09,AAPL,174.98,179.59,172.21,175.9,37239514,175.9
2021-09-10,AAPL,174.73,177.85,170.38,174.11,135164645,174.11
2021-09-13,AAPL,170.75,174.31,166.75,170.53,73134414,170.53
2021-09-14,AAPL,168.08,170.54,162.76,166.65,112827554,166.65
2021-09-15,AAPL,167.85,170.52,165.94,168.23,82594841,168.23
2021-09-16,AAPL,163.65,166.96,163.21,165.08,126197589,165.08
2021-09-17,AAPL,167.91,172.37,166.72,169.54,68516997,169.54
2021-09-20,AAPL,165.46,166.43,162.34,164.39,51551353,164.39
2021-09-21,AAPL,168.76,171.55,165.81,168.68,141207204,168.68
2021-09-22,AAPL,170.2,172.51,166.04,169.27,76449804,169.27
2021-09-23,AAPL,168.19,172.26,165.91,169.08,87413525,169.08
2021-09-24,AAPL,167.24,169.86,165.67,167.76,131095675,167.76
2021-09-27,AAPL,167.24,170.24,167.24,168.83,52944518,168.83
2021-09-28,AAPL,170.35,171.09,166.49,168.79,101516667,168.79
2021-09-29,AAPL,172.24,173.01,170.32,171.66,63185113,171.66
2021-09-30,AAPL,173.51,175.94,168.09,172.02,75880436,172.02
2021-10-01,AAPL,171.65,174.52,170.41,172.46,82346686,172.46
2021-10-04,AAPL,171.97,172.97,170.2,171.58,43901034,171.58
2021-10-05,AAPL,172.11,172.44,170.55,171.49,58585769,171.49
2021-10-06,AAPL,171.72,175.43,169.26,172.35,137339476,172.35
2021-10-07,AAPL,169.21,171.02,165.06,168.04,114034736,168.04
2021-10-08,AAPL,166.2,166.68,162.78,164.73,78020436,164.73
2021-10-11,AAPL,167.92,167.92,165.56,166.63,88170815,166.63
2021-10-12,AAPL,167.92,169.32,164.91,167.12,71117229,167.12
2021-10-13,AAPL,165.97,168.58,164.84,166.71,137642533,166.71
2021-10-14,AAPL,166.09,169.91,163.72,166.81,73838893,166.81
2021-10-15,AAPL,169.3,170.61,164.87,167.74,87773836,167.74
2021-10-18,AAPL,164.82,168.49,164.4,166.45,126524845,166.45
2021-10-19,AAPL,165.28,166.11,163.03,164.57,58620123,164.57
2021-10-20,AAPL,165.79,169.2,161.02,165.11,149237994,165.11
2021-10-21,AAPL,163.16,165.05,160.47,162.76,43373214,162.76
2021-10-22,AAPL,165.42,166.89,160.74,163.82,153528080,163.82
2021-10-25,AAPL,159.14,160.99,158.49,159.74,68920688,159.74
2021-10-26,AAPL,161.76,164.67,159.89,162.28,72598708,162.28
2021-10-27,AAPL,162.11,164.4,162.11,163.49,37563114,163.49
2021-10-28,AAPL,163.98,166.65,161.69,164.17,66693583,164.17
2021-10-29,AAPL,165.87,170.71,162.62,166.67,52778505,166.67
2021-11-01,AAPL,170.4,173.11,168.77,170.94,62738048,170.94
2021-11-02,AAPL,174.78,174.78,172.62,173.62,75724537,173.62
2021-11-03,AAPL,170.42,170.42,168.0,168.95,117347929,168.95
2021-11-04,AAPL,164.75,167.91,163.68,165.79,86926938,165.79
2021-11-05,AAPL,163.88,165.65,162.95,164.3,90477146,164.3
2021-11-08,AAPL,165.83,165.83,163.52,164.42,51615338,164.42
2021-11-09,AAPL,164.31,169.09,162.42,165.76,56245441,165.76
2021-11-10,AAPL,162.68,166.34,161.69,164.02,164270858,164.02
2021-11-11,AAPL,163.43,166.31,162.76,164.53,59617325,164.53
2021-11-12,AAPL,163.05,166.48,158.99,162.74,155168238,162.74
2021-11-15,AAPL,160.18,162.49,160.12,161.3,72588184,161.3
2021-11-16,AAPL,159.47,161.8,154.18,157.99,80073247,157.99
2021-11-17,AAPL,155.7,157.63,154.11,155.87,122752814,155.87
2021-11-18,AAPL,152.8,156.27,149.31,152.79,133057797,152.79
2021-11-19,AAPL,149.86,153.19,148.05,150.62,76531437,150.62
2021-11-22,AAPL,152.99,156.37,149.78,153.07,68492853,153.07
2021-11-23,AAPL,151.45,154.69,147.23,150.96,78230410,150.96
2021-11-24,AAPL,157.88,158.79,155.4,157.09,91579701,157.09
2021-11-25,AAPL,159.12,162.15,154.48,158.31,114268176,158.31
2021-11-26,AAPL,159.05,160.84,156.78,158.81,80135470,158.81
2021-11-29,AAPL,158.1,158.82,154.84,156.83,102471135,156.83
2021-11-30,AAPL,159.54,160.41,156.67,158.54,154064373,158.54
2021-12-01,AAPL,158.04,159.72,154.74,157.23,93181618,157.23
2021-12-02,AAPL,156.17,158.84,156.17,157.57,90621163,157.57
2021-12-03,AAPL,162.18,166.43,161.16,163.79,43574072,163.79
2021-12-06,AAPL,162.67,166.2,161.02,163.61,27930927,163.61
2021-12-07,AAPL,167.06,169.88,163.14,166.51,93445364,166.51
2021-12-08,AAPL,164.53,168.39,161.25,164.82,77022450,164.82
2021-12-09,AAPL,164.47,167.07,162.52,164.79,65112306,164.79
2021-12-10,AAPL,170.59,171.15,167.41,169.28,88185161,169.28
2021-12-13,AAPL,169.08,169.47,166.05,167.76,78090244,167.76
2021-12-14,AAPL,173.85,173.97,170.9,172.44,125604582,172.44
2021-12-15,AAPL,173.69,175.41,173.26,174.34,82803553,174.34
2021-12-16,AAPL,173.59,174.98,170.88,172.93,59338439,172.93
2021-12-17,AAPL,173.84,176.45,172.82,174.64,118877449,174.64
2021-12-20,AAPL,176.17,181.58,172.95,177.26,73344990,177.26
2021-12-21,AAPL,177.86,181.88,176.09,178.99,98754928,178.99
2021-12-22,AAPL,174.33,176.97,172.79,174.88,66092967,174.88
2021-12-23,AAPL,172.8,175.91,170.17,173.04,61688398,173.04
2021-12-24,AAPL,173.6,173.8,171.11,172.46,82739235,172.46
2021-12-27,AAPL,171.01,174.71,169.93,172.32,80411571,172.32
2021-12-28,AAPL,174.81,177.04,170.94,173.99,96926935,173.99
2021-12-29,AAPL,174.63,177.09,171.94,174.52,71849117,174.52
2021-12-30,AAPL,170.39,173.34,168.88,171.11,38377936,171.11
2021-12-31,AAPL,172.12,176.43,167.87,172.15,67283637,172.15
2022-01-03,AAPL,173.1,177.72,169.86,173.79,109898149,173.79
2022-01-04,AAPL,175.65,178.38,172.25,175.32,71028144,175.32
2022-01-05,AAPL,178.01,181.16,175.32,178.24,72491787,178.24
2022-01-06,AAPL,179.33,183.69,177.4,180.55,118697380,180.55
2022-01-07,AAPL,180.46,183.5,180.21,181.86,60173818,181.86
2022-01-10,AAPL,181.9,184.07,179.38,181.73,43159620,181.73
2022-01-11,AAPL,178.74,178.74,176.29,177.31,75021458,177.31
2022-01-12,AAPL,177.96,181.11,175.93,178.52,65914408,178.52
2022-01-13,AAPL,179.97,181.98,176.3,179.14,54354538,179.14
2022-01-14,AAPL,180.5,181.65,178.21,179.93,74580214,179.93
2022-01-17,AAPL,178.1,180.86,172.29,176.58,97380783,176.58
2022-01-18,AAPL,174.91,177.83,169.76,173.8,79703317,173.8
2022-01-19,AAPL,176.86,180.06,173.19,176.62,90451976,176.62
2022-01-20,AAPL,177.13,179.34,173.81,176.58,165238471,176.58
2022-01-21,AAPL,179.87,182.45,174.45,178.45,69747047,178.45
2022-01-24,AAPL,178.23,179.95,177.23,178.59,89421942,178.59
2022-01-25,AAPL,178.11,182.45,175.01,178.73,65257520,178.73
2022-01-26,AAPL,179.55,182.68,179.55,181.32,57024599,181.32
2022-01-27,AAPL,181.16,183.74,176.23,179.98,63311283,179.98
2022-01-28,AAPL,181.39,182.2,178.41,180.3,66057343,180.3
2022-01-31,AAPL,177.7,183.16,175.08,179.12,92371358,179.12
2022-02-01,AAPL,178.29,182.27,173.76,178.02,204722816,178.02
2022-02-02,AAPL,177.12,178.67,175.84,177.25,60075929,177.25
2022-02-03,AAPL,176.55,180.44,175.37,177.9,67719658,177.9
2022-02-04,AAPL,178.39,181.04,172.34,176.69,78005351,176.69
2022-02-07,AAPL,179.08,182.75,177.47,180.11,93723239,180.11
2022-02-08,AAPL,176.23,181.73,173.81,177.77,88894205,177.77
2022-02-09,AAPL,177.67,180.31,174.36,177.33,133708887,177.33
2022-02-10,AAPL,177.07,178.43,174.02,176.23,30309761,176.23
2022-02-11,AAPL,178.47,182.08,178.22,180.15,30791992,180.15
2022-02-14,AAPL,181.32,182.38,179.11,180.75,65606538,180.75
2022-02-15,AAPL,183.75,187.34,179.91,183.63,124082505,183.63
2022-02-16,AAPL,178.22,181.93,177.35,179.64,42767027,179.64
2022-02-17,AAPL,179.24,183.17,177.68,180.42,24022086,180.42
2022-02-18,AAPL,183.16,185.62,180.19,182.91,100534243,182.91
2022-02-21,AAPL,182.45,186.23,180.17,183.2,88189642,183.2
2022-02-22,AAPL,187.84,190.37,182.06,186.21,51725105,186.21
2022-02-23,AAPL,186.01,189.38,180.28,184.83,53936681,184.83
2022-02-24,AAPL,190.67,191.33,186.36,188.85,54278551,188.85
2022-02-25,AAPL,194.6,199.75,191.32,195.54,83616491,195.54
2022-02-28,AAPL,196.37,198.49,190.6,194.54,62271292,194.54
2022-03-01,AAPL,193.05,196.5,190.13,193.31,97480484,193.31
2022-03-02,AAPL,197.04,202.41,192.87,197.64,25538215,197.64
2022-03-03,AAPL,200.63,204.27,200.62,202.45,56785776,202.45
2022-03-04,AAPL,199.14,202.38,199.14,200.93,50988751,200.93
2022-03-07,AAPL,200.51,204.15,195.33,199.74,72203633,199.74
2022-03-08,AAPL,198.8,201.7,196.22,198.96,64509179,198.96
2022-03-09,AAPL,193.99,199.34,190.78,195.06,110075241,195.06
2022-03-10,AAPL,192.89,196.85,188.05,192.45,38026828,192.45
2022-03-11,AAPL,188.7,190.82,188.45,189.64,81469052,189.64
2022-03-14,AAPL,187.82,191.78,183.28,187.53,100019103,187.53
2022-03-15,AAPL,186.97,190.11,184.88,187.5,168121277,187.5
2022-03-16,AAPL,189.44,191.08,185.36,188.22,65977926,188.22
2022-03-17,AAPL,193.95,196.09,189.33,192.71,91086542,192.71
2022-03-18,AAPL,189.83,194.38,185.44,189.91,38880059,189.91
2022-03-21,AAPL,192.23,193.84,191.77,192.8,30730146,192.8
2022-03-22,AAPL,191.72,195.04,189.46,192.25,112161117,192.25
2022-03-23,AAPL,193.35,195.78,188.57,192.17,79822268,192.17
2022-03-24,AAPL,193.53,197.97,190.42,194.19,128179510,194.19
2022-03-25,AAPL,189.9,194.62,187.41,191.01,46185480,191.01
2022-03-28,AAPL,190.58,193.66,190.58,192.18,98493198,192.18
2022-03-29,AAPL,192.6,194.84,190.61,192.72,168941714,192.72
2022-03-30,AAPL,194.15,196.58,191.85,194.22,94623785,194.22
2022-03-31,AAPL,196.46,199.24,191.01,195.13,89358756,195.13
2022-04-01,AAPL,201.39,204.66,200.38,202.52,80274263,202.52
2022-04-04,AAPL,200.18,202.51,198.81,200.66,42677593,200.66
2022-04-05,AAPL,200.36,203.94,194.32,199.13,137586912,199.13
2022-04-06,AAPL,198.62,198.62,196.32,197.35,62657512,197.35
2022-04-07,AAPL,195.32,200.66,190.89,195.77,97887605,195.77
2022-04-08,AAPL,193.82,197.57,190.38,193.98,42811763,193.98
2022-04-11,AAPL,196.76,201.79,193.27,197.53,49911067,197.53
2022-04-12,AAPL,203.6,204.06,199.66,201.86,142033308,201.86
2022-04-13,AAPL,198.68,201.26,198.68,200.2,69623748,200.2
2022-04-14,AAPL,199.5,201.69,193.88,197.79,143070401,197.79
2022-04-15,AAPL,199.99,203.58,194.94,199.26,77535381,199.26
2022-04-18,AAPL,197.8,201.6,193.76,197.68,38293015,197.68
2022-04-19,AAPL,197.77,201.2,197.77,199.63,114303098,199.63
2022-04-20,AAPL,200.21,204.33,196.29,200.31,63185175,200.31
2022-04-21,AAPL,195.51,199.86,191.88,195.87,105794883,195.87
2022-04-22,AAPL,199.18,204.18,196.9,200.54,80810829,200.54
2022-04-25,AAPL,206.73,210.27,201.9,206.08,43154182,206.08
2022-04-26,AAPL,206.19,208.75,199.79,204.27,85434033,204.27
2022-04-27,AAPL,203.4,206.66,199.64,203.15,192580816,203.15
2022-04-28,AAPL,204.97,205.48,202.71,204.09,97438481,204.09
2022-04-29,AAPL,203.42,208.22,202.16,205.19,78180443,205.19
2022-05-02,AAPL,206.96,208.66,205.94,207.3,122997495,207.3
2022-05-03,AAPL,212.07,216.53,210.9,213.71,87033579,213.71
2022-05-04,AAPL,213.7,216.02,210.42,213.22,86994102,213.22
2022-05-05,AAPL,212.6,212.6,209.42,210.75,51695801,210.75
2022-05-06,AAPL,207.18,208.98,204.03,206.51,87844292,206.51
2022-05-09,AAPL,202.6,205.8,202.6,204.32,121050038,204.32
2022-05-10,AAPL,203.7,208.62,199.97,204.29,57259969,204.29
2022-05-11,AAPL,210.15,214.97,204.91,209.94,141432838,209.94
2022-05-12,AAPL,207.98,209.73,207.04,208.38,77118579,208.38
2022-05-13,AAPL,210.55,214.2,204.11,209.15,56087828,209.15
2022-05-16,AAPL,210.49,212.41,205.94,209.17,119232988,209.17
2022-05-17,AAPL,213.48,215.35,210.67,213.01,71329425,213.01
2022-05-18,AAPL,220.75,222.76,219.86,221.31,108400487,221.31
2022-05-19,AAPL,218.56,222.93,216.33,219.63,71187922,219.63
2022-05-20,AAPL,216.38,222.65,213.54,218.1,78108288,218.1
2022-05-23,AAPL,220.97,225.86,217.37,221.61,97460845,221.61
2022-05-24,AAPL,223.58,225.31,222.62,223.97,89871912,223.97
2022-05-25,AAPL,231.15,231.82,228.85,230.34,36010620,230.34
2022-05-26,AAPL,233.18,235.48,229.41,232.44,51086952,232.44
2022-05-27,AAPL,229.28,233.79,228.75,231.27,116023253,231.27
2022-05-30,AAPL,232.92,235.66,231.16,233.41,75881430,233.41
2022-05-31,AAPL,235.89,239.92,234.88,237.4,64879656,237.4
2022-06-01,AAPL,238.77,245.49,235.36,240.42,46460246,240.42
2022-06-02,AAPL,243.93,248.06,236.63,242.34,51942228,242.34
2022-06-03,AAPL,244.08,249.56,243.11,246.33,35634247,246.33
2022-06-06,AAPL,250.37,256.57,244.98,250.78,76823789,250.78
2022-06-07,AAPL,254.42,259.04,253.19,256.12,62969570,256.12
2022-06-08,AAPL,260.67,262.47,254.95,258.71,54347112,258.71
2022-06-09,AAPL,258.44,260.6,255.69,258.15,77849483,258.15
2022-06-10,AAPL,257.41,263.41,254.19,258.8,92537585,258.8
2022-06-13,AAPL,263.63,270.1,257.14,263.62,184805848,263.62
2022-06-14,AAPL,261.7,264.94,256.05,260.5,43696729,260.5
2022-06-15,AAPL,264.43,265.21,258.84,262.03,127202340,262.03
2022-06-16,AAPL,259.12,265.25,255.9,260.57,118068770,260.57
2022-06-17,AAPL,262.79,262.79,258.83,260.78,58579777,260.78
2022-06-20,AAPL,268.22,271.97,259.86,265.91,86775213,265.91
2022-06-21,AAPL,268.99,270.79,262.75,266.77,66617901,266.77
2022-06-22,AAPL,267.77,270.78,263.31,267.04,86168274,267.04
2022-06-23,AAPL,262.42,266.12,257.36,261.74,146302886,261.74
2022-06-24,AAPL,264.26,269.41,260.14,264.78,101928249,264.78
2022-06-27,AAPL,268.79,269.16,265.72,267.44,98049257,267.44
2022-06-28,AAPL,276.53,281.51,271.2,276.36,67350000,276.36
2022-06-29,AAPL,276.15,277.88,272.47,275.18,44185822,275.18
2022-06-30,AAPL,275.78,281.5,270.85,276.17,73599582,276.17
2022-07-01,AAPL,278.59,283.25,271.36,277.3,129628140,277.3
2022-07-04,AAPL,285.88,290.03,278.05,284.04,43430392,284.04
2022-07-05,AAPL,281.72,288.28,279.18,283.73,52456847,283.73
2022-07-06,AAPL,286.91,289.41,280.62,285.02,84144346,285.02
2022-07-07,AAPL,287.95,289.98,285.46,287.72,53955774,287.72
2022-07-08,AAPL,290.62,294.55,282.71,288.63,58265913,288.63
2022-07-11,AAPL,286.4,289.79,283.81,286.8,67531030,286.8
2022-07-12,AAPL,287.03,292.03,283.43,287.73,46329535,287.73
2022-07-13,AAPL,294.93,295.63,289.38,292.5,54183579,292.5
2022-07-14,AAPL,286.69,290.34,285.92,288.13,105995623,288.13
2022-07-15,AAPL,290.79,293.88,283.72,288.8,47421642,288.8
2022-07-18,AAPL,285.79,287.62,284.14,285.88,42219313,285.88
2022-07-19,AAPL,291.23,296.96,285.33,291.15,62178957,291.15
2022-07-20,AAPL,283.58,287.9,281.44,284.67,107212070,284.67
2022-07-21,AAPL,282.8,283.8,280.97,282.39,73940292,282.39
2022-07-22,AAPL,283.09,288.41,279.76,284.09,66433018,284.09
2022-07-25,AAPL,288.25,292.66,288.25,290.93,81432149,290.93
2022-07-26,AAPL,289.42,293.81,287.69,290.75,39795094,290.75
2022-07-27,AAPL,285.58,293.95,282.91,288.43,97505510,288.43
2022-07-28,AAPL,299.63,299.63,294.93,296.79,93260872,296.79
2022-07-29,AAPL,293.21,296.84,284.18,290.51,67918146,290.51
2022-08-01,AAPL,280.59,282.6,279.75,281.18,119629137,281.18
2022-08-02,AAPL,284.43,285.95,280.32,283.13,50959346,283.13
2022-08-03,AAPL,280.24,286.68,275.53,281.11,125611050,281.11
2022-08-04,AAPL,277.87,280.06,273.79,276.93,85099750,276.93
2022-08-05,AAPL,281.69,281.95,278.01,279.98,69923766,279.98
2022-08-08,AAPL,283.61,284.53,277.67,281.1,79366564,281.1
2022-08-09,AAPL,278.27,281.73,275.92,278.82,76640122,278.82
2022-08-10,AAPL,275.16,279.59,267.63,273.61,130339136,273.61
2022-08-11,AAPL,276.01,280.44,274.19,277.31,52005786,277.31
2022-08-12,AAPL,282.87,285.94,274.3,280.12,58969416,280.12
2022-08-15,AAPL,277.15,286.19,273.41,279.8,121091661,279.8
2022-08-16,AAPL,288.35,291.69,283.82,287.76,63042724,287.76
2022-08-17,AAPL,284.17,289.84,276.7,283.27,114690806,283.27
2022-08-18,AAPL,278.0,280.43,273.48,276.96,157874596,276.96
2022-08-19,AAPL,272.11,280.85,267.53,274.19,68122572,274.19
2022-08-22,AAPL,276.5,276.5,272.23,274.09,105064197,274.09
2022-08-23,AAPL,273.43,280.35,270.03,275.19,50428158,275.19
2022-08-24,AAPL,274.96,278.37,270.21,274.29,108193355,274.29
2022-08-25,AAPL,274.3,279.35,272.32,275.83,86643000,275.83
2022-08-26,AAPL,269.75,275.58,266.01,270.79,96664086,270.79
2022-08-29,AAPL,277.07,282.1,271.54,276.82,61793476,276.82
2022-08-30,AAPL,276.11,277.98,275.16,276.57,41165201,276.57
2022-08-31,AAPL,279.43,283.68,278.99,281.34,97839409,281.34
2022-09-01,AAPL,281.02,288.33,277.43,282.88,35046136,282.88
2022-09-02,AAPL,284.46,290.15,279.7,284.92,70462907,284.92
2022-09-05,AAPL,288.95,294.46,280.48,287.47,116570866,287.47
2022-09-06,AAPL,291.81,295.36,283.65,289.5,86382553,289.5
2022-09-07,AAPL,289.97,299.43,285.38,292.4,174402124,292.4
2022-09-08,AAPL,297.76,304.08,292.71,298.39,120550686,298.39
2022-09-09,AAPL,296.98,302.66,296.09,299.38,61588014,299.38
2022-09-12,AAPL,299.75,304.83,299.75,302.68,80878820,302.68
2022-09-13,AAPL,303.35,308.61,296.13,302.37,78498408,302.37
2022-09-14,AAPL,309.71,314.61,303.55,309.08,42485206,309.08
2022-09-15,AAPL,304.0,307.89,304.0,306.06,54919422,306.06
2022-09-16,AAPL,312.88,318.39,310.71,314.55,63925751,314.55
2022-09-19,AAPL,311.47,322.06,306.88,314.47,35429274,314.47
2022-09-20,AAPL,309.96,312.52,303.27,307.89,81534318,307.89
2022-09-21,AAPL,311.52,312.8,304.38,308.59,72413872,308.59
2022-09-22,AAPL,303.33,309.88,301.23,305.56,40971187,305.56
2022-09-23,AAPL,307.88,312.38,306.7,309.54,94039206,309.54
2022-09-26,AAPL,308.89,310.42,302.83,306.63,106524577,306.63
2022-09-27,AAPL,307.28,308.46,300.91,304.68,87605206,304.68
2022-09-28,AAPL,295.79,298.06,294.48,296.27,70273822,296.27
2022-09-29,AAPL,291.72,300.36,288.38,294.37,101352394,294.37
2022-09-30,AAPL,281.34,287.74,280.17,283.95,105016216,283.95
2022-10-03,AAPL,277.79,283.33,271.43,277.38,90467264,277.38
2022-10-04,AAPL,280.05,286.83,274.48,280.66,57522819,280.66
2022-10-05,AAPL,281.4,286.7,281.4,284.08,89359444,284.08
2022-10-06,AAPL,286.47,291.18,280.8,285.99,129052447,285.99
2022-10-07,AAPL,279.21,286.04,277.9,281.97,63015139,281.97
2022-10-10,AAPL,283.48,288.24,275.49,281.86,185156677,281.86
2022-10-11,AAPL,280.85,284.57,279.32,281.94,64830376,281.94
2022-10-12,AAPL,274.63,282.32,272.04,277.18,81043774,277.18
2022-10-13,AAPL,284.1,288.46,278.73,283.6,61131812,283.6
2022-10-14,AAPL,286.86,290.59,284.32,287.45,87473419,287.45
2022-10-17,AAPL,289.31,289.31,284.38,286.6,39850619,286.6
2022-10-18,AAPL,287.06,291.98,281.64,286.81,64303233,286.81
2022-10-19,AAPL,286.51,293.5,282.11,287.81,51685545,287.81
2022-10-20,AAPL,280.39,282.38,276.06,279.22,84450196,279.22
2022-10-21,AAPL,277.01,283.26,273.3,278.28,119081196,278.28
2022-10-24,AAPL,277.77,279.1,271.98,275.54,103588788,275.54
2022-10-25,AAPL,270.84,276.75,266.29,271.52,30980652,271.52
2022-10-26,AAPL,270.74,272.9,268.04,270.47,181064712,270.47
2022-10-27,AAPL,275.46,284.3,271.62,277.96,90029609,277.96
2022-10-28,AAPL,280.32,283.75,277.72,280.74,58640581,280.74
2022-10-31,AAPL,280.29,281.88,275.0,278.44,85189467,278.44
2022-11-01,AAPL,282.65,282.66,279.2,280.93,85841499,280.93
2022-11-02,AAPL,285.41,289.06,284.91,286.99,61269805,286.99
2022-11-03,AAPL,289.5,295.55,286.64,291.1,86590776,291.1
2022-11-04,AAPL,293.3,294.47,288.44,291.45,62742416,291.45
2022-11-07,AAPL,291.22,295.01,282.47,288.74,68052661,288.74
2022-11-08,AAPL,289.51,293.42,289.51,291.88,60795451,291.88
2022-11-09,AAPL,293.41,297.4,290.01,293.7,45103421,293.7
2022-11-10,AAPL,296.81,301.27,294.28,297.77,84805569,297.77
2022-11-11,AAPL,302.95,302.95,299.11,300.73,101103668,300.73
2022-11-14,AAPL,303.05,307.89,303.05,305.6,98295679,305.6
2022-11-15,AAPL,301.51,307.28,299.23,303.26,111051797,303.26
2022-11-16,AAPL,310.98,314.01,304.82,309.42,91082229,309.42
2022-11-17,AAPL,307.65,314.5,306.38,310.44,64646659,310.44
2022-11-18,AAPL,320.31,325.37,315.36,320.36,111932071,320.36
2022-11-21,AAPL,316.81,322.54,311.81,317.17,46479884,317.17
2022-11-22,AAPL,324.57,327.35,323.96,325.65,55799119,325.65
2022-11-23,AAPL,326.04,331.4,322.06,326.73,54399045,326.73
2022-11-24,AAPL,323.86,331.52,315.81,323.66,123229572,323.66
2022-11-25,AAPL,319.25,326.37,316.49,321.43,116645805,321.43
2022-11-28,AAPL,320.46,325.93,314.06,320.0,97217304,320.0
2022-11-29,AAPL,324.12,325.77,318.53,322.15,122829667,322.15
2022-11-30,AAPL,326.48,331.45,318.14,324.79,56278553,324.79
2022-12-01,AAPL,319.89,328.71,315.53,322.12,91970206,322.12
2022-12-02,AAPL,319.85,327.08,317.14,322.11,76093044,322.11
2022-12-05,AAPL,331.2,340.9,324.58,332.74,112255719,332.74
2022-12-06,AAPL,340.64,344.16,339.03,341.59,76396504,341.59
2022-12-07,AAPL,343.32,345.79,342.12,343.95,68583328,343.95
2022-12-08,AAPL,345.5,351.29,337.24,344.26,99324278,344.26
2022-12-09,AAPL,341.94,352.3,337.71,345.0,113578508,345.0
2022-12-12,AAPL,345.07,350.89,345.07,348.31,61233140,348.31
2022-12-13,AAPL,342.38,346.66,339.58,343.12,78069258,343.12
2022-12-14,AAPL,343.26,343.74,340.09,341.91,52386576,341.91
2022-12-15,AAPL,331.53,337.2,329.95,333.58,29453190,333.58
2022-12-16,AAPL,336.64,342.56,328.82,335.69,86678900,335.69
2022-12-19,AAPL,337.45,344.29,333.87,339.08,102062847,339.08
2022-12-20,AAPL,339.35,340.77,332.72,336.75,88841453,336.75
2022-12-21,AAPL,347.64,349.2,340.62,344.91,36678910,344.91
2022-12-22,AAPL,337.37,340.44,337.04,338.74,69525032,338.74
2022-12-23,AAPL,329.7,335.14,327.85,331.49,32939993,331.49
2022-12-26,AAPL,332.13,338.69,326.76,332.72,138366654,332.72
2022-12-27,AAPL,336.35,346.38,329.82,338.1,51811120,338.1
2022-12-28,AAPL,348.06,354.48,339.26,346.87,132183099,346.87
2022-12-29,AAPL,346.85,346.85,342.72,344.61,116789654,344.61
2022-12-30,AAPL,351.56,358.39,342.3,350.34,55800927,350.34
2023-01-02,AAPL,352.53,357.5,343.02,350.26,50851654,350.26
2023-01-03,AAPL,348.75,356.67,342.27,349.47,92035532,349.47
2023-01-04,AAPL,351.82,359.27,349.24,354.26,57071052,354.26
2023-01-05,AAPL,359.56,362.5,353.22,357.86,83347656,357.86
2023-01-06,AAPL,348.64,353.48,345.75,349.61,65949915,349.61
2023-01-09,AAPL,358.79,359.82,355.31,357.57,39234767,357.57
2023-01-10,AAPL,363.49,368.66,361.67,365.17,32780683,365.17
2023-01-11,AAPL,358.85,365.47,358.29,361.88,87592934,361.88
2023-01-12,AAPL,367.74,369.5,358.81,364.16,63905378,364.16
2023-01-13,AAPL,364.47,374.31,359.67,366.99,64122204,366.99
2023-01-16,AAPL,372.15,373.89,363.22,368.55,105675404,368.55
2023-01-17,AAPL,369.14,369.14,363.39,365.65,127919805,365.65
2023-01-18,AAPL,364.23,370.85,353.36,362.1,71737150,362.1
2023-01-19,AAPL,363.24,370.72,353.45,362.09,69810690,362.09
2023-01-20,AAPL,369.21,376.27,361.0,368.64,97717811,368.64
2023-01-23,AAPL,374.5,381.01,362.55,371.78,46490705,371.78
2023-01-24,AAPL,368.29,375.72,363.97,369.84,87469298,369.84
2023-01-25,AAPL,374.03,383.35,365.2,374.28,99761368,374.28
2023-01-26,AAPL,359.6,361.08,356.41,358.74,105016629,358.74
2023-01-27,AAPL,364.45,369.6,360.6,365.1,36867321,365.1
2023-01-30,AAPL,355.3,359.2,352.43,355.82,58996877,355.82
2023-01-31,AAPL,352.8,357.16,350.85,354.01,56301508,354.01
2023-02-01,AAPL,348.67,350.95,345.51,348.23,83261096,348.23
2023-02-02,AAPL,344.04,347.61,335.68,341.65,96962515,341.65
2023-02-03,AAPL,345.69,354.94,340.59,347.76,145577821,347.76
2023-02-06,AAPL,348.45,351.17,339.73,345.45,65630494,345.45
2023-02-07,AAPL,348.68,350.12,344.61,347.37,65562090,347.37
2023-02-08,AAPL,349.48,354.61,339.87,347.24,126709294,347.24
2023-02-09,AAPL,350.24,356.05,343.65,349.85,90076328,349.85
2023-02-10,AAPL,352.33,354.84,345.9,350.37,132832274,350.37
2023-02-13,AAPL,340.48,350.16,337.46,343.81,89793971,343.81
2023-02-14,AAPL,351.33,352.66,345.54,349.1,50359132,349.1
2023-02-15,AAPL,343.46,350.77,342.52,346.65,46935545,346.65
2023-02-16,AAPL,341.4,346.67,330.85,338.76,43009530,338.76
2023-02-17,AAPL,340.02,340.34,333.06,336.7,104255786,336.7
2023-02-20,AAPL,343.07,349.45,339.53,344.49,128697586,344.49
2023-02-21,AAPL,347.0,356.98,341.07,349.03,167632065,349.03
2023-02-22,AAPL,349.17,353.98,340.67,347.32,112086261,347.32
2023-02-23,AAPL,343.92,347.78,343.47,345.62,127378384,345.62
2023-02-24,AAPL,346.59,346.81,341.34,344.08,63435275,344.08
2023-02-27,AAPL,352.26,356.91,352.26,355.08,50373251,355.08
2023-02-28,AAPL,354.57,363.54,350.95,357.24,112399373,357.24
2023-03-01,AAPL,363.12,364.7,354.66,359.68,94547176,359.68
2023-03-02,AAPL,366.67,368.21,362.59,365.4,83513173,365.4
2023-03-03,AAPL,369.38,375.7,357.98,366.84,93407834,366.84
2023-03-06,AAPL,364.25,371.24,359.84,365.54,91040169,365.54
2023-03-07,AAPL,365.87,368.17,361.0,364.59,133693969,364.59
2023-03-08,AAPL,365.0,369.79,358.85,364.32,134292582,364.32
2023-03-09,AAPL,364.99,371.01,357.47,364.24,99455944,364.24
2023-03-10,AAPL,369.7,370.76,365.96,368.36,112207269,368.36
2023-03-13,AAPL,369.33,372.64,364.9,368.77,98263402,368.77
2023-03-14,AAPL,372.44,380.86,365.09,372.97,66523731,372.97
2023-03-15,AAPL,370.98,377.94,367.36,372.65,108272641,372.65
2023-03-16,AAPL,375.22,379.16,367.27,373.21,45797458,373.21
2023-03-17,AAPL,360.33,367.26,357.37,362.31,121946601,362.31
2023-03-20,AAPL,368.87,369.61,365.29,367.45,49611241,367.45
2023-03-21,AAPL,367.52,372.56,366.42,369.49,89688983,369.49
2023-03-22,AAPL,376.13,380.41,369.97,375.19,57052109,375.19
2023-03-23,AAPL,361.14,362.66,356.06,359.36,99821363,359.36
2023-03-24,AAPL,368.84,373.15,368.7,370.92,78921725,370.92
2023-03-27,AAPL,367.01,378.37,362.17,370.27,42271971,370.27
2023-03-28,AAPL,373.83,385.88,367.33,376.6,94661416,376.6
2023-03-29,AAPL,371.69,378.64,363.16,370.9,63488470,370.9
2023-03-30,AAPL,377.07,382.72,366.19,374.45,113804870,374.45
2023-03-31,AAPL,365.35,372.33,365.08,368.71,80042433,368.71
2023-04-03,AAPL,367.11,374.24,356.55,365.4,93709074,365.4
2023-04-04,AAPL,374.97,379.53,372.8,376.17,54543527,376.17
2023-04-05,AAPL,375.06,384.23,366.2,375.22,63199332,375.22
2023-04-06,AAPL,379.8,385.95,367.2,376.57,66591116,376.57
2023-04-07,AAPL,380.36,388.99,374.31,381.65,112697543,381.65
2023-04-10,AAPL,384.36,394.09,375.15,384.62,156487708,384.62
2023-04-11,AAPL,381.87,391.94,379.3,385.62,57971872,385.62
2023-04-12,AAPL,384.63,391.82,383.92,387.87,123071549,387.87
2023-04-13,AAPL,400.3,407.77,396.72,402.24,33587556,402.24
2023-04-14,AAPL,398.24,408.82,395.25,402.03,49617861,402.03
2023-04-17,AAPL,404.44,405.99,400.78,403.38,54517145,403.38
2023-04-18,AAPL,409.33,417.08,402.78,409.93,46573101,409.93
2023-04-19,AAPL,417.33,427.19,406.66,416.92,42461223,416.92
2023-04-20,AAPL,421.8,428.3,420.82,424.56,94370280,424.56
2023-04-21,AAPL,427.04,437.73,419.85,428.79,73434918,428.79
2023-04-24,AAPL,423.02,431.41,411.88,421.64,93110670,421.64
2023-04-25,AAPL,436.27,442.57,421.93,432.25,105447764,432.25
2023-04-26,AAPL,421.2,435.31,414.74,425.02,88967704,425.02
2023-04-27,AAPL,430.43,433.69,420.51,427.1,104077093,427.1
2023-04-28,AAPL,423.09,432.81,412.07,422.44,77805624,422.44
2023-05-01,AAPL,422.71,430.68,413.67,422.17,49760887,422.17
2023-05-02,AAPL,424.41,427.9,420.91,424.4,122138092,424.4
2023-05-03,AAPL,422.92,432.8,420.4,426.6,63204896,426.6
2023-05-04,AAPL,425.93,437.77,421.14,429.45,55025026,429.45
2023-05-05,AAPL,441.01,444.5,435.74,440.12,74504496,440.12
2023-05-08,AAPL,441.87,451.17,435.38,443.28,55528825,443.28
2023-05-09,AAPL,445.49,449.9,433.71,441.81,67697854,441.81
2023-05-10,AAPL,447.55,452.09,444.69,448.39,91803296,448.39
2023-05-11,AAPL,453.36,464.06,449.17,456.62,91960885,456.62
2023-05-12,AAPL,450.36,457.6,439.28,448.44,55862572,448.44
2023-05-15,AAPL,450.76,459.41,445.85,452.63,65821365,452.63
2023-05-16,AAPL,457.8,459.97,455.17,457.57,122947795,457.57
2023-05-17,AAPL,457.49,458.04,453.32,455.68,97571620,455.68
2023-05-18,AAPL,469.07,470.99,459.69,465.34,183470272,465.34
2023-05-19,AAPL,467.17,475.38,453.53,464.45,128262366,464.45
2023-05-22,AAPL,467.13,469.94,461.03,465.48,126436962,465.48
2023-05-23,AAPL,466.1,472.65,456.22,464.43,45919011,464.43
2023-05-24,AAPL,468.84,469.09,460.31,464.7,108589071,464.7
2023-05-25,AAPL,455.41,462.5,452.05,457.28,78318505,457.28
2023-05-26,AAPL,443.19,457.49,437.82,447.65,64176295,447.65
2023-05-29,AAPL,456.55,467.62,449.67,458.65,85561273,458.65
2023-05-30,AAPL,450.45,456.14,449.88,453.01,116758914,453.01
2023-05-31,AAPL,447.92,452.53,440.41,446.47,97744728,446.47
2023-06-01,AAPL,433.58,434.84,430.01,432.43,56296767,432.43
2023-06-02,AAPL,429.25,434.71,422.18,428.45,107663454,428.45
2023-06-05,AAPL,416.1,427.84,412.5,420.17,61991149,420.17
2023-06-06,AAPL,432.76,433.97,427.62,430.79,87243222,430.79
2023-06-07,AAPL,435.97,442.23,432.8,437.51,70858618,437.51
2023-06-08,AAPL,434.6,438.78,427.56,433.17,73294101,433.17
2023-06-09,AAPL,448.71,458.69,437.72,448.2,108692611,448.2
2023-06-12,AAPL,453.58,466.32,443.69,455.01,52770332,455.01
2023-06-13,AAPL,449.64,455.62,449.64,452.95,174182685,452.95
2023-06-14,AAPL,432.89,445.25,427.6,436.43,38613123,436.43
2023-06-15,AAPL,454.84,457.46,446.22,451.84,62988965,451.84
2023-06-16,AAPL,446.37,448.36,436.98,442.67,92768894,442.67
2023-06-19,AAPL,433.32,440.7,423.34,432.02,101063830,432.02
2023-06-20,AAPL,435.37,449.1,428.59,438.85,76848530,438.85
2023-06-21,AAPL,454.47,466.3,444.42,455.36,78184416,455.36
2023-06-22,AAPL,467.2,472.76,457.38,465.07,94277887,465.07
2023-06-23,AAPL,471.8,474.88,463.48,469.18,72937203,469.18
2023-06-26,AAPL,469.93,483.37,463.72,473.54,139672324,473.54
2023-06-27,AAPL,475.01,484.61,475.0,479.81,111917979,479.81
2023-06-28,AAPL,487.52,493.37,477.56,485.46,113426650,485.46
2023-06-29,AAPL,486.28,493.62,481.74,487.68,54356486,487.68
2023-06-30,AAPL,486.21,497.47,479.75,488.61,77499482,488.61
2023-07-03,AAPL,483.56,493.1,483.52,488.31,70940411,488.31
2023-07-04,AAPL,483.37,487.25,478.72,482.99,53505587,482.99
2023-07-05,AAPL,484.5,492.36,469.88,481.12,92396796,481.12
2023-07-06,AAPL,473.51,473.51,465.91,469.21,64519553,469.21
2023-07-07,AAPL,469.3,475.77,461.59,468.68,103978917,468.68
2023-07-10,AAPL,462.07,466.29,457.59,461.94,52140917,461.94
2023-07-11,AAPL,450.73,457.13,450.73,454.51,159117493,454.51
2023-07-12,AAPL,456.33,458.5,453.28,455.89,55896041,455.89
2023-07-13,AAPL,464.55,469.62,461.7,465.66,87334674,465.66
2023-07-14,AAPL,473.29,482.83,461.73,472.28,109812059,472.28
2023-07-17,AAPL,460.42,466.36,456.53,461.44,63673627,461.44
2023-07-18,AAPL,452.43,465.72,443.88,454.8,112506848,454.8
2023-07-19,AAPL,457.68,469.09,453.74,461.42,48928164,461.42
2023-07-20,AAPL,453.14,461.06,448.57,454.82,143004159,454.82
2023-07-21,AAPL,449.78,460.97,445.91,453.44,80454060,453.44
2023-07-24,AAPL,454.4,464.37,450.34,457.35,63020626,457.35
2023-07-25,AAPL,455.3,460.01,441.81,450.91,70976861,450.91
2023-07-26,AAPL,451.27,456.59,446.96,451.78,110563978,451.78
2023-07-27,AAPL,443.26,448.32,437.63,442.97,63322740,442.97
2023-07-28,AAPL,442.43,449.19,429.1,439.15,59280686,439.15
2023-07-31,AAPL,445.78,451.97,430.84,441.41,73215854,441.41
2023-08-01,AAPL,431.84,440.98,421.28,431.13,49960954,431.13
2023-08-02,AAPL,436.85,439.95,428.32,434.13,165710816,434.13
2023-08-03,AAPL,432.65,443.1,425.21,434.15,63781858,434.15
2023-08-04,AAPL,436.21,444.27,431.55,437.91,111572360,437.91
2023-08-07,AAPL,438.68,446.11,432.96,439.53,86991870,439.53
2023-08-08,AAPL,450.32,452.85,444.69,448.77,53958380,448.77
2023-08-09,AAPL,451.41,457.33,442.2,449.77,79809676,449.77
2023-08-10,AAPL,445.38,450.93,443.13,447.03,109467504,447.03
2023-08-11,AAPL,444.72,453.21,442.79,448.0,74196879,448.0
2023-08-14,AAPL,453.02,461.81,441.84,451.82,128930282,451.82
2023-08-15,AAPL,448.94,456.44,448.17,452.31,120377518,452.31
2023-08-16,AAPL,453.44,455.64,449.83,452.73,115537202,452.73
2023-08-17,AAPL,449.88,451.0,445.28,448.14,66564002,448.14
2023-08-18,AAPL,445.64,454.43,433.29,443.86,51940023,443.86
2023-08-21,AAPL,436.97,441.35,428.18,434.76,62589128,434.76
2023-08-22,AAPL,449.8,452.36,440.59,446.48,86532754,446.48
2023-08-23,AAPL,438.37,447.67,429.07,438.37,99518277,438.37
2023-08-24,AAPL,435.98,443.41,424.56,433.98,33562120,433.98
2023-08-25,AAPL,430.5,434.48,424.48,429.48,79740798,429.48
2023-08-28,AAPL,432.7,443.65,427.21,435.43,85222230,435.43
2023-08-29,AAPL,429.54,442.51,424.8,433.65,71593832,433.65
2023-08-30,AAPL,440.09,449.99,434.0,441.99,134093346,441.99
2023-08-31,AAPL,437.2,441.22,434.18,437.7,94702335,437.7
2023-09-01,AAPL,440.71,449.58,429.78,439.68,135111909,439.68
2023-09-04,AAPL,437.4,441.21,427.5,434.36,73379340,434.36
2023-09-05,AAPL,445.98,453.49,443.93,448.71,116398265,448.71
2023-09-06,AAPL,437.63,446.89,434.98,440.94,153861553,440.94
2023-09-07,AAPL,447.25,447.25,440.59,443.14,135193084,443.14
2023-09-08,AAPL,444.02,450.91,444.02,447.52,51685123,447.52
2023-09-11,AAPL,450.27,459.61,441.31,450.46,72280631,450.46
2023-09-12,AAPL,450.13,451.61,447.12,449.36,69683304,449.36
2023-09-13,AAPL,449.01,454.62,442.66,448.64,97293136,448.64
2023-09-14,AAPL,445.37,456.03,442.15,449.09,105274166,449.09
2023-09-15,AAPL,444.28,450.98,444.28,448.25,57195176,448.25
2023-09-18,AAPL,451.34,466.06,443.8,454.93,82200553,454.93
2023-09-19,AAPL,471.23,474.91,465.95,470.43,35660930,470.43
2023-09-20,AAPL,467.08,471.84,461.49,466.67,142423446,466.67
2023-09-21,AAPL,454.9,462.4,452.26,457.33,65175063,457.33
2023-09-22,AAPL,458.14,461.27,452.49,456.88,81807768,456.88
2023-09-25,AAPL,478.11,478.11,472.68,475.07,70680289,475.07
2023-09-26,AAPL,465.23,478.73,460.33,469.53,126524715,469.53
2023-09-27,AAPL,481.36,493.1,469.67,481.38,25713703,481.38
2023-09-28,AAPL,495.69,498.5,489.13,493.82,79470230,493.82
2023-09-29,AAPL,487.47,498.84,480.95,489.9,76684463,489.9
2023-10-02,AAPL,492.36,504.07,484.46,494.26,66724491,494.26
2023-10-03,AAPL,507.81,517.79,495.53,506.66,159575514,506.66
2023-10-04,AAPL,507.96,510.73,497.17,503.95,56097702,503.95
2023-10-05,AAPL,505.7,508.14,497.03,502.59,108934317,502.59
2023-10-06,AAPL,499.22,504.12,492.65,498.39,92252349,498.39
2023-10-09,AAPL,493.29,500.48,481.57,491.02,132506849,491.02
2023-10-10,AAPL,485.11,496.81,476.05,486.43,61261464,486.43
2023-10-11,AAPL,479.09,481.87,473.62,477.74,59670578,477.74
2023-10-12,AAPL,477.82,484.09,472.21,478.15,124021457,478.15
2023-10-13,AAPL,469.88,483.71,461.92,472.82,94836576,472.82
2023-10-16,AAPL,476.55,484.67,464.61,474.64,43122792,474.64
2023-10-17,AAPL,464.37,475.3,452.39,463.85,64476745,463.85
2023-10-18,AAPL,464.99,475.68,456.94,466.31,93370896,466.31
2023-10-19,AAPL,476.22,478.41,466.26,472.34,111847051,472.34
2023-10-20,AAPL,454.18,466.28,450.87,458.57,60967099,458.57
2023-10-23,AAPL,459.61,469.72,452.91,461.31,24936291,461.31
2023-10-24,AAPL,465.88,473.13,465.88,470.04,98624125,470.04
2023-10-25,AAPL,464.21,469.08,454.41,461.75,49101930,461.75
2023-10-26,AAPL,475.55,482.73,464.55,473.64,35697873,473.64
2023-10-27,AAPL,475.18,480.76,472.81,476.79,25767042,476.79
2023-10-30,AAPL,473.59,481.66,462.2,471.93,110788056,471.93
2023-10-31,AAPL,470.71,479.56,463.83,471.69,84223469,471.69
2023-11-01,AAPL,478.26,487.26,464.38,475.82,73095300,475.82
2023-11-02,AAPL,476.09,479.31,473.74,476.52,139440275,476.52
2023-11-03,AAPL,479.71,485.51,475.6,480.55,103229690,480.55
2023-11-06,AAPL,478.24,482.2,466.05,474.12,152710909,474.12
2023-11-07,AAPL,473.12,480.69,470.29,475.49,45829704,475.49
2023-11-08,AAPL,462.13,474.65,456.69,465.67,78901984,465.67
2023-11-09,AAPL,465.84,474.43,455.67,465.05,41902323,465.05
2023-11-10,AAPL,463.25,463.25,455.71,458.94,72986442,458.94
2023-11-13,AAPL,452.95,461.0,447.12,454.06,72427082,454.06
2023-11-14,AAPL,458.66,469.74,455.69,462.71,102788357,462.71
2023-11-15,AAPL,469.0,476.34,464.68,470.51,81471412,470.51
2023-11-16,AAPL,475.04,486.23,463.75,474.99,102656605,474.99
2023-11-17,AAPL,464.27,477.5,457.35,467.43,105996141,467.43
2023-11-20,AAPL,466.84,474.19,456.55,465.37,189425935,465.37
2023-11-21,AAPL,478.8,483.22,464.93,474.08,70520819,474.08
2023-11-22,AAPL,474.79,482.01,468.48,475.24,54905721,475.24
2023-11-23,AAPL,490.81,503.76,480.71,492.24,88275277,492.24
2023-11-24,AAPL,494.33,504.67,485.96,495.32,58038966,495.32
2023-11-27,AAPL,493.09,506.64,487.18,496.91,144721461,496.91
2023-11-28,AAPL,498.57,505.78,483.78,494.78,71431533,494.78
2023-11-29,AAPL,495.09,501.14,490.74,495.94,63802736,495.94
2023-11-30,AAPL,493.86,505.44,484.51,494.97,66254298,494.97
2023-12-01,AAPL,502.03,504.88,495.97,500.43,106633060,500.43
2023-12-04,AAPL,507.24,513.88,501.79,507.83,75108057,507.83
2023-12-05,AAPL,503.54,507.93,496.17,502.05,61890079,502.05
2023-12-06,AAPL,487.97,504.39,480.19,492.29,155736799,492.29
2023-12-07,AAPL,482.08,489.68,468.48,479.08,56801270,479.08
2023-12-08,AAPL,487.16,492.09,473.72,482.91,81146248,482.91
2023-12-11,AAPL,476.55,484.42,465.85,475.14,103850160,475.14
2023-12-12,AAPL,464.38,467.67,452.72,460.2,41657965,460.2
2023-12-13,AAPL,459.81,474.13,451.96,463.04,96943742,463.04
2023-12-14,AAPL,480.63,488.02,473.67,480.85,52456463,480.85
2023-12-15,AAPL,481.95,487.03,474.9,480.97,111178803,480.97
2023-12-18,AAPL,488.01,491.24,483.19,487.22,54432762,487.22
2023-12-19,AAPL,487.02,498.09,477.87,487.98,105544667,487.98
2023-12-20,AAPL,485.84,497.02,477.83,487.42,124506741,487.42
2023-12-21,AAPL,490.67,500.63,488.08,494.36,112911152,494.36
2023-12-22,AAPL,491.31,495.08,489.66,492.37,88460249,492.37
2023-12-25,AAPL,491.18,505.29,483.75,494.52,72930450,494.52
2023-12-26,AAPL,499.41,499.68,494.48,497.08,63526605,497.08
2023-12-27,AAPL,489.42,501.68,482.9,492.29,144090346,492.29
2023-12-28,AAPL,495.42,512.04,487.64,499.84,60474908,499.84
2023-12-29,AAPL,499.22,505.55,491.84,498.7,52836392,498.7
2024-01-01,AAPL,494.18,498.03,488.46,493.24,104394209,493.24
2019-01-02,GOOGL,2755.47,2819.23,2711.39,2765.31,715390,2765.31
2019-01-03,GOOGL,2728.62,2786.71,2661.96,2724.33,1240941,2724.33
2019-01-04,GOOGL,2640.22,2682.43,2640.22,2662.85,778924,2662.85
2019-01-07,GOOGL,2666.51,2708.64,2577.52,2643.08,749278,2643.08
2019-01-08,GOOGL,2633.18,2664.56,2616.04,2640.3,1012928,2640.3
2019-01-09,GOOGL,2673.19,2673.19,2637.43,2651.31,986747,2651.31
2019-01-10,GOOGL,2707.81,2759.89,2625.53,2692.71,967664,2692.71
2019-01-11,GOOGL,2730.12,2745.09,2687.39,2716.24,1446142,2716.24
2019-01-14,GOOGL,2714.48,2758.43,2658.96,2708.7,1238549,2708.7
2019-01-15,GOOGL,2707.7,2723.9,2677.81,2700.85,1069358,2700.85
2019-01-16,GOOGL,2731.25,2768.96,2678.5,2723.73,1291141,2723.73
2019-01-17,GOOGL,2787.67,2844.69,2716.34,2780.51,807114,2780.51
2019-01-18,GOOGL,2789.89,2818.68,2755.12,2786.9,1251612,2786.9
2019-01-21,GOOGL,2793.73,2817.73,2715.89,2766.81,1274510,2766.81
2019-01-22,GOOGL,2736.6,2747.8,2700.09,2723.94,657771,2723.94
2019-01-23,GOOGL,2677.15,2708.99,2615.82,2662.4,1787108,2662.4
2019-01-24,GOOGL,2711.72,2723.24,2660.1,2691.67,843452,2691.67
2019-01-25,GOOGL,2701.96,2742.48,2692.35,2717.42,1244141,2717.42
2019-01-28,GOOGL,2720.55,2774.28,2712.48,2743.38,1911878,2743.38
2019-01-29,GOOGL,2737.55,2761.97,2715.0,2738.49,1737751,2738.49
2019-01-30,GOOGL,2802.38,2866.14,2737.05,2801.59,1216593,2801.59
2019-01-31,GOOGL,2799.04,2816.72,2744.74,2780.73,1038027,2780.73
2019-02-01,GOOGL,2821.15,2852.3,2796.35,2824.33,1752995,2824.33
2019-02-04,GOOGL,2827.35,2862.78,2783.91,2823.34,1571765,2823.34
2019-02-05,GOOGL,2798.27,2828.67,2764.84,2796.76,937044,2796.76
2019-02-06,GOOGL,2798.08,2880.33,2768.0,2824.17,873160,2824.17
2019-02-07,GOOGL,2850.06,2912.96,2774.06,2843.51,523813,2843.51
2019-02-08,GOOGL,2879.34,2899.94,2821.21,2860.58,1276260,2860.58
2019-02-11,GOOGL,2845.45,2928.74,2801.41,2865.08,1160954,2865.08
2019-02-12,GOOGL,2869.52,2910.85,2817.39,2864.12,1890418,2864.12
2019-02-13,GOOGL,2982.07,3000.74,2952.25,2976.5,1385337,2976.5
2019-02-14,GOOGL,3013.88,3091.34,2977.18,3034.26,2046258,3034.26
2019-02-15,GOOGL,3047.27,3117.27,3023.51,3070.39,907897,3070.39
2019-02-18,GOOGL,3106.26,3132.14,3021.31,3076.72,1891900,3076.72
2019-02-19,GOOGL,3120.91,3198.84,3056.27,3127.56,971178,3127.56
2019-02-20,GOOGL,3137.25,3198.0,3110.88,3154.44,1637809,3154.44
2019-02-21,GOOGL,3135.87,3229.3,3083.95,3156.62,669528,3156.62
2019-02-22,GOOGL,3152.72,3205.07,3079.3,3142.18,1318343,3142.18
2019-02-25,GOOGL,3145.84,3185.34,3092.6,3138.97,542507,3138.97
2019-02-26,GOOGL,2993.09,3035.45,2933.6,2984.52,1078387,2984.52
2019-02-27,GOOGL,2970.73,3029.89,2960.93,2995.41,1431128,2995.41
2019-02-28,GOOGL,2996.3,3046.25,2899.55,2972.9,974270,2972.9
2019-03-01,GOOGL,3043.71,3106.43,2994.5,3050.46,788318,3050.46
2019-03-04,GOOGL,3040.84,3070.17,3034.3,3052.24,1683321,3052.24
2019-03-05,GOOGL,2993.28,3030.08,2960.99,2995.54,1151351,2995.54
2019-03-06,GOOGL,2987.38,3046.25,2941.67,2993.96,986584,2993.96
2019-03-07,GOOGL,2966.48,2966.48,2927.02,2945.07,1220279,2945.07
2019-03-08,GOOGL,2993.75,2993.75,2952.01,2968.27,3445224,2968.27
2019-03-11,GOOGL,2971.2,3024.69,2941.16,2982.93,1903554,2982.93
2019-03-12,GOOGL,3051.87,3065.13,2994.51,3029.82,1910473,3029.82
2019-03-13,GOOGL,3009.38,3033.73,2951.34,2992.53,1428378,2992.53
2019-03-14,GOOGL,3020.78,3025.69,2964.27,2994.98,1282633,2994.98
2019-03-15,GOOGL,2916.17,2955.38,2906.76,2931.07,460192,2931.07
2019-03-18,GOOGL,2969.52,3020.65,2909.27,2964.96,914598,2964.96
2019-03-19,GOOGL,2977.01,3036.22,2944.76,2990.49,990140,2990.49
2019-03-20,GOOGL,3034.67,3042.27,2987.98,3015.13,566864,3015.13
2019-03-21,GOOGL,2986.19,3050.39,2981.67,3016.03,755296,3016.03
2019-03-22,GOOGL,3040.87,3088.07,2985.81,3036.94,543343,3036.94
2019-03-25,GOOGL,3106.73,3136.83,3096.66,3116.75,1181744,3116.75
2019-03-26,GOOGL,3092.4,3128.08,3078.74,3103.41,1665004,3103.41
2019-03-27,GOOGL,3120.16,3131.26,3091.03,3111.15,1868304,3111.15
2019-03-28,GOOGL,3079.88,3123.36,2993.4,3058.38,1416565,3058.38
2019-03-29,GOOGL,3023.6,3077.49,2956.52,3017.01,816248,3017.01
2019-04-01,GOOGL,3043.9,3083.2,2961.9,3022.55,554047,3022.55
2019-04-02,GOOGL,3062.76,3136.72,3017.78,3077.25,594267,3077.25
2019-04-03,GOOGL,3066.69,3121.86,3009.13,3065.49,722331,3065.49
2019-04-04,GOOGL,3051.75,3099.19,3010.36,3054.77,840950,3054.77
2019-04-05,GOOGL,3006.13,3089.95,2981.6,3035.78,1125719,3035.78
2019-04-08,GOOGL,3014.15,3028.1,2993.37,3010.73,799839,3010.73
2019-04-09,GOOGL,3035.57,3078.54,2973.06,3025.8,1374255,3025.8
2019-04-10,GOOGL,2960.41,3015.72,2894.23,2954.98,1093531,2954.98
2019-04-11,GOOGL,3031.24,3062.26,2971.71,3016.98,1205072,3016.98
2019-04-12,GOOGL,2990.11,3022.13,2949.57,2985.85,1893490,2985.85
2019-04-15,GOOGL,2995.18,3053.23,2989.48,3021.36,748434,3021.36
2019-04-16,GOOGL,2938.67,3014.27,2908.51,2961.39,1418788,2961.39
2019-04-17,GOOGL,2999.84,3050.52,2937.61,2994.06,1193311,2994.06
2019-04-18,GOOGL,3013.63,3095.12,2959.38,3027.25,1050143,3027.25
2019-04-19,GOOGL,3021.13,3082.84,3010.65,3046.74,1709881,3046.74
2019-04-22,GOOGL,2995.24,3060.64,2938.29,2999.47,1705617,2999.47
2019-04-23,GOOGL,3015.56,3061.17,2963.41,3012.29,821786,3012.29
2019-04-24,GOOGL,2946.48,3023.59,2889.62,2956.61,1115672,2956.61
2019-04-25,GOOGL,2958.46,2991.3,2899.66,2945.48,1342866,2945.48
2019-04-26,GOOGL,3003.82,3041.19,2949.22,2995.21,1075858,2995.21
2019-04-29,GOOGL,3024.31,3084.7,2984.21,3034.46,1516386,3034.46
2019-04-30,GOOGL,3051.49,3096.7,2975.34,3036.02,1342855,3036.02
2019-05-01,GOOGL,2998.74,3062.48,2917.21,2989.85,2497639,2989.85
2019-05-02,GOOGL,3030.02,3041.27,3002.16,3021.71,650645,3021.71
2019-05-03,GOOGL,3026.7,3041.82,3005.12,3023.47,1142646,3023.47
2019-05-06,GOOGL,2885.6,2983.29,2844.86,2914.08,834369,2914.08
2019-05-07,GOOGL,2963.2,2997.64,2905.56,2951.6,1528007,2951.6
2019-05-08,GOOGL,2943.94,3002.31,2900.21,2951.26,628419,2951.26
2019-05-09,GOOGL,3036.04,3053.49,2965.32,3009.4,1378294,3009.4
2019-05-10,GOOGL,2976.74,2978.26,2937.6,2957.93,932675,2957.93
2019-05-13,GOOGL,2817.04,2869.37,2754.85,2812.11,894631,2812.11
2019-05-14,GOOGL,2811.46,2881.81,2769.11,2825.46,672819,2825.46
2019-05-15,GOOGL,2822.62,2871.34,2807.55,2839.45,996298,2839.45
2019-05-16,GOOGL,2755.59,2795.17,2733.66,2764.42,1851732,2764.42
2019-05-17,GOOGL,2720.94,2781.44,2662.99,2722.22,1187970,2722.22
2019-05-20,GOOGL,2834.07,2864.03,2827.33,2845.68,1542483,2845.68
2019-05-21,GOOGL,2833.41,2896.65,2768.49,2832.57,2335388,2832.57
2019-05-22,GOOGL,2847.49,2895.72,2837.62,2866.67,1333522,2866.67
2019-05-23,GOOGL,2864.87,2885.6,2789.91,2837.75,959638,2837.75
2019-05-24,GOOGL,2723.64,2810.28,2680.05,2745.16,1446609,2745.16
2019-05-27,GOOGL,2762.1,2789.27,2687.61,2738.44,965222,2738.44
2019-05-28,GOOGL,2750.13,2763.81,2691.32,2727.57,980740,2727.57
2019-05-29,GOOGL,2712.28,2761.85,2659.97,2710.91,653354,2710.91
2019-05-30,GOOGL,2718.85,2738.83,2674.52,2706.68,1738155,2706.68
2019-05-31,GOOGL,2715.41,2747.56,2690.21,2718.89,1028313,2718.89
2019-06-03,GOOGL,2720.16,2780.75,2645.45,2713.1,1290669,2713.1
2019-06-04,GOOGL,2651.03,2712.74,2606.27,2659.51,792895,2659.51
2019-06-05,GOOGL,2670.34,2728.98,2633.03,2681.0,1428608,2681.0
2019-06-06,GOOGL,2603.45,2630.85,2567.91,2599.38,884745,2599.38
2019-06-07,GOOGL,2516.08,2531.23,2501.12,2516.17,1133871,2516.17
2019-06-10,GOOGL,2550.85,2561.12,2532.49,2546.8,1704807,2546.8
2019-06-11,GOOGL,2557.29,2609.55,2526.94,2568.24,1646456,2568.24
2019-06-12,GOOGL,2559.76,2618.53,2514.64,2566.59,1189472,2566.59
2019-06-13,GOOGL,2489.7,2550.13,2471.06,2510.6,591596,2510.6
2019-06-14,GOOGL,2460.76,2537.17,2428.83,2483.0,3972699,2483.0
2019-06-17,GOOGL,2461.06,2487.27,2459.23,2473.25,2412503,2473.25
2019-06-18,GOOGL,2391.02,2441.3,2381.81,2411.56,1602222,2411.56
2019-06-19,GOOGL,2364.97,2407.08,2360.63,2383.86,887843,2383.86
2019-06-20,GOOGL,2424.6,2443.13,2375.92,2409.52,1146695,2409.52
2019-06-21,GOOGL,2443.11,2481.75,2443.11,2465.85,965560,2465.85
2019-06-24,GOOGL,2457.82,2509.03,2391.02,2450.03,1989461,2450.03
2019-06-25,GOOGL,2469.25,2504.01,2457.06,2480.54,1332854,2480.54
2019-06-26,GOOGL,2424.26,2462.8,2349.96,2406.38,876916,2406.38
2019-06-27,GOOGL,2431.83,2465.45,2399.68,2432.56,994037,2432.56
2019-06-28,GOOGL,2392.78,2461.48,2342.77,2402.13,1879107,2402.13
2019-07-01,GOOGL,2415.48,2453.45,2375.79,2414.62,2275866,2414.62
2019-07-02,GOOGL,2400.05,2462.54,2348.91,2405.73,2211462,2405.73
2019-07-03,GOOGL,2460.92,2470.31,2445.21,2457.76,1624393,2457.76
2019-07-04,GOOGL,2405.58,2472.67,2375.87,2424.27,1084665,2424.27
2019-07-05,GOOGL,2473.75,2505.89,2392.92,2449.4,328150,2449.4
2019-07-08,GOOGL,2435.51,2458.15,2420.13,2439.14,1351460,2439.14
2019-07-09,GOOGL,2426.24,2450.48,2416.78,2433.63,1199122,2433.63
2019-07-10,GOOGL,2437.35,2459.89,2394.4,2427.14,1269108,2427.14
2019-07-11,GOOGL,2388.65,2451.87,2338.47,2395.17,1226151,2395.17
2019-07-12,GOOGL,2411.25,2433.24,2357.32,2395.28,705969,2395.28
2019-07-15,GOOGL,2391.35,2430.75,2356.32,2393.54,1499729,2393.54
2019-07-16,GOOGL,2414.0,2422.25,2384.64,2403.45,1545284,2403.45
2019-07-17,GOOGL,2388.45,2419.43,2388.45,2407.35,1576578,2407.35
2019-07-18,GOOGL,2455.83,2490.66,2387.24,2438.95,1752340,2438.95
2019-07-19,GOOGL,2487.6,2492.64,2459.21,2475.93,1527973,2475.93
2019-07-22,GOOGL,2421.28,2478.37,2392.27,2435.32,1018478,2435.32
2019-07-23,GOOGL,2452.55,2527.61,2412.54,2470.08,1166475,2470.08
2019-07-24,GOOGL,2415.39,2446.53,2402.06,2424.29,1244546,2424.29
2019-07-25,GOOGL,2471.18,2492.68,2403.06,2447.87,1252825,2447.87
2019-07-26,GOOGL,2460.91,2489.19,2456.68,2472.94,1788913,2472.94
2019-07-29,GOOGL,2397.0,2440.07,2358.14,2399.11,1552379,2399.11
2019-07-30,GOOGL,2380.74,2423.23,2380.74,2403.33,2754563,2403.33
2019-07-31,GOOGL,2381.13,2433.08,2338.98,2386.03,2900575,2386.03
2019-08-01,GOOGL,2361.25,2383.88,2331.89,2357.88,1238847,2357.88
2019-08-02,GOOGL,2431.9,2444.44,2375.67,2410.06,258634,2410.06
2019-08-05,GOOGL,2386.43,2426.16,2345.1,2385.63,1968072,2385.63
2019-08-06,GOOGL,2370.72,2375.54,2335.84,2355.69,966736,2355.69
2019-08-07,GOOGL,2361.41,2405.97,2312.4,2359.18,870861,2359.18
2019-08-08,GOOGL,2363.94,2412.23,2359.48,2385.86,1023208,2385.86
2019-08-09,GOOGL,2372.29,2424.55,2337.65,2381.1,1003671,2381.1
2019-08-12,GOOGL,2430.28,2446.43,2406.8,2426.61,1533004,2426.61
2019-08-13,GOOGL,2470.04,2493.91,2402.05,2447.98,643101,2447.98
2019-08-14,GOOGL,2381.77,2382.67,2346.89,2364.78,779761,2364.78
2019-08-15,GOOGL,2332.73,2377.15,2313.79,2345.47,1376556,2345.47
2019-08-16,GOOGL,2312.1,2348.23,2301.99,2325.11,1539563,2325.11
2019-08-19,GOOGL,2329.64,2390.45,2296.85,2343.65,1551059,2343.65
2019-08-20,GOOGL,2266.87,2270.89,2224.85,2247.87,875909,2247.87
2019-08-21,GOOGL,2358.6,2395.1,2289.07,2342.08,811407,2342.08
2019-08-22,GOOGL,2375.7,2416.67,2308.76,2362.71,979872,2362.71
2019-08-23,GOOGL,2363.91,2390.14,2347.84,2368.99,1320843,2368.99
2019-08-26,GOOGL,2415.07,2456.58,2373.14,2414.86,2173877,2414.86
2019-08-27,GOOGL,2506.02,2524.75,2490.87,2507.81,529060,2507.81
2019-08-28,GOOGL,2531.14,2576.33,2511.05,2543.69,1098592,2543.69
2019-08-29,GOOGL,2583.56,2633.07,2533.53,2583.3,704159,2583.3
2019-08-30,GOOGL,2565.1,2636.51,2542.32,2589.41,619665,2589.41
2019-09-02,GOOGL,2565.23,2629.47,2539.05,2584.26,1766683,2584.26
2019-09-03,GOOGL,2585.19,2592.68,2538.04,2565.36,1492080,2565.36
2019-09-04,GOOGL,2545.11,2564.17,2500.55,2532.36,1436335,2532.36
2019-09-05,GOOGL,2501.49,2523.04,2487.67,2505.36,1734522,2505.36
2019-09-06,GOOGL,2453.31,2500.0,2404.94,2452.47,990479,2452.47
2019-09-09,GOOGL,2443.79,2487.1,2413.22,2450.16,1009309,2450.16
2019-09-10,GOOGL,2397.14,2431.39,2339.9,2385.65,2876613,2385.65
2019-09-11,GOOGL,2407.2,2417.48,2369.71,2393.6,1087295,2393.6
2019-09-12,GOOGL,2405.46,2420.35,2365.37,2392.86,1610225,2392.86
2019-09-13,GOOGL,2409.82,2427.17,2371.11,2399.14,1203067,2399.14
2019-09-16,GOOGL,2365.76,2392.95,2365.76,2379.83,572935,2379.83
2019-09-17,GOOGL,2492.5,2530.16,2471.04,2500.6,529654,2500.6
2019-09-18,GOOGL,2554.77,2610.16,2502.46,2556.31,951922,2556.31
2019-09-19,GOOGL,2498.11,2564.11,2449.08,2506.59,1830816,2506.59
2019-09-20,GOOGL,2529.46,2555.3,2477.97,2516.63,1644831,2516.63
2019-09-23,GOOGL,2484.44,2528.12,2457.77,2492.95,1729707,2492.95
2019-09-24,GOOGL,2435.72,2467.26,2435.72,2453.48,808562,2453.48
2019-09-25,GOOGL,2397.23,2456.33,2347.84,2402.08,2290271,2402.08
2019-09-26,GOOGL,2442.63,2442.63,2406.68,2419.41,815759,2419.41
2019-09-27,GOOGL,2380.7,2451.03,2336.63,2393.83,1306630,2393.83
2019-09-30,GOOGL,2437.3,2467.8,2395.89,2431.85,1195041,2431.85
2019-10-01,GOOGL,2468.18,2500.76,2442.24,2471.5,1119376,2471.5
2019-10-02,GOOGL,2505.43,2586.46,2467.77,2527.12,2049833,2527.12
2019-10-03,GOOGL,2492.96,2507.25,2479.88,2493.56,905088,2493.56
2019-10-04,GOOGL,2523.45,2555.08,2471.49,2513.28,699408,2513.28
2019-10-07,GOOGL,2540.21,2580.11,2498.96,2539.54,1209636,2539.54
2019-10-08,GOOGL,2539.79,2544.69,2497.36,2521.03,1022643,2521.03
2019-10-09,GOOGL,2480.25,2524.58,2456.95,2490.77,4633324,2490.77
2019-10-10,GOOGL,2535.28,2602.57,2510.31,2556.44,1572905,2556.44
2019-10-11,GOOGL,2588.87,2616.61,2516.3,2566.46,1018759,2566.46
2019-10-14,GOOGL,2587.09,2606.42,2580.41,2593.41,786531,2593.41
2019-10-15,GOOGL,2564.13,2620.99,2499.45,2560.22,565642,2560.22
2019-10-16,GOOGL,2526.11,2532.26,2490.62,2511.44,796310,2511.44
2019-10-17,GOOGL,2480.59,2513.41,2465.26,2489.34,1256460,2489.34
2019-10-18,GOOGL,2495.82,2510.6,2459.56,2485.08,2123897,2485.08
2019-10-21,GOOGL,2425.97,2457.85,2425.97,2443.79,1879483,2443.79
2019-10-22,GOOGL,2433.87,2462.3,2425.83,2444.07,1315161,2444.07
2019-10-23,GOOGL,2362.66,2438.41,2320.73,2379.57,1054487,2379.57
2019-10-24,GOOGL,2352.49,2364.37,2311.51,2337.94,1336222,2337.94
2019-10-25,GOOGL,2350.7,2381.09,2346.55,2363.82,975179,2363.82
2019-10-28,GOOGL,2397.79,2404.46,2370.37,2387.41,2386116,2387.41
2019-10-29,GOOGL,2394.18,2419.15,2327.12,2373.14,1112539,2373.14
2019-10-30,GOOGL,2336.74,2387.03,2283.85,2335.44,1159265,2335.44
2019-10-31,GOOGL,2299.83,2321.29,2274.69,2297.99,494599,2297.99
2019-11-01,GOOGL,2283.14,2297.3,2272.54,2284.92,1109764,2284.92
2019-11-04,GOOGL,2301.2,2331.09,2287.39,2309.24,1676846,2309.24
2019-11-05,GOOGL,2343.29,2358.8,2330.06,2344.43,782886,2344.43
2019-11-06,GOOGL,2331.29,2342.95,2310.07,2326.51,888725,2326.51
2019-11-07,GOOGL,2306.79,2315.73,2253.45,2284.59,1647742,2284.59
2019-11-08,GOOGL,2315.12,2317.05,2272.99,2295.02,664751,2295.02
2019-11-11,GOOGL,2282.01,2300.3,2230.89,2265.6,1832061,2265.6
2019-11-12,GOOGL,2264.99,2270.13,2224.87,2247.5,969925,2247.5
2019-11-13,GOOGL,2294.81,2350.96,2241.61,2296.29,1027259,2296.29
2019-11-14,GOOGL,2334.84,2381.32,2273.7,2327.51,765497,2327.51
2019-11-15,GOOGL,2352.48,2372.17,2295.91,2334.04,1395900,2334.04
2019-11-18,GOOGL,2282.74,2315.29,2259.99,2287.64,3209998,2287.64
2019-11-19,GOOGL,2317.22,2325.0,2267.03,2296.02,1640367,2296.02
2019-11-20,GOOGL,2332.09,2366.94,2305.1,2336.02,849257,2336.02
2019-11-21,GOOGL,2327.35,2368.07,2277.24,2322.66,1889986,2322.66
2019-11-22,GOOGL,2384.02,2407.37,2340.74,2374.06,1057227,2374.06
2019-11-25,GOOGL,2446.18,2478.0,2370.67,2424.34,2079475,2424.34
2019-11-26,GOOGL,2477.69,2549.89,2430.94,2490.41,1656972,2490.41
2019-11-27,GOOGL,2515.61,2532.62,2473.95,2503.29,369747,2503.29
2019-11-28,GOOGL,2528.66,2568.6,2486.63,2527.61,803072,2527.61
2019-11-29,GOOGL,2574.19,2604.01,2568.31,2586.16,1750804,2586.16
2019-12-02,GOOGL,2619.86,2628.92,2581.97,2605.45,1275048,2605.45
2019-12-03,GOOGL,2588.04,2619.65,2551.03,2585.34,796776,2585.34
2019-12-04,GOOGL,2575.82,2590.98,2544.12,2567.55,931355,2567.55
2019-12-05,GOOGL,2568.94,2636.16,2519.98,2578.07,559801,2578.07
2019-12-06,GOOGL,2525.12,2546.7,2505.44,2526.07,1158321,2526.07
2019-12-09,GOOGL,2526.89,2556.55,2485.39,2520.97,2905476,2520.97
2019-12-10,GOOGL,2561.41,2610.21,2522.37,2566.29,1655817,2566.29
2019-12-11,GOOGL,2463.6,2525.24,2431.86,2478.55,2882011,2478.55
2019-12-12,GOOGL,2564.3,2573.01,2508.67,2540.84,1707927,2540.84
2019-12-13,GOOGL,2588.18,2645.5,2529.67,2587.59,1809975,2587.59
2019-12-16,GOOGL,2581.34,2611.37,2527.27,2569.32,2643101,2569.32
2019-12-17,GOOGL,2587.85,2628.21,2556.71,2592.46,1395463,2592.46
2019-12-18,GOOGL,2585.78,2609.75,2576.84,2593.3,1113413,2593.3
2019-12-19,GOOGL,2640.65,2683.37,2607.74,2645.56,1813728,2645.56
2019-12-20,GOOGL,2683.33,2745.78,2630.65,2688.21,2146540,2688.21
2019-12-23,GOOGL,2631.7,2674.84,2583.92,2629.38,990382,2629.38
2019-12-24,GOOGL,2657.23,2712.39,2597.46,2654.93,899149,2654.93
2019-12-25,GOOGL,2646.77,2686.31,2607.54,2646.92,1268536,2646.92
2019-12-26,GOOGL,2631.79,2670.69,2631.62,2651.16,1673506,2651.16
2019-12-27,GOOGL,2620.95,2634.98,2607.34,2621.16,1651291,2621.16
2019-12-30,GOOGL,2678.4,2726.07,2666.41,2696.24,678856,2696.24
2019-12-31,GOOGL,2721.73,2794.22,2690.24,2742.23,2577871,2742.23
2020-01-01,GOOGL,2734.16,2767.1,2654.31,2710.7,928537,2710.7
2020-01-02,GOOGL,2659.73,2683.12,2625.18,2654.15,1079281,2654.15
2020-01-03,GOOGL,2646.96,2677.89,2599.2,2638.54,836323,2638.54
2020-01-06,GOOGL,2652.45,2693.35,2622.0,2657.67,3531254,2657.67
2020-01-07,GOOGL,2690.46,2703.89,2633.38,2668.63,1322005,2668.63
2020-01-08,GOOGL,2730.93,2749.64,2697.2,2723.42,853791,2723.42
2020-01-09,GOOGL,2773.66,2780.13,2737.49,2758.81,1695352,2758.81
2020-01-10,GOOGL,2795.34,2827.74,2777.67,2802.7,1632276,2802.7
2020-01-13,GOOGL,2844.09,2844.09,2800.96,2818.17,1113191,2818.17
2020-01-14,GOOGL,2774.63,2781.67,2732.25,2756.96,1679614,2756.96
2020-01-15,GOOGL,2768.55,2768.55,2734.84,2749.09,862607,2749.09
2020-01-16,GOOGL,2778.54,2845.95,2747.81,2796.88,985263,2796.88
2020-01-17,GOOGL,2782.53,2827.0,2763.67,2795.33,536995,2795.33
2020-01-20,GOOGL,2806.61,2887.65,2749.74,2818.69,706622,2818.69
2020-01-21,GOOGL,2792.26,2830.01,2780.22,2805.12,2472856,2805.12
2020-01-22,GOOGL,2779.64,2792.92,2727.14,2760.03,2313804,2760.03
2020-01-23,GOOGL,2729.54,2788.83,2721.84,2755.33,1231997,2755.33
2020-01-24,GOOGL,2746.26,2784.06,2746.26,2769.74,2333791,2769.74
2020-01-27,GOOGL,2729.19,2801.31,2681.86,2741.58,1125572,2741.58
2020-01-28,GOOGL,2715.61,2747.42,2715.61,2732.01,1088670,2732.01
2020-01-29,GOOGL,2677.54,2756.06,2627.9,2691.98,1227434,2691.98
2020-01-30,GOOGL,2757.7,2803.99,2678.75,2741.37,1141511,2741.37
2020-01-31,GOOGL,2732.67,2772.1,2686.35,2729.23,1101026,2729.23
2020-02-03,GOOGL,2766.55,2838.52,2749.82,2794.17,1895875,2794.17
2020-02-04,GOOGL,2860.09,2915.9,2812.36,2864.13,1274272,2864.13
2020-02-05,GOOGL,2855.93,2897.65,2824.75,2861.2,1595702,2861.2
2020-02-06,GOOGL,2794.43,2866.71,2765.64,2816.17,1812802,2816.17
2020-02-07,GOOGL,2734.07,2740.54,2708.41,2724.47,1401573,2724.47
2020-02-10,GOOGL,2672.54,2677.97,2645.59,2661.78,814006,2661.78
2020-02-11,GOOGL,2616.12,2641.46,2567.78,2604.62,698496,2604.62
2020-02-12,GOOGL,2675.6,2706.02,2620.83,2663.43,1273582,2663.43
2020-02-13,GOOGL,2642.4,2729.83,2608.35,2669.09,1120549,2669.09
2020-02-14,GOOGL,2710.9,2710.9,2667.46,2686.51,1242689,2686.51
2020-02-17,GOOGL,2609.75,2649.09,2537.81,2593.45,1192318,2593.45
2020-02-18,GOOGL,2565.47,2568.32,2521.49,2544.91,3372826,2544.91
2020-02-19,GOOGL,2556.97,2615.25,2548.73,2581.99,704850,2581.99
2020-02-20,GOOGL,2617.08,2623.97,2565.17,2594.57,541367,2594.57
2020-02-21,GOOGL,2605.21,2622.83,2555.5,2589.17,1370632,2589.17
2020-02-24,GOOGL,2631.01,2634.32,2592.45,2613.38,1032262,2613.38
2020-02-25,GOOGL,2661.59,2723.86,2642.97,2683.42,1361720,2683.42
2020-02-26,GOOGL,2687.44,2730.93,2618.41,2674.67,1515696,2674.67
2020-02-27,GOOGL,2703.0,2715.41,2641.32,2678.37,2005640,2678.37
2020-02-28,GOOGL,2696.96,2727.17,2647.56,2687.37,656673,2687.37
2020-03-02,GOOGL,2796.92,2854.35,2731.6,2792.97,960438,2792.97
2020-03-03,GOOGL,2725.53,2753.11,2649.8,2701.45,1424507,2701.45
2020-03-04,GOOGL,2728.77,2772.34,2691.43,2731.89,1633144,2731.89
2020-03-05,GOOGL,2733.03,2755.31,2699.92,2727.62,2885509,2727.62
2020-03-06,GOOGL,2751.91,2815.71,2690.72,2753.21,1758749,2753.21
2020-03-09,GOOGL,2748.74,2770.22,2680.07,2725.15,1173048,2725.15
2020-03-10,GOOGL,2700.66,2749.42,2698.09,2723.75,840420,2723.75
2020-03-11,GOOGL,2755.75,2784.29,2727.07,2755.68,957533,2755.68
2020-03-12,GOOGL,2908.03,2958.22,2836.18,2897.2,946712,2897.2
2020-03-13,GOOGL,2952.84,2952.97,2918.43,2935.7,1559577,2935.7
2020-03-16,GOOGL,2901.73,2968.88,2824.95,2896.92,1329922,2896.92
2020-03-17,GOOGL,2901.66,2901.66,2856.23,2878.13,706707,2878.13
2020-03-18,GOOGL,2883.36,2917.9,2798.3,2858.1,1007992,2858.1
2020-03-19,GOOGL,2753.7,2813.73,2742.09,2777.91,1704617,2777.91
2020-03-20,GOOGL,2758.63,2805.06,2723.0,2764.03,1381246,2764.03
2020-03-23,GOOGL,2770.73,2860.65,2734.13,2797.39,1506485,2797.39
2020-03-24,GOOGL,2732.33,2778.03,2705.33,2741.68,1398625,2741.68
2020-03-25,GOOGL,2790.88,2832.74,2744.9,2788.82,2299964,2788.82
2020-03-26,GOOGL,2834.53,2834.53,2794.61,2811.43,1318821,2811.43
2020-03-27,GOOGL,2798.62,2798.62,2765.33,2779.36,1028305,2779.36
2020-03-30,GOOGL,2753.16,2801.27,2746.37,2773.82,831952,2773.82
2020-03-31,GOOGL,2823.28,2899.42,2793.47,2846.45,1325997,2846.45
2020-04-01,GOOGL,2885.98,2902.23,2859.45,2880.84,452051,2880.84
2020-04-02,GOOGL,2883.88,2902.99,2861.06,2882.02,1114723,2882.02
2020-04-03,GOOGL,2858.45,2909.83,2833.9,2871.87,1105155,2871.87
2020-04-06,GOOGL,2899.15,2927.82,2824.52,2876.17,695261,2876.17
2020-04-07,GOOGL,2877.88,2908.4,2798.59,2853.49,827799,2853.49
2020-04-08,GOOGL,2754.37,2783.4,2736.1,2759.75,1658949,2759.75
2020-04-09,GOOGL,2874.45,2874.45,2833.39,2852.19,1316012,2852.19
2020-04-10,GOOGL,2853.43,2928.16,2791.97,2860.06,1249866,2860.06
2020-04-13,GOOGL,2892.76,2908.53,2849.72,2879.12,1356435,2879.12
2020-04-14,GOOGL,2875.86,2940.73,2813.75,2877.24,1245295,2877.24
2020-04-15,GOOGL,2822.9,2907.71,2781.03,2844.37,1972825,2844.37
2020-04-16,GOOGL,2860.97,2894.7,2778.68,2836.69,1260732,2836.69
2020-04-17,GOOGL,2763.24,2788.94,2742.61,2765.77,669674,2765.77
2020-04-20,GOOGL,2882.64,2930.68,2807.68,2869.18,2303370,2869.18
2020-04-21,GOOGL,2806.35,2871.19,2756.47,2813.83,1391604,2813.83
2020-04-22,GOOGL,2741.86,2815.39,2721.62,2768.5,948019,2768.5
2020-04-23,GOOGL,2727.85,2782.11,2717.52,2749.82,726847,2749.82
2020-04-24,GOOGL,2807.63,2836.62,2779.06,2807.84,1405913,2807.84
2020-04-27,GOOGL,2819.93,2830.15,2788.36,2809.26,1145055,2809.26
2020-04-28,GOOGL,2745.88,2796.85,2713.13,2754.99,2252363,2754.99
2020-04-29,GOOGL,2822.6,2858.57,2764.63,2811.6,1044939,2811.6
2020-04-30,GOOGL,2856.76,2880.13,2810.78,2845.45,858446,2845.45
2020-05-01,GOOGL,2882.56,2912.5,2829.21,2870.85,1717105,2870.85
2020-05-04,GOOGL,2904.28,2940.35,2869.07,2904.71,1737477,2904.71
2020-05-05,GOOGL,3044.02,3072.77,2965.17,3018.97,1283745,3018.97
2020-05-06,GOOGL,3126.56,3199.24,3055.23,3127.23,1572810,3127.23
2020-05-07,GOOGL,3090.83,3119.52,3068.29,3093.9,1182045,3093.9
2020-05-08,GOOGL,3157.11,3216.32,3136.1,3176.21,1317673,3176.21
2020-05-11,GOOGL,3184.31,3221.6,3171.62,3196.61,1912321,3196.61
2020-05-12,GOOGL,3193.61,3279.51,3166.71,3223.11,1541026,3223.11
2020-05-13,GOOGL,3146.25,3199.3,3076.44,3137.87,1121437,3137.87
2020-05-14,GOOGL,3114.43,3204.17,3056.18,3130.18,2061155,3130.18
2020-05-15,GOOGL,3078.47,3123.26,3057.88,3090.57,465976,3090.57
2020-05-18,GOOGL,3149.61,3207.84,3057.45,3132.64,2726860,3132.64
2020-05-19,GOOGL,3176.64,3207.63,3167.69,3187.66,606493,3187.66
2020-05-20,GOOGL,3068.53,3137.05,3031.81,3084.43,933778,3084.43
2020-05-21,GOOGL,3063.77,3103.13,3063.77,3084.18,1180519,3084.18
2020-05-22,GOOGL,3158.16,3212.74,3069.05,3140.9,1131709,3140.9
2020-05-25,GOOGL,3109.18,3181.23,3083.53,3132.38,1794786,3132.38
2020-05-26,GOOGL,3167.06,3228.28,3111.71,3169.99,785988,3169.99
2020-05-27,GOOGL,3189.17,3257.7,3119.75,3188.72,1331929,3188.72
2020-05-28,GOOGL,3219.09,3232.75,3181.4,3207.07,952216,3207.07
2020-05-29,GOOGL,3202.57,3212.49,3175.62,3194.05,1350369,3194.05
2020-06-01,GOOGL,3152.8,3204.07,3062.59,3133.33,1169308,3133.33
2020-06-02,GOOGL,3050.42,3113.23,3043.66,3078.44,1245448,3078.44
2020-06-03,GOOGL,3101.75,3138.04,3090.82,3114.43,963051,3114.43
2020-06-04,GOOGL,3102.54,3161.02,3071.47,3116.25,978529,3116.25
2020-06-05,GOOGL,3088.17,3162.96,3057.43,3110.19,1346125,3110.19
2020-06-08,GOOGL,3076.98,3107.38,3072.65,3090.01,1750335,3090.01
2020-06-09,GOOGL,3064.09,3108.09,3043.51,3075.8,944603,3075.8
2020-06-10,GOOGL,3129.97,3146.3,3110.91,3128.6,847736,3128.6
2020-06-11,GOOGL,3122.9,3154.44,3070.98,3112.71,1533734,3112.71
2020-06-12,GOOGL,3040.22,3117.26,2977.67,3047.46,1184499,3047.46
2020-06-15,GOOGL,3098.32,3160.83,3008.73,3084.78,1672836,3084.78
2020-06-16,GOOGL,3065.44,3130.08,3020.96,3075.52,835272,3075.52
2020-06-17,GOOGL,3064.99,3103.24,3052.56,3077.9,588926,3077.9
2020-06-18,GOOGL,3161.56,3231.98,3085.93,3158.96,969591,3158.96
2020-06-19,GOOGL,3128.69,3207.18,3110.37,3158.78,883185,3158.78
2020-06-22,GOOGL,3147.61,3199.92,3147.61,3174.29,1162771,3174.29
2020-06-23,GOOGL,3110.71,3188.84,3042.8,3115.82,930143,3115.82
2020-06-24,GOOGL,3133.25,3168.31,3043.16,3105.73,1614020,3105.73
2020-06-25,GOOGL,3150.92,3198.62,3075.43,3137.02,1069361,3137.02
2020-06-26,GOOGL,3035.54,3119.47,3002.04,3060.75,1274445,3060.75
2020-06-29,GOOGL,3092.71,3099.1,3043.77,3071.44,1278100,3071.44
2020-06-30,GOOGL,3091.53,3105.6,3048.86,3077.23,1297323,3077.23
2020-07-01,GOOGL,3086.94,3137.9,3022.3,3080.1,1188473,3080.1
2020-07-02,GOOGL,3152.56,3161.92,3103.07,3132.49,1471911,3132.49
2020-07-03,GOOGL,3144.12,3193.55,3106.77,3150.16,872894,3150.16
2020-07-06,GOOGL,3208.45,3293.02,3159.83,3226.42,2100317,3226.42
2020-07-07,GOOGL,3177.16,3242.08,3110.72,3176.4,1091667,3176.4
2020-07-08,GOOGL,3187.29,3228.97,3139.4,3184.18,710136,3184.18
2020-07-09,GOOGL,3191.8,3255.83,3122.88,3189.36,1293757,3189.36
2020-07-10,GOOGL,3140.19,3204.39,3067.83,3136.11,853721,3136.11
2020-07-13,GOOGL,3213.91,3242.97,3127.69,3185.33,1565891,3185.33
2020-07-14,GOOGL,3333.54,3338.58,3275.29,3306.94,2904216,3306.94
2020-07-15,GOOGL,3331.79,3341.59,3272.28,3306.94,876071,3306.94
2020-07-16,GOOGL,3354.77,3372.34,3297.0,3334.67,1370630,3334.67
2020-07-17,GOOGL,3369.71,3369.71,3315.59,3340.09,594591,3340.09
2020-07-20,GOOGL,3276.55,3337.63,3268.51,3303.07,1438906,3303.07
2020-07-21,GOOGL,3194.03,3238.6,3179.62,3209.11,842009,3209.11
2020-07-22,GOOGL,3173.62,3218.71,3129.16,3173.94,934622,3173.94
2020-07-23,GOOGL,3126.39,3176.81,3032.94,3104.88,772446,3104.88
2020-07-24,GOOGL,3191.89,3214.19,3168.94,3191.56,1608306,3191.56
2020-07-27,GOOGL,3202.37,3248.39,3124.72,3186.56,1795427,3186.56
2020-07-28,GOOGL,3146.94,3229.25,3110.41,3169.83,1211277,3169.83
2020-07-29,GOOGL,3200.2,3238.36,3193.88,3216.12,849209,3216.12
2020-07-30,GOOGL,3174.42,3233.88,3085.67,3159.78,2266259,3159.78
2020-07-31,GOOGL,3101.16,3173.2,3070.98,3122.09,888836,3122.09
2020-08-03,GOOGL,3117.05,3164.72,3087.97,3126.34,505356,3126.34
2020-08-04,GOOGL,3164.15,3243.09,3115.1,3179.1,1441489,3179.1
2020-08-05,GOOGL,3195.96,3238.12,3173.06,3205.59,771369,3205.59
2020-08-06,GOOGL,3232.64,3279.97,3158.48,3219.23,1782051,3219.23
2020-08-07,GOOGL,3215.61,3242.81,3205.45,3224.13,1030316,3224.13
2020-08-10,GOOGL,3249.31,3316.44,3175.01,3245.72,1527766,3245.72
2020-08-11,GOOGL,3231.04,3302.58,3211.62,3257.1,2102068,3257.1
2020-08-12,GOOGL,3224.29,3261.57,3147.9,3204.74,739913,3204.74
2020-08-13,GOOGL,3199.62,3238.21,3177.74,3207.97,956902,3207.97
2020-08-14,GOOGL,3163.56,3212.67,3095.71,3154.19,1164222,3154.19
2020-08-17,GOOGL,3173.38,3223.73,3094.56,3159.14,2219633,3159.14
2020-08-18,GOOGL,3117.59,3181.15,3090.44,3135.79,922164,3135.79
2020-08-19,GOOGL,3291.85,3323.41,3210.02,3266.71,946031,3266.71
2020-08-20,GOOGL,3273.11,3311.65,3219.39,3265.52,1452923,3265.52
2020-08-21,GOOGL,3189.28,3266.92,3120.75,3193.84,952590,3193.84
2020-08-24,GOOGL,3167.6,3235.54,3140.17,3187.85,1275491,3187.85
2020-08-25,GOOGL,3243.77,3285.54,3145.12,3215.33,645136,3215.33
2020-08-26,GOOGL,3320.33,3372.94,3234.01,3303.48,2909710,3303.48
2020-08-27,GOOGL,3254.24,3316.6,3230.12,3273.36,699938,3273.36
2020-08-28,GOOGL,3182.03,3223.04,3161.74,3192.39,1055084,3192.39
2020-08-31,GOOGL,3255.3,3277.72,3192.81,3235.26,1184509,3235.26
2020-09-01,GOOGL,3177.83,3233.58,3097.31,3165.44,2578987,3165.44
2020-09-02,GOOGL,3161.0,3174.32,3114.25,3144.28,706369,3144.28
2020-09-03,GOOGL,3128.52,3180.72,3083.69,3132.2,2653297,3132.2
2020-09-04,GOOGL,3143.12,3195.67,3063.46,3129.57,1624487,3129.57
2020-09-07,GOOGL,3157.94,3203.33,3126.93,3165.13,1417875,3165.13
2020-09-08,GOOGL,3113.46,3187.43,3075.67,3131.55,809343,3131.55
2020-09-09,GOOGL,3126.99,3149.62,3087.79,3118.71,1507990,3118.71
2020-09-10,GOOGL,3148.54,3148.54,3096.43,3118.85,898460,3118.85
2020-09-11,GOOGL,3115.32,3192.49,3061.85,3127.17,1991695,3127.17
2020-09-14,GOOGL,3130.48,3154.79,3111.05,3132.92,813749,3132.92
2020-09-15,GOOGL,3166.69,3188.62,3122.8,3155.71,1146894,3155.71
2020-09-16,GOOGL,3202.13,3270.19,3128.76,3199.48,960993,3199.48
2020-09-17,GOOGL,3242.64,3258.93,3182.1,3220.52,808408,3220.52
2020-09-18,GOOGL,3261.84,3324.23,3165.48,3244.86,1614216,3244.86
2020-09-21,GOOGL,3136.65,3242.43,3086.77,3164.6,1486619,3164.6
2020-09-22,GOOGL,3199.59,3200.85,3135.17,3168.01,1946291,3168.01
2020-09-23,GOOGL,3209.39,3211.86,3174.69,3193.27,588823,3193.27
2020-09-24,GOOGL,3255.13,3293.34,3169.89,3231.62,1836735,3231.62
2020-09-25,GOOGL,3206.55,3241.7,3152.06,3196.88,3269055,3196.88
2020-09-28,GOOGL,3186.76,3186.76,3142.01,3164.21,1001666,3164.21
2020-09-29,GOOGL,3111.82,3196.19,3076.07,3136.13,2560956,3136.13
2020-09-30,GOOGL,3154.39,3181.82,3146.23,3164.02,1080103,3164.02
2020-10-01,GOOGL,3241.9,3289.76,3145.59,3217.67,693057,3217.67
2020-10-02,GOOGL,3178.56,3222.49,3172.78,3197.64,1061909,3197.64
2020-10-05,GOOGL,3217.94,3269.8,3217.94,3245.31,1825042,3245.31
2020-10-06,GOOGL,3271.36,3280.3,3224.92,3252.61,858173,3252.61
2020-10-07,GOOGL,3268.82,3325.63,3168.44,3247.03,943825,3247.03
2020-10-08,GOOGL,3215.11,3298.01,3175.89,3236.95,1521561,3236.95
2020-10-09,GOOGL,3299.96,3345.64,3207.84,3276.74,1201469,3276.74
2020-10-12,GOOGL,3307.06,3337.43,3252.08,3294.75,1516144,3294.75
2020-10-13,GOOGL,3419.24,3457.94,3377.79,3417.87,1319764,3417.87
2020-10-14,GOOGL,3394.77,3405.17,3339.82,3372.49,1453786,3372.49
2020-10-15,GOOGL,3396.0,3451.2,3351.79,3401.49,1009445,3401.49
2020-10-16,GOOGL,3353.08,3427.83,3319.63,3373.73,1316549,3373.73
2020-10-19,GOOGL,3313.72,3386.73,3269.34,3328.04,828094,3328.04
2020-10-20,GOOGL,3328.71,3362.12,3294.61,3328.36,2009116,3328.36
2020-10-21,GOOGL,3338.68,3416.58,3256.6,3336.59,931100,3336.59
2020-10-22,GOOGL,3518.4,3526.38,3467.67,3497.03,1884873,3497.03
2020-10-23,GOOGL,3508.01,3572.48,3402.89,3487.69,1092948,3487.69
2020-10-26,GOOGL,3431.69,3444.27,3407.97,3426.12,1300984,3426.12
2020-10-27,GOOGL,3461.38,3492.38,3391.72,3442.05,984457,3442.05
2020-10-28,GOOGL,3310.05,3369.44,3291.72,3330.58,799253,3330.58
2020-10-29,GOOGL,3296.65,3373.1,3280.07,3326.59,597152,3326.59
2020-10-30,GOOGL,3353.22,3382.97,3273.71,3328.34,786778,3328.34
2020-11-02,GOOGL,3343.22,3418.08,3325.61,3371.85,1054174,3371.85
2020-11-03,GOOGL,3408.36,3471.27,3380.16,3425.72,1306136,3425.72
2020-11-04,GOOGL,3412.43,3465.96,3332.34,3399.15,1797637,3399.15
2020-11-05,GOOGL,3385.75,3455.38,3328.4,3391.89,1004026,3391.89
2020-11-06,GOOGL,3376.7,3424.09,3278.87,3351.48,843274,3351.48
2020-11-09,GOOGL,3279.12,3325.35,3259.5,3292.43,673838,3292.43
2020-11-10,GOOGL,3277.38,3366.59,3252.8,3309.69,1454041,3309.69
2020-11-11,GOOGL,3230.88,3298.0,3189.63,3243.81,2086732,3243.81
2020-11-12,GOOGL,3228.27,3263.19,3183.29,3223.24,1991431,3223.24
2020-11-13,GOOGL,3165.31,3219.9,3126.47,3173.19,1594076,3173.19
2020-11-16,GOOGL,3204.32,3238.19,3165.98,3202.09,1549200,3202.09
2020-11-17,GOOGL,3321.45,3322.46,3270.79,3296.62,2366402,3296.62
2020-11-18,GOOGL,3256.2,3259.51,3199.6,3229.56,1370470,3229.56
2020-11-19,GOOGL,3121.39,3158.36,3113.77,3136.06,1553908,3136.06
2020-11-20,GOOGL,3128.29,3189.08,3072.23,3130.66,1055493,3130.66
2020-11-23,GOOGL,3135.37,3189.35,3075.24,3132.29,695937,3132.29
2020-11-24,GOOGL,3172.37,3219.62,3068.63,3144.13,912818,3144.13
2020-11-25,GOOGL,3153.74,3183.79,3061.42,3122.6,1195611,3122.6
2020-11-26,GOOGL,3096.97,3132.25,3094.63,3113.44,1229534,3113.44
2020-11-27,GOOGL,3146.88,3203.72,3061.59,3132.66,2593052,3132.66
2020-11-30,GOOGL,3178.34,3257.01,3115.21,3186.11,1239654,3186.11
2020-12-01,GOOGL,3058.44,3131.66,3046.0,3088.83,1922947,3088.83
2020-12-02,GOOGL,3041.34,3122.83,3020.13,3071.48,1008325,3071.48
2020-12-03,GOOGL,3080.41,3158.44,3007.25,3082.85,1059345,3082.85
2020-12-04,GOOGL,3038.01,3086.27,2991.18,3038.72,705194,3038.72
2020-12-07,GOOGL,3095.08,3197.12,3052.71,3124.92,891714,3124.92
2020-12-08,GOOGL,3105.72,3114.76,3073.54,3094.15,1481587,3094.15
2020-12-09,GOOGL,3080.21,3120.23,3065.67,3092.95,1203634,3092.95
2020-12-10,GOOGL,3125.18,3164.56,3078.31,3121.44,1749792,3121.44
2020-12-11,GOOGL,3080.57,3144.52,3041.25,3092.89,1290233,3092.89
2020-12-14,GOOGL,2983.66,3067.71,2939.61,3003.66,1042206,3003.66
2020-12-15,GOOGL,2978.4,3057.84,2910.04,2983.94,2833861,2983.94
2020-12-16,GOOGL,3018.07,3073.09,2995.55,3034.32,1155762,3034.32
2020-12-17,GOOGL,3020.93,3036.79,3000.87,3018.83,1910799,3018.83
2020-12-18,GOOGL,2961.09,3041.66,2916.4,2979.03,1022078,2979.03
2020-12-21,GOOGL,3024.81,3075.98,2972.63,3024.31,1593864,3024.31
2020-12-22,GOOGL,2988.54,3036.16,2982.17,3009.16,1739378,3009.16
2020-12-23,GOOGL,2995.72,3029.98,2941.04,2985.51,1304367,2985.51
2020-12-24,GOOGL,3008.67,3052.88,2934.06,2993.47,467913,2993.47
2020-12-25,GOOGL,3007.82,3093.31,2969.57,3031.44,1208793,3031.44
2020-12-28,GOOGL,3148.02,3197.27,3102.82,3150.05,1963062,3150.05
2020-12-29,GOOGL,3165.48,3228.34,3157.43,3192.89,1481883,3192.89
2020-12-30,GOOGL,3259.96,3333.21,3173.94,3253.58,1434271,3253.58
2020-12-31,GOOGL,3213.01,3287.19,3169.25,3228.22,602552,3228.22
2021-01-01,GOOGL,3178.28,3218.35,3134.71,3176.53,899550,3176.53
2021-01-04,GOOGL,3181.67,3214.31,3146.82,3180.56,1414625,3180.56
2021-01-05,GOOGL,3213.94,3249.42,3124.36,3186.89,1414073,3186.89
2021-01-06,GOOGL,3136.3,3164.06,3102.38,3133.22,1950699,3133.22
2021-01-07,GOOGL,3130.48,3151.65,3098.93,3125.29,1132440,3125.29
2021-01-08,GOOGL,3139.99,3195.25,3097.11,3146.18,1411497,3146.18
2021-01-11,GOOGL,3193.66,3199.42,3131.05,3165.24,1207885,3165.24
2021-01-12,GOOGL,3209.44,3247.85,3135.64,3191.75,808596,3191.75
2021-01-13,GOOGL,3193.75,3231.12,3183.91,3207.51,486754,3207.51
2021-01-14,GOOGL,3204.37,3240.06,3124.86,3182.46,1425789,3182.46
2021-01-15,GOOGL,3152.99,3190.94,3123.59,3157.26,1286467,3157.26
2021-01-18,GOOGL,3118.48,3118.48,3082.61,3098.12,937115,3098.12
2021-01-19,GOOGL,3209.32,3212.77,3164.69,3188.73,627916,3188.73
2021-01-20,GOOGL,3170.43,3265.8,3114.76,3190.28,1543754,3190.28
2021-01-21,GOOGL,3192.48,3250.75,3108.63,3179.69,1078912,3179.69
2021-01-22,GOOGL,3120.52,3163.95,3103.33,3133.64,1499409,3133.64
2021-01-25,GOOGL,3271.93,3352.8,3217.66,3285.23,2529295,3285.23
2021-01-26,GOOGL,3217.02,3285.64,3174.71,3230.18,509538,3230.18
2021-01-27,GOOGL,3223.44,3287.32,3130.6,3208.96,907085,3208.96
2021-01-28,GOOGL,3213.8,3271.56,3190.96,3231.26,1103593,3231.26
2021-01-29,GOOGL,3230.75,3324.12,3202.54,3263.33,2147387,3263.33
2021-02-01,GOOGL,3328.9,3335.42,3293.85,3314.63,623604,3314.63
2021-02-02,GOOGL,3390.38,3456.94,3368.71,3412.82,2603003,3412.82
2021-02-03,GOOGL,3414.29,3525.06,3357.96,3441.51,1267015,3441.51
2021-02-04,GOOGL,3367.0,3438.18,3331.36,3384.77,1154793,3384.77
2021-02-05,GOOGL,3363.7,3408.07,3335.53,3371.8,1108599,3371.8
2021-02-08,GOOGL,3387.74,3414.47,3364.27,3389.37,1007846,3389.37
2021-02-09,GOOGL,3472.44,3571.19,3437.53,3504.36,1824978,3504.36
2021-02-10,GOOGL,3460.05,3489.14,3366.44,3427.79,782636,3427.79
2021-02-11,GOOGL,3510.44,3538.95,3451.72,3495.33,1377798,3495.33
2021-02-12,GOOGL,3493.96,3590.58,3422.14,3506.36,1029063,3506.36
2021-02-15,GOOGL,3541.76,3574.0,3535.3,3554.65,884677,3554.65
2021-02-16,GOOGL,3546.17,3589.13,3510.51,3549.82,3376067,3549.82
2021-02-17,GOOGL,3512.09,3585.3,3421.19,3503.24,1418985,3503.24
2021-02-18,GOOGL,3521.47,3587.05,3506.05,3546.55,1533615,3546.55
2021-02-19,GOOGL,3562.55,3620.87,3548.85,3584.86,1891617,3584.86
2021-02-22,GOOGL,3668.22,3699.16,3584.91,3642.04,679622,3642.04
2021-02-23,GOOGL,3624.5,3720.47,3564.03,3642.25,2418719,3642.25
2021-02-24,GOOGL,3599.8,3633.93,3582.96,3608.45,439876,3608.45
2021-02-25,GOOGL,3546.66,3604.52,3436.52,3520.52,882333,3520.52
2021-02-26,GOOGL,3579.59,3642.52,3493.37,3567.95,998709,3567.95
2021-03-01,GOOGL,3581.83,3624.2,3562.22,3593.21,1514387,3593.21
2021-03-02,GOOGL,3552.07,3607.16,3470.98,3539.07,1309714,3539.07
2021-03-03,GOOGL,3475.95,3554.23,3465.09,3509.66,1122541,3509.66
2021-03-04,GOOGL,3500.92,3529.95,3439.04,3484.5,1194255,3484.5
2021-03-05,GOOGL,3402.83,3474.06,3333.37,3403.71,811486,3403.71
2021-03-08,GOOGL,3381.44,3441.9,3278.88,3360.39,659303,3360.39
2021-03-09,GOOGL,3330.89,3330.89,3276.01,3300.87,1604682,3300.87
2021-03-10,GOOGL,3307.98,3324.05,3236.06,3280.05,1583763,3280.05
2021-03-11,GOOGL,3268.94,3289.8,3195.0,3242.4,2261705,3242.4
2021-03-12,GOOGL,3160.71,3199.52,3120.36,3159.94,874865,3159.94
2021-03-15,GOOGL,3255.63,3304.8,3224.72,3264.76,1583199,3264.76
2021-03-16,GOOGL,3329.42,3351.89,3311.61,3331.75,1071263,3331.75
2021-03-17,GOOGL,3303.88,3352.96,3229.79,3291.38,1931914,3291.38
2021-03-18,GOOGL,3332.05,3352.04,3261.27,3306.65,1805985,3306.65
2021-03-19,GOOGL,3310.21,3359.34,3300.1,3329.72,1305786,3329.72
2021-03-22,GOOGL,3423.1,3467.09,3322.33,3394.71,1047608,3394.71
2021-03-23,GOOGL,3372.57,3422.0,3280.89,3351.45,1762431,3351.45
2021-03-24,GOOGL,3444.12,3461.69,3361.21,3411.45,1554390,3411.45
2021-03-25,GOOGL,3408.32,3419.7,3345.49,3382.59,912602,3382.59
2021-03-26,GOOGL,3297.39,3370.79,3253.14,3311.96,705535,3311.96
2021-03-29,GOOGL,3325.06,3387.54,3315.4,3351.47,1069197,3351.47
2021-03-30,GOOGL,3395.8,3455.6,3389.07,3422.34,2200065,3422.34
2021-03-31,GOOGL,3553.09,3637.96,3498.02,3567.99,1898219,3567.99
2021-04-01,GOOGL,3509.1,3521.43,3480.78,3501.1,769042,3501.1
2021-04-02,GOOGL,3562.99,3565.86,3517.02,3541.44,752178,3541.44
2021-04-05,GOOGL,3547.35,3547.35,3501.18,3519.25,1998096,3519.25
2021-04-06,GOOGL,3573.43,3593.34,3535.88,3564.61,761905,3564.61
2021-04-07,GOOGL,3448.23,3504.89,3448.23,3482.67,1471143,3482.67
2021-04-08,GOOGL,3392.52,3499.0,3328.87,3413.94,937904,3413.94
2021-04-09,GOOGL,3345.74,3409.08,3336.39,3372.74,2291346,3372.74
2021-04-12,GOOGL,3368.68,3404.89,3350.94,3377.92,881748,3377.92
2021-04-13,GOOGL,3344.45,3377.2,3311.51,3344.36,1895847,3344.36
2021-04-14,GOOGL,3349.86,3460.93,3300.53,3380.73,1292095,3380.73
2021-04-15,GOOGL,3427.25,3490.62,3384.72,3437.67,1327369,3437.67
2021-04-16,GOOGL,3449.47,3514.44,3429.06,3471.75,545636,3471.75
2021-04-19,GOOGL,3574.3,3643.88,3483.74,3563.81,497159,3563.81
2021-04-20,GOOGL,3586.02,3634.87,3542.29,3588.58,1098664,3588.58
2021-04-21,GOOGL,3520.01,3561.53,3479.15,3520.34,1324564,3520.34
2021-04-22,GOOGL,3593.75,3631.87,3566.04,3598.96,765093,3598.96
2021-04-23,GOOGL,3597.76,3610.01,3520.48,3565.25,776346,3565.25
2021-04-26,GOOGL,3597.9,3659.56,3577.53,3618.55,1502169,3618.55
2021-04-27,GOOGL,3713.06,3780.67,3642.99,3711.83,1503000,3711.83
2021-04-28,GOOGL,3757.72,3780.43,3699.7,3740.07,1135672,3740.07
2021-04-29,GOOGL,3656.74,3713.02,3592.16,3652.59,1639517,3652.59
2021-04-30,GOOGL,3631.19,3631.19,3577.55,3600.3,750242,3600.3
2021-05-03,GOOGL,3669.33,3710.77,3645.84,3678.31,1040756,3678.31
2021-05-04,GOOGL,3666.7,3717.61,3621.12,3669.37,2319780,3669.37
2021-05-05,GOOGL,3644.8,3762.28,3587.8,3675.04,1233246,3675.04
2021-05-06,GOOGL,3729.06,3767.62,3674.26,3720.94,1262187,3720.94
2021-05-07,GOOGL,3747.71,3832.46,3694.85,3763.66,3018319,3763.66
2021-05-10,GOOGL,3755.82,3819.71,3743.31,3781.51,685631,3781.51
2021-05-11,GOOGL,3773.29,3798.36,3741.5,3769.93,1650195,3769.93
2021-05-12,GOOGL,3754.56,3775.29,3728.99,3752.14,2334776,3752.14
2021-05-13,GOOGL,3772.76,3847.3,3762.76,3805.03,1053774,3805.03
2021-05-14,GOOGL,3855.15,3871.24,3808.62,3839.93,1692444,3839.93
2021-05-17,GOOGL,3834.66,3857.63,3792.75,3825.19,810190,3825.19
2021-05-18,GOOGL,3868.84,3971.76,3814.36,3893.06,911766,3893.06
2021-05-19,GOOGL,3883.71,3906.75,3865.42,3886.08,1399770,3886.08
2021-05-20,GOOGL,3851.43,3896.48,3772.58,3834.53,1651606,3834.53
2021-05-21,GOOGL,3791.51,3836.98,3741.58,3789.28,1878918,3789.28
2021-05-24,GOOGL,3723.62,3787.88,3674.96,3731.42,2248296,3731.42
2021-05-25,GOOGL,3702.99,3776.61,3655.79,3716.2,1168058,3716.2
2021-05-26,GOOGL,3799.69,3834.03,3748.6,3791.32,1934340,3791.32
2021-05-27,GOOGL,3776.69,3784.62,3702.99,3743.81,1046445,3743.81
2021-05-28,GOOGL,3769.04,3830.01,3682.26,3756.14,1721434,3756.14
2021-05-31,GOOGL,3686.27,3801.27,3634.51,3717.89,1303844,3717.89
2021-06-01,GOOGL,3700.53,3736.23,3670.66,3703.44,1434179,3703.44
2021-06-02,GOOGL,3644.29,3644.29,3590.88,3616.02,1421517,3616.02
2021-06-03,GOOGL,3575.03,3687.0,3521.53,3604.27,631561,3604.27
2021-06-04,GOOGL,3629.23,3637.21,3550.97,3594.09,765422,3594.09
2021-06-07,GOOGL,3658.85,3684.4,3568.16,3626.28,1250243,3626.28
2021-06-08,GOOGL,3609.54,3684.63,3595.87,3640.25,611041,3640.25
2021-06-09,GOOGL,3603.05,3603.05,3545.24,3572.08,1673313,3572.08
2021-06-10,GOOGL,3625.63,3696.61,3574.55,3635.58,1700536,3635.58
2021-06-11,GOOGL,3673.98,3705.39,3592.26,3648.83,1367781,3648.83
2021-06-14,GOOGL,3655.45,3694.59,3628.25,3661.42,766337,3661.42
2021-06-15,GOOGL,3657.55,3713.28,3610.48,3661.88,2084183,3661.88
2021-06-16,GOOGL,3642.41,3708.72,3556.59,3632.66,2710697,3632.66
2021-06-17,GOOGL,3666.35,3707.62,3585.04,3646.33,1272714,3646.33
2021-06-18,GOOGL,3640.91,3700.68,3640.91,3675.18,1471872,3675.18
2021-06-21,GOOGL,3581.52,3631.91,3517.8,3574.86,1300848,3574.86
2021-06-22,GOOGL,3522.92,3612.69,3477.58,3545.14,1483596,3545.14
2021-06-23,GOOGL,3520.78,3605.31,3458.02,3531.66,1143962,3531.66
2021-06-24,GOOGL,3536.35,3609.5,3484.77,3547.13,1183523,3547.13
2021-06-25,GOOGL,3614.26,3645.62,3587.37,3616.49,1723933,3616.49
2021-06-28,GOOGL,3561.23,3641.7,3504.47,3573.08,3066605,3573.08
2021-06-29,GOOGL,3517.85,3611.45,3479.93,3545.69,685431,3545.69
2021-06-30,GOOGL,3492.76,3537.0,3492.76,3517.69,1151190,3517.69
2021-07-01,GOOGL,3441.4,3519.79,3427.84,3473.81,748366,3473.81
2021-07-02,GOOGL,3453.45,3495.8,3415.22,3455.51,2268528,3455.51
2021-07-05,GOOGL,3531.15,3563.69,3434.99,3499.34,948594,3499.34
2021-07-06,GOOGL,3415.31,3473.85,3409.68,3441.77,673707,3441.77
2021-07-07,GOOGL,3497.29,3524.65,3408.06,3466.35,1548979,3466.35
2021-07-08,GOOGL,3389.9,3452.65,3295.65,3374.15,2411010,3374.15
2021-07-09,GOOGL,3354.09,3414.99,3274.8,3344.89,1564804,3344.89
2021-07-12,GOOGL,3337.88,3406.19,3250.23,3328.21,1302441,3328.21
2021-07-13,GOOGL,3441.88,3503.55,3335.52,3419.53,1413371,3419.53
2021-07-14,GOOGL,3378.69,3423.21,3378.69,3405.46,2113315,3405.46
2021-07-15,GOOGL,3288.81,3345.9,3231.1,3288.5,845896,3288.5
2021-07-16,GOOGL,3198.42,3228.09,3143.62,3185.86,1147496,3185.86
2021-07-19,GOOGL,3194.0,3259.23,3117.69,3188.46,1001246,3188.46
2021-07-20,GOOGL,3242.24,3253.13,3188.48,3220.8,752146,3220.8
2021-07-21,GOOGL,3213.36,3320.89,3161.29,3241.09,1052292,3241.09
2021-07-22,GOOGL,3263.07,3306.83,3194.52,3250.67,1869012,3250.67
2021-07-23,GOOGL,3314.85,3381.73,3243.46,3312.59,1505255,3312.59
2021-07-26,GOOGL,3277.07,3307.06,3262.96,3285.01,1552778,3285.01
2021-07-27,GOOGL,3322.64,3362.19,3304.39,3333.29,1272408,3333.29
2021-07-28,GOOGL,3256.11,3313.77,3182.75,3248.26,1479421,3248.26
2021-07-29,GOOGL,3227.48,3227.48,3185.02,3202.44,871173,3202.44
2021-07-30,GOOGL,3111.78,3178.42,3045.62,3112.02,1060263,3112.02
2021-08-02,GOOGL,3119.33,3119.33,3082.85,3099.21,1295793,3099.21
2021-08-03,GOOGL,3091.69,3153.96,3041.56,3097.76,1340882,3097.76
2021-08-04,GOOGL,3079.58,3142.45,3066.07,3104.26,1363966,3104.26
2021-08-05,GOOGL,3080.92,3161.74,3054.63,3108.18,1135402,3108.18
2021-08-06,GOOGL,3035.74,3121.19,3005.27,3063.23,1031848,3063.23
2021-08-09,GOOGL,3047.43,3090.95,3018.55,3054.75,4243676,3054.75
2021-08-10,GOOGL,2973.53,3004.6,2961.88,2983.24,1724671,2983.24
2021-08-11,GOOGL,3063.15,3069.35,3030.36,3049.85,1415638,3049.85
2021-08-12,GOOGL,3050.64,3086.84,2984.96,3035.9,1093122,3035.9
2021-08-13,GOOGL,2986.0,3059.5,2966.62,3013.06,1001835,3013.06
2021-08-16,GOOGL,3074.25,3152.84,3030.14,3091.49,1138829,3091.49
2021-08-17,GOOGL,3017.79,3077.54,2985.41,3031.47,1349120,3031.47
2021-08-18,GOOGL,2981.01,3018.23,2938.12,2978.18,565608,2978.18
2021-08-19,GOOGL,2906.38,2965.13,2889.25,2927.19,640546,2927.19
2021-08-20,GOOGL,2903.4,2940.98,2903.4,2924.81,930129,2924.81
2021-08-23,GOOGL,2972.03,2980.38,2911.38,2945.88,1303662,2945.88
2021-08-24,GOOGL,2999.9,3054.88,2908.65,2981.76,1090473,2981.76
2021-08-25,GOOGL,3088.02,3177.71,3038.04,3107.87,2167490,3107.87
2021-08-26,GOOGL,2993.22,3033.57,2964.07,2998.82,663227,2998.82
2021-08-27,GOOGL,3020.25,3079.75,2978.24,3029.0,888503,3029.0
2021-08-30,GOOGL,3020.41,3068.83,2937.03,3002.93,2204185,3002.93
2021-08-31,GOOGL,2976.31,3016.84,2934.56,2975.7,1264616,2975.7
2021-09-01,GOOGL,2925.2,2962.93,2925.2,2947.14,1709598,2947.14
2021-09-02,GOOGL,2919.27,2924.24,2886.53,2905.39,2725959,2905.39
2021-09-03,GOOGL,2979.41,3030.97,2940.17,2985.57,909190,2985.57
2021-09-06,GOOGL,3012.55,3100.72,2953.08,3026.9,1153263,3026.9
2021-09-07,GOOGL,3021.31,3085.98,2971.71,3028.85,1076107,3028.85
2021-09-08,GOOGL,3095.74,3115.75,3076.0,3095.88,549077,3095.88
2021-09-09,GOOGL,3013.19,3049.24,2996.11,3022.67,1059887,3022.67
2021-09-10,GOOGL,2944.53,3020.26,2899.35,2959.8,1707015,2959.8
2021-09-13,GOOGL,2853.41,2921.63,2796.8,2859.22,1489674,2859.22
2021-09-14,GOOGL,2800.97,2877.25,2779.09,2828.17,1537188,2828.17
2021-09-15,GOOGL,2851.72,2887.0,2785.53,2836.26,1032639,2836.26
2021-09-16,GOOGL,2823.01,2857.53,2823.01,2841.71,923008,2841.71
2021-09-17,GOOGL,2823.29,2910.74,2787.82,2849.28,1993763,2849.28
2021-09-20,GOOGL,2795.0,2844.29,2728.57,2786.43,983531,2786.43
2021-09-21,GOOGL,2838.71,2851.98,2794.5,2823.24,1349797,2823.24
2021-09-22,GOOGL,2852.65,2889.21,2780.5,2834.85,1281018,2834.85
2021-09-23,GOOGL,2868.71,2895.75,2842.41,2869.08,2153314,2869.08
2021-09-24,GOOGL,2767.85,2800.42,2767.85,2784.25,1769835,2784.25
2021-09-27,GOOGL,2812.2,2824.18,2773.67,2798.92,714778,2798.92
2021-09-28,GOOGL,2757.95,2770.53,2723.43,2746.98,746246,2746.98
2021-09-29,GOOGL,2716.46,2762.41,2698.22,2730.32,1512683,2730.32
2021-09-30,GOOGL,2776.73,2791.34,2717.69,2754.51,1169511,2754.51
2021-10-01,GOOGL,2737.45,2801.14,2717.42,2759.28,1000252,2759.28
2021-10-04,GOOGL,2748.96,2762.25,2683.11,2722.68,1801415,2722.68
2021-10-05,GOOGL,2743.32,2752.06,2695.33,2723.69,1293439,2723.69
2021-10-06,GOOGL,2668.48,2673.33,2643.64,2658.48,1225445,2658.48
2021-10-07,GOOGL,2732.37,2754.92,2662.28,2708.6,1639273,2708.6
2021-10-08,GOOGL,2712.46,2735.33,2665.58,2700.45,1032804,2700.45
2021-10-11,GOOGL,2732.94,2780.14,2719.79,2749.97,2247299,2749.97
2021-10-12,GOOGL,2724.48,2788.57,2666.71,2727.64,875554,2727.64
2021-10-13,GOOGL,2682.43,2759.56,2651.68,2705.62,1560635,2705.62
2021-10-14,GOOGL,2667.57,2732.7,2614.24,2673.47,2129430,2673.47
2021-10-15,GOOGL,2725.05,2752.35,2671.54,2711.95,691704,2711.95
2021-10-18,GOOGL,2675.98,2702.5,2661.63,2682.07,1046014,2682.07
2021-10-19,GOOGL,2701.41,2761.91,2659.31,2710.61,1894972,2710.61
2021-10-20,GOOGL,2699.95,2719.39,2670.23,2694.81,1906405,2694.81
2021-10-21,GOOGL,2631.09,2647.76,2575.55,2611.65,1120442,2611.65
2021-10-22,GOOGL,2565.21,2604.94,2565.21,2588.63,894449,2588.63
2021-10-25,GOOGL,2535.13,2595.59,2486.3,2540.95,1758912,2540.95
2021-10-26,GOOGL,2525.63,2562.14,2523.9,2543.02,1926569,2543.02
2021-10-27,GOOGL,2505.47,2553.27,2438.16,2495.72,753110,2495.72
2021-10-28,GOOGL,2513.68,2590.12,2477.2,2533.66,741378,2533.66
2021-10-29,GOOGL,2539.0,2566.82,2494.49,2530.66,1313143,2530.66
2021-11-01,GOOGL,2513.37,2574.36,2473.96,2524.16,1543520,2524.16
2021-11-02,GOOGL,2536.12,2595.85,2507.12,2551.48,1064700,2551.48
2021-11-03,GOOGL,2614.46,2646.43,2537.26,2591.84,1574659,2591.84
2021-11-04,GOOGL,2566.76,2627.06,2556.37,2591.72,903270,2591.72
2021-11-05,GOOGL,2557.44,2613.68,2507.58,2560.63,515016,2560.63
2021-11-08,GOOGL,2465.83,2525.12,2454.17,2489.65,1012842,2489.65
2021-11-09,GOOGL,2462.33,2521.81,2404.47,2463.14,1230738,2463.14
2021-11-10,GOOGL,2439.65,2475.53,2403.67,2439.6,1074639,2439.6
2021-11-11,GOOGL,2435.73,2479.28,2409.61,2444.45,754937,2444.45
2021-11-12,GOOGL,2413.76,2481.98,2381.31,2431.64,580457,2431.64
2021-11-15,GOOGL,2453.15,2511.93,2406.52,2459.23,976955,2459.23
2021-11-16,GOOGL,2444.28,2475.08,2396.69,2435.89,1718383,2435.89
2021-11-17,GOOGL,2448.08,2455.25,2413.4,2434.33,1983376,2434.33
2021-11-18,GOOGL,2483.08,2517.18,2445.93,2481.56,1929781,2481.56
2021-11-19,GOOGL,2500.33,2556.65,2435.04,2495.84,865851,2495.84
2021-11-22,GOOGL,2479.19,2544.16,2444.1,2494.13,756418,2494.13
2021-11-23,GOOGL,2460.38,2523.33,2418.45,2470.89,1463711,2470.89
2021-11-24,GOOGL,2430.11,2460.49,2430.11,2446.65,1547068,2446.65
2021-11-25,GOOGL,2402.13,2448.9,2379.57,2414.23,1408308,2414.23
2021-11-26,GOOGL,2380.9,2437.01,2351.15,2394.08,536170,2394.08
2021-11-29,GOOGL,2424.8,2476.22,2371.5,2423.86,848375,2423.86
2021-11-30,GOOGL,2418.95,2430.39,2401.47,2415.93,1185833,2415.93
2021-12-01,GOOGL,2386.0,2417.1,2312.81,2364.95,1458208,2364.95
2021-12-02,GOOGL,2418.66,2472.33,2394.62,2433.48,1631083,2433.48
2021-12-03,GOOGL,2453.56,2468.52,2424.74,2446.63,1271278,2446.63
2021-12-06,GOOGL,2408.0,2419.97,2365.67,2392.82,1369759,2392.82
2021-12-07,GOOGL,2379.47,2401.89,2351.33,2376.61,1241434,2376.61
2021-12-08,GOOGL,2369.81,2418.67,2344.29,2381.48,1578648,2381.48
2021-12-09,GOOGL,2436.36,2462.76,2433.22,2447.99,1359977,2447.99
2021-12-10,GOOGL,2383.46,2425.28,2383.46,2405.62,1231972,2405.62
2021-12-13,GOOGL,2434.64,2496.1,2392.2,2444.15,1077856,2444.15
2021-12-14,GOOGL,2512.41,2519.31,2481.05,2500.18,1239661,2500.18
2021-12-15,GOOGL,2453.42,2499.77,2451.89,2475.83,1456677,2475.83
2021-12-16,GOOGL,2451.69,2500.21,2430.85,2465.53,1335507,2465.53
2021-12-17,GOOGL,2435.65,2462.86,2388.43,2425.65,1397454,2425.65
2021-12-20,GOOGL,2432.09,2467.45,2369.39,2418.42,2053222,2418.42
2021-12-21,GOOGL,2415.5,2451.38,2383.94,2417.66,1334273,2417.66
2021-12-22,GOOGL,2453.66,2494.81,2393.15,2443.98,925632,2443.98
2021-12-23,GOOGL,2482.09,2530.86,2444.46,2487.66,1708753,2487.66
2021-12-24,GOOGL,2442.01,2476.59,2440.88,2458.73,694781,2458.73
2021-12-27,GOOGL,2378.34,2402.56,2363.82,2383.19,778610,2383.19
2021-12-28,GOOGL,2386.84,2415.77,2350.28,2383.03,1372536,2383.03
2021-12-29,GOOGL,2416.36,2425.88,2363.91,2394.9,1475327,2394.9
2021-12-30,GOOGL,2384.38,2452.92,2357.34,2405.13,729278,2405.13
2021-12-31,GOOGL,2393.6,2433.0,2353.48,2393.24,1029624,2393.24
2022-01-03,GOOGL,2390.47,2429.29,2368.06,2398.68,941659,2398.68
2022-01-04,GOOGL,2458.62,2478.9,2437.53,2458.22,987726,2458.22
2022-01-05,GOOGL,2450.4,2497.54,2450.36,2473.95,1750253,2473.95
2022-01-06,GOOGL,2450.68,2500.5,2419.27,2459.88,1591892,2459.88
2022-01-07,GOOGL,2456.55,2473.81,2408.06,2440.94,1190856,2440.94
2022-01-10,GOOGL,2437.6,2472.23,2397.72,2434.98,964579,2434.98
2022-01-11,GOOGL,2497.79,2521.3,2479.23,2500.26,699395,2500.26
2022-01-12,GOOGL,2482.92,2539.15,2448.09,2493.62,2117837,2493.62
2022-01-13,GOOGL,2483.44,2548.49,2438.53,2493.51,1520694,2493.51
2022-01-14,GOOGL,2469.23,2500.16,2449.87,2475.01,904524,2475.01
2022-01-17,GOOGL,2536.51,2556.97,2482.24,2519.6,1600252,2519.6
2022-01-18,GOOGL,2624.87,2664.31,2536.83,2600.57,1166761,2600.57
2022-01-19,GOOGL,2616.89,2650.66,2589.54,2620.1,1069806,2620.1
2022-01-20,GOOGL,2618.69,2668.64,2579.93,2624.29,1428187,2624.29
2022-01-21,GOOGL,2644.75,2644.75,2608.68,2626.55,892010,2626.55
2022-01-24,GOOGL,2525.22,2572.22,2485.63,2528.92,1045838,2528.92
2022-01-25,GOOGL,2562.61,2577.34,2542.56,2559.95,1259740,2559.95
2022-01-26,GOOGL,2552.34,2628.21,2504.09,2566.15,982692,2566.15
2022-01-27,GOOGL,2597.09,2634.41,2534.58,2584.5,1568242,2584.5
2022-01-28,GOOGL,2557.58,2609.01,2502.87,2555.94,2534377,2555.94
2022-01-31,GOOGL,2556.66,2589.44,2492.47,2540.96,887454,2540.96
2022-02-01,GOOGL,2539.17,2567.39,2482.58,2524.99,616480,2524.99
2022-02-02,GOOGL,2552.67,2603.24,2531.36,2567.3,538819,2567.3
2022-02-03,GOOGL,2563.49,2609.06,2495.9,2552.48,1129905,2552.48
2022-02-04,GOOGL,2655.53,2703.4,2575.97,2639.69,920402,2639.69
2022-02-07,GOOGL,2650.49,2698.5,2618.84,2658.67,1304038,2658.67
2022-02-08,GOOGL,2588.6,2667.24,2544.09,2605.66,1265365,2605.66
2022-02-09,GOOGL,2575.14,2644.37,2557.67,2601.02,631937,2601.02
2022-02-10,GOOGL,2572.21,2615.34,2534.14,2574.74,580635,2574.74
2022-02-11,GOOGL,2479.25,2521.62,2451.55,2486.58,1350797,2486.58
2022-02-14,GOOGL,2554.54,2575.17,2528.3,2551.74,1266798,2551.74
2022-02-15,GOOGL,2565.2,2594.41,2565.2,2581.31,1012066,2581.31
2022-02-16,GOOGL,2622.86,2629.73,2578.53,2604.13,618451,2604.13
2022-02-17,GOOGL,2599.09,2651.43,2572.06,2611.74,1449006,2611.74
2022-02-18,GOOGL,2541.34,2587.51,2523.12,2555.32,1995872,2555.32
2022-02-21,GOOGL,2535.33,2571.74,2500.88,2536.31,1341132,2536.31
2022-02-22,GOOGL,2571.34,2634.69,2508.11,2571.4,854987,2571.4
2022-02-23,GOOGL,2514.79,2559.57,2498.84,2529.2,1221576,2529.2
2022-02-24,GOOGL,2418.37,2463.58,2395.34,2429.46,694804,2429.46
2022-02-25,GOOGL,2405.31,2439.88,2402.73,2421.3,1832178,2421.3
2022-02-28,GOOGL,2427.03,2430.88,2402.08,2416.48,1239935,2416.48
2022-03-01,GOOGL,2435.47,2472.06,2372.7,2422.38,591590,2422.38
2022-03-02,GOOGL,2449.6,2491.69,2411.21,2451.45,1064017,2451.45
2022-03-03,GOOGL,2487.87,2527.34,2427.18,2477.26,1444325,2477.26
2022-03-04,GOOGL,2499.96,2508.11,2468.32,2488.22,1050328,2488.22
2022-03-07,GOOGL,2518.61,2578.66,2495.26,2536.96,1074615,2536.96
2022-03-08,GOOGL,2499.81,2501.67,2451.77,2476.72,735327,2476.72
2022-03-09,GOOGL,2513.51,2521.35,2473.6,2497.47,1505218,2497.47
2022-03-10,GOOGL,2508.41,2536.52,2508.41,2523.32,925828,2523.32
2022-03-11,GOOGL,2458.91,2493.27,2455.62,2474.44,506487,2474.44
2022-03-14,GOOGL,2398.22,2443.34,2389.28,2416.31,1034396,2416.31
2022-03-15,GOOGL,2371.02,2405.82,2370.77,2388.29,1776742,2388.29
2022-03-16,GOOGL,2375.52,2422.22,2305.36,2363.79,1027932,2363.79
2022-03-17,GOOGL,2391.65,2419.84,2366.37,2393.11,2404917,2393.11
2022-03-18,GOOGL,2383.75,2388.37,2352.31,2370.34,1424625,2370.34
2022-03-21,GOOGL,2350.24,2359.72,2317.71,2338.72,1374135,2338.72
2022-03-22,GOOGL,2321.42,2355.38,2277.76,2316.57,1139924,2316.57
2022-03-23,GOOGL,2367.84,2373.87,2344.23,2359.05,1167666,2359.05
2022-03-24,GOOGL,2337.45,2412.69,2307.67,2360.18,1079990,2360.18
2022-03-25,GOOGL,2345.2,2411.1,2297.02,2354.06,1063338,2354.06
2022-03-28,GOOGL,2357.04,2373.92,2327.21,2350.56,1483892,2350.56
2022-03-29,GOOGL,2376.76,2433.92,2366.71,2400.31,825297,2400.31
2022-03-30,GOOGL,2350.2,2385.27,2350.2,2372.36,780331,2372.36
2022-03-31,GOOGL,2440.54,2466.65,2380.31,2423.48,765706,2423.48
2022-04-01,GOOGL,2441.27,2464.62,2400.02,2432.32,2719868,2432.32
2022-04-04,GOOGL,2415.36,2451.99,2401.5,2426.74,1483580,2426.74
2022-04-05,GOOGL,2536.0,2549.59,2503.42,2526.51,1355429,2526.51
2022-04-06,GOOGL,2499.4,2529.79,2439.94,2484.87,786089,2484.87
2022-04-07,GOOGL,2461.97,2504.45,2438.58,2471.52,1539809,2471.52
2022-04-08,GOOGL,2401.42,2444.75,2401.42,2423.92,1145330,2423.92
2022-04-11,GOOGL,2483.12,2508.05,2415.57,2461.81,1307332,2461.81
2022-04-12,GOOGL,2522.11,2571.18,2488.7,2529.94,811941,2529.94
2022-04-13,GOOGL,2578.7,2656.79,2541.52,2599.15,1279448,2599.15
2022-04-14,GOOGL,2650.84,2670.76,2631.79,2651.28,1012870,2651.28
2022-04-15,GOOGL,2657.82,2698.38,2588.87,2643.63,883447,2643.63
2022-04-18,GOOGL,2614.3,2677.49,2580.38,2628.94,1609565,2628.94
2022-04-19,GOOGL,2548.47,2578.96,2541.58,2560.27,648715,2560.27
2022-04-20,GOOGL,2632.15,2695.76,2595.77,2645.76,1504156,2645.76
2022-04-21,GOOGL,2692.63,2703.29,2629.53,2666.41,1577933,2666.41
2022-04-22,GOOGL,2630.21,2709.47,2582.98,2646.23,844056,2646.23
2022-04-25,GOOGL,2707.88,2724.97,2682.62,2703.79,864322,2703.79
2022-04-26,GOOGL,2685.41,2710.31,2615.21,2662.76,1097583,2662.76
2022-04-27,GOOGL,2661.94,2714.76,2646.99,2680.87,1343309,2680.87
2022-04-28,GOOGL,2699.39,2738.75,2609.66,2674.2,1128827,2674.2
2022-04-29,GOOGL,2726.59,2733.75,2671.06,2702.41,1427245,2702.41
2022-05-02,GOOGL,2721.16,2765.86,2634.93,2700.39,2429082,2700.39
2022-05-03,GOOGL,2624.08,2699.92,2578.36,2639.14,979448,2639.14
2022-05-04,GOOGL,2650.14,2670.56,2615.55,2643.06,604260,2643.06
2022-05-05,GOOGL,2702.54,2745.17,2631.87,2688.52,1669778,2688.52
2022-05-06,GOOGL,2714.12,2754.95,2621.03,2687.99,2352897,2687.99
2022-05-09,GOOGL,2704.88,2749.64,2694.91,2722.27,1404145,2722.27
2022-05-10,GOOGL,2692.09,2714.62,2641.06,2677.84,776640,2677.84
2022-05-11,GOOGL,2668.81,2718.69,2636.2,2677.45,1141981,2677.45
2022-05-12,GOOGL,2634.34,2680.44,2622.65,2651.55,767138,2651.55
2022-05-13,GOOGL,2679.94,2698.4,2669.92,2684.16,1551874,2684.16
2022-05-16,GOOGL,2702.03,2711.5,2660.98,2686.24,698937,2686.24
2022-05-17,GOOGL,2714.89,2745.71,2687.9,2716.8,1064249,2716.8
2022-05-18,GOOGL,2767.33,2803.61,2726.89,2765.25,802989,2765.25
2022-05-19,GOOGL,2824.48,2824.48,2773.23,2796.78,1262446,2796.78
2022-05-20,GOOGL,2804.12,2872.92,2746.67,2809.79,1036432,2809.79
2022-05-23,GOOGL,2772.41,2818.85,2713.2,2766.03,1287917,2766.03
2022-05-24,GOOGL,2759.2,2785.2,2748.11,2766.65,1210776,2766.65
2022-05-25,GOOGL,2738.02,2793.3,2694.51,2743.9,808688,2743.9
2022-05-26,GOOGL,2740.26,2778.91,2680.25,2729.58,1541987,2729.58
2022-05-27,GOOGL,2737.78,2779.49,2648.54,2714.01,1176819,2714.01
2022-05-30,GOOGL,2674.78,2686.04,2658.99,2672.52,808083,2672.52
2022-05-31,GOOGL,2604.73,2616.62,2565.02,2590.82,2940830,2590.82
2022-06-01,GOOGL,2542.91,2624.37,2503.58,2563.97,1451929,2563.97
2022-06-02,GOOGL,2557.75,2633.44,2511.79,2572.62,1128644,2572.62
2022-06-03,GOOGL,2518.51,2567.29,2469.52,2518.4,2113622,2518.4
2022-06-06,GOOGL,2495.53,2570.91,2468.53,2519.72,2506902,2519.72
2022-06-07,GOOGL,2585.37,2615.96,2580.47,2598.21,1132221,2598.21
2022-06-08,GOOGL,2642.73,2682.17,2601.45,2641.81,1378892,2641.81
2022-06-09,GOOGL,2686.62,2739.07,2686.62,2712.94,808253,2712.94
2022-06-10,GOOGL,2717.86,2754.27,2707.16,2730.72,1131387,2730.72
2022-06-13,GOOGL,2783.74,2841.98,2723.95,2782.96,1108155,2782.96
2022-06-14,GOOGL,2755.69,2772.85,2730.47,2751.66,1292078,2751.66
2022-06-15,GOOGL,2747.37,2763.33,2685.02,2724.18,1370842,2724.18
2022-06-16,GOOGL,2615.66,2670.07,2546.08,2608.08,1501182,2608.08
2022-06-17,GOOGL,2654.23,2681.94,2635.59,2658.77,1319665,2658.77
2022-06-20,GOOGL,2749.31,2792.8,2658.9,2725.85,739356,2725.85
2022-06-21,GOOGL,2717.96,2769.82,2635.31,2702.56,824428,2702.56
2022-06-22,GOOGL,2676.18,2735.72,2648.96,2692.34,964407,2692.34
2022-06-23,GOOGL,2641.14,2683.14,2638.42,2660.78,1071892,2660.78
2022-06-24,GOOGL,2687.27,2708.17,2647.53,2677.85,1826919,2677.85
2022-06-27,GOOGL,2730.49,2764.02,2690.44,2727.23,753629,2727.23
2022-06-28,GOOGL,2668.32,2682.63,2623.28,2652.95,1040140,2652.95
2022-06-29,GOOGL,2683.87,2699.46,2642.77,2671.12,1756855,2671.12
2022-06-30,GOOGL,2666.7,2725.06,2595.02,2660.04,1064356,2660.04
2022-07-01,GOOGL,2691.53,2691.53,2644.09,2665.6,1442658,2665.6
2022-07-04,GOOGL,2687.78,2738.8,2633.15,2685.97,1134854,2685.97
2022-07-05,GOOGL,2657.9,2692.04,2657.9,2678.63,1329808,2678.63
2022-07-06,GOOGL,2692.48,2720.19,2629.65,2674.92,1095195,2674.92
2022-07-07,GOOGL,2653.27,2728.69,2604.33,2666.51,1566976,2666.51
2022-07-08,GOOGL,2723.99,2738.11,2679.82,2708.96,646811,2708.96
2022-07-11,GOOGL,2752.86,2752.86,2704.16,2727.92,1037689,2727.92
2022-07-12,GOOGL,2749.08,2787.69,2688.92,2738.31,1351142,2738.31
2022-07-13,GOOGL,2689.07,2735.59,2632.24,2683.91,1485571,2683.91
2022-07-14,GOOGL,2666.32,2718.49,2618.37,2668.43,2180387,2668.43
2022-07-15,GOOGL,2700.47,2738.65,2676.98,2707.81,1026250,2707.81
2022-07-18,GOOGL,2702.22,2737.41,2682.96,2710.19,2168670,2710.19
2022-07-19,GOOGL,2747.15,2805.76,2673.6,2739.68,921928,2739.68
2022-07-20,GOOGL,2833.15,2885.14,2752.84,2818.99,2041694,2818.99
2022-07-21,GOOGL,2877.24,2907.56,2826.45,2867.0,1664139,2867.0
2022-07-22,GOOGL,2854.74,2935.03,2809.09,2872.06,832716,2872.06
2022-07-25,GOOGL,2849.11,2889.47,2809.43,2849.45,1356811,2849.45
2022-07-26,GOOGL,2752.08,2773.03,2699.22,2736.12,1175657,2736.12
2022-07-27,GOOGL,2728.18,2751.71,2707.3,2729.5,1541190,2729.5
2022-07-28,GOOGL,2718.03,2752.78,2679.3,2716.04,1097475,2716.04
2022-07-29,GOOGL,2748.63,2776.85,2690.75,2733.8,1061224,2733.8
2022-08-01,GOOGL,2736.62,2742.69,2712.95,2727.82,2074996,2727.82
2022-08-02,GOOGL,2709.69,2752.29,2676.92,2714.61,1153537,2714.61
2022-08-03,GOOGL,2660.0,2693.57,2584.69,2639.13,1670111,2639.13
2022-08-04,GOOGL,2582.89,2648.81,2552.07,2600.44,1096563,2600.44
2022-08-05,GOOGL,2647.04,2667.47,2574.66,2621.06,2337277,2621.06
2022-08-08,GOOGL,2674.21,2757.25,2632.26,2694.75,914834,2694.75
2022-08-09,GOOGL,2665.18,2705.71,2665.18,2691.28,938628,2691.28
2022-08-10,GOOGL,2727.28,2749.85,2662.49,2706.17,2208091,2706.17
2022-08-11,GOOGL,2734.46,2805.5,2691.46,2748.48,1004352,2748.48
2022-08-12,GOOGL,2726.25,2756.74,2670.84,2713.79,2276755,2713.79
2022-08-15,GOOGL,2747.49,2761.84,2699.16,2730.5,1714390,2730.5
2022-08-16,GOOGL,2718.46,2719.93,2678.23,2699.08,1128017,2699.08
2022-08-17,GOOGL,2764.34,2799.71,2675.15,2737.43,581005,2737.43
2022-08-18,GOOGL,2733.51,2784.38,2705.25,2744.82,1190762,2744.82
2022-08-19,GOOGL,2770.3,2820.95,2696.46,2758.7,1249787,2758.7
2022-08-22,GOOGL,2704.16,2770.67,2679.56,2725.12,1914025,2725.12
2022-08-23,GOOGL,2751.73,2807.83,2705.91,2756.87,2265284,2756.87
2022-08-24,GOOGL,2871.0,2911.27,2791.04,2851.15,912403,2851.15
2022-08-25,GOOGL,2798.88,2857.33,2755.28,2806.31,1653334,2806.31
2022-08-26,GOOGL,2796.94,2828.04,2755.67,2791.85,1629840,2791.85
2022-08-29,GOOGL,2803.19,2845.79,2760.17,2802.98,1843538,2802.98
2022-08-30,GOOGL,2847.53,2899.04,2779.44,2839.24,1464915,2839.24
2022-08-31,GOOGL,2841.32,2849.81,2779.59,2814.7,551740,2814.7
2022-09-01,GOOGL,2666.79,2725.04,2656.36,2690.7,1127668,2690.7
2022-09-02,GOOGL,2754.67,2769.62,2731.58,2750.6,755812,2750.6
2022-09-05,GOOGL,2805.25,2849.9,2720.16,2785.03,1106585,2785.03
2022-09-06,GOOGL,2708.17,2727.65,2690.7,2709.17,1775928,2709.17
2022-09-07,GOOGL,2661.07,2731.91,2635.48,2683.7,1355786,2683.7
2022-09-08,GOOGL,2755.96,2789.14,2716.12,2752.63,1899437,2752.63
2022-09-09,GOOGL,2808.44,2854.86,2780.96,2817.91,1375783,2817.91
2022-09-12,GOOGL,2841.58,2914.52,2808.13,2861.32,713902,2861.32
2022-09-13,GOOGL,2873.97,2873.97,2835.95,2854.05,437789,2854.05
2022-09-14,GOOGL,2859.85,2906.86,2810.38,2858.62,1273596,2858.62
2022-09-15,GOOGL,2878.14,2911.74,2795.09,2853.41,1101586,2853.41
2022-09-16,GOOGL,2923.97,2968.85,2843.51,2906.18,811836,2906.18
2022-09-19,GOOGL,2877.58,2890.63,2842.41,2866.52,607787,2866.52
2022-09-20,GOOGL,2802.55,2895.52,2765.61,2830.57,894423,2830.57
2022-09-21,GOOGL,2873.32,2929.62,2825.33,2877.48,1110183,2877.48
2022-09-22,GOOGL,2858.82,2941.33,2811.11,2876.22,1566231,2876.22
2022-09-23,GOOGL,2965.32,2984.41,2897.91,2941.16,1294046,2941.16
2022-09-26,GOOGL,2891.58,2956.62,2864.41,2910.52,2283132,2910.52
2022-09-27,GOOGL,2896.31,2976.77,2840.75,2908.76,793009,2908.76
2022-09-28,GOOGL,2867.89,2932.86,2800.99,2866.93,1707013,2866.93
2022-09-29,GOOGL,2854.47,2908.09,2828.0,2868.04,1222919,2868.04
2022-09-30,GOOGL,2785.49,2831.14,2772.37,2801.75,1584373,2801.75
2022-10-03,GOOGL,2786.25,2816.5,2744.96,2780.73,1007745,2780.73
2022-10-04,GOOGL,2695.95,2752.97,2683.63,2718.3,1842261,2718.3
2022-10-05,GOOGL,2725.1,2778.92,2719.88,2749.4,1350414,2749.4
2022-10-06,GOOGL,2774.75,2810.71,2753.01,2781.86,914428,2781.86
2022-10-07,GOOGL,2718.58,2766.78,2646.49,2706.64,1194242,2706.64
2022-10-10,GOOGL,2768.81,2783.47,2748.08,2765.78,1090350,2765.78
2022-10-11,GOOGL,2874.87,2932.73,2825.9,2879.31,1459352,2879.31
2022-10-12,GOOGL,2886.01,2906.59,2857.84,2882.22,748571,2882.22
2022-10-13,GOOGL,2845.9,2887.51,2819.65,2853.58,1185993,2853.58
2022-10-14,GOOGL,3012.35,3012.35,2967.69,2986.3,1405572,2986.3
2022-10-17,GOOGL,2898.7,2955.15,2894.32,2924.73,1215956,2924.73
2022-10-18,GOOGL,2936.62,2986.08,2866.86,2926.47,2056690,2926.47
2022-10-19,GOOGL,2958.67,3002.33,2869.05,2935.69,1635470,2935.69
2022-10-20,GOOGL,3018.61,3028.67,2972.08,3000.38,1196414,3000.38
2022-10-21,GOOGL,2999.44,3061.59,2975.44,3018.52,1308651,3018.52
2022-10-24,GOOGL,2983.12,3038.5,2952.19,2995.35,1350652,2995.35
2022-10-25,GOOGL,2963.72,3017.22,2884.6,2950.91,1410072,2950.91
2022-10-26,GOOGL,2911.2,2995.07,2876.15,2935.61,578138,2935.61
2022-10-27,GOOGL,2907.5,2933.58,2845.38,2889.48,1063654,2889.48
2022-10-28,GOOGL,2905.14,2945.74,2839.21,2892.48,662685,2892.48
2022-10-31,GOOGL,2880.43,2930.19,2804.34,2867.27,2000973,2867.27
2022-11-01,GOOGL,2777.91,2814.83,2777.91,2800.3,1171144,2800.3
2022-11-02,GOOGL,2870.33,2895.2,2820.56,2857.88,1110694,2857.88
2022-11-03,GOOGL,2846.19,2901.62,2770.35,2835.99,1717793,2835.99
2022-11-04,GOOGL,2798.18,2834.84,2724.72,2779.78,1420844,2779.78
2022-11-07,GOOGL,2747.64,2817.03,2729.09,2773.06,764042,2773.06
2022-11-08,GOOGL,2750.37,2820.15,2733.55,2776.85,1166443,2776.85
2022-11-09,GOOGL,2694.2,2733.36,2668.77,2701.06,1049437,2701.06
2022-11-10,GOOGL,2697.09,2758.03,2674.32,2716.17,597206,2716.17
2022-11-11,GOOGL,2674.89,2720.15,2623.39,2671.77,910474,2671.77
2022-11-14,GOOGL,2769.6,2783.39,2709.96,2746.67,1115056,2746.67
2022-11-15,GOOGL,2764.54,2823.97,2717.12,2770.55,1146072,2770.55
2022-11-16,GOOGL,2772.62,2814.83,2692.43,2753.63,663271,2753.63
2022-11-17,GOOGL,2694.53,2743.76,2694.53,2721.73,1902155,2721.73
2022-11-18,GOOGL,2699.88,2756.04,2679.77,2717.9,1151977,2717.9
2022-11-21,GOOGL,2719.65,2781.56,2709.3,2745.43,1218161,2745.43
2022-11-22,GOOGL,2735.62,2796.52,2693.59,2745.06,1408574,2745.06
2022-11-23,GOOGL,2758.62,2763.63,2708.92,2736.28,875544,2736.28
2022-11-24,GOOGL,2717.5,2788.36,2690.8,2739.58,1440318,2739.58
2022-11-25,GOOGL,2719.75,2775.18,2652.78,2713.98,1036129,2713.98
2022-11-28,GOOGL,2697.23,2735.93,2663.77,2699.85,838355,2699.85
2022-11-29,GOOGL,2634.85,2672.6,2551.3,2611.95,1509382,2611.95
2022-11-30,GOOGL,2633.64,2719.66,2587.7,2653.68,2179272,2653.68
2022-12-01,GOOGL,2651.76,2686.12,2648.13,2667.12,1603603,2667.12
2022-12-02,GOOGL,2610.24,2660.49,2609.58,2635.03,1735876,2635.03
2022-12-05,GOOGL,2713.46,2782.28,2651.82,2717.05,974402,2717.05
2022-12-06,GOOGL,2709.49,2787.35,2655.81,2721.58,633353,2721.58
2022-12-07,GOOGL,2697.37,2697.37,2658.94,2677.56,2177933,2677.56
2022-12-08,GOOGL,2720.95,2729.65,2700.86,2715.26,2729524,2715.26
2022-12-09,GOOGL,2739.58,2755.82,2710.87,2733.35,2224304,2733.35
2022-12-12,GOOGL,2753.16,2819.97,2682.84,2751.41,1049178,2751.41
2022-12-13,GOOGL,2711.16,2756.98,2709.96,2733.47,756137,2733.47
2022-12-14,GOOGL,2750.96,2795.44,2712.54,2753.99,783525,2753.99
2022-12-15,GOOGL,2770.63,2803.49,2682.96,2743.23,611909,2743.23
2022-12-16,GOOGL,2787.05,2787.05,2753.52,2768.49,1149549,2768.49
2022-12-19,GOOGL,2707.25,2732.02,2640.21,2686.11,2280951,2686.11
2022-12-20,GOOGL,2685.51,2696.38,2640.13,2668.26,1133892,2668.26
2022-12-21,GOOGL,2721.77,2804.58,2682.51,2743.55,1354253,2743.55
2022-12-22,GOOGL,2696.04,2739.74,2681.9,2710.82,2080400,2710.82
2022-12-23,GOOGL,2658.8,2735.8,2635.17,2685.49,1020898,2685.49
2022-12-26,GOOGL,2656.55,2716.33,2617.73,2667.03,2708876,2667.03
2022-12-27,GOOGL,2595.92,2641.08,2591.73,2616.41,2662217,2616.41
2022-12-28,GOOGL,2524.89,2540.65,2511.87,2526.26,1138688,2526.26
2022-12-29,GOOGL,2526.56,2550.84,2484.45,2517.64,952474,2517.64
2022-12-30,GOOGL,2542.71,2551.03,2496.59,2523.81,1586002,2523.81
2023-01-02,GOOGL,2534.95,2575.8,2468.95,2522.38,1044263,2522.38
2023-01-03,GOOGL,2539.3,2570.1,2464.34,2517.22,755556,2517.22
2023-01-04,GOOGL,2497.16,2555.27,2484.01,2519.64,2003342,2519.64
2023-01-05,GOOGL,2536.92,2605.8,2518.02,2561.91,1952089,2561.91
2023-01-06,GOOGL,2563.05,2598.46,2511.16,2554.81,1277016,2554.81
2023-01-09,GOOGL,2521.47,2586.69,2477.59,2532.14,724101,2532.14
2023-01-10,GOOGL,2509.03,2555.5,2487.42,2521.46,733821,2521.46
2023-01-11,GOOGL,2537.03,2572.39,2518.88,2545.64,1252589,2545.64
2023-01-12,GOOGL,2592.52,2631.34,2577.68,2604.51,982527,2604.51
2023-01-13,GOOGL,2579.76,2619.72,2538.61,2579.17,1046953,2579.17
2023-01-16,GOOGL,2580.86,2620.09,2547.82,2583.96,1805986,2583.96
2023-01-17,GOOGL,2599.33,2634.56,2562.82,2598.69,1608968,2598.69
2023-01-18,GOOGL,2567.28,2575.9,2540.98,2558.44,2082519,2558.44
2023-01-19,GOOGL,2554.19,2609.56,2510.38,2559.97,807406,2559.97
2023-01-20,GOOGL,2488.88,2524.52,2478.12,2501.32,1046074,2501.32
2023-01-23,GOOGL,2415.94,2453.91,2410.43,2432.17,1625660,2432.17
2023-01-24,GOOGL,2439.78,2479.59,2414.71,2447.15,1435556,2447.15
2023-01-25,GOOGL,2444.59,2456.08,2409.58,2432.83,2215047,2432.83
2023-01-26,GOOGL,2453.91,2482.1,2400.66,2441.38,1419828,2441.38
2023-01-27,GOOGL,2449.49,2471.69,2411.0,2441.34,2513221,2441.34
2023-01-30,GOOGL,2391.37,2437.76,2370.55,2404.16,1489333,2404.16
2023-01-31,GOOGL,2407.3,2440.9,2365.24,2403.07,1835264,2403.07
2023-02-01,GOOGL,2360.09,2378.14,2335.39,2356.76,1054340,2356.76
2023-02-02,GOOGL,2409.7,2430.02,2390.9,2410.46,1206877,2410.46
2023-02-03,GOOGL,2361.72,2412.71,2306.02,2359.37,1727541,2359.37
2023-02-06,GOOGL,2352.24,2384.8,2320.46,2352.63,2287621,2352.63
2023-02-07,GOOGL,2317.38,2344.99,2283.7,2314.35,1606433,2314.35
2023-02-08,GOOGL,2346.27,2349.55,2322.86,2336.2,1160734,2336.2
2023-02-09,GOOGL,2306.33,2359.25,2289.71,2324.48,2081847,2324.48
2023-02-10,GOOGL,2317.41,2342.98,2268.81,2305.9,499339,2305.9
2023-02-13,GOOGL,2321.2,2376.05,2300.4,2338.23,679381,2338.23
2023-02-14,GOOGL,2319.68,2384.75,2295.18,2339.96,1576134,2339.96
2023-02-15,GOOGL,2382.5,2382.5,2339.85,2360.03,1206791,2360.03
2023-02-16,GOOGL,2345.13,2347.24,2300.55,2323.89,1528867,2323.89
2023-02-17,GOOGL,2252.88,2321.08,2224.64,2272.86,1231317,2272.86
2023-02-20,GOOGL,2274.8,2331.91,2222.85,2277.38,1507872,2277.38
2023-02-21,GOOGL,2252.19,2283.9,2248.92,2266.41,866373,2266.41
2023-02-22,GOOGL,2289.19,2324.1,2255.62,2289.86,1507595,2289.86
2023-02-23,GOOGL,2302.67,2308.8,2266.32,2287.56,1786194,2287.56
2023-02-24,GOOGL,2316.39,2316.39,2281.47,2295.7,1955296,2295.7
2023-02-27,GOOGL,2243.46,2263.2,2211.7,2237.45,2685167,2237.45
2023-02-28,GOOGL,2299.97,2324.88,2288.55,2306.71,1323078,2306.71
2023-03-01,GOOGL,2306.04,2345.47,2257.1,2301.29,1338950,2301.29
2023-03-02,GOOGL,2319.0,2364.23,2291.26,2327.75,652497,2327.75
2023-03-03,GOOGL,2316.27,2316.27,2279.34,2297.44,970209,2297.44
2023-03-06,GOOGL,2326.53,2326.53,2297.44,2309.42,1110809,2309.42
2023-03-07,GOOGL,2265.03,2310.27,2214.51,2262.39,1826587,2262.39
2023-03-08,GOOGL,2271.45,2298.86,2260.0,2279.43,939808,2279.43
2023-03-09,GOOGL,2257.74,2305.93,2228.28,2267.11,1650135,2267.11
2023-03-10,GOOGL,2247.61,2295.41,2242.15,2268.78,1199221,2268.78
2023-03-13,GOOGL,2309.38,2333.23,2256.54,2294.88,1117902,2294.88
2023-03-14,GOOGL,2248.45,2276.15,2225.22,2250.68,1325618,2250.68
2023-03-15,GOOGL,2218.99,2241.78,2211.77,2226.77,1026196,2226.77
2023-03-16,GOOGL,2242.44,2264.96,2222.51,2243.74,1010764,2243.74
2023-03-17,GOOGL,2335.77,2341.31,2300.64,2320.97,606777,2320.97
2023-03-20,GOOGL,2299.09,2347.89,2285.07,2316.48,1086693,2316.48
2023-03-21,GOOGL,2355.86,2381.62,2296.64,2339.13,990380,2339.13
2023-03-22,GOOGL,2354.34,2359.77,2311.76,2335.77,976216,2335.77
2023-03-23,GOOGL,2431.68,2431.68,2397.51,2410.15,1417749,2410.15
2023-03-24,GOOGL,2339.53,2380.39,2308.29,2344.34,1561699,2344.34
2023-03-27,GOOGL,2335.25,2388.73,2308.34,2348.53,1316793,2348.53
2023-03-28,GOOGL,2283.08,2344.38,2233.34,2288.86,1786909,2288.86
2023-03-29,GOOGL,2192.13,2236.41,2162.55,2199.48,1510659,2199.48
2023-03-30,GOOGL,2196.26,2242.46,2178.69,2210.57,1066411,2210.57
2023-03-31,GOOGL,2220.87,2252.61,2179.62,2216.12,997183,2216.12
2023-04-03,GOOGL,2205.61,2258.62,2154.65,2206.64,1359953,2206.64
2023-04-04,GOOGL,2219.61,2251.02,2155.97,2203.49,1509575,2203.49
2023-04-05,GOOGL,2294.43,2342.65,2289.57,2316.11,2098996,2316.11
2023-04-06,GOOGL,2313.83,2329.67,2284.7,2307.19,1932454,2307.19
2023-04-07,GOOGL,2338.97,2350.58,2302.87,2326.73,966312,2326.73
2023-04-10,GOOGL,2315.26,2338.06,2268.55,2303.31,1152022,2303.31
2023-04-11,GOOGL,2332.72,2360.86,2268.82,2314.84,1569455,2314.84
2023-04-12,GOOGL,2317.23,2341.41,2271.91,2306.66,1839549,2306.66
2023-04-13,GOOGL,2311.8,2311.8,2277.62,2292.18,1747016,2292.18
2023-04-14,GOOGL,2352.61,2406.48,2314.55,2360.51,1169727,2360.51
2023-04-17,GOOGL,2406.2,2456.86,2355.24,2406.05,726666,2406.05
2023-04-18,GOOGL,2388.54,2438.0,2385.95,2411.98,804726,2411.98
2023-04-19,GOOGL,2302.38,2367.82,2282.79,2325.3,1338266,2325.3
2023-04-20,GOOGL,2300.52,2343.83,2281.25,2312.54,1376042,2312.54
2023-04-21,GOOGL,2396.12,2470.43,2360.38,2415.41,773252,2415.41
2023-04-24,GOOGL,2395.62,2459.89,2354.44,2407.16,1221585,2407.16
2023-04-25,GOOGL,2434.87,2488.7,2412.69,2450.7,1544671,2450.7
2023-04-26,GOOGL,2484.92,2555.81,2461.34,2508.58,757168,2508.58
2023-04-27,GOOGL,2538.68,2575.14,2460.99,2518.07,1866976,2518.07
2023-04-28,GOOGL,2460.61,2522.12,2447.99,2485.05,1031804,2485.05
2023-05-01,GOOGL,2402.02,2417.67,2363.8,2390.73,1984499,2390.73
2023-05-02,GOOGL,2400.89,2466.24,2369.17,2417.71,969417,2417.71
2023-05-03,GOOGL,2406.72,2409.48,2364.6,2387.04,795862,2387.04
2023-05-04,GOOGL,2413.24,2425.01,2363.85,2394.43,999067,2394.43
2023-05-05,GOOGL,2354.89,2400.05,2295.28,2347.66,1155187,2347.66
2023-05-08,GOOGL,2346.41,2383.93,2292.79,2338.36,1027295,2338.36
2023-05-09,GOOGL,2317.1,2370.86,2309.65,2340.26,1100672,2340.26
2023-05-10,GOOGL,2373.77,2373.77,2329.12,2350.97,1371503,2350.97
2023-05-11,GOOGL,2327.5,2338.04,2282.04,2310.04,1120583,2310.04
2023-05-12,GOOGL,2373.96,2380.5,2330.18,2355.34,1168681,2355.34
2023-05-15,GOOGL,2341.02,2353.48,2313.71,2333.59,605700,2333.59
2023-05-16,GOOGL,2265.47,2317.67,2227.37,2272.52,1403544,2272.52
2023-05-17,GOOGL,2287.04,2291.96,2246.39,2269.18,1157937,2269.18
2023-05-18,GOOGL,2261.57,2303.03,2239.06,2271.04,2285166,2271.04
2023-05-19,GOOGL,2280.36,2306.47,2248.54,2277.5,824066,2277.5
2023-05-22,GOOGL,2309.68,2385.69,2270.95,2328.32,582167,2328.32
2023-05-23,GOOGL,2339.74,2349.91,2290.41,2320.16,1536564,2320.16
2023-05-24,GOOGL,2299.71,2331.64,2299.71,2316.35,1378412,2316.35
2023-05-25,GOOGL,2263.92,2291.92,2260.97,2276.44,801675,2276.44
2023-05-26,GOOGL,2309.84,2345.95,2268.36,2307.16,650783,2307.16
2023-05-29,GOOGL,2326.82,2353.92,2275.28,2314.6,2219496,2314.6
2023-05-30,GOOGL,2305.21,2330.48,2268.96,2299.72,2112697,2299.72
2023-05-31,GOOGL,2219.35,2261.73,2200.87,2231.3,443675,2231.3
2023-06-01,GOOGL,2261.29,2297.97,2261.29,2284.09,999032,2284.09
2023-06-02,GOOGL,2251.79,2274.62,2205.93,2240.27,2334968,2240.27
2023-06-05,GOOGL,2241.32,2253.29,2186.27,2219.78,991929,2219.78
2023-06-06,GOOGL,2246.99,2251.0,2215.31,2233.15,986173,2233.15
2023-06-07,GOOGL,2189.66,2206.91,2175.89,2191.4,1071669,2191.4
2023-06-08,GOOGL,2157.52,2157.52,2124.25,2140.24,766410,2140.24
2023-06-09,GOOGL,2065.56,2083.82,2054.76,2069.29,606780,2069.29
2023-06-12,GOOGL,2094.91,2129.87,2057.87,2093.87,1828215,2093.87
2023-06-13,GOOGL,2075.3,2094.79,2057.71,2076.25,574156,2076.25
2023-06-14,GOOGL,2174.12,2198.22,2154.57,2176.4,1324758,2176.4
2023-06-15,GOOGL,2154.42,2160.78,2124.48,2142.63,1710786,2142.63
2023-06-16,GOOGL,2112.98,2162.86,2060.83,2111.84,671548,2111.84
2023-06-19,GOOGL,2085.72,2139.64,2047.15,2093.4,829123,2093.4
2023-06-20,GOOGL,2091.96,2122.33,2081.93,2102.13,1949539,2102.13
2023-06-21,GOOGL,2067.65,2111.05,2062.83,2086.94,1485094,2086.94
2023-06-22,GOOGL,2111.57,2127.45,2088.67,2108.06,937449,2108.06
2023-06-23,GOOGL,2064.66,2106.68,2045.07,2075.87,1941034,2075.87
2023-06-26,GOOGL,2016.75,2041.99,2016.75,2031.04,1944365,2031.04
2023-06-27,GOOGL,1980.05,2010.35,1937.6,1973.98,1336350,1973.98
2023-06-28,GOOGL,1912.41,1934.96,1876.03,1905.5,837157,1905.5
2023-06-29,GOOGL,1899.82,1933.71,1846.86,1890.28,1017086,1890.28
2023-06-30,GOOGL,1881.85,1897.31,1866.12,1881.71,1345648,1881.71
2023-07-03,GOOGL,1877.99,1902.59,1824.02,1863.31,1112804,1863.31
2023-07-04,GOOGL,1917.86,1940.88,1861.64,1901.26,1747007,1901.26
2023-07-05,GOOGL,1951.44,1954.15,1924.89,1939.52,650777,1939.52
2023-07-06,GOOGL,1934.91,1954.71,1904.65,1929.68,660086,1929.68
2023-07-07,GOOGL,1868.23,1891.35,1859.83,1875.59,1290035,1875.59
2023-07-10,GOOGL,1877.12,1877.93,1840.4,1859.17,985805,1859.17
2023-07-11,GOOGL,1833.59,1860.82,1823.0,1841.91,933795,1841.91
2023-07-12,GOOGL,1812.3,1852.54,1793.74,1823.14,591613,1823.14
2023-07-13,GOOGL,1801.31,1827.25,1779.54,1803.39,1209418,1803.39
2023-07-14,GOOGL,1769.3,1827.88,1742.36,1785.12,1174942,1785.12
2023-07-17,GOOGL,1791.58,1791.58,1761.24,1774.6,1558483,1774.6
2023-07-18,GOOGL,1760.23,1800.13,1714.12,1757.12,1233534,1757.12
2023-07-19,GOOGL,1765.48,1780.42,1746.52,1763.47,1138008,1763.47
2023-07-20,GOOGL,1779.68,1810.44,1737.85,1774.15,1921530,1774.15
2023-07-21,GOOGL,1748.86,1769.56,1728.36,1748.96,709875,1748.96
2023-07-24,GOOGL,1768.67,1799.42,1768.67,1785.38,1487173,1785.38
2023-07-25,GOOGL,1762.03,1797.03,1719.12,1758.08,614997,1758.08
2023-07-26,GOOGL,1721.03,1732.78,1694.47,1713.62,858109,1713.62
2023-07-27,GOOGL,1721.69,1755.91,1693.22,1724.56,738790,1724.56
2023-07-28,GOOGL,1711.38,1730.42,1674.82,1702.62,1640659,1702.62
2023-07-31,GOOGL,1702.51,1736.57,1687.15,1711.86,1169010,1711.86
2023-08-01,GOOGL,1638.54,1672.3,1623.14,1647.72,1193535,1647.72
2023-08-02,GOOGL,1673.89,1718.41,1652.19,1685.3,770765,1685.3
2023-08-03,GOOGL,1699.63,1715.5,1692.48,1703.99,1064435,1703.99
2023-08-04,GOOGL,1675.57,1694.58,1633.46,1664.02,884206,1664.02
2023-08-07,GOOGL,1636.22,1662.81,1588.3,1625.55,1398924,1625.55
2023-08-08,GOOGL,1666.18,1680.37,1659.81,1670.09,807255,1670.09
2023-08-09,GOOGL,1653.89,1663.85,1638.05,1650.95,2042632,1650.95
2023-08-10,GOOGL,1636.7,1661.01,1598.0,1629.5,613907,1629.5
2023-08-11,GOOGL,1563.77,1593.52,1550.3,1571.91,869109,1571.91
2023-08-14,GOOGL,1553.16,1583.97,1543.1,1563.54,2347149,1563.54
2023-08-15,GOOGL,1572.99,1572.99,1546.21,1558.27,1008300,1558.27
2023-08-16,GOOGL,1580.35,1600.51,1552.78,1576.64,709191,1576.64
2023-08-17,GOOGL,1557.01,1557.01,1530.55,1542.16,1309899,1542.16
2023-08-18,GOOGL,1500.63,1527.39,1483.63,1505.51,992195,1505.51
2023-08-21,GOOGL,1522.99,1547.58,1486.08,1516.83,858965,1516.83
2023-08-22,GOOGL,1533.32,1557.55,1526.2,1541.88,774121,1541.88
2023-08-23,GOOGL,1496.83,1525.99,1482.03,1504.01,3631591,1504.01
2023-08-24,GOOGL,1531.04,1568.7,1492.65,1530.68,1085131,1530.68
2023-08-25,GOOGL,1526.49,1560.71,1503.31,1532.01,555489,1532.01
2023-08-28,GOOGL,1549.07,1593.47,1525.4,1559.44,2181047,1559.44
2023-08-29,GOOGL,1550.72,1578.83,1537.39,1558.11,1532269,1558.11
2023-08-30,GOOGL,1482.99,1527.36,1466.41,1496.89,883145,1496.89
2023-08-31,GOOGL,1499.77,1502.34,1484.98,1493.66,826193,1493.66
2023-09-01,GOOGL,1519.38,1530.96,1508.29,1519.62,1570997,1519.62
2023-09-04,GOOGL,1486.29,1512.03,1484.88,1498.46,1087144,1498.46
2023-09-05,GOOGL,1479.81,1509.01,1470.16,1489.59,555398,1489.59
2023-09-06,GOOGL,1473.99,1518.36,1453.24,1485.8,2452768,1485.8
2023-09-07,GOOGL,1422.03,1435.75,1401.91,1418.83,1008763,1418.83
2023-09-08,GOOGL,1445.85,1484.05,1431.31,1457.68,2182672,1457.68
2023-09-11,GOOGL,1444.51,1464.77,1409.62,1437.2,2001097,1437.2
2023-09-12,GOOGL,1435.37,1473.51,1425.03,1449.27,804059,1449.27
2023-09-13,GOOGL,1440.4,1465.24,1430.07,1447.65,1814114,1447.65
2023-09-14,GOOGL,1489.03,1501.92,1453.04,1477.48,924728,1477.48
2023-09-15,GOOGL,1494.02,1505.14,1469.9,1487.52,568724,1487.52
2023-09-18,GOOGL,1469.68,1492.24,1469.68,1482.34,1012560,1482.34
2023-09-19,GOOGL,1471.08,1498.03,1425.36,1461.7,1406882,1461.7
2023-09-20,GOOGL,1480.67,1492.05,1469.71,1480.88,997230,1480.88
2023-09-21,GOOGL,1447.51,1447.51,1428.27,1437.54,1061308,1437.54
2023-09-22,GOOGL,1455.79,1485.66,1420.07,1452.87,1896002,1452.87
2023-09-25,GOOGL,1433.12,1443.69,1412.17,1427.93,1252221,1427.93
2023-09-26,GOOGL,1471.61,1483.46,1430.99,1457.22,856417,1457.22
2023-09-27,GOOGL,1453.56,1478.31,1444.46,1461.39,1589045,1461.39
2023-09-28,GOOGL,1480.59,1495.88,1457.98,1476.93,1298736,1476.93
2023-09-29,GOOGL,1478.09,1494.42,1464.12,1479.27,437656,1479.27
2023-10-02,GOOGL,1425.51,1455.83,1421.7,1438.76,1424274,1438.76
2023-10-03,GOOGL,1405.68,1438.22,1400.71,1419.47,1403617,1419.47
2023-10-04,GOOGL,1424.28,1463.07,1407.36,1435.21,1209697,1435.21
2023-10-05,GOOGL,1443.73,1461.36,1417.51,1439.44,1714294,1439.44
2023-10-06,GOOGL,1469.26,1502.32,1432.27,1467.29,917010,1467.29
2023-10-09,GOOGL,1478.77,1485.82,1468.57,1477.19,1372894,1477.19
2023-10-10,GOOGL,1441.29,1476.83,1433.0,1454.92,641169,1454.92
2023-10-11,GOOGL,1436.01,1460.87,1412.92,1436.89,1412212,1436.89
2023-10-12,GOOGL,1451.88,1473.35,1405.96,1439.65,2620972,1439.65
2023-10-13,GOOGL,1384.86,1396.0,1379.4,1387.7,806040,1387.7
2023-10-16,GOOGL,1429.31,1449.23,1402.27,1425.75,885503,1425.75
2023-10-17,GOOGL,1444.29,1467.95,1404.55,1436.25,903314,1436.25
2023-10-18,GOOGL,1473.44,1479.54,1450.71,1465.12,1264049,1465.12
2023-10-19,GOOGL,1429.48,1461.11,1396.74,1428.93,784355,1428.93
2023-10-20,GOOGL,1468.5,1468.5,1450.22,1458.06,1420232,1458.06
2023-10-23,GOOGL,1508.19,1541.17,1481.77,1511.47,1683807,1511.47
2023-10-24,GOOGL,1491.77,1515.29,1445.24,1480.27,1485959,1480.27
2023-10-25,GOOGL,1491.27,1526.26,1471.86,1499.06,591528,1499.06
2023-10-26,GOOGL,1492.9,1520.16,1478.83,1499.49,1786732,1499.49
2023-10-27,GOOGL,1450.21,1471.92,1450.21,1463.29,1745897,1463.29
2023-10-30,GOOGL,1484.0,1509.8,1440.75,1475.28,1672611,1475.28
2023-10-31,GOOGL,1493.01,1517.04,1473.95,1495.49,1392998,1495.49
2023-11-01,GOOGL,1473.55,1489.85,1473.31,1481.58,1310484,1481.58
2023-11-02,GOOGL,1501.79,1538.27,1481.51,1509.89,1813533,1509.89
2023-11-03,GOOGL,1482.36,1492.08,1449.03,1470.55,2590178,1470.55
2023-11-06,GOOGL,1445.78,1446.94,1425.44,1436.19,819636,1436.19
2023-11-07,GOOGL,1441.27,1453.09,1426.36,1439.73,1847016,1439.73
2023-11-08,GOOGL,1444.05,1449.76,1431.64,1440.7,1159321,1440.7
2023-11-09,GOOGL,1423.93,1448.15,1401.18,1424.67,1139343,1424.67
2023-11-10,GOOGL,1440.51,1468.81,1418.46,1443.63,649020,1443.63
2023-11-13,GOOGL,1468.45,1478.36,1434.33,1456.34,1070799,1456.34
2023-11-14,GOOGL,1465.82,1508.4,1445.36,1476.88,805264,1476.88
2023-11-15,GOOGL,1471.97,1507.13,1441.61,1474.37,996784,1474.37
2023-11-16,GOOGL,1484.43,1514.84,1463.28,1489.06,773404,1489.06
2023-11-17,GOOGL,1478.83,1486.66,1471.11,1478.89,1002762,1478.89
2023-11-20,GOOGL,1527.41,1557.61,1499.81,1528.71,1020076,1528.71
2023-11-21,GOOGL,1509.94,1529.54,1489.21,1509.37,1247352,1509.37
2023-11-22,GOOGL,1550.26,1586.97,1536.03,1561.5,629028,1561.5
2023-11-23,GOOGL,1563.21,1590.9,1534.7,1562.8,673083,1562.8
2023-11-24,GOOGL,1521.32,1547.56,1510.84,1529.2,1386922,1529.2
2023-11-27,GOOGL,1553.59,1599.96,1526.97,1563.47,872272,1563.47
2023-11-28,GOOGL,1553.41,1579.08,1553.41,1567.04,1844362,1567.04
2023-11-29,GOOGL,1597.31,1618.25,1559.68,1588.96,1313150,1588.96
2023-11-30,GOOGL,1618.47,1629.07,1612.58,1620.82,1529630,1620.82
2023-12-01,GOOGL,1634.18,1668.35,1591.76,1630.06,2109811,1630.06
2023-12-04,GOOGL,1622.47,1626.83,1603.41,1615.12,1060178,1615.12
2023-12-05,GOOGL,1646.87,1652.3,1629.66,1640.98,953636,1640.98
2023-12-06,GOOGL,1640.48,1660.59,1622.31,1641.45,1700636,1641.45
2023-12-07,GOOGL,1656.29,1680.71,1639.31,1660.01,1471271,1660.01
2023-12-08,GOOGL,1600.24,1619.11,1589.32,1604.22,1113367,1604.22
2023-12-11,GOOGL,1620.7,1643.16,1589.18,1616.17,2093641,1616.17
2023-12-12,GOOGL,1600.01,1622.35,1578.0,1600.18,1102327,1600.18
2023-12-13,GOOGL,1654.99,1654.99,1634.18,1643.52,1215834,1643.52
2023-12-14,GOOGL,1672.88,1679.35,1641.52,1660.44,1210230,1660.44
2023-12-15,GOOGL,1656.29,1702.64,1631.91,1667.27,825706,1667.27
2023-12-18,GOOGL,1668.53,1712.34,1649.17,1680.76,1237824,1680.76
2023-12-19,GOOGL,1658.88,1686.83,1622.31,1654.57,2098086,1654.57
2023-12-20,GOOGL,1691.81,1730.77,1666.36,1698.57,1433772,1698.57
2023-12-21,GOOGL,1737.15,1773.71,1734.35,1754.03,1215003,1754.03
2023-12-22,GOOGL,1779.3,1779.3,1753.23,1765.58,1124810,1765.58
2023-12-25,GOOGL,1801.68,1830.5,1792.64,1811.57,1369804,1811.57
2023-12-26,GOOGL,1811.06,1834.49,1756.79,1795.64,1619679,1795.64
2023-12-27,GOOGL,1781.08,1817.01,1729.72,1773.37,1531146,1773.37
2023-12-28,GOOGL,1784.33,1801.42,1748.6,1775.01,1050825,1775.01
2023-12-29,GOOGL,1777.22,1797.18,1777.22,1787.89,1366474,1787.89
2024-01-01,GOOGL,1767.69,1791.0,1763.28,1777.14,1453969,1777.14
2019-01-02,MSFT,288.72,292.79,279.32,286.05,19020615,286.05
2019-01-03,MSFT,288.62,288.82,284.87,286.84,38952602,286.84
2019-01-04,MSFT,280.86,281.86,274.95,278.41,44176006,278.41
2019-01-07,MSFT,278.39,285.78,275.03,280.41,23701058,280.41
2019-01-08,MSFT,280.7,285.82,280.43,283.12,14357609,283.12
2019-01-09,MSFT,286.55,291.41,281.03,286.22,20273985,286.22
2019-01-10,MSFT,283.56,287.11,282.4,284.75,23226186,284.75
2019-01-11,MSFT,287.98,287.98,284.35,286.1,30602795,286.1
2019-01-14,MSFT,292.99,294.15,289.82,291.98,16704372,291.98
2019-01-15,MSFT,300.74,304.97,290.91,297.94,18379040,297.94
2019-01-16,MSFT,296.48,302.71,293.16,297.94,30665746,297.94
2019-01-17,MSFT,298.55,304.89,292.39,298.64,36395289,298.64
2019-01-18,MSFT,303.45,306.98,299.91,303.44,19496563,303.44
2019-01-21,MSFT,295.7,302.26,292.24,297.25,14666837,297.25
2019-01-22,MSFT,296.56,300.44,291.62,296.03,92992896,296.03
2019-01-23,MSFT,301.4,308.95,294.52,301.74,34199038,301.74
2019-01-24,MSFT,305.68,312.11,299.9,306.01,22467601,306.01
2019-01-25,MSFT,306.87,313.75,301.68,307.72,35392089,307.72
2019-01-28,MSFT,298.51,303.21,298.51,301.42,23785904,301.42
2019-01-29,MSFT,301.46,306.15,296.51,301.33,35365564,301.33
2019-01-30,MSFT,297.99,303.26,294.69,298.97,26645841,298.97
2019-01-31,MSFT,297.49,307.56,293.4,300.48,25929584,300.48
2019-02-01,MSFT,296.07,300.23,294.2,297.22,23889596,297.22
2019-02-04,MSFT,291.8,296.14,290.05,293.1,14012128,293.1
2019-02-05,MSFT,284.25,288.63,281.09,284.86,54277717,284.86
2019-02-06,MSFT,287.76,292.75,287.03,289.89,17154529,289.89
2019-02-07,MSFT,288.43,290.58,286.2,288.39,14510411,288.39
2019-02-08,MSFT,290.25,295.54,282.74,289.14,22959501,289.14
2019-02-11,MSFT,290.0,293.92,284.57,289.25,17018263,289.25
2019-02-12,MSFT,286.8,291.41,278.73,285.07,24488183,285.07
2019-02-13,MSFT,279.93,286.26,274.14,280.2,32916740,280.2
2019-02-14,MSFT,276.5,279.34,273.46,276.4,37225610,276.4
2019-02-15,MSFT,275.42,278.09,269.36,273.72,34631653,273.72
2019-02-18,MSFT,274.84,277.08,273.41,275.24,22123115,275.24
2019-02-19,MSFT,273.4,278.65,265.96,272.3,25500869,272.3
2019-02-20,MSFT,278.79,282.81,275.5,279.16,29430379,279.16
2019-02-21,MSFT,282.85,286.96,279.66,283.31,12376021,283.31
2019-02-22,MSFT,288.14,289.82,283.48,286.65,31409478,286.65
2019-02-25,MSFT,284.43,290.36,282.22,286.29,13956650,286.29
2019-02-26,MSFT,291.59,295.47,289.6,292.54,56543738,292.54
2019-02-27,MSFT,290.15,295.41,288.12,291.76,21265154,291.76
2019-02-28,MSFT,290.93,297.88,285.63,291.75,23217951,291.75
2019-03-01,MSFT,290.99,298.91,286.22,292.57,18375035,292.57
2019-03-04,MSFT,296.04,298.85,292.3,295.57,19431351,295.57
2019-03-05,MSFT,300.12,302.63,294.05,298.34,62085548,298.34
2019-03-06,MSFT,298.18,303.15,289.82,296.48,36416563,296.48
2019-03-07,MSFT,293.6,296.18,292.61,294.4,13452902,294.4
2019-03-08,MSFT,300.07,303.94,290.4,297.17,45629798,297.17
2019-03-11,MSFT,300.84,303.09,297.46,300.28,40292797,300.28
2019-03-12,MSFT,298.15,304.3,293.2,298.75,22340269,298.75
2019-03-13,MSFT,294.26,297.17,287.43,292.3,28263030,292.3
2019-03-14,MSFT,292.91,296.25,286.89,291.57,24851004,291.57
2019-03-15,MSFT,295.71,300.77,287.72,294.25,55031612,294.25
2019-03-18,MSFT,300.06,304.02,299.78,301.9,18180684,301.9
2019-03-19,MSFT,296.81,300.54,293.45,297.0,26503586,297.0
2019-03-20,MSFT,297.48,300.0,290.69,295.35,21065101,295.35
2019-03-21,MSFT,293.88,300.1,287.62,293.86,14092738,293.86
2019-03-22,MSFT,300.71,302.41,296.82,299.61,60071236,299.61
2019-03-25,MSFT,300.11,305.89,293.28,299.58,15584069,299.58
2019-03-26,MSFT,297.95,299.77,292.08,295.92,27301113,295.92
2019-03-27,MSFT,297.08,300.99,295.75,298.37,12460898,298.37
2019-03-28,MSFT,297.25,302.79,290.81,296.8,21311516,296.8
2019-03-29,MSFT,289.67,293.86,289.67,291.87,29596714,291.87
2019-04-01,MSFT,289.46,292.77,283.95,288.36,17975005,288.36
2019-04-02,MSFT,296.94,297.42,293.71,295.57,31613889,295.57
2019-04-03,MSFT,294.56,300.89,293.68,297.28,22449298,297.28
2019-04-04,MSFT,298.9,302.92,292.78,297.85,39761886,297.85
2019-04-05,MSFT,296.42,301.72,292.14,296.93,43102465,296.93
2019-04-08,MSFT,296.02,302.17,294.36,298.27,19770242,298.27
2019-04-09,MSFT,299.08,303.63,295.49,299.56,25779225,299.56
2019-04-10,MSFT,299.07,303.78,298.04,300.91,26903530,300.91
2019-04-11,MSFT,301.0,305.77,297.26,301.51,32028160,301.51
2019-04-12,MSFT,304.62,312.67,297.98,305.33,25144234,305.33
2019-04-15,MSFT,307.0,312.27,298.82,305.55,26976340,305.55
2019-04-16,MSFT,303.17,303.9,299.13,301.51,22680674,301.51
2019-04-17,MSFT,299.7,300.73,297.39,299.06,26179371,299.06
2019-04-18,MSFT,288.23,297.89,284.12,291.0,42016058,291.0
2019-04-19,MSFT,302.08,304.15,294.85,299.5,32372494,299.5
2019-04-22,MSFT,304.39,308.04,298.48,303.26,33094863,303.26
2019-04-23,MSFT,297.09,306.06,293.7,299.88,33384908,299.88
2019-04-24,MSFT,300.72,302.19,295.44,298.82,23508270,298.82
2019-04-25,MSFT,294.51,300.62,291.95,296.28,28400496,296.28
2019-04-26,MSFT,303.35,310.26,295.49,302.87,16196681,302.87
2019-04-29,MSFT,296.83,302.51,291.55,297.03,41529286,297.03
2019-04-30,MSFT,297.15,300.03,295.23,297.63,8212781,297.63
2019-05-01,MSFT,299.61,299.61,295.02,297.3,24143530,297.3
2019-05-02,MSFT,300.5,303.61,298.15,300.88,39457897,300.88
2019-05-03,MSFT,298.01,306.67,294.45,300.56,14488114,300.56
2019-05-06,MSFT,295.99,296.57,290.17,293.37,29335189,293.37
2019-05-07,MSFT,294.92,294.92,290.87,292.46,19040518,292.46
2019-05-08,MSFT,289.69,295.52,281.73,288.62,21571101,288.62
2019-05-09,MSFT,288.87,291.49,286.63,289.06,36497808,289.06
2019-05-10,MSFT,292.64,296.57,292.64,295.04,27061135,295.04
2019-05-13,MSFT,289.73,290.87,285.25,288.06,11079909,288.06
2019-05-14,MSFT,282.54,287.73,282.2,284.96,16916772,284.96
2019-05-15,MSFT,280.44,286.68,279.08,282.88,36929478,282.88
2019-05-16,MSFT,281.7,288.08,274.9,281.49,29917778,281.49
2019-05-17,MSFT,282.6,290.96,278.11,284.53,50306286,284.53
2019-05-20,MSFT,281.16,287.97,279.94,283.96,49005613,283.96
2019-05-21,MSFT,285.29,289.51,281.95,285.73,21801478,285.73
2019-05-22,MSFT,281.3,287.91,278.79,283.35,68045115,283.35
2019-05-23,MSFT,282.45,287.19,281.57,284.38,25245999,284.38
2019-05-24,MSFT,285.17,289.35,285.17,287.61,17010119,287.61
2019-05-27,MSFT,283.11,291.56,278.02,284.79,19402848,284.79
2019-05-28,MSFT,289.28,290.55,285.52,288.04,10136935,288.04
2019-05-29,MSFT,290.15,290.95,285.78,288.36,47545323,288.36
2019-05-30,MSFT,292.46,296.96,288.5,292.73,47312788,292.73
2019-05-31,MSFT,292.07,296.36,287.7,292.03,16654373,292.03
2019-06-03,MSFT,290.96,295.28,290.96,293.71,22821934,293.71
2019-06-04,MSFT,291.13,296.0,291.13,293.66,25974592,293.66
2019-06-05,MSFT,291.96,297.07,289.7,293.38,17025881,293.38
2019-06-06,MSFT,294.82,300.07,289.06,294.57,12389322,294.57
2019-06-07,MSFT,298.33,299.75,294.07,296.91,22982493,296.91
2019-06-10,MSFT,292.49,295.8,287.95,291.88,21986839,291.88
2019-06-11,MSFT,297.27,302.72,293.1,297.91,21402576,297.91
2019-06-12,MSFT,288.16,296.99,283.76,290.37,27329378,290.37
2019-06-13,MSFT,289.33,291.03,284.4,287.72,44286668,287.72
2019-06-14,MSFT,286.67,289.66,285.25,287.45,22145597,287.45
2019-06-17,MSFT,290.6,293.51,284.96,289.23,26763874,289.23
2019-06-18,MSFT,295.88,301.7,289.91,295.81,33435694,295.81
2019-06-19,MSFT,289.7,290.4,286.25,288.33,31203585,288.33
2019-06-20,MSFT,288.73,290.26,282.53,286.4,19552563,286.4
2019-06-21,MSFT,280.45,280.45,276.62,278.11,25982589,278.11
2019-06-24,MSFT,278.54,279.92,276.77,278.34,31121277,278.34
2019-06-25,MSFT,279.58,283.61,275.42,279.52,15919349,279.52
2019-06-26,MSFT,284.59,289.06,282.79,285.93,41441857,285.93
2019-06-27,MSFT,289.02,292.8,280.25,286.53,44323339,286.53
2019-06-28,MSFT,290.62,295.82,285.9,290.86,18723206,290.86
2019-07-01,MSFT,291.18,297.5,289.24,293.37,27013691,293.37
2019-07-02,MSFT,291.31,295.54,287.86,291.7,32323261,291.7
2019-07-03,MSFT,283.98,290.39,281.84,286.12,20098198,286.12
2019-07-04,MSFT,287.35,289.01,285.67,287.34,30311323,287.34
2019-07-05,MSFT,281.86,287.95,275.08,281.51,26687040,281.51
2019-07-08,MSFT,285.85,293.94,279.62,286.78,13897494,286.78
2019-07-09,MSFT,283.79,288.71,283.77,286.24,30040316,286.24
2019-07-10,MSFT,293.77,293.77,289.03,291.19,16099993,291.19
2019-07-11,MSFT,290.94,291.63,287.08,289.35,36399570,289.35
2019-07-12,MSFT,292.53,295.86,285.27,290.56,19113433,290.56
2019-07-15,MSFT,290.76,296.85,286.22,291.53,23438070,291.53
2019-07-16,MSFT,292.99,297.87,285.07,291.47,43284187,291.47
2019-07-17,MSFT,289.74,295.63,284.02,289.82,30490906,289.82
2019-07-18,MSFT,289.79,295.62,287.46,291.54,16233650,291.54
2019-07-19,MSFT,285.73,292.86,282.93,287.9,16658310,287.9
2019-07-22,MSFT,282.3,288.49,277.86,283.18,19671181,283.18
2019-07-23,MSFT,286.17,292.66,283.87,288.26,29274986,288.26
2019-07-24,MSFT,294.23,295.56,287.1,291.33,28852474,291.33
2019-07-25,MSFT,289.09,296.94,286.49,291.72,17843421,291.72
2019-07-26,MSFT,298.36,303.54,293.89,298.72,15673823,298.72
2019-07-29,MSFT,297.43,303.04,292.39,297.72,27980537,297.72
2019-07-30,MSFT,302.19,308.64,298.17,303.4,23245970,303.4
2019-07-31,MSFT,304.71,310.17,298.38,304.27,59249786,304.27
2019-08-01,MSFT,297.96,305.42,294.7,300.06,25368729,300.06
2019-08-02,MSFT,309.8,312.79,303.31,308.05,51654481,308.05
2019-08-05,MSFT,311.43,318.3,306.65,312.48,15653935,312.48
2019-08-06,MSFT,312.64,316.44,307.71,312.07,13324316,312.07
2019-08-07,MSFT,316.75,318.49,312.29,315.39,15972073,315.39
2019-08-08,MSFT,316.18,316.18,312.16,313.74,40226570,313.74
2019-08-09,MSFT,319.66,322.68,312.39,317.53,50466838,317.53
2019-08-12,MSFT,307.87,312.37,302.04,307.2,18283591,307.2
2019-08-13,MSFT,302.29,310.37,295.56,302.97,20793686,302.97
2019-08-14,MSFT,307.29,311.03,303.52,307.27,15662721,307.27
2019-08-15,MSFT,307.97,310.27,302.38,306.33,12112280,306.33
2019-08-16,MSFT,309.66,310.12,304.56,307.34,33322755,307.34
2019-08-19,MSFT,299.33,303.66,299.33,301.72,27332704,301.72
2019-08-20,MSFT,309.04,316.09,303.42,309.75,25105100,309.75
2019-08-21,MSFT,316.83,318.23,311.94,315.09,14279903,315.09
2019-08-22,MSFT,313.9,319.73,308.93,314.33,48175880,314.33
2019-08-23,MSFT,311.63,318.54,306.81,312.68,20440804,312.68
2019-08-26,MSFT,316.78,321.92,312.77,317.34,30948557,317.34
2019-08-27,MSFT,327.08,333.76,319.05,326.41,13971943,326.41
2019-08-28,MSFT,334.24,335.52,326.34,330.93,23165538,330.93
2019-08-29,MSFT,341.23,344.93,337.63,341.28,28090336,341.28
2019-08-30,MSFT,335.07,344.76,329.31,337.04,28494352,337.04
2019-09-02,MSFT,331.08,340.74,325.92,333.33,26595319,333.33
2019-09-03,MSFT,324.96,330.67,324.96,327.96,30468239,327.96
2019-09-04,MSFT,330.51,331.95,328.3,330.12,15905542,330.12
2019-09-05,MSFT,331.37,333.32,328.82,331.07,27053729,331.07
2019-09-06,MSFT,328.55,334.05,326.95,330.5,26163855,330.5
2019-09-09,MSFT,335.71,342.57,326.23,334.4,27427465,334.4
2019-09-10,MSFT,342.0,345.86,334.85,340.36,25734021,340.36
2019-09-11,MSFT,331.69,337.45,329.14,333.3,15023125,333.3
2019-09-12,MSFT,329.63,338.19,323.13,330.66,14757566,330.66
2019-09-13,MSFT,337.89,339.31,329.9,334.61,10310559,334.61
2019-09-16,MSFT,331.72,336.32,328.8,332.56,34670515,332.56
2019-09-17,MSFT,330.71,336.83,321.16,329.0,34811187,329.0
2019-09-18,MSFT,333.54,341.2,326.51,333.85,35033191,333.85
2019-09-19,MSFT,329.94,335.19,320.84,328.01,28264081,328.01
2019-09-20,MSFT,328.52,331.74,321.78,326.76,10650726,326.76
2019-09-23,MSFT,329.5,335.23,321.57,328.4,16579908,328.4
2019-09-24,MSFT,328.22,328.7,323.11,325.91,26763579,325.91
2019-09-25,MSFT,332.53,335.06,324.2,329.63,26392583,329.63
2019-09-26,MSFT,327.67,335.22,319.07,327.15,22868868,327.15
2019-09-27,MSFT,332.04,337.41,330.19,333.8,28975269,333.8
2019-09-30,MSFT,332.67,340.31,326.38,333.34,25116789,333.34
2019-10-01,MSFT,338.37,341.61,331.64,336.63,26237351,336.63
2019-10-02,MSFT,341.32,342.27,338.33,340.3,19360786,340.3
2019-10-03,MSFT,335.28,344.29,330.62,337.46,37028216,337.46
2019-10-04,MSFT,325.08,330.77,325.08,328.03,21042983,328.03
2019-10-07,MSFT,331.03,335.63,324.0,329.82,14681910,329.82
2019-10-08,MSFT,328.64,332.5,328.07,330.29,18365542,330.29
2019-10-09,MSFT,333.0,340.97,325.03,333.0,21747294,333.0
2019-10-10,MSFT,333.72,335.68,328.48,332.08,37206256,332.08
2019-10-11,MSFT,330.63,333.36,327.07,330.22,24580873,330.22
2019-10-14,MSFT,336.94,342.35,336.94,339.77,23206131,339.77
2019-10-15,MSFT,330.88,340.94,325.01,332.97,15171375,332.97
2019-10-16,MSFT,334.66,343.02,330.07,336.55,34228850,336.55
2019-10-17,MSFT,332.37,340.61,327.36,333.98,19261243,333.98
2019-10-18,MSFT,332.99,337.54,327.57,332.55,24019468,332.55
2019-10-21,MSFT,331.24,336.01,326.41,331.21,45193309,331.21
2019-10-22,MSFT,325.69,330.0,325.28,327.64,30642292,327.64
2019-10-23,MSFT,327.54,335.75,325.05,330.4,13034167,330.4
2019-10-24,MSFT,334.82,340.38,333.68,337.03,12318124,337.03
2019-10-25,MSFT,342.68,347.72,331.06,339.39,24365096,339.39
2019-10-28,MSFT,339.81,347.14,332.9,340.02,15390948,340.02
2019-10-29,MSFT,337.96,339.94,331.04,335.49,32404409,335.49
2019-10-30,MSFT,340.42,340.78,335.35,338.07,25426223,338.07
2019-10-31,MSFT,348.65,355.78,341.35,348.57,26709778,348.57
2019-11-01,MSFT,348.29,349.43,344.27,346.85,18843698,346.85
2019-11-04,MSFT,343.05,348.2,342.14,345.17,50170604,345.17
2019-11-05,MSFT,343.9,345.77,339.45,342.61,77937974,342.61
2019-11-06,MSFT,338.86,345.9,334.91,340.41,22363763,340.41
2019-11-07,MSFT,329.88,334.5,320.91,327.7,28791825,327.7
2019-11-08,MSFT,326.95,333.42,325.98,329.7,25993402,329.7
2019-11-11,MSFT,327.73,328.13,323.77,325.95,22533454,325.95
2019-11-12,MSFT,316.26,323.37,314.26,318.81,17922333,318.81
2019-11-13,MSFT,324.78,328.76,315.89,322.32,16198013,322.32
2019-11-14,MSFT,316.36,320.6,314.61,317.6,15873275,317.6
2019-11-15,MSFT,317.2,319.2,313.26,316.23,29399328,316.23
2019-11-18,MSFT,322.84,330.65,315.18,322.92,20307820,322.92
2019-11-19,MSFT,315.89,324.36,309.11,316.74,8913426,316.74
2019-11-20,MSFT,311.04,317.83,302.44,310.14,29868939,310.14
2019-11-21,MSFT,314.22,318.02,304.85,311.43,24620300,311.43
2019-11-22,MSFT,313.71,319.39,313.71,316.61,42843118,316.61
2019-11-25,MSFT,312.43,312.7,306.97,309.84,29024049,309.84
2019-11-26,MSFT,312.41,315.41,308.05,311.73,13837833,311.73
2019-11-27,MSFT,316.34,317.98,310.83,314.41,10247206,314.41
2019-11-28,MSFT,304.89,312.97,298.22,305.6,18747996,305.6
2019-11-29,MSFT,308.98,315.58,302.73,309.15,19469183,309.15
2019-12-02,MSFT,315.41,319.2,307.0,313.1,36457219,313.1
2019-12-03,MSFT,311.33,314.58,309.14,311.86,24911447,311.86
2019-12-04,MSFT,317.72,324.87,310.14,317.5,39344304,317.5
2019-12-05,MSFT,319.63,329.68,315.77,322.73,14716106,322.73
2019-12-06,MSFT,321.11,326.0,320.65,323.32,36781006,323.32
2019-12-09,MSFT,322.32,328.62,314.21,321.41,33357128,321.41
2019-12-10,MSFT,318.57,320.51,313.88,317.19,11151591,317.19
2019-12-11,MSFT,317.68,319.25,315.06,317.15,42432855,317.15
2019-12-12,MSFT,317.54,325.62,314.02,319.82,25952273,319.82
2019-12-13,MSFT,318.15,324.26,312.74,318.5,29244561,318.5
2019-12-16,MSFT,308.08,311.11,306.85,308.98,17688547,308.98
2019-12-17,MSFT,314.61,318.22,311.06,314.64,41636393,314.64
2019-12-18,MSFT,317.94,323.45,307.76,315.61,15557376,315.61
2019-12-19,MSFT,315.79,319.89,308.23,314.06,34872990,314.06
2019-12-20,MSFT,315.33,324.21,311.75,317.98,34713158,317.98
2019-12-23,MSFT,327.51,327.98,321.96,324.97,16932059,324.97
2019-12-24,MSFT,312.42,314.65,310.54,312.59,55269723,312.59
2019-12-25,MSFT,316.16,317.94,311.31,314.63,27425883,314.63
2019-12-26,MSFT,306.31,311.61,305.45,308.53,32473775,308.53
2019-12-27,MSFT,311.88,313.83,307.81,310.82,13572253,310.82
2019-12-30,MSFT,309.86,314.26,308.74,311.5,58321326,311.5
2019-12-31,MSFT,314.02,319.6,309.22,314.41,15318374,314.41
2020-01-01,MSFT,309.33,315.96,308.74,312.35,37668733,312.35
2020-01-02,MSFT,302.26,310.9,297.87,304.38,16793084,304.38
2020-01-03,MSFT,300.12,305.22,299.97,302.59,19516891,302.59
2020-01-06,MSFT,302.86,308.79,300.09,304.44,34273670,304.44
2020-01-07,MSFT,306.46,310.56,306.46,308.93,37708929,308.93
2020-01-08,MSFT,305.19,308.47,299.57,304.02,15034718,304.02
2020-01-09,MSFT,305.64,310.44,305.64,308.55,38670022,308.55
2020-01-10,MSFT,306.61,313.4,298.38,305.89,37972720,305.89
2020-01-13,MSFT,305.36,313.97,301.16,307.57,17179116,307.57
2020-01-14,MSFT,308.22,310.02,300.98,305.5,47386380,305.5
2020-01-15,MSFT,309.06,309.06,304.34,306.4,13959116,306.4
2020-01-16,MSFT,308.67,315.61,305.15,310.38,19471790,310.38
2020-01-17,MSFT,305.91,311.37,299.06,305.22,30279680,305.22
2020-01-20,MSFT,299.59,305.11,299.59,302.45,17768892,302.45
2020-01-21,MSFT,305.97,308.32,298.39,303.35,27782420,303.35
2020-01-22,MSFT,313.99,320.53,307.17,313.85,27530824,313.85
2020-01-23,MSFT,307.37,316.52,303.89,310.2,23197537,310.2
2020-01-24,MSFT,318.32,326.05,312.6,319.32,34877294,319.32
2020-01-27,MSFT,325.76,335.96,321.12,328.54,22817584,328.54
2020-01-28,MSFT,327.52,336.02,320.43,328.23,27426021,328.23
2020-01-29,MSFT,328.1,331.28,322.7,326.99,39546000,326.99
2020-01-30,MSFT,323.77,329.27,318.66,323.97,34300169,323.97
2020-01-31,MSFT,323.03,330.53,317.05,323.79,34236171,323.79
2020-02-03,MSFT,315.18,323.62,311.58,317.6,15787271,317.6
2020-02-04,MSFT,315.77,325.3,309.48,317.39,30839392,317.39
2020-02-05,MSFT,321.65,325.95,321.65,324.24,17592563,324.24
2020-02-06,MSFT,323.59,325.5,317.72,321.61,14973917,321.61
2020-02-07,MSFT,318.32,324.06,317.25,320.66,24293122,320.66
2020-02-10,MSFT,313.83,316.44,310.03,313.24,17411967,313.24
2020-02-11,MSFT,314.02,317.98,312.03,315.01,34299230,315.01
2020-02-12,MSFT,314.57,322.37,310.23,316.3,34628949,316.3
2020-02-13,MSFT,317.59,318.83,314.59,316.71,11679385,316.71
2020-02-14,MSFT,315.61,322.14,309.61,315.88,17949366,315.88
2020-02-17,MSFT,314.08,320.65,308.77,314.71,13942770,314.71
2020-02-18,MSFT,317.65,320.24,313.88,317.06,20776532,317.06
2020-02-19,MSFT,317.0,320.25,313.87,317.06,29992462,317.06
2020-02-20,MSFT,317.34,324.19,312.99,318.59,22690823,318.59
2020-02-21,MSFT,320.05,326.15,313.21,319.68,19746418,319.68
2020-02-24,MSFT,325.98,332.19,317.56,324.88,42053660,324.88
2020-02-25,MSFT,325.0,335.33,320.87,328.1,9943638,328.1
2020-02-26,MSFT,328.9,337.12,321.12,329.12,41002153,329.12
2020-02-27,MSFT,333.35,341.92,330.73,336.33,20108859,336.33
2020-02-28,MSFT,336.32,346.29,330.6,338.45,24230985,338.45
2020-03-02,MSFT,345.24,352.13,337.53,344.83,20245458,344.83
2020-03-03,MSFT,350.46,355.87,339.94,347.91,46341183,347.91
2020-03-04,MSFT,341.79,341.79,337.41,339.19,15279077,339.19
2020-03-05,MSFT,342.61,353.98,337.18,345.58,25117639,345.58
2020-03-06,MSFT,345.81,351.39,341.36,346.37,30872051,346.37
2020-03-09,MSFT,346.84,353.52,339.0,346.26,13124421,346.26
2020-03-10,MSFT,345.31,350.39,345.14,347.77,17303634,347.77
2020-03-11,MSFT,348.07,350.7,341.76,346.23,23561273,346.23
2020-03-12,MSFT,349.17,351.1,343.85,347.47,17535191,347.47
2020-03-13,MSFT,347.53,348.48,341.01,344.74,18040858,344.74
2020-03-16,MSFT,347.64,353.71,347.64,351.09,21735149,351.09
2020-03-17,MSFT,348.69,358.08,343.27,350.67,32417822,350.67
2020-03-18,MSFT,351.22,351.22,347.13,348.94,21797356,348.94
2020-03-19,MSFT,345.77,348.47,340.71,344.59,38484143,344.59
2020-03-20,MSFT,348.76,348.97,343.09,346.03,16773037,346.03
2020-03-23,MSFT,344.0,352.9,341.25,347.08,15151611,347.08
2020-03-24,MSFT,349.79,352.63,345.59,349.11,54023221,349.11
2020-03-25,MSFT,344.74,347.77,340.76,344.26,19215025,344.26
2020-03-26,MSFT,333.64,341.74,331.79,336.77,14798280,336.77
2020-03-27,MSFT,339.96,346.0,333.73,339.86,12454154,339.86
2020-03-30,MSFT,347.9,349.72,344.56,347.14,38433028,347.14
2020-03-31,MSFT,340.21,345.24,339.41,342.33,21809682,342.33
2020-04-01,MSFT,348.58,353.65,346.69,350.17,22587393,350.17
2020-04-02,MSFT,352.69,360.32,343.1,351.71,23457614,351.71
2020-04-03,MSFT,351.59,356.37,347.26,351.81,37489203,351.81
2020-04-06,MSFT,352.51,355.94,344.06,350.0,23267647,350.0
2020-04-07,MSFT,342.34,346.8,340.04,343.42,63847494,343.42
2020-04-08,MSFT,346.72,353.5,343.18,348.34,26374036,348.34
2020-04-09,MSFT,348.06,348.06,342.48,344.72,38228821,344.72
2020-04-10,MSFT,343.92,343.92,339.17,341.11,34500429,341.11
2020-04-13,MSFT,342.76,351.0,341.05,346.02,24638170,346.02
2020-04-14,MSFT,338.98,341.53,332.78,337.16,19768453,337.16
2020-04-15,MSFT,327.6,332.73,327.6,330.17,28550127,330.17
2020-04-16,MSFT,327.1,336.41,324.03,330.22,30658664,330.22
2020-04-17,MSFT,330.21,339.96,323.47,331.71,19882528,331.71
2020-04-20,MSFT,332.57,338.42,329.79,334.11,26719973,334.11
2020-04-21,MSFT,334.96,338.65,327.01,332.83,40991216,332.83
2020-04-22,MSFT,346.43,353.34,336.6,344.97,57217221,344.97
2020-04-23,MSFT,347.33,351.45,336.57,344.01,35185130,344.01
2020-04-24,MSFT,344.49,347.94,338.14,343.04,52666506,343.04
2020-04-27,MSFT,338.82,346.07,332.67,339.37,19435982,339.37
2020-04-28,MSFT,341.45,342.67,337.52,340.1,33103159,340.1
2020-04-29,MSFT,346.6,348.41,337.94,343.17,42703617,343.17
2020-04-30,MSFT,350.61,352.84,345.45,349.15,17467508,349.15
2020-05-01,MSFT,343.87,344.89,339.27,342.08,20586587,342.08
2020-05-04,MSFT,344.03,345.65,336.43,341.04,50100837,341.04
2020-05-05,MSFT,340.67,345.93,340.67,343.32,16925752,343.32
2020-05-06,MSFT,347.71,352.86,339.72,346.29,14620487,346.29
2020-05-07,MSFT,348.89,351.36,341.57,346.46,46065691,346.46
2020-05-08,MSFT,352.42,354.7,343.79,349.24,40349585,349.24
2020-05-11,MSFT,343.45,348.19,342.71,345.45,29717138,345.45
2020-05-12,MSFT,353.24,355.96,350.45,353.21,24547046,353.21
2020-05-13,MSFT,359.59,364.27,352.32,358.29,20977826,358.29
2020-05-14,MSFT,349.98,360.44,343.06,351.75,27984628,351.75
2020-05-15,MSFT,347.33,349.04,344.24,346.64,47030607,346.64
2020-05-18,MSFT,340.07,345.39,338.07,341.73,27503197,341.73
2020-05-19,MSFT,343.98,352.86,337.4,345.13,59481154,345.13
2020-05-20,MSFT,338.72,341.3,336.93,339.11,17456272,339.11
2020-05-21,MSFT,337.88,345.28,330.08,337.68,24803965,337.68
2020-05-22,MSFT,339.63,345.24,334.71,339.97,21534415,339.97
2020-05-25,MSFT,339.75,344.27,335.32,339.8,16196889,339.8
2020-05-26,MSFT,339.79,344.99,337.35,341.17,23515089,341.17
2020-05-27,MSFT,333.96,339.93,332.57,336.25,29541839,336.25
2020-05-28,MSFT,336.13,342.97,335.43,339.2,30832455,339.2
2020-05-29,MSFT,334.39,344.07,328.8,336.43,59564317,336.43
2020-06-01,MSFT,335.59,341.57,328.52,335.04,30104143,335.04
2020-06-02,MSFT,338.22,342.48,330.11,336.29,39604016,336.29
2020-06-03,MSFT,334.69,343.98,329.85,336.92,25669756,336.92
2020-06-04,MSFT,334.52,340.58,333.74,337.16,48915683,337.16
2020-06-05,MSFT,335.44,339.57,327.98,333.77,65251924,333.77
2020-06-08,MSFT,331.21,337.23,327.79,332.51,30917113,332.51
2020-06-09,MSFT,335.66,339.52,325.79,332.65,16807281,332.65
2020-06-10,MSFT,327.84,330.09,322.79,326.44,20072562,326.44
2020-06-11,MSFT,323.34,330.26,318.67,324.47,27984465,324.47
2020-06-12,MSFT,324.99,333.75,318.97,326.36,30008330,326.36
2020-06-15,MSFT,320.86,324.89,316.52,320.71,33057414,320.71
2020-06-16,MSFT,323.33,328.14,323.33,326.07,30052771,326.07
2020-06-17,MSFT,329.52,337.14,326.97,332.05,25069946,332.05
2020-06-18,MSFT,324.33,330.34,322.56,326.45,19383001,326.45
2020-06-19,MSFT,334.67,338.98,326.71,332.85,29351132,332.85
2020-06-22,MSFT,332.4,340.29,324.33,332.31,52503023,332.31
2020-06-23,MSFT,331.12,339.32,329.48,334.4,37594105,334.4
2020-06-24,MSFT,333.37,336.97,327.46,332.21,30961899,332.21
2020-06-25,MSFT,336.16,342.76,330.58,336.67,37739322,336.67
2020-06-26,MSFT,338.8,341.12,336.33,338.73,21551603,338.73
2020-06-29,MSFT,333.11,338.4,331.65,335.02,20400711,335.02
2020-06-30,MSFT,330.08,337.44,322.02,329.73,18536871,329.73
2020-07-01,MSFT,326.29,329.14,317.24,323.19,23778009,323.19
2020-07-02,MSFT,321.41,325.88,321.41,324.17,21116895,324.17
2020-07-03,MSFT,325.5,329.88,323.94,326.91,40535807,326.91
2020-07-06,MSFT,328.34,336.2,323.88,330.04,20671303,330.04
2020-07-07,MSFT,327.97,336.31,322.94,329.63,18133972,329.63
2020-07-08,MSFT,323.67,331.53,317.39,324.46,54375120,324.46
2020-07-09,MSFT,323.55,324.99,318.02,321.51,20870271,321.51
2020-07-10,MSFT,329.56,334.59,319.15,326.87,26583406,326.87
2020-07-13,MSFT,322.85,330.0,319.57,324.79,29946275,324.79
2020-07-14,MSFT,325.85,331.73,319.41,325.57,15866319,325.57
2020-07-15,MSFT,321.71,326.27,315.4,320.83,40979393,320.83
2020-07-16,MSFT,322.62,324.88,320.07,322.48,32256624,322.48
2020-07-17,MSFT,320.12,328.32,312.77,320.55,46629315,320.55
2020-07-20,MSFT,323.4,327.84,322.98,325.41,19052285,325.41
2020-07-21,MSFT,329.01,332.41,325.76,329.09,26011172,329.09
2020-07-22,MSFT,326.29,333.9,319.99,326.94,25396671,326.94
2020-07-23,MSFT,328.42,332.16,320.82,326.49,27783191,326.49
2020-07-24,MSFT,325.82,331.17,317.06,324.11,13971645,324.11
2020-07-27,MSFT,315.54,322.73,313.0,317.86,26133300,317.86
2020-07-28,MSFT,311.61,318.14,310.26,314.2,14129859,314.2
2020-07-29,MSFT,317.77,322.58,307.81,315.2,28852869,315.2
2020-07-30,MSFT,316.99,318.58,314.95,316.76,10669787,316.76
2020-07-31,MSFT,319.82,324.58,310.53,317.55,11920279,317.55
2020-08-03,MSFT,313.54,319.38,313.3,316.34,34684583,316.34
2020-08-04,MSFT,320.8,327.67,313.58,320.63,20088357,320.63
2020-08-05,MSFT,321.29,323.54,318.54,321.04,16839588,321.04
2020-08-06,MSFT,326.69,329.73,318.96,324.35,41563154,324.35
2020-08-07,MSFT,313.97,323.72,309.32,316.52,28500633,316.52
2020-08-10,MSFT,298.17,304.07,295.39,299.73,35435420,299.73
2020-08-11,MSFT,300.48,307.04,295.04,301.04,23391647,301.04
2020-08-12,MSFT,297.38,301.44,288.99,295.22,73019556,295.22
2020-08-13,MSFT,297.04,300.27,288.65,294.46,19630221,294.46
2020-08-14,MSFT,296.22,300.23,286.44,293.33,50233093,293.33
2020-08-17,MSFT,302.8,304.23,295.86,300.04,24393809,300.04
2020-08-18,MSFT,298.87,304.41,298.87,301.85,12897992,301.85
2020-08-19,MSFT,299.94,304.48,299.94,302.67,30326300,302.67
2020-08-20,MSFT,304.21,309.41,303.32,306.37,28354361,306.37
2020-08-21,MSFT,307.14,310.5,305.65,308.07,16417487,308.07
2020-08-24,MSFT,308.25,311.18,301.28,306.23,17287576,306.23
2020-08-25,MSFT,313.42,313.69,308.28,310.98,24754239,310.98
2020-08-26,MSFT,304.39,308.08,304.39,306.31,28753944,306.31
2020-08-27,MSFT,308.56,309.58,306.06,307.82,9305545,307.82
2020-08-28,MSFT,303.86,307.87,294.83,301.35,38096575,301.35
2020-08-31,MSFT,302.11,307.42,297.24,302.33,20513365,302.33
2020-09-01,MSFT,300.87,306.96,299.58,303.27,14675461,303.27
2020-09-02,MSFT,310.34,317.71,303.49,310.6,36426715,310.6
2020-09-03,MSFT,303.23,305.94,302.04,303.99,24764932,303.99
2020-09-04,MSFT,302.03,308.98,294.14,301.56,40663957,301.56
2020-09-07,MSFT,304.8,310.47,299.89,305.18,29786543,305.18
2020-09-08,MSFT,303.78,309.4,303.78,306.74,24984859,306.74
2020-09-09,MSFT,310.68,313.35,301.92,307.64,23518417,307.64
2020-09-10,MSFT,303.93,309.82,297.51,303.67,30324650,303.67
2020-09-11,MSFT,301.13,305.38,297.2,301.29,21188600,301.29
2020-09-14,MSFT,309.5,313.53,299.89,306.71,17775956,306.71
2020-09-15,MSFT,304.5,309.07,304.15,306.61,31907448,306.61
2020-09-16,MSFT,306.43,311.61,305.09,308.35,23596082,308.35
2020-09-17,MSFT,309.88,310.09,305.86,307.98,25337940,307.98
2020-09-18,MSFT,301.59,305.83,300.25,303.04,38653130,303.04
2020-09-21,MSFT,308.99,310.15,304.15,307.15,23886780,307.15
2020-09-22,MSFT,308.03,316.67,302.22,309.45,25150792,309.45
2020-09-23,MSFT,316.74,321.83,316.74,319.73,19668453,319.73
2020-09-24,MSFT,315.45,319.61,311.07,315.34,29700735,315.34
2020-09-25,MSFT,317.19,324.12,314.13,319.12,28754865,319.12
2020-09-28,MSFT,315.06,320.64,306.24,313.44,35844347,313.44
2020-09-29,MSFT,315.15,322.1,306.42,314.26,19830562,314.26
2020-09-30,MSFT,321.41,325.11,312.32,318.71,20816564,318.71
2020-10-01,MSFT,311.48,317.29,302.16,309.72,34320086,309.72
2020-10-02,MSFT,306.99,315.37,302.55,308.96,27653741,308.96
2020-10-05,MSFT,308.5,314.1,299.22,306.66,17398579,306.66
2020-10-06,MSFT,304.64,309.6,297.97,303.78,42161077,303.78
2020-10-07,MSFT,306.58,307.56,303.53,305.55,12673276,305.55
2020-10-08,MSFT,312.57,314.55,306.45,310.5,34212453,310.5
2020-10-09,MSFT,310.51,315.61,304.49,310.05,15071280,310.05
2020-10-12,MSFT,310.86,314.8,307.33,311.07,53153886,311.07
2020-10-13,MSFT,312.54,314.95,308.43,311.69,13477692,311.69
2020-10-14,MSFT,310.56,316.98,306.66,311.82,39637517,311.82
2020-10-15,MSFT,305.28,314.5,299.96,307.23,24196840,307.23
2020-10-16,MSFT,312.89,313.94,310.38,312.16,21590098,312.16
2020-10-19,MSFT,311.91,319.97,307.18,313.58,26924441,313.58
2020-10-20,MSFT,312.79,321.58,309.31,315.44,32189359,315.44
2020-10-21,MSFT,308.91,319.6,304.45,312.03,17411233,312.03
2020-10-22,MSFT,310.82,317.47,302.83,310.15,18039444,310.15
2020-10-23,MSFT,308.66,315.78,303.25,309.51,32418127,309.51
2020-10-26,MSFT,304.59,307.73,298.39,303.06,12628278,303.06
2020-10-27,MSFT,295.36,298.79,293.41,296.1,19790147,296.1
2020-10-28,MSFT,293.65,298.41,289.06,293.74,84364829,293.74
2020-10-29,MSFT,295.46,302.02,290.0,296.01,16973794,296.01
2020-10-30,MSFT,294.32,300.16,286.71,293.43,39567059,293.43
2020-11-02,MSFT,288.56,295.41,283.38,289.4,19776522,289.4
2020-11-03,MSFT,288.88,288.88,283.68,286.23,30645746,286.23
2020-11-04,MSFT,287.01,289.36,279.69,284.52,32479791,284.52
2020-11-05,MSFT,285.2,286.53,279.93,283.23,39269907,283.23
2020-11-06,MSFT,294.52,294.52,290.55,292.07,23075565,292.07
2020-11-09,MSFT,296.23,299.2,293.86,296.53,55391695,296.53
2020-11-10,MSFT,301.16,303.12,298.75,300.94,19749757,300.94
2020-11-11,MSFT,307.51,312.71,299.34,306.02,27455430,306.02
2020-11-12,MSFT,303.08,304.97,298.83,301.9,27577124,301.9
2020-11-13,MSFT,299.21,300.07,293.72,296.89,15960047,296.89
2020-11-16,MSFT,293.71,299.52,285.37,292.44,22298667,292.44
2020-11-17,MSFT,301.05,301.83,294.33,298.08,26668450,298.08
2020-11-18,MSFT,295.03,297.46,294.39,295.92,21031628,295.92
2020-11-19,MSFT,292.84,294.01,287.8,290.9,66370017,290.9
2020-11-20,MSFT,290.41,291.4,287.13,289.27,17875415,289.27
2020-11-23,MSFT,289.52,290.45,286.38,288.42,40070708,288.42
2020-11-24,MSFT,288.61,291.52,287.72,289.62,35214564,289.62
2020-11-25,MSFT,292.42,295.66,285.85,290.76,24861762,290.76
2020-11-26,MSFT,289.82,290.05,285.0,287.52,17686333,287.52
2020-11-27,MSFT,288.78,293.96,286.86,290.41,18385709,290.41
2020-11-30,MSFT,288.66,294.34,281.54,287.94,20321692,287.94
2020-12-01,MSFT,286.81,291.3,283.55,287.43,12238409,287.43
2020-12-02,MSFT,293.16,297.09,283.55,290.32,16734787,290.32
2020-12-03,MSFT,287.72,292.14,283.53,287.84,13816799,287.84
2020-12-04,MSFT,284.12,289.38,281.96,285.67,42829444,285.67
2020-12-07,MSFT,287.48,293.93,282.39,288.16,32016800,288.16
2020-12-08,MSFT,285.71,286.68,282.99,284.84,34235580,284.84
2020-12-09,MSFT,281.02,285.34,281.02,283.42,31639571,283.42
2020-12-10,MSFT,286.34,290.9,280.59,285.75,26726694,285.75
2020-12-11,MSFT,296.74,298.54,289.87,294.2,44842123,294.2
2020-12-14,MSFT,298.91,303.0,290.65,296.83,19581216,296.83
2020-12-15,MSFT,296.33,305.89,291.94,298.92,26089780,298.92
2020-12-16,MSFT,304.24,305.11,297.42,301.27,33706791,301.27
2020-12-17,MSFT,298.07,301.92,291.87,296.89,14737453,296.89
2020-12-18,MSFT,295.48,301.96,293.03,297.49,86272542,297.49
2020-12-21,MSFT,294.59,304.82,290.16,297.49,25287295,297.49
2020-12-22,MSFT,296.99,305.42,292.49,298.95,26460990,298.95
2020-12-23,MSFT,301.59,306.52,292.6,299.56,41331587,299.56
2020-12-24,MSFT,298.4,304.32,298.24,301.28,36048236,301.28
2020-12-25,MSFT,298.49,306.23,293.95,300.09,25383694,300.09
2020-12-28,MSFT,302.0,303.55,297.36,300.46,26335757,300.46
2020-12-29,MSFT,295.96,298.16,292.74,295.45,13697542,295.45
2020-12-30,MSFT,295.92,301.28,287.22,294.25,20011147,294.25
2020-12-31,MSFT,301.64,301.77,298.54,300.16,30746000,300.16
2021-01-01,MSFT,298.91,308.95,294.29,301.62,29857407,301.62
2021-01-04,MSFT,304.02,304.06,299.25,301.65,40745366,301.65
2021-01-05,MSFT,308.2,316.52,303.27,309.89,23823569,309.89
2021-01-06,MSFT,304.49,307.37,300.97,304.17,14353032,304.17
2021-01-07,MSFT,300.47,303.2,296.0,299.6,38151611,299.6
2021-01-08,MSFT,304.96,309.86,304.13,306.99,44403201,306.99
2021-01-11,MSFT,310.24,312.45,302.18,307.32,35808083,307.32
2021-01-12,MSFT,306.32,310.06,302.73,306.4,23416065,306.4
2021-01-13,MSFT,298.75,306.89,295.95,301.42,37963692,301.42
2021-01-14,MSFT,306.09,306.09,301.82,303.43,98537778,303.43
2021-01-15,MSFT,306.41,307.8,303.96,305.88,26178455,305.88
2021-01-18,MSFT,302.55,303.46,299.24,301.35,14793400,301.35
2021-01-19,MSFT,301.03,304.9,296.85,300.88,19773878,300.88
2021-01-20,MSFT,301.59,305.97,293.21,299.59,32106747,299.59
2021-01-21,MSFT,297.98,307.63,293.94,300.79,13157002,300.79
2021-01-22,MSFT,294.86,299.16,293.3,296.23,26752744,296.23
2021-01-25,MSFT,301.4,306.56,296.61,301.59,29107925,301.59
2021-01-26,MSFT,303.01,311.83,299.38,305.6,46197446,305.6
2021-01-27,MSFT,305.43,307.45,300.9,304.17,42222521,304.17
2021-01-28,MSFT,302.73,307.37,299.38,303.38,35329197,303.38
2021-01-29,MSFT,301.54,307.61,298.23,302.92,10525535,302.92
2021-02-01,MSFT,296.78,302.06,296.78,299.76,36136270,299.76
2021-02-02,MSFT,299.33,299.67,296.38,298.02,33151275,298.02
2021-02-03,MSFT,299.0,299.41,294.62,297.01,27695046,297.01
2021-02-04,MSFT,303.28,309.25,298.59,303.92,12513236,303.92
2021-02-05,MSFT,308.49,310.09,306.1,308.1,18323167,308.1
2021-02-08,MSFT,310.58,315.03,309.54,312.28,15676248,312.28
2021-02-09,MSFT,314.8,317.72,310.34,314.03,11165988,314.03
2021-02-10,MSFT,306.26,311.31,306.26,309.28,24970865,309.28
2021-02-11,MSFT,309.15,311.96,306.49,309.22,18169547,309.22
2021-02-12,MSFT,314.48,320.86,306.3,313.58,71450010,313.58
2021-02-15,MSFT,310.81,310.81,306.57,308.23,23367987,308.23
2021-02-16,MSFT,310.37,316.73,305.49,311.11,41945748,311.11
2021-02-17,MSFT,323.23,325.6,317.45,321.52,13346260,321.52
2021-02-18,MSFT,327.11,332.5,320.45,326.47,20223392,326.47
2021-02-19,MSFT,335.98,338.72,327.54,333.13,25988002,333.13
2021-02-22,MSFT,333.61,337.45,331.12,334.29,17385112,334.29
2021-02-23,MSFT,337.76,346.42,331.54,338.98,21115250,338.98
2021-02-24,MSFT,338.33,340.71,330.75,335.73,22912794,335.73
2021-02-25,MSFT,336.57,346.91,332.34,339.63,22767011,339.63
2021-02-26,MSFT,340.4,347.39,338.39,342.89,52505779,342.89
2021-03-01,MSFT,341.55,352.93,335.92,344.42,29083364,344.42
2021-03-02,MSFT,353.38,358.13,343.81,350.97,30285833,350.97
2021-03-03,MSFT,345.06,356.95,340.0,348.47,31023275,348.47
2021-03-04,MSFT,350.22,353.02,342.39,347.7,31942147,347.7
2021-03-05,MSFT,347.97,353.35,343.26,348.31,24184720,348.31
2021-03-08,MSFT,340.05,350.37,336.55,343.46,21989768,343.46
2021-03-09,MSFT,344.01,352.48,336.9,344.69,26725074,344.69
2021-03-10,MSFT,334.52,344.8,328.45,336.63,39709776,336.63
2021-03-11,MSFT,342.59,345.66,337.81,341.74,39227228,341.74
2021-03-12,MSFT,343.32,349.27,334.92,342.1,22707980,342.1
2021-03-15,MSFT,339.66,342.88,336.62,339.75,33988196,339.75
2021-03-16,MSFT,332.85,341.28,330.59,335.94,23127952,335.94
2021-03-17,MSFT,336.02,337.85,332.09,334.97,25341010,334.97
2021-03-18,MSFT,340.67,342.39,334.31,338.35,20686192,338.35
2021-03-19,MSFT,342.6,349.15,333.03,341.09,23247968,341.09
2021-03-22,MSFT,340.11,340.55,335.2,337.88,42751652,337.88
2021-03-23,MSFT,332.03,339.93,328.14,334.03,25941507,334.03
2021-03-24,MSFT,339.88,342.94,331.57,337.25,26390097,337.25
2021-03-25,MSFT,332.81,336.47,331.52,333.99,14013045,333.99
2021-03-26,MSFT,331.15,338.26,330.56,334.41,22091176,334.41
2021-03-29,MSFT,337.42,340.57,329.67,335.12,22699658,335.12
2021-03-30,MSFT,339.7,339.7,333.78,336.73,17943329,336.73
2021-03-31,MSFT,341.99,348.1,333.77,340.93,25217595,340.93
2021-04-01,MSFT,333.29,343.28,326.9,335.09,21056365,335.09
2021-04-02,MSFT,324.76,329.41,323.34,326.38,25812894,326.38
2021-04-05,MSFT,323.71,326.76,321.09,323.92,26245040,323.92
2021-04-06,MSFT,334.98,337.02,327.65,332.33,17057228,332.33
2021-04-07,MSFT,339.62,348.84,335.19,342.01,21314660,342.01
2021-04-08,MSFT,353.32,354.77,347.3,351.03,25785840,351.03
2021-04-09,MSFT,348.77,352.12,348.34,350.23,40148922,350.23
2021-04-12,MSFT,343.84,347.14,336.33,341.74,27703631,341.74
2021-04-13,MSFT,333.62,338.82,322.86,330.84,19184482,330.84
2021-04-14,MSFT,327.66,332.35,323.93,328.14,29326094,328.14
2021-04-15,MSFT,326.48,331.75,322.98,327.36,49496174,327.36
2021-04-16,MSFT,335.53,341.64,325.38,333.51,36073496,333.51
2021-04-19,MSFT,337.92,344.11,331.35,337.73,31121112,337.73
2021-04-20,MSFT,340.19,345.51,332.37,338.94,33418575,338.94
2021-04-21,MSFT,335.7,340.32,329.43,334.88,44471896,334.88
2021-04-22,MSFT,328.24,338.63,322.44,330.54,38441074,330.54
2021-04-23,MSFT,334.14,338.08,325.62,331.85,31361467,331.85
2021-04-26,MSFT,333.2,342.91,327.56,335.24,38333826,335.24
2021-04-27,MSFT,340.13,343.62,330.81,337.22,16219518,337.22
2021-04-28,MSFT,330.84,339.05,325.95,332.5,13707864,332.5
2021-04-29,MSFT,337.25,339.31,332.05,335.68,26621396,335.68
2021-04-30,MSFT,336.37,341.56,334.08,337.82,25696328,337.82
2021-05-03,MSFT,331.72,339.81,326.05,332.93,20111902,332.93
2021-05-04,MSFT,328.17,333.03,325.82,329.43,34786065,329.43
2021-05-05,MSFT,334.4,338.16,327.34,332.75,11866631,332.75
2021-05-06,MSFT,332.17,335.11,328.48,331.79,20185548,331.79
2021-05-07,MSFT,341.99,346.64,332.15,339.39,20591813,339.39
2021-05-10,MSFT,340.6,344.39,339.46,341.92,12992277,341.92
2021-05-11,MSFT,341.04,347.07,332.4,339.74,45457063,339.74
2021-05-12,MSFT,341.54,345.62,334.03,339.82,14515184,339.82
2021-05-13,MSFT,337.89,343.24,337.29,340.26,19757631,340.26
2021-05-14,MSFT,336.28,342.28,331.61,336.95,35947794,336.95
2021-05-17,MSFT,332.69,336.35,329.26,332.8,32372003,332.8
2021-05-18,MSFT,335.25,340.08,332.36,336.22,16048348,336.22
2021-05-19,MSFT,339.15,344.45,336.27,340.36,32847364,340.36
2021-05-20,MSFT,344.67,345.54,341.24,343.39,28072476,343.39
2021-05-21,MSFT,348.9,359.56,342.22,350.89,63566719,350.89
2021-05-24,MSFT,349.84,350.34,346.42,348.38,29384049,348.38
2021-05-25,MSFT,359.89,363.3,350.27,356.79,23626739,356.79
2021-05-26,MSFT,352.91,356.83,348.08,352.46,17748039,352.46
2021-05-27,MSFT,348.41,353.86,341.4,347.63,18563150,347.63
2021-05-28,MSFT,336.38,343.42,335.19,339.31,17967564,339.31
2021-05-31,MSFT,339.79,343.57,331.1,337.33,43263760,337.33
2021-06-01,MSFT,333.66,341.66,328.53,335.1,25180346,335.1
2021-06-02,MSFT,338.49,344.06,331.36,337.71,31342489,337.71
2021-06-03,MSFT,342.25,342.25,336.53,339.0,45813319,339.0
2021-06-04,MSFT,334.16,339.57,327.47,333.52,9732688,333.52
2021-06-07,MSFT,333.32,335.34,328.31,331.82,41696839,331.82
2021-06-08,MSFT,329.88,332.08,328.39,330.24,25560152,330.24
2021-06-09,MSFT,319.42,326.54,317.97,322.26,29751964,322.26
2021-06-10,MSFT,319.88,322.34,313.64,317.99,17948643,317.99
2021-06-11,MSFT,311.78,319.22,310.19,314.7,18482531,314.7
2021-06-14,MSFT,322.5,327.35,315.08,321.21,30399135,321.21
2021-06-15,MSFT,319.13,325.8,318.6,322.2,64891389,322.2
2021-06-16,MSFT,327.69,329.01,321.66,325.33,37345079,325.33
2021-06-17,MSFT,316.53,320.69,316.53,318.71,41474757,318.71
2021-06-18,MSFT,324.3,330.29,318.14,324.21,23151864,324.21
2021-06-21,MSFT,330.95,335.71,324.9,330.3,19664090,330.3
2021-06-22,MSFT,321.05,325.17,317.47,321.32,18293647,321.32
2021-06-23,MSFT,317.28,324.37,312.21,318.29,20564500,318.29
2021-06-24,MSFT,320.43,325.69,315.59,320.64,10998543,320.64
2021-06-25,MSFT,322.45,328.33,319.02,323.67,18707192,323.67
2021-06-28,MSFT,320.34,325.63,315.86,320.74,19980055,320.74
2021-06-29,MSFT,318.6,325.16,313.84,319.5,23306506,319.5
2021-06-30,MSFT,317.39,322.74,311.2,316.97,26352835,316.97
2021-07-01,MSFT,315.92,321.01,314.16,317.59,28900421,317.59
2021-07-02,MSFT,326.24,326.24,320.56,323.08,24851190,323.08
2021-07-05,MSFT,319.75,322.34,317.14,319.74,19812213,319.74
2021-07-06,MSFT,322.4,330.15,318.61,324.38,11399076,324.38
2021-07-07,MSFT,320.84,328.19,313.77,320.98,19860888,320.98
2021-07-08,MSFT,319.65,321.51,313.14,317.32,16943691,317.32
2021-07-09,MSFT,318.04,323.8,318.04,321.11,30123407,321.11
2021-07-12,MSFT,326.58,331.96,318.86,325.41,35966601,325.41
2021-07-13,MSFT,329.76,336.58,322.32,329.45,36390372,329.45
2021-07-14,MSFT,321.43,330.88,316.25,323.56,33840452,323.56
2021-07-15,MSFT,323.63,327.1,316.08,321.59,23699774,321.59
2021-07-16,MSFT,324.59,332.68,318.22,325.45,20289298,325.45
2021-07-19,MSFT,324.42,327.5,324.04,325.77,18541931,325.77
2021-07-20,MSFT,323.14,323.33,318.74,321.04,13679197,321.04
2021-07-21,MSFT,324.13,325.45,321.02,323.23,37174286,323.23
2021-07-22,MSFT,322.69,326.31,313.98,320.14,23312539,320.14
2021-07-23,MSFT,329.27,330.52,326.32,328.42,15185479,328.42
2021-07-26,MSFT,337.35,340.75,330.72,335.74,17962374,335.74
2021-07-27,MSFT,341.0,343.62,333.83,338.72,17673855,338.72
2021-07-28,MSFT,342.3,349.25,341.5,345.38,25433968,345.38
2021-07-29,MSFT,347.74,353.58,338.08,345.83,38315823,345.83
2021-07-30,MSFT,350.49,352.64,346.76,349.7,21751440,349.7
2021-08-02,MSFT,354.07,361.45,352.85,357.15,10153946,357.15
2021-08-03,MSFT,358.58,365.87,351.18,358.52,23178003,358.52
2021-08-04,MSFT,354.4,359.39,354.4,357.39,23485853,357.39
2021-08-05,MSFT,350.75,355.54,342.66,349.1,22849008,349.1
2021-08-06,MSFT,349.16,356.27,341.4,348.83,19450861,348.83
2021-08-09,MSFT,356.22,361.37,344.67,353.02,27271752,353.02
2021-08-10,MSFT,355.6,365.93,349.81,357.87,25670238,357.87
2021-08-11,MSFT,361.32,364.66,356.44,360.55,24752925,360.55
2021-08-12,MSFT,355.91,363.96,351.98,357.97,29486495,357.97
2021-08-13,MSFT,349.14,350.62,346.06,348.34,21050886,348.34
2021-08-16,MSFT,347.61,349.59,342.56,346.07,20578391,346.07
2021-08-17,MSFT,346.27,347.11,342.37,344.74,43420216,344.74
2021-08-18,MSFT,345.54,347.25,339.49,343.37,31268712,343.37
2021-08-19,MSFT,348.95,354.3,338.7,346.5,34801282,346.5
2021-08-20,MSFT,353.4,360.67,352.15,356.41,40825939,356.41
2021-08-23,MSFT,356.05,362.97,351.37,357.17,30853601,357.17
2021-08-24,MSFT,357.56,361.1,351.36,356.23,36242457,356.23
2021-08-25,MSFT,355.07,360.12,350.05,355.08,13291673,355.08
2021-08-26,MSFT,353.64,364.52,347.16,355.84,27127212,355.84
2021-08-27,MSFT,352.25,355.73,348.04,351.88,23237990,351.88
2021-08-30,MSFT,351.96,358.8,346.43,352.62,48908414,352.62
2021-08-31,MSFT,354.21,359.75,350.24,354.99,36231685,354.99
2021-09-01,MSFT,358.39,358.4,353.96,356.18,19427658,356.18
2021-09-02,MSFT,357.95,363.92,353.31,358.61,29020239,358.61
2021-09-03,MSFT,357.52,368.62,353.27,360.94,26734326,360.94
2021-09-06,MSFT,349.13,354.7,349.13,352.24,29982335,352.24
2021-09-07,MSFT,358.07,358.07,353.26,355.54,16632171,355.54
2021-09-08,MSFT,355.6,355.6,349.51,352.35,28872292,352.35
2021-09-09,MSFT,348.44,354.17,340.09,347.13,22819496,347.13
2021-09-10,MSFT,341.01,348.6,335.28,341.94,27990235,341.94
2021-09-13,MSFT,347.18,349.77,338.55,344.16,18711190,344.16
2021-09-14,MSFT,344.35,348.16,338.3,343.23,19783545,343.23
2021-09-15,MSFT,337.68,343.01,327.74,335.38,39981331,335.38
2021-09-16,MSFT,339.56,344.63,330.89,337.76,16416005,337.76
2021-09-17,MSFT,330.36,338.19,324.12,331.16,16907783,331.16
2021-09-20,MSFT,331.8,339.0,324.88,331.94,24489472,331.94
2021-09-21,MSFT,331.09,339.13,327.23,333.18,18358995,333.18
2021-09-22,MSFT,336.07,342.25,332.7,337.48,17546673,337.48
2021-09-23,MSFT,348.06,353.85,338.42,346.14,26073154,346.14
2021-09-24,MSFT,342.4,347.71,331.73,339.72,13692517,339.72
2021-09-27,MSFT,341.14,341.47,337.75,339.61,16704713,339.61
2021-09-28,MSFT,338.2,340.48,336.4,338.44,56855562,338.44
2021-09-29,MSFT,337.82,348.87,332.4,340.63,30044086,340.63
2021-09-30,MSFT,338.77,345.41,338.2,341.8,18545932,341.8
2021-10-01,MSFT,339.4,347.9,332.61,340.26,29552308,340.26
2021-10-04,MSFT,338.05,342.62,333.98,338.3,31368619,338.3
2021-10-05,MSFT,333.91,335.64,330.73,333.19,37212383,333.19
2021-10-06,MSFT,334.63,340.19,334.63,337.96,23760235,337.96
2021-10-07,MSFT,343.61,343.61,337.51,340.28,36946647,340.28
2021-10-08,MSFT,343.88,348.26,341.37,344.82,11061794,344.82
2021-10-11,MSFT,345.85,348.53,338.39,343.46,16384775,343.46
2021-10-12,MSFT,340.69,346.93,333.97,340.45,26693614,340.45
2021-10-13,MSFT,333.01,343.78,327.19,335.49,28523526,335.49
2021-10-14,MSFT,339.32,341.98,332.65,337.31,17359899,337.31
2021-10-15,MSFT,333.97,337.68,327.46,332.57,27733576,332.57
2021-10-18,MSFT,341.61,346.7,336.16,341.43,19479053,341.43
2021-10-19,MSFT,335.47,340.66,330.07,335.37,22378310,335.37
2021-10-20,MSFT,334.01,341.96,331.62,336.79,37667036,336.79
2021-10-21,MSFT,345.47,346.18,342.62,344.4,35961568,344.4
2021-10-22,MSFT,350.3,350.3,345.69,347.44,16777717,347.44
2021-10-25,MSFT,345.6,350.86,345.6,348.44,16378594,348.44
2021-10-26,MSFT,342.25,346.3,341.46,343.88,21208593,343.88
2021-10-27,MSFT,340.14,343.87,330.98,337.43,24733962,337.43
2021-10-28,MSFT,339.75,344.33,338.12,341.22,19215484,341.22
2021-10-29,MSFT,349.71,356.62,340.65,348.63,37906886,348.63
2021-11-01,MSFT,346.88,354.81,338.47,346.64,28726836,346.64
2021-11-02,MSFT,341.95,349.66,332.92,341.29,29409268,341.29
2021-11-03,MSFT,329.32,337.72,322.03,329.88,15063284,329.88
2021-11-04,MSFT,324.21,328.91,322.11,325.51,39876696,325.51
2021-11-05,MSFT,322.19,330.06,320.18,325.12,8091452,325.12
2021-11-08,MSFT,334.24,335.45,329.79,332.62,34900390,332.62
2021-11-09,MSFT,337.56,343.0,328.81,335.9,36328425,335.9
2021-11-10,MSFT,338.63,345.16,329.79,337.48,21029271,337.48
2021-11-11,MSFT,336.69,343.12,328.33,335.73,41597493,335.73
2021-11-12,MSFT,331.42,337.68,328.58,333.13,24376920,333.13
2021-11-15,MSFT,336.64,346.74,333.03,339.89,25632177,339.89
2021-11-16,MSFT,343.09,343.35,338.61,340.98,28636649,340.98
2021-11-17,MSFT,331.16,333.15,329.3,331.22,89434435,331.22
2021-11-18,MSFT,326.98,334.83,321.66,328.25,42804763,328.25
2021-11-19,MSFT,321.87,328.84,320.07,324.46,33093215,324.46
2021-11-22,MSFT,319.3,330.14,314.09,322.11,17352802,322.11
2021-11-23,MSFT,323.81,327.05,322.54,324.79,26477935,324.79
2021-11-24,MSFT,326.41,331.61,317.26,324.44,18058675,324.44
2021-11-25,MSFT,326.93,328.95,319.48,324.22,34734039,324.22
2021-11-26,MSFT,332.99,337.48,323.25,330.37,26444881,330.37
2021-11-29,MSFT,330.04,334.28,320.31,327.29,15943753,327.29
2021-11-30,MSFT,338.82,343.92,328.24,336.08,25824551,336.08
2021-12-01,MSFT,333.25,336.72,329.42,333.07,17798404,333.07
2021-12-02,MSFT,331.75,341.63,325.62,333.62,26558831,333.62
2021-12-03,MSFT,334.43,335.12,329.77,332.45,17729765,332.45
2021-12-06,MSFT,331.25,335.37,330.94,333.15,25276393,333.15
2021-12-07,MSFT,333.81,339.94,330.8,335.37,33752813,335.37
2021-12-08,MSFT,335.75,344.83,330.27,337.55,24475069,337.55
2021-12-09,MSFT,334.24,338.98,329.31,334.14,21381381,334.14
2021-12-10,MSFT,327.89,336.17,321.96,329.06,27117690,329.06
2021-12-13,MSFT,338.58,347.62,334.26,340.94,33040988,340.94
2021-12-14,MSFT,338.45,341.88,335.66,338.77,16054714,338.77
2021-12-15,MSFT,344.8,350.45,334.03,342.24,27747293,342.24
2021-12-16,MSFT,335.23,336.84,332.68,334.76,42346770,334.76
2021-12-17,MSFT,336.11,341.24,325.92,333.58,31448101,333.58
2021-12-20,MSFT,331.1,336.82,329.43,333.12,25584264,333.12
2021-12-21,MSFT,333.24,340.5,330.44,335.47,32290427,335.47
2021-12-22,MSFT,323.54,327.4,318.71,323.06,29960337,323.06
2021-12-23,MSFT,323.7,326.67,321.2,323.94,33795115,323.94
2021-12-24,MSFT,319.91,322.77,315.01,318.89,11126205,318.89
2021-12-27,MSFT,322.36,323.31,317.63,320.47,13430031,320.47
2021-12-28,MSFT,317.57,318.85,313.12,315.98,37367729,315.98
2021-12-29,MSFT,315.11,315.11,309.62,312.35,13691348,312.35
2021-12-30,MSFT,310.65,315.88,306.68,311.28,29355833,311.28
2021-12-31,MSFT,305.05,313.28,300.42,306.85,21716144,306.85
2022-01-03,MSFT,305.25,309.93,299.94,304.94,16783564,304.94
2022-01-04,MSFT,297.67,306.86,293.15,300.0,28752816,300.0
2022-01-05,MSFT,291.29,297.71,287.33,292.52,27093374,292.52
2022-01-06,MSFT,295.1,302.42,291.26,296.84,58149244,296.84
2022-01-07,MSFT,291.02,296.97,286.27,291.62,19471489,291.62
2022-01-10,MSFT,288.74,295.08,286.94,291.01,44474672,291.01
2022-01-11,MSFT,291.45,299.74,288.68,294.21,28784728,294.21
2022-01-12,MSFT,292.72,293.67,289.94,291.8,19191492,291.8
2022-01-13,MSFT,289.2,294.97,282.16,288.57,34417818,288.57
2022-01-14,MSFT,290.81,295.55,283.65,289.6,31348650,289.6
2022-01-17,MSFT,295.23,297.2,291.37,294.29,25361014,294.29
2022-01-18,MSFT,287.39,295.52,283.73,289.62,27809952,289.62
2022-01-19,MSFT,287.92,290.65,287.61,289.13,19689411,289.13
2022-01-20,MSFT,280.23,284.96,279.68,282.32,17967435,282.32
2022-01-21,MSFT,282.81,282.81,279.11,280.88,33874167,280.88
2022-01-24,MSFT,282.52,286.92,275.34,281.13,22857974,281.13
2022-01-25,MSFT,276.24,283.49,272.31,277.9,24211860,277.9
2022-01-26,MSFT,275.36,282.11,270.36,276.24,27960826,276.24
2022-01-27,MSFT,273.48,273.48,269.57,270.95,27798752,270.95
2022-01-28,MSFT,271.86,275.43,267.28,271.35,14113689,271.35
2022-01-31,MSFT,277.16,280.77,270.24,275.5,41820082,275.5
2022-02-01,MSFT,270.14,273.61,269.21,271.41,26241672,271.41
2022-02-02,MSFT,267.61,274.01,264.32,269.17,23053428,269.17
2022-02-03,MSFT,272.72,272.99,269.36,271.18,29701995,271.18
2022-02-04,MSFT,276.95,278.31,273.55,275.93,27480940,275.93
2022-02-07,MSFT,271.31,274.25,266.4,270.33,33977580,270.33
2022-02-08,MSFT,270.08,274.67,264.92,269.8,31002544,269.8
2022-02-09,MSFT,271.32,273.12,268.83,270.98,33315218,270.98
2022-02-10,MSFT,271.98,273.06,268.34,270.7,42917230,270.7
2022-02-11,MSFT,260.38,263.96,259.2,261.58,35599288,261.58
2022-02-14,MSFT,262.75,266.1,260.95,263.53,23445564,263.53
2022-02-15,MSFT,271.3,271.87,266.73,269.3,15954092,269.3
2022-02-16,MSFT,268.82,273.33,266.37,269.85,48715390,269.85
2022-02-17,MSFT,266.34,270.9,261.28,266.09,22732292,266.09
2022-02-18,MSFT,265.36,267.93,260.65,264.29,20689635,264.29
2022-02-21,MSFT,273.74,276.59,265.47,271.03,12480720,271.03
2022-02-22,MSFT,274.26,279.94,269.29,274.62,28624559,274.62
2022-02-23,MSFT,276.8,279.29,275.11,277.2,26534093,277.2
2022-02-24,MSFT,280.61,280.61,277.03,278.7,13637588,278.7
2022-02-25,MSFT,277.93,282.47,270.01,276.24,29969657,276.24
2022-02-28,MSFT,276.85,277.39,273.76,275.58,20483077,275.58
2022-03-01,MSFT,275.18,277.58,273.19,275.39,73332348,275.39
2022-03-02,MSFT,276.65,279.14,276.11,277.63,19908192,277.63
2022-03-03,MSFT,284.28,288.65,278.68,283.67,21005797,283.67
2022-03-04,MSFT,290.43,293.06,283.46,288.26,17618779,288.26
2022-03-07,MSFT,284.87,289.69,275.71,282.7,41680209,282.7
2022-03-08,MSFT,281.48,290.15,277.25,283.7,21536851,283.7
2022-03-09,MSFT,286.35,290.55,282.97,286.76,18707231,286.76
2022-03-10,MSFT,289.17,292.97,285.77,289.37,33170397,289.37
2022-03-11,MSFT,289.69,290.09,283.81,286.95,14392894,286.95
2022-03-14,MSFT,300.08,301.42,296.61,299.02,32102054,299.02
2022-03-15,MSFT,293.29,296.12,291.56,293.84,50980117,293.84
2022-03-16,MSFT,286.79,291.74,286.79,289.53,31359553,289.53
2022-03-17,MSFT,290.98,292.71,288.48,290.6,32266681,290.6
2022-03-18,MSFT,297.04,302.4,296.52,299.46,35406659,299.46
2022-03-21,MSFT,298.07,299.39,292.79,296.09,49538940,296.09
2022-03-22,MSFT,296.6,302.26,287.96,295.11,40562070,295.11
2022-03-23,MSFT,299.48,304.68,294.75,299.71,29807013,299.71
2022-03-24,MSFT,299.34,307.18,292.34,299.76,35889055,299.76
2022-03-25,MSFT,300.85,302.2,294.76,298.48,17540313,298.48
2022-03-28,MSFT,299.7,305.23,296.71,300.97,34103269,300.97
2022-03-29,MSFT,300.73,305.72,298.77,302.25,16720799,302.25
2022-03-30,MSFT,309.46,309.46,304.1,306.76,21586472,306.76
2022-03-31,MSFT,314.42,314.94,310.03,312.48,7285244,312.48
2022-04-01,MSFT,315.97,321.46,306.45,313.96,29354553,313.96
2022-04-04,MSFT,313.44,323.17,307.57,315.37,19323597,315.37
2022-04-05,MSFT,314.18,318.31,314.18,316.44,38991119,316.44
2022-04-06,MSFT,315.72,321.3,315.72,318.74,29222906,318.74
2022-04-07,MSFT,317.44,323.42,314.82,319.12,39193628,319.12
2022-04-08,MSFT,320.99,322.03,316.46,319.24,16206902,319.24
2022-04-11,MSFT,323.08,328.75,320.78,324.77,37872688,324.77
2022-04-12,MSFT,333.39,334.38,329.35,331.87,58044987,331.87
2022-04-13,MSFT,323.45,329.66,320.47,325.07,33938129,325.07
2022-04-14,MSFT,324.56,328.64,321.85,325.24,34295543,325.24
2022-04-15,MSFT,325.37,326.13,318.37,322.25,26754826,322.25
2022-04-18,MSFT,319.34,323.19,318.77,320.98,20267291,320.98
2022-04-19,MSFT,322.13,327.3,318.55,322.93,33897890,322.93
2022-04-20,MSFT,324.8,334.14,318.05,326.1,13686947,326.1
2022-04-21,MSFT,323.17,329.49,321.95,325.72,21152831,325.72
2022-04-22,MSFT,317.17,324.38,310.09,317.23,12310506,317.23
2022-04-25,MSFT,312.34,319.95,306.26,313.1,18866979,313.1
2022-04-26,MSFT,318.42,324.81,309.56,317.19,32320246,317.19
2022-04-27,MSFT,307.31,311.72,299.02,305.37,30601014,305.37
2022-04-28,MSFT,310.89,316.26,304.96,310.61,25514356,310.61
2022-04-29,MSFT,310.09,319.94,306.09,313.01,26763425,313.01
2022-05-02,MSFT,319.72,321.04,316.89,318.96,11757954,318.96
2022-05-03,MSFT,315.38,322.74,313.67,318.21,21538691,318.21
2022-05-04,MSFT,310.0,316.94,301.61,309.28,19036062,309.28
2022-05-05,MSFT,312.42,317.62,304.92,311.27,19206561,311.27
2022-05-06,MSFT,315.09,324.69,309.32,317.0,31775872,317.0
2022-05-09,MSFT,323.32,327.88,314.65,321.26,17719626,321.26
2022-05-10,MSFT,321.04,325.59,311.26,318.43,19628910,318.43
2022-05-11,MSFT,320.94,325.04,312.84,318.94,10848731,318.94
2022-05-12,MSFT,315.46,323.1,310.3,316.7,22225194,316.7
2022-05-13,MSFT,313.75,318.05,308.37,313.21,16179431,313.21
2022-05-16,MSFT,320.19,325.01,310.1,317.56,25804709,317.56
2022-05-17,MSFT,311.28,319.12,305.69,312.4,17088959,312.4
2022-05-18,MSFT,310.62,315.39,301.89,308.64,26067588,308.64
2022-05-19,MSFT,301.05,309.64,298.42,304.03,23594214,304.03
2022-05-20,MSFT,294.92,301.18,294.57,297.87,48798156,297.87
2022-05-23,MSFT,300.15,300.31,296.9,298.6,30501108,298.6
2022-05-24,MSFT,305.21,310.82,296.42,303.62,11977389,303.62
2022-05-25,MSFT,304.71,308.02,297.89,302.96,15073229,302.96
2022-05-26,MSFT,299.31,300.01,293.5,296.76,25558221,296.76
2022-05-27,MSFT,298.09,302.79,297.99,300.39,17234904,300.39
2022-05-30,MSFT,306.04,314.33,301.04,307.69,7625733,307.69
2022-05-31,MSFT,307.5,311.67,298.41,305.04,42892386,305.04
2022-06-01,MSFT,301.17,309.58,296.67,303.12,33346920,303.12
2022-06-02,MSFT,306.55,310.91,299.97,305.44,30792358,305.44
2022-06-03,MSFT,312.77,316.43,308.73,312.58,19608175,312.58
2022-06-06,MSFT,307.85,313.88,307.0,310.44,29664366,310.44
2022-06-07,MSFT,303.52,306.4,303.25,304.82,18861667,304.82
2022-06-08,MSFT,307.78,314.32,300.99,307.65,27134846,307.65
2022-06-09,MSFT,313.43,313.43,309.14,311.24,17298893,311.24
2022-06-10,MSFT,312.69,316.88,305.91,311.39,45850733,311.39
2022-06-13,MSFT,309.85,313.75,304.43,309.09,13340188,309.09
2022-06-14,MSFT,313.53,318.42,308.68,313.55,40926974,313.55
2022-06-15,MSFT,314.73,323.44,308.57,316.01,25392202,316.01
2022-06-16,MSFT,310.37,314.51,310.37,312.75,20554687,312.75
2022-06-17,MSFT,312.52,319.5,306.68,313.09,26727072,313.09
2022-06-20,MSFT,304.45,309.2,304.45,307.35,33522438,307.35
2022-06-21,MSFT,308.64,312.22,308.64,310.44,43188511,310.44
2022-06-22,MSFT,309.0,313.63,305.22,309.42,28335998,309.42
2022-06-23,MSFT,307.16,309.59,305.74,307.66,17506940,307.66
2022-06-24,MSFT,304.84,314.04,301.25,307.65,25562536,307.65
2022-06-27,MSFT,308.49,312.75,303.14,307.94,51706997,307.94
2022-06-28,MSFT,312.26,313.69,310.21,311.95,42860345,311.95
2022-06-29,MSFT,312.02,316.5,312.02,314.67,35959065,314.67
2022-06-30,MSFT,316.89,319.53,308.69,314.11,34368850,314.11
2022-07-01,MSFT,315.07,324.32,310.9,317.61,33070970,317.61
2022-07-04,MSFT,321.8,323.92,315.13,319.53,39740775,319.53
2022-07-05,MSFT,314.58,322.87,312.64,317.75,20826460,317.75
2022-07-06,MSFT,319.75,323.99,310.66,317.33,14539097,317.33
2022-07-07,MSFT,313.75,322.25,311.34,316.8,25699646,316.8
2022-07-08,MSFT,320.82,322.2,316.14,319.17,18026505,319.17
2022-07-11,MSFT,316.79,323.15,312.18,317.66,16393214,317.66
2022-07-12,MSFT,317.57,321.61,310.51,316.06,18741951,316.06
2022-07-13,MSFT,324.38,331.42,318.63,325.02,67559007,325.02
2022-07-14,MSFT,326.63,335.2,323.72,329.46,26398988,329.46
2022-07-15,MSFT,327.85,334.05,318.15,326.1,28894144,326.1
2022-07-18,MSFT,326.03,331.79,325.91,328.85,15331824,328.85
2022-07-19,MSFT,332.31,337.44,321.61,329.53,11957690,329.53
2022-07-20,MSFT,328.5,336.7,326.25,331.47,18015901,331.47
2022-07-21,MSFT,332.11,338.37,326.12,332.24,44440626,332.24
2022-07-22,MSFT,339.47,340.32,335.6,337.96,28576537,337.96
2022-07-25,MSFT,339.01,344.02,335.45,339.74,31763373,339.74
2022-07-26,MSFT,337.66,346.5,332.65,339.58,33592480,339.58
2022-07-27,MSFT,346.49,351.3,338.11,344.71,19733862,344.71
2022-07-28,MSFT,347.94,347.98,343.97,345.97,43556635,345.97
2022-07-29,MSFT,349.63,352.23,341.18,346.7,19409308,346.7
2022-08-01,MSFT,347.51,350.73,346.01,348.37,43876056,348.37
2022-08-02,MSFT,348.1,356.73,339.38,348.05,29838415,348.05
2022-08-03,MSFT,347.28,356.23,340.25,348.24,12222246,348.24
2022-08-04,MSFT,343.85,347.4,343.65,345.53,18535207,345.53
2022-08-05,MSFT,343.77,349.64,334.47,342.05,12242339,342.05
2022-08-08,MSFT,336.36,345.33,329.55,337.44,39812808,337.44
2022-08-09,MSFT,330.58,335.06,327.06,331.06,24753865,331.06
2022-08-10,MSFT,326.51,333.48,320.79,327.14,10252677,327.14
2022-08-11,MSFT,327.86,330.99,321.95,326.47,29054534,326.47
2022-08-12,MSFT,329.81,333.0,321.15,327.08,20166244,327.08
2022-08-15,MSFT,327.05,329.81,322.12,325.97,13809454,325.97
2022-08-16,MSFT,315.34,319.13,311.91,315.52,48913926,315.52
2022-08-17,MSFT,324.48,327.03,318.33,322.68,26096212,322.68
2022-08-18,MSFT,328.68,330.35,325.16,327.76,22231345,327.76
2022-08-19,MSFT,327.04,337.08,322.81,329.94,21308496,329.94
2022-08-22,MSFT,336.27,343.07,334.95,339.01,13647604,339.01
2022-08-23,MSFT,331.44,338.89,330.19,334.54,14835994,334.54
2022-08-24,MSFT,343.34,351.49,335.77,343.63,41797751,343.63
2022-08-25,MSFT,341.37,344.22,334.09,339.16,20683218,339.16
2022-08-26,MSFT,339.16,345.84,335.02,340.43,25221653,340.43
2022-08-29,MSFT,333.77,342.62,326.47,334.55,11035790,334.55
2022-08-30,MSFT,337.49,342.36,327.14,334.75,14755841,334.75
2022-08-31,MSFT,338.97,339.52,333.87,336.7,31906215,336.7
2022-09-01,MSFT,337.22,340.97,331.24,336.11,29077379,336.11
2022-09-02,MSFT,338.03,347.91,331.32,339.62,50411831,339.62
2022-09-05,MSFT,337.62,344.46,335.99,340.23,42779471,340.23
2022-09-06,MSFT,334.61,342.08,333.68,337.88,22796144,337.88
2022-09-07,MSFT,332.71,338.33,332.36,335.35,30206503,335.35
2022-09-08,MSFT,337.9,341.78,336.84,339.31,22026239,339.31
2022-09-09,MSFT,336.7,343.02,329.69,336.36,56871807,336.36
2022-09-12,MSFT,337.86,347.78,333.88,340.83,39586244,340.83
2022-09-13,MSFT,344.33,355.31,338.4,346.86,26755762,346.86
2022-09-14,MSFT,336.82,345.92,332.04,338.98,27086453,338.98
2022-09-15,MSFT,345.45,347.94,341.14,344.54,44559079,344.54
2022-09-16,MSFT,355.59,356.82,352.71,354.77,31522669,354.77
2022-09-19,MSFT,356.52,364.96,347.36,356.16,46633866,356.16
2022-09-20,MSFT,357.51,363.55,355.06,359.31,10395953,359.31
2022-09-21,MSFT,363.77,368.81,360.61,364.71,30065163,364.71
2022-09-22,MSFT,360.52,371.85,355.05,363.45,20342288,363.45
2022-09-23,MSFT,362.53,370.61,358.44,364.53,50472418,364.53
2022-09-26,MSFT,360.87,361.35,354.7,358.02,46406303,358.02
2022-09-27,MSFT,362.31,367.04,350.69,358.86,25330523,358.86
2022-09-28,MSFT,362.59,370.51,352.53,361.52,46206857,361.52
2022-09-29,MSFT,367.33,367.33,361.84,364.29,51015098,364.29
2022-09-30,MSFT,370.97,378.14,361.68,369.91,25755250,369.91
2022-10-03,MSFT,362.65,370.76,361.38,366.07,67198393,366.07
2022-10-04,MSFT,367.11,369.12,357.87,363.49,24688544,363.49
2022-10-05,MSFT,370.42,382.12,364.72,373.42,22944251,373.42
2022-10-06,MSFT,374.15,381.91,363.66,372.78,35347400,372.78
2022-10-07,MSFT,372.13,377.81,370.15,373.98,21701025,373.98
2022-10-10,MSFT,372.97,377.24,370.32,373.78,25868130,373.78
2022-10-11,MSFT,370.73,372.1,367.21,369.65,43932290,369.65
2022-10-12,MSFT,377.82,384.45,372.16,378.3,25192929,378.3
2022-10-13,MSFT,373.8,377.65,373.69,375.67,12690690,375.67
2022-10-14,MSFT,368.71,374.83,365.04,369.94,28956757,369.94
2022-10-17,MSFT,366.59,370.14,365.38,367.76,18922626,367.76
2022-10-18,MSFT,361.02,362.43,353.05,357.74,35338898,357.74
2022-10-19,MSFT,356.75,356.75,352.58,354.63,33027868,354.63
2022-10-20,MSFT,349.71,357.6,342.4,350.0,45034819,350.0
2022-10-21,MSFT,351.06,356.43,349.93,353.18,35941360,353.18
2022-10-24,MSFT,352.18,354.06,345.96,350.01,38666497,350.01
2022-10-25,MSFT,352.1,362.47,346.59,354.53,19129604,354.53
2022-10-26,MSFT,359.59,368.89,354.48,361.68,34483137,361.68
2022-10-27,MSFT,364.83,369.24,362.37,365.81,54940805,365.81
2022-10-28,MSFT,367.63,367.63,362.5,364.85,18980570,364.85
2022-10-31,MSFT,363.03,372.78,358.66,365.72,51355453,365.72
2022-11-01,MSFT,355.43,362.73,353.55,358.14,20068186,358.14
2022-11-02,MSFT,357.57,364.88,350.35,357.61,17780232,357.61
2022-11-03,MSFT,351.89,358.39,348.56,353.47,28144613,353.47
2022-11-04,MSFT,357.56,361.33,352.81,357.07,33289432,357.07
2022-11-07,MSFT,369.95,375.51,365.12,370.31,36002049,370.31
2022-11-08,MSFT,372.58,380.51,365.61,373.06,17016285,373.06
2022-11-09,MSFT,360.14,371.32,354.59,362.95,29745916,362.95
2022-11-10,MSFT,358.67,363.43,358.67,361.27,19004085,361.27
2022-11-11,MSFT,364.36,367.64,356.43,362.03,13781221,362.03
2022-11-14,MSFT,365.42,365.42,360.57,362.62,17242569,362.62
2022-11-15,MSFT,357.17,364.23,353.92,359.08,18513786,359.08
2022-11-16,MSFT,357.67,368.64,352.27,360.46,30799975,360.46
2022-11-17,MSFT,351.22,358.72,350.05,354.38,39636931,354.38
2022-11-18,MSFT,350.62,358.14,341.59,349.87,13868126,349.87
2022-11-21,MSFT,354.71,359.41,346.96,353.18,28779411,353.18
2022-11-22,MSFT,347.45,356.59,340.09,348.34,15614446,348.34
2022-11-23,MSFT,352.38,358.19,344.04,351.11,32153135,351.11
2022-11-24,MSFT,346.05,347.02,342.15,344.58,19487701,344.58
2022-11-25,MSFT,356.42,356.75,349.95,353.35,16417440,353.35
2022-11-28,MSFT,346.63,354.18,345.17,349.68,34423574,349.68
2022-11-29,MSFT,346.58,351.65,345.79,348.72,19768836,348.72
2022-11-30,MSFT,347.46,355.71,345.26,350.48,22031874,350.48
2022-12-01,MSFT,350.42,352.88,342.84,347.86,10286992,347.86
2022-12-02,MSFT,350.74,357.11,340.29,348.7,36506720,348.7
2022-12-05,MSFT,352.19,356.47,346.85,351.66,34717338,351.66
2022-12-06,MSFT,353.6,363.95,349.18,356.57,25054638,356.57
2022-12-07,MSFT,359.05,369.28,352.09,360.68,13569755,360.68
2022-12-08,MSFT,358.51,368.08,351.85,359.96,40553557,359.96
2022-12-09,MSFT,359.8,362.66,356.07,359.37,19151297,359.37
2022-12-12,MSFT,369.73,377.08,365.99,371.53,20853763,371.53
2022-12-13,MSFT,373.44,381.16,372.15,376.66,63035209,376.66
2022-12-14,MSFT,373.69,376.81,367.14,371.98,18867129,371.98
2022-12-15,MSFT,371.15,377.2,368.1,372.65,33641479,372.65
2022-12-16,MSFT,370.7,379.04,363.07,371.05,31302962,371.05
2022-12-19,MSFT,367.74,375.7,365.3,370.5,29222667,370.5
2022-12-20,MSFT,366.53,369.96,358.69,364.32,27985206,364.32
2022-12-21,MSFT,362.85,371.31,353.44,362.37,29061993,362.37
2022-12-22,MSFT,374.82,374.82,369.53,371.83,27872821,371.83
2022-12-23,MSFT,374.97,380.54,369.47,375.01,24486170,375.01
2022-12-26,MSFT,365.5,369.72,354.88,362.3,45759026,362.3
2022-12-27,MSFT,371.56,371.63,365.72,368.67,14787934,368.67
2022-12-28,MSFT,375.06,380.94,368.04,374.49,37617112,374.49
2022-12-29,MSFT,376.0,376.41,369.11,372.76,34737255,372.76
2022-12-30,MSFT,375.34,385.09,368.26,376.68,33057070,376.68
2023-01-02,MSFT,371.32,376.62,368.02,372.32,39082218,372.32
2023-01-03,MSFT,366.66,374.31,365.74,370.03,24090945,370.03
2023-01-04,MSFT,378.7,384.44,371.61,378.02,11837662,378.02
2023-01-05,MSFT,378.41,380.01,373.47,376.74,24287425,376.74
2023-01-06,MSFT,369.16,371.08,363.22,367.15,16817132,367.15
2023-01-09,MSFT,364.4,371.87,362.08,366.97,18655334,366.97
2023-01-10,MSFT,366.31,371.15,362.29,366.72,15209313,366.72
2023-01-11,MSFT,370.66,378.85,367.29,373.07,20654596,373.07
2023-01-12,MSFT,374.51,379.64,366.95,373.3,19692273,373.3
2023-01-13,MSFT,368.71,377.31,365.19,371.25,9658592,371.25
2023-01-16,MSFT,379.92,383.69,370.06,376.87,33081181,376.87
2023-01-17,MSFT,375.63,381.88,373.45,377.66,60764428,377.66
2023-01-18,MSFT,372.31,376.68,371.05,373.87,31860618,373.87
2023-01-19,MSFT,382.78,387.8,372.43,380.12,23050932,380.12
2023-01-20,MSFT,380.98,389.7,372.91,381.3,24458486,381.3
2023-01-23,MSFT,377.84,385.34,377.6,381.47,21125513,381.47
2023-01-24,MSFT,382.53,387.6,377.55,382.58,25916827,382.58
2023-01-25,MSFT,373.9,382.68,371.39,377.03,24632644,377.03
2023-01-26,MSFT,378.04,380.28,368.54,374.41,17858086,374.41
2023-01-27,MSFT,375.24,381.39,367.77,374.58,49010334,374.58
2023-01-30,MSFT,371.89,375.89,371.53,373.71,13790971,373.71
2023-01-31,MSFT,381.07,387.97,373.19,380.58,33321686,380.58
2023-02-01,MSFT,378.66,384.28,378.66,381.89,24008232,381.89
2023-02-02,MSFT,388.97,392.2,381.09,386.65,53474694,386.65
2023-02-03,MSFT,390.14,395.19,378.52,386.85,28651954,386.85
2023-02-06,MSFT,395.72,398.28,387.27,392.78,21648011,392.78
2023-02-07,MSFT,393.88,398.28,391.97,395.13,22641691,395.13
2023-02-08,MSFT,393.98,405.12,385.59,395.36,25402269,395.36
2023-02-09,MSFT,391.77,404.46,386.43,395.44,15827667,395.44
2023-02-10,MSFT,391.53,398.33,382.38,390.35,18395903,390.35
2023-02-13,MSFT,393.57,398.49,388.09,393.29,12242313,393.29
2023-02-14,MSFT,392.91,396.64,389.82,393.23,17282338,393.23
2023-02-15,MSFT,393.82,399.94,381.32,390.63,25956924,390.63
2023-02-16,MSFT,394.25,403.1,390.68,396.89,28189395,396.89
2023-02-17,MSFT,386.33,398.76,381.56,390.16,11326486,390.16
2023-02-20,MSFT,384.7,392.61,383.42,388.01,23664857,388.01
2023-02-21,MSFT,391.62,398.4,389.19,393.8,31319465,393.8
2023-02-22,MSFT,392.0,405.48,385.92,395.7,23422824,395.7
2023-02-23,MSFT,395.61,401.7,389.49,395.59,19401693,395.59
2023-02-24,MSFT,395.67,400.25,394.04,397.14,21200215,397.14
2023-02-27,MSFT,395.76,402.04,394.56,398.3,20137232,398.3
2023-02-28,MSFT,392.04,395.8,384.38,390.09,19378875,390.09
2023-03-01,MSFT,386.05,390.62,386.05,388.34,26800089,388.34
2023-03-02,MSFT,398.88,403.06,391.73,397.39,62925476,397.39
2023-03-03,MSFT,392.71,399.17,388.63,393.9,18567186,393.9
2023-03-06,MSFT,392.4,400.38,384.23,392.31,22012682,392.31
2023-03-07,MSFT,392.88,394.21,384.79,389.5,24488329,389.5
2023-03-08,MSFT,385.58,398.78,379.59,389.18,18990408,389.18
2023-03-09,MSFT,386.18,389.5,382.85,386.17,38790297,386.17
2023-03-10,MSFT,391.73,395.51,382.43,388.97,9684451,388.97
2023-03-13,MSFT,390.89,392.85,387.55,390.2,20215550,390.2
2023-03-14,MSFT,392.85,402.37,386.85,394.61,34681323,394.61
2023-03-15,MSFT,388.21,398.69,379.32,389.0,22225451,389.0
2023-03-16,MSFT,388.71,395.59,379.03,387.31,18003032,387.31
2023-03-17,MSFT,389.26,392.47,380.02,386.24,29819976,386.24
2023-03-20,MSFT,385.3,394.59,383.16,388.87,35924270,388.87
2023-03-21,MSFT,381.43,393.08,376.38,384.73,27197634,384.73
2023-03-22,MSFT,388.49,399.1,380.6,389.85,18144866,389.85
2023-03-23,MSFT,394.42,406.37,386.71,396.54,30004793,396.54
2023-03-24,MSFT,389.41,396.3,386.19,391.25,21286138,391.25
2023-03-27,MSFT,386.55,398.37,379.07,388.72,33681562,388.72
2023-03-28,MSFT,383.64,389.13,382.86,385.99,45248946,385.99
2023-03-29,MSFT,397.68,404.68,396.61,400.64,8816677,400.64
2023-03-30,MSFT,401.86,401.86,395.7,398.4,26135716,398.4
2023-03-31,MSFT,405.13,412.29,403.77,408.03,12485678,408.03
2023-04-03,MSFT,398.65,409.19,392.86,401.02,66392975,401.02
2023-04-04,MSFT,393.66,404.39,386.94,395.66,20730913,395.66
2023-04-05,MSFT,395.43,400.1,383.97,392.04,33697549,392.04
2023-04-06,MSFT,389.56,394.41,380.75,387.58,24649314,387.58
2023-04-07,MSFT,388.52,392.18,380.38,386.28,18131341,386.28
2023-04-10,MSFT,379.6,389.96,375.28,382.62,17288725,382.62
2023-04-11,MSFT,380.95,383.26,373.56,378.41,47141206,378.41
2023-04-12,MSFT,384.04,393.15,376.35,384.75,36644049,384.75
2023-04-13,MSFT,389.7,398.82,384.3,391.56,54397024,391.56
2023-04-14,MSFT,397.56,404.48,389.43,396.96,25560729,396.96
2023-04-17,MSFT,402.62,406.33,393.75,400.04,28051543,400.04
2023-04-18,MSFT,402.95,409.82,391.62,400.72,22465913,400.72
2023-04-19,MSFT,401.21,402.1,394.1,398.1,22287878,398.1
2023-04-20,MSFT,396.35,397.94,388.02,392.98,16479563,392.98
2023-04-21,MSFT,393.07,403.26,387.02,395.14,25854376,395.14
2023-04-24,MSFT,388.27,394.64,383.08,388.86,18231979,388.86
2023-04-25,MSFT,379.92,392.38,374.9,383.64,29833722,383.64
2023-04-26,MSFT,393.0,394.69,385.39,390.04,26759242,390.04
2023-04-27,MSFT,397.95,405.68,395.76,400.72,28048878,400.72
2023-04-28,MSFT,406.01,412.27,393.91,403.09,48858472,403.09
2023-05-01,MSFT,408.15,415.4,403.7,409.55,24625651,409.55
2023-05-02,MSFT,407.23,414.56,402.05,408.31,33837397,408.31
2023-05-03,MSFT,397.2,405.57,396.22,400.89,56796778,400.89
2023-05-04,MSFT,403.11,408.77,400.25,404.51,42162139,404.51
2023-05-05,MSFT,411.08,415.3,400.52,407.91,39652091,407.91
2023-05-08,MSFT,404.6,411.5,404.6,408.48,22113771,408.48
2023-05-09,MSFT,406.5,416.46,398.06,407.26,27405207,407.26
2023-05-10,MSFT,409.08,421.45,404.45,412.95,14754753,412.95
2023-05-11,MSFT,406.4,411.05,403.86,407.45,30521812,407.45
2023-05-12,MSFT,400.59,410.84,395.61,403.23,27900926,403.23
2023-05-15,MSFT,395.76,404.52,390.95,397.74,25234948,397.74
2023-05-16,MSFT,401.38,401.83,394.91,398.37,37703530,398.37
2023-05-17,MSFT,392.0,396.61,388.4,392.51,15421550,392.51
2023-05-18,MSFT,387.16,394.05,383.79,388.92,48077820,388.92
2023-05-19,MSFT,385.94,392.56,377.94,385.25,35858538,385.25
2023-05-22,MSFT,381.25,390.83,377.18,384.0,24303545,384.0
2023-05-23,MSFT,374.43,382.13,370.35,376.24,23556080,376.24
2023-05-24,MSFT,377.2,384.53,369.17,376.85,30299169,376.85
2023-05-25,MSFT,381.63,391.38,375.91,383.64,45934493,383.64
2023-05-26,MSFT,385.9,391.2,377.85,384.53,26037008,384.53
2023-05-29,MSFT,393.0,401.22,384.92,393.07,26482607,393.07
2023-05-30,MSFT,402.82,405.32,395.96,400.64,25181842,400.64
2023-05-31,MSFT,408.82,414.36,396.02,405.19,50992852,405.19
2023-06-01,MSFT,402.66,412.8,398.76,405.78,21570412,405.78
2023-06-02,MSFT,404.73,414.78,397.36,406.07,24706658,406.07
2023-06-05,MSFT,409.12,417.14,404.06,410.6,44891572,410.6
2023-06-06,MSFT,405.67,412.35,404.69,408.52,26514192,408.52
2023-06-07,MSFT,400.52,404.36,391.74,398.05,39397382,398.05
2023-06-08,MSFT,403.05,405.95,395.98,400.97,17363387,400.97
2023-06-09,MSFT,394.7,402.31,387.34,394.82,23029104,394.82
2023-06-12,MSFT,389.99,395.36,384.04,389.7,45270220,389.7
2023-06-13,MSFT,386.42,398.33,381.39,389.86,19074262,389.86
2023-06-14,MSFT,389.93,396.72,382.27,389.49,23531882,389.49
2023-06-15,MSFT,384.25,389.16,374.88,382.02,27703255,382.02
2023-06-16,MSFT,383.63,386.64,379.48,383.06,16830858,383.06
2023-06-19,MSFT,386.61,398.03,378.85,388.44,21186237,388.44
2023-06-20,MSFT,383.78,390.85,374.15,382.5,26152126,382.5
2023-06-21,MSFT,388.46,397.63,381.44,389.53,25471202,389.53
2023-06-22,MSFT,381.61,385.7,376.85,381.27,41721502,381.27
2023-06-23,MSFT,392.8,399.07,386.73,392.9,46314667,392.9
2023-06-26,MSFT,389.87,393.83,387.78,390.8,17751000,390.8
2023-06-27,MSFT,393.47,397.93,385.58,391.76,26137818,391.76
2023-06-28,MSFT,384.6,384.69,378.65,381.67,32739265,381.67
2023-06-29,MSFT,377.72,387.62,375.36,381.49,45851816,381.49
2023-06-30,MSFT,386.19,389.75,375.99,382.87,33323802,382.87
2023-07-03,MSFT,382.65,387.46,377.66,382.56,28085156,382.56
2023-07-04,MSFT,381.23,385.39,374.02,379.71,32638508,379.71
2023-07-05,MSFT,377.53,383.3,366.42,374.86,32732987,374.86
2023-07-06,MSFT,380.74,383.73,378.26,380.99,17249619,380.99
2023-07-07,MSFT,383.87,389.26,373.37,381.31,27004279,381.31
2023-07-10,MSFT,387.27,393.06,386.5,389.78,44814879,389.78
2023-07-11,MSFT,384.44,389.29,384.44,387.07,23010096,387.07
2023-07-12,MSFT,386.09,388.23,381.53,384.88,26328565,384.88
2023-07-13,MSFT,392.34,397.36,381.55,389.46,22688750,389.46
2023-07-14,MSFT,383.85,385.85,375.87,380.86,9907896,380.86
2023-07-17,MSFT,375.67,383.01,366.19,374.6,25206752,374.6
2023-07-18,MSFT,380.74,386.45,374.65,380.55,28207632,380.55
2023-07-19,MSFT,373.24,376.55,372.47,374.51,20366236,374.51
2023-07-20,MSFT,368.74,372.3,358.17,365.24,15752845,365.24
2023-07-21,MSFT,373.71,377.77,372.37,375.07,17577738,375.07
2023-07-24,MSFT,369.76,375.62,360.32,367.97,33938527,367.97
2023-07-25,MSFT,369.3,372.15,365.98,369.07,55030398,369.07
2023-07-26,MSFT,370.37,373.97,365.17,369.57,43460355,369.57
2023-07-27,MSFT,354.7,362.64,348.27,355.45,14601692,355.45
2023-07-28,MSFT,357.56,362.8,345.74,354.27,35188761,354.27
2023-07-31,MSFT,357.15,361.08,352.21,356.64,19175067,356.64
2023-08-01,MSFT,361.7,366.3,350.82,358.56,19805684,358.56
2023-08-02,MSFT,359.69,366.47,359.69,363.27,20781965,363.27
2023-08-03,MSFT,361.98,369.09,353.81,361.45,33158616,361.45
2023-08-04,MSFT,366.81,371.85,358.59,365.22,36692676,365.22
2023-08-07,MSFT,363.63,365.06,358.65,361.86,24038660,361.86
2023-08-08,MSFT,357.8,358.85,351.0,354.93,24202296,354.93
2023-08-09,MSFT,345.22,351.34,345.22,348.68,30101690,348.68
2023-08-10,MSFT,338.33,346.08,337.42,341.75,31376952,341.75
2023-08-11,MSFT,346.56,349.9,343.61,346.75,40019470,346.75
2023-08-14,MSFT,336.42,345.69,333.54,339.61,14956216,339.61
2023-08-15,MSFT,344.29,349.55,332.57,341.06,25201077,341.06
2023-08-16,MSFT,338.04,341.71,338.04,339.93,16308167,339.93
2023-08-17,MSFT,339.39,344.95,334.2,339.57,24495732,339.57
2023-08-18,MSFT,343.22,351.96,340.55,346.26,22837540,346.26
2023-08-21,MSFT,344.43,352.29,336.26,344.28,24536849,344.28
2023-08-22,MSFT,346.54,352.63,342.13,347.38,18155593,347.38
2023-08-23,MSFT,344.53,353.22,342.18,347.7,13790223,347.7
2023-08-24,MSFT,345.96,352.11,342.09,347.1,10816803,347.1
2023-08-25,MSFT,357.82,362.33,354.88,358.6,23722020,358.6
2023-08-28,MSFT,355.03,355.03,349.43,351.58,21041051,351.58
2023-08-29,MSFT,356.04,362.85,353.41,358.13,19077330,358.13
2023-08-30,MSFT,361.9,363.77,359.39,361.58,42431678,361.58
2023-08-31,MSFT,362.81,365.06,353.55,359.3,17727206,359.3
2023-09-01,MSFT,369.89,371.84,363.64,367.74,44062516,367.74
2023-09-04,MSFT,362.03,364.11,352.88,358.49,47866377,358.49
2023-09-05,MSFT,359.36,359.36,353.29,356.03,11456023,356.03
2023-09-06,MSFT,350.12,358.48,341.91,350.2,25941095,350.2
2023-09-07,MSFT,353.75,360.43,344.3,352.36,21306181,352.36
2023-09-08,MSFT,344.35,350.11,344.0,347.05,7800238,347.05
2023-09-11,MSFT,348.89,353.45,345.16,349.31,14027494,349.31
2023-09-12,MSFT,350.69,354.55,342.52,348.54,34084756,348.54
2023-09-13,MSFT,346.38,348.74,343.95,346.34,56067455,346.34
2023-09-14,MSFT,349.79,352.59,344.16,348.37,35871642,348.37
2023-09-15,MSFT,348.91,350.68,343.73,347.2,28455140,347.2
2023-09-18,MSFT,340.4,350.06,334.12,342.09,24787583,342.09
2023-09-19,MSFT,358.59,363.76,348.07,355.92,49005914,355.92
2023-09-20,MSFT,353.36,359.51,347.77,353.64,59037421,353.64
2023-09-21,MSFT,340.98,348.25,337.68,342.97,19769468,342.97
2023-09-22,MSFT,341.56,347.09,331.08,339.08,11233284,339.08
2023-09-25,MSFT,332.71,341.14,325.37,333.25,10800590,333.25
2023-09-26,MSFT,338.96,345.49,329.04,337.27,42420350,337.27
2023-09-27,MSFT,339.25,341.47,336.38,338.93,24533815,338.93
2023-09-28,MSFT,340.15,343.76,338.16,340.96,26901245,340.96
2023-09-29,MSFT,341.44,345.62,333.04,339.33,12214398,339.33
2023-10-02,MSFT,338.72,343.5,332.79,338.15,18496846,338.15
2023-10-03,MSFT,335.79,338.34,334.72,336.53,22213128,336.53
2023-10-04,MSFT,333.66,338.38,333.66,336.28,27167222,336.28
2023-10-05,MSFT,343.07,348.12,332.63,340.38,21315595,340.38
2023-10-06,MSFT,338.94,349.77,334.46,342.12,16509654,342.12
2023-10-09,MSFT,347.16,348.85,340.47,344.66,18266139,344.66
2023-10-10,MSFT,346.25,355.14,339.29,347.22,40536594,347.22
2023-10-11,MSFT,352.67,357.62,345.75,351.69,27571694,351.69
2023-10-12,MSFT,356.23,360.71,345.79,353.25,31936148,353.25
2023-10-13,MSFT,352.7,359.98,350.36,355.17,17449767,355.17
2023-10-16,MSFT,361.76,363.9,358.65,361.28,7670228,361.28
2023-10-17,MSFT,359.97,362.97,353.18,358.07,20279978,358.07
2023-10-18,MSFT,355.77,358.96,348.94,353.95,17676703,353.95
2023-10-19,MSFT,348.44,353.84,342.68,348.26,28745485,348.26
2023-10-20,MSFT,350.17,351.78,346.81,349.3,93052635,349.3
2023-10-23,MSFT,342.24,348.94,332.03,340.48,33014347,340.48
2023-10-24,MSFT,345.17,346.22,339.44,342.83,74683552,342.83
2023-10-25,MSFT,344.24,345.52,339.37,342.45,31386683,342.45
2023-10-26,MSFT,347.05,353.48,342.66,348.07,19432002,348.07
2023-10-27,MSFT,348.38,350.38,339.52,344.95,28732884,344.95
2023-10-30,MSFT,343.66,348.85,339.36,344.11,50964599,344.11
2023-10-31,MSFT,346.37,356.84,342.55,349.7,51971779,349.7
2023-11-01,MSFT,355.7,362.15,351.21,356.68,19860659,356.68
2023-11-02,MSFT,350.81,359.52,347.36,353.44,27664480,353.44
2023-11-03,MSFT,351.8,361.39,347.58,354.48,14114026,354.48
2023-11-06,MSFT,354.53,358.05,354.13,356.09,34769594,356.09
2023-11-07,MSFT,354.9,363.98,352.22,358.1,46535604,358.1
2023-11-08,MSFT,358.28,365.03,348.83,356.93,25401179,356.93
2023-11-09,MSFT,360.44,365.48,360.44,363.54,19142714,363.54
2023-11-10,MSFT,352.09,358.83,349.55,354.19,28873615,354.19
2023-11-13,MSFT,349.38,360.53,343.96,352.25,29543372,352.25
2023-11-14,MSFT,351.51,358.88,350.33,354.61,25824750,354.61
2023-11-15,MSFT,355.37,362.09,351.97,357.03,26852579,357.03
2023-11-16,MSFT,364.52,372.97,355.03,364.0,23320898,364.0
2023-11-17,MSFT,373.75,373.75,366.98,370.31,37235320,370.31
2023-11-20,MSFT,371.75,371.75,366.65,368.98,33561071,368.98
2023-11-21,MSFT,378.73,384.24,367.56,375.9,16871647,375.9
2023-11-22,MSFT,369.9,380.64,363.99,372.31,16687160,372.31
2023-11-23,MSFT,375.58,382.8,371.9,377.35,22581388,377.35
2023-11-24,MSFT,383.91,393.11,381.28,387.19,33569256,387.19
2023-11-27,MSFT,396.19,402.55,385.44,393.99,26525294,393.99
2023-11-28,MSFT,391.34,402.54,386.93,394.74,19329175,394.74
2023-11-29,MSFT,393.51,397.11,389.02,393.06,27756866,393.06
2023-11-30,MSFT,382.96,386.95,382.84,384.9,21901423,384.9
2023-12-01,MSFT,384.75,392.37,381.09,386.73,35554630,386.73
2023-12-04,MSFT,384.63,389.34,372.44,380.89,28562629,380.89
2023-12-05,MSFT,378.77,385.47,368.2,376.84,22037918,376.84
2023-12-06,MSFT,373.25,379.7,361.81,370.76,27425776,370.76
2023-12-07,MSFT,369.05,376.85,360.2,368.52,42304567,368.52
2023-12-08,MSFT,371.26,374.64,362.41,368.53,19906051,368.53
2023-12-11,MSFT,371.17,375.23,364.95,370.09,29368968,370.09
2023-12-12,MSFT,370.41,374.66,359.61,367.14,24305233,367.14
2023-12-13,MSFT,371.2,380.21,365.45,372.83,29656143,372.83
2023-12-14,MSFT,372.6,377.75,366.03,371.89,19241123,371.89
2023-12-15,MSFT,369.36,370.44,365.48,367.96,26128064,367.96
2023-12-18,MSFT,368.48,377.96,360.59,369.28,38939343,369.28
2023-12-19,MSFT,382.6,385.08,374.36,379.72,17185620,379.72
2023-12-20,MSFT,385.32,386.34,376.98,381.66,14689218,381.66
2023-12-21,MSFT,379.83,386.56,373.2,379.88,14913899,379.88
2023-12-22,MSFT,371.18,378.86,365.12,371.99,15652189,371.99
2023-12-25,MSFT,370.79,374.42,367.58,371.0,31721831,371.0
2023-12-26,MSFT,375.0,380.47,364.28,372.37,14246794,372.37
2023-12-27,MSFT,371.58,374.51,366.5,370.5,22191685,370.5
2023-12-28,MSFT,358.81,365.27,358.81,362.11,32014583,362.11
2023-12-29,MSFT,358.27,362.67,353.27,357.97,29533920,357.97
2024-01-01,MSFT,361.95,372.65,358.31,365.48,21427009,365.48
2019-01-02,AMZN,3435.69,3448.81,3375.89,3412.35,3186358,3412.35
2019-01-03,AMZN,3408.76,3498.51,3340.65,3419.58,3565665,3419.58
2019-01-04,AMZN,3437.62,3437.62,3376.82,3406.44,11613174,3406.44
2019-01-07,AMZN,3374.45,3457.4,3330.95,3394.18,8466050,3394.18
2019-01-08,AMZN,3501.56,3617.23,3451.17,3534.2,4205742,3534.2
2019-01-09,AMZN,3613.45,3643.31,3530.16,3586.74,3136266,3586.74
2019-01-10,AMZN,3770.15,3835.73,3666.72,3751.22,4191718,3751.22
2019-01-11,AMZN,3698.58,3746.4,3690.64,3718.52,4409781,3718.52
2019-01-14,AMZN,3749.53,3768.77,3658.29,3713.53,2432576,3713.53
2019-01-15,AMZN,3626.39,3677.51,3574.95,3626.23,4130138,3626.23
2019-01-16,AMZN,3606.69,3606.69,3555.99,3574.44,6788677,3574.44
2019-01-17,AMZN,3700.0,3750.92,3648.33,3699.63,1947510,3699.63
2019-01-18,AMZN,3663.65,3711.1,3620.33,3665.71,5567398,3665.71
2019-01-21,AMZN,3791.42,3865.1,3725.46,3795.28,6932451,3795.28
2019-01-22,AMZN,3699.72,3800.2,3623.76,3711.98,3196547,3711.98
2019-01-23,AMZN,3645.4,3667.41,3618.47,3642.94,7877138,3642.94
2019-01-24,AMZN,3617.88,3663.14,3579.49,3621.31,3034842,3621.31
2019-01-25,AMZN,3584.32,3668.06,3567.62,3617.84,4771818,3617.84
2019-01-28,AMZN,3661.52,3731.04,3627.26,3679.15,3538083,3679.15
2019-01-29,AMZN,3688.53,3785.86,3633.78,3709.82,3537767,3709.82
2019-01-30,AMZN,3709.88,3733.89,3631.74,3682.81,3124813,3682.81
2019-01-31,AMZN,3681.94,3695.05,3654.31,3674.68,5289504,3674.68
2019-02-01,AMZN,3673.59,3724.49,3584.15,3654.32,5617105,3654.32
2019-02-04,AMZN,3628.17,3676.93,3513.72,3595.33,3898241,3595.33
2019-02-05,AMZN,3549.18,3593.05,3484.91,3538.98,2321717,3538.98
2019-02-06,AMZN,3640.55,3665.68,3545.81,3605.75,4699999,3605.75
2019-02-07,AMZN,3476.54,3518.5,3460.86,3489.68,4735560,3489.68
2019-02-08,AMZN,3570.89,3627.27,3559.62,3593.44,3667859,3593.44
2019-02-11,AMZN,3565.09,3606.66,3537.34,3572.0,8441726,3572.0
2019-02-12,AMZN,3521.28,3571.3,3475.36,3523.33,2139822,3523.33
2019-02-13,AMZN,3599.47,3655.38,3487.09,3571.23,1647700,3571.23
2019-02-14,AMZN,3673.08,3725.31,3612.06,3668.68,2986076,3668.68
2019-02-15,AMZN,3728.38,3777.04,3710.84,3743.94,5314634,3743.94
2019-02-18,AMZN,3796.96,3817.63,3739.62,3778.62,2622050,3778.62
2019-02-19,AMZN,3854.45,3902.87,3805.13,3854.0,2701766,3854.0
2019-02-20,AMZN,3712.19,3802.72,3672.17,3737.45,5851528,3737.45
2019-02-21,AMZN,3708.89,3754.31,3652.09,3703.2,4812966,3703.2
2019-02-22,AMZN,3673.62,3690.46,3596.83,3643.64,4651169,3643.64
2019-02-25,AMZN,3751.08,3786.26,3664.85,3725.56,5467743,3725.56
2019-02-26,AMZN,3707.05,3737.03,3664.22,3700.62,3374398,3700.62
2019-02-27,AMZN,3748.84,3782.8,3733.35,3758.07,3437349,3758.07
2019-02-28,AMZN,3763.86,3816.04,3763.86,3795.21,5530100,3795.21
2019-03-01,AMZN,3735.19,3774.93,3699.99,3737.46,2335765,3737.46
2019-03-04,AMZN,3717.53,3724.15,3673.61,3698.88,1697584,3698.88
2019-03-05,AMZN,3776.16,3831.15,3742.34,3786.74,3363495,3786.74
2019-03-06,AMZN,3715.19,3811.37,3658.54,3734.95,5804559,3734.95
2019-03-07,AMZN,3776.36,3816.42,3671.7,3744.06,4430525,3744.06
2019-03-08,AMZN,3716.13,3755.96,3628.81,3692.39,5636204,3692.39
2019-03-11,AMZN,3682.43,3753.24,3591.3,3672.27,1785639,3672.27
2019-03-12,AMZN,3643.25,3708.96,3630.86,3669.91,4538030,3669.91
2019-03-13,AMZN,3593.53,3701.4,3537.08,3619.24,5195745,3619.24
2019-03-14,AMZN,3529.64,3604.07,3511.68,3557.88,2330249,3557.88
2019-03-15,AMZN,3585.25,3623.49,3530.36,3576.93,5646960,3576.93
2019-03-18,AMZN,3496.52,3569.8,3477.43,3523.61,3825490,3523.61
2019-03-19,AMZN,3497.02,3497.4,3449.04,3473.22,13664880,3473.22
2019-03-20,AMZN,3449.33,3499.37,3331.93,3415.65,1674307,3415.65
2019-03-21,AMZN,3402.39,3438.01,3385.0,3411.51,6916709,3411.51
2019-03-22,AMZN,3467.39,3511.62,3429.59,3470.6,3416549,3470.6
2019-03-25,AMZN,3581.78,3607.29,3526.07,3566.68,2094748,3566.68
2019-03-26,AMZN,3551.82,3551.82,3498.17,3521.04,3239802,3521.04
2019-03-27,AMZN,3689.53,3690.13,3631.23,3660.68,4469542,3660.68
2019-03-28,AMZN,3563.93,3616.95,3563.93,3595.75,6057402,3595.75
2019-03-29,AMZN,3642.99,3707.04,3627.48,3667.26,7965184,3667.26
2019-04-01,AMZN,3639.04,3701.47,3539.75,3620.61,7064283,3620.61
2019-04-02,AMZN,3578.43,3606.99,3522.93,3564.96,2718666,3564.96
2019-04-03,AMZN,3492.34,3544.45,3491.86,3518.15,6286221,3518.15
2019-04-04,AMZN,3515.64,3578.47,3452.52,3515.49,4677708,3515.49
2019-04-05,AMZN,3573.01,3641.64,3464.47,3553.05,3078532,3553.05
2019-04-08,AMZN,3576.6,3631.53,3562.13,3596.83,3674915,3596.83
2019-04-09,AMZN,3563.16,3574.35,3499.43,3536.89,3011256,3536.89
2019-04-10,AMZN,3444.03,3560.02,3390.18,3475.1,4059790,3475.1
2019-04-11,AMZN,3438.17,3448.19,3389.56,3418.88,2987482,3418.88
2019-04-12,AMZN,3420.58,3464.63,3360.72,3412.67,2651423,3412.67
2019-04-15,AMZN,3387.86,3433.73,3367.12,3400.43,4844974,3400.43
2019-04-16,AMZN,3358.16,3422.45,3264.33,3343.39,5143771,3343.39
2019-04-17,AMZN,3379.26,3443.05,3277.52,3360.29,3710829,3360.29
2019-04-18,AMZN,3531.0,3575.16,3426.08,3500.62,6912662,3500.62
2019-04-19,AMZN,3460.44,3508.81,3430.42,3469.61,3604280,3469.61
2019-04-22,AMZN,3456.1,3488.3,3398.29,3443.29,3543746,3443.29
2019-04-23,AMZN,3485.95,3513.06,3444.56,3478.81,5209531,3478.81
2019-04-24,AMZN,3446.38,3523.23,3366.05,3444.64,3793632,3444.64
2019-04-25,AMZN,3514.25,3568.24,3405.81,3487.02,4138003,3487.02
2019-04-26,AMZN,3408.65,3488.92,3396.81,3442.86,1459536,3442.86
2019-04-29,AMZN,3543.45,3623.49,3494.44,3558.96,4026821,3558.96
2019-04-30,AMZN,3584.53,3611.56,3552.02,3581.79,1925943,3581.79
2019-05-01,AMZN,3519.91,3591.24,3494.18,3542.71,2454478,3542.71
2019-05-02,AMZN,3534.62,3567.83,3444.21,3506.02,2344718,3506.02
2019-05-03,AMZN,3484.66,3518.55,3430.25,3474.4,2635996,3474.4
2019-05-06,AMZN,3560.41,3605.28,3518.7,3561.99,3211547,3561.99
2019-05-07,AMZN,3504.14,3504.14,3464.74,3482.22,3292665,3482.22
2019-05-08,AMZN,3437.87,3513.81,3368.69,3441.25,5217427,3441.25
2019-05-09,AMZN,3411.27,3484.92,3329.64,3407.28,4372126,3407.28
2019-05-10,AMZN,3373.07,3490.05,3323.86,3406.95,1869861,3406.95
2019-05-13,AMZN,3381.9,3456.74,3325.27,3391.01,4135516,3391.01
2019-05-14,AMZN,3277.96,3354.57,3249.07,3301.82,4543040,3301.82
2019-05-15,AMZN,3291.19,3312.81,3244.7,3278.76,3507374,3278.76
2019-05-16,AMZN,3272.13,3355.29,3191.71,3273.5,3903759,3273.5
2019-05-17,AMZN,3224.47,3291.68,3182.94,3237.31,4316385,3237.31
2019-05-20,AMZN,3276.08,3339.24,3217.14,3278.19,5431059,3278.19
2019-05-21,AMZN,3314.16,3395.69,3271.36,3333.52,2130469,3333.52
2019-05-22,AMZN,3357.75,3402.38,3256.52,3329.45,3627586,3329.45
2019-05-23,AMZN,3314.09,3361.29,3314.09,3343.92,7312818,3343.92
2019-05-24,AMZN,3240.46,3247.2,3186.69,3216.95,7049515,3216.95
2019-05-27,AMZN,3193.98,3251.73,3134.79,3193.26,5621896,3193.26
2019-05-28,AMZN,3259.89,3326.63,3177.67,3252.15,4958108,3252.15
2019-05-29,AMZN,3215.32,3288.45,3167.68,3228.06,7753530,3228.06
2019-05-30,AMZN,3215.85,3228.39,3143.83,3186.11,8614385,3186.11
2019-05-31,AMZN,3305.59,3360.68,3279.46,3320.07,3798713,3320.07
2019-06-03,AMZN,3437.32,3499.02,3363.43,3431.23,2714265,3431.23
2019-06-04,AMZN,3495.03,3529.49,3392.26,3460.88,3590090,3460.88
2019-06-05,AMZN,3560.15,3593.79,3472.66,3533.22,13804195,3533.22
2019-06-06,AMZN,3397.56,3431.86,3358.33,3395.09,2135181,3395.09
2019-06-07,AMZN,3380.77,3426.62,3269.25,3347.93,3313744,3347.93
2019-06-10,AMZN,3333.73,3373.61,3267.11,3320.36,2273266,3320.36
2019-06-11,AMZN,3287.64,3375.72,3238.09,3306.9,4204687,3306.9
2019-06-12,AMZN,3272.3,3308.93,3248.04,3278.49,2472470,3278.49
2019-06-13,AMZN,3121.62,3169.2,3094.78,3131.99,3829728,3131.99
2019-06-14,AMZN,3144.58,3225.37,3083.47,3154.42,1833554,3154.42
2019-06-17,AMZN,3202.64,3205.16,3166.92,3186.04,5120963,3186.04
2019-06-18,AMZN,3285.39,3329.87,3229.86,3279.86,6522335,3279.86
2019-06-19,AMZN,3204.38,3281.59,3186.93,3234.26,3430537,3234.26
2019-06-20,AMZN,3208.63,3248.36,3120.82,3184.59,3789531,3184.59
2019-06-21,AMZN,3022.85,3067.48,3002.9,3035.19,3746909,3035.19
2019-06-24,AMZN,3049.78,3049.78,2991.43,3019.76,4300187,3019.76
2019-06-25,AMZN,3097.6,3141.92,2997.51,3069.72,3939392,3069.72
2019-06-26,AMZN,3063.42,3086.57,2986.76,3036.67,5438705,3036.67
2019-06-27,AMZN,3176.36,3179.11,3134.32,3156.71,6550294,3156.71
2019-06-28,AMZN,3125.2,3170.6,3114.91,3142.76,2888293,3142.76
2019-07-01,AMZN,3153.73,3230.39,3072.96,3151.68,3534468,3151.68
2019-07-02,AMZN,3058.91,3103.28,3048.45,3075.87,5737032,3075.87
2019-07-03,AMZN,3077.53,3145.61,3039.17,3092.39,2265117,3092.39
2019-07-04,AMZN,2991.34,3024.72,2944.71,2984.72,1818488,2984.72
2019-07-05,AMZN,2995.03,3091.44,2954.13,3022.79,4379001,3022.79
2019-07-08,AMZN,3091.8,3124.61,3001.46,3063.04,4878476,3063.04
2019-07-09,AMZN,3165.78,3192.68,3086.32,3139.5,2996288,3139.5
2019-07-10,AMZN,3075.61,3099.04,3066.88,3082.96,3173496,3082.96
2019-07-11,AMZN,3093.42,3162.34,3022.59,3092.47,2951216,3092.47
2019-07-12,AMZN,3122.48,3168.01,3081.19,3124.6,2827871,3124.6
2019-07-15,AMZN,3174.24,3224.61,3075.72,3150.16,5278767,3150.16
2019-07-16,AMZN,3113.76,3148.32,3055.81,3102.06,2494516,3102.06
2019-07-17,AMZN,2958.71,3028.02,2915.77,2971.89,3596946,2971.89
2019-07-18,AMZN,2987.9,3010.18,2971.97,2991.08,2784754,2991.08
2019-07-19,AMZN,2979.2,3042.82,2924.06,2983.44,2234860,2983.44
2019-07-22,AMZN,2980.85,2988.45,2918.98,2953.72,5665332,2953.72
2019-07-23,AMZN,2975.73,3031.2,2959.15,2995.18,3249055,2995.18
2019-07-24,AMZN,2968.75,3015.39,2968.75,2993.32,4313158,2993.32
2019-07-25,AMZN,2945.88,2946.83,2900.42,2923.63,2188166,2923.63
2019-07-26,AMZN,2846.67,2848.87,2799.65,2824.26,2972842,2824.26
2019-07-29,AMZN,2788.55,2799.98,2735.96,2767.97,5412599,2767.97
2019-07-30,AMZN,2890.98,2956.36,2824.33,2890.34,11259395,2890.34
2019-07-31,AMZN,2938.1,2964.96,2892.53,2928.74,1814496,2928.74
2019-08-01,AMZN,2942.98,2996.53,2881.98,2939.26,3690829,2939.26
2019-08-02,AMZN,2904.98,2949.71,2904.98,2930.21,4717158,2930.21
2019-08-05,AMZN,2923.33,2966.82,2868.66,2917.74,3126312,2917.74
2019-08-06,AMZN,2951.26,3023.87,2936.63,2980.25,5618715,2980.25
2019-08-07,AMZN,2944.26,3027.17,2882.04,2954.6,2828089,2954.6
2019-08-08,AMZN,3011.82,3051.47,2920.54,2986.01,4253888,2986.01
2019-08-09,AMZN,2956.26,3009.73,2926.06,2967.9,3246136,2967.9
2019-08-12,AMZN,3100.99,3136.98,3010.93,3073.95,6514736,3073.95
2019-08-13,AMZN,3100.31,3143.49,3088.28,3115.89,3051851,3115.89
2019-08-14,AMZN,3175.31,3238.91,3135.35,3187.13,3474827,3187.13
2019-08-15,AMZN,3162.47,3174.85,3133.89,3154.37,5839060,3154.37
2019-08-16,AMZN,3232.46,3254.1,3177.17,3215.63,2651376,3215.63
2019-08-19,AMZN,3198.28,3228.63,3167.75,3198.19,4111526,3198.19
2019-08-20,AMZN,3229.63,3267.25,3143.03,3205.14,1929538,3205.14
2019-08-21,AMZN,3271.13,3350.36,3252.62,3301.49,2588609,3301.49
2019-08-22,AMZN,3268.07,3305.59,3175.82,3240.71,4660612,3240.71
2019-08-23,AMZN,3233.44,3302.99,3203.4,3253.2,2691275,3253.2
2019-08-26,AMZN,3304.77,3304.77,3257.49,3279.56,3217051,3279.56
2019-08-27,AMZN,3304.46,3376.28,3245.77,3311.03,4872118,3311.03
2019-08-28,AMZN,3306.75,3356.05,3213.72,3284.89,3172817,3284.89
2019-08-29,AMZN,3422.94,3489.93,3332.53,3411.23,5559072,3411.23
2019-08-30,AMZN,3311.66,3388.06,3278.47,3333.26,4360381,3333.26
2019-09-02,AMZN,3451.21,3491.3,3353.9,3422.6,4761523,3422.6
2019-09-03,AMZN,3481.13,3569.06,3428.81,3498.94,6571095,3498.94
2019-09-04,AMZN,3602.88,3650.8,3592.02,3621.41,4545890,3621.41
2019-09-05,AMZN,3542.13,3549.17,3490.85,3520.01,7402614,3520.01
2019-09-06,AMZN,3438.72,3488.28,3438.72,3466.04,5759204,3466.04
2019-09-09,AMZN,3541.25,3601.64,3520.46,3561.05,3244344,3561.05
2019-09-10,AMZN,3443.64,3493.22,3393.56,3443.39,6709695,3443.39
2019-09-11,AMZN,3367.99,3429.38,3262.37,3345.87,4445270,3345.87
2019-09-12,AMZN,3293.83,3362.4,3272.04,3317.22,3415836,3317.22
2019-09-13,AMZN,3332.5,3394.33,3264.32,3329.33,4471163,3329.33
2019-09-16,AMZN,3441.25,3491.43,3362.11,3426.77,6241528,3426.77
2019-09-17,AMZN,3440.64,3447.05,3384.95,3416.0,4798543,3416.0
2019-09-18,AMZN,3408.88,3408.88,3358.59,3379.44,8291670,3379.44
2019-09-19,AMZN,3418.43,3453.19,3344.96,3399.08,6177456,3399.08
2019-09-20,AMZN,3439.06,3493.74,3363.41,3428.58,4931081,3428.58
2019-09-23,AMZN,3451.98,3542.86,3370.27,3456.57,2653467,3456.57
2019-09-24,AMZN,3419.42,3488.1,3404.21,3446.16,3722521,3446.16
2019-09-25,AMZN,3341.57,3403.91,3251.32,3327.62,4116321,3327.62
2019-09-26,AMZN,3305.98,3315.1,3232.34,3273.72,5285392,3273.72
2019-09-27,AMZN,3375.03,3422.23,3296.01,3359.12,5161501,3359.12
2019-09-30,AMZN,3338.5,3428.28,3313.9,3371.09,4280674,3371.09
2019-10-01,AMZN,3351.95,3372.52,3331.89,3352.2,4197270,3352.2
2019-10-02,AMZN,3428.84,3443.47,3398.53,3421.0,5336004,3421.0
2019-10-03,AMZN,3365.46,3370.9,3334.59,3352.74,2837319,3352.74
2019-10-04,AMZN,3354.48,3381.27,3298.33,3339.8,7881361,3339.8
2019-10-07,AMZN,3352.61,3415.41,3282.03,3348.72,1763724,3348.72
2019-10-08,AMZN,3304.46,3350.94,3294.75,3322.84,7159628,3322.84
2019-10-09,AMZN,3358.95,3386.49,3272.51,3329.5,3928352,3329.5
2019-10-10,AMZN,3331.95,3354.66,3283.13,3318.9,5973459,3318.9
2019-10-11,AMZN,3219.92,3304.73,3169.17,3236.95,4626638,3236.95
2019-10-14,AMZN,3236.61,3316.26,3180.05,3248.15,4593802,3248.15
2019-10-15,AMZN,3198.77,3237.06,3106.95,3172.01,4992796,3172.01
2019-10-16,AMZN,3206.74,3231.39,3132.76,3182.08,5528497,3182.08
2019-10-17,AMZN,3256.19,3297.26,3227.5,3262.38,3507003,3262.38
2019-10-18,AMZN,3216.55,3315.32,3177.74,3246.53,6050942,3246.53
2019-10-21,AMZN,3150.67,3207.11,3150.67,3179.38,2592197,3179.38
2019-10-22,AMZN,3159.01,3206.97,3138.47,3172.72,3991480,3172.72
2019-10-23,AMZN,3134.22,3153.28,3099.02,3126.15,5588340,3126.15
2019-10-24,AMZN,3165.7,3218.79,3101.96,3160.38,5955417,3160.38
2019-10-25,AMZN,3161.0,3211.59,3093.53,3152.56,4809580,3152.56
2019-10-28,AMZN,3265.83,3310.4,3193.01,3251.7,3417596,3251.7
2019-10-29,AMZN,3289.17,3365.33,3276.9,3321.12,5725772,3321.12
2019-10-30,AMZN,3286.44,3335.8,3286.44,3312.6,3060406,3312.6
2019-10-31,AMZN,3346.74,3434.12,3278.23,3356.18,8059552,3356.18
2019-11-01,AMZN,3310.12,3383.64,3282.62,3333.13,3866795,3333.13
2019-11-04,AMZN,3307.46,3379.63,3291.96,3335.8,2160725,3335.8
2019-11-05,AMZN,3324.13,3370.4,3259.18,3314.79,2480402,3314.79
2019-11-06,AMZN,3382.67,3391.24,3331.7,3361.47,4070442,3361.47
2019-11-07,AMZN,3467.38,3476.34,3423.55,3449.95,4230095,3449.95
2019-11-08,AMZN,3522.76,3546.45,3454.67,3500.56,8794768,3500.56
2019-11-11,AMZN,3571.61,3593.78,3525.83,3559.81,2640305,3559.81
2019-11-12,AMZN,3637.16,3655.91,3584.34,3620.12,4063640,3620.12
2019-11-13,AMZN,3640.22,3740.47,3573.35,3656.91,2618301,3656.91
2019-11-14,AMZN,3618.69,3639.31,3527.4,3583.36,3284559,3583.36
2019-11-15,AMZN,3672.04,3749.67,3641.25,3695.46,7845053,3695.46
2019-11-18,AMZN,3796.37,3889.92,3746.43,3818.18,2538973,3818.18
2019-11-19,AMZN,3786.8,3894.24,3711.46,3802.85,5058709,3802.85
2019-11-20,AMZN,3814.19,3814.19,3750.9,3778.27,4680745,3778.27
2019-11-21,AMZN,3858.18,3903.67,3738.07,3820.87,3961512,3820.87
2019-11-22,AMZN,3882.43,3924.05,3795.28,3859.67,4923742,3859.67
2019-11-25,AMZN,3856.31,3876.86,3815.91,3846.38,2515033,3846.38
2019-11-26,AMZN,3763.02,3802.67,3720.35,3761.51,7758766,3761.51
2019-11-27,AMZN,3818.59,3838.39,3727.57,3782.98,8638531,3782.98
2019-11-28,AMZN,3836.38,3893.37,3749.5,3821.43,4076082,3821.43
2019-11-29,AMZN,3906.86,3910.57,3834.26,3872.41,10543787,3872.41
2019-12-02,AMZN,3883.27,3958.75,3836.39,3897.57,3409900,3897.57
2019-12-03,AMZN,3866.43,3951.84,3806.81,3879.33,4694854,3879.33
2019-12-04,AMZN,3978.13,4005.3,3894.9,3950.1,7092585,3950.1
2019-12-05,AMZN,3927.83,4043.58,3867.48,3955.53,3329068,3955.53
2019-12-06,AMZN,3958.29,4011.14,3835.46,3923.3,2301761,3923.3
2019-12-09,AMZN,3911.89,3967.68,3854.93,3911.3,2099307,3911.3
2019-12-10,AMZN,3823.33,3883.73,3698.28,3791.0,9121415,3791.0
2019-12-11,AMZN,3766.96,3803.91,3754.69,3779.3,3237121,3779.3
2019-12-12,AMZN,3843.67,3846.54,3807.75,3827.14,3713592,3827.14
2019-12-13,AMZN,3850.03,3899.92,3802.77,3851.35,2563026,3851.35
2019-12-16,AMZN,3969.0,4026.35,3891.58,3958.96,5845254,3958.96
2019-12-17,AMZN,3941.35,4010.31,3871.71,3941.01,2926099,3941.01
2019-12-18,AMZN,4013.63,4034.25,3918.7,3976.48,3286388,3976.48
2019-12-19,AMZN,4049.89,4064.63,4004.14,4034.38,4509122,4034.38
2019-12-20,AMZN,4188.02,4244.35,4173.55,4208.95,2613462,4208.95
2019-12-23,AMZN,4255.31,4313.76,4127.69,4220.73,3724234,4220.73
2019-12-24,AMZN,4125.85,4235.54,4050.29,4142.92,7008881,4142.92
2019-12-25,AMZN,4196.62,4285.17,4129.68,4207.42,4747395,4207.42
2019-12-26,AMZN,4317.31,4431.51,4272.37,4351.94,4214417,4351.94
2019-12-27,AMZN,4362.18,4400.93,4254.19,4327.56,4358989,4327.56
2019-12-30,AMZN,4375.6,4434.21,4354.59,4394.4,3423420,4394.4
2019-12-31,AMZN,4471.85,4554.47,4432.56,4493.52,8888473,4493.52
2020-01-01,AMZN,4615.88,4664.0,4490.81,4577.4,2890505,4577.4
2020-01-02,AMZN,4616.66,4660.87,4516.37,4588.62,4352127,4588.62
2020-01-03,AMZN,4499.61,4556.49,4499.61,4532.14,4188340,4532.14
2020-01-06,AMZN,4550.75,4635.32,4417.41,4526.37,5988250,4526.37
2020-01-07,AMZN,4602.45,4664.7,4464.79,4564.75,6218718,4564.75
2020-01-08,AMZN,4601.73,4688.24,4593.47,4640.86,3949096,4640.86
2020-01-09,AMZN,4700.09,4750.64,4588.79,4669.71,4493181,4669.71
2020-01-10,AMZN,4643.16,4747.61,4529.91,4638.76,4561758,4638.76
2020-01-13,AMZN,4702.11,4718.68,4653.82,4686.25,1611938,4686.25
2020-01-14,AMZN,4759.58,4831.95,4688.57,4760.26,2118479,4760.26
2020-01-15,AMZN,4812.76,4861.51,4726.08,4793.8,3140144,4793.8
2020-01-16,AMZN,4679.06,4785.44,4660.71,4723.07,3195216,4723.07
2020-01-17,AMZN,4733.3,4810.79,4606.33,4708.56,2475844,4708.56
2020-01-20,AMZN,4745.77,4850.9,4730.06,4790.48,5398533,4790.48
2020-01-21,AMZN,4669.4,4702.89,4644.26,4673.58,4003390,4673.58
2020-01-22,AMZN,4470.19,4530.05,4470.19,4501.61,3670825,4501.61
2020-01-23,AMZN,4656.29,4656.29,4599.27,4626.35,2420156,4626.35
2020-01-24,AMZN,4652.61,4731.58,4608.45,4670.01,3929359,4670.01
2020-01-27,AMZN,4717.85,4813.64,4630.72,4722.18,1398808,4722.18
2020-01-28,AMZN,4625.81,4674.44,4590.37,4632.41,3747585,4632.41
2020-01-29,AMZN,4720.79,4779.38,4611.02,4695.2,4102382,4695.2
2020-01-30,AMZN,4717.62,4807.85,4630.95,4719.4,4406410,4719.4
2020-01-31,AMZN,4614.09,4633.93,4541.23,4587.58,2139674,4587.58
2020-02-03,AMZN,4667.44,4787.68,4627.52,4707.6,4376376,4707.6
2020-02-04,AMZN,4692.83,4810.24,4633.66,4721.95,2637210,4721.95
2020-02-05,AMZN,4694.12,4756.5,4622.08,4689.29,2890144,4689.29
2020-02-06,AMZN,4700.02,4713.03,4603.7,4658.37,5330616,4658.37
2020-02-07,AMZN,4455.05,4571.37,4415.16,4493.26,8952562,4493.26
2020-02-10,AMZN,4500.85,4653.91,4430.81,4542.36,4083023,4542.36
2020-02-11,AMZN,4533.32,4626.47,4502.89,4564.68,2884801,4564.68
2020-02-12,AMZN,4562.46,4608.01,4491.22,4549.62,4313555,4549.62
2020-02-13,AMZN,4647.0,4722.92,4589.89,4656.4,5823526,4656.4
2020-02-14,AMZN,4572.28,4572.34,4513.06,4542.7,5127885,4542.7
2020-02-17,AMZN,4456.53,4567.22,4422.81,4495.01,11983605,4495.01
2020-02-18,AMZN,4400.71,4478.84,4376.35,4427.59,3004644,4427.59
2020-02-19,AMZN,4388.64,4438.99,4373.53,4406.26,4424631,4406.26
2020-02-20,AMZN,4423.63,4475.65,4349.23,4412.44,7432494,4412.44
2020-02-21,AMZN,4464.04,4470.1,4425.03,4447.56,7248235,4447.56
2020-02-24,AMZN,4387.48,4478.33,4363.08,4420.7,1833566,4420.7
2020-02-25,AMZN,4390.89,4390.89,4321.29,4352.26,3994631,4352.26
2020-02-26,AMZN,4472.94,4511.82,4462.59,4487.21,7243486,4487.21
2020-02-27,AMZN,4707.15,4787.89,4586.44,4687.17,12712065,4687.17
2020-02-28,AMZN,4702.43,4809.79,4590.52,4700.15,5300561,4700.15
2020-03-02,AMZN,4611.72,4679.88,4594.99,4637.43,3452674,4637.43
2020-03-03,AMZN,4796.12,4838.33,4687.95,4763.14,2671427,4763.14
2020-03-04,AMZN,4671.12,4690.59,4592.56,4641.58,9716171,4641.58
2020-03-05,AMZN,4604.97,4683.18,4545.93,4614.56,5353716,4614.56
2020-03-06,AMZN,4566.03,4620.55,4495.36,4557.95,2849283,4557.95
2020-03-09,AMZN,4443.02,4510.99,4418.3,4464.65,3687806,4464.65
2020-03-10,AMZN,4459.91,4527.49,4358.58,4443.04,4528401,4443.04
2020-03-11,AMZN,4358.57,4408.23,4342.34,4375.28,4971974,4375.28
2020-03-12,AMZN,4407.22,4407.22,4350.57,4377.1,2791131,4377.1
2020-03-13,AMZN,4355.31,4469.22,4290.92,4380.07,3128701,4380.07
2020-03-16,AMZN,4290.13,4411.53,4252.81,4332.17,2064979,4332.17
2020-03-17,AMZN,4284.25,4368.61,4239.74,4304.18,6062966,4304.18
2020-03-18,AMZN,4260.65,4348.68,4225.59,4287.14,3489110,4287.14
2020-03-19,AMZN,4351.63,4415.95,4285.87,4350.91,4820236,4350.91
2020-03-20,AMZN,4314.39,4399.75,4280.48,4340.11,7065316,4340.11
2020-03-23,AMZN,4429.04,4462.5,4349.2,4405.85,4367725,4405.85
2020-03-24,AMZN,4430.36,4520.16,4386.62,4453.39,3823270,4453.39
2020-03-25,AMZN,4518.92,4570.36,4430.22,4500.29,4322625,4500.29
2020-03-26,AMZN,4622.24,4701.93,4528.06,4614.99,4102398,4614.99
2020-03-27,AMZN,4567.78,4610.75,4436.82,4523.79,6584776,4523.79
2020-03-30,AMZN,4531.12,4542.58,4429.95,4486.26,4529582,4486.26
2020-03-31,AMZN,4666.04,4693.28,4570.34,4631.81,3217272,4631.81
2020-04-01,AMZN,4635.25,4668.79,4553.75,4611.27,6082610,4611.27
2020-04-02,AMZN,4374.3,4453.22,4315.29,4384.26,6543604,4384.26
2020-04-03,AMZN,4391.22,4430.55,4307.63,4369.09,2341898,4369.09
2020-04-06,AMZN,4420.55,4480.38,4280.7,4380.54,7384682,4380.54
2020-04-07,AMZN,4139.91,4258.86,4100.64,4179.75,4628251,4179.75
2020-04-08,AMZN,4285.38,4380.5,4183.75,4282.13,4479907,4282.13
2020-04-09,AMZN,4204.42,4309.37,4147.15,4228.26,5983132,4228.26
2020-04-10,AMZN,4259.07,4358.03,4150.26,4254.14,3188350,4254.14
2020-04-13,AMZN,4234.83,4312.74,4162.6,4237.67,5858890,4237.67
2020-04-14,AMZN,4147.58,4241.82,4040.79,4141.31,3440387,4141.31
2020-04-15,AMZN,4067.18,4096.2,4029.87,4063.04,2217352,4063.04
2020-04-16,AMZN,4032.74,4032.74,3971.8,3995.97,2683687,3995.97
2020-04-17,AMZN,4079.85,4143.18,4008.01,4075.6,5018359,4075.6
2020-04-20,AMZN,4093.7,4165.85,3965.25,4065.55,2740408,4065.55
2020-04-21,AMZN,4013.78,4082.08,3974.51,4028.3,7616559,4028.3
2020-04-22,AMZN,3956.94,3998.45,3925.23,3961.84,6436646,3961.84
2020-04-23,AMZN,4046.43,4111.3,3986.35,4048.83,6818708,4048.83
2020-04-24,AMZN,4139.34,4232.48,4083.0,4157.74,4204711,4157.74
2020-04-27,AMZN,4237.94,4296.17,4200.13,4248.15,4434607,4248.15
2020-04-28,AMZN,4295.23,4369.5,4204.07,4286.78,2481367,4286.78
2020-04-29,AMZN,4316.93,4415.62,4204.41,4310.01,5957242,4310.01
2020-04-30,AMZN,4229.01,4314.25,4120.75,4217.5,4656330,4217.5
2020-05-01,AMZN,4187.22,4245.16,4154.18,4199.67,5018929,4199.67
2020-05-04,AMZN,4133.79,4196.93,4101.21,4149.07,7858683,4149.07
2020-05-05,AMZN,4024.67,4065.62,3965.79,4015.7,3139015,4015.7
2020-05-06,AMZN,4063.55,4146.38,4040.84,4093.61,3803180,4093.61
2020-05-07,AMZN,4023.45,4071.75,4015.09,4043.42,4558359,4043.42
2020-05-08,AMZN,4094.34,4215.81,4048.55,4132.18,2751428,4132.18
2020-05-11,AMZN,4163.19,4250.76,4147.4,4199.08,3710827,4199.08
2020-05-12,AMZN,4220.39,4338.02,4146.31,4242.17,4871852,4242.17
2020-05-13,AMZN,4248.81,4391.01,4189.05,4290.03,3511789,4290.03
2020-05-14,AMZN,4221.97,4266.87,4220.28,4243.58,6752346,4243.58
2020-05-15,AMZN,4402.31,4497.42,4280.0,4388.71,2185674,4388.71
2020-05-18,AMZN,4354.38,4477.29,4308.6,4392.94,6267658,4392.94
2020-05-19,AMZN,4412.13,4485.78,4349.65,4417.72,5210983,4417.72
2020-05-20,AMZN,4403.31,4423.08,4311.36,4367.22,3185989,4367.22
2020-05-21,AMZN,4320.47,4361.46,4229.42,4295.44,2763591,4295.44
2020-05-22,AMZN,4316.46,4383.12,4283.52,4333.32,1740515,4333.32
2020-05-25,AMZN,4388.1,4427.08,4275.19,4351.14,2910207,4351.14
2020-05-26,AMZN,4275.94,4319.99,4261.13,4290.56,6080974,4290.56
2020-05-27,AMZN,4145.93,4254.53,4108.82,4181.68,3911261,4181.68
2020-05-28,AMZN,4128.34,4130.9,4044.99,4087.94,6369281,4087.94
2020-05-29,AMZN,4208.62,4208.62,4155.34,4177.7,3121600,4177.7
2020-06-01,AMZN,4129.8,4198.96,4066.27,4132.61,5307584,4132.61
2020-06-02,AMZN,4121.92,4176.32,4040.18,4108.25,3002048,4108.25
2020-06-03,AMZN,4232.15,4274.78,4160.64,4217.71,2718456,4217.71
2020-06-04,AMZN,4108.89,4160.79,4107.5,4134.15,3832216,4134.15
2020-06-05,AMZN,4056.68,4174.49,3987.84,4081.17,3065797,4081.17
2020-06-08,AMZN,4023.39,4095.2,3956.48,4025.84,2157964,4025.84
2020-06-09,AMZN,4179.72,4179.72,4115.27,4145.6,3718678,4145.6
2020-06-10,AMZN,4255.73,4363.26,4232.45,4297.85,4173973,4297.85
2020-06-11,AMZN,4381.83,4422.33,4292.09,4357.21,6643492,4357.21
2020-06-12,AMZN,4380.8,4447.35,4380.8,4419.92,5818349,4419.92
2020-06-15,AMZN,4372.9,4449.78,4299.83,4374.81,6516071,4374.81
2020-06-16,AMZN,4544.22,4627.64,4435.8,4531.72,5335792,4531.72
2020-06-17,AMZN,4571.48,4645.47,4463.47,4554.47,4569206,4554.47
2020-06-18,AMZN,4584.97,4667.72,4583.91,4625.82,2446641,4625.82
2020-06-19,AMZN,4610.39,4720.63,4515.18,4617.91,4247129,4617.91
2020-06-22,AMZN,4604.25,4651.02,4542.07,4596.54,5078479,4596.54
2020-06-23,AMZN,4696.0,4850.47,4623.75,4737.11,7165440,4737.11
2020-06-24,AMZN,4749.34,4815.04,4749.34,4784.26,5263571,4784.26
2020-06-25,AMZN,4927.89,4984.14,4839.49,4911.81,6569565,4911.81
2020-06-26,AMZN,4937.5,5018.98,4851.75,4935.37,2647180,4935.37
2020-06-29,AMZN,4828.61,4909.87,4813.1,4861.49,3510390,4861.49
2020-06-30,AMZN,4815.0,4909.9,4713.32,4811.61,4749477,4811.61
2020-07-01,AMZN,4861.24,4906.0,4736.89,4821.44,6364116,4821.44
2020-07-02,AMZN,4722.08,4793.84,4722.08,4768.28,3774254,4768.28
2020-07-03,AMZN,4688.38,4755.3,4594.78,4675.04,3870237,4675.04
2020-07-06,AMZN,4737.4,4849.0,4707.28,4778.14,5265365,4778.14
2020-07-07,AMZN,4685.69,4774.61,4685.69,4732.4,2549624,4732.4
2020-07-08,AMZN,4711.92,4863.3,4626.85,4745.08,7608424,4745.08
2020-07-09,AMZN,4763.98,4880.8,4661.86,4771.33,2814092,4771.33
2020-07-10,AMZN,4750.53,4773.21,4670.74,4721.98,1856807,4721.98
2020-07-13,AMZN,4826.67,4924.52,4771.12,4847.82,4016139,4847.82
2020-07-14,AMZN,4764.15,4806.05,4698.36,4752.21,7890644,4752.21
2020-07-15,AMZN,4767.05,4873.48,4677.59,4775.54,5057516,4775.54
2020-07-16,AMZN,4772.15,4910.9,4684.39,4797.64,5401791,4797.64
2020-07-17,AMZN,4795.23,4852.23,4735.49,4793.86,4066768,4793.86
2020-07-20,AMZN,4711.99,4783.02,4585.24,4684.13,3763477,4684.13
2020-07-21,AMZN,4790.67,4830.26,4687.79,4759.02,2156163,4759.02
2020-07-22,AMZN,4857.48,4886.43,4761.67,4824.05,1620184,4824.05
2020-07-23,AMZN,4751.25,4879.93,4653.34,4766.64,4326692,4766.64
2020-07-24,AMZN,4856.98,4902.07,4755.2,4828.64,6761968,4828.64
2020-07-27,AMZN,4834.26,4932.01,4792.48,4862.25,4590311,4862.25
2020-07-28,AMZN,4775.0,4840.02,4664.67,4752.34,5133225,4752.34
2020-07-29,AMZN,4722.71,4728.59,4632.87,4680.73,7536677,4680.73
2020-07-30,AMZN,4732.05,4833.46,4723.59,4778.52,4562182,4778.52
2020-07-31,AMZN,4800.38,4919.74,4692.49,4806.12,3808488,4806.12
2020-08-03,AMZN,4772.5,4846.81,4670.07,4758.44,2883152,4758.44
2020-08-04,AMZN,4705.27,4787.27,4585.44,4686.35,8981612,4686.35
2020-08-05,AMZN,4613.87,4692.35,4595.55,4643.95,4937768,4643.95
2020-08-06,AMZN,4651.33,4680.97,4534.66,4607.81,2742455,4607.81
2020-08-07,AMZN,4549.5,4649.91,4428.15,4539.03,2503844,4539.03
2020-08-10,AMZN,4370.22,4449.8,4349.72,4399.76,6602972,4399.76
2020-08-11,AMZN,4448.75,4528.7,4448.75,4491.82,2641422,4491.82
2020-08-12,AMZN,4597.75,4641.42,4502.28,4571.85,8396609,4571.85
2020-08-13,AMZN,4431.53,4526.11,4412.09,4469.1,1328046,4469.1
2020-08-14,AMZN,4448.75,4517.63,4444.22,4480.92,7066267,4480.92
2020-08-17,AMZN,4416.17,4509.98,4309.16,4409.57,4860067,4409.57
2020-08-18,AMZN,4398.77,4498.61,4280.75,4389.68,4194323,4389.68
2020-08-19,AMZN,4379.65,4434.78,4291.91,4363.34,3728891,4363.34
2020-08-20,AMZN,4321.46,4419.44,4241.93,4330.68,8521448,4330.68
2020-08-21,AMZN,4515.11,4590.11,4390.91,4490.51,5307484,4490.51
2020-08-24,AMZN,4498.17,4540.65,4371.15,4455.9,2787131,4455.9
2020-08-25,AMZN,4372.26,4418.21,4366.53,4392.37,2011197,4392.37
2020-08-26,AMZN,4350.9,4368.63,4297.97,4333.3,4293976,4333.3
2020-08-27,AMZN,4454.16,4454.16,4387.96,4416.31,3998286,4416.31
2020-08-28,AMZN,4303.7,4310.01,4265.44,4287.72,2177869,4287.72
2020-08-31,AMZN,4245.38,4277.1,4183.02,4230.06,3912345,4230.06
2020-09-01,AMZN,4318.5,4398.28,4286.7,4342.49,3179489,4342.49
2020-09-02,AMZN,4365.49,4405.26,4319.58,4362.42,4014891,4362.42
2020-09-03,AMZN,4383.81,4405.89,4350.79,4378.34,5347685,4378.34
2020-09-04,AMZN,4568.71,4621.47,4479.52,4550.5,7266962,4550.5
2020-09-07,AMZN,4617.0,4619.43,4523.73,4571.58,5753739,4571.58
2020-09-08,AMZN,4472.41,4608.97,4420.07,4514.52,2997318,4514.52
2020-09-09,AMZN,4453.44,4515.69,4453.44,4492.5,4636039,4492.5
2020-09-10,AMZN,4365.28,4498.64,4306.25,4402.44,4102256,4402.44
2020-09-11,AMZN,4525.84,4612.47,4395.43,4503.95,2347715,4503.95
2020-09-14,AMZN,4518.52,4639.58,4463.68,4551.63,4690726,4551.63
2020-09-15,AMZN,4656.94,4736.95,4554.17,4645.56,8406147,4645.56
2020-09-16,AMZN,4732.35,4861.42,4636.59,4749.0,4052220,4749.0
2020-09-17,AMZN,4710.59,4757.9,4671.32,4714.61,2114083,4714.61
2020-09-18,AMZN,4609.62,4751.38,4520.59,4635.99,4048724,4635.99
2020-09-21,AMZN,4666.46,4727.37,4537.72,4632.54,2461594,4632.54
2020-09-22,AMZN,4569.05,4650.28,4472.11,4561.19,5650457,4561.19
2020-09-23,AMZN,4616.3,4631.54,4519.69,4575.62,4934445,4575.62
2020-09-24,AMZN,4677.66,4745.03,4596.36,4670.69,3735681,4670.69
2020-09-25,AMZN,4622.42,4741.65,4573.25,4657.45,3503731,4657.45
2020-09-28,AMZN,4640.18,4752.23,4589.62,4670.92,3674439,4670.92
2020-09-29,AMZN,4709.54,4753.0,4574.84,4663.92,4013261,4663.92
2020-09-30,AMZN,4754.03,4764.15,4701.22,4732.68,2937034,4732.68
2020-10-01,AMZN,4634.86,4733.67,4620.36,4677.02,2296056,4677.02
2020-10-02,AMZN,4514.89,4558.07,4435.05,4496.56,6307717,4496.56
2020-10-05,AMZN,4527.72,4582.01,4489.36,4535.68,3428538,4535.68
2020-10-06,AMZN,4600.12,4656.96,4578.89,4617.92,4276400,4617.92
2020-10-07,AMZN,4623.84,4692.27,4619.83,4656.05,4483514,4656.05
2020-10-08,AMZN,4634.86,4660.32,4546.82,4603.57,4549887,4603.57
2020-10-09,AMZN,4471.97,4578.4,4444.24,4511.32,2501191,4511.32
2020-10-12,AMZN,4533.37,4581.01,4524.01,4552.51,2046146,4552.51
2020-10-13,AMZN,4547.3,4674.21,4455.74,4564.98,3160775,4564.98
2020-10-14,AMZN,4524.61,4648.01,4463.01,4555.51,4685998,4555.51
2020-10-15,AMZN,4709.08,4800.67,4615.95,4708.31,2989524,4708.31
2020-10-16,AMZN,4584.41,4668.77,4584.41,4629.62,3470594,4629.62
2020-10-19,AMZN,4761.8,4862.46,4699.19,4780.83,9367191,4780.83
2020-10-20,AMZN,4825.96,4859.07,4709.85,4784.46,1911952,4784.46
2020-10-21,AMZN,4612.29,4743.96,4515.71,4629.83,2957312,4629.83
2020-10-22,AMZN,4602.91,4707.89,4523.69,4615.79,8541494,4615.79
2020-10-23,AMZN,4694.57,4774.66,4619.51,4697.09,3929274,4697.09
2020-10-26,AMZN,4672.96,4769.96,4564.45,4667.2,3015906,4667.2
2020-10-27,AMZN,4573.86,4582.62,4508.96,4545.79,6384045,4545.79
2020-10-28,AMZN,4505.12,4557.25,4505.12,4533.2,4089352,4533.2
2020-10-29,AMZN,4497.83,4548.59,4380.68,4464.63,3479786,4464.63
2020-10-30,AMZN,4528.39,4536.56,4473.8,4505.18,4319941,4505.18
2020-11-02,AMZN,4589.54,4602.59,4535.8,4569.19,3074218,4569.19
2020-11-03,AMZN,4446.93,4573.19,4394.78,4483.98,2662586,4483.98
2020-11-04,AMZN,4385.85,4474.31,4382.11,4428.21,3822312,4428.21
2020-11-05,AMZN,4498.22,4568.67,4410.88,4489.78,2669511,4489.78
2020-11-06,AMZN,4453.85,4524.97,4318.5,4421.73,4017145,4421.73
2020-11-09,AMZN,4344.58,4386.39,4288.11,4337.25,4609212,4337.25
2020-11-10,AMZN,4222.64,4286.68,4207.32,4247.0,5626674,4247.0
2020-11-11,AMZN,4239.79,4305.29,4239.79,4274.8,6280592,4274.8
2020-11-12,AMZN,4316.63,4332.18,4266.75,4299.46,3400762,4299.46
2020-11-13,AMZN,4266.49,4274.17,4221.12,4247.65,4884467,4247.65
2020-11-16,AMZN,4221.01,4277.53,4220.14,4248.84,4871021,4248.84
2020-11-17,AMZN,4326.85,4427.65,4308.49,4368.07,4560452,4368.07
2020-11-18,AMZN,4285.08,4341.97,4243.95,4292.96,3301941,4292.96
2020-11-19,AMZN,4152.4,4224.85,4066.23,4145.54,2651345,4145.54
2020-11-20,AMZN,4197.65,4274.08,4086.76,4180.42,4889524,4180.42
2020-11-23,AMZN,4198.77,4259.27,4086.55,4172.91,2020912,4172.91
2020-11-24,AMZN,4129.8,4185.03,4056.35,4120.69,3593614,4120.69
2020-11-25,AMZN,4137.67,4199.52,4137.67,4170.13,1440286,4170.13
2020-11-26,AMZN,4249.86,4315.67,4153.11,4234.39,2343705,4234.39
2020-11-27,AMZN,4109.56,4120.03,4020.26,4070.15,2816347,4070.15
2020-11-30,AMZN,4056.01,4056.01,3996.36,4023.37,6202696,4023.37
2020-12-01,AMZN,4226.73,4287.22,4103.88,4195.55,5267403,4195.55
2020-12-02,AMZN,4223.86,4290.52,4190.75,4240.63,3205026,4240.63
2020-12-03,AMZN,4314.9,4333.57,4253.16,4293.36,5355061,4293.36
2020-12-04,AMZN,4416.59,4484.16,4287.43,4385.79,5705003,4385.79
2020-12-07,AMZN,4403.62,4489.08,4286.86,4387.97,3751022,4387.97
2020-12-08,AMZN,4429.97,4504.63,4399.74,4452.18,2299158,4452.18
2020-12-09,AMZN,4551.89,4565.51,4456.38,4510.95,3680797,4510.95
2020-12-10,AMZN,4551.31,4631.38,4480.19,4555.79,3846399,4555.79
2020-12-11,AMZN,4496.77,4619.41,4441.2,4530.31,2443209,4530.31
2020-12-14,AMZN,4509.74,4573.68,4509.74,4545.22,4632575,4545.22
2020-12-15,AMZN,4511.45,4574.05,4422.31,4498.18,4473714,4498.18
2020-12-16,AMZN,4494.46,4608.32,4391.81,4500.06,4779382,4500.06
2020-12-17,AMZN,4371.49,4452.37,4362.09,4407.23,4472124,4407.23
2020-12-18,AMZN,4366.66,4446.49,4245.05,4345.77,5356075,4345.77
2020-12-21,AMZN,4350.45,4428.36,4220.75,4324.56,3723124,4324.56
2020-12-22,AMZN,4271.69,4296.67,4208.36,4252.52,4336243,4252.52
2020-12-23,AMZN,4189.73,4299.48,4130.18,4214.83,3411657,4214.83
2020-12-24,AMZN,4219.15,4244.29,4162.11,4203.2,3166081,4203.2
2020-12-25,AMZN,4193.1,4318.18,4150.9,4234.54,6831841,4234.54
2020-12-28,AMZN,4291.53,4398.58,4218.07,4308.33,1766123,4308.33
2020-12-29,AMZN,4264.66,4315.81,4230.82,4273.31,5680267,4273.31
2020-12-30,AMZN,4407.43,4462.65,4293.5,4378.07,3120764,4378.07
2020-12-31,AMZN,4443.75,4548.11,4358.91,4453.51,2963227,4453.51
2021-01-01,AMZN,4451.01,4549.66,4440.24,4494.95,4441203,4494.95
2021-01-04,AMZN,4494.93,4545.9,4470.58,4508.24,2204389,4508.24
2021-01-05,AMZN,4534.97,4566.08,4504.05,4535.07,2886039,4535.07
2021-01-06,AMZN,4675.49,4710.37,4557.39,4633.88,2848061,4633.88
2021-01-07,AMZN,4779.75,4854.33,4621.59,4737.96,3660995,4737.96
2021-01-08,AMZN,4823.12,4958.27,4749.94,4854.1,2899792,4854.1
2021-01-11,AMZN,4828.03,4925.27,4791.98,4858.63,7589318,4858.63
2021-01-12,AMZN,4875.28,4985.55,4831.11,4908.33,8207931,4908.33
2021-01-13,AMZN,5058.48,5082.69,4976.16,5029.42,1781573,5029.42
2021-01-14,AMZN,4925.07,5015.3,4925.07,4974.21,4973000,4974.21
2021-01-15,AMZN,4909.83,5019.14,4874.28,4946.71,5639298,4946.71
2021-01-18,AMZN,4952.83,5019.69,4878.45,4949.07,4970340,4949.07
2021-01-19,AMZN,5005.41,5108.47,4953.14,5030.81,3074213,5030.81
2021-01-20,AMZN,5073.62,5238.38,4992.27,5115.33,3627907,5115.33
2021-01-21,AMZN,5080.79,5182.08,5008.06,5095.07,2965318,5095.07
2021-01-22,AMZN,4937.11,5044.39,4874.62,4959.51,3381058,4959.51
2021-01-25,AMZN,4983.58,5020.14,4944.8,4982.47,2465287,4982.47
2021-01-26,AMZN,4948.69,5023.91,4779.51,4901.71,3820490,4901.71
2021-01-27,AMZN,4737.03,4870.54,4675.26,4772.9,2192787,4772.9
2021-01-28,AMZN,4654.54,4771.62,4561.22,4666.42,3692266,4666.42
2021-01-29,AMZN,4735.36,4757.17,4632.42,4694.8,2427499,4694.8
2021-02-01,AMZN,4848.41,4884.52,4739.75,4812.14,4344978,4812.14
2021-02-02,AMZN,4806.23,4890.79,4742.04,4816.41,3048124,4816.41
2021-02-03,AMZN,4854.92,4878.63,4792.73,4835.68,4493026,4835.68
2021-02-04,AMZN,4899.95,5033.51,4847.84,4940.68,6165237,4940.68
2021-02-05,AMZN,4826.55,4916.95,4695.29,4806.12,7553969,4806.12
2021-02-08,AMZN,4898.13,4898.13,4812.1,4852.24,1455126,4852.24
2021-02-09,AMZN,4855.78,4884.78,4819.51,4852.14,2865138,4852.14
2021-02-10,AMZN,4902.61,4999.66,4805.86,4902.76,3543305,4902.76
2021-02-11,AMZN,4830.79,4912.06,4810.32,4861.19,4808693,4861.19
2021-02-12,AMZN,4803.86,4874.78,4707.31,4791.04,2067112,4791.04
2021-02-15,AMZN,4812.77,4894.95,4713.21,4804.08,2700555,4804.08
2021-02-16,AMZN,4964.8,5006.38,4893.14,4949.76,4214105,4949.76
2021-02-17,AMZN,4980.35,5135.12,4920.89,5028.0,4138153,5028.0
2021-02-18,AMZN,4988.06,5062.93,4903.47,4983.2,4652206,4983.2
2021-02-19,AMZN,4874.51,4974.16,4756.39,4865.28,4776770,4865.28
2021-02-22,AMZN,4693.45,4816.74,4625.39,4721.06,4580151,4721.06
2021-02-23,AMZN,4806.94,4943.32,4726.98,4835.15,4322165,4835.15
2021-02-24,AMZN,4732.35,4779.31,4727.94,4753.63,4090185,4753.63
2021-02-25,AMZN,4746.76,4773.4,4680.09,4726.75,5218445,4726.75
2021-02-26,AMZN,4851.7,4874.34,4808.49,4841.41,1633239,4841.41
2021-03-01,AMZN,4736.2,4768.78,4638.57,4703.68,7418877,4703.68
2021-03-02,AMZN,4812.89,4942.82,4722.46,4832.64,1656159,4832.64
2021-03-03,AMZN,4851.19,4880.58,4742.48,4811.53,2597708,4811.53
2021-03-04,AMZN,4736.94,4817.65,4610.28,4713.97,3653150,4713.97
2021-03-05,AMZN,4684.05,4748.09,4639.72,4693.91,5234856,4693.91
2021-03-08,AMZN,4596.61,4688.76,4579.48,4634.12,1207059,4634.12
2021-03-09,AMZN,4649.21,4778.95,4564.88,4671.92,3955253,4671.92
2021-03-10,AMZN,4660.79,4681.02,4556.17,4618.6,5491779,4618.6
2021-03-11,AMZN,4446.29,4556.03,4370.4,4463.21,5954228,4463.21
2021-03-12,AMZN,4431.24,4489.64,4403.09,4446.37,3026365,4446.37
2021-03-15,AMZN,4312.98,4443.98,4235.87,4339.93,3546496,4339.93
2021-03-16,AMZN,4383.47,4428.58,4284.89,4356.74,3126252,4356.74
2021-03-17,AMZN,4246.29,4351.53,4179.32,4265.43,3418577,4265.43
2021-03-18,AMZN,4214.56,4257.63,4200.2,4228.92,2647362,4228.92
2021-03-19,AMZN,4236.37,4306.67,4180.61,4243.64,2802728,4243.64
2021-03-22,AMZN,4222.63,4325.57,4130.9,4228.24,4759036,4228.24
2021-03-23,AMZN,4240.6,4343.89,4152.38,4248.14,4216226,4248.14
2021-03-24,AMZN,4301.61,4326.82,4275.75,4301.28,4869196,4301.28
2021-03-25,AMZN,4239.86,4260.01,4166.69,4213.35,4357507,4213.35
2021-03-26,AMZN,4236.14,4267.63,4150.9,4209.26,5301712,4209.26
2021-03-29,AMZN,3988.81,3998.64,3931.67,3965.15,5683572,3965.15
2021-03-30,AMZN,3951.82,4061.67,3905.52,3983.59,1992933,3983.59
2021-03-31,AMZN,3986.58,3997.27,3928.39,3962.83,2842177,3962.83
2021-04-01,AMZN,3864.45,3940.49,3847.56,3894.03,3646413,3894.03
2021-04-02,AMZN,3887.56,3988.5,3845.41,3916.96,3963880,3916.96
2021-04-05,AMZN,4037.11,4059.85,3942.68,4001.27,3059520,4001.27
2021-04-06,AMZN,3993.22,4046.33,3889.43,3967.88,5760958,3967.88
2021-04-07,AMZN,3905.79,3996.22,3807.18,3901.7,8831048,3901.7
2021-04-08,AMZN,3943.4,3943.4,3885.35,3914.04,4309229,3914.04
2021-04-09,AMZN,3859.19,3895.13,3748.44,3821.79,4137247,3821.79
2021-04-12,AMZN,3785.69,3813.62,3741.05,3777.34,5618568,3777.34
2021-04-13,AMZN,3870.82,3913.42,3810.77,3862.1,1896402,3862.1
2021-04-14,AMZN,3886.83,3889.03,3845.27,3867.15,4045810,3867.15
2021-04-15,AMZN,3719.18,3768.07,3710.35,3739.21,5917468,3739.21
2021-04-16,AMZN,3596.77,3662.14,3579.62,3620.88,3092663,3620.88
2021-04-19,AMZN,3651.0,3675.15,3589.14,3632.14,2448976,3632.14
2021-04-20,AMZN,3678.21,3774.49,3604.83,3689.66,3713489,3689.66
2021-04-21,AMZN,3558.29,3655.55,3513.35,3584.45,3904072,3584.45
2021-04-22,AMZN,3600.88,3702.61,3525.92,3614.26,2781063,3614.26
2021-04-23,AMZN,3692.08,3765.42,3639.68,3702.55,9251251,3702.55
2021-04-26,AMZN,3866.9,3868.93,3793.57,3831.25,3302949,3831.25
2021-04-27,AMZN,3870.15,3899.42,3810.35,3854.88,2521441,3854.88
2021-04-28,AMZN,3893.34,3935.29,3846.6,3890.94,3852975,3890.94
2021-04-29,AMZN,3780.2,3788.26,3701.9,3745.08,5751373,3745.08
2021-04-30,AMZN,3921.43,3961.87,3818.26,3890.06,4027960,3890.06
2021-05-03,AMZN,3851.62,3910.83,3790.57,3850.7,4857538,3850.7
2021-05-04,AMZN,3817.98,3835.38,3739.12,3787.25,2822689,3787.25
2021-05-05,AMZN,3763.39,3800.7,3740.51,3770.6,7252670,3770.6
2021-05-06,AMZN,3854.44,3896.43,3854.25,3875.34,5007710,3875.34
2021-05-07,AMZN,4011.66,4071.04,3995.4,4033.22,6082251,4033.22
2021-05-10,AMZN,4056.22,4072.0,4014.19,4043.1,4629082,4043.1
2021-05-11,AMZN,4117.25,4202.43,4031.9,4117.16,5563614,4117.16
2021-05-12,AMZN,4134.24,4151.02,4091.26,4121.14,2820948,4121.14
2021-05-13,AMZN,4060.69,4124.46,3966.81,4045.63,3286194,4045.63
2021-05-14,AMZN,4115.7,4208.22,4102.57,4155.39,6854371,4155.39
2021-05-17,AMZN,4073.24,4136.47,4073.24,4109.89,7464744,4109.89
2021-05-18,AMZN,4228.63,4315.69,4136.05,4225.87,2528100,4225.87
2021-05-19,AMZN,4299.88,4398.41,4254.83,4326.62,4420216,4326.62
2021-05-20,AMZN,4387.13,4418.04,4333.02,4375.53,3366645,4375.53
2021-05-21,AMZN,4527.54,4626.37,4419.28,4522.82,3026726,4522.82
2021-05-24,AMZN,4717.22,4736.96,4681.34,4709.15,4482721,4709.15
2021-05-25,AMZN,4676.65,4737.63,4652.77,4695.2,6313432,4695.2
2021-05-26,AMZN,4641.15,4720.96,4535.46,4628.21,4792055,4628.21
2021-05-27,AMZN,4505.82,4562.21,4390.43,4476.32,3520099,4476.32
2021-05-28,AMZN,4708.2,4712.04,4611.48,4661.76,4914739,4661.76
2021-05-31,AMZN,4657.2,4657.2,4597.02,4625.88,3463584,4625.88
2021-06-01,AMZN,4727.68,4826.91,4617.6,4722.25,4716844,4722.25
2021-06-02,AMZN,4631.96,4713.08,4608.0,4660.54,6992797,4660.54
2021-06-03,AMZN,4809.68,4835.01,4749.57,4792.29,1742691,4792.29
2021-06-04,AMZN,4774.59,4805.68,4660.65,4733.16,5502460,4733.16
2021-06-07,AMZN,4606.88,4741.11,4526.07,4633.59,2161218,4633.59
2021-06-08,AMZN,4594.56,4644.2,4589.99,4617.1,6537961,4617.1
2021-06-09,AMZN,4541.86,4666.9,4481.05,4573.97,3100254,4573.97
2021-06-10,AMZN,4646.09,4700.27,4548.13,4624.2,2457699,4624.2
2021-06-11,AMZN,4612.16,4683.21,4558.37,4620.79,5282513,4620.79
2021-06-14,AMZN,4633.3,4767.11,4581.25,4674.18,4627248,4674.18
2021-06-15,AMZN,4685.5,4763.72,4537.54,4650.63,2682152,4650.63
2021-06-16,AMZN,4601.45,4640.2,4552.1,4596.15,2423213,4596.15
2021-06-17,AMZN,4533.61,4584.79,4513.16,4548.98,3711001,4548.98
2021-06-18,AMZN,4705.7,4830.21,4610.64,4720.43,2471090,4720.43
2021-06-21,AMZN,4720.6,4827.62,4653.36,4740.49,2616153,4740.49
2021-06-22,AMZN,4570.99,4638.02,4512.11,4575.06,4189337,4575.06
2021-06-23,AMZN,4518.5,4607.92,4458.64,4533.28,2718134,4533.28
2021-06-24,AMZN,4546.4,4632.48,4451.6,4542.04,4744139,4542.04
2021-06-25,AMZN,4722.02,4792.42,4600.24,4696.33,7259796,4696.33
2021-06-28,AMZN,4801.7,4896.96,4673.04,4785.0,3769235,4785.0
2021-06-29,AMZN,4687.8,4770.87,4643.43,4707.15,4213757,4707.15
2021-06-30,AMZN,4920.33,4970.95,4864.06,4917.51,8966837,4917.51
2021-07-01,AMZN,4949.11,5003.14,4828.21,4915.67,2487439,4915.67
2021-07-02,AMZN,4984.72,5095.09,4961.2,5028.14,6441673,5028.14
2021-07-05,AMZN,4884.07,5008.82,4842.41,4925.61,6138849,4925.61
2021-07-06,AMZN,4723.7,4781.63,4655.17,4718.4,5629503,4718.4
2021-07-07,AMZN,4613.95,4638.23,4564.06,4601.15,6705938,4601.15
2021-07-08,AMZN,4315.44,4402.95,4278.04,4340.49,4475080,4340.49
2021-07-09,AMZN,4531.65,4594.4,4424.67,4509.53,3168069,4509.53
2021-07-12,AMZN,4541.08,4622.85,4432.81,4527.83,6197361,4527.83
2021-07-13,AMZN,4491.64,4520.15,4387.72,4453.93,6292958,4453.93
2021-07-14,AMZN,4461.48,4528.51,4453.91,4491.21,6224044,4491.21
2021-07-15,AMZN,4530.05,4567.31,4447.47,4507.39,4071840,4507.39
2021-07-16,AMZN,4520.95,4653.4,4464.42,4558.91,3003614,4558.91
2021-07-19,AMZN,4666.21,4721.91,4598.35,4660.13,4318202,4660.13
2021-07-20,AMZN,4641.56,4724.52,4548.97,4636.75,5830987,4636.75
2021-07-21,AMZN,4554.56,4633.88,4495.62,4564.75,6025708,4564.75
2021-07-22,AMZN,4666.08,4679.67,4588.62,4634.14,3368353,4634.14
2021-07-23,AMZN,4655.83,4800.83,4604.05,4702.44,4537805,4702.44
2021-07-26,AMZN,4713.76,4743.36,4680.36,4711.86,2369746,4711.86
2021-07-27,AMZN,4873.41,4977.09,4825.18,4901.13,5931483,4901.13
2021-07-28,AMZN,4887.26,4908.21,4818.94,4863.58,2924053,4863.58
2021-07-29,AMZN,4742.59,4816.68,4742.59,4786.33,5476118,4786.33
2021-07-30,AMZN,4855.38,4896.03,4750.76,4823.4,2525837,4823.4
2021-08-02,AMZN,4798.27,4837.5,4694.6,4766.05,6042759,4766.05
2021-08-03,AMZN,4841.67,4901.7,4717.6,4809.65,4549550,4809.65
2021-08-04,AMZN,4706.03,4833.24,4644.68,4738.96,2926336,4738.96
2021-08-05,AMZN,4718.1,4797.86,4613.8,4705.83,5274252,4705.83
2021-08-06,AMZN,4822.37,4933.9,4805.43,4869.67,3158665,4869.67
2021-08-09,AMZN,4868.8,4920.41,4749.89,4835.15,5398474,4835.15
2021-08-10,AMZN,4788.28,4845.86,4688.18,4767.02,3584610,4767.02
2021-08-11,AMZN,4872.49,4934.86,4804.05,4869.45,2009479,4869.45
2021-08-12,AMZN,4801.13,4860.07,4698.11,4779.09,2700205,4779.09
2021-08-13,AMZN,4682.44,4833.78,4607.7,4720.74,3367358,4720.74
2021-08-16,AMZN,4773.62,4813.14,4728.63,4770.89,6914149,4770.89
2021-08-17,AMZN,4832.81,4965.25,4740.89,4853.07,5735940,4853.07
2021-08-18,AMZN,5008.7,5008.7,4931.68,4961.8,7658674,4961.8
2021-08-19,AMZN,4931.4,4951.11,4841.75,4896.43,7750430,4896.43
2021-08-20,AMZN,4973.27,5003.45,4896.89,4950.17,3229715,4950.17
2021-08-23,AMZN,4952.33,4995.79,4823.68,4909.74,3709509,4909.74
2021-08-24,AMZN,4842.54,4894.45,4820.38,4857.41,3393230,4857.41
2021-08-25,AMZN,5004.5,5077.13,4852.26,4964.7,3057782,4964.7
2021-08-26,AMZN,4899.57,5022.81,4810.69,4916.75,1914959,4916.75
2021-08-27,AMZN,4965.38,5031.53,4853.2,4942.36,3976473,4942.36
2021-08-30,AMZN,4980.6,5027.39,4886.92,4957.16,2391852,4957.16
2021-08-31,AMZN,4816.59,4978.51,4748.38,4863.44,3945696,4863.44
2021-09-01,AMZN,4935.93,5056.67,4842.7,4949.69,9324102,4949.69
2021-09-02,AMZN,4952.73,5075.74,4925.85,5000.8,3262704,5000.8
2021-09-03,AMZN,4874.05,4917.94,4734.19,4826.07,4324099,4826.07
2021-09-06,AMZN,4814.48,4930.4,4771.88,4851.14,5748584,4851.14
2021-09-07,AMZN,4789.11,4865.2,4704.82,4785.01,4474572,4785.01
2021-09-08,AMZN,4909.72,4938.08,4824.64,4881.36,4496449,4881.36
2021-09-09,AMZN,4728.47,4824.64,4689.14,4756.89,3460224,4756.89
2021-09-10,AMZN,4725.94,4758.38,4696.33,4727.35,3645680,4727.35
2021-09-13,AMZN,4769.38,4816.96,4701.35,4759.16,2724514,4759.16
2021-09-14,AMZN,4732.33,4854.84,4674.58,4764.71,5610906,4764.71
2021-09-15,AMZN,4858.42,4947.77,4715.24,4831.5,1993112,4831.5
2021-09-16,AMZN,4683.25,4816.2,4588.04,4702.12,5898686,4702.12
2021-09-17,AMZN,4816.95,4923.02,4766.87,4844.95,2281458,4844.95
2021-09-20,AMZN,4897.58,4975.69,4808.07,4891.88,5878709,4891.88
2021-09-21,AMZN,5005.04,5057.72,4970.34,5014.03,3472126,5014.03
2021-09-22,AMZN,5137.34,5190.83,4998.2,5094.51,2443782,5094.51
2021-09-23,AMZN,5133.13,5133.13,5061.74,5094.41,5043063,5094.41
2021-09-24,AMZN,4977.28,5032.18,4925.69,4978.93,5799672,4978.93
2021-09-27,AMZN,4915.73,5020.15,4839.07,4929.61,3357050,4929.61
2021-09-28,AMZN,5055.94,5130.5,5016.79,5073.65,5336332,5073.65
2021-09-29,AMZN,5178.56,5233.94,5171.54,5202.74,1603615,5202.74
2021-09-30,AMZN,5150.59,5257.35,5034.66,5146.01,2358570,5146.01
2021-10-01,AMZN,4922.22,4947.21,4837.56,4892.38,6707712,4892.38
2021-10-04,AMZN,4856.16,4905.13,4844.08,4874.61,3657671,4874.61
2021-10-05,AMZN,4820.28,4881.84,4818.83,4850.34,1899154,4850.34
2021-10-06,AMZN,4827.12,4877.95,4781.02,4829.49,3024506,4829.49
2021-10-07,AMZN,4834.54,4918.32,4834.54,4876.57,2764705,4876.57
2021-10-08,AMZN,4974.97,5056.53,4853.52,4955.02,3743083,4955.02
2021-10-11,AMZN,5046.94,5102.77,4987.41,5045.09,3448688,5045.09
2021-10-12,AMZN,5086.32,5193.98,4979.39,5086.68,4296784,5086.68
2021-10-13,AMZN,4905.72,4967.13,4883.62,4925.37,3890384,4925.37
2021-10-14,AMZN,4935.76,4968.88,4823.39,4896.14,6890819,4896.14
2021-10-15,AMZN,5062.62,5200.19,5008.67,5104.43,4740363,5104.43
2021-10-18,AMZN,5177.91,5232.62,5047.17,5139.89,4803587,5139.89
2021-10-19,AMZN,5162.25,5263.1,5086.92,5175.01,6374828,5175.01
2021-10-20,AMZN,5249.24,5331.99,5087.18,5209.58,3423922,5209.58
2021-10-21,AMZN,5273.69,5299.91,5199.42,5249.67,2414623,5249.67
2021-10-22,AMZN,4990.36,5105.01,4955.36,5030.18,6482346,5030.18
2021-10-25,AMZN,5042.7,5123.1,4895.87,5009.49,4223360,5009.49
2021-10-26,AMZN,5025.25,5039.85,4974.18,5007.01,4229293,5007.01
2021-10-27,AMZN,5076.88,5156.17,5076.88,5124.81,3104840,5124.81
2021-10-28,AMZN,5092.59,5179.77,5080.59,5130.18,3125368,5130.18
2021-10-29,AMZN,4994.81,5069.27,4893.33,4981.3,5612427,4981.3
2021-11-01,AMZN,5037.29,5072.16,4969.76,5020.96,5930785,5020.96
2021-11-02,AMZN,4974.18,4993.34,4906.18,4949.76,5472982,4949.76
2021-11-03,AMZN,4864.78,4912.1,4774.78,4843.44,5493024,4843.44
2021-11-04,AMZN,4787.38,4854.58,4689.73,4772.16,5022391,4772.16
2021-11-05,AMZN,4845.56,4867.95,4771.83,4819.89,4216070,4819.89
2021-11-08,AMZN,4938.68,4985.59,4876.96,4931.27,3729008,4931.27
2021-11-09,AMZN,4951.46,5061.19,4889.33,4975.26,6491047,4975.26
2021-11-10,AMZN,5074.64,5153.5,4912.77,5033.13,3444593,5033.13
2021-11-11,AMZN,5028.2,5171.03,4983.23,5077.13,4638013,5077.13
2021-11-12,AMZN,5073.77,5192.45,4982.26,5087.35,2899937,5087.35
2021-11-15,AMZN,5176.13,5216.1,5088.98,5152.54,3072755,5152.54
2021-11-16,AMZN,4926.76,4985.49,4882.42,4933.95,3639449,4933.95
2021-11-17,AMZN,4897.76,5014.4,4875.11,4944.76,2900023,4944.76
2021-11-18,AMZN,4811.4,4956.15,4750.92,4853.53,5503779,4853.53
2021-11-19,AMZN,4971.87,5027.16,4887.11,4957.13,2332826,4957.13
2021-11-22,AMZN,4990.92,5053.41,4836.48,4944.95,4161960,4944.95
2021-11-23,AMZN,4953.77,5071.24,4826.03,4948.63,4217732,4948.63
2021-11-24,AMZN,4817.93,4848.3,4786.25,4817.27,1938616,4817.27
2021-11-25,AMZN,4889.35,4936.17,4878.19,4907.18,3353098,4907.18
2021-11-26,AMZN,4939.68,5003.51,4924.17,4963.84,4430773,4963.84
2021-11-29,AMZN,4966.75,5078.42,4951.17,5014.79,4748294,5014.79
2021-11-30,AMZN,4920.42,4980.54,4905.2,4942.87,3686109,4942.87
2021-12-01,AMZN,4870.47,4984.7,4766.16,4875.43,5243816,4875.43
2021-12-02,AMZN,4866.44,4922.76,4866.44,4896.01,3828862,4896.01
2021-12-03,AMZN,4796.18,4890.82,4781.37,4836.1,4021904,4836.1
2021-12-06,AMZN,4896.25,4917.4,4832.64,4875.02,4423609,4875.02
2021-12-07,AMZN,4726.94,4800.75,4579.09,4689.92,5795572,4689.92
2021-12-08,AMZN,4690.44,4735.33,4564.31,4649.82,3052641,4649.82
2021-12-09,AMZN,4814.9,4915.2,4691.92,4803.56,3292231,4803.56
2021-12-10,AMZN,4799.31,4961.01,4724.24,4842.62,3060981,4842.62
2021-12-13,AMZN,4881.5,4930.69,4785.51,4858.1,3502283,4858.1
2021-12-14,AMZN,4996.51,5084.56,4987.0,5035.78,7076561,5035.78
2021-12-15,AMZN,4845.73,4872.2,4786.48,4829.34,5029821,4829.34
2021-12-16,AMZN,4786.47,4804.9,4714.86,4759.88,2544307,4759.88
2021-12-17,AMZN,4747.87,4817.13,4635.9,4726.52,3145948,4726.52
2021-12-20,AMZN,4844.4,4844.4,4773.12,4801.01,4643188,4801.01
2021-12-21,AMZN,4901.44,4907.6,4848.8,4878.2,2783450,4878.2
2021-12-22,AMZN,4822.22,4886.1,4721.21,4803.65,2992647,4803.65
2021-12-23,AMZN,4868.33,4978.91,4804.37,4891.64,6850202,4891.64
2021-12-24,AMZN,4898.43,4946.08,4768.26,4857.17,3129721,4857.17
2021-12-27,AMZN,4933.38,5026.96,4903.45,4965.2,5860067,4965.2
2021-12-28,AMZN,4914.15,4977.63,4771.73,4874.68,6608942,4874.68
2021-12-29,AMZN,4846.56,4941.03,4788.54,4864.79,2982940,4864.79
2021-12-30,AMZN,4787.28,4857.25,4787.28,4822.96,2801932,4822.96
2021-12-31,AMZN,4948.56,5019.4,4813.48,4916.44,3581714,4916.44
2022-01-03,AMZN,4822.84,4988.52,4754.1,4871.31,2587891,4871.31
2022-01-04,AMZN,4900.84,4900.84,4838.31,4868.5,4198418,4868.5
2022-01-05,AMZN,4890.68,4977.07,4851.01,4914.04,3684127,4914.04
2022-01-06,AMZN,5001.63,5036.65,4890.23,4963.44,4620608,4963.44
2022-01-07,AMZN,5063.58,5084.27,5004.27,5044.27,6994133,5044.27
2022-01-10,AMZN,5081.26,5177.64,4951.21,5064.43,5547172,5064.43
2022-01-11,AMZN,5013.84,5081.09,4973.68,5027.39,4864628,5027.39
2022-01-12,AMZN,4952.75,5100.01,4893.54,4996.78,1821891,4996.78
2022-01-13,AMZN,5033.04,5092.13,4907.93,5000.03,4776197,5000.03
2022-01-14,AMZN,4990.42,5108.69,4938.28,5023.49,7967298,5023.49
2022-01-17,AMZN,4998.34,5055.45,4966.83,5011.14,1199716,5011.14
2022-01-18,AMZN,5023.88,5061.01,4966.61,5013.81,5270089,5013.81
2022-01-19,AMZN,4877.92,4908.67,4850.63,4879.65,3752982,4879.65
2022-01-20,AMZN,4909.78,4988.03,4891.07,4939.55,2847314,4939.55
2022-01-21,AMZN,4920.99,5015.64,4897.59,4956.61,5510998,4956.61
2022-01-24,AMZN,5009.72,5157.11,4938.41,5047.76,7926223,5047.76
2022-01-25,AMZN,5085.38,5110.96,4986.48,5048.72,5454203,5048.72
2022-01-26,AMZN,4848.26,4992.44,4795.77,4894.11,3448080,4894.11
2022-01-27,AMZN,4909.95,4930.61,4796.48,4863.55,2742600,4863.55
2022-01-28,AMZN,4817.76,4947.31,4746.67,4846.99,4238228,4846.99
2022-01-31,AMZN,4874.87,5033.66,4792.66,4913.16,5672115,4913.16
2022-02-01,AMZN,4741.62,4780.71,4687.95,4734.33,3426273,4734.33
2022-02-02,AMZN,4698.93,4844.16,4633.31,4738.73,3561355,4738.73
2022-02-03,AMZN,4793.45,4867.06,4700.24,4783.65,12367776,4783.65
2022-02-04,AMZN,4761.07,4828.84,4627.0,4727.92,6158019,4727.92
2022-02-07,AMZN,4692.35,4820.55,4649.78,4735.17,6336622,4735.17
2022-02-08,AMZN,4710.99,4746.02,4619.78,4682.9,2230397,4682.9
2022-02-09,AMZN,4612.92,4666.88,4578.48,4622.68,3014454,4622.68
2022-02-10,AMZN,4558.42,4619.06,4558.42,4589.68,4121293,4589.68
2022-02-11,AMZN,4502.83,4603.39,4460.99,4532.19,2680060,4532.19
2022-02-14,AMZN,4627.6,4703.01,4475.33,4589.17,7587129,4589.17
2022-02-15,AMZN,4494.43,4619.22,4440.2,4529.71,7031635,4529.71
2022-02-16,AMZN,4490.22,4508.99,4406.05,4457.52,3231273,4457.52
2022-02-17,AMZN,4606.59,4701.68,4503.36,4602.52,8165041,4602.52
2022-02-18,AMZN,4640.51,4779.14,4588.23,4683.69,3993202,4683.69
2022-02-21,AMZN,4526.98,4578.37,4482.03,4530.2,11268939,4530.2
2022-02-22,AMZN,4497.48,4497.48,4445.48,4469.11,4238327,4469.11
2022-02-23,AMZN,4509.81,4522.55,4456.44,4489.5,5036802,4489.5
2022-02-24,AMZN,4515.57,4618.42,4414.75,4516.58,7002419,4516.58
2022-02-25,AMZN,4429.52,4493.42,4302.28,4397.85,6668184,4397.85
2022-02-28,AMZN,4457.27,4540.34,4442.39,4491.37,4906629,4491.37
2022-03-01,AMZN,4596.82,4608.24,4510.63,4559.44,3780431,4559.44
2022-03-02,AMZN,4631.9,4695.97,4504.08,4600.02,4913307,4600.02
2022-03-03,AMZN,4734.27,4826.63,4602.64,4714.63,2885853,4714.63
2022-03-04,AMZN,4784.29,4851.92,4656.21,4754.07,4250972,4754.07
2022-03-07,AMZN,4797.71,4875.53,4711.48,4793.51,2566572,4793.51
2022-03-08,AMZN,4948.01,4979.32,4882.15,4930.74,1961955,4930.74
2022-03-09,AMZN,5036.49,5108.44,4952.35,5030.4,4081502,5030.4
2022-03-10,AMZN,4941.38,5003.63,4907.78,4955.71,6627353,4955.71
2022-03-11,AMZN,5020.36,5119.54,4907.37,5013.45,5792802,5013.45
2022-03-14,AMZN,4930.76,5017.92,4891.68,4954.8,3871064,4954.8
2022-03-15,AMZN,4994.93,5109.3,4892.52,5000.91,8045317,5000.91
2022-03-16,AMZN,5022.82,5108.67,4981.21,5044.94,3185692,5044.94
2022-03-17,AMZN,4884.67,5027.52,4816.05,4921.79,1857369,4921.79
2022-03-18,AMZN,4894.43,4969.23,4854.62,4911.93,1671052,4911.93
2022-03-21,AMZN,4971.11,5004.5,4868.23,4936.36,2493825,4936.36
2022-03-22,AMZN,4887.02,4983.47,4813.88,4898.67,5545264,4898.67
2022-03-23,AMZN,4951.87,4958.99,4895.86,4927.43,3103012,4927.43
2022-03-24,AMZN,4967.88,5120.19,4880.53,5000.36,4809907,5000.36
2022-03-25,AMZN,4991.0,5080.89,4916.21,4998.55,7727672,4998.55
2022-03-28,AMZN,4981.08,5095.83,4943.66,5019.74,2576045,5019.74
2022-03-29,AMZN,5110.08,5259.43,5035.13,5147.28,4843774,5147.28
2022-03-30,AMZN,5204.48,5308.15,5076.42,5192.29,4962350,5192.29
2022-03-31,AMZN,5223.27,5292.57,5131.57,5212.07,2834878,5212.07
2022-04-01,AMZN,5094.55,5244.56,5003.27,5123.92,6875598,5123.92
2022-04-04,AMZN,5184.5,5219.81,5154.51,5187.16,3565169,5187.16
2022-04-05,AMZN,5256.98,5256.98,5181.14,5219.06,3430798,5219.06
2022-04-06,AMZN,5307.25,5432.54,5251.59,5342.06,9308608,5342.06
2022-04-07,AMZN,5296.16,5412.18,5282.97,5347.58,4930306,5347.58
2022-04-08,AMZN,5192.29,5250.5,5102.61,5176.55,5791611,5176.55
2022-04-11,AMZN,4976.64,5079.54,4963.42,5021.48,6877474,5021.48
2022-04-12,AMZN,5138.23,5156.02,5022.73,5089.38,3083621,5089.38
2022-04-13,AMZN,5049.4,5146.44,4930.27,5038.35,6594413,5038.35
2022-04-14,AMZN,5076.07,5164.76,4993.39,5079.08,3272442,5079.08
2022-04-15,AMZN,5083.36,5217.48,4963.5,5090.49,3216986,5090.49
2022-04-18,AMZN,5083.6,5181.44,4970.91,5076.18,3587639,5076.18
2022-04-19,AMZN,5026.84,5121.42,5015.25,5068.33,3118862,5068.33
2022-04-20,AMZN,5033.86,5042.27,4939.59,4990.93,5557547,4990.93
2022-04-21,AMZN,5002.99,5048.93,4931.98,4990.45,4451221,4990.45
2022-04-22,AMZN,4907.94,5047.15,4831.16,4939.15,3286438,4939.15
2022-04-25,AMZN,4913.23,4934.31,4879.88,4907.09,5238820,4907.09
2022-04-26,AMZN,4843.71,4926.37,4832.64,4879.5,3583075,4879.5
2022-04-27,AMZN,4813.65,4972.82,4748.28,4860.55,3508070,4860.55
2022-04-28,AMZN,4955.73,5030.8,4854.86,4942.83,4078657,4942.83
2022-04-29,AMZN,4946.87,4979.26,4885.19,4932.22,4814722,4932.22
2022-05-02,AMZN,5033.31,5072.04,4977.75,5024.9,4675019,5024.9
2022-05-03,AMZN,5134.2,5281.88,5051.93,5166.91,3459052,5166.91
2022-05-04,AMZN,5258.88,5368.07,5127.97,5248.02,5613300,5248.02
2022-05-05,AMZN,5252.74,5353.4,5246.1,5299.75,3659537,5299.75
2022-05-06,AMZN,5343.67,5403.53,5260.52,5332.02,3078063,5332.02
2022-05-09,AMZN,5422.6,5534.24,5299.25,5416.74,2223507,5416.74
2022-05-10,AMZN,5443.33,5537.29,5315.68,5426.48,5927281,5426.48
2022-05-11,AMZN,5568.25,5642.1,5407.0,5524.55,4019873,5524.55
2022-05-12,AMZN,5626.16,5672.87,5501.15,5587.01,4352033,5587.01
2022-05-13,AMZN,5605.35,5680.96,5423.0,5551.98,6077634,5551.98
2022-05-16,AMZN,5697.05,5708.3,5578.29,5643.29,3304654,5643.29
2022-05-17,AMZN,5684.45,5699.64,5607.67,5653.66,2308353,5653.66
2022-05-18,AMZN,5695.45,5752.15,5535.71,5643.93,4113221,5643.93
2022-05-19,AMZN,5637.92,5685.17,5508.45,5596.81,4524372,5596.81
2022-05-20,AMZN,5640.17,5738.65,5490.58,5614.61,3600795,5614.61
2022-05-23,AMZN,5668.75,5755.17,5668.75,5717.3,7212310,5717.3
2022-05-24,AMZN,5758.21,5937.71,5683.51,5810.61,1479682,5810.61
2022-05-25,AMZN,5888.28,5912.35,5785.24,5848.79,6260856,5848.79
2022-05-26,AMZN,5912.15,6020.39,5806.36,5913.38,5489053,5913.38
2022-05-27,AMZN,6089.51,6089.51,6016.32,6051.43,4801856,6051.43
2022-05-30,AMZN,6013.67,6140.03,5932.48,6036.26,1053305,6036.26
2022-05-31,AMZN,5905.27,6031.86,5802.91,5917.38,6684890,5917.38
2022-06-01,AMZN,6083.0,6133.72,5983.77,6058.75,2653078,6058.75
2022-06-02,AMZN,6052.23,6058.24,5946.5,6002.37,3264862,6002.37
2022-06-03,AMZN,5880.48,6022.77,5835.96,5929.36,3736156,5929.36
2022-06-06,AMZN,5783.31,5866.19,5617.41,5741.8,4707992,5741.8
2022-06-07,AMZN,5836.24,5868.8,5735.68,5802.24,5165828,5802.24
2022-06-08,AMZN,5615.61,5693.05,5579.76,5636.4,5716922,5636.4
2022-06-09,AMZN,5545.74,5620.68,5503.01,5561.84,5543553,5561.84
2022-06-10,AMZN,5571.11,5756.94,5487.27,5622.1,4425862,5622.1
2022-06-13,AMZN,5641.53,5766.12,5627.29,5696.71,4724035,5696.71
2022-06-14,AMZN,5628.74,5659.89,5602.77,5631.33,2585691,5631.33
2022-06-15,AMZN,5573.35,5734.74,5502.87,5618.8,2962056,5618.8
2022-06-16,AMZN,5498.42,5637.31,5427.25,5532.28,5722915,5532.28
2022-06-17,AMZN,5516.97,5520.45,5437.49,5478.97,5591111,5478.97
2022-06-20,AMZN,5514.14,5642.32,5370.33,5506.32,5343143,5506.32
2022-06-21,AMZN,5472.44,5551.52,5364.19,5457.85,3256091,5457.85
2022-06-22,AMZN,5400.96,5516.54,5353.33,5434.93,5757430,5434.93
2022-06-23,AMZN,5329.31,5361.46,5227.57,5294.51,2513802,5294.51
2022-06-24,AMZN,5444.38,5528.77,5280.45,5404.61,6154837,5404.61
2022-06-27,AMZN,5458.03,5509.38,5401.59,5455.48,3603645,5455.48
2022-06-28,AMZN,5580.61,5594.25,5475.63,5534.94,7845675,5534.94
2022-06-29,AMZN,5705.15,5708.28,5623.87,5666.08,2176498,5666.08
2022-06-30,AMZN,5609.42,5696.28,5470.9,5583.59,8098314,5583.59
2022-07-01,AMZN,5574.7,5642.56,5454.89,5548.72,3461522,5548.72
2022-07-04,AMZN,5321.34,5455.83,5271.52,5363.67,3436668,5363.67
2022-07-05,AMZN,5650.65,5729.86,5623.48,5676.67,4324211,5676.67
2022-07-06,AMZN,5613.42,5764.53,5560.41,5662.47,3026669,5662.47
2022-07-07,AMZN,5713.72,5887.61,5653.23,5770.42,3885931,5770.42
2022-07-08,AMZN,5605.73,5712.92,5575.68,5644.3,2977975,5644.3
2022-07-11,AMZN,5791.26,5868.38,5626.67,5747.52,3021849,5747.52
2022-07-12,AMZN,5913.15,6015.25,5872.88,5944.07,4860050,5944.07
2022-07-13,AMZN,5994.58,6058.48,5819.0,5938.74,2788958,5938.74
2022-07-14,AMZN,5844.1,5865.85,5799.65,5832.75,2941785,5832.75
2022-07-15,AMZN,5788.71,5912.54,5726.05,5819.29,2309839,5819.29
2022-07-18,AMZN,5591.39,5728.09,5455.32,5591.71,3269777,5591.71
2022-07-19,AMZN,5557.55,5726.57,5451.32,5588.95,6759407,5588.95
2022-07-20,AMZN,5728.13,5733.55,5612.88,5673.22,2851715,5673.22
2022-07-21,AMZN,5710.02,5749.05,5592.22,5670.63,2985123,5670.63
2022-07-22,AMZN,5589.3,5678.09,5589.3,5642.77,4322626,5642.77
2022-07-25,AMZN,5748.7,5825.69,5569.67,5697.68,3448625,5697.68
2022-07-26,AMZN,5786.52,5855.36,5666.73,5761.05,9752816,5761.05
2022-07-27,AMZN,5545.8,5663.55,5521.48,5592.51,3748227,5592.51
2022-07-28,AMZN,5621.63,5643.16,5561.87,5602.51,4573970,5602.51
2022-07-29,AMZN,5871.94,5994.87,5714.6,5854.74,5834577,5854.74
2022-08-01,AMZN,5684.65,5806.01,5627.59,5716.8,5789960,5716.8
2022-08-02,AMZN,5738.6,5769.94,5648.24,5709.09,4391230,5709.09
2022-08-03,AMZN,5864.43,5984.25,5842.28,5913.27,3750328,5913.27
2022-08-04,AMZN,6031.83,6095.93,5970.28,6033.11,8988138,6033.11
2022-08-05,AMZN,5920.13,6080.59,5876.88,5978.73,3843526,5978.73
2022-08-08,AMZN,6058.36,6143.73,5860.44,6002.09,3352204,6002.09
2022-08-09,AMZN,6033.19,6135.86,5870.12,6002.99,3089331,6002.99
2022-08-10,AMZN,5883.39,6007.97,5839.65,5923.81,2004857,5923.81
2022-08-11,AMZN,5898.27,6044.4,5789.62,5917.01,5556345,5917.01
2022-08-12,AMZN,5848.4,5967.64,5809.1,5888.37,1563719,5888.37
2022-08-15,AMZN,5932.92,5960.73,5842.16,5901.45,3990853,5901.45
2022-08-16,AMZN,5772.2,5967.23,5679.92,5823.58,3685293,5823.58
2022-08-17,AMZN,5731.11,5755.41,5629.29,5692.35,9799000,5692.35
2022-08-18,AMZN,5739.51,5754.47,5623.91,5689.19,1922514,5689.19
2022-08-19,AMZN,5889.4,6014.18,5723.17,5868.67,2789473,5868.67
2022-08-22,AMZN,5844.72,5923.61,5833.33,5878.47,3788066,5878.47
2022-08-23,AMZN,5828.23,5962.71,5726.46,5844.58,3696116,5844.58
2022-08-24,AMZN,5922.87,6066.1,5785.04,5925.57,3210660,5925.57
2022-08-25,AMZN,5922.19,5999.86,5819.78,5909.82,3872495,5909.82
2022-08-26,AMZN,6133.68,6143.94,6082.19,6113.06,2416860,6113.06
2022-08-29,AMZN,6120.41,6190.21,6037.35,6113.78,4614352,6113.78
2022-08-30,AMZN,6174.11,6237.3,6147.74,6192.52,1580435,6192.52
2022-08-31,AMZN,6157.9,6191.54,6028.72,6110.13,3958980,6110.13
2022-09-01,AMZN,6115.24,6295.14,6038.59,6166.87,3146062,6166.87
2022-09-02,AMZN,6194.46,6284.03,6113.26,6198.65,6006303,6198.65
2022-09-05,AMZN,6227.64,6277.98,6109.04,6193.51,8072141,6193.51
2022-09-06,AMZN,6085.06,6238.03,6039.92,6138.98,3503888,6138.98
2022-09-07,AMZN,6094.95,6170.99,5969.05,6070.02,6976760,6070.02
2022-09-08,AMZN,6141.11,6237.11,5967.08,6102.09,3524885,6102.09
2022-09-09,AMZN,6192.58,6241.66,6103.8,6172.73,2717857,6172.73
2022-09-12,AMZN,6099.77,6291.8,6027.75,6159.77,8041823,6159.77
2022-09-13,AMZN,6153.25,6293.93,6091.81,6192.87,4926382,6192.87
2022-09-14,AMZN,6170.26,6257.96,6121.66,6189.81,4007107,6189.81
2022-09-15,AMZN,6168.93,6269.58,6134.34,6201.96,5265443,6201.96
2022-09-16,AMZN,6237.98,6256.33,6105.24,6180.79,4463710,6180.79
2022-09-19,AMZN,6202.7,6291.88,6076.02,6183.95,3890768,6183.95
2022-09-20,AMZN,6466.54,6555.34,6430.47,6492.9,2353068,6492.9
2022-09-21,AMZN,6586.78,6683.52,6377.79,6530.66,3589739,6530.66
2022-09-22,AMZN,6639.99,6717.22,6499.17,6608.2,5132518,6608.2
2022-09-23,AMZN,6633.06,6817.64,6505.87,6661.76,3808311,6661.76
2022-09-26,AMZN,6615.5,6670.87,6592.25,6631.56,5738653,6631.56
2022-09-27,AMZN,6748.3,6869.58,6708.65,6789.11,4663453,6789.11
2022-09-28,AMZN,6818.53,6818.53,6718.04,6754.89,2815218,6754.89
2022-09-29,AMZN,6888.08,6957.62,6813.77,6885.7,2359914,6885.7
2022-09-30,AMZN,6899.91,6997.93,6693.44,6845.68,3756256,6845.68
2022-10-03,AMZN,6709.02,6768.25,6691.1,6729.68,3243337,6729.68
2022-10-04,AMZN,6824.25,6868.34,6682.38,6775.36,4575990,6775.36
2022-10-05,AMZN,6583.94,6692.05,6583.94,6643.22,3001281,6643.22
2022-10-06,AMZN,6773.52,6798.31,6619.36,6708.84,3127198,6708.84
2022-10-07,AMZN,6621.52,6710.42,6424.39,6567.4,6095326,6567.4
2022-10-10,AMZN,6513.16,6645.07,6416.99,6531.03,4244294,6531.03
2022-10-11,AMZN,6401.04,6491.7,6240.43,6366.06,3019839,6366.06
2022-10-12,AMZN,6733.11,6779.58,6619.04,6699.31,4028326,6699.31
2022-10-13,AMZN,6556.22,6659.39,6348.66,6504.03,6943867,6504.03
2022-10-14,AMZN,6481.32,6631.22,6381.57,6506.4,4498792,6506.4
2022-10-17,AMZN,6638.35,6732.19,6553.68,6642.93,5070678,6642.93
2022-10-18,AMZN,6818.71,6860.87,6677.71,6769.29,2960625,6769.29
2022-10-19,AMZN,6913.42,7035.81,6714.42,6875.12,6030694,6875.12
2022-10-20,AMZN,6822.69,6950.26,6724.25,6837.26,10110103,6837.26
2022-10-21,AMZN,7055.34,7140.91,6872.87,7006.89,2914526,7006.89
2022-10-24,AMZN,7059.83,7219.43,7029.34,7124.38,2493124,7124.38
2022-10-25,AMZN,7193.35,7220.77,7085.24,7153.0,4290963,7153.0
2022-10-26,AMZN,7143.26,7325.31,7045.49,7185.4,5677417,7185.4
2022-10-27,AMZN,7116.97,7270.17,7024.91,7147.54,3856416,7147.54
2022-10-28,AMZN,7031.83,7138.46,6927.1,7032.78,2624818,7032.78
2022-10-31,AMZN,7185.27,7318.23,7066.77,7192.5,3829984,7192.5
2022-11-01,AMZN,7368.83,7433.31,7298.28,7365.79,5081117,7365.79
2022-11-02,AMZN,7257.36,7402.26,7099.48,7250.87,3399001,7250.87
2022-11-03,AMZN,7207.81,7405.49,7058.88,7232.18,5099774,7232.18
2022-11-04,AMZN,7168.03,7379.55,7050.23,7214.89,6373690,7214.89
2022-11-07,AMZN,7250.73,7294.43,7129.58,7212.01,4403442,7212.01
2022-11-08,AMZN,7207.27,7316.47,7126.97,7221.72,3955532,7221.72
2022-11-09,AMZN,7348.09,7502.76,7191.71,7347.24,5573548,7347.24
2022-11-10,AMZN,7271.42,7372.99,7127.89,7250.44,2840141,7250.44
2022-11-11,AMZN,7200.68,7256.14,7028.19,7142.17,2730297,7142.17
2022-11-14,AMZN,7334.62,7476.19,7132.41,7304.3,3595436,7304.3
2022-11-15,AMZN,7179.22,7358.98,7131.19,7245.09,3285577,7245.09
2022-11-16,AMZN,7131.53,7191.93,6975.19,7083.56,2900715,7083.56
2022-11-17,AMZN,7092.03,7092.03,6982.28,7023.3,8318498,7023.3
2022-11-18,AMZN,6979.16,7027.62,6938.4,6983.01,9536167,6983.01
2022-11-21,AMZN,7250.03,7250.03,7145.59,7182.57,3472283,7182.57
2022-11-22,AMZN,7311.42,7474.45,7134.57,7304.51,4149475,7304.51
2022-11-23,AMZN,7452.33,7556.57,7360.15,7458.36,3710465,7458.36
2022-11-24,AMZN,7545.15,7679.48,7461.88,7570.68,6229487,7570.68
2022-11-25,AMZN,7726.45,7870.92,7533.44,7702.18,6743321,7702.18
2022-11-28,AMZN,7567.69,7739.56,7478.05,7608.8,1964796,7608.8
2022-11-29,AMZN,7523.16,7713.43,7452.72,7583.08,4838954,7583.08
2022-11-30,AMZN,7380.11,7531.99,7369.11,7450.55,2371602,7450.55
2022-12-01,AMZN,7392.95,7584.71,7262.84,7423.77,8081707,7423.77
2022-12-02,AMZN,7501.5,7579.69,7454.65,7517.17,4770225,7517.17
2022-12-05,AMZN,7544.67,7582.51,7491.12,7536.82,2877594,7536.82
2022-12-06,AMZN,7686.31,7786.47,7650.14,7718.3,3631935,7718.3
2022-12-07,AMZN,7635.98,7641.08,7484.46,7562.77,3563358,7562.77
2022-12-08,AMZN,7600.82,7713.87,7551.35,7632.61,4934935,7632.61
2022-12-09,AMZN,7455.61,7601.84,7327.0,7464.42,6068184,7464.42
2022-12-12,AMZN,7419.15,7548.46,7408.52,7478.49,2526945,7478.49
2022-12-13,AMZN,7543.95,7720.73,7439.76,7580.24,8346115,7580.24
2022-12-14,AMZN,7484.23,7603.98,7484.23,7552.45,7603209,7552.45
2022-12-15,AMZN,7638.26,7689.79,7568.57,7629.18,2818387,7629.18
2022-12-16,AMZN,7537.59,7613.75,7386.1,7499.93,4118195,7499.93
2022-12-19,AMZN,7235.72,7450.66,7109.4,7280.03,7929720,7280.03
2022-12-20,AMZN,7335.34,7517.98,7191.56,7354.77,6549978,7354.77
2022-12-21,AMZN,7517.36,7775.77,7405.72,7590.74,3495922,7590.74
2022-12-22,AMZN,7507.9,7591.57,7322.96,7457.27,5540198,7457.27
2022-12-23,AMZN,7667.26,7765.75,7483.39,7624.57,13265592,7624.57
2022-12-26,AMZN,7565.3,7765.53,7498.41,7631.97,4171844,7631.97
2022-12-27,AMZN,7431.93,7582.15,7321.98,7452.07,3105687,7452.07
2022-12-28,AMZN,7369.7,7369.7,7245.19,7303.2,4285607,7303.2
2022-12-29,AMZN,7290.87,7422.64,7190.66,7306.65,4414591,7306.65
2022-12-30,AMZN,7258.81,7347.3,7162.72,7255.01,3242937,7255.01
2023-01-02,AMZN,7066.38,7185.06,6988.74,7086.9,4772853,7086.9
2023-01-03,AMZN,6888.57,6981.73,6768.98,6875.35,2421855,6875.35
2023-01-04,AMZN,6837.4,6837.4,6721.38,6772.63,3065101,6772.63
2023-01-05,AMZN,6865.22,6880.44,6714.72,6797.58,5417271,6797.58
2023-01-06,AMZN,6835.42,6840.69,6755.46,6798.07,1982474,6798.07
2023-01-09,AMZN,6725.39,6904.0,6572.57,6738.28,5740586,6738.28
2023-01-10,AMZN,6763.33,6813.94,6714.23,6764.09,1788722,6764.09
2023-01-11,AMZN,6873.45,6963.31,6823.09,6893.2,2001235,6893.2
2023-01-12,AMZN,7011.01,7102.08,6785.09,6943.58,3276261,6943.58
2023-01-13,AMZN,6958.53,7031.29,6828.19,6929.74,4486351,6929.74
2023-01-16,AMZN,7040.6,7102.16,6993.44,7047.8,6796445,7047.8
2023-01-17,AMZN,6860.78,7016.27,6840.5,6928.38,4093267,6928.38
2023-01-18,AMZN,6904.51,6952.19,6851.18,6901.69,3624342,6901.69
2023-01-19,AMZN,6944.61,6944.61,6816.11,6878.04,5043634,6878.04
2023-01-20,AMZN,6730.96,6768.5,6687.22,6727.86,2823380,6727.86
2023-01-23,AMZN,6636.04,6770.38,6586.53,6678.46,4229401,6678.46
2023-01-24,AMZN,6373.33,6570.82,6298.85,6434.83,2475681,6434.83
2023-01-25,AMZN,6642.07,6772.8,6550.05,6661.42,4134351,6661.42
2023-01-26,AMZN,6605.99,6663.4,6438.99,6551.2,3797564,6551.2
2023-01-27,AMZN,6809.15,6809.15,6681.44,6742.2,2899641,6742.2
2023-01-30,AMZN,6808.2,6828.24,6667.94,6748.09,4272976,6748.09
2023-01-31,AMZN,6849.62,6967.69,6668.98,6818.33,4261896,6818.33
2023-02-01,AMZN,6767.74,6805.55,6714.2,6759.88,6401139,6759.88
2023-02-02,AMZN,6798.81,6936.88,6636.12,6786.5,2104422,6786.5
2023-02-03,AMZN,6873.07,6968.49,6766.94,6867.72,3880153,6867.72
2023-02-06,AMZN,6980.46,7102.82,6800.52,6951.67,2951133,6951.67
2023-02-07,AMZN,7039.18,7130.72,6970.53,7050.62,5664389,7050.62
2023-02-08,AMZN,7029.05,7087.85,6922.85,7005.35,5407891,7005.35
2023-02-09,AMZN,6893.78,7085.49,6807.19,6946.34,4901034,6946.34
2023-02-10,AMZN,6719.48,6890.87,6611.37,6751.12,3018503,6751.12
2023-02-13,AMZN,6862.09,6881.67,6750.89,6816.28,5700093,6816.28
2023-02-14,AMZN,7007.83,7121.71,6781.67,6951.69,2168947,6951.69
2023-02-15,AMZN,7163.8,7206.1,7110.33,7158.21,1998046,7158.21
2023-02-16,AMZN,7131.56,7244.86,7131.56,7199.0,2401145,7199.0
2023-02-17,AMZN,7162.34,7221.78,6981.6,7101.69,3946797,7101.69
2023-02-20,AMZN,6917.17,7023.36,6755.3,6889.33,5240202,6889.33
2023-02-21,AMZN,7008.97,7191.07,6851.01,7021.04,1216382,7021.04
2023-02-22,AMZN,6812.32,6888.0,6709.88,6798.94,6789596,6798.94
2023-02-23,AMZN,6749.16,6795.86,6721.44,6758.65,4215377,6758.65
2023-02-24,AMZN,6728.02,6847.53,6617.84,6732.68,2136535,6732.68
2023-02-27,AMZN,6777.57,6798.13,6652.94,6725.54,4164820,6725.54
2023-02-28,AMZN,6685.51,6823.08,6639.2,6731.14,6192287,6731.14
2023-03-01,AMZN,6695.67,6848.85,6649.48,6749.17,5083859,6749.17
2023-03-02,AMZN,6398.96,6503.89,6398.96,6463.24,6208526,6463.24
2023-03-03,AMZN,6442.1,6561.34,6370.98,6466.16,2315893,6466.16
2023-03-06,AMZN,6169.15,6297.0,6128.92,6212.96,3389533,6212.96
2023-03-07,AMZN,6261.31,6417.79,6175.36,6296.57,2763277,6296.57
2023-03-08,AMZN,6174.19,6346.84,6123.45,6235.14,7951228,6235.14
2023-03-09,AMZN,5966.09,6051.04,5946.6,5998.82,5165694,5998.82
2023-03-10,AMZN,5892.87,5966.6,5858.72,5912.66,12492121,5912.66
2023-03-13,AMZN,5798.56,5912.05,5794.74,5853.39,3317629,5853.39
2023-03-14,AMZN,5994.23,6032.64,5930.01,5981.33,2993444,5981.33
2023-03-15,AMZN,6011.92,6112.6,5894.73,6003.66,3777882,6003.66
2023-03-16,AMZN,5993.44,6192.52,5891.76,6042.14,6942328,6042.14
2023-03-17,AMZN,6184.87,6284.52,6061.76,6173.14,3455083,6173.14
2023-03-20,AMZN,6225.1,6269.23,6058.02,6163.63,4204138,6163.63
2023-03-21,AMZN,6304.6,6331.52,6166.57,6249.05,4157735,6249.05
2023-03-22,AMZN,6264.69,6398.83,6256.44,6327.63,4063696,6327.63
2023-03-23,AMZN,6220.49,6327.55,6040.35,6183.95,3081248,6183.95
2023-03-24,AMZN,6332.7,6506.14,6196.45,6351.3,3786257,6351.3
2023-03-27,AMZN,6138.11,6284.63,6099.66,6192.15,3721970,6192.15
2023-03-28,AMZN,6270.74,6364.46,6228.4,6296.43,3987914,6296.43
2023-03-29,AMZN,6106.12,6252.99,6002.94,6127.97,5833989,6127.97
2023-03-30,AMZN,6198.69,6243.2,6148.42,6195.81,8089327,6195.81
2023-03-31,AMZN,6428.83,6538.35,6278.02,6408.18,2857995,6408.18
2023-04-03,AMZN,6416.67,6521.37,6248.36,6384.87,3419508,6384.87
2023-04-04,AMZN,6324.36,6404.33,6309.0,6356.67,2875681,6356.67
2023-04-05,AMZN,6405.19,6585.83,6270.38,6428.11,4310849,6428.11
2023-04-06,AMZN,6366.81,6549.24,6233.38,6391.31,3225069,6391.31
2023-04-07,AMZN,6587.06,6761.96,6448.42,6605.19,4402678,6605.19
2023-04-10,AMZN,6695.57,6728.24,6530.41,6629.33,6219845,6629.33
2023-04-11,AMZN,6629.12,6657.88,6527.06,6592.47,1456391,6592.47
2023-04-12,AMZN,6591.93,6638.55,6421.24,6529.9,4869573,6529.9
2023-04-13,AMZN,6447.17,6508.41,6336.31,6422.36,3327494,6422.36
2023-04-14,AMZN,6339.49,6409.31,6293.48,6351.39,4808875,6351.39
2023-04-17,AMZN,6298.7,6397.67,6227.56,6312.62,2794649,6312.62
2023-04-18,AMZN,6257.2,6373.02,6144.23,6258.63,6454636,6258.63
2023-04-19,AMZN,6175.79,6225.78,6146.38,6186.08,5763855,6186.08
2023-04-20,AMZN,6467.66,6500.44,6350.49,6425.46,5021030,6425.46
2023-04-21,AMZN,6304.19,6342.4,6274.82,6308.61,5493604,6308.61
2023-04-24,AMZN,6300.61,6452.94,6200.0,6326.47,2968468,6326.47
2023-04-25,AMZN,6430.66,6509.44,6281.58,6395.51,3121909,6395.51
2023-04-26,AMZN,6515.53,6515.53,6429.22,6469.67,5404699,6469.67
2023-04-27,AMZN,6453.78,6621.11,6307.02,6464.07,2942332,6464.07
2023-04-28,AMZN,6458.94,6472.43,6402.23,6437.33,7131691,6437.33
2023-05-01,AMZN,6433.81,6600.13,6382.04,6491.09,3514361,6491.09
2023-05-02,AMZN,6527.37,6657.44,6389.62,6523.53,4889314,6523.53
2023-05-03,AMZN,6435.31,6629.22,6359.6,6494.41,9262686,6494.41
2023-05-04,AMZN,6256.09,6351.47,6256.09,6315.56,3015618,6315.56
2023-05-05,AMZN,6277.91,6408.64,6118.9,6263.77,4111545,6263.77
2023-05-08,AMZN,6112.84,6280.39,5993.56,6136.97,6098041,6136.97
2023-05-09,AMZN,6094.28,6163.28,5966.44,6064.86,5852127,6064.86
2023-05-10,AMZN,6117.71,6158.5,5980.76,6069.63,3508428,6069.63
2023-05-11,AMZN,6066.03,6146.13,6066.03,6110.09,3253079,6110.09
2023-05-12,AMZN,6338.61,6412.74,6207.8,6310.27,3643846,6310.27
2023-05-15,AMZN,6252.51,6333.13,6168.27,6250.7,7138034,6250.7
2023-05-16,AMZN,6290.47,6469.34,6209.97,6339.65,3577456,6339.65
2023-05-17,AMZN,6395.19,6459.25,6292.48,6375.86,4126958,6375.86
2023-05-18,AMZN,6541.87,6649.46,6405.69,6527.58,3372248,6527.58
2023-05-19,AMZN,6598.94,6643.24,6550.51,6596.87,5304278,6596.87
2023-05-22,AMZN,6534.69,6534.69,6429.79,6479.42,4256743,6479.42
2023-05-23,AMZN,6285.38,6331.7,6233.76,6282.73,2677599,6282.73
2023-05-24,AMZN,6381.21,6381.21,6281.86,6319.21,2714926,6319.21
2023-05-25,AMZN,6261.72,6359.65,6161.48,6260.57,1798318,6260.57
2023-05-26,AMZN,6104.95,6280.68,6023.77,6152.22,2868432,6152.22
2023-05-29,AMZN,6011.02,6118.07,5911.07,6014.57,5495187,6014.57
2023-05-30,AMZN,5994.82,6132.7,5933.61,6033.16,6792360,6033.16
2023-05-31,AMZN,6212.34,6315.7,6084.89,6200.3,5262034,6200.3
2023-06-01,AMZN,6179.79,6228.61,6083.41,6156.01,4993550,6156.01
2023-06-02,AMZN,6219.01,6299.1,6146.77,6222.94,3802595,6222.94
2023-06-05,AMZN,6162.67,6282.77,6142.55,6212.66,5453514,6212.66
2023-06-06,AMZN,6067.46,6188.1,5954.45,6071.27,4485301,6071.27
2023-06-07,AMZN,6101.76,6203.92,6101.76,6153.26,8232370,6153.26
2023-06-08,AMZN,6056.32,6066.08,6002.59,6034.34,3845548,6034.34
2023-06-09,AMZN,6072.89,6140.01,5935.64,6037.82,6844857,6037.82
2023-06-12,AMZN,6057.45,6145.08,5858.82,6001.95,5674259,6001.95
2023-06-13,AMZN,6057.51,6205.21,5995.5,6100.36,5368087,6100.36
2023-06-14,AMZN,5990.27,6110.06,5862.72,5986.39,1789073,5986.39
2023-06-15,AMZN,6037.94,6141.08,5918.51,6029.79,5800651,6029.79
2023-06-16,AMZN,5990.64,6029.25,5851.64,5940.45,3801102,5940.45
2023-06-19,AMZN,5902.14,6001.17,5773.13,5887.15,3349207,5887.15
2023-06-20,AMZN,5476.2,5633.78,5396.82,5515.3,2210301,5515.3
2023-06-21,AMZN,5720.74,5782.42,5673.65,5728.03,3991070,5728.03
2023-06-22,AMZN,5804.08,5854.0,5718.34,5786.17,4054044,5786.17
2023-06-23,AMZN,5730.74,5761.95,5653.79,5707.87,2375228,5707.87
2023-06-26,AMZN,5635.16,5673.1,5515.97,5594.54,2218835,5594.54
2023-06-27,AMZN,5510.45,5671.79,5419.99,5545.89,4859532,5545.89
2023-06-28,AMZN,5669.71,5685.86,5552.08,5618.97,5668794,5618.97
2023-06-29,AMZN,5383.95,5499.69,5364.01,5431.85,4316338,5431.85
2023-06-30,AMZN,5471.47,5539.38,5298.7,5419.04,6338411,5419.04
2023-07-03,AMZN,5635.62,5681.24,5509.93,5595.59,3864144,5595.59
2023-07-04,AMZN,5501.14,5569.7,5397.42,5483.56,3913976,5483.56
2023-07-05,AMZN,5518.35,5614.56,5370.51,5492.54,2771761,5492.54
2023-07-06,AMZN,5666.97,5800.47,5631.16,5715.82,2142980,5715.82
2023-07-07,AMZN,5729.29,5890.05,5674.58,5782.32,8399391,5782.32
2023-07-10,AMZN,5750.36,5835.44,5750.36,5796.53,6289074,5796.53
2023-07-11,AMZN,5802.44,5900.89,5800.57,5850.73,2291689,5850.73
2023-07-12,AMZN,5815.26,5885.79,5733.72,5809.76,4257129,5809.76
2023-07-13,AMZN,5914.53,6037.0,5859.78,5948.39,3843086,5948.39
2023-07-14,AMZN,5949.45,6050.52,5763.27,5906.89,3584780,5906.89
2023-07-17,AMZN,5697.1,5842.52,5564.05,5703.29,3396302,5703.29
2023-07-18,AMZN,5686.47,5789.07,5539.57,5664.32,4659005,5664.32
2023-07-19,AMZN,5584.68,5630.64,5504.68,5567.66,5548705,5567.66
2023-07-20,AMZN,5520.63,5675.12,5406.06,5540.59,4698535,5540.59
2023-07-21,AMZN,5487.51,5619.47,5412.22,5515.85,3811744,5515.85
2023-07-24,AMZN,5619.32,5709.57,5564.6,5637.08,3756184,5637.08
2023-07-25,AMZN,5743.02,5817.81,5600.48,5709.15,5818369,5709.15
2023-07-26,AMZN,5747.25,5767.93,5706.76,5737.35,4814693,5737.35
2023-07-27,AMZN,5709.84,5783.59,5692.66,5738.12,4118010,5738.12
2023-07-28,AMZN,5666.65,5752.44,5509.26,5630.85,3942968,5630.85
2023-07-31,AMZN,5366.86,5512.07,5318.09,5415.08,4592399,5415.08
2023-08-01,AMZN,5448.76,5493.81,5360.47,5427.14,3316648,5427.14
2023-08-02,AMZN,5499.65,5589.03,5423.69,5506.36,5556174,5506.36
2023-08-03,AMZN,5522.09,5623.65,5369.68,5496.67,2601142,5496.67
2023-08-04,AMZN,5491.58,5541.03,5349.02,5445.02,3392990,5445.02
2023-08-07,AMZN,5519.24,5562.96,5420.58,5491.77,5107636,5491.77
2023-08-08,AMZN,5478.21,5525.2,5443.95,5484.57,2542483,5484.57
2023-08-09,AMZN,5615.14,5716.1,5593.11,5654.61,2132064,5654.61
2023-08-10,AMZN,5818.0,5924.63,5640.51,5782.57,4102208,5782.57
2023-08-11,AMZN,5879.79,5965.31,5803.52,5884.41,2029340,5884.41
2023-08-14,AMZN,5915.67,6052.48,5880.21,5966.34,2379220,5966.34
2023-08-15,AMZN,5856.02,5917.77,5743.19,5830.48,5413695,5830.48
2023-08-16,AMZN,5877.02,6035.45,5767.73,5901.59,3685404,5901.59
2023-08-17,AMZN,5889.2,6044.31,5841.32,5942.82,6689165,5942.82
2023-08-18,AMZN,6057.57,6122.58,5895.76,6009.17,2470371,6009.17
2023-08-21,AMZN,6061.78,6141.38,5986.28,6063.83,3852465,6063.83
2023-08-22,AMZN,6087.81,6148.73,6080.47,6114.6,4693263,6114.6
2023-08-23,AMZN,6448.2,6572.06,6268.77,6420.42,2504498,6420.42
2023-08-24,AMZN,6462.32,6566.62,6259.03,6412.82,6043595,6412.82
2023-08-25,AMZN,6457.86,6679.49,6366.6,6523.05,4906524,6523.05
2023-08-28,AMZN,6493.5,6623.64,6314.75,6469.2,2101349,6469.2
2023-08-29,AMZN,6598.2,6702.98,6423.33,6563.15,3940066,6563.15
2023-08-30,AMZN,6637.59,6801.11,6551.53,6676.32,4667749,6676.32
2023-08-31,AMZN,6720.13,6868.66,6574.39,6721.52,3159051,6721.52
2023-09-01,AMZN,6870.94,7045.7,6810.0,6927.85,2212998,6927.85
2023-09-04,AMZN,6853.39,6872.16,6767.31,6819.73,4471294,6819.73
2023-09-05,AMZN,6808.44,6848.17,6674.74,6761.46,9687065,6761.46
2023-09-06,AMZN,6735.43,6954.45,6622.81,6788.63,3426367,6788.63
2023-09-07,AMZN,6942.08,6981.35,6815.48,6898.41,7493161,6898.41
2023-09-08,AMZN,6959.63,7076.79,6767.28,6922.03,2960561,6922.03
2023-09-11,AMZN,7063.74,7134.07,7036.8,7085.43,4360176,7085.43
2023-09-12,AMZN,7029.51,7084.68,6921.04,7002.86,5446119,7002.86
2023-09-13,AMZN,6793.23,6944.32,6779.37,6861.84,3986560,6861.84
2023-09-14,AMZN,6960.9,6960.9,6859.68,6901.31,3550896,6901.31
2023-09-15,AMZN,6899.97,6943.9,6842.14,6893.02,5348121,6893.02
2023-09-18,AMZN,6978.77,7023.72,6900.31,6962.01,8523920,6962.01
2023-09-19,AMZN,6982.81,7111.31,6808.47,6959.89,4511046,6959.89
2023-09-20,AMZN,6927.22,6962.09,6875.36,6918.72,3253952,6918.72
2023-09-21,AMZN,6960.01,6986.53,6834.86,6910.7,3707633,6910.7
2023-09-22,AMZN,6930.76,6951.57,6879.6,6915.59,10959179,6915.59
2023-09-25,AMZN,6935.12,7009.12,6748.92,6879.02,4221781,6879.02
2023-09-26,AMZN,6866.49,6974.52,6735.88,6855.2,3153550,6855.2
2023-09-27,AMZN,6762.09,6928.7,6685.02,6806.86,2530121,6806.86
2023-09-28,AMZN,6971.12,7000.27,6827.6,6913.93,1926941,6913.93
2023-09-29,AMZN,6964.64,7003.03,6875.83,6939.43,4626164,6939.43
2023-10-02,AMZN,7257.28,7368.76,7088.2,7228.48,5197361,7228.48
2023-10-03,AMZN,7321.19,7404.66,7096.9,7250.78,3413082,7250.78
2023-10-04,AMZN,7119.59,7236.4,7119.59,7180.59,3976118,7180.59
2023-10-05,AMZN,7524.87,7646.68,7424.58,7535.63,2504551,7535.63
2023-10-06,AMZN,7553.75,7669.11,7517.63,7593.37,4218441,7593.37
2023-10-09,AMZN,7751.53,7796.02,7666.72,7731.37,4849581,7731.37
2023-10-10,AMZN,7863.64,7969.54,7661.81,7815.68,3229181,7815.68
2023-10-11,AMZN,7979.03,8029.91,7780.7,7905.3,7865416,7905.3
2023-10-12,AMZN,7976.14,8057.83,7908.96,7983.39,2861802,7983.39
2023-10-13,AMZN,7872.87,7915.73,7740.38,7828.05,4480277,7828.05
2023-10-16,AMZN,7947.23,8073.28,7689.71,7881.49,5616008,7881.49
2023-10-17,AMZN,7725.43,7866.35,7528.08,7697.21,3878228,7697.21
2023-10-18,AMZN,7635.05,7847.97,7501.1,7674.53,3709524,7674.53
2023-10-19,AMZN,7592.71,7683.96,7468.79,7576.37,2258606,7576.37
2023-10-20,AMZN,7698.4,7760.0,7493.43,7626.71,6884213,7626.71
2023-10-23,AMZN,7748.99,7770.36,7577.96,7674.16,3737201,7674.16
2023-10-24,AMZN,7764.41,7793.11,7691.62,7742.37,4959180,7742.37
2023-10-25,AMZN,7844.22,7885.33,7682.62,7783.97,5235082,7783.97
2023-10-26,AMZN,7654.71,7830.85,7570.87,7700.86,3111095,7700.86
2023-10-27,AMZN,7627.28,7748.57,7583.85,7666.21,3696117,7666.21
2023-10-30,AMZN,7866.35,7966.93,7624.55,7795.74,6821553,7795.74
2023-10-31,AMZN,7890.54,8012.29,7884.76,7948.53,2558485,7948.53
2023-11-01,AMZN,7739.49,7883.72,7691.48,7787.6,9369517,7787.6
2023-11-02,AMZN,7565.31,7634.17,7520.54,7577.35,2969356,7577.35
2023-11-03,AMZN,7493.67,7578.23,7382.3,7480.26,2495495,7480.26
2023-11-06,AMZN,7639.59,7667.93,7579.59,7623.76,4217396,7623.76
2023-11-07,AMZN,7761.35,7875.23,7712.32,7793.78,9675855,7793.78
2023-11-08,AMZN,7731.06,7766.34,7566.79,7666.57,1862478,7666.57
2023-11-09,AMZN,7774.55,7822.83,7598.25,7710.54,3780620,7710.54
2023-11-10,AMZN,7953.68,8097.42,7844.36,7970.89,4839446,7970.89
2023-11-13,AMZN,8021.65,8116.55,7947.87,8032.21,4054203,8032.21
2023-11-14,AMZN,8275.31,8369.36,8114.51,8241.93,4660221,8241.93
2023-11-15,AMZN,8420.38,8520.42,8265.61,8393.02,3001406,8393.02
2023-11-16,AMZN,8238.74,8351.69,8164.67,8258.18,3146861,8258.18
2023-11-17,AMZN,8217.42,8409.37,8053.7,8231.54,3769435,8231.54
2023-11-20,AMZN,8213.2,8369.33,8107.14,8238.24,2545530,8238.24
2023-11-21,AMZN,8211.55,8351.38,8159.11,8255.24,3929136,8255.24
2023-11-22,AMZN,8387.08,8595.12,8193.1,8394.11,3423954,8394.11
2023-11-23,AMZN,8489.22,8642.92,8272.44,8457.68,3314398,8457.68
2023-11-24,AMZN,8062.62,8221.59,7825.99,8023.79,4547133,8023.79
2023-11-27,AMZN,7881.59,7985.58,7690.18,7837.88,1930985,7837.88
2023-11-28,AMZN,7517.81,7631.39,7442.0,7536.69,3649748,7536.69
2023-11-29,AMZN,7601.96,7642.23,7481.65,7561.94,10107076,7561.94
2023-11-30,AMZN,7521.2,7734.93,7457.42,7596.17,2590498,7596.17
2023-12-01,AMZN,7632.93,7824.41,7448.45,7636.43,6689201,7636.43
2023-12-04,AMZN,7551.29,7638.8,7375.53,7507.17,4088412,7507.17
2023-12-05,AMZN,7620.01,7772.26,7428.23,7600.25,3142790,7600.25
2023-12-06,AMZN,7696.32,7789.5,7611.13,7700.32,2358528,7700.32
2023-12-07,AMZN,7551.49,7628.64,7430.78,7529.71,4229852,7529.71
2023-12-08,AMZN,7394.69,7504.61,7165.36,7334.99,7153868,7334.99
2023-12-11,AMZN,7346.09,7484.09,7188.62,7336.35,3423316,7336.35
2023-12-12,AMZN,7623.68,7764.88,7391.61,7578.24,3872536,7578.24
2023-12-13,AMZN,7890.3,7975.33,7654.98,7815.16,5992104,7815.16
2023-12-14,AMZN,7928.76,8006.61,7785.99,7896.3,4584324,7896.3
2023-12-15,AMZN,7806.12,7916.45,7672.92,7794.69,2132689,7794.69
2023-12-18,AMZN,7848.33,8103.88,7739.32,7921.6,4161390,7921.6
2023-12-19,AMZN,7839.1,7984.83,7732.83,7858.83,7324232,7858.83
2023-12-20,AMZN,7762.61,7830.83,7674.1,7752.46,3941328,7752.46
2023-12-21,AMZN,7504.73,7562.69,7358.09,7460.39,1336024,7460.39
2023-12-22,AMZN,7466.3,7590.13,7360.98,7475.55,4671967,7475.55
2023-12-25,AMZN,7460.69,7460.69,7341.4,7392.67,3694745,7392.67
2023-12-26,AMZN,7373.1,7554.12,7259.69,7406.9,1924481,7406.9
2023-12-27,AMZN,7142.7,7159.02,7056.85,7107.94,2043391,7107.94
2023-12-28,AMZN,7119.49,7224.44,7037.63,7131.04,5908176,7131.04
2023-12-29,AMZN,6825.08,6970.99,6683.0,6826.99,2984228,6826.99
2024-01-01,AMZN,7005.44,7063.25,6863.38,6963.31,2782349,6963.31
