Date,Ticker,Open,High,Low,Close,Volume,Adj_Close,Return,SMA_20,SMA_50,SMA_200,Volatility,BB_upper,BB_lower,RSI,MACD,Signal,MACD_hist,ATR,Return_lag1,Close_lag1,Return_lag2,Close_lag2,Return_lag3,Close_lag3,Return_lag5,Close_lag5,Return_lag10,Close_lag10,Roll_mean_5,Roll_std_5,Roll_vol_5,Roll_max_5,Roll_min_5,Roll_mean_10,Roll_std_10,Roll_vol_10,Roll_max_10,Roll_min_10,Roll_mean_20,Roll_std_20,Roll_vol_20,Roll_max_20,Roll_min_20,Roll_mean_50,Roll_std_50,Roll_vol_50,Roll_max_50,Roll_min_50,DayOfWeek,Month,Quarter,Price_to_SMA20,Price_to_SMA50,High_Low_Ratio,Close_Open_Ratio,Target_Price,Target_Return
2019-10-08,AAPL,141.4,144.15,139.85,142.0,136259650,142.0,-0.0166885949726472,146.935,141.3196,138.01165,0.1742653788206451,152.3951927862627,141.4748072137373,29.240710801864907,0.342851699867623,1.2679417462050224,-0.9250900463373994,5.030714285714295,0.0012480066560356,144.41,0.0026416405978448,144.23,-0.0128328300850947,143.85,0.0029083858458556,144.83,-0.0221684804514309,145.56,144.04199999999997,1.3409958985773307,0.16141013578121974,145.72,142.0,144.773,1.4350071621975409,0.1671252049891998,147.08,142.0,146.935,2.7300963931313467,0.17426537882064466,151.61,142.0,141.3196,6.189389525137268,0.21388973644865503,151.61,130.84,1,10,4,0.9664137203459597,1.0048146187718843,0.030281690140631902,0.004243281470974194,142.81,0.0057042253521126796
2019-10-09,AAPL,142.27,144.38,141.25,142.81,172461433,142.81,0.0057042253521126,146.495,141.5428,137.96985,0.1710096254191712,151.78457465208663,141.20542534791338,28.039430427571148,0.14957839706687537,1.044269076377393,-0.8946906793105176,4.722142857142864,-0.0166885949726472,142.0,0.0012480066560356,144.41,0.0026416405978448,144.23,0.00614513567631,145.72,-0.0063204176971696,144.64,143.46,1.0248902380259872,0.1597032363492187,144.41,142.0,144.59,1.5646795909146938,0.17014725806603112,147.08,142.0,146.495,2.6447873260433075,0.17100962541917075,150.83,142.0,141.5428,6.032814701653881,0.2140120823022806,151.61,130.84,2,10,4,0.9748455578622148,1.0089527690492985,0.021917232686633138,0.0037955999156266003,144.07,0.008822911560814939
2019-10-10,AAPL,143.35,146.41,141.72,144.07,49051395,144.07,0.0088229115608149,146.21200000000002,141.7766,137.93564999999998,0.1720119362265866,151.3769979874656,141.04700201253442,32.88659791441175,0.09696166812534557,0.8548075947269835,-0.757845926601638,4.5457142857142925,0.0057042253521126,142.81,-0.0166885949726472,142.0,0.0012480066560356,144.41,-0.0128328300850947,143.85,0.0132743362831859,146.56,143.504,1.0502285465559331,0.15811472346970426,144.41,142.0,144.341,1.406472735447937,0.16073630956818885,147.08,142.0,146.21200000000002,2.582498993732794,0.17201193622658612,150.83,142.0,141.7766,5.895422856170932,0.2144396916776164,151.61,130.84,3,10,4,0.9853500396616874,1.016176153180312,0.032553619767942285,0.005022671782315844,146.48,0.01672797945443194
2019-10-11,AAPL,146.52,149.23,143.73,146.48,82312924,146.48,0.0167279794544319,146.16649999999998,142.0846,137.90585,0.1759823711450399,151.30376232642672,141.02923767357325,44.03807612141614,0.2468834711697241,0.7332227700155317,-0.4863392988458076,4.744285714285722,0.0088229115608149,144.07,0.0057042253521126,142.81,-0.0166885949726472,142.0,0.0026416405978448,144.23,0.0035480349344978,147.08,143.954,1.712375542923112,0.19767652682286757,146.48,142.0,144.281,1.2841205377839002,0.18455832419407076,146.48,142.0,146.16649999999998,2.5686311632133747,0.17598237114503942,150.83,142.0,142.0846,5.725000743249342,0.21533280497285234,151.61,130.84,4,10,4,1.0021448142973792,1.0309350907766857,0.03754778809368141,-0.00027300027299854946,148.86,0.01624795193883144
2019-10-14,AAPL,148.97,152.2,145.52,148.86,47685319,148.86,0.0162479519388314,146.184,142.4302,137.8701,0.1836119145736236,151.3571346498289,141.0108653501711,58.665966343417885,0.5513876362766439,0.6968557432677542,-0.14546810699111035,4.900000000000006,0.0167279794544319,146.48,0.0088229115608149,144.07,0.0057042253521126,142.81,0.0012480066560356,144.41,-0.0181533859124287,144.41,144.844,2.8119975106677755,0.21632563579759148,148.86,142.0,144.72600000000003,1.938242044282635,0.17199554616709908,148.86,142.0,146.184,2.5865673249144536,0.18361191457362308,150.83,142.0,142.4302,5.59809278382629,0.21757592900906755,151.61,130.84,0,10,4,1.018305696922931,1.0451435159043156,0.04487437861047362,-0.0007384037054389932,145.86,-0.02015316404675538
2019-10-15,AAPL,145.45,148.45,143.28,145.86,60566908,145.86,-0.0201531640467553,146.074,142.7034,137.8218,0.197145570345711,151.17219121691292,140.9758087830871,52.888257540699136,0.5443594165025729,0.666356477914718,-0.12199706141214506,5.140714285714291,0.0162479519388314,148.86,0.0167279794544319,146.48,0.0088229115608149,144.07,-0.0166885949726472,142.0,0.0029083858458556,144.83,145.616,2.3234306531511124,0.2395354567580169,148.86,142.81,144.829,1.9714656138693705,0.20790012352642806,148.86,142.0,146.074,2.549095608456448,0.19714557034571042,150.83,142.0,142.7034,5.419104757000773,0.22339566468008878,151.61,130.84,1,10,4,0.9985349891082703,1.0221200055428106,0.03544494720941,0.0028188380886710637,143.88,-0.013574660633484337
2019-10-16,AAPL,143.45,146.78,140.97,143.88,55410873,143.88,-0.0135746606334843,145.7825,142.9642,137.7661,0.1970168195081768,150.66757016595596,140.89742983404403,43.67327664724146,0.3747007324459446,0.6080253288209633,-0.23332459637501868,5.147142857142863,-0.0201531640467553,145.86,0.0162479519388314,148.86,0.0167279794544319,146.48,0.0057042253521126,142.81,0.00614513567631,145.72,145.82999999999998,2.031280384388705,0.2748466206175812,148.86,143.88,144.64499999999998,1.9649215421154624,0.21703505536630732,148.86,142.0,145.7825,2.4425350829779777,0.19701681950817618,150.83,142.0,142.9642,5.143276605909839,0.2244498613850949,151.61,132.7,2,10,4,0.9869497367586169,1.0064057994868199,0.040380872949399654,0.002997560125458413,145.04,0.008062274117319967
2019-10-17,AAPL,145.99,146.23,143.85,145.04,131349306,145.04,0.0080622741173199,145.493,143.173,137.69735,0.1973946864835403,149.76657658666628,141.21942341333371,45.32538952178936,0.3300427807497215,0.5524288192067149,-0.22238603845699345,4.8685714285714345,-0.0135746606334843,143.88,-0.0201531640467553,145.86,0.0162479519388314,148.86,0.0088229115608149,144.07,-0.0128328300850947,143.85,146.024,1.8602902999269832,0.2736401650003757,148.86,143.88,144.764,1.9473811474223586,0.2108980997956136,148.86,142.0,145.493,2.136788293333146,0.1973946864835398,150.71,142.0,143.173,5.006894532256929,0.21643953484562845,151.61,132.7,3,10,4,0.9968864481384199,1.0130401681810604,0.016409266409153245,-0.006507295020162407,146.21,0.008066740209597523
2019-10-18,AAPL,147.06,148.29,144.13,146.21,68274392,146.21,0.0080667402095975,145.268,143.3852,137.62495,0.2005232559923836,148.79342405064116,141.74257594935884,54.42913382076735,0.38462651909887313,0.5188683591851466,-0.1342418400862735,4.879285714285719,0.0080622741173199,145.04,-0.0135746606334843,143.88,-0.0201531640467553,145.86,0.0167279794544319,146.48,0.0026416405978448,144.23,145.97,1.8476200908201876,0.24899773747175308,148.86,143.88,144.962,1.9873030300726533,0.21388696976109223,148.86,142.0,145.268,1.7627120253205772,0.2005232559923831,148.86,142.0,143.3852,4.903148193159484,0.21653273593300706,151.61,132.7,4,10,4,1.006484566449552,1.0197007780369265,0.028452226249719884,-0.005779953760330575,147.4,0.00813897818206688
2019-10-21,AAPL,146.83,148.16,146.63,147.4,122655347,147.4,0.0081389781820668,145.195,143.66819999999998,137.5639,0.198977982065676,148.4579434564511,141.9320565435489,56.09293500306772,0.5179371230009338,0.518682111948304,-0.0007449889473702953,4.705714285714287,0.0080667402095975,146.21,0.0080622741173199,145.04,-0.0135746606334843,143.88,0.0162479519388314,148.86,0.0012480066560356,144.41,145.678,1.3154162839201198,0.22008378930919167,147.4,143.88,145.261,2.1158000850747953,0.21648954712098067,148.86,142.0,145.195,1.6314717282255422,0.19897798206567546,148.86,142.0,143.66819999999998,4.710808540159778,0.21259581862873875,151.61,132.7,0,10,4,1.0151864733564162,1.0259751287965886,0.0103799185888034,0.0038820404549214133,156.22,0.059837177747625425
2019-10-22,AAPL,157.51,157.77,154.67,156.22,101867707,156.22,0.0598371777476254,145.728,144.1004,137.54014999999998,0.2775099726389657,151.6451102477652,139.81088975223483,68.09097171077622,1.3200700790723374,0.6789597053731107,0.6411103736992267,4.992142857142858,0.0081389781820668,147.4,0.0080667402095975,146.21,0.0080622741173199,145.04,-0.0201531640467553,145.86,-0.0166885949726472,142.0,147.75,4.913145631874085,0.43228271534317814,156.22,143.88,146.683,3.7937698928640895,0.33730456959718097,156.22,142.81,145.728,2.9585551238825847,0.2775099726389652,156.22,142.0,144.1004,4.8519951545311075,0.2484868856238454,156.22,132.7,1,10,4,1.0719971453593544,1.0841052488328686,0.019843810011395336,-0.008189956193205524,157.61,0.008897708360005252
2019-10-23,AAPL,159.04,160.69,154.54,157.61,201035625,157.61,0.0088977083600052,146.37650000000002,144.59859999999998,137.52865,0.2754847281204664,154.29576438635877,138.45723561364127,74.10651713253358,2.044361482500676,0.9520400607986238,1.0923214217020525,5.0271428571428585,0.0598371777476254,156.22,0.0081389781820668,147.4,0.0080667402095975,146.21,-0.0135746606334843,143.88,0.0057042253521126,142.81,150.496,5.93919438981458,0.3659810463017425,157.61,145.04,148.163,4.853743229027968,0.33660220029327564,157.61,143.88,146.37650000000002,3.9596321931793685,0.275484728120466,157.61,142.0,144.59859999999998,4.9356698406104655,0.2456142597991238,157.61,134.32,2,10,4,1.0767438762296082,1.0899828905598676,0.03902036672775195,-0.008991448692096247,160.38,0.017575026965293894
2019-10-24,AAPL,159.82,164.36,156.39,160.38,44267419,160.38,0.0175750269652938,147.06750000000002,145.1198,137.5363,0.2777270705093044,157.16606451497714,136.9689354850229,76.1073391184771,2.8094973514829746,1.3235315189354941,1.4859658325474805,5.270000000000002,0.0088977083600052,157.61,0.0598371777476254,156.22,0.0081389781820668,147.4,0.0080622741173199,145.04,0.0088229115608149,144.07,153.56400000000002,6.363146234372316,0.354783970876108,160.38,146.21,149.794,5.943532806523673,0.3385288803084622,160.38,143.88,147.06750000000002,5.049282257488561,0.27772707050930395,160.38,142.0,145.1198,5.197137159346747,0.24687813997573088,160.38,135.1,3,10,4,1.0905196593326838,1.1051558781013677,0.04969447562009187,0.0035039419346546015,162.74,0.01471505175208887
2019-10-25,AAPL,162.27,163.88,161.61,162.74,132385739,162.74,0.0147150517520888,147.8505,145.6402,137.5526,0.2799547092944691,160.14320297029042,135.5577970297096,77.68045904296204,3.5652078203268616,1.771866779213768,1.7933410411130937,5.173571428571429,0.0175750269652938,160.38,0.0088977083600052,157.61,0.0598371777476254,156.22,0.0080667402095975,146.21,0.0167279794544319,146.48,156.87,5.86148445361824,0.34304744018174077,162.74,147.4,151.42000000000002,7.0561856236607,0.3377221763394465,162.74,143.88,147.8505,6.146351485145205,0.2799547092944686,162.74,142.0,145.6402,5.624065451618003,0.24604571730564195,162.74,135.1,4,10,4,1.1007064568526945,1.1174112641899876,0.013948629716025767,0.0028964072225124943,164.4,0.010200319528081536
2019-10-28,AAPL,164.41,166.54,162.25,164.4,126545633,164.4,0.0102003195280815,148.85,146.2262,137.5995,0.2663212350752701,163.06521793897753,134.63478206102246,84.61063037130563,4.249081175457235,2.2673096584624615,1.9817715169947734,5.154285714285714,0.0147150517520888,162.74,0.0175750269652938,160.38,0.0088977083600052,157.61,0.0081389781820668,147.4,0.0162479519388314,148.86,160.27,3.4149670569435964,0.3381405365464249,164.4,156.22,152.97400000000002,8.068356847724454,0.33634291369290337,164.4,143.88,148.85,7.1076089694887665,0.26632123507526967,164.4,142.0,146.2262,6.016202575426882,0.24389254596645188,164.4,137.11,0,10,4,1.10446758480951,1.124285524747793,0.026094890510790128,-6.082355087847505e-05,163.67,-0.004440389294404046
2019-10-29,AAPL,165.12,167.11,160.24,163.67,54199685,163.67,-0.004440389294404,149.792,146.7574,137.6623,0.2689494618057915,165.32172511364126,134.26227488635874,82.31102846492078,4.678223192434501,2.7494923652568697,1.9287308271776316,5.421428571428572,0.0102003195280815,164.4,0.0147150517520888,162.74,0.0175750269652938,160.38,0.0598371777476254,156.22,-0.0201531640467553,145.86,161.76,2.770604627154636,0.13458958777544605,164.4,157.61,154.755,8.286275466764929,0.30440209964921117,164.4,143.88,149.792,7.764862556820629,0.268949461805791,164.4,142.0,146.7574,6.357724470986551,0.24333614665567468,164.4,138.01,1,10,4,1.0926484725413064,1.1152418889874363,0.04197470519923035,-0.008781492248008936,165.6,0.011792020529113545
2019-10-30,AAPL,166.85,167.11,164.1,165.6,119686996,165.6,0.0117920205291135,150.786,147.3092,137.74085000000002,0.269661505884129,167.70139118517113,133.87060881482887,82.67071316669522,5.115092599554174,3.2226124121163306,1.8924801874378434,5.33214285714286,-0.004440389294404,163.67,0.0102003195280815,164.4,0.0147150517520888,162.74,0.0088977083600052,157.61,-0.0135746606334843,143.88,163.358,1.965965411702707,0.13548873029458555,165.6,160.38,156.92700000000002,7.959158316751184,0.27000850467879944,165.6,145.04,150.786,8.457695592585562,0.2696615058841285,165.6,142.0,147.3092,6.7671396423287415,0.24393918413991633,165.6,138.2,2,10,4,1.0982451951699876,1.1241660398595323,0.018176328502305817,-0.007491759064983569,163.75,-0.011171497584541057
2019-10-31,AAPL,162.45,166.39,161.11,163.75,91513327,163.75,-0.011171497584541,151.781,147.78879999999998,137.8212,0.2681379256385535,169.30858055180454,134.25341944819547,76.65946276402488,5.251499199439337,3.6283897695809317,1.6231094298584052,5.316428571428572,0.0117920205291135,165.6,-0.004440389294404,163.67,0.0102003195280815,164.4,0.0175750269652938,160.38,0.0080622741173199,145.04,164.03199999999998,1.0575774203393655,0.18015055081272244,165.6,162.74,158.798,6.995077316703825,0.2982095311684366,165.6,146.21,151.781,8.763790275902263,0.26813792563855293,165.6,142.0,147.78879999999998,7.0651116489583226,0.245315269252454,165.6,138.2,3,10,4,1.0788570374349962,1.108000064950064,0.032244274808963226,0.008002462296041915,163.23,-0.003175572519084069
2019-11-01,AAPL,162.88,166.43,160.02,163.23,73042110,163.23,-0.003175572519084,152.73100000000002,148.1764,137.89520000000002,0.2700743507870771,170.59179729463375,134.8702027053663,73.5342285938591,5.257042840951243,3.9541203838549945,1.3029224570962485,5.297142857142859,-0.011171497584541,163.75,0.0117920205291135,165.6,-0.004440389294404,163.67,0.0147150517520888,162.74,0.0080667402095975,146.21,164.13,0.9219273290296338,0.1578790819630362,165.6,163.23,160.5,5.503501915447147,0.30792458309479026,165.6,147.4,152.73100000000002,8.930398647316869,0.2700743507870765,165.6,142.0,148.1764,7.369655312738387,0.23840265854264495,165.6,138.2,4,11,4,1.068741774747309,1.1015924263168657,0.03926974208148458,0.0021488212180614287,162.1,-0.006922747044048272
2019-11-04,AAPL,162.27,164.9,159.29,162.1,57538393,162.1,-0.0069227470440482,153.6155,148.551,137.97334999999998,0.2736518536499673,171.49333511561306,135.73766488438693,78.33217023389209,5.1113343795607875,4.1855631829961535,0.925771196564634,5.299285714285716,-0.003175572519084,163.23,-0.011171497584541,163.75,0.0117920205291135,165.6,0.0102003195280815,164.4,0.0081389781820668,147.4,163.67000000000002,1.2639026861319307,0.13812570464387863,165.6,162.1,161.97,3.0173166887147502,0.3211654665853607,165.6,156.22,153.6155,8.938917557806539,0.2736518536499667,165.6,142.0,148.551,7.592998990746088,0.23900017628011047,165.6,138.2,0,11,4,1.0552320566540796,1.0912077333636854,0.03460826650194575,-0.0010476366549514284,162.35,0.0015422578655150954
2019-11-05,AAPL,162.36,163.77,160.93,162.35,60002297,162.35,0.001542257865515,154.63299999999998,148.9618,138.06785000000002,0.2610236343435958,172.03745327162576,137.2285467283742,84.29261042777208,4.95886952371859,4.340224451140641,0.6186450725779489,5.087142857142859,-0.0069227470440482,162.1,-0.003175572519084,163.23,-0.011171497584541,163.75,-0.004440389294404,163.67,0.0598371777476254,156.22,163.406,1.3949659494093047,0.1401204777479715,165.6,162.1,162.583,2.2425682201927613,0.15877977444377506,165.6,157.61,154.63299999999998,8.702226635812892,0.26102363434359527,165.6,142.81,148.9618,7.774318708913139,0.23702400393217607,165.6,138.2,1,11,4,1.0499052595432419,1.0898767334908017,0.017493070526532248,-6.159152500589884e-05,168.14,0.035663689559593426
2019-11-06,AAPL,167.11,170.18,166.11,168.14,181626335,168.14,0.0356636895595934,155.8995,149.5252,138.1751,0.2802434974335886,173.36779606368106,138.43120393631892,86.59695813649053,5.244786009611801,4.521136762834874,0.7236492467769269,5.476428571428575,0.001542257865515,162.35,-0.0069227470440482,162.1,-0.003175572519084,163.23,0.0117920205291135,165.6,0.0088977083600052,157.61,163.914,2.454104724744161,0.29765192327737794,168.14,162.1,163.636,2.116691338437923,0.2252863920260538,168.14,160.38,155.8995,8.73414803184053,0.2802434974335882,168.14,143.88,149.5252,8.122331835684959,0.24536351889373453,168.14,138.2,2,11,4,1.0785153255714193,1.1244927276397256,0.024206018793718257,0.0061636048111651555,163.55,-0.027298679671701964
2019-11-07,AAPL,164.73,166.94,160.17,163.55,80021853,163.55,-0.0272986796717019,156.87349999999998,150.0298,138.26165,0.3074350223630739,173.7260559829329,140.02094401706705,74.78559173679251,5.0428711651166225,4.625483643291224,0.4173875218253986,5.748571428571432,0.0356636895595934,168.14,0.001542257865515,162.35,-0.0069227470440482,162.1,-0.011171497584541,163.75,0.0175750269652938,160.38,163.874,2.4590709627848466,0.3617765698896205,168.14,162.1,163.953,1.7865052787794642,0.2717769900452856,168.14,162.1,156.87349999999998,8.42627799146646,0.30743502236307335,168.14,143.88,150.0298,8.195380602784208,0.25278638810189646,168.14,138.2,3,11,4,1.0425597694891584,1.0901167634623916,0.04139406909176775,-0.00716323681170895,165.3,0.010700091715071913
2019-11-08,AAPL,165.89,167.96,162.64,165.3,109385532,165.3,0.0107000917150719,157.8145,150.5718,138.35595,0.3055233697594816,174.3216754413838,141.30732455861622,75.18289248585931,4.966808296465246,4.693748573926028,0.27305972253921773,5.98928571428572,-0.0272986796717019,163.55,0.0356636895595934,168.14,0.001542257865515,162.35,-0.003175572519084,163.23,0.0147150517520888,162.74,164.288,2.4974927427345635,0.36756067128186826,168.14,162.1,164.209,1.7767664137090657,0.2672647856383976,168.14,162.1,157.8145,8.253587720691897,0.30552336975948113,168.14,143.88,150.5718,8.292602479170993,0.25309715148993606,168.14,138.96,4,11,4,1.047432270158652,1.0978151287219933,0.032183908045782444,-0.003556573633108798,161.41,-0.02353297035692692
2019-11-11,AAPL,162.5,162.5,160.58,161.41,58303777,161.41,-0.0235329703569269,158.442,151.0208,138.44605,0.3204970505189425,174.46292000775014,142.42107999224987,58.4776216655117,4.540299686593471,4.6630587964595165,-0.12275910986604543,5.585714285714291,0.0107000917150719,165.3,-0.0272986796717019,163.55,0.0356636895595934,168.14,-0.0069227470440482,162.1,0.0102003195280815,164.4,164.15,2.6622452929832985,0.411366977982305,168.14,161.41,163.91,1.9809088823052412,0.2898756607799519,168.14,161.41,158.442,8.010460003875075,0.3204970505189419,168.14,143.88,151.0208,8.258759317802504,0.26033079694140854,168.14,139.59,0,11,4,1.0187324068048955,1.0687931728538798,0.011895173780980687,-0.006707692307651051,160.32,-0.0067529892819527815
2019-11-12,AAPL,161.47,163.56,157.08,160.32,58561966,160.32,-0.0067529892819527,159.16500000000002,151.43540000000002,138.53629999999998,0.3103352780549542,174.06076061201705,144.269239387983,54.47047176632835,4.067447645393713,4.543936566246356,-0.4764889208526428,5.609285714285718,-0.0235329703569269,161.41,0.0107000917150719,165.3,-0.0272986796717019,163.55,0.001542257865515,162.35,-0.004440389294404,163.67,163.744,3.1206938331101215,0.4128768959855481,168.14,160.32,163.575,2.2858076617822873,0.29072253091340144,168.14,160.32,159.16500000000002,7.447880306008517,0.3103352780549537,168.14,143.88,151.43540000000002,8.193284260880603,0.26124932327119527,168.14,141.38,1,11,4,1.007256620481844,1.0586692411347765,0.04041916167639453,-0.007122066018411369,163.02,0.016841317365269504
2019-11-13,AAPL,163.83,163.95,162.09,163.02,123324680,163.02,0.0168413173652695,160.122,151.8682,138.6386,0.3050342027512754,173.23575589540243,147.0082441045976,54.365079339910366,3.8660114576116484,4.408351544519414,-0.5423400869077657,5.299285714285716,-0.0067529892819527,160.32,-0.0235329703569269,161.41,0.0107000917150719,165.3,0.0356636895595934,168.14,0.0117920205291135,165.6,162.71999999999997,1.9307640974523719,0.3137198253207827,165.3,160.32,163.31699999999998,2.174754392261968,0.29839246063159613,168.14,160.32,160.122,6.556877947701208,0.30503420275127496,168.14,145.04,151.8682,8.222780127208207,0.2621879397096529,168.14,141.45,2,11,4,1.018098699735089,1.0734307774697178,0.011409642988520277,-0.004944149423152403,163.23,0.0012881854987116803
2019-11-14,AAPL,163.03,166.48,159.98,163.23,46627763,163.23,0.0012881854987116,161.0315,152.30380000000002,138.7539,0.3055028466502008,172.10550422041072,149.95749577958927,50.87219648585932,3.680886108692789,4.262858457354089,-0.5819723486613002,5.513571428571431,0.0168413173652695,163.02,-0.0067529892819527,160.32,-0.0235329703569269,161.41,-0.0272986796717019,163.55,-0.011171497584541,163.75,162.656,1.9014547062738654,0.25084243051163363,165.3,160.32,163.265,2.16946101857286,0.29349563530890127,168.14,160.32,161.0315,5.537002110205365,0.30550284665020033,168.14,146.21,152.30380000000002,8.236498882215477,0.26215525571585,168.14,142.0,3,11,4,1.0136526083343094,1.071739510103676,0.039821111315077984,0.0012267680794869772,160.67,-0.015683391533419133
2019-11-15,AAPL,161.02,162.12,159.21,160.67,67757904,160.67,-0.0156833915334191,161.75449999999998,152.62480000000002,138.8522,0.314958822091669,170.36915941532774,153.1398405846722,43.56674713315159,3.2896809366487503,4.068222953213022,-0.7785420165642716,5.4942857142857155,0.0012881854987116,163.23,0.0168413173652695,163.02,-0.0067529892819527,160.32,0.0107000917150719,165.3,-0.003175572519084,163.23,161.73000000000002,1.3349344553237663,0.24792331123776828,163.23,160.32,163.00900000000001,2.3198776308715976,0.3036297340255024,168.14,160.32,161.75449999999998,4.3073297076638815,0.3149588220916685,168.14,147.4,152.62480000000002,8.243681870105878,0.2615985665175713,168.14,142.0,4,11,4,0.9932953951760645,1.0527122721795361,0.018111657434380316,-0.0021736430256977337,159.0,-0.010393975228729646
2019-11-18,AAPL,157.92,162.85,155.16,159.0,81096321,159.0,-0.0103939752287296,162.3345,152.923,138.94825,0.319280001033557,167.90351758320935,156.76548241679063,42.19846306078256,2.812472543319103,3.817072871234238,-1.004600327915135,5.552857142857143,-0.0156833915334191,160.67,0.0012881854987116,163.23,0.0168413173652695,163.02,-0.0235329703569269,161.41,-0.0069227470440482,162.1,161.248,1.8246287293612122,0.20106064271253213,163.23,159.0,162.699,2.6398924641391255,0.3058842973033683,168.14,159.0,162.3345,2.7845087916046793,0.31928000103355647,168.14,156.22,152.923,8.198195981247396,0.26281292274080653,168.14,142.0,0,11,4,0.9794590798568422,1.0397389535842239,0.04836477987390964,0.006838905775032762,160.69,0.01062893081760996
2019-11-19,AAPL,161.25,162.67,158.7,160.69,83644500,160.69,0.0106289308176099,162.558,153.13379999999998,139.05555,0.2440166867253637,167.40588657153978,157.7101134284602,41.73122261420554,2.5413551691341354,3.561929330814218,-1.0205741616800825,5.590714285714284,-0.0103939752287296,159.0,-0.0156833915334191,160.67,0.0012881854987116,163.23,-0.0067529892819527,160.32,0.001542257865515,162.35,161.322,1.7846484247633607,0.21749081378906568,163.23,159.0,162.533,2.715388451850091,0.3119737492384877,168.14,159.0,162.558,2.4239432857699,0.2440166867253631,168.14,157.61,153.13379999999998,8.260707804333332,0.2472519656463569,168.14,142.0,1,11,4,0.9885087168826604,1.0493437764814213,0.024705955566465203,-0.003472868217032741,158.99,-0.010579376439106336
2019-11-20,AAPL,157.97,160.83,157.16,158.99,74469475,158.99,-0.0105793764391063,162.627,153.2814,139.1604,0.2459962953252021,167.2104305699403,158.0435694300597,41.94312794220705,2.1643674238993356,3.2824169494312416,-1.118049525531906,5.475714285714288,0.0106289308176099,160.69,-0.0103939752287296,159.0,-0.0156833915334191,160.67,0.0168413173652695,163.02,0.0356636895595934,168.14,160.516,1.7354192577039955,0.1698925515401287,163.23,158.99,161.618,2.0843906650244834,0.23801103203312737,165.3,158.99,162.627,2.291715284970151,0.24599629532520148,168.14,158.99,153.2814,8.29876952029773,0.2479689750651831,168.14,142.0,2,11,4,0.9776359399055653,1.0372426139046407,0.023083212780532943,0.006456922200376991,159.56,0.0035851311403232167
2019-11-21,AAPL,160.18,160.83,158.29,159.56,93724023,159.56,0.0035851311403232,162.58599999999998,153.47799999999998,139.2484,0.2380380903640234,167.26767941077267,157.9043205892273,43.79858058083204,1.8898115844829135,3.003895876441576,-1.1140842919586627,5.199285714285717,-0.0105793764391063,158.99,0.0106289308176099,160.69,-0.0103939752287296,159.0,0.0012881854987116,163.23,-0.0272986796717019,163.55,159.782,0.85162785300243,0.1758812451238554,160.69,158.99,161.219,2.0551531437927797,0.20723665245651418,165.3,158.99,162.58599999999998,2.3408397053863372,0.2380380903640229,168.14,158.99,153.47799999999998,8.329300384663853,0.2460930783085791,168.14,142.0,3,11,4,0.9813883114106912,1.0396278293889705,0.01591877663564867,-0.003870645523761605,159.72,0.001002757583354219
2019-11-22,AAPL,158.86,161.5,157.95,159.72,105548328,159.72,0.0010027575833542,162.435,153.7246,139.33710000000002,0.231569443328585,167.28746112270446,157.58253887729555,45.84206846115342,1.6659309514987513,2.736302891453011,-1.07037193995426,5.052142857142861,0.0035851311403232,159.56,-0.0105793764391063,158.99,0.0106289308176099,160.69,-0.0156833915334191,160.67,0.0107000917150719,165.3,159.59199999999998,0.6956795239256702,0.14639086354766076,160.69,158.99,160.661,1.5089249300218837,0.19546934077628358,163.23,158.99,162.435,2.4262305613522246,0.2315694433285846,168.14,158.99,153.7246,8.327901519247689,0.2429913993369664,168.14,142.0,4,11,4,0.9832856219350308,1.0390009146158845,0.022226396193199258,0.005413571698316578,158.22,-0.009391435011269711
2019-11-25,AAPL,157.01,161.79,154.66,158.22,107327150,158.22,-0.0093914350112697,162.126,153.9188,139.42925000000002,0.229620445898555,167.23204760115425,157.01995239884576,43.08670905245349,1.3518828094000526,2.4594188750424197,-1.1075360656423672,5.358571428571431,0.0010027575833542,159.72,0.0035851311403232,159.56,-0.0105793764391063,158.99,-0.0103939752287296,159.0,-0.0235329703569269,161.41,159.436,0.9146201397352818,0.14252510923750494,160.69,158.22,160.342,1.6623798202167575,0.1651425123552435,163.23,158.22,162.126,2.553023800577122,0.22962044589855463,168.14,158.22,153.9188,8.317027196526254,0.2438701373160372,168.14,142.0,0,11,4,0.975907627394891,1.0279446045510494,0.045063835165939405,0.007706515508517302,163.45,0.0330552395398811
2019-11-26,AAPL,162.36,167.52,159.38,163.45,53930981,163.45,0.0330552395398811,162.11499999999998,154.22660000000002,139.53865,0.2604396937563458,167.20797348779257,157.0220265122074,41.99931761896995,1.5076356005261573,2.2690622201391673,-0.76142661961301,5.463571428571432,-0.0093914350112697,158.22,0.0010027575833542,159.72,0.0035851311403232,159.56,0.0106289308176099,160.69,-0.0067529892819527,160.32,159.988,2.0225157601387425,0.2799688589163726,163.45,158.22,160.655,1.9307756069625315,0.23767453260273425,163.45,158.22,162.11499999999998,2.546486743896298,0.2604396937563454,168.14,158.22,154.22660000000002,8.380316249938417,0.2537674281182714,168.14,142.0,1,11,4,1.008234894975738,1.059804210161802,0.04980116243469082,0.006713476225629844,165.07,0.009911287855613349
2019-11-27,AAPL,163.42,167.11,163.03,165.07,71404764,165.07,0.0099112878556133,162.0885,154.5338,139.66875,0.2593994931057706,167.1101385457538,157.0668614542462,52.88534545404724,1.7417138773283511,2.163592551577004,-0.4218786742486529,5.1857142857142895,0.0330552395398811,163.45,-0.0093914350112697,158.22,0.0010027575833542,159.72,-0.0105793764391063,158.99,0.0168413173652695,163.02,161.204,2.906876330360495,0.2512059492528366,165.07,158.22,160.85999999999999,2.285942548125461,0.2279330876378967,165.07,158.22,162.0885,2.510819272876903,0.25939949310577015,168.14,158.22,154.5338,8.492152894025903,0.2535565582715827,168.14,142.0,2,11,4,1.01839427225856,1.0681805533736426,0.024716786817564042,0.010096683392423873,160.18,-0.02962379596534792
2019-11-28,AAPL,160.88,162.42,157.95,160.18,129015400,160.18,-0.0296237959653479,161.91,154.7208,139.772,0.2775421285296624,166.93676206340575,156.88323793659424,41.31614652040615,1.5151744773605174,2.033908936733707,-0.5187344593731895,5.314285714285717,0.0099112878556133,165.07,0.0330552395398811,163.45,-0.0093914350112697,158.22,0.0035851311403232,159.56,0.0012881854987116,163.23,161.32800000000003,2.831460753747109,0.3682704340969218,165.07,158.22,160.555,2.132943974884741,0.2759114076491278,165.07,158.22,161.91,2.5133810317028757,0.27754212852966204,168.14,158.22,154.7208,8.511851723045014,0.262998363559467,168.14,142.0,3,11,4,0.9893150515657507,1.0352842022466582,0.027906105630990715,-0.0043510691198137596,160.69,0.003183918092146243
2019-11-29,AAPL,161.43,163.81,157.56,160.69,114421100,160.69,0.0031839180921462,161.783,154.9204,139.89775,0.2777857510943328,166.79767362636267,156.7683263736373,48.620689629092354,1.3611031585554088,1.8993477810980475,-0.5382446225426387,5.423571428571431,-0.0296237959653479,160.18,0.0099112878556133,165.07,0.0330552395398811,163.45,0.0010027575833542,159.72,-0.0156833915334191,160.67,161.522,2.7249715594864883,0.368600287522804,165.07,158.22,160.557,2.133073161217925,0.26528265748881524,165.07,158.22,161.783,2.5073368131813405,0.27778575109433246,168.14,158.22,154.9204,8.532868254758394,0.2629841607781187,168.14,142.0,4,11,4,0.9932440367591575,1.0372423515493296,0.038894766320001904,-0.004584030229792635,159.15,-0.009583670421308033
2019-12-02,AAPL,159.2,162.77,155.54,159.15,46195521,159.15,-0.009583670421308,161.6355,155.12619999999998,140.02894999999998,0.2787430451963534,166.78270353303776,156.48829646696225,47.79661014428806,1.1020318613883546,1.739884597156109,-0.6378527357677544,5.477142857142861,0.0031839180921462,160.69,-0.0296237959653479,160.18,0.0099112878556133,165.07,-0.0093914350112697,158.22,-0.0103939752287296,159.0,161.708,2.462320044188063,0.3689580951518304,165.07,159.15,160.572,2.1214030996272784,0.2644116683131617,165.07,158.22,161.6355,2.5736017665188835,0.2787430451963531,168.14,158.22,155.12619999999998,8.507770251544382,0.262332102068967,168.14,142.0,0,12,4,0.9846228087209516,1.0259388807240433,0.04542884071602004,-0.0003140703517567141,161.25,0.013195098963242113
2019-12-03,AAPL,160.16,163.97,158.54,161.25,92076393,161.25,0.0131950989632421,161.5805,155.44,140.16845,0.2830617196203544,166.7190579586813,156.4419420413187,46.58959535058747,1.05401837373455,1.6027113524717973,-0.5486929787372472,5.605714285714291,-0.009583670421308,159.15,0.0031839180921462,160.69,-0.0296237959653479,160.18,0.0330552395398811,163.45,0.0106289308176099,160.69,161.26799999999997,2.2615967810399193,0.27706894766281154,165.07,159.15,160.62800000000001,2.1322278385652518,0.2675358963814497,165.07,158.22,161.5805,2.569278979340655,0.2830617196203541,168.14,158.22,155.44,8.436788730413666,0.25791996588449934,168.14,142.0,1,12,4,0.9979545799090983,1.0373777663340364,0.033674418604442376,0.006805694305651835,159.4,-0.011472868217054177
2019-12-04,AAPL,158.08,161.45,157.36,159.4,36260773,159.4,-0.0114728682170541,161.14350000000002,155.7352,140.29104999999998,0.251575595899995,165.33197679887658,156.95502320112345,43.05907935473625,0.8568110159005471,1.4535312851575473,-0.5967202692570002,5.433571428571432,0.0131950989632421,161.25,-0.009583670421308,159.15,0.0031839180921462,160.69,0.0099112878556133,165.07,-0.0105793764391063,158.99,160.13400000000001,0.875174268365832,0.25719331521075545,161.25,159.15,160.66899999999998,2.10094396773275,0.2686051213059133,165.07,158.22,161.14350000000002,2.094238399438282,0.25157559589999473,165.3,158.22,155.7352,8.308435899857637,0.25904994487671945,168.14,142.0,2,12,4,0.9891804509583745,1.0235322521753367,0.025658720200591695,0.008350202429096931,159.18,-0.001380175658720173
2019-12-05,AAPL,157.65,161.29,157.07,159.18,81516103,159.18,-0.0013801756587201,160.925,155.9876,140.4106,0.2339585149355891,165.04018625273844,156.8098137472616,47.04950492440823,0.6749897410630581,1.2978229763386495,-0.6228332352755914,5.447857142857147,-0.0114728682170541,159.4,0.0131950989632421,161.25,-0.009583670421308,159.15,-0.0296237959653479,160.18,0.0035851311403232,159.56,159.934,0.9710458279656994,0.15919827611676687,161.25,159.15,160.631,2.1265122723467953,0.26810539663918387,165.07,158.22,160.925,2.057593126369213,0.2339585149355889,165.3,158.22,155.9876,8.21518294727179,0.2578780042903397,168.14,142.0,3,12,4,0.9891564393289474,1.0204657293206612,0.026510868199356,0.009705042816303813,160.45,0.007978389244879924
2019-12-06,AAPL,159.37,163.48,157.41,160.45,170909374,160.45,0.0079783892448799,160.68249999999998,156.255,140.53745,0.2323083208101087,164.24691402875865,157.1180859712413,52.9175050003684,0.6261555258363956,1.1634894862381988,-0.5373339604018033,5.332142857142862,-0.0013801756587201,159.18,-0.0114728682170541,159.4,0.0131950989632421,161.25,0.0031839180921462,160.69,0.0010027575833542,159.72,159.88600000000002,0.9293707548710427,0.17075697430477021,161.25,159.15,160.704,2.1041767986547755,0.27118544635157865,165.07,158.22,160.68249999999998,1.7822070143793338,0.23230832081010844,165.07,158.22,156.255,8.136544984556814,0.25822566418921544,168.14,142.0,4,12,4,0.9985530471520014,1.0268471408849198,0.03783110003092654,0.006776683190018244,162.6,0.013399813025864793
2019-12-09,AAPL,163.87,163.87,161.78,162.6,54755047,162.6,0.0133998130258647,160.74200000000002,156.6188,140.67785,0.2223892418127659,164.3961460230655,157.08785397693453,53.77321213935896,0.7522693968031433,1.0812454683511878,-0.32897607154804454,5.292857142857149,0.0079783892448799,160.45,-0.0013801756587201,159.18,-0.0114728682170541,159.4,-0.009583670421308,159.15,-0.0093914350112697,158.22,160.576,1.4052152860006248,0.16958588876881653,162.6,159.18,161.142,1.9819788091694845,0.27183750681409613,165.07,159.15,160.74200000000002,1.8270730115327403,0.22238924181276554,165.07,158.22,156.6188,8.0016609602289,0.2553425057624522,168.14,142.0,0,12,4,1.011558895615262,1.0381895404572237,0.012853628536206335,-0.0077500457679395875,159.75,-0.017527675276752697
2019-12-10,AAPL,158.93,162.53,156.97,159.75,57299816,159.75,-0.0175276752767526,160.7135,156.91719999999998,140.81855,0.230176978683338,164.3903251464933,157.03667485350672,51.43612998034369,0.6151532626966798,0.9880270272202863,-0.37287376452360654,5.432857142857147,0.0133998130258647,162.6,0.0079783892448799,160.45,-0.0013801756587201,159.18,0.0131950989632421,161.25,0.0330552395398811,163.45,160.276,1.385326676278812,0.20510570834215355,162.6,159.18,160.772,1.8437871653496645,0.22991022145368104,165.07,159.15,160.7135,1.8384125732466363,0.23017697868333759,165.07,158.22,156.91719999999998,7.829404032888225,0.25926637200909136,168.14,142.0,1,12,4,0.9940048595731286,1.0180528329525507,0.034804381846417515,0.005159504184199545,159.01,-0.004632237871674549
2019-12-11,AAPL,158.54,160.93,157.08,159.01,108596431,159.01,-0.0046322378716745,160.51299999999998,157.183,140.9624,0.2217065809523973,164.0963950382271,156.92960496177287,48.96733005311516,0.44168445947715895,0.8787585136716609,-0.43707405419450196,5.526428571428574,-0.0175276752767526,159.75,0.0133998130258647,162.6,0.0079783892448799,160.45,-0.0114728682170541,159.4,0.0099112878556133,165.07,160.198,1.4561490308377356,0.18997363325604838,162.6,159.01,160.166,1.133109781872472,0.2198443123707252,162.6,159.01,160.51299999999998,1.7916975191135511,0.2217065809523969,165.07,158.22,157.183,7.665385821726176,0.259528796313375,168.14,142.0,2,12,4,0.990636272445281,1.0116233943809978,0.02421231369081053,0.002964551532717512,157.93,-0.0067920256587634675
2019-12-12,AAPL,156.68,161.23,154.63,157.93,43159649,157.93,-0.0067920256587634,160.248,157.46460000000002,141.1051,0.2223812857115069,163.76872719761,156.72727280239,46.751361137767006,0.21458856567866746,0.7459245240730622,-0.5313359583943947,5.7442857142857155,-0.0046322378716745,159.01,-0.0175276752767526,159.75,0.0133998130258647,162.6,-0.0013801756587201,159.18,-0.0296237959653479,160.18,159.948,1.7518904075339785,0.19547992162333291,162.6,157.93,159.941,1.3353605422413735,0.16808856215937984,162.6,157.93,160.248,1.760363598804999,0.2223812857115066,165.07,157.93,157.46460000000002,7.420288021804337,0.25811846622165097,168.14,142.0,3,12,4,0.9855349208664975,1.0029555849314515,0.041790666750827606,0.007978044421700421,156.44,-0.009434559615019378
2019-12-13,AAPL,155.57,157.52,155.37,156.44,62111094,156.44,-0.0094345596150193,160.0365,157.7088,141.22979999999998,0.218182733537149,163.93810169538926,156.13489830461072,46.76833694064063,-0.0846414202396204,0.5798113352105256,-0.664452755450146,5.4178571428571445,-0.0067920256587634,157.93,-0.0046322378716745,159.01,-0.0175276752767526,159.75,0.0079783892448799,160.45,0.0031839180921462,160.69,159.146,2.297526931291394,0.18073732959398192,162.6,156.44,159.51600000000002,1.697659827199339,0.17044983943539446,162.6,156.44,160.0365,1.9508008476946417,0.21818273353714862,165.07,156.44,157.7088,7.172632977975173,0.25938418762569854,168.14,142.0,4,12,4,0.97752700164664,0.9919547926241786,0.013743288161507687,0.005592337854306179,160.7,0.027230887241114665
2019-12-16,AAPL,160.76,163.39,158.0,160.7,101555260,160.7,0.0272308872411146,160.12150000000003,158.03459999999998,141.37215,0.237293247955242,164.0020386224068,156.24096137759324,44.824990567273225,0.02171276652228471,0.46819162147287746,-0.44647885495059275,5.25,-0.0094345596150193,156.44,-0.0067920256587634,157.93,-0.0046322378716745,159.01,0.0133998130258647,162.6,-0.009583670421308,159.15,158.76600000000002,1.6490391141537841,0.2727057541689084,160.7,156.44,159.671,1.7309628020901393,0.221044978066848,162.6,156.44,160.12150000000003,1.9402693112033962,0.2372932479552415,165.07,156.44,158.03459999999998,6.9218206316795845,0.2656066958970773,168.14,142.0,0,12,4,1.0036128814618672,1.0168659268222475,0.03354075917838486,-0.0003732271709357368,161.73,0.006409458618543917
2019-12-17,AAPL,162.08,164.09,159.36,161.73,62073073,161.73,0.0064094586185439,160.17350000000002,158.4292,141.5367,0.2354020479455509,164.11353085747888,156.23346914252116,43.57197842147773,0.18695649955202498,0.411944597088707,-0.22498809753668203,5.29642857142857,0.0272308872411146,160.7,-0.0094345596150193,156.44,-0.0067920256587634,157.93,-0.0175276752767526,159.75,0.0131950989632421,161.25,159.16199999999998,2.11602693744887,0.2389797720369068,161.73,156.44,159.719,1.7854128062961756,0.21309289850871332,162.6,156.44,160.17350000000002,1.9700154287394247,0.2354020479455504,165.07,156.44,158.4292,6.540970670024806,0.2621646481070378,168.14,142.81,1,12,4,1.0097175874847604,1.0208345431207073,0.029246274655108786,-0.002159427443224724,158.75,-0.018425771347307163
2019-12-18,AAPL,157.94,161.59,155.92,158.75,72794371,158.75,-0.0184257713473071,160.1615,158.74800000000002,141.68300000000002,0.241827658725639,164.1181348008578,156.20486519914218,47.02949727218888,0.07656960663172185,0.34486959899730996,-0.2682999923655881,5.202857142857141,0.0064094586185439,161.73,0.0272308872411146,160.7,-0.0094345596150193,156.44,-0.0046322378716745,159.01,-0.0114728682170541,159.4,159.10999999999999,2.1238761734171843,0.2814144538064215,161.73,156.44,159.654,1.809979742059064,0.22636490314313,162.6,156.44,160.1615,1.9783174004289106,0.24182765872563855,165.07,156.44,158.74800000000002,6.140352313232081,0.2663242608020711,168.14,143.88,2,12,4,0.9911870205948923,1.0000125985776198,0.03571653543284598,0.005128529821418727,161.01,0.014236220472440886
2019-12-19,AAPL,159.58,162.02,159.58,161.01,107737845,161.01,0.0142362204724408,160.23399999999998,159.0868,141.8441,0.2468060747501854,164.1973606154893,156.27063938451067,50.61967464335106,0.16949646139062224,0.3097949714759724,-0.14029851008535016,4.989999999999999,-0.0184257713473071,158.75,0.0064094586185439,161.73,0.0272308872411146,160.7,-0.0067920256587634,157.93,-0.0013801756587201,159.18,159.72599999999997,2.1426455609851733,0.289863295507134,161.73,156.44,159.837,1.8488257534619388,0.2376072680367727,162.6,156.44,160.23399999999998,1.9816803077446556,0.24680607475018493,165.07,156.44,159.0868,5.770130844199809,0.267286354915427,168.14,143.88,3,12,4,1.004842917227275,1.012088997949471,0.015154338239766746,0.008961022684490647,166.27,0.032668778336749416
2019-12-20,AAPL,165.91,169.03,163.51,166.27,94693472,166.27,0.0326687783367494,160.5615,159.4826,142.0378,0.2718709253819093,165.34388115102453,155.77911884897546,62.051455623943134,0.659971957724423,0.37983036872566256,0.2801415889987604,5.04642857142857,0.0142362204724408,161.01,-0.0184257713473071,158.75,0.0064094586185439,161.73,-0.0094345596150193,156.44,0.0079783892448799,160.45,161.692,2.786757972987665,0.3194941607949412,166.27,158.75,160.41899999999998,2.756485080677415,0.2848342621636038,166.27,156.44,160.5615,2.3911905755122733,0.27187092538190877,166.27,156.44,159.4826,5.562740775802685,0.27400357065156256,168.14,143.88,4,12,4,1.0355533549385405,1.0425588747547223,0.03319901365229332,0.0021698511240904337,168.92,0.015937932278823563
2019-12-23,AAPL,168.03,171.67,166.18,168.92,89010469,168.92,0.0159379322788235,161.0965,159.88379999999998,142.23865,0.2724754565242346,167.03115212034066,155.16184787965932,62.74509801002222,1.2481225949348982,0.5534888139675097,0.6946337809673885,5.050714285714283,0.0326687783367494,166.27,0.0142362204724408,161.01,-0.0184257713473071,158.75,0.0272308872411146,160.7,0.0133998130258647,162.6,163.33599999999998,4.147599305623788,0.2956941814182954,168.92,158.75,161.051,3.828255912727124,0.28752336870271905,168.92,156.44,161.0965,2.9673260601703384,0.272475456524234,168.92,156.44,159.88379999999998,5.504055977557279,0.2739255064637867,168.92,143.88,0,12,4,1.0485640594237084,1.056517295679384,0.032500591996018714,0.0052966732130851025,165.17,-0.022199857920909283
2019-12-24,AAPL,164.25,167.85,162.5,165.17,69851930,165.17,-0.0221998579209092,161.1825,160.27,142.41049999999998,0.2631931801449173,167.3075473682371,155.0574526317629,59.0184432376912,1.3955554577643454,0.7219021427268769,0.6736533150374685,5.217142857142854,0.0159379322788235,168.92,0.0326687783367494,166.27,0.0142362204724408,161.01,0.0064094586185439,161.73,-0.0175276752767526,159.75,164.024,4.099631690775547,0.3771288109126466,168.92,158.75,161.59300000000002,4.003273799168338,0.29806664818114864,168.92,156.44,161.1825,3.062523684118552,0.26319318014491666,168.92,156.44,160.27,5.16711817206497,0.27483975108682646,168.92,143.88,1,12,4,1.0247390380405768,1.0305734073686244,0.03239087001251804,0.005601217655977999,164.03,-0.006901979778410006
2019-12-25,AAPL,165.54,166.83,161.23,164.03,92763299,164.03,-0.00690197977841,161.13049999999998,160.673,142.56724999999997,0.2621140571697624,167.1330169282289,155.12798307177107,57.36858095402127,1.4042215986391113,0.8583660339093238,0.5458555647297876,5.315714285714285,-0.0221998579209092,165.17,0.0159379322788235,168.92,0.0326687783367494,166.27,-0.0184257713473071,158.75,-0.0046322378716745,159.01,165.07999999999998,2.9084875794838005,0.3401662461622888,168.92,161.01,162.095,3.957873306601342,0.3000119796142573,168.92,156.44,161.13049999999998,3.001258464114455,0.2621140571697617,168.92,156.44,160.673,4.619482809641556,0.2732192614161814,168.92,145.04,2,12,4,1.0179947309726094,1.0208933672675504,0.034140096323635204,-0.009121662438026274,167.24,0.019569590928488756
2019-12-26,AAPL,167.63,170.34,164.14,167.24,76136940,167.24,0.0195695909284887,161.4835,161.117,142.7481,0.2465413091769722,168.0541501320558,154.91284986794415,59.74175033468054,1.651077160878458,1.0169082593031507,0.6341689015753074,5.332857142857143,-0.00690197977841,164.03,-0.0221998579209092,165.17,0.0159379322788235,168.92,0.0142362204724408,161.01,-0.0067920256587634,157.93,166.32599999999996,1.882506308093522,0.349540651736343,168.92,164.03,163.026,3.9642715458057056,0.30440299206875954,168.92,156.44,161.4835,3.2853250660279105,0.24654130917697153,168.92,156.44,161.117,4.126864328237107,0.27557707572839096,168.92,146.21,3,12,4,1.0356476048572416,1.0380034384885644,0.03707247070056772,-0.002326552526383463,165.53,-0.01022482659650803
2019-12-27,AAPL,165.72,169.02,162.03,165.53,96076896,165.53,-0.010224826596508,161.72549999999998,161.5034,142.9232,0.2504476280651875,168.5256098288337,154.92539017116627,54.257483267666245,1.6892565653579936,1.1513779205141192,0.5378786448438744,5.587857142857142,0.0195695909284887,167.24,-0.00690197977841,164.03,-0.0221998579209092,165.17,0.0326687783367494,166.27,-0.0094345596150193,156.44,166.178,1.9167863730765253,0.2838705913592443,168.92,164.03,163.935,3.2671912844038187,0.305542061106292,168.92,158.75,161.72549999999998,3.4000549144168613,0.2504476280651868,168.92,156.44,161.5034,3.569456947206627,0.2769034167871592,168.92,147.4,4,12,4,1.0235244287324912,1.0249319828497423,0.04222799492513612,-0.0011465121892279219,166.69,0.007007793149278019
2019-12-30,AAPL,166.41,168.42,164.96,166.69,65578888,166.69,0.007007793149278,162.1025,161.8892,143.10065,0.2475264408932541,169.13352261035757,155.07147738964244,60.60513444839634,1.7924540296612008,1.2795931423435356,0.5128608873176652,5.432857142857141,-0.010224826596508,165.53,0.0195695909284887,167.24,-0.00690197977841,164.03,0.0159379322788235,168.92,0.0272308872411146,160.7,165.732,1.2693778003461982,0.2565326512814984,167.24,164.03,164.53400000000002,3.1553770685037796,0.2818257837282536,168.92,158.75,162.1025,3.5155113051787694,0.24752644089325343,168.92,156.44,161.8892,3.0131106985365053,0.2767993629367857,168.92,156.22,0,12,4,1.0282999953669543,1.0296548503480798,0.020757094006714397,0.0016825911904231631,168.69,0.011998320235167004
2019-12-31,AAPL,168.45,172.32,165.07,168.69,74366014,168.69,0.011998320235167,162.47449999999998,162.1386,143.2782,0.2468718332789815,170.07946091550153,154.86953908449843,64.24367272220687,2.0124240768542165,1.4261593292456718,0.5862647476085447,5.675714285714284,0.007007793149278,166.69,-0.010224826596508,165.53,0.0195695909284887,167.24,-0.0221998579209092,165.17,0.0064094586185439,161.73,166.436,1.7607611990306749,0.20020314533763536,168.69,164.03,165.23,3.234766005618612,0.284652739100337,168.92,158.75,162.47449999999998,3.8024804577507805,0.2468718332789808,168.92,156.44,162.1386,3.0501388459534646,0.24493530191028345,168.92,156.44,1,12,4,1.0382552338918525,1.040406171010232,0.04297824411617181,0.0014247551202053095,166.42,-0.01345663643369499
2020-01-01,AAPL,166.56,168.91,163.93,166.42,53841444,166.42,-0.0134566364336949,162.82549999999998,162.3148,143.44895,0.248442843561336,170.4808207502667,155.17017924973325,62.069945951976685,1.9807490531238727,1.537077274021312,0.44367177910256084,5.559999999999998,0.011998320235167,168.69,0.007007793149278,166.69,-0.010224826596508,165.53,-0.00690197977841,164.03,-0.0184257713473071,158.75,166.91400000000002,1.1694143833612087,0.2269136105386239,168.69,165.53,165.997,2.302564029751479,0.2744211247391158,168.92,161.01,162.82549999999998,3.827660375133363,0.24844284356133528,168.92,156.44,162.3148,3.037634176091256,0.24667022588998444,168.92,156.44,2,1,1,1.0220757805072176,1.0252915938594307,0.029924287945980448,-0.0008405379442793843,166.33,-0.0005408003845690512
2020-01-02,AAPL,166.98,167.42,165.24,166.33,78887563,166.33,-0.000540800384569,163.183,162.43380000000002,143.62085000000002,0.2482969640411187,170.78915291098292,155.57684708901706,64.64317438836237,1.9261803131286115,1.614897881842772,0.31128243128583954,5.532857142857139,-0.0134566364336949,166.42,0.011998320235167,168.69,0.007007793149278,166.69,0.0195695909284887,167.24,0.0142362204724408,161.01,166.732,1.1767837524422295,0.1727238040361322,168.69,165.53,166.529,1.495425989102388,0.2702843178784493,168.92,164.03,163.183,3.8030764554914587,0.24829696404111806,168.92,156.44,162.43380000000002,3.0765876206858804,0.24382412168571937,168.92,156.44,3,1,1,1.0192850970933292,1.0239863870633823,0.013106475079581986,-0.0038926817582709584,158.49,-0.04713521313052371
2020-01-03,AAPL,159.13,159.47,157.51,158.49,57836860,158.49,-0.0471352131305237,163.085,162.3488,143.7642,0.3027282677039734,170.88739234567066,155.28260765432935,47.041499313023294,1.2360631485952354,1.5391309351932647,-0.30306778659802935,5.66642857142857,-0.000540800384569,166.33,-0.0134566364336949,166.42,0.011998320235167,168.69,-0.010224826596508,165.53,0.0326687783367494,166.27,165.324,3.9405811754120235,0.375763524057489,168.69,158.49,165.751,2.9558283290992153,0.32043422962116164,168.92,158.49,163.085,3.9011961728353324,0.3027282677039728,168.92,156.44,162.3488,3.1262637542643437,0.2643976645785196,168.92,156.44,4,1,1,0.9718245086858276,0.9762314227085372,0.012366710833413093,-0.004021868912184783,156.12,-0.014953624834374457
2020-01-06,AAPL,155.1,157.95,154.3,156.12,51234239,156.12,-0.0149536248343744,162.761,162.1832,143.90705,0.3022650988154737,171.1633026918998,154.3586973081002,42.750064600710765,0.4922270436349834,1.3297501568816084,-0.837523113246625,5.627857142857143,-0.0471352131305237,158.49,-0.000540800384569,166.33,-0.0134566364336949,166.42,0.007007793149278,166.69,0.0159379322788235,168.92,163.21,5.536591911998847,0.3504294686988146,168.69,156.12,164.471,4.0133373477271626,0.30200402384542674,168.69,156.12,162.761,4.201151345949895,0.3022650988154732,168.92,156.12,162.1832,3.232873518044893,0.2652438127654542,168.92,156.12,0,1,1,0.9591978422290403,0.962615116726254,0.02337945170366768,0.006576402321040837,155.59,-0.0033948244939789873
2020-01-07,AAPL,155.59,158.81,152.37,155.59,88720510,155.59,-0.0033948244939789,162.553,162.0216,144.0392,0.2966589888686637,171.4599531679937,153.6460468320063,45.640176582810085,-0.13843915875423818,1.0361122937544391,-1.1745514525086773,5.672857142857142,-0.0149536248343744,156.12,-0.0471352131305237,158.49,-0.000540800384569,166.33,0.011998320235167,168.69,-0.0221998579209092,165.17,160.59,5.392759034113274,0.29429862119206923,166.42,155.59,163.51299999999998,4.8781577806923035,0.2912579789404729,168.69,155.59,162.553,4.453476583996843,0.2966589888686634,168.92,155.59,162.0216,3.3566141589773744,0.26518233841339456,168.92,155.59,1,1,1,0.9571647401096434,0.9603040582184086,0.041390834886294796,0.0,152.75,-0.018253101099042324
2020-01-08,AAPL,152.48,155.68,149.83,152.75,87105719,152.75,-0.0182531010990423,162.24,161.7646,144.14365,0.3026578536812715,172.06394711112063,152.41605288887936,38.7832699472307,-0.8575259081047193,0.6573846533826075,-1.5149105614873268,5.857142857142855,-0.0033948244939789,155.59,-0.0149536248343744,156.12,-0.0471352131305237,158.49,-0.0134566364336949,166.42,-0.00690197977841,164.03,157.856,5.158253580429106,0.29376318896931136,166.33,152.75,162.385,5.935007722544492,0.2979540558440775,168.69,152.75,162.24,4.911973555560329,0.3026578536812711,168.92,152.75,161.7646,3.562649902324545,0.2663770460341754,168.92,152.75,2,1,1,0.9415064102506071,0.944273345336716,0.038297872340174774,0.001770724029369357,156.59,0.025139116202945955
2020-01-09,AAPL,157.75,159.85,153.34,156.59,109418078,156.59,0.0251391162029459,162.173,161.62140000000002,144.2678,0.3166197927118416,172.13797888660667,152.20802111339333,36.32768360145231,-1.104815801093224,0.3049445624874413,-1.4097603635806655,5.791428571428568,-0.0182531010990423,152.75,-0.0033948244939789,155.59,-0.0149536248343744,156.12,-0.000540800384569,166.33,0.0195695909284887,167.24,155.908,2.0767089348315544,0.41511747421764505,158.49,152.75,161.32,5.922533241780631,0.3127714186276286,168.69,152.75,162.173,4.982489443303342,0.3166197927118411,168.92,152.75,161.62140000000002,3.6245776727951236,0.2719939357625341,168.92,152.75,3,1,1,0.9655738008116914,0.9688692215203626,0.04157353598542958,-0.007353407289969212,153.32,-0.0208825595504184
2020-01-10,AAPL,153.72,155.67,150.97,153.32,67328014,153.32,-0.0208825595504184,162.017,161.4232,144.36535,0.323562539775472,172.4467188739421,151.5872811260579,28.345363675823577,-1.5468256511429672,-0.06540948023864043,-1.4814161709043268,5.800714285714284,0.0251391162029459,156.59,-0.0182531010990423,152.75,-0.0033948244939789,155.59,-0.0471352131305237,158.49,-0.010224826596508,165.53,154.874,1.7274345139567522,0.29984841862555184,156.59,152.75,160.099,6.2098048815292,0.32090848485317025,168.69,152.75,162.017,5.214859436971056,0.3235625397754716,168.92,152.75,161.4232,3.8014553818781844,0.27568592815660226,168.92,152.75,4,1,1,0.9463204478483966,0.9498015155135705,0.030654839551065318,-0.0026021337496578427,152.36,-0.006261414036002999
2020-01-13,AAPL,152.46,154.47,150.26,152.36,94183760,152.36,-0.0062614140360029,161.6,161.2284,144.45425,0.3064564586747532,172.88339068113606,150.31660931886393,30.725248256691174,-1.9520832185478412,-0.4427442279004806,-1.5093389906473607,5.642857142857143,-0.0208825595504184,153.32,0.0251391162029459,156.59,-0.0182531010990423,152.75,-0.0149536248343744,156.12,0.007007793149278,166.69,154.122,1.8625439592151398,0.29055894828755374,156.59,152.36,158.666,6.173159104812641,0.310931099543582,168.69,152.36,161.6,5.641695340568039,0.3064564586747528,168.92,152.36,161.2284,4.009906793155963,0.27561813110316896,168.92,152.36,0,1,1,0.9428217821723837,0.9449948023986782,0.027631924389422264,-0.0006559097468144982,152.71,0.002297190863743692
2020-01-14,AAPL,151.54,153.93,151.5,152.71,99717946,152.71,0.0022971908637436,161.149,161.0356,144.55115,0.3052189362996322,173.11115946003727,149.18684053996273,32.55240442491575,-2.219426518155103,-0.7980806859514051,-1.421345832203698,5.41642857142857,-0.0062614140360029,152.36,-0.0208825595504184,153.32,0.0251391162029459,156.59,-0.0033948244939789,155.59,0.011998320235167,168.69,153.546,1.7360961954939778,0.29498371641343046,156.59,152.36,157.068,5.29599806982161,0.29625139773957876,166.42,152.36,161.149,5.981079730018632,0.30521893629963187,168.92,152.36,161.0356,4.182897228535766,0.27566042839683447,168.92,152.36,1,1,1,0.9476323154289036,0.9482996306347896,0.01591251391516007,0.007720733799606014,156.1,0.022198939165738896
2020-01-15,AAPL,156.43,157.91,154.3,156.1,95577377,156.1,0.0221989391657388,161.0165,160.7948,144.66115,0.3114396734816803,173.14805133916218,148.88494866083784,32.9245861293395,-2.133163558951054,-1.065097260551335,-1.0680662983997191,5.337142857142855,0.0022971908637436,152.71,-0.0062614140360029,152.36,-0.0208825595504184,153.32,-0.0182531010990423,152.75,-0.0134566364336949,166.42,154.21599999999998,1.9812193215312635,0.307834529588266,156.59,152.36,156.036,4.153382022186426,0.33524537676086463,166.33,152.36,161.0165,6.065775669581084,0.31143967348167984,168.92,152.36,160.7948,4.111515059152163,0.26798176314095273,168.92,152.36,2,1,1,0.9694658621882263,0.9708025383845074,0.023126201152958742,-0.002109569775605082,152.83,-0.020948110185778246
2020-01-16,AAPL,151.66,154.92,150.74,152.83,57498862,152.83,-0.0209481101857782,160.60750000000002,160.5804,144.73895000000002,0.3141530919250966,173.27949294756544,147.9355070524346,31.421884129903248,-2.3021237640310517,-1.3125025612472783,-0.9896212027837734,5.220714285714282,0.0221989391657388,156.1,0.0022971908637436,152.71,-0.0062614140360029,152.36,0.0251391162029459,156.59,-0.000540800384569,166.33,153.464,1.5131523386654209,0.2862726746036813,156.1,152.36,154.686,2.143264384583024,0.3412348871877995,158.49,152.36,160.60750000000002,6.33599647378272,0.3141530919250961,168.92,152.36,160.5804,4.242332319633436,0.26518330262469536,168.92,152.36,3,1,1,0.9515744906000556,0.9517350809877687,0.02735065105000738,0.007714624818622586,155.57,0.017928417195576696
2020-01-17,AAPL,155.07,156.63,154.52,155.57,84925298,155.57,0.0179284171955766,160.07250000000002,160.3858,144.83055000000002,0.2961607023739075,172.6409665982597,147.50403340174034,34.45190155250761,-2.1896894658569295,-1.4879399421692086,-0.7017495236877209,5.2449999999999966,-0.0209481101857782,152.83,0.0221989391657388,156.1,0.0022971908637436,152.71,-0.0208825595504184,153.32,-0.0471352131305237,158.49,153.914,1.772041195911859,0.28076204216564665,156.1,152.36,154.394,1.7256444850805337,0.28517964412915825,156.59,152.36,160.07250000000002,6.284233299129838,0.296160702373907,168.92,152.36,160.3858,4.244583145803007,0.2673417340992715,168.92,152.36,4,1,1,0.9718721204393517,0.9699736510278968,0.013563026290328614,0.0032243502933950842,155.65,0.0005142379636178251
2020-01-20,AAPL,154.54,157.11,154.18,155.65,92543865,155.65,0.0005142379636178,159.409,160.2706,144.90605,0.2879192846563442,171.39860760518482,147.41939239481516,30.73286050738001,-2.0702644235169885,-1.6044048384387646,-0.4658595850782239,4.936428571428569,0.0179284171955766,155.57,-0.0209481101857782,152.83,0.0221989391657388,156.1,-0.0062614140360029,152.36,-0.0149536248343744,156.12,154.572,1.6578962573119342,0.27055069720976854,156.1,152.71,154.347,1.6791866417339594,0.27547706603914696,156.59,152.36,159.409,5.994803802592413,0.28791928465634375,168.69,152.36,160.2706,4.294094383153549,0.26235634065800195,168.92,152.36,0,1,1,0.976419148222645,0.9711700087166881,0.018824285255259768,0.007182606444886963,153.43,-0.014262769033087097
2020-01-21,AAPL,154.01,156.03,150.82,153.43,80230041,153.43,-0.014262769033087,158.822,160.13279999999995,144.9973,0.2825661947435041,170.7735136235845,146.87048637641547,30.778336773279165,-2.1301990550339553,-1.7095636817578028,-0.4206353732761525,4.952857142857141,0.0005142379636178,155.65,0.0179284171955766,155.57,-0.0209481101857782,152.83,0.0022971908637436,152.71,-0.0033948244939789,155.59,154.716,1.4771526664529182,0.30232883031680097,156.1,152.83,154.13100000000003,1.6399962737085376,0.28430440010150604,156.59,152.36,158.822,5.975756811792268,0.2825661947435036,168.69,152.36,160.13279999999997,4.401681051784069,0.26380097529028546,168.92,152.36,1,1,1,0.9660500434387803,0.9581422419332075,0.03395685328792317,-0.003765989221454569,154.54,0.007234569510525812
2020-01-22,AAPL,153.64,157.59,151.5,154.54,34724155,154.54,0.0072345695105258,158.34750000000005,159.9632,145.08545,0.2847744644331823,170.1813762168522,146.51362378314786,33.06521113292402,-2.0643336061650928,-1.780517666639261,-0.28381593952583173,5.232142857142857,-0.014262769033087,153.43,0.0005142379636178,155.65,0.0179284171955766,155.57,0.0221989391657388,156.1,-0.0182531010990423,152.75,154.404,1.2606268282124122,0.25075986942112255,155.65,152.83,154.31,1.5686512253100362,0.27006490107101017,156.59,152.36,158.34750000000003,5.9169381084260815,0.2847744644331818,168.69,152.36,159.9632,4.4512559291666225,0.26137824706138824,168.92,152.36,2,1,1,0.9759547829869369,0.9660972023505026,0.0394072731976226,0.005857849518316506,155.06,0.0033648246408697347
2020-01-23,AAPL,154.72,158.93,151.19,155.06,85304097,155.06,0.0033648246408697,157.7385,159.7998,145.1751,0.2734600629456335,168.87881517082226,146.5981848291777,43.761367747811576,-1.9477229712260566,-1.8139587275566202,-0.1337642436694364,5.154999999999999,0.0072345695105258,154.54,-0.014262769033087,153.43,0.0005142379636178,155.65,-0.0209481101857782,152.83,0.0251391162029459,156.59,154.85,0.9103570728066176,0.1853131704567799,155.65,153.43,154.15699999999998,1.3854806626823613,0.2362397694076091,156.1,152.36,157.7385,5.570157585411133,0.273460062945633,168.69,152.36,159.7998,4.4787587064969925,0.26151061836644324,168.92,152.36,3,1,1,0.9830193643214371,0.9703391368389052,0.04991616148555458,0.0021975180971936783,153.72,-0.008641816071198294
2020-01-24,AAPL,154.94,157.36,150.08,153.72,193841157,153.72,-0.0086418160711982,157.148,159.6608,145.2609,0.273011205588855,167.79025460876989,146.5057453912301,45.46485258365425,-1.9410596763738113,-1.8393789173200585,-0.10168075905375273,5.3757142857142854,0.0033648246408697,155.06,0.0072345695105258,154.54,-0.014262769033087,153.43,0.0179284171955766,155.57,-0.0208825595504184,153.32,154.48000000000002,0.9204618406044452,0.1406994923655515,155.65,153.43,154.197,1.3642421583673232,0.2141841416793839,156.1,152.36,157.148,5.321127304384948,0.27301120558885456,168.69,152.36,159.6608,4.558341463510755,0.25993554390106555,168.92,152.36,4,1,1,0.9781861684464442,0.9627911171623669,0.047358834243772074,-0.00787401574798067,153.93,0.001366120218579292
2020-01-27,AAPL,153.02,156.68,151.19,153.93,69269931,153.93,0.0013661202185792,156.51000000000002,159.55939999999998,145.34654999999998,0.2708427564683227,166.2339628049252,146.78603719507484,46.82478956941289,-1.8969666712744981,-1.8508964681109465,-0.04607020316355159,5.307857142857143,-0.0086418160711982,153.72,0.0033648246408697,155.06,0.0072345695105258,154.54,0.0005142379636178,155.65,-0.0062614140360029,152.36,154.136,0.6578221644250103,0.14191983983231798,155.06,153.43,154.354,1.2110895003168711,0.21099809379962686,156.1,152.71,156.51000000000002,4.861981402462584,0.2708427564683222,168.69,152.36,159.55939999999998,4.629181357520841,0.25903138724898345,168.92,152.36,0,1,1,0.9835154303176569,0.9647190952023843,0.03566556226833199,0.005946935041132203,153.1,-0.005392061326577102
2020-01-28,AAPL,153.12,155.15,151.04,153.1,59787451,153.1,-0.0053920613265771,155.7305,159.4076,145.44795,0.2643154456959896,163.68115962175727,147.77984037824274,50.72523826315153,-1.9070138419656075,-1.8621199428818789,-0.04489389908372865,5.1835714285714305,0.0013661202185792,153.93,-0.0086418160711982,153.72,0.0033648246408697,155.06,-0.014262769033087,153.43,0.0022971908637436,152.71,154.07,0.7556454194983167,0.10300923096909285,155.06,153.1,154.393,1.1573537824614188,0.21329990487529635,156.1,152.83,155.7305,3.975329810878639,0.2643154456959891,166.42,152.36,159.4076,4.715000188283385,0.257980914288689,168.92,152.36,1,1,1,0.9831086395986457,0.9604309957557831,0.02684519921602331,-0.00013061650992606856,153.41,0.002024820378837333
2020-01-29,AAPL,153.16,156.13,150.69,153.41,92885361,153.41,0.0020248203788373,155.07999999999998,159.296,145.55285,0.2632264157209618,161.2855662619593,148.87443373804066,42.28155336932319,-1.868423860689802,-1.8633807264434636,-0.005043134246338399,5.065000000000002,-0.0053920613265771,153.1,0.0013661202185792,153.93,-0.0086418160711982,153.72,0.0072345695105258,154.54,0.0221989391657388,156.1,153.844,0.7488858391028009,0.08341648096677563,155.06,153.1,154.124,1.0211126828666883,0.17622066025834973,155.65,152.83,155.07999999999998,3.102783130979655,0.2632264157209612,166.33,152.36,159.296,4.790518271139834,0.25708340807838925,168.92,152.36,2,1,1,0.9892313644506757,0.9630499196403988,0.035460530604031926,0.0016322799686495674,155.0,0.010364383025878388
2020-01-30,AAPL,153.5,158.21,151.78,155.0,90647460,155.0,0.0103643830258783,154.5135,159.2048,145.6619,0.2678935543096691,157.75609334159182,151.27090665840817,54.439746259928334,-1.6900593584288401,-1.828716452840539,0.13865709441169893,5.1228571428571446,0.0020248203788373,153.41,-0.0053920613265771,153.1,0.0013661202185792,153.93,0.0033648246408697,155.06,-0.0209481101857782,152.83,153.832,0.7246171402945838,0.11695710237031097,155.0,153.1,154.341,0.9431678300045887,0.14824662131810637,155.65,153.1,154.5135,1.6212966707959156,0.2678935543096685,158.49,152.36,159.2048,4.82864380334623,0.25809750883590504,168.92,152.36,3,1,1,1.0031485921877175,0.9735887360118942,0.04148387096747434,0.009771986970620379,158.78,0.024387096774193484
2020-01-31,AAPL,159.71,159.95,157.61,158.78,128910801,158.78,0.0243870967741934,154.528,159.18599999999998,145.7747,0.2306879008692108,157.84715398224955,151.20884601775043,64.76540934191739,-1.2295166930286143,-1.7088765008781541,0.4793598078495398,5.175714285714286,0.0103643830258783,155.0,0.0020248203788373,153.41,-0.0053920613265771,153.1,-0.0086418160711982,153.72,0.0179284171955766,155.57,154.844,2.3156921211614203,0.18146205214843703,158.78,153.1,154.662,1.6723224037912388,0.17025937461037946,158.78,153.1,154.528,1.6595769911247746,0.23068790086920998,158.78,152.36,159.18599999999998,4.828426878648064,0.2640449527628206,168.92,152.36,4,1,1,1.0275160488647528,0.9974495244494025,0.014737372464953002,-0.005823054285856764,155.91,-0.01807532434815473
2020-02-03,AAPL,154.57,157.97,153.85,155.91,48369979,155.91,-0.0180753243481547,154.51749999999998,159.1398,145.8782,0.2336531993237779,157.81671761060005,151.21828238939992,56.59521843395163,-1.0836269501306504,-1.5838265907286535,0.5001996405980031,5.354285714285715,0.0243870967741934,158.78,0.0103643830258783,155.0,0.0020248203788373,153.41,0.0013661202185792,153.93,0.0005142379636178,155.65,155.24,2.289465003010359,0.2543164850616826,158.78,153.1,154.688,1.6913032450351835,0.19835130862784642,158.78,153.1,154.51749999999998,1.649608805300029,0.2336531993237772,158.78,152.36,159.1398,4.84886668433471,0.2663460786670352,168.92,152.36,0,2,1,1.0090119242091737,0.9797046370488105,0.026425501891947787,0.008669211360492556,161.04,0.032903598229747866
2020-02-04,AAPL,160.95,164.55,157.53,161.04,107187403,161.04,0.0329035982297478,154.79,159.0916,146.01525,0.2605617849477725,159.1816331933862,150.39836680661378,59.499999967961536,-0.547746075209119,-1.3766104876247467,0.8288644124156277,5.600000000000002,-0.0180753243481547,155.91,0.0243870967741934,158.78,0.0103643830258783,155.0,-0.0053920613265771,153.1,-0.014262769033087,153.43,156.828,3.0585241539032726,0.3157998381489959,161.04,153.41,155.44899999999998,2.554270715662005,0.23896943528092632,161.04,153.1,154.79,2.1958165966931067,0.2605617849477717,161.04,152.36,159.0916,4.817020571232342,0.26624903528970134,168.92,152.36,1,2,1,1.0403772853476299,1.0122470325208104,0.04359165424712133,0.0005591798695212441,156.44,-0.02856433184302032
2020-02-05,AAPL,156.63,158.42,154.46,156.44,101311047,156.44,-0.0285643318430203,154.97449999999998,158.91899999999998,146.1341,0.2733692704080879,159.31502373749734,150.6339762625026,56.6044639300233,-0.4886058333166261,-1.1990095567631227,0.7104037234464966,5.6871428571428595,0.0329035982297478,161.04,-0.0180753243481547,155.91,0.0243870967741934,158.78,0.0020248203788373,153.41,0.0072345695105258,154.54,157.43400000000003,2.4520358888095273,0.422922818466569,161.04,155.0,155.63899999999998,2.54980369614769,0.2912542389147242,161.04,153.1,154.97449999999998,2.170261868748678,0.2733692704080872,161.04,152.36,158.91899999999998,4.752616572554149,0.27269826946179915,168.92,152.36,2,2,1,1.0094563944325716,0.9844008582926876,0.0253132191253814,-0.0012130498627260723,156.14,-0.0019176681155715913
2020-02-06,AAPL,156.54,158.7,153.57,156.14,75578210,156.14,-0.0019176681155715,154.952,158.8382,146.24205,0.2585924175840889,159.26182036504258,150.64217963495742,51.14503813917112,-0.46063435225198646,-1.0513345158608955,0.5907001636089091,5.78214285714286,-0.0285643318430203,156.44,0.0329035982297478,161.04,-0.0180753243481547,155.91,0.0103643830258783,155.0,0.0033648246408697,155.06,157.66199999999998,2.210208134997704,0.42063243142499496,161.04,155.91,155.747,2.545423125707863,0.2914502124756791,161.04,153.1,154.952,2.1549101825212973,0.2585924175840882,161.04,152.36,158.8382,4.765066626940879,0.2646803286921802,168.92,152.36,3,2,1,1.0076668903853603,0.9830129024316379,0.03285513001131767,-0.002555257442171014,157.58,0.009222492634815005
2020-02-07,AAPL,158.17,160.22,154.94,157.58,91606438,157.58,0.009222492634815,155.16500000000002,158.776,146.35365,0.2482493344037935,159.5555328773803,150.77446712261974,53.67619044756319,-0.3185981850104156,-0.9047872496907996,0.586189064680384,5.950000000000003,-0.0019176681155715,156.14,-0.0285643318430203,156.44,0.0329035982297478,161.04,0.0243870967741934,158.78,-0.0086418160711982,153.72,157.422,2.121843538060699,0.38113242513836154,161.04,155.91,156.13299999999998,2.4960815958883886,0.28895377882630513,161.04,153.1,155.16500000000002,2.195266438690137,0.24824933440379277,161.04,152.36,158.776,4.760697084954672,0.2654438985544049,168.92,152.36,4,2,1,1.0155640769437981,0.9924673754157275,0.033506790201589635,-0.0037301637478424792,158.29,0.004505647924863521
2020-02-10,AAPL,157.51,159.67,156.92,158.29,120760546,158.29,0.0045056479248635,155.4615,158.7588,146.47395,0.2467293483828909,159.85537264745966,151.06762735254034,59.82215032993084,-0.14704736241361616,-0.7532392722353629,0.6061919098217468,5.774285714285717,0.009222492634815,157.58,-0.0019176681155715,156.14,-0.0285643318430203,156.44,-0.0180753243481547,155.91,0.0013661202185792,153.93,157.898,1.9585249551665445,0.3509879986801954,161.04,156.14,156.569,2.4488611865743604,0.2889984948623966,161.04,153.1,155.4615,2.1969363237298305,0.24672934838289018,161.04,152.71,158.7588,4.760871828922787,0.2647807395798842,168.92,152.36,0,2,1,1.01819421528148,0.9970470928162908,0.01737317581642951,0.004952066535426634,156.88,-0.008907701055025585
2020-02-11,AAPL,155.34,158.8,154.95,156.88,113403560,156.88,-0.0089077010550255,155.67,158.6714,146.58175,0.2497529719481145,159.90707943107657,151.4329205689234,54.67252393109364,-0.12344432633446445,-0.6272802830551832,0.5038359567207188,5.614285714285718,0.0045056479248635,158.29,0.009222492634815,157.58,-0.0019176681155715,156.14,0.0329035982297478,161.04,-0.0053920613265771,153.1,157.06599999999997,0.8726855103700428,0.2344646190361228,158.29,156.14,156.947,2.1241000708794937,0.2923578821120515,161.04,153.41,155.67,2.118539715538289,0.2497529719481138,161.04,152.83,158.6714,4.754312761770802,0.26377576394482366,168.92,152.36,1,2,1,1.0077728528232301,0.9887100006618161,0.024541050484290425,0.00991373760776412,156.44,-0.0028046914839368053
2020-02-12,AAPL,157.14,158.27,154.61,156.44,50643906,156.44,-0.0028046914839368,155.68699999999998,158.6122,146.68615,0.2377017882283682,159.93406015968563,151.43993984031434,52.76442304732763,-0.13864486130000842,-0.5295531987041483,0.3909083374041399,5.322857142857146,-0.0089077010550255,156.88,0.0045056479248635,158.29,0.009222492634815,157.58,-0.0285643318430203,156.44,0.0020248203788373,153.41,157.06599999999997,0.8726855103700428,0.11119075575348557,158.29,156.14,157.25,1.7459413252197775,0.2936237700521494,161.04,155.0,155.68699999999998,2.123530079842823,0.23770178822836752,161.04,152.83,158.6122,4.7634751034540415,0.26262204625086166,168.92,152.36,2,2,1,1.0048366273291616,0.9863049626637402,0.023395551009822303,-0.004454626447725176,155.34,-0.007031449757095354
2020-02-13,AAPL,155.45,156.2,154.48,155.34,111062144,155.34,-0.0070314497570953,155.8125,158.5354,146.7749,0.2261191449520168,159.8471179627385,151.7778820372615,53.27669899895333,-0.23672340167129846,-0.47098723929757835,0.2342638376262799,4.942857142857146,-0.0028046914839368,156.44,-0.0089077010550255,156.88,0.0045056479248635,158.29,-0.0019176681155715,156.14,0.0103643830258783,155.0,156.906,1.1224883072931142,0.12218692824013735,158.29,155.34,157.284,1.699962091080322,0.29291805517266023,161.04,155.34,155.8125,2.0173089813692595,0.22611914495201615,161.04,153.1,158.5354,4.785040553855609,0.26305427140957127,168.92,152.36,3,2,1,0.9969675090188723,0.9798442492908218,0.011072486159321014,-0.0007076230299085083,154.02,-0.008497489378138212
2020-02-14,AAPL,155.06,155.06,153.18,154.02,77956516,154.02,-0.0084974893781382,155.735,158.4068,146.86405000000002,0.2190886781442499,159.84801656490063,151.62198343509934,50.17421600067988,-0.41616700564685516,-0.46002319256743374,0.04385618692057858,4.705000000000003,-0.0070314497570953,155.34,-0.0028046914839368,156.44,-0.0089077010550255,156.88,0.009222492634815,157.58,0.0243870967741934,158.78,156.19400000000002,1.6108941616411416,0.08901786656631334,158.29,154.02,156.808,1.8902898072927143,0.26234910345544626,161.04,154.02,155.73499999999999,2.0565082824503174,0.2190886781442494,161.04,153.1,158.4068,4.818820009682477,0.26297092878436534,168.92,152.36,4,2,1,0.9889877034642888,0.9723067444012992,0.012206206986026421,-0.0067070811298419,156.05,0.013180106479677933
2020-02-17,AAPL,157.06,159.43,152.68,156.05,82366291,156.05,0.0131801064796779,155.75500000000002,158.2758,146.96645,0.2243475979275387,159.87016578933017,151.63983421066987,55.456899712305,-0.39007675798498553,-0.44603390565094414,0.055957147665958606,4.89357142857143,-0.0084974893781382,154.02,-0.0070314497570953,155.34,-0.0028046914839368,156.44,0.0045056479248635,158.29,-0.0180753243481547,155.91,155.746,1.1184721722105513,0.14700720836155415,156.88,154.02,156.822,1.8834058983068265,0.258675016459766,161.04,154.02,155.75500000000002,2.057582894665081,0.22434759792753814,161.04,153.1,158.2758,4.791454591462046,0.26291087419954706,168.92,152.36,0,2,1,1.0018940001861776,0.9859372058079257,0.04325536686931589,-0.006430663440682289,156.94,0.005703300224287
2020-02-18,AAPL,158.02,158.58,155.3,156.94,82376930,156.94,0.005703300224287,155.9305,158.2196,147.07705,0.218363820162258,159.92581027712686,151.93518972287313,56.39261134409647,-0.29419321058057335,-0.41566576663687,0.12147255605629664,4.739285714285716,0.0131801064796779,156.05,-0.0084974893781382,154.02,-0.0070314497570953,155.34,-0.0089077010550255,156.88,0.0329035982297478,161.04,155.75799999999998,1.1338959387921779,0.1454267155682588,156.94,154.02,156.41199999999998,1.1769244288017782,0.18909245523294219,158.29,154.02,155.9305,1.997655138563429,0.2183638201622575,161.04,153.1,158.2196,4.790289906441676,0.26041921910697857,168.92,152.36,1,2,1,1.0064740381066792,0.9919125064088652,0.020899706894221368,-0.0068345779014882795,155.37,-0.010003823117114785
2020-02-19,AAPL,155.33,157.76,152.99,155.37,75333840,155.37,-0.0100038231171147,155.972,158.1468,147.1942,0.220629262371097,159.92349858314802,152.020501416852,50.67053277602801,-0.3409603092172233,-0.4007246751529407,0.05976436593571738,4.6207142857142856,0.005703300224287,156.94,0.0131801064796779,156.05,-0.0084974893781382,154.02,-0.0028046914839368,156.44,-0.0285643318430203,156.44,155.544,1.0723012636425102,0.1624957968574251,156.94,154.02,156.305,1.2218769714388762,0.1317490777334247,158.29,154.02,155.972,1.9757492915740067,0.22062926237109648,161.04,153.1,158.1468,4.805667334576347,0.26116511755696886,168.92,152.36,2,2,1,0.9961403328738739,0.9824416301753659,0.030700907510904814,0.0002575162557119328,157.54,0.013966660230417594
2020-02-20,AAPL,157.01,159.27,155.81,157.54,128857820,157.54,0.0139666602304175,156.096,158.139,147.31904999999998,0.225696109623212,160.08248981594346,152.10951018405655,47.61354885809891,-0.20061019778762557,-0.3607017796798777,0.16009158189225214,4.545714285714287,-0.0100038231171147,155.37,0.005703300224287,156.94,0.0131801064796779,156.05,-0.0070314497570953,155.34,-0.0019176681155715,156.14,155.98399999999998,1.376019621956557,0.18314547245229149,157.54,154.02,156.445,1.2797069977144258,0.1503097500190335,158.29,154.02,156.096,1.9932449079717227,0.22569610962321143,161.04,153.1,158.139,4.806342854255712,0.2626772882026982,168.92,152.36,3,2,1,1.0092507175007095,0.9962121930643534,0.021962676145601406,0.0033755811731521917,158.32,0.004951123524184364
2020-02-21,AAPL,159.24,162.09,154.55,158.32,77365384,158.32,0.0049511235241843,156.326,158.1766,147.44494999999998,0.2232266488570096,160.26581778899933,152.38618221100066,55.04395141186206,-0.026140905952075855,-0.2937896049343174,0.26764869898224153,4.732142857142857,0.0139666602304175,157.54,-0.0100038231171147,155.37,0.005703300224287,156.94,-0.0084974893781382,154.02,0.009222492634815,157.58,156.844,1.1699700850918255,0.15295683779423594,158.32,155.37,156.519,1.3707860680805328,0.1451552227973846,158.32,154.02,156.326,1.9699088944996699,0.22322664885700902,161.04,153.1,158.1766,4.800129934466044,0.2619805331465845,168.92,152.36,4,2,1,1.0127553957690163,1.0009065816245835,0.04762506316291289,-0.005777442853518202,160.31,0.012569479535118777
2020-02-24,AAPL,160.16,161.95,158.68,160.31,51121654,160.31,0.0125694795351187,156.645,158.1688,147.58055000000002,0.2266083061525006,160.79549775074472,152.4945022492553,48.24096382287359,0.26959589996985756,-0.18111250395348238,0.45070840392333994,4.374285714285713,0.0049511235241843,158.32,0.0139666602304175,157.54,-0.0100038231171147,155.37,0.0131801064796779,156.05,0.0045056479248635,158.29,157.696,1.818551621486201,0.15109024717737174,160.31,155.37,156.721,1.7555844231098259,0.15657184150781966,160.31,154.02,156.645,2.0752488753723553,0.22660830615249994,161.04,153.1,158.1688,4.796261145892051,0.25625550170533423,168.92,152.36,0,2,1,1.023396852749699,1.0135374359480913,0.020397978915723185,0.0009365634365576244,161.89,0.009855904185640307
2020-02-25,AAPL,160.86,164.09,159.69,161.89,68348163,161.89,0.0098559041856403,157.0845,158.172,147.72615,0.2263596352626687,161.50708069457073,152.66191930542925,65.36943029243248,0.6242660937836604,-0.02003678440605383,0.6443028781897142,4.218571428571429,0.0125694795351187,160.31,0.0049511235241843,158.32,0.0139666602304175,157.54,0.005703300224287,156.94,-0.0089077010550255,156.88,158.68599999999998,2.517246511569817,0.15439080302341754,161.89,155.37,157.222,2.4018964729283634,0.1504922796104983,161.89,154.02,157.0845,2.2112903472853676,0.226359635262668,161.89,153.41,158.172,4.798738354601162,0.2568095417845888,168.92,152.36,1,2,1,1.0305918152266418,1.0235060566913012,0.027178948668681372,0.006403083426542146,159.94,-0.012045215887330873
2020-02-26,AAPL,161.08,163.53,156.35,159.94,85927551,159.94,-0.0120452158873308,157.411,158.1958,147.87574999999998,0.232500671961483,161.6518087609981,153.1701912390019,59.80392152542551,0.7394719026829932,0.13186495301175558,0.6076069496712376,4.365000000000001,0.0098559041856403,161.89,0.0125694795351187,160.31,0.0049511235241843,158.32,-0.0100038231171147,155.37,-0.0028046914839368,156.44,159.6,1.7136073062433947,0.1680234579058024,161.89,157.54,157.572,2.527030756528974,0.16703649955386432,161.89,154.02,157.411,2.120404380499058,0.2325006719614823,161.89,154.02,158.1958,4.804610918860606,0.2548280437637232,168.92,152.36,2,2,1,1.0160662215409593,1.0110255771581103,0.04489183443763359,-0.007077228706189083,158.66,-0.008003001125422071
2020-02-27,AAPL,159.87,162.12,155.19,158.66,130805638,158.66,-0.008003001125422,157.594,158.1488,148.0228,0.233074387757761,161.71080714299583,153.47719285700416,52.80957332261527,0.7191975717330479,0.24933147675601403,0.46986609497703385,4.482857142857144,-0.0120452158873308,159.94,0.0098559041856403,161.89,0.0125694795351187,160.31,0.0139666602304175,157.54,-0.0070314497570953,155.34,159.824,1.426089057531407,0.17354089623782298,161.89,158.32,157.904,2.4168997588736096,0.16861423997883418,161.89,154.02,157.594,2.0584035714979256,0.2330743877577603,161.89,154.02,158.1488,4.7879852351742676,0.25344955857313006,168.92,152.36,3,2,1,1.0067642169054232,1.003232398848406,0.04367830581089329,-0.007568649527693997,160.5,0.011597125929661
2020-02-28,AAPL,160.39,161.9,159.1,160.5,101825901,160.5,0.011597125929661,157.68,158.0334,148.18215,0.2203219797735051,161.96936996968464,153.39063003031538,55.42997539184182,0.8418977674648147,0.3678447348977742,0.4740530325670405,4.517857142857145,-0.008003001125422,158.66,-0.0120452158873308,159.94,0.0098559041856403,161.89,0.0049511235241843,158.32,-0.0084974893781382,154.02,160.26,1.1596766790838624,0.18777990763260352,161.89,158.66,158.552,2.1089059828363994,0.16310988187571904,161.89,155.37,157.68,2.14468498484231,0.22032197977350454,161.89,154.02,158.0334,4.65596769134613,0.24363373036168712,168.92,152.36,4,2,1,1.017884322672388,1.015608092966325,0.017445482865934992,0.0006858282935303187,162.03,0.009532710280373946
2020-03-02,AAPL,160.66,165.44,158.62,162.03,56929435,162.03,0.0095327102803739,157.98600000000002,157.8956,148.3566,0.2108239059346443,162.60428585197116,153.36771414802888,62.57938442227112,1.0504874049473472,0.5043732689076887,0.5461141360396584,4.7299999999999995,0.011597125929661,160.5,-0.008003001125422,158.66,-0.0120452158873308,159.94,0.0125694795351187,160.31,0.0131801064796779,156.05,160.60399999999998,1.406957710811207,0.17884627207523807,162.03,158.66,159.15,2.1676356807459634,0.15843356163080854,162.03,155.37,157.98600000000002,2.3091429259855634,0.21082390593464365,162.03,154.02,157.8956,4.423335688397021,0.2418165770124024,168.69,152.36,0,3,1,1.0255972048091249,1.0261843901855012,0.04209097080761527,0.00852732478520775,162.04,6.171696599399645e-05
2020-03-03,AAPL,161.67,164.33,159.74,162.04,216178099,162.04,6.171696599399645e-05,158.036,157.833,148.53245,0.1764193762266373,162.81244836121556,153.25955163878444,63.97205584353252,1.2027386889584761,0.6440463529178463,0.5586923360406298,4.796428571428572,0.0095327102803739,162.03,0.011597125929661,160.5,-0.008003001125422,158.66,0.0098559041856403,161.89,0.005703300224287,156.94,160.63400000000001,1.4423869106488476,0.16540054819254021,162.04,158.66,159.66,2.1897437698909457,0.15907817021737877,162.04,155.37,158.036,2.3882241806077813,0.17641937622663675,162.04,154.02,157.833,4.339642254605905,0.23675770529162213,168.69,152.36,1,3,1,1.0253359993860556,1.0266547553361676,0.02832633917533743,0.0022886126059115234,162.38,0.0020982473463342366
2020-03-04,AAPL,163.36,164.76,160.0,162.38,88937756,162.38,0.0020982473463342,158.333,157.8,148.7059,0.1394175061469929,163.42018969052256,153.24581030947743,68.25726136122401,1.33543996630101,0.7823250755944791,0.5531148907065309,4.996428571428571,6.171696599399645e-05,162.04,0.0095327102803739,162.03,0.011597125929661,160.5,-0.0120452158873308,159.94,-0.0100038231171147,155.37,161.12199999999999,1.5570870239043524,0.12476472630724411,162.38,158.66,160.36100000000002,1.7395749800193638,0.141476165824954,162.38,157.54,158.333,2.543594845261284,0.13941750614699217,162.38,154.02,157.8,4.297626777463252,0.23632353148726615,168.69,152.36,2,3,1,1.0255600538041625,1.0290240811088147,0.02931395492037614,-0.005999020568033908,165.57,0.019645276511885745
2020-03-05,AAPL,166.9,166.9,164.3,165.57,133244119,165.57,0.0196452765118857,158.80450000000002,157.7666,148.87679999999995,0.1520234726825979,164.71695420589737,152.89204579410267,77.30496448783599,1.6786624489334372,0.9615925502622708,0.7170698986711664,5.165,0.0020982473463342,162.38,6.171696599399645e-05,162.04,0.0095327102803739,162.03,-0.008003001125422,158.66,0.0139666602304175,157.54,162.504,1.8622379010244154,0.12475006708602383,165.57,160.5,161.164,2.1072003543401836,0.15444011350409934,165.57,158.32,158.80450000000002,2.9562271029486733,0.15202347268259714,165.57,154.02,157.7666,4.228701064615395,0.2363559760642725,168.69,152.36,3,3,1,1.042602697020282,1.0494616731231485,0.015703327897471107,-0.007968843618885823,164.17,-0.008455638098689433
2020-03-06,AAPL,163.19,165.25,163.08,164.17,75289513,164.17,-0.0084556380986894,159.134,157.7394,149.03875,0.1553107538006768,165.47790017841356,152.7900998215864,69.78557500112093,1.8167579843413932,1.1326256370780952,0.6841323472632981,4.860714285714285,0.0196452765118857,165.57,0.0020982473463342,162.38,6.171696599399645e-05,162.04,0.011597125929661,160.5,0.0049511235241843,158.32,163.238,1.5761884405146738,0.16799881338036762,165.57,162.03,161.749,2.04091727743465,0.16863480307334736,165.57,158.66,159.134,3.1719500892067822,0.15531075380067605,165.57,154.02,157.7394,4.181860444289361,0.235998992446857,168.69,152.36,4,3,1,1.0316462855138961,1.0407672401375891,0.013218005725691477,0.0060052699307187,165.58,0.008588658098312774
2020-03-09,AAPL,164.14,168.81,162.34,165.58,99024800,165.58,0.0085886580983127,159.49849999999998,157.71720000000002,149.20495,0.1568198840069603,166.44711523500922,152.54988476499074,70.53231934470287,2.0167273299249473,1.3094459756474657,0.7072813542774816,5.088571428571427,-0.0084556380986894,164.17,0.0196452765118857,165.57,0.0020982473463342,162.38,0.0095327102803739,162.03,0.0125694795351187,160.31,163.948,1.6913515305850348,0.1663699822869484,165.58,162.04,162.276,2.2929030604110334,0.16387985064146715,165.58,158.66,159.49849999999998,3.4743076175046155,0.15681988400695954,165.58,154.02,157.71720000000002,4.1360708161152395,0.23626887842404976,168.69,152.36,0,3,1,1.0381288852181174,1.0498537889269537,0.039074767483759654,0.008772998659627473,165.13,-0.0027177195313444757
2020-03-10,AAPL,166.38,167.59,162.66,165.13,111923324,165.13,-0.0027177195313444,159.911,157.646,149.36945,0.1524302132282598,167.17735476555748,152.64464523444252,74.49799191551341,2.114518386095284,1.4704604577370295,0.6440579283582546,5.1000000000000005,0.0085886580983127,165.58,-0.0084556380986894,164.17,0.0196452765118857,165.57,6.171696599399645e-05,162.04,0.0098559041856403,161.89,164.566,1.3499740738297656,0.17199798228306057,165.58,162.38,162.6,2.4554519837378623,0.1619126808272766,165.58,158.66,159.911,3.633177382778733,0.15243021322825906,165.58,154.02,157.646,3.970659740586192,0.23472240606998793,166.42,152.36,1,3,1,1.032636904271547,1.047473453173265,0.029855265548175088,-0.00751292222618396,164.65,-0.0029068007024767306
2020-03-11,AAPL,164.28,166.91,162.39,164.65,130230312,164.65,-0.0029068007024767,160.3215,157.6106,149.55005,0.1524787402485784,167.68913412715182,152.9538658728482,69.50082276615407,2.1287476365296243,1.6021178934955485,0.5266297430340758,5.144285714285715,-0.0027177195313444,165.13,0.0085886580983127,165.58,-0.0084556380986894,164.17,0.0020982473463342,162.38,-0.0120452158873308,159.94,165.02,0.6098360435499685,0.17871505269097593,165.58,164.17,163.071,2.3374176158976705,0.1453171161588172,165.58,158.66,160.32150000000001,3.6838170635758973,0.15247874024857766,165.58,154.02,157.6106,3.8980661924623767,0.2328732394099431,166.33,152.36,2,3,1,1.0269988741308747,1.0446632396485729,0.027452171272229323,0.00225225225223857,167.44,0.01694503492256305
2020-03-12,AAPL,167.58,170.72,164.16,167.44,122116310,167.44,0.016945034922563,160.92649999999998,157.63279999999995,149.74465,0.1560917621898384,168.55438313050382,153.29861686949613,72.52964421860598,2.338200779900916,1.749334470776622,0.5888663091242938,5.074285714285716,-0.0029068007024767,164.65,-0.0027177195313444,165.13,0.0085886580983127,165.58,0.0196452765118857,165.57,-0.008003001125422,158.66,165.394,1.2591783035030462,0.16305134112454067,167.44,164.17,163.949,2.1368224072199826,0.1466548031321254,167.44,160.5,160.92649999999998,3.8139415652519264,0.1560917621898376,167.44,154.02,157.63279999999997,3.951531885851329,0.2359938354654311,167.44,152.36,3,3,1,1.0404749994498081,1.0622154779902269,0.0391782130910226,-0.0008354218880485699,169.58,0.012780697563306243
2020-03-13,AAPL,171.17,173.03,166.14,169.58,113398190,169.58,0.0127806975633062,161.7045,157.8546,149.94915,0.1520739344582675,169.5376884346431,153.8713115653569,72.73173119086591,2.6463683334835366,1.9287412433180053,0.7176270901655313,5.30714285714286,0.016945034922563,167.44,-0.0029068007024767,164.65,-0.0027177195313444,165.13,-0.0084556380986894,164.17,0.011597125929661,160.5,166.47600000000003,2.031804616594128,0.14338895863730153,169.58,164.65,164.857,2.4189531711965033,0.14815904411890235,169.58,162.03,161.7045,3.916594217321551,0.15207393445826667,169.58,155.37,157.8546,4.296787224075848,0.21116073323392714,169.58,152.36,4,3,1,1.0487030354687181,1.07427974857195,0.040629791248728536,-0.009289010924757177,171.72,0.012619412666587948
2020-03-16,AAPL,170.23,173.13,170.23,171.72,70526740,171.72,0.0126194126665879,162.488,158.1666,150.1399,0.1516799378654026,171.04141015403528,153.93458984596472,73.46062047596905,3.0283643559943414,2.148665865853273,0.8796984901410685,5.246428571428573,0.0127806975633062,169.58,0.016945034922563,167.44,-0.0029068007024767,164.65,0.0085886580983127,165.58,0.0095327102803739,162.03,167.704,2.986206623797765,0.14973554246540488,171.72,164.65,165.826,3.0254703950143114,0.15125602856588002,171.72,162.04,162.488,4.276705077017643,0.15167993786540176,171.72,155.37,158.1666,4.7143504800747955,0.2092157321575985,171.72,152.36,0,3,1,1.0568165033660528,1.0856906578184922,0.016887957139431156,0.008752863772491667,175.18,0.020149079897507693
2020-03-17,AAPL,175.7,178.19,172.16,175.18,63645474,175.18,0.0201490798975076,163.39999999999998,158.5584,150.34965,0.1611437625489562,173.25351233130374,153.54648766869622,83.92698124777478,3.5691491103148394,2.4327625147455865,1.136386595569253,5.195714285714287,0.0126194126665879,171.72,0.0127806975633062,169.58,0.016945034922563,167.44,-0.0027177195313444,165.13,6.171696599399645e-05,162.04,169.714,4.022882051466879,0.14065582091797368,175.18,164.65,167.14000000000001,3.919733551034784,0.16284216977100943,175.18,162.38,163.39999999999998,4.926756165651878,0.1611437625489553,175.18,155.37,158.5584,5.27638456923402,0.2127453103753526,175.18,152.36,1,3,1,1.0720930232492532,1.1048295139134552,0.03442173764108677,-0.002959590210569279,175.29,0.0006279255622787527
2020-03-18,AAPL,173.8,176.64,173.8,175.29,91383929,175.29,0.0006279255622787,164.39600000000002,159.0092,150.5567,0.1516634656482925,174.84121023446176,153.95078976553827,89.0558947277227,3.960941734237565,2.738398358643982,1.2225433755935828,4.903571428571427,0.0201490798975076,175.18,0.0126194126665879,171.72,0.0127806975633062,169.58,-0.0029068007024767,164.65,0.0020982473463342,162.38,171.842,3.447465735872534,0.11752190614880854,175.29,167.44,168.43099999999998,4.286631544697578,0.16446174712071218,175.29,164.17,164.39600000000002,5.222605117230864,0.1516634656482917,175.29,157.54,159.0092,5.714677429431243,0.20744693087180657,175.29,152.36,2,3,1,1.066266819137532,1.1023890441490027,0.016201722859169227,0.008573072497073692,177.15,0.01061098750641798
2020-03-19,AAPL,176.71,180.7,173.61,177.15,116195935,177.15,0.0106109875064179,165.3765,159.4204,150.7732,0.1498093105031638,176.7520847044634,154.0009152955366,89.06616606067915,4.371138898459179,3.064946466607022,1.3061924318521574,5.178571428571424,0.0006279255622787,175.29,0.0201490798975076,175.18,0.0126194126665879,171.72,0.016945034922563,167.44,0.0196452765118857,165.57,173.784,3.061066807506155,0.11128891654855928,177.15,169.58,169.589,4.941916969489619,0.15190474841571297,177.15,164.17,165.3765,5.687792352231693,0.149809310503163,177.15,158.32,159.4204,6.251532370514749,0.20190545257907794,177.15,152.36,3,3,1,1.0711920980243796,1.1112128686095932,0.04002257973446205,0.002489955293970391,176.39,-0.004290149590742365
2020-03-20,AAPL,177.46,179.59,173.19,176.39,73181185,176.39,-0.0042901495907423,166.28000000000003,159.8818,150.99730000000002,0.1541352593404177,178.15518775474848,154.40481224525158,84.95618299954289,4.5820781137501285,3.3683727960356435,1.213705317714485,5.148571428571425,0.0106109875064179,177.15,0.0006279255622787,175.29,0.0201490798975076,175.18,0.0127806975633062,169.58,-0.0084556380986894,164.17,175.146,2.0810406050859416,0.154956591961484,177.15,171.72,170.81099999999998,4.963848081657377,0.14123748163880917,177.15,164.65,166.28000000000003,5.9375938773742325,0.1541352593404168,177.15,158.66,159.8818,6.631879005444766,0.1953313412270699,177.15,152.36,4,3,1,1.060801058449237,1.1032525277980154,0.03628323601090608,-0.0060295277808745185,177.31,0.0052157151765974685
2020-03-23,AAPL,177.07,181.59,173.03,177.31,122498087,177.31,0.0052157151765974,167.13,160.3808,151.21439999999998,0.1518316395763699,179.62349641339773,154.63650358660226,85.59440553853969,4.768516779704527,3.64840159276942,1.1201151869351067,5.432142857142854,-0.0042901495907423,176.39,0.0106109875064179,177.15,0.0006279255622787,175.29,0.0126194126665879,171.72,0.0085886580983127,165.58,176.264,1.0023372685962073,0.14970692433912333,177.31,175.18,171.98399999999998,4.976304295804273,0.14135103025436502,177.31,164.65,167.13,6.246748206698861,0.15183163957636905,177.31,158.66,160.3808,6.983689113402384,0.1942650614174543,177.31,152.71,0,3,1,1.0609106683356615,1.1055562760560769,0.04827702893210606,0.0013553961709982139,177.02,-0.0016355535502791119
2020-03-24,AAPL,178.78,178.78,175.9,177.02,143032708,177.02,-0.0016355535502791,167.8865,160.86700000000002,151.42225,0.1525307395697844,180.86684185747225,154.90615814252777,84.20560742154767,4.837110984885868,3.88614347119271,0.9509675136931581,5.29785714285714,0.0052157151765974,177.31,-0.0042901495907423,176.39,0.0106109875064179,177.15,0.0201490798975076,175.18,-0.0027177195313444,165.13,176.632,0.8273572384508767,0.09361243096928719,177.31,175.29,173.173,4.559717462006689,0.13937923674870673,177.31,164.65,167.8865,6.490170928736124,0.15253073956978358,177.31,158.66,160.86700000000002,7.278744635539132,0.19455020215006777,177.31,152.83,1,3,1,1.0544028257122855,1.1004121417002841,0.016269348096168378,-0.009844501622050266,177.34,0.0018077053440288537
2020-03-25,AAPL,177.55,178.43,176.25,177.34,55450917,177.34,0.0018077053440288,168.7565,161.2918,151.62335,0.1399860708181262,181.82641607914124,155.68658392085874,81.75930916650665,4.861256177151716,4.081166012384512,0.7800901647672047,5.130714285714283,-0.0016355535502791,177.02,0.0052157151765974,177.31,-0.0042901495907423,176.39,0.0006279255622787,175.29,-0.0029068007024767,164.65,177.042,0.3866135021144783,0.09281029502909556,177.34,176.39,174.442,3.5860526116230496,0.1317880561395259,177.34,167.44,168.7565,6.534958039570622,0.13998607081812553,177.34,158.66,161.2918,7.6072451207077965,0.18954006595666784,177.34,152.83,2,3,1,1.0508632260028452,1.0994979285921573,0.012292770948391306,-0.001182765418185442,178.99,0.00930416149768809
2020-03-26,AAPL,178.35,180.9,177.09,178.99,57240309,178.99,0.009304161497688,169.773,161.815,151.8418,0.1315393910532183,182.6981091413495,156.8478908586505,89.45686894289683,4.956398351409575,4.256212480189524,0.700185871220051,5.224999999999999,0.0018077053440288,177.34,-0.0016355535502791,177.02,0.0052157151765974,177.31,0.0106109875064179,177.15,0.016945034922563,167.44,177.41000000000003,0.9622629578329345,0.08566334642582167,178.99,176.39,175.597,2.8684879873076423,0.12161693458234842,178.99,169.58,169.773,6.462554570674752,0.1315393910532176,178.99,160.5,161.815,7.907082913697291,0.1822170803786163,178.99,153.1,3,3,1,1.0542901403576879,1.1061397274597156,0.021286105368896118,0.0035884496775801873,176.87,-0.011844237108218358
2020-03-27,AAPL,175.88,178.68,175.06,176.87,75631783,176.87,-0.0118442371082183,170.5915,162.241,152.035,0.1442046939668715,183.11102290162123,158.07197709837874,78.96357100536216,4.805339959715241,4.366037976094668,0.43930198362057293,5.043571428571427,0.009304161497688,178.99,0.0018077053440288,177.34,-0.0016355535502791,177.02,-0.0042901495907423,176.39,0.0127806975633062,169.58,177.50600000000003,0.852777813980535,0.12758451435015414,178.99,176.87,176.326,1.9480999289892984,0.14735189246274907,178.99,171.72,170.5915,6.2597614508106245,0.14420469396687072,178.99,162.03,162.241,8.134275239593963,0.1821243418212732,178.99,153.1,4,3,1,1.0368042956358507,1.0901683298235947,0.020467009668002134,0.005628837843952583,182.57,0.03222705942217452
2020-03-30,AAPL,182.02,184.38,180.76,182.57,90474831,182.57,0.0322270594221745,171.61849999999998,162.77939999999998,152.27085,0.1734046276665955,184.544184385831,158.69281561416898,85.24656422015148,5.086928513690168,4.510216083613768,0.5767124300763999,5.2278571428571405,-0.0118442371082183,176.87,0.009304161497688,178.99,0.0018077053440288,177.34,0.0052157151765974,177.31,0.0126194126665879,171.72,178.558,2.396929285568907,0.2624179036891803,182.57,176.87,177.411,2.1122891742254626,0.20145390625959417,182.57,175.18,171.61849999999998,6.462842192915502,0.17340462766659487,182.57,162.04,162.77939999999998,8.56843814739398,0.1937693658108841,182.57,153.1,0,3,1,1.0638130504516483,1.121579266165611,0.019828011173687776,0.003021645972953309,179.9,-0.014624527578462998
2020-03-31,AAPL,179.44,184.06,175.74,179.9,64857971,179.9,-0.0146245275784629,172.5115,163.30880000000002,152.48715,0.1873936826143311,185.11463123164705,159.90836876835297,78.31414774985524,5.036584178329292,4.615489702556873,0.4210944757724189,5.499285714285711,0.0322270594221745,182.57,-0.0118442371082183,176.87,0.009304161497688,178.99,-0.0016355535502791,177.02,0.0201490798975076,175.18,179.13400000000001,2.278032045432668,0.2996942353227655,182.57,176.87,177.88299999999998,2.0855537500718824,0.20958504291598332,182.57,175.29,172.5115,6.301565615823521,0.18739368261433043,182.57,162.38,163.30880000000002,8.79375813882118,0.19393931729441985,182.57,153.1,1,3,1,1.0428290287833402,1.1015940353422375,0.046247915508358786,0.0025635309852733196,176.71,-0.017732073374096657
2020-04-01,AAPL,175.18,178.47,174.94,176.71,137401556,176.71,-0.0177320733740966,173.228,163.75220000000002,152.66445,0.2043508313106191,185.008425512823,161.447574487177,66.95938525658869,4.685270705572719,4.629445903160043,0.05582480241267618,5.384999999999997,-0.0146245275784629,179.9,0.0322270594221745,182.57,-0.0118442371082183,176.87,0.0018077053440288,177.34,0.0006279255622787,175.29,179.00799999999998,2.4153509061869403,0.33602949196377263,182.57,176.71,178.025,1.9320814912635804,0.23364931751282883,182.57,176.39,173.228,5.890212756411499,0.2043508313106183,182.57,164.17,163.75220000000002,8.90087023720681,0.1993330360831173,182.57,153.1,2,4,2,1.0201006765591007,1.0791305399189806,0.019976232244808018,0.00873387372982799,179.87,0.017882406202252232
2020-04-02,AAPL,179.4,181.74,177.99,179.87,94789000,179.87,0.0178824062022522,173.943,164.2484,152.8677,0.202685897814508,185.500127852998,162.38587214700206,68.14814811449473,4.6087114809848515,4.625299018725005,-0.016587537740153202,5.252142857142853,-0.0177320733740966,176.71,-0.0146245275784629,179.9,0.0322270594221745,182.57,0.009304161497688,178.99,0.0106109875064179,177.15,179.184,2.4455837748926457,0.3567326016536813,182.57,176.71,178.297,1.985922959229372,0.2446980457987537,182.57,176.39,173.943,5.778563926498969,0.2026858978145073,182.57,164.17,164.2484,9.09582486863168,0.2022027422303018,182.57,153.1,3,4,2,1.0340743806819817,1.0951096022786517,0.020848390504137164,0.002619843924177141,182.08,0.012286651470506449
2020-04-03,AAPL,181.95,185.75,178.4,182.08,81272316,182.08,0.0122866514705064,174.8385,164.8156,153.08765000000002,0.1988066862462385,185.97502175690963,163.7019782430904,68.22660095161253,4.672504550256633,4.63474012503133,0.0377644252253031,5.523571428571425,0.0178824062022522,179.87,-0.0177320733740966,176.71,-0.0146245275784629,179.9,-0.0118442371082183,176.87,-0.0042901495907423,176.39,180.226,2.3198555989584118,0.34205368517786333,182.57,176.71,178.866,2.1840797706216373,0.2475988585457611,182.57,176.71,174.8385,5.568260878454811,0.19880668624623773,182.57,164.65,164.8156,9.307666833183989,0.20143534398373508,182.57,153.1,4,4,2,1.0414182230970788,1.1047497930954064,0.04036687170452344,0.000714482000545806,183.85,0.00972100175746915
2020-04-06,AAPL,184.67,186.42,181.28,183.85,45045037,183.85,0.0097210017574691,175.752,165.41400000000002,153.3152,0.1990982044294962,186.68627946270072,164.8177205372993,66.21773284971759,4.810433541278599,4.669878808280784,0.1405547329978143,5.428571428571424,0.0122866514705064,182.08,0.0178824062022522,179.87,-0.0177320733740966,176.71,0.0322270594221745,182.57,0.0052157151765974,177.31,180.48200000000003,2.6850642450449516,0.2611094486678353,183.85,176.71,179.52,2.6049909362168315,0.24960541863177846,183.85,176.71,175.752,5.467139731350362,0.1990982044294955,183.85,164.65,165.41400000000002,9.552121679052823,0.20185924948443015,183.85,153.1,0,4,2,1.0460762893108124,1.1114536858965296,0.02795757410917612,-0.004440353062195012,185.65,0.009790590155017709
2020-04-07,AAPL,186.24,189.47,181.84,185.65,47261703,185.65,0.0097905901550177,176.778,166.065,153.55675000000002,0.1973426180296949,187.36093283397568,166.1950671660243,68.22660095161253,5.007267553717156,4.737356557368059,0.2699109963490969,5.770714285714283,0.0097210017574691,183.85,0.0122866514705064,182.08,0.0178824062022522,179.87,-0.0146245275784629,179.9,-0.0016355535502791,177.02,181.632,3.4855157437629525,0.2204471234389813,185.65,176.71,180.38299999999998,3.0723319048122426,0.24930652977303833,185.65,176.71,176.778,5.291466416987844,0.19734261802969422,185.65,164.65,166.065,9.801686079445842,0.20124315851024982,185.65,153.41,1,4,2,1.0501872404877861,1.1179357480437304,0.04109884190659249,-0.0031679553264434895,185.68,0.0001615943980608492
2020-04-08,AAPL,186.46,186.85,184.51,185.68,89517159,185.68,0.0001615943980608,177.8295,166.71040000000002,153.81400000000002,0.1958114377907137,187.47628179225535,168.1827182077446,66.03986457598504,5.106812520115227,4.811247749917493,0.29556477019773375,5.431428571428571,0.0097905901550177,185.65,0.0097210017574691,183.85,0.0122866514705064,182.08,-0.0177320733740966,176.71,0.0018077053440288,177.34,183.42600000000002,2.483108938411745,0.10173071645358663,185.68,179.87,181.217,3.2794953880122657,0.25001082657409257,185.68,176.71,177.8295,4.823390896127691,0.195811437790713,185.68,167.44,166.71040000000002,10.011576556310182,0.20137784394288272,185.68,154.02,2,4,2,1.0441462187036228,1.1137877420897928,0.012602326583301385,-0.004183202831684103,183.26,-0.013033175355450344
2020-04-09,AAPL,181.46,185.97,180.56,183.26,34089464,183.26,-0.0130331753554503,178.62050000000002,167.27560000000005,154.0582,0.20258749811009,187.21758512413376,170.02341487586628,62.15929200459364,4.933557863930076,4.83570977272001,0.0978480912100661,5.360714285714285,0.0001615943980608,185.68,0.0097905901550177,185.65,0.0097210017574691,183.85,0.0178824062022522,179.87,0.009304161497688,178.99,184.10399999999998,1.5610349131331518,0.16641024021441722,185.68,182.08,181.644,3.2349968229409556,0.2633275723338829,185.68,176.71,178.62050000000002,4.298542562066875,0.20258749811008933,185.68,169.58,167.27560000000003,10.133934538198496,0.2043463543163619,185.68,154.02,3,4,2,1.0259740623219284,1.0955572719446494,0.029520899268637324,0.009919541496693836,183.53,0.0014733165993670028
2020-04-10,AAPL,182.5,184.57,182.49,183.53,119950792,183.53,0.001473316599367,179.31799999999998,167.77059999999997,154.31414999999998,0.2004976948144639,187.04647530411657,171.5895246958834,61.26811591095096,4.763132616332825,4.821194341442574,-0.05806172510974861,4.8978571428571405,-0.0130331753554503,183.26,0.0001615943980608,185.68,0.0097905901550177,185.65,0.0122866514705064,182.08,-0.0118442371082183,176.87,184.394,1.1789529252776703,0.14833297389977065,185.68,183.26,182.31,2.7991506648335234,0.25124770290997256,185.68,176.71,179.31799999999998,3.8642376520582924,0.20049769481446328,185.68,171.72,167.77059999999997,10.313369450794152,0.19866008791300102,185.68,154.02,4,4,2,1.0234889971947967,1.0939342173116513,0.011333297008601596,0.005643835616407438,181.74,-0.009753173868032428
2020-04-13,AAPL,182.33,182.88,180.6,181.74,75095834,181.74,-0.0097531738680324,179.81900000000002,168.28719999999998,154.55625,0.2034994898772967,186.7294159369084,172.9085840630916,58.109965607782144,4.432535825579038,4.743462638269866,-0.31092681269082867,4.9014285714285695,0.001473316599367,183.53,-0.0130331753554503,183.26,0.0001615943980608,185.68,0.0097210017574691,183.85,0.0322270594221745,182.57,183.972,1.6894584931333931,0.14575761781892238,185.68,181.74,182.227,2.8028875983318375,0.20184977329312526,185.68,176.71,179.81900000000002,3.4552079684542027,0.2034994898772961,185.68,175.18,168.28719999999998,10.353980214667065,0.19496859143067036,185.68,154.02,0,4,2,1.0106829645309412,1.0799395319365948,0.012545394519574423,-0.0032358909669103686,184.48,0.015076482887641518
2020-04-14,AAPL,184.42,188.75,180.21,184.48,292733846,184.48,0.0150764828876415,180.284,168.75600000000003,154.82094999999998,0.1985386344736278,187.13137183543128,173.43662816456876,61.32614210474092,4.341583515722618,4.663086813760417,-0.32150329803779876,5.355714285714283,-0.0097531738680324,181.74,0.001473316599367,183.53,-0.0130331753554503,183.26,0.0097905901550177,185.65,-0.0146245275784629,179.9,183.738,1.4650665513963639,0.17517865664863658,185.68,181.74,182.685,2.7541695663109476,0.19820636425727364,185.68,176.71,180.28400000000002,3.423685917715636,0.1985386344736273,185.68,175.29,168.75600000000003,10.5479823005278,0.18481801602774728,185.68,154.02,1,4,2,1.0232743892912113,1.0931759463302448,0.04629228100582015,0.0003253443227398164,184.14,-0.0018430182133565287
2020-04-15,AAPL,182.31,185.57,182.31,184.14,201379892,184.14,-0.0018430182133565,180.7265,169.31,155.06824999999998,0.1990677024158513,187.3553596304362,174.09764036956383,58.523667632594105,4.193725341154533,4.569214519239241,-0.37548917808470783,5.316428571428568,0.0150764828876415,184.48,-0.0097531738680324,181.74,0.001473316599367,183.53,0.0001615943980608,185.68,-0.0177320733740966,176.71,183.42999999999998,1.0608487168396208,0.17476382098778795,184.48,181.74,183.428,1.800153079908599,0.16603564606754784,185.68,179.87,180.72650000000002,3.3144298152180918,0.19906770241585076,185.68,176.39,169.31,10.615135901347877,0.17070248866281576,185.68,154.02,2,4,2,1.01888765620416,1.0875908097508262,0.01770392092963119,0.01003784762212685,181.93,-0.012001737808189361
2020-04-16,AAPL,183.04,184.78,179.08,181.93,74399335,181.93,-0.0120017378081893,180.9655,169.82580000000002,155.31215,0.203050706637696,187.393040988428,174.53795901157204,58.34983495653805,3.8537940039156524,4.426130416174523,-0.5723364122588706,5.442857142857138,-0.0018430182133565,184.14,0.0150764828876415,184.48,-0.0097531738680324,181.74,-0.0130331753554503,183.26,0.0178824062022522,179.87,183.164,1.2618359639906154,0.1706230101447687,184.48,181.74,183.634,1.4269329969452127,0.16472890291171807,185.68,181.74,180.96550000000002,3.2137704942139864,0.20305070663769545,185.68,176.39,169.82580000000002,10.588680342127539,0.17376806601412836,185.68,154.02,3,4,2,1.0053297451668672,1.0712742115681406,0.031330731599893684,-0.006064248251715041,181.12,-0.004452261858956752
2020-04-17,AAPL,182.11,183.51,178.72,181.12,76668569,181.12,-0.0044522618589567,181.202,170.2966,155.55495,0.2031118663700329,187.2580212750813,175.14597872491868,47.14679257536188,3.4789327681425277,4.236690886568124,-0.7577581184255964,5.248571428571424,-0.0120017378081893,181.93,-0.0018430182133565,184.14,0.0150764828876415,184.48,0.001473316599367,183.53,0.0122866514705064,182.08,182.682,1.5207958442933311,0.16949752093489326,184.48,181.12,183.538,1.5683806227351413,0.1542486568414853,185.68,181.12,181.202,3.0280106375406675,0.20311186637003237,185.68,176.71,170.2966,10.556363901283893,0.17401019433129322,185.68,154.02,4,4,2,0.9995474663579899,1.063556171990142,0.02644655477017196,-0.005436274778949935,182.3,0.006515017667844569
2020-04-20,AAPL,182.48,184.48,180.13,182.3,119135230,182.3,0.0065150176678445,181.4515,170.7768,155.7953,0.2034875090523977,187.2375277256623,175.66547227433767,55.01672237582636,3.2397231644098383,4.037297342136467,-0.797574177726629,4.964999999999995,-0.0044522618589567,181.12,-0.0120017378081893,181.93,-0.0018430182133565,184.14,-0.0097531738680324,181.74,0.0097210017574691,183.85,182.794,1.4531964767435703,0.16551337172383104,184.48,181.12,183.383,1.610155617045891,0.14906086050569678,185.68,181.12,181.45149999999998,2.8930138628311517,0.20348750905239718,185.68,176.71,170.7768,10.545138823947735,0.17416709421808868,185.68,154.02,0,4,2,1.0046761806818645,1.0674752073989706,0.023861766319123054,-0.0009864094695253836,180.83,-0.008063631376851288
2020-04-21,AAPL,179.26,184.99,176.67,180.83,158110740,180.83,-0.0080636313768512,181.642,171.25580000000002,156.04035,0.2060502600324114,187.05238611327923,176.23161388672077,59.27927924189597,2.898123353343948,3.809462544377964,-0.9113391910340161,5.2049999999999965,0.0065150176678445,182.3,-0.0044522618589567,181.12,-0.0120017378081893,181.93,0.0150764828876415,184.48,0.0097905901550177,185.65,182.064,1.303583522456278,0.11110988945828451,184.14,180.83,182.901,1.5772229462620795,0.1402024692831396,185.68,180.83,181.642,2.7051930566396174,0.20605026003241084,185.68,176.71,171.25580000000002,10.444480446433023,0.1738831949991261,185.68,154.02,1,4,2,0.9955296682430522,1.0559058437667168,0.046010064701399164,0.008758228271735264,178.67,-0.011944920643698675
2020-04-22,AAPL,179.63,179.65,177.7,178.67,41546571,178.67,-0.0119449206436986,181.7085,171.7004,156.27215,0.2111824192615056,186.9254855179754,176.49151448202463,47.16981128960481,2.425153434664452,3.5326007224352614,-1.1074472877708095,5.069285714285712,-0.0080636313768512,180.83,0.0065150176678445,182.3,-0.0044522618589567,181.12,-0.0018430182133565,184.14,0.0001615943980608,185.68,180.97000000000003,1.416209730237336,0.12158311448937549,182.3,178.67,182.2,1.752877000183221,0.14657202533974362,184.48,178.67,181.70850000000002,2.608492758987693,0.211182419261505,185.68,176.71,171.7004,10.272660756610803,0.1766157772339198,185.68,154.02,2,4,2,0.983278162546148,1.0405916351910618,0.010913975485470998,-0.005344318877663329,179.39,0.004029775563888727
2020-04-23,AAPL,179.69,182.67,176.11,179.39,39152976,179.39,0.0040297755638887,181.7285,172.1814,156.4942,0.2090712019944743,186.9045105547792,176.55248944522077,43.17605273442587,2.084391778323976,3.2429589336130045,-1.1585671552890284,5.012857142857139,-0.0119449206436986,178.67,-0.0080636313768512,180.83,0.0065150176678445,182.3,-0.0120017378081893,181.93,-0.0130331753554503,183.26,180.462,1.4411002741026089,0.1248647194688393,182.3,178.67,181.813,1.912764433423886,0.1414222481826688,184.48,178.67,181.7285,2.588005277389617,0.20907120199447382,185.68,176.71,172.1814,10.051651912161944,0.1752146778632336,185.68,154.02,3,4,2,0.9871319028056297,1.0418663107569002,0.036568370589015034,-0.001669541988971795,180.11,0.00401360165003628
2020-04-24,AAPL,181.13,184.48,175.74,180.11,62378003,180.11,0.0040136016500362,181.8905,172.7032,156.7357,0.2044886407603424,186.60882474731036,177.17217525268967,39.97856374278144,1.8510954176204848,2.964586230414501,-1.1134908127940162,5.269999999999996,0.0040297755638887,179.39,-0.0119449206436986,178.67,-0.0080636313768512,180.83,-0.0044522618589567,181.12,0.001473316599367,183.53,180.26,1.3958868149024446,0.13199631386146288,182.3,178.67,181.471,1.8770689326104792,0.14377303194554777,184.48,178.67,181.8905,2.359162373655163,0.2044886407603419,185.68,176.71,172.7032,9.762654883142728,0.17325390619635322,185.68,155.37,4,4,2,0.990211143512222,1.0428874508344785,0.04852590083810702,-0.005631314525447748,178.81,-0.007217811337515978
2020-04-27,AAPL,179.71,181.7,175.91,178.81,101000116,178.81,-0.0072178113375159,181.7025,173.1584,156.96865,0.1695052196359566,186.60294412595505,176.802055874045,31.16740085702959,1.5435145604582203,2.680371896423245,-1.1368573359650247,5.138571428571424,0.0040136016500362,180.11,0.0040297755638887,179.39,-0.0119449206436986,178.67,0.0065150176678445,182.3,-0.0097531738680324,181.74,179.562,0.908140958231748,0.11734009990118234,180.83,178.67,181.178,2.0510311769650387,0.14039051229837943,184.48,178.67,181.70250000000001,2.450222062977508,0.16950521963595602,185.68,176.71,173.1584,9.497331173996995,0.17325852640158004,185.68,155.37,0,4,2,0.9840811216082109,1.0326383242104764,0.03238073933207098,-0.00500806855486616,177.61,-0.006711034058497822
2020-04-28,AAPL,178.68,181.82,173.39,177.61,97590101,177.61,-0.0067110340584978,181.588,173.5718,157.19279999999998,0.1632730478418321,186.76498388111176,176.41101611888823,29.125711308444963,1.189216002163505,2.382140717571297,-1.1929247154077922,5.573571428571425,-0.0072178113375159,178.81,0.0040136016500362,180.11,0.0040297755638887,179.39,-0.0080636313768512,180.83,0.0150764828876415,184.48,178.918,0.9256997353449458,0.1146320416428095,180.11,177.61,180.49099999999999,1.971133063887197,0.10648212805292823,184.14,177.61,181.588,2.58849194055588,0.16327304784183155,185.68,176.71,173.5718,9.22286526154735,0.17442074359142642,185.68,155.37,1,4,2,0.9780932660694646,1.0232653000025163,0.04746354371911797,-0.005988359077647218,178.29,0.003828613253758162
2020-04-29,AAPL,178.35,179.36,177.21,178.29,122723666,178.29,0.0038286132537581,181.667,174.0302,157.4123,0.1507031615304607,186.5716190903148,176.7623809096851,35.87265488901551,0.9523243567512338,2.0961774454072843,-1.1438530886560505,5.340714285714283,-0.0067110340584978,177.61,-0.0072178113375159,178.81,0.0040136016500362,180.11,-0.0119449206436986,178.67,-0.0018430182133565,184.14,178.842,0.9658778390757619,0.09501360990733194,180.11,177.61,179.906,1.601223143584115,0.11296163886073543,182.3,177.61,181.66699999999997,2.4523095451574135,0.1507031615304602,185.68,177.61,174.0302,8.862268445494296,0.17205445602037506,185.68,157.54,2,4,2,0.9814110432770872,1.0244773608199929,0.012059004991799578,-0.0003364171572731475,174.51,-0.021201413427561877
2020-04-30,AAPL,173.26,176.85,172.18,174.51,49508660,174.51,-0.0212014134275618,181.399,174.3696,157.62505,0.1546763537850073,187.21765565953496,175.58034434046505,28.625592398068303,0.4543343285022843,1.7678088220262844,-1.3134744935240001,5.6285714285714255,0.0038286132537581,178.29,-0.0067110340584978,177.61,-0.0072178113375159,178.81,0.0040297755638887,179.39,-0.0120017378081893,181.93,177.86599999999999,2.0877451951847856,0.1642981884369312,180.11,174.51,179.16400000000002,2.175363060373676,0.13938213217534684,182.3,174.51,181.399,2.9093278297674727,0.1546763537850068,185.68,174.51,174.3696,8.536828011023758,0.1783301241980927,185.68,158.32,3,4,2,0.9620229438918515,1.0008051862193823,0.026760644089010528,0.007214590788368842,170.93,-0.02051458369147896
2020-05-01,AAPL,171.51,172.67,169.18,170.93,31676310,170.93,-0.0205145836914789,180.8415,174.6218,157.8326,0.1597341939564187,188.2929520661924,173.39004793380758,26.38706857276456,-0.22659044381245508,1.3689289688585364,-1.5955194126709915,5.799999999999995,-0.0212014134275618,174.51,0.0038286132537581,178.29,-0.0067110340584978,177.61,0.0040136016500362,180.11,-0.0044522618589567,181.12,176.03000000000003,3.303513281343985,0.1674660534552794,178.81,170.93,178.14499999999998,3.2690306072450612,0.16194886105125014,182.3,170.93,180.8415,3.7257260330962123,0.15973419395641825,185.68,170.93,174.6218,8.233896017843376,0.18527236176633627,185.68,158.66,4,5,2,0.9451923369307091,0.9788583097816032,0.020417714853914252,-0.0033817270129823476,169.15,-0.010413619610366798
2020-05-04,AAPL,169.56,172.47,165.83,169.15,112756690,169.15,-0.0104136196103667,180.1065,174.7986,158.02595,0.1541818477760988,189.05753939862936,171.15546060137066,15.047879607356634,-0.8994905880041983,0.9152450574859896,-1.814735645490188,5.664285714285709,-0.0205145836914789,170.93,-0.0212014134275618,174.51,0.0038286132537581,178.29,-0.0072178113375159,178.81,0.0065150176678445,182.3,174.098,4.0185718856348736,0.16520607116810046,178.29,169.15,176.82999999999998,3.9795700493610715,0.14779743918051796,180.83,169.15,180.1065,4.475519699314672,0.1541818477760984,185.68,169.15,174.7986,8.01224216624886,0.185459018106694,185.68,158.66,0,5,2,0.9391665486757048,0.9676850958705181,0.039255099024302284,-0.0024180231186457807,168.67,-0.0028377180017736814
2020-05-05,AAPL,169.48,172.82,164.51,168.67,57440413,168.67,-0.0028377180017736,179.2575,174.93419999999998,158.21375,0.1453407519246874,189.16467310575484,169.35032689424514,14.95242409563511,-1.4547315489748485,0.441249736193822,-1.8959812851686704,6.024999999999996,-0.0104136196103667,169.15,-0.0205145836914789,170.93,-0.0212014134275618,174.51,-0.0067110340584978,177.61,-0.0080636313768512,180.83,172.31,4.054010360126636,0.17361891717641004,178.29,168.67,175.614,4.4513648343943695,0.14947840724645683,180.11,168.67,179.2575,4.953586552877432,0.14534075192468704,185.68,168.67,174.93419999999998,7.844943279669298,0.1845786171434109,185.68,158.66,1,5,2,0.9409369203467586,0.9641911072793989,0.04926780103130809,-0.004779324994071413,169.51,0.00498013873243619
2020-05-06,AAPL,168.39,171.23,167.8,169.51,35681469,169.51,0.0049801387324361,178.449,175.12560000000002,158.40305,0.1484707782238279,188.7794779529732,168.11852204702683,19.99999998647345,-1.8061627115704084,-0.00823275335902407,-1.7979299582113843,5.862857142857138,-0.0028377180017736,168.67,-0.0104136196103667,169.15,-0.0205145836914789,170.93,0.0038286132537581,178.29,-0.0119449206436986,178.67,170.554,2.3665333295800624,0.17958236922943754,174.51,168.67,174.698,4.688768613517312,0.1574103120368703,180.11,168.67,178.449,5.1652389764865925,0.1484707782238274,184.48,168.67,175.12560000000002,7.584056628136391,0.18238837565741145,185.68,158.66,2,5,2,0.9499072564096749,0.9679338714558696,0.020234794407290094,0.006651226319813252,173.36,0.022712524334847606
2020-05-07,AAPL,172.31,176.5,170.23,173.36,84779361,173.36,0.0227125243348476,177.954,175.4196,158.60795,0.1733651850933243,188.2625644515933,167.64543554840668,33.65627630702669,-1.7537949590561652,-0.3573451944984523,-1.396449764557713,6.019999999999996,0.0049801387324361,169.51,-0.0028377180017736,168.67,-0.0104136196103667,169.15,-0.0212014134275618,174.51,0.0040297755638887,179.39,170.324,1.8948034198864065,0.25971052810120826,173.36,168.67,174.095,4.396971811497667,0.20793041149952216,180.11,168.67,177.954,5.154282225796669,0.17336518509332385,184.48,168.67,175.4196,7.2083531363814,0.18736137681955475,185.68,160.5,3,5,2,0.9741843397677256,0.9882590086798269,0.036167512690146765,0.0060936683883345,175.67,0.013324873096446588
2020-05-08,AAPL,177.04,177.24,174.09,175.67,109869896,175.67,0.0133248730964465,177.561,175.72299999999998,158.8309,0.1820505176374245,187.56943623097516,167.55256376902489,36.67068755474909,-1.5085063215130106,-0.5875774199013639,-0.9209289016116466,5.986428571428568,0.0227125243348476,173.36,0.0049801387324361,169.51,-0.0028377180017736,168.67,-0.0205145836914789,170.93,0.0040136016500362,180.11,171.272,3.0854529651274327,0.2070568580295338,175.67,168.67,173.651,3.920449095589057,0.2219285242910293,178.81,168.67,177.561,5.004218115487559,0.18205051763742394,184.48,168.67,175.72299999999998,6.879313934113324,0.18786349843364158,185.68,162.03,4,5,2,0.9893501388199585,0.9996983889359976,0.017931348551158847,-0.007738364211433949,175.31,-0.002049296977286841
2020-05-11,AAPL,176.18,178.17,172.45,175.31,76187985,175.31,-0.0020492969772868,177.2395,175.98860000000002,159.04955,0.1798084304212444,187.0946348624925,167.38436513750744,38.38383836122163,-1.3278556075231904,-0.7356330574257293,-0.5922225500974612,5.80071428571428,0.0133248730964465,175.67,0.0227125243348476,173.36,0.0049801387324361,169.51,-0.0104136196103667,169.15,-0.0072178113375159,178.81,172.504,3.251673415337761,0.17196242193462896,175.67,168.67,173.301,3.547163029175499,0.2203008108829023,178.29,168.67,177.2395,4.927567431246274,0.17980843042124384,184.48,168.67,175.98860000000002,6.590141372241313,0.18723427800607434,185.68,162.04,0,5,2,0.9891136005180048,0.9961440684169535,0.03262791626243438,-0.004938131456436976,175.32,5.704181164789546e-05
2020-05-12,AAPL,176.75,177.82,172.81,175.32,66612169,175.32,5.704181164789546e-05,176.7815,176.25419999999997,159.26515,0.1687428815237077,186.05400440252023,167.50899559747972,42.24895878799235,-1.170390169411263,-0.8225844798228361,-0.34780568958842695,5.9349999999999925,-0.0020492969772868,175.31,0.0133248730964465,175.67,0.0227125243348476,173.36,-0.0028377180017736,168.67,-0.0067110340584978,177.61,173.834,2.582601401690741,0.16224281882044816,175.67,169.51,173.072,3.303630326372379,0.21876665286958402,178.29,168.67,176.7815,4.636252201260129,0.16874288152370712,184.14,168.67,176.25419999999997,6.276656815177521,0.18723448157644668,185.68,162.38,1,5,2,0.9917327322090167,0.9946997007674446,0.028576317590528262,-0.008090523338002356,172.76,-0.014601870864704547
2020-05-13,AAPL,173.65,176.98,168.54,172.76,75059545,172.76,-0.0146018708647045,176.2125,176.4618,159.47475,0.1740876310214417,184.9658641653108,167.45913583468925,35.86353942421793,-1.2378985564243123,-0.9056472951431314,-0.332251261281181,6.069285714285708,5.704181164789546e-05,175.32,-0.0020492969772868,175.31,0.0133248730964465,175.67,0.0049801387324361,169.51,0.0038286132537581,178.29,174.484,1.325077356238224,0.22938805978519233,175.67,172.76,172.51899999999998,2.749494701050559,0.22631190381724287,175.67,168.67,176.2125,4.376682082655377,0.17408763102144112,182.3,168.67,176.4618,5.972702765627542,0.19074708556713627,185.68,164.17,2,5,2,0.9804071788268118,0.9790220886277992,0.048853901365774166,-0.005125251943535212,172.77,5.7883769391198214e-05
2020-05-14,AAPL,173.1,175.73,169.8,172.77,68978408,172.77,5.788376939119821e-05,175.75449999999998,176.60580000000002,159.66559999999998,0.171172736356388,184.20145267381696,167.307547326183,33.86103779797472,-1.2758849159766896,-0.9796948193098431,-0.2961900966668465,5.868571428571422,-0.0146018708647045,172.76,5.704181164789546e-05,175.32,-0.0020492969772868,175.31,0.0227125243348476,173.36,-0.0212014134275618,174.51,174.366,1.4686830835872071,0.15733201437611677,175.67,172.76,172.34499999999997,2.6631987867547147,0.20248952865253134,175.67,168.67,175.75449999999998,4.2234763369084884,0.17117273635638747,182.3,168.67,176.60580000000002,5.788706489046653,0.1860758751447638,185.68,164.17,3,5,2,0.9830189269635601,0.9782804415201637,0.03432308849896194,-0.0019064124783251166,172.08,-0.0039937489147421346
2020-05-15,AAPL,172.61,174.14,170.02,172.08,46656291,172.08,-0.0039937489147421,175.30249999999998,176.764,159.848,0.1711119724501247,183.50448403468832,167.10051596531164,34.79439672448615,-1.3461490447886604,-1.0529856644056066,-0.2931633803830538,5.749285714285707,5.788376939119821e-05,172.77,-0.0146018708647045,172.76,5.704181164789546e-05,175.32,0.0133248730964465,175.67,-0.0205145836914789,170.93,173.648,1.547245940377578,0.09691084054200137,175.32,172.08,172.46,2.6197837060835134,0.1725097635978451,175.67,168.67,175.30249999999998,4.100992017344162,0.17111197245012413,182.3,168.67,176.764,5.544862302996171,0.18518731136606037,185.68,164.65,4,5,2,0.981617489762088,0.9735013916805827,0.023942352394095964,-0.003070505764422285,172.97,0.005172013017201271
2020-05-18,AAPL,174.32,174.32,171.71,172.97,60108686,172.97,0.0051720130172012,174.836,176.9118,160.0466,0.17023753934167,182.39861831573512,167.2733816842649,39.36755267868254,-1.3148614073075748,-1.1053608129860004,-0.20950059432157442,5.333571428571419,-0.0039937489147421,172.08,5.788376939119821e-05,172.77,-0.0146018708647045,172.76,-0.0020492969772868,175.31,-0.0104136196103667,169.15,173.18,1.2427992597417707,0.1178613490062405,175.32,172.08,172.842,2.34791065512264,0.16174197689160585,175.67,168.67,174.836,3.781309157867553,0.17023753934166944,180.83,168.67,176.9118,5.335192627014634,0.18462603545711648,185.68,164.65,0,5,2,0.9893271408577791,0.9777188406823191,0.015089321847631936,-0.007744378155072568,170.9,-0.011967393189570408
2020-05-19,AAPL,171.17,172.27,169.53,170.9,98547493,170.9,-0.0119673931895704,174.3395,177.02719999999997,160.22805,0.1724582655344863,181.54039899358452,167.13860100641543,34.08013785105034,-1.44049233056532,-1.1723871165018642,-0.26810521406345567,5.425714285714276,0.0051720130172012,172.97,-0.0039937489147421,172.08,5.788376939119821e-05,172.77,5.704181164789546e-05,175.32,-0.0028377180017736,168.67,172.296,0.8499588225404542,0.13061133660394506,172.97,170.9,173.065,1.9855771621018947,0.1757228553027466,175.67,169.51,174.3395,3.600449496792282,0.17245826553448576,180.11,168.67,177.02719999999997,5.133751478685189,0.18672425350942468,185.68,164.65,1,5,2,0.9802712523496956,0.9653883696914071,0.016032767700315836,-0.00157737921363793,172.29,0.008133411351667563
2020-05-20,AAPL,172.75,173.93,170.65,172.29,90985308,172.29,0.0081334113516675,174.02050000000003,177.18,160.42600000000002,0.1730073177105054,180.97468836310117,167.06631163689892,44.66858786621708,-1.4116220586953148,-1.2202341049405545,-0.19138795375476025,5.22357142857142,-0.0119673931895704,170.9,0.0051720130172012,172.97,-0.0039937489147421,172.08,-0.0146018708647045,172.76,0.0049801387324361,169.51,172.202,0.8109068997205051,0.12568065312809798,172.97,170.9,173.343,1.5871851393774363,0.17823220010269514,175.67,170.9,174.02050000000003,3.4770941815505596,0.17300731771050487,180.11,168.67,177.18,4.864476396514774,0.18725506889131202,185.68,167.44,2,5,2,0.9900557692858596,0.9724009481827949,0.019037669046264808,-0.0026628075253102472,176.36,0.02362296128620356
2020-05-21,AAPL,175.15,178.13,174.59,176.36,85562795,176.36,0.0236229612862035,173.86899999999997,177.3584,160.6362,0.1943648528267243,180.452810766611,167.28518923338893,62.74049737783357,-1.04824367408267,-1.1858360187689776,0.13759234468630765,5.259999999999993,0.0081334113516675,172.29,-0.0119673931895704,170.9,0.0051720130172012,172.97,5.788376939119821e-05,172.77,0.0227125243348476,173.36,172.92000000000002,2.0627045353163345,0.21330251221381022,176.36,170.9,173.643,1.852158200584896,0.18127246274321548,176.36,170.9,173.86899999999997,3.2919053833055223,0.1943648528267237,180.11,168.67,177.3584,4.659217049055409,0.19075145513078193,185.68,168.67,3,5,2,1.0143268782760912,0.9943707205241232,0.020072578815944202,0.006908364259166998,176.13,-0.0013041506010433856
2020-05-22,AAPL,176.04,180.01,172.25,176.13,53729770,176.13,-0.0013041506010433,173.67000000000002,177.4894,160.83325,0.1935401236045834,179.67466835930847,167.66533164069156,67.66194327189939,-0.769947290992036,-1.1026582732135892,0.33271098222155326,5.339999999999994,0.0236229612862035,176.36,0.0081334113516675,172.29,-0.0119673931895704,170.9,-0.0039937489147421,172.08,0.0133248730964465,175.67,173.73,2.415419218275549,0.20757648676609736,176.36,170.9,173.689,1.9128132277978225,0.16967984103620107,176.36,170.9,173.67000000000002,3.0023341796542273,0.1935401236045829,178.81,168.67,177.4894,4.526237077489115,0.18893139910553716,185.68,168.67,4,5,2,1.0141647952955941,0.9923409510596558,0.04405836597942391,0.0005112474437598965,177.26,0.006415715664565891
2020-05-25,AAPL,178.02,180.13,174.38,177.26,74397725,177.26,0.0064157156645658,173.59250000000003,177.6002,161.04405,0.1938241959419138,179.35288330230645,167.8321166976936,71.04360602672169,-0.45299203596667326,-0.972725025764206,0.5197329897975328,5.15714285714285,-0.0013041506010433,176.13,0.0236229612862035,176.36,0.0081334113516675,172.29,0.0051720130172012,172.97,-0.0020492969772868,175.31,174.58800000000002,2.808001068378566,0.2079302966985906,177.26,170.9,173.884,2.1775072394303607,0.1716895893064873,177.26,170.9,173.59250000000003,2.880191651153204,0.19382419594191322,178.29,168.67,177.6002,4.449276708016076,0.18744759657837887,185.68,168.67,0,5,2,1.0211270648154664,0.9980844616109774,0.03243822633401536,-0.004269183237814572,179.16,0.010718718266952587
2020-05-26,AAPL,178.34,181.93,176.39,179.16,33488450,179.16,0.0107187182669525,173.67000000000002,177.6798,161.2543,0.1961156346561259,179.69365861897168,167.64634138102835,72.47321839708314,-0.047936015237809215,-0.7877672236589268,0.7398312084211176,5.307857142857139,0.0064157156645658,177.26,-0.0013041506010433,176.13,0.0236229612862035,176.36,-0.0119673931895704,170.9,5.704181164789546e-05,175.32,176.23999999999998,2.5097709058827986,0.14398009134939846,179.16,172.29,174.268,2.7279084376932943,0.17799941938572975,179.16,170.9,173.67000000000002,3.0118293094858317,0.1961156346561253,179.16,168.67,177.6798,4.440688257926493,0.18357183781569744,185.68,168.67,1,5,2,1.0316116773131132,1.0083307162603272,0.03092208082143949,0.004597958954779608,178.15,-0.0056374190667559665
2020-05-27,AAPL,177.08,179.44,176.85,178.15,85920057,178.15,-0.0056374190667559,173.663,177.737,161.455,0.1968662552003638,179.66433704400998,167.66166295599004,62.85560918518634,0.18939204676044596,-0.5923353695750523,0.7817274163354982,4.993571428571424,0.0107187182669525,179.16,0.0064157156645658,177.26,-0.0013041506010433,176.13,0.0081334113516675,172.29,-0.0146018708647045,172.76,177.41199999999998,1.2622876059029149,0.18080150149090038,179.16,176.13,174.80700000000002,2.92240407123131,0.15893859539379795,179.16,170.9,173.663,3.0006685220049856,0.19686625520036316,179.16,168.67,177.737,4.427677905252106,0.18409010886866198,185.68,168.67,2,5,2,1.025837397712663,1.002323657983412,0.014538310412492086,0.006042466681691613,178.81,0.003704743193937654
2020-05-28,AAPL,178.14,182.78,174.84,178.81,141679819,178.81,0.0037047431939376,173.878,177.77019999999996,161.6502,0.1803966122643603,180.30042649668175,167.4555735033182,59.24617191817164,0.4258240948016976,-0.38870347669970234,0.8145275715014,5.283571428571425,-0.0056374190667559,178.15,0.0107187182669525,179.16,0.0064157156645658,177.26,0.0236229612862035,176.36,5.788376939119821e-05,172.77,177.902,1.2268536995160626,0.1018415114471588,179.16,176.13,175.411,3.0748168870491472,0.15802183762427624,179.16,170.9,173.878,3.211213248340892,0.18039661226435974,179.16,168.67,177.77019999999996,4.429409823865899,0.1827661400832618,185.68,168.67,3,5,2,1.0283647154842572,1.0058491243132663,0.04440467535347908,0.0037610867856531656,178.9,0.0005033275543873117
2020-05-29,AAPL,177.97,182.38,175.42,178.9,44361580,178.9,0.0005033275543873,174.2765,177.8204,161.82545,0.1611163755058483,180.9141859474413,167.6388140525587,60.742070565506346,0.6133896698220269,-0.1882848473953565,0.8016745172173834,5.372142857142854,0.0037047431939376,178.81,-0.0056374190667559,178.15,0.0107187182669525,179.16,-0.0013041506010433,176.13,-0.0039937489147421,172.08,178.456,0.7651993204495007,0.09801185871165087,179.16,177.26,176.093,3.009555338139999,0.15361231721360555,179.16,170.9,174.2765,3.318842973720647,0.1611163755058477,179.16,168.67,177.8204,4.4276713186648236,0.1824701477520922,185.68,168.67,4,5,2,1.02652968127644,1.0060712944015082,0.03890441587457297,0.005225599820165091,179.22,0.0017887087758523545
2020-06-01,AAPL,178.2,180.36,178.08,179.22,63285457,179.22,0.0017887087758523,174.78,177.8586,162.0047,0.15397962808764,181.30713526264472,168.25286473735528,61.45710923264398,0.7788796255237571,0.0051480471884662315,0.7737315783352909,5.177142857142854,0.0005033275543873,178.9,0.0037047431939376,178.81,-0.0056374190667559,178.15,0.0064157156645658,177.26,0.0051720130172012,172.97,178.848,0.42634493079719527,0.09368131681879299,179.22,178.15,176.718,2.9370347858557717,0.15378900254984537,179.22,170.9,174.78,3.2635676313223585,0.15397962808763951,179.22,168.67,177.8586,4.4314156811091605,0.18216183524026316,185.68,168.67,0,6,2,1.0254033642234501,1.0076543951149528,0.012721794442513555,0.005723905723873661,177.22,-0.011159468809284645
2020-06-02,AAPL,176.95,180.61,173.82,177.22,91256054,177.22,-0.0111594688092846,175.2075,177.8626,162.18175,0.1608033113823621,181.14281757674857,169.27218242325145,63.54799508568216,0.7401167175917749,0.15214178126912795,0.587974936322647,5.059285714285713,0.0017887087758523,179.22,0.0005033275543873,178.9,0.0037047431939376,178.81,0.0107187182669525,179.16,-0.0119673931895704,170.9,178.45999999999998,0.7948899294973895,0.09726414398394773,179.22,177.22,177.35,2.109349557458171,0.151536383853953,179.22,172.29,175.2075,2.967658788374284,0.16080331138236156,179.22,169.51,177.8626,4.430733486060119,0.183922813960889,185.68,168.67,1,6,2,1.0114863804288545,0.9963870987998805,0.03831396004943972,0.0015258547612234214,177.34,0.0006771244780499064
2020-06-03,AAPL,178.79,180.16,174.53,177.34,132047761,177.34,0.0006771244780499,175.599,177.8626,162.3686,0.1606569233384535,180.95679962691065,170.24120037308933,63.78998184109476,0.7108851889545633,0.26389046280621503,0.4469947261483483,5.037857142857143,-0.0111594688092846,177.22,0.0017887087758523,179.22,0.0005033275543873,178.9,-0.0056374190667559,178.15,0.0081334113516675,172.29,178.298,0.9426664309374322,0.0932909736278122,179.22,177.22,177.85500000000002,1.1494177269837274,0.15001402404433042,179.22,176.13,175.599,2.6788998134553332,0.16065692333845305,179.22,170.9,177.8626,4.430733486060119,0.1838859628365427,185.68,168.67,2,6,2,1.0099146350434234,0.9970617768940911,0.031746926807083846,-0.008110073270271708,178.73,0.007838051201082497
2020-06-04,AAPL,178.76,179.92,177.55,178.73,66869087,178.73,0.0078380512010824,175.8675,177.8574,162.57065,0.1433450227011202,181.29068172293896,170.44431827706106,69.25303989753658,0.7907649293219379,0.3692653561093596,0.42149957321257825,4.927857142857143,0.0006771244780499,177.34,-0.0111594688092846,177.22,0.0017887087758523,179.22,0.0037047431939376,178.81,0.0236229612862035,176.36,178.28199999999998,0.9324269408464727,0.10936582285740849,179.22,177.22,178.092,1.046653927732436,0.10244097713248776,179.22,176.13,175.8675,2.7115908614694764,0.14334502270111962,179.22,170.9,177.8574,4.429535752152418,0.18353627004391748,185.68,168.67,3,6,2,1.0162764581232104,1.0049061776400368,0.013260224920196476,-0.00016782277914429022,182.73,0.022380126447714366
2020-06-05,AAPL,181.59,185.31,180.14,182.73,60650416,182.73,0.0223801264477143,176.2205,177.97459999999998,162.7933,0.1562232434105974,182.44886457372056,169.99213542627942,73.94504411014569,1.1634255244323128,0.5280973897739503,0.6353281346583626,5.211428571428574,0.0078380512010824,178.73,0.0006771244780499,177.34,-0.0111594688092846,177.22,0.0005033275543873,178.9,-0.0013041506010433,176.13,179.048,2.233085309614605,0.19407123851292551,182.73,177.22,178.752,1.6043330216752432,0.1452711278656107,182.73,177.22,176.2205,3.1141822868602826,0.15622324341059687,182.73,170.9,177.97459999999998,4.48011261247001,0.18816685946764808,185.68,168.67,4,6,2,1.036939516111707,1.026719543120048,0.02829311005292904,0.006277878737781312,185.44,0.014830624418540994
2020-06-08,AAPL,183.87,188.16,182.71,185.44,36395945,185.44,0.0148306244185409,176.727,178.032,163.02570000000003,0.1617860905274687,184.17229268450305,169.28170731549696,84.58610841178847,1.6583200018044693,0.7541419121800541,0.9041780896244151,5.355000000000002,0.0223801264477143,182.73,0.0078380512010824,178.73,0.0006771244780499,177.34,0.0017887087758523,179.22,0.0064157156645658,177.26,180.29199999999997,3.6413280544352205,0.20518634561348528,185.44,177.22,179.57,2.559882809816313,0.15542538105797996,185.44,177.22,176.727,3.722646342251527,0.16178609052746812,185.44,170.9,178.032,4.557901414700318,0.1769024331477279,185.68,168.67,0,6,2,1.0493020308099539,1.0416104969834545,0.029389559965328944,0.008538641431399655,191.59,0.033164365832614395
2020-06-09,AAPL,192.34,193.18,189.99,191.59,83379450,191.59,0.0331643658326143,177.5405,178.26579999999998,163.2857,0.1937068291979553,187.47711273430735,167.60388726569263,87.43211787338828,2.517757897160976,1.1068651091762387,1.4108927879847375,5.673571428571431,0.0148306244185409,185.44,0.0223801264477143,182.73,0.0078380512010824,178.73,-0.0111594688092846,177.22,0.0107187182669525,179.16,183.166,5.69967806108538,0.2004609288219699,191.59,177.34,180.81300000000002,4.568476648608575,0.21116019825139065,191.59,177.22,177.5405,4.968306367153692,0.19370682919795457,191.59,170.9,178.26579999999998,4.939523272874631,0.1882362707732788,191.59,168.67,1,6,2,1.079134056730272,1.074743444894788,0.016650138316109127,-0.0038993449100348378,189.46,-0.011117490474450653
2020-06-10,AAPL,189.02,193.99,184.93,189.46,181065175,189.46,-0.0111174904744506,178.37550000000002,178.5208,163.5261,0.1894945360875611,189.3709449420524,167.38005505794763,77.47483216926813,2.992499747971209,1.4839920369352328,1.5085077110359761,5.903571428571431,0.0331643658326143,191.59,0.0148306244185409,185.44,0.0223801264477143,182.73,0.0006771244780499,177.34,-0.0056374190667559,178.15,185.59,5.153605533994513,0.2638895577647183,191.59,178.73,181.944,5.193224645845303,0.22173188230321794,191.59,177.22,178.37550000000002,5.497722471026198,0.18949453608756048,191.59,170.9,178.5208,5.180780746457239,0.1853553444452007,191.59,168.67,2,6,2,1.0621413815178533,1.0612768932188223,0.04782012034177231,0.0023277960004109083,192.02,0.013512086984059923
2020-06-11,AAPL,193.26,196.24,187.8,192.02,89386531,192.02,0.0135120869840599,179.33800000000002,178.7638,163.77895,0.1911421357179399,191.56821900221448,167.10778099778557,80.3591898691239,3.5345624544695795,1.8941061204421024,1.6404563340274771,5.95214285714286,-0.0111174904744506,189.46,0.0331643658326143,191.59,0.0148306244185409,185.44,0.0078380512010824,178.73,0.0037047431939376,178.81,188.248,4.037297363338467,0.25936506011712335,192.02,182.73,183.26500000000001,5.934640773551829,0.22401993894954791,192.02,177.22,179.33800000000002,6.115109501107227,0.1911421357179392,192.02,170.9,178.7638,5.519241995427144,0.18361559495900068,192.02,168.67,3,6,2,1.0707156319292581,1.0741548344739027,0.04395375481697763,-0.006416226844631919,192.61,0.0030725966045204167
2020-06-12,AAPL,193.23,196.15,189.07,192.61,79290239,192.61,0.0030725966045204,180.3645,178.97439999999995,164.0189,0.1881765083377953,193.44634837254003,167.28265162745996,79.94537646823122,3.9660410711908867,2.3084931105918596,1.657547960599027,6.047142857142861,0.0135120869840599,192.02,-0.0111174904744506,189.46,0.0331643658326143,191.59,0.0223801264477143,182.73,0.0005033275543873,178.9,190.224,2.9263851421199343,0.2588807508753547,192.61,185.44,184.636,6.381039970968974,0.22222008135159432,192.61,177.22,180.3645,6.540924186270018,0.18817650833779465,192.61,170.9,178.97439999999997,5.839943443953587,0.181956856718851,192.61,168.67,4,6,2,1.0678930720786637,1.076187432386553,0.036758216084124676,-0.0032086114992328704,199.11,0.03374694979492232
2020-06-15,AAPL,200.29,201.95,196.28,199.11,91000004,199.11,0.0337469497949223,181.6715,179.2796,164.294,0.2128032359158014,196.7183759128553,166.62462408714464,82.99702278657105,4.777415587753808,2.8022776060242496,1.9751379817295582,6.318571428571429,0.0030725966045204,192.61,0.0135120869840599,192.02,-0.0111174904744506,189.46,0.0148306244185409,185.44,0.0017887087758523,179.22,192.95800000000003,3.638525800378661,0.3080859213692995,199.11,189.46,186.625,7.50600833406835,0.25475548533188974,199.11,177.22,181.67149999999998,7.5234379564276725,0.21280323591580083,199.11,170.9,179.2796,6.465221861180859,0.1952589080419637,199.11,168.67,0,6,2,1.0959891892724176,1.1106115810102735,0.028476721410132643,-0.005891457386759634,196.78,-0.011702074230324988
2020-06-16,AAPL,195.88,199.38,194.17,196.78,79645842,196.78,-0.0117020742303249,182.9655,179.50220000000002,164.52715,0.2124890211517267,198.55357300470536,167.3774269952946,79.52456414854693,5.17279544445978,3.276381173711356,1.8964142707484237,6.505714285714286,0.0337469497949223,199.11,0.0030725966045204,192.61,0.0135120869840599,192.02,0.0331643658326143,191.59,-0.0111594688092846,177.22,193.996,3.8827992479680833,0.3012005709131139,199.11,189.46,188.58100000000002,7.329332924018614,0.25606996933273857,199.11,177.34,182.9655,7.794036502352702,0.21248902115172597,199.11,172.29,179.50220000000002,6.868086591517079,0.19661872573884098,199.11,168.67,1,6,2,1.075503305262055,1.0962539734827972,0.026476267913271328,0.004594649785559583,194.38,-0.012196361418843393
2020-06-17,AAPL,195.13,197.88,190.88,194.38,57790296,194.38,-0.0121963614188433,184.07,179.6762,164.741,0.2232351347072028,199.60345591398143,168.53654408601855,73.38540099046571,5.232163760175723,3.6675376910042297,1.5646260691714935,6.4385714285714295,-0.0117020742303249,196.78,0.0337469497949223,199.11,0.0030725966045204,192.61,-0.0111174904744506,189.46,0.0006771244780499,177.34,194.98,2.9595354365207163,0.3050241299139244,199.11,192.02,190.285,6.339507954968035,0.2773638390523682,199.11,178.73,184.07,7.766727956990722,0.22323513470720205,199.11,176.13,179.6762,7.132893018707896,0.19891124171570565,199.11,168.67,2,6,2,1.0560113000431575,1.0818349898256874,0.036011935384113535,-0.003843591451832914,192.71,-0.008591418870254053
2020-06-18,AAPL,191.8,195.77,189.64,192.71,111200913,192.71,-0.008591418870254,184.8875,179.86520000000002,164.9559,0.2190265120453352,200.4334155238188,169.34158447618117,69.80212214002782,5.085832226788739,3.9511965981611317,1.1346356286276071,6.379285714285716,-0.0121963614188433,194.38,-0.0117020742303249,196.78,0.0337469497949223,199.11,0.0135120869840599,192.02,0.0078380512010824,178.73,195.118,2.798726496108887,0.30782329338010794,199.11,192.61,191.683,4.882199071911086,0.2917646269241363,199.11,182.73,184.8875,7.772957761909413,0.2190265120453344,199.11,176.13,179.86520000000002,7.351634897998864,0.19754575065970265,199.11,168.67,3,6,2,1.0423095125357729,1.071413480756303,0.03180945462076807,0.004744525547420501,186.73,-0.03103108297441759
2020-06-19,AAPL,188.37,188.37,185.56,186.73,87560610,186.73,-0.0310310829744175,185.4175,179.9292,165.1526,0.2524071593201246,200.41954600081448,170.4154539991855,59.26474214582514,4.436189774969478,4.048195233522801,0.3879945414466768,6.7271428571428595,-0.008591418870254,192.71,-0.0121963614188433,194.38,-0.0117020742303249,196.78,0.0030725966045204,192.61,0.0223801264477143,182.73,193.942,4.7033254193199845,0.37933006941447384,199.11,186.73,192.08300000000003,4.180627411710735,0.3363586603139113,199.11,185.44,185.4175,7.501023000407239,0.2524071593201237,199.11,177.22,179.9292,7.397972926996748,0.2102814061254567,199.11,168.67,4,6,2,1.00707861986594,1.0377970890714914,0.015048465699057217,-0.008706269575788654,185.32,-0.007551009478926729
2020-06-22,AAPL,185.83,188.15,182.5,185.32,80565614,185.32,-0.0075510094789267,185.8205,180.00080000000003,165.33665000000002,0.2547916338156156,200.32464165896025,171.31635834103977,60.140210294392496,3.7641771443421703,3.991391615686675,-0.2272144713445048,6.645714285714287,-0.0310310829744175,186.73,-0.008591418870254,192.71,-0.0121963614188433,194.38,0.0337469497949223,199.11,0.0148306244185409,185.44,191.184,4.951841071765171,0.15251176327284793,196.78,185.32,192.071,4.201931963063403,0.3318757346585131,199.11,185.32,185.82049999999998,7.252070829480114,0.25479163381561476,199.11,177.22,180.00080000000003,7.433096929220627,0.20979042385650123,199.11,168.67,0,6,2,0.9973065404463054,1.0295509797677034,0.0304878048778843,-0.0027444438465117306,183.29,-0.010954025469458228
2020-06-23,AAPL,182.64,187.16,179.41,183.29,54156620,183.29,-0.0109540254694582,186.027,179.977,165.51280000000003,0.2569523881298169,200.24667813685727,171.8073218631427,57.10872160574617,3.032837594484988,3.799680811446338,-0.7668432169613499,6.797142857142859,-0.0075510094789267,185.32,-0.0310310829744175,186.73,-0.008591418870254,192.71,-0.0117020742303249,196.78,0.0331643658326143,191.59,188.48600000000002,4.8137023173457125,0.15337808425501454,194.38,183.29,191.24099999999999,5.043055621346223,0.27852743098732197,199.11,183.29,186.027,7.109839068428646,0.25695238812981613,199.11,177.22,179.977,7.420356515446677,0.20860908286647875,199.11,168.67,1,6,2,0.9852870819774265,1.0184079076714336,0.04228272137027507,0.003558913710011207,183.76,0.002564242457308019
2020-06-24,AAPL,182.92,186.37,181.16,183.76,134751158,183.76,0.002564242457308,186.3075,179.96939999999998,165.68304999999998,0.2556768336139122,200.08746237868317,172.52753762131687,56.144637166234425,2.4627813933776963,3.53230092783261,-1.0695195344549138,6.985000000000004,-0.0109540254694582,183.29,-0.0075510094789267,185.32,-0.0310310829744175,186.73,-0.0121963614188433,194.38,-0.0111174904744506,189.46,186.362,3.7988774657810063,0.19488640250216246,192.71,183.29,190.671,5.562134782017164,0.27759123056458884,199.11,183.29,186.3075,6.889981189341572,0.2556768336139114,199.11,177.22,179.96939999999998,7.4161991502885165,0.20864837780403028,199.11,168.67,2,6,2,0.9863263690351364,1.021062469503032,0.028352198519654204,0.004592171441042047,184.77,0.005496299521114523
2020-06-25,AAPL,183.63,185.89,183.63,184.77,104366394,184.77,0.0054962995211145,186.6055,180.0262,165.85275,0.2559445113704184,199.9537921832928,173.25720781670725,52.68845543654092,2.068660080334894,3.239572758333067,-1.1709126779981731,6.676428571428573,0.002564242457308,183.76,-0.0109540254694582,183.29,-0.0075510094789267,185.32,-0.008591418870254,192.71,0.0135120869840599,192.02,184.774,1.3559609138976292,0.22903846681504894,186.73,183.29,189.946,5.832684154352631,0.2670264001590638,199.11,183.29,186.6055,6.67414609164638,0.2559445113704176,199.11,177.22,180.0262,7.442351200243143,0.20714606154389,199.11,168.67,3,6,2,0.9901637411491615,1.026350608961216,0.01223142284996352,0.006208135925468642,190.11,0.028900795583698624
2020-06-26,AAPL,190.85,194.05,186.17,190.11,64126538,190.11,0.0289007955836986,187.166,180.206,166.04975000000002,0.2733479736932903,200.0865171804597,174.24548281954026,55.755484328800186,2.162284007947136,3.0241150082558805,-0.8618310003087446,6.950000000000003,0.0054962995211145,184.77,0.002564242457308,183.76,-0.0109540254694582,183.29,-0.0310310829744175,186.73,0.0030725966045204,192.61,185.45,2.7256467122535075,0.24859221205614113,190.11,183.29,189.696,5.758923896392126,0.31293890291159604,199.11,183.29,187.166,6.460258590229863,0.2733479736932895,199.11,177.22,180.20600000000002,7.576697896868642,0.21645766332631353,199.11,168.67,4,6,2,1.0157293525479216,1.0549593243229698,0.041449687023084394,-0.0038773906208860536,192.9,0.014675714060280898
2020-06-29,AAPL,191.82,194.64,191.16,192.9,119433123,192.9,0.0146757140602808,187.85,180.418,166.26995000000002,0.2762876632103912,200.4436207744459,175.2563792255541,51.76027947528503,2.4335587773533405,2.9060037620753727,-0.4724449847220322,6.720714285714286,0.0289007955836986,190.11,0.0054962995211145,184.77,0.002564242457308,183.76,-0.0075510094789267,185.32,0.0337469497949223,199.11,186.966,4.2927531957962435,0.23497303785280754,192.9,183.29,189.075,4.902070424263229,0.26428432733607843,196.78,183.29,187.85,6.296810387222949,0.27628766321039044,199.11,177.22,180.418,7.782000162594309,0.21828296748613996,199.11,168.67,0,6,2,1.026883151445159,1.069183784317146,0.01804043545869336,0.0056302783859575765,191.3,-0.00829445308449972
2020-06-30,AAPL,191.67,193.25,189.36,191.3,65562133,191.3,-0.0082944530844997,188.554,180.6274,166.49864999999997,0.274407161550503,200.18281973465412,176.92518026534586,52.50817882401541,2.4907277986561667,2.8229485693915315,-0.3322207707353648,6.3514285714285705,0.0146757140602808,192.9,0.0289007955836986,190.11,0.0054962995211145,184.77,-0.0109540254694582,183.29,-0.0117020742303249,196.78,188.56799999999998,4.066616529747969,0.2217463346248252,192.9,183.76,188.527,4.201232755591929,0.26169764597466416,194.38,183.29,188.554,5.814409867327078,0.2744071615505022,199.11,177.34,180.62739999999997,7.932717785815491,0.21833408110071215,199.11,168.67,1,6,2,1.0145634672241663,1.0590862737266935,0.02033455305791768,-0.0019304012104035362,188.81,-0.013016204913748108
2020-07-01,AAPL,187.92,190.37,187.24,188.81,58511612,188.81,-0.0130162049137481,189.1275,180.8302,166.7195,0.2808172846948041,199.4901208328948,178.7648791671052,45.6159519082594,2.3085015014015937,2.7200591557935443,-0.4115576543919506,6.038571428571428,-0.0082944530844997,191.3,0.0146757140602808,192.9,0.0289007955836986,190.11,0.002564242457308,183.76,-0.0121963614188433,194.38,189.578,3.081829002397718,0.27090511760528274,192.9,184.77,187.97,3.675341253996053,0.26256174790760184,192.9,183.29,189.1275,5.181310416447402,0.2808172846948032,199.11,178.73,180.8302,8.01088506664689,0.21867922421837602,199.11,168.67,2,7,3,0.9983212383127874,1.044128690887672,0.016577511784245633,0.004736057896952314,190.27,0.0077326412795932775
2020-07-02,AAPL,190.89,192.48,188.06,190.27,59035879,190.27,0.0077326412795932,189.7045,181.0478,166.93805,0.280794872296386,198.8421870849897,180.56681291501027,46.87833509454917,2.255891137439704,2.6272255521227765,-0.3713344146830724,5.848571428571426,-0.0130162049137481,188.81,-0.0082944530844997,191.3,0.0146757140602808,192.9,0.0054962995211145,184.77,-0.008591418870254,192.71,190.678,1.525014754033585,0.2713407967817001,192.9,188.81,187.726,3.396080093282838,0.26521962819947403,192.9,183.29,189.7045,4.568843542494855,0.28079487229638517,199.11,182.73,181.04780000000002,8.11801707214756,0.21908352590832003,199.11,168.67,3,7,3,1.0029809519489365,1.0509379290935823,0.023230146633608856,-0.0032479438419861085,186.6,-0.01928837967099395
2020-07-03,AAPL,187.78,190.36,182.84,186.6,39393436,186.6,-0.0192883796709939,189.898,181.1776,167.13565,0.2821565653578716,198.56563757044916,181.2303624295509,31.948051935143653,1.8962004974417823,2.4810205411865778,-0.5848200437447955,5.718571428571429,0.0077326412795932,190.27,-0.0130162049137481,188.81,-0.0082944530844997,191.3,0.0289007955836986,190.11,-0.0310310829744175,186.73,189.976,2.4055207336499684,0.22718457287724614,192.9,186.6,187.71300000000002,3.400562208418676,0.23273430490824487,192.9,183.29,189.898,4.333818785224571,0.2821565653578708,199.11,183.29,181.17759999999998,8.154519107682368,0.2237787769522826,199.11,168.67,4,7,3,0.9826327818040073,1.0299286445949725,0.04030010718092021,-0.006283949302341692,191.86,0.02818863879957134
2020-07-06,AAPL,192.93,194.82,188.91,191.86,96606264,191.86,0.0281886387995713,190.219,181.4386,167.37290000000002,0.2944338749043325,198.66414909033136,181.77385090966865,43.453964858745216,2.01238360858369,2.3872931546660006,-0.37490954608231064,5.933571428571428,-0.0192883796709939,186.6,0.0077326412795932,190.27,-0.0130162049137481,188.81,0.0146757140602808,192.9,-0.0075510094789267,185.32,189.768,2.117160834707608,0.30331091428198076,191.86,186.6,188.36700000000002,3.5161280788188836,0.26681056422660554,192.9,183.29,190.219,4.222574545165687,0.29443387490433176,199.11,183.29,181.4386,8.284993813504139,0.23124303664281962,199.11,168.67,0,7,3,1.0086268984643563,1.0574376124977958,0.03080371103913892,-0.005546052972551947,195.35,0.01819034712811418
2020-07-07,AAPL,196.37,197.13,193.58,195.35,38458074,195.35,0.0181903471281141,190.407,181.7934,167.6255,0.2776408605340417,199.14305017336832,181.67094982663164,51.25420220539025,2.3588816744802443,2.381610858628849,-0.02272918414860481,5.809999999999998,0.0281886387995713,191.86,-0.0192883796709939,186.6,0.0077326412795932,190.27,-0.0082944530844997,191.3,-0.0109540254694582,183.29,190.578,3.2962357318644666,0.32061353985015106,195.35,186.6,189.573,3.6470750837703405,0.2623706402247423,195.35,183.76,190.40699999999998,4.368025086684174,0.277640860534041,199.11,183.29,181.7934,8.494884081082356,0.23343531012140994,199.11,168.67,1,7,3,1.0259601800300095,1.0745714640846447,0.01817251087781833,-0.005194276111395916,194.05,-0.006654722293319648
2020-07-08,AAPL,192.84,198.43,189.67,194.05,48942644,194.05,-0.0066547222933196,190.6365,182.1086,167.86715,0.2754760915629421,199.50791423485265,181.76508576514735,51.749347239569424,2.4997689719834284,2.4052424812997653,0.09452649068366314,5.997857142857141,0.0181903471281141,195.35,0.0281886387995713,191.86,-0.0192883796709939,186.6,-0.0130162049137481,188.81,0.002564242457308,183.76,191.626,3.4241101033729144,0.30150237437925226,195.35,186.6,190.60200000000003,3.2553299883921167,0.2702215592043474,195.35,184.77,190.6365,4.435707117426323,0.2754760915629415,199.11,183.29,182.1086,8.653149246231521,0.2342007471946712,199.11,168.67,2,7,3,1.0179058050215049,1.0655729603046449,0.045143004380081814,0.006274631819092167,189.19,-0.02504509147127032
2020-07-09,AAPL,187.63,193.47,184.92,189.19,34875739,189.19,-0.0250450914712703,190.495,182.4022,168.09385000000003,0.2866524142551572,199.3637778781894,181.6262221218106,53.308230211234125,2.1939710543921365,2.3629881959182395,-0.16901714152610303,6.139285714285713,-0.0066547222933196,194.05,0.0181903471281141,195.35,0.0281886387995713,191.86,0.0077326412795932,190.27,0.0054962995211145,184.77,191.41000000000003,3.5623096440400017,0.3693018103806813,195.35,186.6,191.044,2.6119903011544676,0.3109520296001467,195.35,186.6,190.495,4.434388939094704,0.2866524142551566,199.11,183.29,182.40220000000002,8.639101968163862,0.23629193289300374,199.11,168.67,3,7,3,0.9931494264889202,1.0372133669383528,0.045192663459774934,0.008314235463367734,193.14,0.020878481949363037
2020-07-10,AAPL,193.91,197.47,188.81,193.14,77292641,193.14,0.020878481949363,190.5215,182.8464,168.3384,0.2964681099820885,199.42000436871444,181.6229956312856,59.84390733036719,2.2444829872833623,2.3392871541912643,-0.09480416690790205,6.354285714285713,-0.0250450914712703,189.19,-0.0066547222933196,194.05,0.0181903471281141,195.35,-0.0192883796709939,186.6,0.0289007955836986,190.11,192.71800000000002,2.348546358925212,0.3531918963492599,195.35,189.19,191.347,2.6667752061228636,0.2940576760681594,195.35,186.6,190.5215,4.449252184357228,0.29646810998208784,199.11,183.29,182.8464,8.60812780612236,0.2345223964293837,199.11,168.67,4,7,3,1.0137438556750091,1.0562964324096276,0.04483794138943336,-0.00397091434168449,192.87,-0.0013979496738116826
2020-07-13,AAPL,192.36,194.76,190.99,192.87,75331505,192.87,-0.0013979496738116,190.2095,183.3208,168.5807,0.268844365488216,198.2348190787544,182.1841809212456,62.618545814629634,2.2369412482404982,2.318817973001111,-0.0818767247606127,6.069999999999998,0.020878481949363,193.14,-0.0250450914712703,189.19,-0.0066547222933196,194.05,0.0281886387995713,191.86,0.0146757140602808,192.9,192.92000000000002,2.299217258116543,0.3004819600203291,195.35,189.19,191.344,2.6648502146759228,0.2851910259364757,195.35,186.6,190.2095,4.012659539377204,0.2688443654882154,196.78,183.29,183.32080000000002,8.490717341873909,0.2328261545180208,199.11,168.67,0,7,3,1.0139872088354474,1.0520901065179071,0.019546845025045032,0.0026512788521383846,196.55,0.019080209467517095
2020-07-14,AAPL,196.29,199.31,193.8,196.55,70199988,196.55,0.019080209467517,190.198,183.8784,168.85345,0.2754071151788076,198.18423974491049,182.21176025508956,65.53315518781969,2.499101523939231,2.354874683188735,0.14422684075049608,6.157857142857139,-0.0013979496738116,192.87,0.020878481949363,193.14,-0.0250450914712703,189.19,0.0181903471281141,195.35,-0.0082944530844997,191.3,193.16,2.651867266667219,0.3037021064359902,196.55,189.19,191.869,3.131508156356128,0.2954735147743612,196.55,186.6,190.198,3.9931198724552446,0.2754071151788069,196.55,183.29,183.8784,8.424141295790047,0.2353154082376832,199.11,169.51,1,7,3,1.0333967759859022,1.06891293375911,0.0280335792417805,0.0013245707881129696,191.97,-0.02330195878911223
2020-07-15,AAPL,190.17,196.71,187.23,191.97,52720035,191.97,-0.0233019587891122,190.0775,184.3276,169.09924999999998,0.2846416488678178,197.8683931316957,182.28660686830423,58.04649081777712,2.310661836535786,2.3460321138581453,-0.0353702773223592,6.673571428571427,0.019080209467517,196.55,-0.0013979496738116,192.87,0.020878481949363,193.14,-0.0066547222933196,194.05,-0.0130162049137481,188.81,192.744,2.6404696551979003,0.35076944119027065,196.55,189.19,192.185,2.9422449856439834,0.3148322091990627,196.55,186.6,190.0775,3.8954465658478648,0.2846416488678171,196.55,183.29,184.32760000000002,8.239124819780628,0.24264901312094933,199.11,170.9,2,7,3,1.0099564651207538,1.041460964060502,0.04938271604912557,0.009465215333599128,190.32,-0.008595092983278652
2020-07-16,AAPL,189.4,194.21,186.43,190.32,50055537,190.32,-0.0085950929832786,189.95800000000003,184.6668,169.3305,0.2846430393792798,197.65158885525568,182.2644111447444,50.25578561014417,2.0050676445640363,2.2778392199993234,-0.2727715754352871,6.5664285714285695,-0.0233019587891122,191.97,0.019080209467517,196.55,-0.0013979496738116,192.87,-0.0250450914712703,189.19,0.0077326412795932,190.27,192.96999999999997,2.284611564362967,0.2980325888297811,196.55,190.32,192.19,2.938669388987028,0.3169352151996253,196.55,186.6,189.95800000000003,3.8467944276278314,0.2846430393792792,196.55,183.29,184.6668,8.126730255955843,0.2394655822584827,199.11,170.9,3,7,3,1.001905684409175,1.0306129742810803,0.04087852038650233,0.004857444561748311,190.4,0.0004203446826398505
2020-07-17,AAPL,188.62,191.45,188.62,190.4,96329497,190.4,0.0004203446826398,190.1415,184.9614,169.5501,0.260748162757287,197.68450868354464,182.59849131645532,46.739697426855614,1.7491739882378567,2.1721061736470304,-0.42293218540917366,6.444999999999999,-0.0085950929832786,190.32,-0.0233019587891122,191.97,0.019080209467517,196.55,0.020878481949363,193.14,-0.0192883796709939,186.6,192.422,2.5471690167754533,0.24399600112113629,196.55,190.32,192.57,2.3150233980080936,0.29786128961465286,196.55,189.19,190.1415,3.771504341772326,0.2607481627572864,196.55,183.29,184.9614,8.06065172075263,0.2380696769714884,199.11,170.9,4,7,3,1.0013595138304823,1.0294039729314906,0.014863445378073112,0.009436963206396799,190.6,0.0010504201680672232
2020-07-20,AAPL,192.04,192.04,189.39,190.6,64187331,190.6,0.0010504201680672,190.4055,185.2672,169.7588,0.2587424015882194,197.5995047407933,183.2114952592067,49.05251757751121,1.544708314612052,2.0466266018400345,-0.5019182872279826,6.356428571428572,0.0004203446826398,190.4,-0.0085950929832786,190.32,-0.0233019587891122,191.97,-0.0013979496738116,192.87,0.0281886387995713,191.86,191.968,2.6476725628409374,0.24547100579908493,196.55,190.32,192.44400000000002,2.391002579112984,0.26028590151653347,196.55,189.19,190.40550000000002,3.5970023703966514,0.25874240158821876,196.55,183.29,185.2672,7.9766237653461305,0.23791883915818754,199.11,170.9,0,7,3,1.001021504100454,1.0287843719717857,0.013903462749140097,-0.0074984378254139734,189.38,-0.0064008394543546565
2020-07-21,AAPL,188.41,192.08,186.67,189.38,90791889,189.38,-0.0064008394543546,190.71,185.5484,169.97639999999998,0.2563217769960703,197.10731851720365,184.3126814827964,50.79899072859023,1.269588959895401,1.891219073451108,-0.621630113555707,6.4528571428571455,0.0010504201680672,190.6,0.0004203446826398,190.4,-0.0085950929832786,190.32,0.019080209467517,196.55,0.0181903471281141,195.35,190.53400000000002,0.9303117757076028,0.15631761726883833,191.97,189.38,191.847,2.329311056941859,0.23916023202489065,196.55,189.19,190.71,3.1986592586018268,0.25632177699606973,196.55,183.76,185.54840000000002,7.865858117101693,0.2386005848782093,199.11,170.9,1,7,3,0.9930260605055161,1.020650137640526,0.02856690252387506,0.005148346690700338,191.22,0.009715915091350835
2020-07-22,AAPL,191.44,195.65,186.79,191.22,56144412,191.22,0.0097159150913508,191.083,185.9176,170.21310000000005,0.2578721120477266,196.58078941221683,185.5852105877832,51.31761440448135,1.1863519844348218,1.7502456556478507,-0.5638936712130289,6.770000000000004,-0.0064008394543546,189.38,0.0010504201680672,190.6,0.0004203446826398,190.4,-0.0233019587891122,191.97,-0.0066547222933196,194.05,190.384,0.6629328774621065,0.11436901715832727,191.22,189.38,191.564,2.2002585706614934,0.2461657451667922,196.55,189.19,191.083,2.7488947061084104,0.2578721120477259,196.55,184.77,185.91760000000002,7.684496600299032,0.23631457309949577,199.11,170.9,2,7,3,1.0007169659205648,1.0285201616144544,0.04633406547408054,-0.0011491851232702135,188.24,-0.015584143918000115
2020-07-23,AAPL,186.51,191.21,185.28,188.24,86008981,188.24,-0.0155841439180001,191.2565,186.227,170.4291,0.2649669472513623,196.0949132892846,186.41808671071544,52.31900450417236,0.8698973514165971,1.5741759948016,-0.704278643385003,6.65714285714286,0.0097159150913508,191.22,-0.0064008394543546,189.38,0.0010504201680672,190.6,-0.0085950929832786,190.32,-0.0250450914712703,189.19,189.968,1.1710337313758499,0.14980075345702312,191.22,188.24,191.469,2.330786467170925,0.22428621930832343,196.55,188.24,191.25650000000002,2.419206644642292,0.26496694725136166,196.55,186.6,186.227,7.452257088580159,0.23960973812159408,199.11,170.9,3,7,3,0.9842279870175173,1.010809388536513,0.03150233744139665,0.009275642056676546,187.91,-0.001753081172970794
2020-07-24,AAPL,188.53,190.72,185.1,187.91,134738767,187.91,-0.0017530811729707,191.1465,186.5436,170.63760000000002,0.2437439535789504,196.19033427667452,186.10266572332543,43.509694360527874,0.5857246634231785,1.3764857285259158,-0.7907610651027372,6.471428571428575,-0.0155841439180001,188.24,0.0097159150913508,191.22,-0.0064008394543546,189.38,0.0004203446826398,190.4,0.020878481949363,193.14,189.46999999999997,1.439965277366054,0.1482288956256321,191.22,187.91,190.946,2.495151743324193,0.19033317958023288,196.55,187.91,191.1465,2.5219171383372787,0.2437439535789498,196.55,186.6,186.5436,7.1698828043824445,0.2393824584437787,199.11,170.9,4,7,3,0.983067960956737,1.0073248291498218,0.029907934649407147,-0.0032886012835979207,188.31,0.002128678622745017
2020-07-27,AAPL,187.64,189.65,186.97,188.31,101138711,188.31,0.002128678622745,190.917,186.8504,170.84215,0.2373896065445173,196.0419404617881,185.7920595382119,37.125091422101285,0.388316151024668,1.1788518130256662,-0.7905356620009982,6.286428571428577,-0.0017530811729707,187.91,-0.0155841439180001,188.24,0.0097159150913508,191.22,0.0010504201680672,190.6,-0.0013979496738116,192.87,189.012,1.3522093033327973,0.1500852510815259,191.22,187.91,190.49,2.521009497975047,0.19181412879153772,196.55,187.91,190.917,2.562470230894045,0.23738960654451668,196.55,186.6,186.8504,6.9003475097352736,0.23926420818953936,199.11,170.9,0,7,3,0.9863448514224175,1.007811596865686,0.01423185173376759,0.003570667235112158,189.83,0.00807179650576173
2020-07-28,AAPL,191.34,193.28,186.39,189.83,67833834,189.83,0.0080717965057617,190.8435,187.229,171.0102,0.2379164707355804,195.9874418634708,185.6995581365292,42.34397675642904,0.3504796680796858,1.0131773840364702,-0.6626977159567844,6.152857142857148,0.002128678622745,188.31,-0.0017530811729707,187.91,-0.0155841439180001,188.24,-0.0064008394543546,189.38,0.019080209467517,196.55,189.10200000000003,1.3970576222975921,0.16046069125907636,191.22,187.91,189.81799999999998,1.3497143730731866,0.16325279989026678,191.97,187.91,190.8435,2.571970931735397,0.23791647073557984,196.55,186.6,187.229,6.515947234850421,0.23755240471614372,199.11,172.29,1,7,3,0.9946893658888321,1.0138920786789767,0.036295632934539954,-0.007891711090164625,191.93,0.011062529631775675
2020-07-29,AAPL,193.42,196.05,187.82,191.93,88668635,191.93,0.0110625296317756,190.9995,187.6218,171.1818,0.2361652694746268,196.07253075613207,185.9264692438679,55.52419351704281,0.4843629971902885,0.9074145066672339,-0.42305150947694536,6.088571428571433,0.0080717965057617,189.83,0.002128678622745,188.31,-0.0017530811729707,187.91,0.0097159150913508,191.22,-0.0233019587891122,191.97,189.244,1.6746581740820512,0.16552956480115852,191.93,187.91,189.81400000000002,1.342668983775025,0.1347544968721536,191.93,187.91,190.9995,2.5365153780660528,0.23616526947462613,196.55,186.6,187.6218,6.180337382641286,0.23801842559212688,199.11,176.13,2,7,3,1.0048717404966774,1.0229621504482798,0.04288021674546521,-0.007703443284005157,188.79,-0.016360131297869063
2020-07-30,AAPL,188.13,191.17,186.41,188.79,72657786,188.79,-0.016360131297869,190.9255,187.8704,171.32385000000002,0.2423573791461148,196.0857630491936,185.7652369508064,40.933722360438864,0.3332532066394265,0.7925822466616725,-0.45932904002224606,5.86428571428572,0.0110625296317756,191.93,0.0080717965057617,189.83,0.002128678622745,188.31,-0.0155841439180001,188.24,-0.0085950929832786,190.32,189.35399999999998,1.608999689254121,0.17038451848512068,191.93,187.91,189.661,1.3655804626573473,0.15303857310887709,191.93,187.91,190.9255,2.580131524596795,0.24235737914611422,196.55,186.6,187.87039999999996,5.964312903274895,0.23649295334504483,199.11,176.13,3,7,3,0.9888150089904764,1.0048948636879207,0.025213199851553462,0.0035082124062961167,184.55,-0.022458816674611914
2020-07-31,AAPL,186.03,188.34,180.77,184.55,80252563,184.55,-0.0224588166746119,190.823,188.0388,171.43289999999996,0.2458909928571069,196.4089112247293,185.2370887752707,35.12160227139836,-0.1271690304775177,0.6086319912338346,-0.7358010217113523,6.167857142857149,-0.016360131297869,188.79,0.0110625296317756,191.93,0.0080717965057617,189.83,-0.0017530811729707,187.91,0.0004203446826398,190.4,188.682,2.6967981014565505,0.23844478478206896,191.93,184.55,189.07600000000002,2.0799903845910923,0.18733228409823655,191.93,184.55,190.823,2.79295561236465,0.24589099285710628,196.55,184.55,188.0388,5.740739709146503,0.2424631261383412,199.11,177.22,4,7,3,0.9671266042302704,0.9814463823371483,0.04101869412061216,-0.007955706068870796,188.19,0.019723652126794722
2020-08-03,AAPL,190.06,192.76,183.62,188.19,70230466,188.19,0.0197236521267947,190.6395,188.2574,171.55185,0.2343869232713069,196.32225868886053,184.95674131113947,35.028653277564416,-0.19607911334148298,0.4476897703187711,-0.6437688836602541,6.36071428571429,-0.0224588166746119,184.55,-0.016360131297869,188.79,0.0110625296317756,191.93,0.002128678622745,188.31,0.0010504201680672,190.6,188.658,2.701466268532637,0.2914829342508385,191.93,184.55,188.83499999999998,2.0226179405228066,0.21947908675357558,191.93,184.55,190.6395,2.8413793444302593,0.23438692327130634,196.55,184.55,188.25740000000002,5.526004501908259,0.24579594621278916,199.11,177.22,0,8,3,0.9871511412850582,0.9996419795397173,0.048567936659500606,-0.009838998211039491,189.19,0.005313778627982435
2020-08-04,AAPL,190.43,190.91,187.48,189.19,74910386,189.19,0.0053137786279824,190.3315,188.458,171.67945,0.2247640876996776,195.59128296530716,185.07171703469288,44.28923580032666,-0.16806189492044155,0.3245394372709286,-0.49260133219137014,5.928571428571432,0.0197236521267947,188.19,-0.0224588166746119,184.55,-0.016360131297869,188.79,0.0080717965057617,189.83,-0.0064008394543546,189.38,188.53,2.6466582703514274,0.2873035979550086,191.93,184.55,188.816,2.0178162012962453,0.21956303523845597,191.93,184.55,190.3315,2.629891482653568,0.22476408769967712,196.55,184.55,188.458,5.368834099862383,0.24503075264560759,199.11,177.22,1,8,3,0.9940025691964073,1.0038841545543098,0.018129922300237206,-0.0065115790578874,187.14,-0.010835667847137853
2020-08-05,AAPL,188.44,190.04,184.25,187.14,87083199,187.14,-0.0108356678471378,189.986,188.63780000000003,171.78715,0.226517646018902,195.1237095039908,184.8482904960092,43.57316084842262,-0.3077286110302566,0.1980858276106916,-0.5058144386409482,5.786428571428575,0.0053137786279824,189.19,0.0197236521267947,188.19,-0.0224588166746119,184.55,0.0110625296317756,191.93,0.0097159150913508,191.22,187.572,1.857584452997854,0.2732907962725449,189.19,184.55,188.408,1.8858938346436467,0.21829695515378214,191.93,184.55,189.986,2.568854751995421,0.2265176460189015,196.55,184.55,188.63780000000003,5.163175059387975,0.2460532156952885,199.11,177.22,2,8,3,0.9850199488331508,0.9920599158758632,0.030939403654852267,-0.006898747611935431,191.61,0.023885860852837615
2020-08-06,AAPL,190.65,193.67,189.56,191.61,53768250,191.61,0.0238858608528376,190.107,188.8938,171.92645000000002,0.2262638321335029,195.27964505278825,184.93435494721172,52.07689664507119,-0.05706602552047002,0.1470554569844593,-0.2041214825049293,6.050714285714291,-0.0108356678471378,187.14,0.0053137786279824,189.19,0.0197236521267947,188.19,-0.016360131297869,188.79,-0.0155841439180001,188.24,188.136,2.599707675878097,0.31357188941255293,191.61,184.55,188.745,2.1369305609246245,0.23882982000113023,191.93,184.55,190.107,2.5863225263941283,0.22626383213350235,196.55,184.55,188.8938,4.9800253626114666,0.2512668606793741,199.11,177.22,3,8,3,1.0079060739425276,1.0143795084803506,0.021449819946654847,0.0050354051927352355,192.01,0.0020875737174468334
2020-08-07,AAPL,192.31,196.02,188.01,192.01,53286078,192.01,0.0020875737174468,190.0505,189.156,172.07035,0.2135471213393247,195.1070370925615,184.9939629074385,52.40368221160409,0.17188119703584448,0.15202060499473635,0.019860592041108127,6.433571428571434,0.0238858608528376,191.61,-0.0108356678471378,187.14,0.0053137786279824,189.19,-0.0224588166746119,184.55,-0.0017530811729707,187.91,189.628,2.1243869704034273,0.22263302704730836,192.01,187.14,189.155,2.34236940819246,0.23797156985743373,192.01,184.55,190.0505,2.528268546280762,0.21354712133932421,196.55,184.55,189.15599999999998,4.78439043523241,0.25125951647429506,199.11,177.22,4,8,3,1.0103104174889816,1.0150880754455842,0.0417165772613838,-0.0015599812802165847,195.5,0.01817613665954898
2020-08-10,AAPL,193.81,198.74,192.27,195.5,45906632,195.5,0.0181761366595489,190.182,189.4816,172.23734999999996,0.2231855798215306,195.6659923989379,184.69800760106213,59.68354427735539,0.6277015999271498,0.24715680398121906,0.3805447959459307,6.527857142857148,0.0020875737174468,192.01,0.0238858608528376,191.61,-0.0108356678471378,187.14,0.0197236521267947,188.19,0.002128678622745,188.31,191.09,3.1534663467397652,0.21773156855735604,195.5,187.14,189.874,3.050603583262463,0.2509985093955119,195.5,184.55,190.18200000000002,2.741996199468946,0.22318557982152998,196.55,184.55,189.4816,4.646373771501664,0.2540218904786418,199.11,177.22,0,8,3,1.0279626883667858,1.031762450807721,0.033094629155840945,0.008719880295089407,195.77,0.0013810741687980688
2020-08-11,AAPL,194.18,199.23,192.31,195.77,42178819,195.77,0.001381074168798,190.143,189.8526,172.40445,0.2125158736608747,195.4443646703892,184.8416353296108,57.57575754891574,0.9992110141590445,0.3975676460167842,0.6016433681422603,6.389285714285718,0.0181761366595489,195.5,0.0020875737174468,192.01,0.0238858608528376,191.61,0.0053137786279824,189.19,0.0080717965057617,189.83,192.406,3.51463084832826,0.22221972612713722,195.77,187.14,190.46800000000002,3.574417745901265,0.2501055192761911,195.77,184.55,190.143,2.6506823351945936,0.21251587366087415,195.77,184.55,189.85260000000002,4.380303227786391,0.2522690293952581,199.11,177.34,1,8,3,1.0295935164532506,1.0311683906302513,0.03534760177741554,0.008188278916427105,201.98,0.031720896970935275
2020-08-12,AAPL,204.0,206.22,197.75,201.98,49161635,201.98,0.0317208969709352,190.6435,190.3454,172.57365,0.2224073413281414,198.11643861736985,183.17056138263013,70.65544194259839,1.774277238823231,0.6729095645780736,1.1013676742451575,6.711428571428574,0.001381074168798,195.77,0.0181761366595489,195.5,0.0020875737174468,192.01,-0.0108356678471378,187.14,0.0110625296317756,191.93,195.374,4.1622145547798715,0.2129532492000214,201.98,191.61,191.473,5.1129096956182725,0.28706448577550137,201.98,184.55,190.6435,3.736469308684923,0.2224073413281408,201.98,184.55,190.3454,4.329612892156465,0.2608394877324109,201.98,178.73,2,8,3,1.0594643929582732,1.0611236205284649,0.04193484503395418,-0.009901960784265237,207.44,0.027032379443509225
2020-08-13,AAPL,206.72,210.12,204.76,207.44,85269057,207.44,0.0270323794435092,191.4995,190.9196,172.7931,0.2341854782080678,202.088728837288,180.91027116271195,75.4363115119534,2.7968587283598936,1.0976993973344378,1.6991593310254558,6.891428571428575,0.0317208969709352,201.98,0.001381074168798,195.77,0.0181761366595489,195.5,0.0238858608528376,191.61,-0.016360131297869,188.79,198.54000000000002,6.13593921091322,0.2217937013507296,207.44,192.01,193.33800000000002,7.057233956098042,0.27804766189950314,207.44,184.55,191.49949999999998,5.29461441864401,0.23418547820806718,207.44,184.55,190.9196,4.6496749765724905,0.26627266253318177,207.44,182.73,3,8,3,1.0832404262095554,1.0865306652586402,0.02583879676038457,0.003482972136206056,206.74,-0.0033744697261858247
2020-08-14,AAPL,207.76,211.56,201.92,206.74,55975361,206.74,-0.0033744697261858,192.3165,191.3998,173.00029999999998,0.2354289534502782,204.8849655932398,179.74803440676018,73.81752388127566,3.5103130722605727,1.580222132319665,1.9300909399409076,7.388571428571432,0.0270323794435092,207.44,0.0317208969709352,201.98,0.001381074168798,195.77,0.0020875737174468,192.01,-0.0224588166746119,184.55,201.48600000000002,5.740285707177236,0.24561278637107736,207.44,195.5,195.557,7.463883484263355,0.2285252114491337,207.44,187.14,192.3165,6.284232796619909,0.23542895345027762,207.44,184.55,191.3998,5.012311980290587,0.2629493460134054,207.44,183.29,4,8,3,1.074998765050971,1.0801474191661635,0.046628615652284926,-0.004909510974177284,209.84,0.014994679307342551
2020-08-17,AAPL,211.13,213.13,206.56,209.84,98245792,209.84,0.0149946793073425,193.2785,191.8878,173.24245,0.2381196675053081,208.0465868945964,178.51041310540364,74.84479759007134,4.276577152840758,2.119493136423884,2.1570840164168743,7.365714285714288,-0.0033744697261858,206.74,0.0270323794435092,207.44,0.0317208969709352,201.98,0.0181761366595489,195.5,0.0197236521267947,188.19,204.35399999999998,5.5819691865885614,0.2440439422158045,209.84,195.77,197.722,8.193799552777953,0.22497213559096607,209.84,187.14,193.2785,7.384043447298183,0.23811966750530744,209.84,184.55,191.8878,5.576288828786618,0.2629888254148371,209.84,183.29,0,8,3,1.085687233701184,1.0935557132809197,0.03130956919542834,-0.006109979633372245,211.96,0.010102935569958005
2020-08-18,AAPL,213.47,213.69,210.23,211.96,81118588,211.96,0.010102935569958,194.4075,192.2952,173.50064999999998,0.2348914900336568,211.23019879469032,177.58480120530962,74.85728466001484,4.997307390869793,2.695055987313066,2.3022514035567267,7.052857142857143,0.0149946793073425,209.84,-0.0033744697261858,206.74,0.0270323794435092,207.44,0.001381074168798,195.77,0.0053137786279824,189.19,207.592,3.7542136327099596,0.22167127742403323,211.96,201.98,199.999,8.707107505429388,0.22283445554013584,211.96,187.14,194.40749999999997,8.411349397345182,0.23489149003365617,211.96,184.55,192.2952,6.256687276305182,0.25415699790448604,211.96,183.29,1,8,3,1.090287154553758,1.1022636030379218,0.016323834685712794,-0.007073593479144224,216.43,0.021088884695225518
2020-08-19,AAPL,218.58,220.52,212.33,216.43,36402044,216.43,0.0210888846952255,195.668,192.8346,173.7677,0.2408313202074421,215.06587465297852,176.27012534702146,83.20518978460186,5.861613903389724,3.3283675705283975,2.5332463328613266,7.2700000000000005,0.010102935569958,211.96,0.0149946793073425,209.84,-0.0033744697261858,206.74,0.0317208969709352,201.98,-0.0108356678471378,187.14,210.48200000000003,3.9125337059284577,0.1841270226109703,216.43,206.74,202.928,8.826456190843714,0.18808685961465235,216.43,191.61,195.668,9.698937326489274,0.2408313202074415,216.43,184.55,192.8346,7.1114498679594,0.25579112802493725,216.43,183.29,2,8,3,1.1061083059002694,1.1223608211331249,0.037841334380456296,-0.009836215573200519,213.39,-0.014046111906852232
2020-08-20,AAPL,212.29,217.84,208.94,213.39,103961108,213.39,-0.0140461119068522,196.9255,193.262,174.0185,0.2390311047107549,217.519757222011,176.331242777989,85.67540818408071,6.229470984100345,3.9085882532427876,2.3208827308575577,7.3328571428571445,0.0210888846952255,216.43,0.010102935569958,211.96,0.0149946793073425,209.84,0.0270323794435092,207.44,0.0238858608528376,191.61,211.67199999999997,3.6521870160256937,0.22657147806622024,216.43,206.74,205.106,8.400241001833454,0.22834877149496477,216.43,192.01,196.9255,10.29712861100551,0.23903110471075426,216.43,184.55,193.262,7.680867563668988,0.2573288456464556,216.43,183.29,3,8,3,1.0836077602896343,1.1041487721274532,0.04170767139958901,0.005181591219533717,215.67,0.010684661886686264
2020-08-21,AAPL,213.69,218.11,213.22,215.67,110647126,215.67,0.0106846618866862,198.3135,193.7232,174.2935,0.2374785853091546,220.059074044535,176.567925955465,85.17665127515426,6.628567318171633,4.452584066228557,2.1759832519430766,7.029285714285718,-0.0140461119068522,213.39,0.0210888846952255,216.43,0.010102935569958,211.96,-0.0033744697261858,206.74,0.0020875737174468,192.01,213.458,2.6955648758706157,0.21243227307666246,216.43,209.84,207.47199999999998,7.595245296309176,0.2230586682508711,216.43,195.5,198.3135,10.872787022267504,0.23747858530915397,216.43,184.55,193.7232,8.307666348817556,0.2580218564172433,216.43,183.29,4,8,3,1.0875205167520743,1.113289476938677,0.022673529002537867,0.009265758809446975,219.19,0.016321231511104983
2020-08-24,AAPL,218.8,224.05,214.34,219.19,53757412,219.19,0.0163212315111049,199.8575,194.1248,174.59445,0.2389413797183004,222.95551529409735,176.75948470590265,86.07503604605455,7.146508123291056,4.991368877641057,2.155139245649999,7.477857142857147,0.0106846618866862,215.67,-0.0140461119068522,213.39,0.0210888846952255,216.43,0.0149946793073425,209.84,0.0181761366595489,195.5,215.32800000000003,2.799360641294396,0.2151530905747717,219.19,211.96,209.84099999999998,7.126249520064417,0.22175904339551172,219.19,195.77,199.85750000000002,11.549007647048688,0.2389413797182997,219.19,184.55,194.1248,9.027537065523367,0.24997198998389117,219.19,183.29,0,8,3,1.0967314211320731,1.1291189997304358,0.04429946621632241,0.0017824497257687565,213.56,-0.025685478352114544
2020-08-25,AAPL,211.98,218.5,208.62,213.56,94642179,213.56,-0.0256854783521145,201.044,194.4604,174.85879999999997,0.266728476358697,224.40958008335383,177.6784199166462,79.25155001971831,7.021743704244528,5.397443842961752,1.6242998612827764,7.819285714285718,0.0163212315111049,219.19,0.0106846618866862,215.67,-0.0140461119068522,213.39,0.010102935569958,211.96,0.001381074168798,195.77,215.648,2.377818327801414,0.32419909046529033,219.19,213.39,211.61999999999998,5.177305176333095,0.2882939949367894,219.19,201.98,201.044,11.682790041676911,0.2667284763586963,219.19,184.55,194.46039999999996,9.431136438978225,0.2558294194720855,219.19,183.29,1,8,3,1.0622550287446417,1.0982184547542935,0.04626334519551289,0.007453533352167936,209.87,-0.01727851657613788
2020-08-26,AAPL,207.87,212.08,207.66,209.87,56793809,209.87,-0.0172785165761378,201.941,194.7702,175.1132,0.2783690340106009,225.21061054115185,178.67138945884813,70.572329856061,6.549614957649766,5.627878065899355,0.9217368917504105,7.7742857142857185,-0.0256854783521145,213.56,0.0163212315111049,219.19,0.0106846618866862,215.67,0.0210888846952255,216.43,0.0317208969709352,201.98,214.33599999999996,3.419909355527973,0.29228911753056264,219.19,209.87,212.40900000000002,4.015914037370857,0.2845230689210725,219.19,206.74,201.94099999999997,11.634805270575923,0.2783690340106002,219.19,184.55,194.77020000000002,9.679581811257503,0.25750472146106057,219.19,183.29,2,8,3,1.039263943423875,1.0775262334737168,0.02106065659684069,0.009621397989081536,203.62,-0.029780340210606604
2020-08-27,AAPL,203.05,208.64,198.6,203.62,83187307,203.62,-0.0297803402106066,202.6825,194.9884,175.33350000000002,0.2953449187802477,225.1178057056352,180.2471942943648,61.556838525546574,5.606498532737618,5.6236021592670085,-0.01710362652939068,8.007142857142862,-0.0172785165761378,209.87,-0.0256854783521145,213.56,0.0163212315111049,219.19,-0.0140461119068522,213.39,0.0270323794435092,207.44,212.382,5.950426035169839,0.33743162352422984,219.19,203.62,212.027,4.669575403014824,0.2982656554737665,219.19,203.62,202.68249999999998,11.217652852817595,0.2953449187802471,219.19,184.55,194.9884,9.754867829312593,0.26609485087759266,219.19,183.29,3,8,3,1.0046254609993235,1.0442672487130298,0.04930753364085397,0.0028071903471912634,202.87,-0.0036833316962969764
2020-08-28,AAPL,204.02,204.45,201.28,202.87,48241867,202.87,-0.0036833316962969,203.5985,195.3112,175.54925,0.2802074957684746,224.3493805393395,182.8476194606605,57.759528304724505,4.743868871820865,5.4476555017777795,-0.7037866299569142,7.7528571428571444,-0.0297803402106066,203.62,-0.0172785165761378,209.87,-0.0256854783521145,213.56,0.0106846618866862,215.67,-0.0033744697261858,206.74,209.82199999999997,6.865301887027706,0.2972554491264127,219.19,202.87,211.64000000000001,5.277257284275702,0.2983183112245477,219.19,202.87,203.5985,10.37544026966976,0.28020749576847387,219.19,187.14,195.31119999999999,9.743049147668739,0.2559265661059432,219.19,183.29,4,8,3,0.9964218793311522,1.0387013135906251,0.015625770197586444,-0.005636702284062195,205.13,0.01114013900527433
2020-08-31,AAPL,205.4,206.99,203.28,205.13,39047703,205.13,0.0111401390052743,204.4455,195.7074,175.7838,0.2758032768941396,223.89000075146515,185.0009992485348,59.45836700015324,4.194243138945069,5.196973029211238,-1.0027298902661688,7.552857142857145,-0.0036833316962969,202.87,-0.0297803402106066,203.62,-0.0172785165761378,209.87,0.0163212315111049,219.19,0.0149946793073425,209.84,207.01,4.5620225777636385,0.2668543216185955,213.56,202.87,211.169,5.6525971415306815,0.2928455768891875,219.19,202.87,204.44549999999998,9.72225037573259,0.27580327689413886,219.19,187.14,195.7074,9.731245030146237,0.2558593375749014,219.19,183.29,0,8,3,1.003348080534894,1.0481463654361145,0.01808609174660909,-0.001314508276527243,209.88,0.02315604738458532
2020-09-01,AAPL,209.09,211.7,208.05,209.88,68641668,209.88,0.0231560473845853,205.48,196.2392,176.01595,0.2836927963076363,223.6680272938588,187.2919727061412,58.22573925832653,4.094744423570091,4.976527308083009,-0.8817828845129174,7.2757142857142885,0.0111401390052743,205.13,-0.0036833316962969,202.87,-0.0297803402106066,203.62,-0.0256854783521145,213.56,0.010102935569958,211.96,206.27399999999997,3.3865218144912212,0.3372346467195668,209.88,202.87,210.961,5.6585224808834145,0.3146143186733164,219.19,202.87,205.48000000000002,9.094013646929394,0.2836927963076356,219.19,187.14,196.23919999999998,9.76529628797038,0.25831542945920866,219.19,183.76,1,9,3,1.0214132762262926,1.0695110864645314,0.0173908900323165,0.0037782772968397043,210.18,0.0014293882218410214
2020-09-02,AAPL,210.83,214.99,205.37,210.18,76137053,210.18,0.001429388221841,206.632,196.7676,176.2415,0.2776862354595155,222.72719653744545,190.5368034625546,53.19645355238567,3.994057459403706,4.780033338347149,-0.785975878943443,7.3814285714285734,0.0231560473845853,209.88,0.0111401390052743,205.13,-0.0036833316962969,202.87,-0.0172785165761378,209.87,0.0210888846952255,216.43,206.336,3.4706094565688264,0.3136732793410545,210.18,202.87,210.336,5.322526968774274,0.2908858489969425,219.19,202.87,206.632,8.047598268722716,0.2776862354595148,219.19,191.61,196.76760000000002,9.791025369997257,0.2583342830638096,219.19,184.55,2,9,3,1.0171706221639574,1.068163661085117,0.045770292130337016,-0.0030830526964707233,215.45,0.02507374631268422
2020-09-03,AAPL,214.3,219.35,211.56,215.45,68234803,215.45,0.0250737463126842,207.824,197.3812,176.51785,0.278732902097896,222.7214902866944,192.9265097133056,59.18195233336393,4.29005419734284,4.682037510146287,-0.3919833128034469,7.347857142857143,0.001429388221841,210.18,0.0231560473845853,209.88,0.0111401390052743,205.13,-0.0297803402106066,203.62,-0.0140461119068522,213.39,208.702,4.8958931769418825,0.2026971426502465,215.45,202.87,210.542,5.491056971718911,0.31382524946480195,219.19,202.87,207.82399999999998,7.448745143347212,0.27873290209789536,219.19,192.01,197.38119999999998,9.983260610049959,0.2630727024849531,219.19,184.55,3,9,3,1.0366945107348684,1.0915426595790707,0.036156880946687564,0.0053663089127140035,211.11,-0.020143884892086183
2020-09-04,AAPL,209.06,212.81,209.06,211.11,49819895,211.11,-0.0201438848920861,208.779,197.8012,176.76995,0.2936709463083505,221.7296511114529,195.82834888854708,51.304705142423146,4.12686014077272,4.571002036271574,-0.44414189549885386,7.335,0.0250737463126842,215.45,0.001429388221841,210.18,0.0231560473845853,209.88,-0.0036833316962969,202.87,0.0106846618866862,215.67,210.35,3.6771524308936314,0.29338267350498604,215.45,205.13,210.086,5.1994897185521385,0.3255066545689111,219.19,202.87,208.779,6.47532555572646,0.2936709463083498,219.19,195.5,197.8012,10.11202429117524,0.26147877997018254,219.19,184.55,4,9,3,1.0111649160068248,1.0672837171813556,0.017763251385449465,0.009805797378696095,205.85,-0.02491592061010861
2020-09-07,AAPL,206.94,208.69,203.01,205.85,68174255,205.85,-0.0249159206101086,209.2965,198.0602,177.00345,0.3073792543476787,220.7540468578597,197.83895314214027,44.10345491956284,3.532370664647715,4.363275761946802,-0.8309050972990875,7.638571428571431,-0.0201438848920861,211.11,0.0250737463126842,215.45,0.001429388221841,210.18,0.0111401390052743,205.13,0.0163212315111049,219.19,210.494,3.4272335782708225,0.3713826425734081,215.45,205.85,208.752,4.223973379545228,0.326535093433459,215.45,202.87,209.29649999999998,5.728773428929855,0.30737925434767804,219.19,195.77,198.0602,10.149702014325541,0.2668395378989217,219.19,184.55,0,9,3,0.9835329305507567,1.0393304661863447,0.027592907456752074,-0.005267227215592618,205.75,-0.0004857906242409227
2020-09-08,AAPL,206.26,209.31,202.19,205.75,89098681,205.75,-0.0004857906242409,209.7955,198.3492,177.22594999999998,0.3075617820322296,219.5091853540737,200.0818146459263,38.743676211163326,3.0183704122460995,4.094294692006662,-1.0759242797605628,7.535714285714287,-0.0249159206101086,205.85,-0.0201438848920861,211.11,0.0250737463126842,215.45,0.0231560473845853,209.88,-0.0256854783521145,213.56,209.66799999999998,4.052803967628662,0.3160012115569856,215.45,205.75,207.971,3.9493050021485225,0.30813160589859334,215.45,202.87,209.7955,4.856842677036857,0.307561782032229,219.19,201.98,198.34920000000002,10.159004016745792,0.2659490632807487,219.19,184.55,1,9,3,0.9807169362499162,1.0373119730201217,0.03460510328051227,-0.002472607388720636,207.01,0.0061239368165249
2020-09-09,AAPL,208.1,208.39,205.63,207.01,78576244,207.01,0.0061239368165249,210.04700000000005,198.7132,177.46400000000003,0.2883102654116616,219.14993671526707,200.94406328473295,43.013578611428166,2.6817790986864907,3.811791573342628,-1.1300124746561373,7.097142857142858,-0.0004857906242409,205.75,-0.0249159206101086,205.85,-0.0201438848920861,211.11,0.001429388221841,210.18,-0.0172785165761378,209.87,209.03400000000002,4.198032872671001,0.32259230558300805,215.45,205.75,207.685,3.899749991986055,0.30125279414336087,215.45,202.87,210.04700000000003,4.551468357633526,0.288310265411661,219.19,202.87,198.7132,10.13626655900063,0.26400527663467976,219.19,184.55,2,9,3,0.9855413312211763,1.0417526364577605,0.013332689242001152,-0.005237866410354472,206.98,-0.00014492053523984527
2020-09-10,AAPL,205.07,211.67,202.29,206.98,86058478,206.98,-0.0001449205352398,210.02400000000003,199.0474,177.70300000000003,0.2719221351355884,219.15694648944137,200.8910535105587,39.99078552038998,2.38511320802084,3.526455900278271,-1.1413426922574308,7.417857142857143,0.0061239368165249,207.01,-0.0004857906242409,205.75,-0.0249159206101086,205.85,0.0250737463126842,215.45,-0.0297803402106066,203.62,207.34,2.1908674081344195,0.21754968318558413,211.11,205.75,208.02100000000002,3.6471646521641117,0.2558674717870884,215.45,202.87,210.02400000000003,4.566473244720673,0.27192213513558783,219.19,202.87,199.04739999999998,10.127673707950233,0.2637143341757449,219.19,184.55,3,9,3,0.985506418309405,1.0398528189715623,0.0453183882498535,0.009313892817041414,200.72,-0.03024446806454728
2020-09-11,AAPL,202.08,204.95,196.5,200.72,61189802,200.72,-0.0302444680645472,209.723,199.3298,177.90434999999997,0.2923432237915045,219.6720133866868,199.77398661331324,29.989165754716154,1.626128670228411,3.146390454268299,-1.5202617840398882,7.4728571428571415,-0.0001449205352398,206.98,0.0061239368165249,207.01,-0.0004857906242409,205.75,-0.0201438848920861,211.11,-0.0036833316962969,202.87,205.262,2.608672075985157,0.26083573968666995,207.01,200.72,207.80599999999998,4.0280383976978955,0.3022178457671809,215.45,200.72,209.723,4.974506693343383,0.29234322379150396,219.19,200.72,199.3298,9.969127137195297,0.269312051893463,219.19,184.55,4,9,3,0.957071947278281,1.0069743711125634,0.04209844559564513,-0.006730007917623138,200.52,-0.0009964129135112687
2020-09-14,AAPL,201.0,203.55,197.5,200.52,127831603,200.52,-0.0009964129135112,209.257,199.503,178.09395,0.2859517415873172,220.02251042621265,198.49148957378733,33.988212169061015,0.9969968680237855,2.7165117370193967,-1.7195148689956112,7.1499999999999995,-0.0302444680645472,200.72,-0.0001449205352398,206.98,0.0061239368165249,207.01,-0.0249159206101086,205.85,0.0111401390052743,205.13,204.196,3.3045317368765317,0.22741194290097838,207.01,200.52,207.34499999999997,4.592571901087861,0.2947263858724368,215.45,200.52,209.25699999999998,5.38275521310632,0.2859517415873166,219.19,200.52,199.503,9.911763831171056,0.26237490463904084,219.19,184.55,0,9,3,0.9582475138181364,1.0050976676992072,0.030171553959554356,-0.0023880597014806055,196.71,-0.019000598444045447
2020-09-15,AAPL,196.95,201.49,191.92,196.71,49976720,196.71,-0.0190005984440454,208.4945,199.5302,178.27875,0.2881129000735722,220.53827887017744,196.45072112982243,33.888344748422185,0.1887939247805548,2.2109681745716285,-2.0221742497910737,7.412142857142858,-0.0009964129135112,200.52,-0.0302444680645472,200.72,-0.0001449205352398,206.98,-0.0004857906242409,205.75,0.0231560473845853,209.88,202.388,4.498907645198268,0.24106707768537927,207.01,196.71,206.02800000000002,5.569336286009422,0.268309280132256,215.45,196.71,208.49449999999996,6.021889435088759,0.28811290007357165,219.19,196.71,199.5302,9.901995776981513,0.2631396543449233,219.19,184.55,1,9,3,0.9434781253177257,0.9858657987563494,0.04865029739185284,-0.0012185833967949334,198.76,0.010421432565705713
2020-09-16,AAPL,199.25,201.41,196.1,198.76,97227223,198.76,0.0104214325657057,207.611,199.62440000000004,178.4775,0.2783259734402216,219.79534526241497,195.42665473758507,43.36790391356026,-0.28303224356989176,1.7121680909433246,-1.9952003345132163,6.986428571428571,-0.0190005984440454,196.71,-0.0009964129135112,200.52,-0.0302444680645472,200.72,0.0061239368165249,207.01,0.001429388221841,210.18,200.738,3.845376444513952,0.2591402143508397,206.98,196.71,204.88600000000002,5.789843981777699,0.2791683818558186,215.45,196.71,207.61100000000002,6.092172631207478,0.27832597344022103,219.19,196.71,199.62440000000004,9.87115301662191,0.2636194823278432,219.19,184.55,2,9,3,0.9573673841898678,0.9956698680071389,0.026715636948949927,-0.0024592220827982427,199.92,0.0058361843429262095
2020-09-17,AAPL,201.38,204.86,194.99,199.92,128352844,199.92,0.0058361843429262,206.9375,199.83900000000003,178.68744999999998,0.2778525416028991,219.2651272955055,194.6098727044945,46.01889336992535,-0.5569355692738611,1.2583473588998875,-1.8152829281737486,7.465000000000002,0.0104214325657057,198.76,-0.0190005984440454,196.71,-0.0009964129135112,200.52,-0.0001449205352398,206.98,0.0250737463126842,215.45,199.326,1.6496605711546204,0.2736258384840197,200.72,196.71,203.333,4.602482542666416,0.23323361160185876,211.11,196.71,206.9375,6.163813647752729,0.2778525416028985,219.19,196.71,199.83900000000003,9.755638296464332,0.25719846650173017,219.19,184.55,3,9,3,0.9660887949213357,1.0004053262826553,0.04936974789891274,-0.007249975171281945,197.19,-0.013655462184873901
2020-09-18,AAPL,197.53,200.81,193.57,197.19,96968857,197.19,-0.0136554621848739,206.0135,199.92,178.89120000000003,0.2752473405056708,218.35547847314712,193.6715215268528,39.41897653113362,-0.9829631256598645,0.8100852619879371,-1.7930483876478016,7.687857142857145,0.0058361843429262,199.92,0.0104214325657057,198.76,-0.0190005984440454,196.71,-0.0302444680645472,200.72,-0.0201438848920861,211.11,198.62,1.6592618840984366,0.19932439498019014,200.52,196.71,201.941,4.0623431935540895,0.2254151317171592,207.01,196.71,206.01349999999996,6.170989236573571,0.27524734050567035,219.19,196.71,199.92,9.715613354655268,0.25531043204981035,219.19,184.55,4,9,3,0.9571702825253823,0.9863445378101925,0.036715857801933635,-0.0017212575304929995,195.74,-0.007353314062579219
2020-09-21,AAPL,196.06,199.2,192.28,195.74,73774780,195.74,-0.0073533140625792,204.841,199.9774,179.0664,0.26430472485594,216.33901429080805,193.3429857091919,29.33956749238004,-1.4212130558692877,0.36382559841649215,-1.78503865428578,7.712857142857144,-0.0136554621848739,197.19,0.0058361843429262,199.92,0.0104214325657057,198.76,-0.0009964129135112,200.52,-0.0249159206101086,205.85,197.66400000000002,1.66788189030922,0.19944531691644646,199.92,195.74,200.93,4.235755212735371,0.20168151233278803,207.01,195.74,204.84099999999998,5.749007145404034,0.26430472485593964,215.45,195.74,199.9774,9.68153002961302,0.2558925566172565,219.19,184.55,0,9,3,0.9555704180268816,0.9788106055935382,0.03535301931115068,-0.0016321534224133481,192.72,-0.01542862981506088
2020-09-22,AAPL,194.61,194.61,191.12,192.72,64761274,192.72,-0.0154286298150608,203.799,199.9008,179.22135000000003,0.2563066598711703,215.73878735595028,191.85921264404973,26.36708174420299,-1.9892867840291615,-0.1067968780726386,-1.8824899059565228,7.355714285714287,-0.0073533140625792,195.74,-0.0136554621848739,197.19,0.0058361843429262,199.92,-0.0190005984440454,196.71,-0.0004857906242409,205.75,196.86599999999999,2.80518805074118,0.1844123239609396,199.92,192.72,199.627,4.578551566209191,0.20631699972670753,207.01,192.72,203.799,5.969893677975139,0.25630665987116996,215.45,192.72,199.9008,9.72425808302716,0.2546773732736248,219.19,184.55,1,9,3,0.945637613526339,0.9640781827738355,0.01810917393099782,-0.009711731154567098,192.6,-0.0006226650062266526
2020-09-23,AAPL,193.59,196.97,188.24,192.6,121081236,192.6,-0.0006226650062266,202.9355,199.9134,179.3906,0.2525116991267878,215.5078246186151,190.36317538138488,14.0610254735182,-2.4212615079831608,-0.5696898040547431,-1.8515717039284176,7.324285714285716,-0.0154286298150608,192.72,-0.0073533140625792,195.74,-0.0136554621848739,197.19,0.0104214325657057,198.76,0.0061239368165249,207.01,195.634,3.102366838402663,0.1415522024629306,199.92,192.6,198.18599999999998,4.252756491708586,0.1973964286635244,206.98,192.6,202.9355,6.28616230930756,0.25251169912678756,215.45,192.6,199.9134,9.71417512752247,0.2491576277324121,219.19,184.55,2,9,3,0.9490700247076088,0.9634171596253007,0.045327102803502925,-0.0051139005113636825,195.45,0.014797507788161912
2020-09-24,AAPL,195.22,198.1,192.8,195.45,45278697,195.45,0.0147975077881619,202.527,200.016,179.56279999999998,0.2418871929583453,215.52924774090368,189.5247522590963,24.158415830421774,-2.5047600921866717,-0.956703861681129,-1.5480562305055428,7.260714285714288,-0.0006226650062266,192.6,-0.0154286298150608,192.72,-0.0073533140625792,195.74,0.0058361843429262,199.92,-0.0001449205352398,206.98,194.74,2.010385535169847,0.19423014982500506,197.19,192.6,197.033,2.974532829798147,0.22456080629440123,200.72,192.6,202.527,6.501123870451853,0.24188719295834493,215.45,192.6,200.016,9.63757209666316,0.25044877218358064,219.19,184.55,3,9,3,0.9650565109789556,0.9771718262490142,0.027116909695435492,0.001178157975611165,192.65,-0.014325914556152397
2020-09-25,AAPL,193.45,194.23,191.06,192.65,54270289,192.65,-0.0143259145561523,202.016,200.061,179.69469999999998,0.245825463969324,215.74451569391024,188.2874843060897,26.29310343505369,-2.764996759671561,-1.3183624412792154,-1.4466343183923458,6.9957142857142856,0.0147975077881619,195.45,-0.0006226650062266,192.6,-0.0154286298150608,192.72,-0.0136554621848739,197.19,-0.0302444680645472,200.72,193.832,1.613217282333577,0.1962789947468339,195.74,192.6,196.22600000000003,2.9577551547663217,0.1867248561761338,200.52,192.6,202.016,6.864257846955131,0.2458254639693235,215.45,192.6,200.06099999999998,9.596923667382379,0.2526974732508289,219.19,184.55,4,9,3,0.9536373356518612,0.9629562983241964,0.016454710615019637,-0.004135435513031004,194.17,0.007889955878536137
2020-09-28,AAPL,193.74,195.19,193.15,194.17,68238131,194.17,0.0078899558785361,201.468,200.1324,179.82094999999998,0.2437008786346365,215.5437299147016,187.3922700852985,30.211893355332563,-2.8161223907817146,-1.6179144311797153,-1.1982079596019992,6.668571428571427,-0.0143259145561523,192.65,0.0147975077881619,195.45,-0.0006226650062266,192.6,-0.0073533140625792,195.74,-0.0009964129135112,200.52,193.51799999999997,1.2639897151557766,0.2119489601176159,195.45,192.6,195.59099999999998,2.5925382242959247,0.19587538214692932,199.92,192.6,201.46800000000002,7.037864957350776,0.24370087863463602,215.45,192.6,200.1324,9.538198940073602,0.2532595581669207,219.19,184.55,0,9,3,0.9637758849992863,0.9702077224828654,0.010506257403252233,0.0022194693919570505,192.7,-0.007570685481794293
2020-09-29,AAPL,191.66,195.82,189.58,192.7,131247931,192.7,-0.0075706854817942,200.609,200.1988,179.95860000000002,0.2242080339541958,214.6199564645914,186.59804353540852,25.72107226467264,-2.941350479078494,-1.8826016407594715,-1.0587488383190227,6.9171428571428555,0.0078899558785361,194.17,-0.0143259145561523,192.65,0.0147975077881619,195.45,-0.0154286298150608,192.72,-0.0190005984440454,196.71,193.51399999999998,1.2671740212060798,0.18515196039331447,195.45,192.6,195.19,2.7077871244065777,0.17751070013121847,199.92,192.6,200.60899999999998,7.0054782322957125,0.22420803395419533,215.45,192.6,200.1988,9.473152965198752,0.2534369534237916,219.19,184.55,1,9,3,0.9605750489710801,0.9625432320225569,0.03238194084051686,0.005426275696517614,190.49,-0.011468604047742526
2020-09-30,AAPL,190.86,193.45,187.53,190.49,93124163,190.49,-0.0114686040477425,199.6245,200.1842,180.0909,0.2246130684685932,213.57073582491896,185.67826417508095,23.949447066815356,-3.1822402863870423,-2.1425293698849854,-1.0397109165020568,6.669999999999997,-0.0075706854817942,192.7,0.0078899558785361,194.17,-0.0143259145561523,192.65,-0.0006226650062266,192.6,0.0104214325657057,198.76,193.092,1.8602204170526155,0.20274841616755523,195.45,190.49,194.363,2.758719711104259,0.16839563769402036,199.92,190.49,199.62449999999998,6.9731179124595055,0.2246130684685928,215.45,190.49,200.18419999999998,9.487824655519864,0.2539253250721964,219.19,184.55,2,9,3,0.9542415885777836,0.9515736007089892,0.031077746863189194,-0.0019385937336166088,190.25,-0.0012599086566223994
2020-10-01,AAPL,191.87,193.93,186.56,190.25,54315429,190.25,-0.0012599086566223,198.3645,200.2244,180.20595,0.1957378325425822,210.75758716477569,185.97141283522436,29.57471711221038,-3.353852069476204,-2.3847939098032294,-0.9690581596729748,6.447857142857141,-0.0114686040477425,190.49,-0.0075706854817942,192.7,0.0078899558785361,194.17,0.0147975077881619,195.45,0.0058361843429262,199.92,192.052,1.6545754742588843,0.14086356979180023,194.17,190.25,193.39600000000002,2.2405465603016097,0.16013039434397647,197.19,190.25,198.3645,6.196543582387836,0.19573783254258192,211.11,190.25,200.22439999999997,9.440323446552206,0.2514137908173609,219.19,184.55,3,10,4,0.9590929828625633,0.9501838936665552,0.03873850197088708,-0.008443216761304849,187.38,-0.015085413929040725
2020-10-02,AAPL,188.99,191.65,183.1,187.38,70661689,187.38,-0.0150854139290407,197.178,200.2138,180.3152,0.1917157850503761,208.9620366598226,185.3939633401774,26.78445228356944,-3.67903107822724,-2.6436413434880315,-1.0353897347392085,6.62642857142857,-0.0012599086566223,190.25,-0.0114686040477425,190.49,-0.0075706854817942,192.7,-0.0143259145561523,192.65,-0.0136554621848739,197.19,190.998,2.5916153263975374,0.14398218455630132,194.17,187.38,192.415,2.5244284281553955,0.16246354422772954,195.74,187.38,197.178,5.892018329911291,0.19171578505037593,207.01,187.38,200.21379999999996,9.454719346357166,0.25375414066844615,219.19,184.55,4,10,4,0.9503088579813656,0.9358995234048009,0.045629202689477975,-0.008518969257587675,185.89,-0.00795175579037255
2020-10-05,AAPL,185.3,187.12,184.67,185.89,62570716,185.89,-0.0079517557903725,196.18,200.1654,180.41120000000004,0.1783603696887514,208.2490731340825,184.11092686591752,29.176289437703204,-4.0107350756449875,-2.9170600899194232,-1.0936749857255643,6.136428571428569,-0.0150854139290407,187.38,-0.0012599086566223,190.25,-0.0114686040477425,190.49,0.0078899558785361,194.17,-0.0073533140625792,195.74,189.342,2.7011238401854207,0.08157377498145033,192.7,185.89,191.43,2.965962463235718,0.16272941003769864,195.45,185.89,196.18,6.034536567041243,0.1783603696887511,207.01,185.89,200.1654,9.522848829880047,0.25434175063604175,219.19,184.55,0,10,4,0.9475481700430851,0.9286819799978983,0.013179837538258311,0.003184025903922239,182.64,-0.017483457959007964
2020-10-06,AAPL,182.74,186.23,179.06,182.64,60226414,182.64,-0.0174834579590079,195.0245,200.0216,180.48095,0.1827719428657148,207.6481210919738,182.4008789080262,20.3458425207931,-4.4841700015347215,-3.230482072242483,-1.2536879292922385,6.269285714285711,-0.0079517557903725,185.89,-0.0150854139290407,187.38,-0.0012599086566223,190.25,-0.0075706854817942,192.7,-0.0154286298150608,192.72,187.32999999999998,3.262828527522905,0.10117850625353225,190.49,182.64,190.42199999999997,4.008487661615413,0.1666597796384477,195.45,182.64,195.0245,6.311810545986901,0.1827719428657145,207.01,182.64,200.0216,9.734048250699798,0.25656303026489213,219.19,182.64,1,10,4,0.9364977220762699,0.9131013850458495,0.03925755584735398,-0.0005472255663755911,188.17,0.03027814279456864
2020-10-07,AAPL,187.08,189.81,186.52,188.17,118342440,188.17,0.0302781427945686,194.0825,199.9464,180.5897,0.2201033245613636,205.71299326917185,182.45200673082817,31.378763852953924,-4.362853547442256,-3.4569563672824377,-0.9058971801598186,6.076428571428569,-0.0174834579590079,182.64,-0.0079517557903725,185.89,-0.0150854139290407,187.38,-0.0114686040477425,190.49,-0.0006226650062266,192.6,186.86599999999999,2.8384731811340185,0.3062138381758217,190.25,182.64,189.97899999999998,3.9857675965016908,0.24483837687682541,195.45,182.64,194.0825,5.815246634585924,0.22010332456136325,206.98,182.64,199.94639999999998,9.812046689906799,0.26457379651582685,219.19,182.64,2,10,4,0.9695361508586836,0.9411022153890187,0.01748418982825375,0.005826384434435261,188.33,0.0008502949460595932
2020-10-08,AAPL,190.2,192.51,184.16,188.33,46216153,188.33,0.0008502949460595,193.15,199.9372,180.6997,0.2204027487354798,203.32612686117747,182.9738731388225,34.713595566390964,-4.205322382014316,-3.6066295702288134,-0.5986928117855026,6.155714285714282,0.0302781427945686,188.17,-0.0174834579590079,182.64,-0.0079517557903725,185.89,-0.0012599086566223,190.25,0.0147975077881619,195.45,186.482,2.35490339504977,0.30703096991168294,188.33,182.64,189.267,3.507056537260962,0.22706383472564737,194.17,182.64,193.15,5.088063430588733,0.22040274873547938,200.72,182.64,199.93720000000002,9.822930283115713,0.2619961765946868,219.19,182.64,3,10,4,0.9750453015740356,0.9419457709673742,0.04433706791247097,-0.009831756046215272,186.43,-0.010088674135825482
2020-10-09,AAPL,188.22,190.41,182.44,186.43,152252294,186.43,-0.0100886741358254,192.4355,199.9748,180.8394,0.1999878625498238,202.37767698283105,182.49332301716896,34.18280664360995,-4.185543578536453,-3.722412371890342,-0.4631312066461115,6.230714285714283,0.0008502949460595,188.33,0.0302781427945686,188.17,-0.0174834579590079,182.64,-0.0150854139290407,187.38,-0.0143259145561523,192.65,186.29199999999997,2.3020686349491988,0.2953157704471577,188.33,182.64,188.645,3.3900188462259107,0.22241481332914514,194.17,182.64,192.4355,4.971088491415514,0.19998786254982345,200.52,182.64,199.9748,9.766264140669099,0.2579629643540993,219.19,182.64,4,10,4,0.9687921407382278,0.9322674656960165,0.04275063026314031,-0.009510147699450015,187.09,0.0035402027570670125
2020-10-12,AAPL,187.65,190.05,184.13,187.09,111421299,187.09,0.003540202757067,191.764,199.9528,180.99425,0.2014177021520329,201.20879450056665,182.3192054994333,39.60103433489419,-4.069699290016331,-3.79186975551554,-0.27782953450079084,6.323571428571427,-0.0100886741358254,186.43,0.0008502949460595,188.33,0.0302781427945686,188.17,-0.0079517557903725,185.89,0.0078899558785361,194.17,186.53199999999998,2.312211063034029,0.2891822252171351,188.33,182.64,187.93699999999998,2.7950315044914875,0.21736250594242235,192.7,182.64,191.76399999999998,4.722397250283341,0.20141770215203247,199.92,182.64,199.9528,9.794550971571228,0.2542380490131604,219.19,182.64,0,10,4,0.975626290643835,0.9356708183084426,0.031642524987804656,-0.0029842792432561577,186.84,-0.0013362552782083537
2020-10-13,AAPL,187.98,190.43,183.25,186.84,123763353,186.84,-0.0013362552782083,191.2705,199.90580000000003,181.1505,0.1928295092669236,200.6584171503104,181.8825828496896,39.4117646855969,-3.952502775762497,-3.8239963595649313,-0.12850641619756553,6.212857142857142,0.003540202757067,187.09,-0.0100886741358254,186.43,0.0008502949460595,188.33,-0.0174834579590079,182.64,-0.0075706854817942,192.7,187.372,0.8373290870483743,0.24147193808405876,188.33,186.43,187.351,2.245813141526985,0.21644406191409765,190.49,182.64,191.2705,4.693958575155202,0.19282950926692313,199.92,182.64,199.90580000000003,9.852716830336112,0.2539625463345054,219.19,182.64,1,10,4,0.9768364698112002,0.9346402155368446,0.038428602012211405,-0.0060644749441106606,186.28,-0.0029972168700492796
2020-10-14,AAPL,187.08,188.39,184.18,186.28,66476654,186.28,-0.0029972168700492,190.6465,199.8886,181.31815000000003,0.1866877746590824,199.5867302454772,181.70626975452285,31.593737437081018,-3.8603117429338454,-3.8312594362387147,-0.029052306695130703,6.120714285714284,-0.0013362552782083,186.84,0.003540202757067,187.09,-0.0100886741358254,186.43,0.0302781427945686,188.17,-0.0114686040477425,190.49,186.994,0.8132834684272934,0.08159538557819689,188.33,186.28,186.93,1.9696136112868052,0.2112800659573917,190.25,182.64,190.6465,4.470115122738581,0.186687774659082,199.92,182.64,199.88859999999997,9.87617975593,0.25286967933206683,219.19,182.64,2,10,4,0.9770963537176025,0.9319190789223002,0.022600386514802336,-0.004276245456466405,188.07,0.0096091904659652
2020-10-15,AAPL,188.42,190.78,185.36,188.07,75342949,188.07,0.0096091904659652,190.054,199.81780000000003,181.47555,0.1895606669943195,197.91162894463832,182.19637105536168,40.41841001816492,-3.6012981218523237,-3.7852671733614365,0.1839690515091128,6.194285714285712,-0.0029972168700492,186.28,-0.0013362552782083,186.84,0.003540202757067,187.09,0.0008502949460595,188.33,-0.0012599086566223,190.25,186.942,0.7080042372875275,0.11694886609481761,188.07,186.28,186.712,1.6571850295638724,0.21945425529253598,188.33,182.64,190.054,3.9288144723191656,0.18956066699431912,197.19,182.64,199.81780000000003,9.949157340997845,0.24792644281990414,219.19,182.64,3,10,4,0.9895608616446402,0.9412074399731093,0.028819056734041414,-0.0018575522768184737,190.28,0.011750943797522284
2020-10-16,AAPL,188.58,194.36,186.21,190.28,45094753,190.28,0.0117509437975222,189.7085,199.7832,181.66035,0.1920257053979959,196.8169420530164,182.60005794698364,42.09028057790715,-3.1810304914112066,-3.664419836971391,0.4833893455601843,6.594999999999999,0.0096091904659652,188.07,-0.0029972168700492,186.28,-0.0013362552782083,186.84,-0.0100886741358254,186.43,-0.0150854139290407,187.38,187.71200000000002,1.5748555489369105,0.10322213600086126,190.28,186.28,187.002,2.0044328652014274,0.21269890227234828,190.28,182.64,189.70850000000002,3.5542210265081873,0.19202570539799535,195.74,182.64,199.7832,9.979825453465885,0.24934081759541346,219.19,182.64,4,10,4,1.0030125165661898,0.9524324367566822,0.04283161656483695,0.009014741754114826,188.84,-0.007567794828673535
2020-10-19,AAPL,188.67,191.52,186.16,188.84,64855496,188.84,-0.0075677948286735,189.3635,199.65,181.84275,0.1921107548761716,195.88491500628885,182.84208499371115,42.14169378705282,-2.9303817155224863,-3.51761221268161,0.5872304971591236,6.532142857142858,0.0117509437975222,190.28,0.0096091904659652,188.07,-0.0029972168700492,186.28,0.003540202757067,187.09,-0.0079517557903725,185.89,188.06199999999998,1.596377148426247,0.1329502101173018,190.28,186.28,187.297,2.039368366264892,0.21222344242759225,190.28,182.64,189.3635,3.260707503144425,0.19211075487617107,195.45,182.64,199.65,10.082081093885643,0.2463376282996043,219.19,182.64,0,10,4,0.9972354756803861,0.9458552466769554,0.028383816987776055,0.0009010441511587157,187.28,-0.008260961660665145
2020-10-20,AAPL,187.93,189.55,185.0,187.28,97464535,187.28,-0.0082609616606651,189.0915,199.4802,182.0156,0.1869441056519779,195.47581062099127,182.70718937900872,43.28732745269667,-2.825054250475489,-3.379100620240386,0.554046369764897,6.434285714285717,-0.0075677948286735,188.84,0.0117509437975222,190.28,0.0096091904659652,188.07,-0.0013362552782083,186.84,-0.0174834579590079,182.64,188.15,1.5225964665720038,0.15135723956067743,190.28,186.28,187.76100000000002,1.2288608093993592,0.19312596844999108,190.28,186.28,189.0915,3.1921553104956346,0.1869441056519774,195.45,182.64,199.4802,10.219319936238245,0.24689429276978173,219.19,182.64,1,10,4,0.9904199818553959,0.9388400452729703,0.02429517300286051,-0.00345873463521815,186.57,-0.0037911149081589768
2020-10-21,AAPL,187.23,189.35,183.79,186.57,134350473,186.57,-0.0037911149081589,188.79,199.172,182.16795,0.1871154371666222,195.04489450456177,182.53510549543827,42.45283016430108,-2.766976558481673,-3.2566758078886435,0.4896992494069705,6.305000000000002,-0.0082609616606651,187.28,-0.0075677948286735,188.84,0.0117509437975222,190.28,-0.0029972168700492,186.28,0.0302781427945686,188.17,188.208,1.4366523587902464,0.15261485461069818,190.28,186.57,187.601,1.2730579981506611,0.11704157202544595,190.28,186.28,188.79000000000002,3.127447252280869,0.18711543716662168,195.45,182.64,199.172,10.37359815953572,0.2354690865289446,219.19,182.64,2,10,4,0.988240902584945,0.9367280541394537,0.02980114702240554,-0.0035250761095789755,180.3,-0.033606689178324434
2020-10-22,AAPL,179.84,184.19,176.41,180.3,51375628,180.3,-0.0336066891783244,188.0325,198.6292,182.3053,0.208752329386662,194.55510805119488,181.50989194880512,37.25701941966893,-3.190112537022344,-3.243363153715384,0.05325061669303999,6.420000000000002,-0.0037911149081589,186.57,-0.0082609616606651,187.28,-0.0075677948286735,188.84,0.0096091904659652,188.07,0.0008502949460595,188.33,186.65400000000002,3.8307544948765453,0.2588246426294933,190.28,180.3,186.798,2.601520068470556,0.20094193245797273,190.28,180.3,188.0325,3.261304025597445,0.2087523293866616,194.17,180.3,198.62919999999997,10.638806868810484,0.237056526892758,219.19,180.3,3,10,4,0.9588767899115374,0.9077215233162712,0.04315030504690433,0.0025578291814804836,176.31,-0.022129783693843663
2020-10-23,AAPL,177.86,178.37,174.24,176.31,69118626,176.31,-0.0221297836938436,187.2155,198.0206,182.409,0.2156248185287512,195.2264385086588,179.2045614913412,34.180977527129045,-3.8035653687904016,-3.3554035967303877,-0.44816177206001395,6.659285714285716,-0.0336066891783244,180.3,-0.0037911149081589,186.57,-0.0082609616606651,187.28,0.0117509437975222,190.28,-0.0100886741358254,186.43,183.85999999999999,5.327217847996793,0.19816268374196647,188.84,176.31,185.786,4.223379899768167,0.21897864889992535,190.28,176.31,187.2155,4.0054692543293955,0.21562481852875084,194.17,176.31,198.0206,11.028597596194524,0.24104054451589876,219.19,176.31,4,10,4,0.9417489470639893,0.890361911836999,0.02342464976448625,-0.008714719442209022,180.02,0.021042481991946138
2020-10-26,AAPL,178.82,181.55,178.49,180.02,75302018,180.02,0.0210424819919461,186.508,197.4242,182.53085,0.2300836980083083,194.43172745885065,178.58427254114932,45.73845150812176,-3.944890916542704,-3.4733010606928514,-0.4715898558498526,6.521428571428574,-0.0221297836938436,176.31,-0.0336066891783244,180.3,-0.0037911149081589,186.57,-0.0075677948286735,188.84,0.003540202757067,187.09,182.096,4.687849186995543,0.32798246977955775,187.28,176.31,185.079,4.559243236423848,0.2539903107437353,190.28,176.31,186.50799999999998,3.961863729425329,0.23008369800830783,192.7,176.31,197.42419999999998,11.18162397208353,0.2437383218076452,219.19,176.31,0,10,4,0.9652132884328544,0.9118436341597846,0.016998111320869928,0.00671065876296447,184.58,0.025330518831240934
2020-10-27,AAPL,184.58,188.13,181.03,184.58,45773757,184.58,0.0253305188312409,186.10200000000003,196.8766,182.6866,0.2513545358852196,193.5048517975765,178.6991482024236,43.97044001963101,-3.646899355191465,-3.508020719592574,-0.1388786355988909,6.588571428571429,0.0210424819919461,180.02,-0.0221297836938436,176.31,-0.0336066891783244,180.3,-0.0082609616606651,187.28,-0.0013362552782083,186.84,181.55599999999998,4.054075726970891,0.4111560389201034,186.57,176.31,184.853,4.518079852718762,0.2932643587144582,190.28,176.31,186.10200000000003,3.701425898788222,0.2513545358852191,190.49,176.31,196.8766,11.125533898677574,0.25024129000493045,219.19,176.31,1,10,4,0.9918216891758722,0.9375415869588488,0.03846570592676091,0.0,183.95,-0.003413154187886125
2020-10-28,AAPL,184.66,187.91,179.99,183.95,101348627,183.95,-0.0034131541878861,185.775,196.227,182.83365,0.2489581133284172,192.9355424669568,178.61445753304324,42.75793648814114,-3.4221264868371577,-3.490841873041491,0.06871538620433348,6.557857142857143,0.0253305188312409,184.58,0.0210424819919461,180.02,-0.0221297836938436,176.31,-0.0037911149081589,186.57,-0.0029972168700492,186.28,181.032,3.352621362458689,0.41109759918086497,184.58,176.31,184.62,4.496339251730703,0.29334863015889934,190.28,176.31,185.775,3.580271233478384,0.24895811332841672,190.28,176.31,196.227,10.906616836413471,0.2442665823524046,219.19,176.31,2,10,4,0.9901762885157304,0.937434705718696,0.04305517803727607,-0.0038449041481434156,185.61,0.009024191356346911
2020-10-29,AAPL,186.35,186.92,184.31,185.61,59885266,185.61,0.0090241913563469,185.543,195.6714,182.9864,0.2518199939688649,192.38672351713493,178.69927648286506,48.6333333106378,-3.0746021428349763,-3.4075939270001885,0.33299178416521213,6.200714285714286,-0.0034131541878861,183.95,0.0253305188312409,184.58,0.0210424819919461,180.02,-0.0336066891783244,180.3,0.0096091904659652,188.07,182.094,3.8646901557582587,0.30627711527611057,185.61,176.31,184.374,4.3515774917441306,0.29276456614136037,190.28,176.31,185.543,3.421861758567478,0.25181999396886434,190.28,176.31,195.6714,10.720453274380441,0.2444554000935189,219.19,176.31,3,10,4,1.0003611022727867,0.9485801195220734,0.014061742362943394,-0.0039710222699007765,186.55,0.0050643823069878025
2020-10-30,AAPL,187.1,188.37,184.72,186.55,73985601,186.55,0.0050643823069878,185.5015,195.08900000000003,183.15055,0.2471063316626817,192.3082869381296,178.69471306187043,49.10832230226168,-2.6923012790972507,-3.264535397419601,0.5722341183223505,6.038571428571428,0.0090241913563469,185.61,-0.0034131541878861,183.95,0.0253305188312409,184.58,-0.0221297836938436,176.31,0.0117509437975222,190.28,184.142,2.508639073285665,0.18652553501911093,186.55,180.02,184.00100000000003,3.9283710223038026,0.28636081438044714,188.84,176.31,185.5015,3.403393469064785,0.24710633166268112,190.28,176.31,195.08900000000003,10.397972967686803,0.24319884761973307,219.19,176.31,4,10,4,1.0056522453942118,0.9562302333757606,0.01956580005350008,-0.0029396044895619636,195.43,0.04760117930849628
2020-11-02,AAPL,194.55,196.96,193.9,195.43,66769533,195.43,0.0476011793084962,185.9785,194.6138,183.35805,0.2972984272341746,194.1083961604061,177.8486038395939,61.03829347585359,-1.653720245922699,-2.9423723671202207,1.2886521211975217,6.269285714285713,0.0050643823069878,186.55,0.0090241913563469,185.61,-0.0034131541878861,183.95,0.0210424819919461,180.02,-0.0075677948286735,188.84,187.22400000000002,4.693280302732489,0.32027690561729194,195.43,183.95,184.66,5.1827941841774114,0.37546954292798784,195.43,176.31,185.9785,4.064948080203059,0.29729842723417393,195.43,176.31,194.6138,9.799772569206587,0.2649963296292484,215.45,176.31,0,11,4,1.0508203905233626,1.0041939471866632,0.015657780279303816,0.0045232588023411575,198.81,0.01729519521056133
2020-11-03,AAPL,197.44,201.18,196.43,198.81,58340190,198.81,0.0172951952105613,186.787,194.3188,183.5866,0.2916049095518238,196.56754588940595,177.00645411059406,65.0131799446397,-0.551541712855169,-2.46420623626721,1.9126645234120412,6.3792857142857144,0.0476011793084962,195.43,0.0050643823069878,186.55,0.0090241913563469,185.61,0.0253305188312409,184.58,-0.0082609616606651,187.28,190.07,6.611610998842706,0.31163305167985117,198.81,183.95,185.81300000000002,6.846054906131407,0.3746170681900589,198.81,176.31,186.787,4.890272944702977,0.2916049095518231,198.81,176.31,194.3188,9.432942631750075,0.26292877486114125,215.45,176.31,1,11,4,1.0643674345588057,1.0231125346542738,0.023892158342015534,0.006938816855718526,198.49,-0.001609576983049088
2020-11-04,AAPL,199.03,201.27,195.71,198.49,79774877,198.49,-0.001609576983049,187.303,194.0912,183.812,0.2756162324910763,198.39214139336968,176.21385860663034,62.94088423047262,0.29274678698809,-1.9128156316161502,2.20556241860424,6.389285714285715,0.0172951952105613,198.81,0.0476011793084962,195.43,0.0050643823069878,186.55,-0.0034131541878861,183.95,-0.0037911149081589,186.57,192.978,6.442307040185128,0.3050716535201751,198.81,185.61,187.00500000000002,7.942437703038991,0.3731383183972623,198.81,176.31,187.303,5.544570696684827,0.2756162324910757,198.81,176.31,194.0912,9.184068868404799,0.260371179318525,215.45,176.31,2,11,4,1.0597267529027314,1.0226635725832876,0.028011486724630916,-0.002713158820264678,195.73,-0.013904982618771822
2020-11-05,AAPL,196.12,199.64,191.82,195.73,73389641,195.73,-0.0139049826187718,187.673,193.9334,184.01565,0.2819161096981626,199.38286646514888,175.96313353485112,56.67728495972842,0.730719294990763,-1.3841086462947678,2.114827941285531,6.365714285714286,-0.001609576983049,198.49,0.0172951952105613,198.81,0.0476011793084962,195.43,0.0090241913563469,185.61,-0.0336066891783244,180.3,195.002,4.9703239331073386,0.3717572513823663,198.81,186.55,188.548,7.99375422856219,0.32374141693344977,198.81,176.31,187.673,5.854933232574433,0.281916109698162,198.81,176.31,193.9334,9.084244627319869,0.2536948148802594,215.45,176.31,3,11,4,1.042931055607131,1.0092640050604524,0.03995299647453145,-0.001988578421364604,191.14,-0.023450671843866622
2020-11-06,AAPL,189.91,194.58,187.69,191.14,68943234,191.14,-0.0234506718438666,187.9085,193.6988,184.17745,0.2933233808472778,199.70225798329184,176.11474201670816,52.616014541933005,0.6993790172721788,-0.9674111135813787,1.6667901308535575,6.557142857142856,-0.0139049826187718,195.73,-0.001609576983049,198.49,0.0172951952105613,198.81,0.0050643823069878,186.55,-0.0221297836938436,176.31,195.92000000000002,3.085514543803028,0.44733904775578287,198.81,191.14,190.031,6.749962057505772,0.3272811866102465,198.81,180.02,187.9085,5.8968789916459246,0.2933233808472772,198.81,176.31,193.6988,8.99981851064231,0.2587354400629139,215.45,176.31,4,11,4,1.017197199695505,0.9867897994154492,0.036046876634738774,0.006476752145719094,191.79,0.00340064873914403
2020-11-09,AAPL,192.57,195.13,188.44,191.79,59778256,191.79,0.003400648739144,188.1435,193.432,184.35685,0.2933103537311392,200.0552991482147,176.23170085178535,55.23809522013161,0.7187063892331196,-0.630187613018479,1.3488940022515985,6.709999999999998,-0.0234506718438666,191.14,-0.0139049826187718,195.73,-0.001609576983049,198.49,0.0476011793084962,195.43,0.0210424819919461,180.02,195.19199999999998,3.614155503021389,0.24971556743920834,198.81,191.14,191.208,5.76462931254919,0.31994564909501483,198.81,183.95,188.14350000000002,5.955899574107333,0.2933103537311387,198.81,176.31,193.43199999999996,8.850518259932455,0.2574386390351802,215.45,176.31,0,11,4,1.0193814827457799,0.9915112287470972,0.03488190208021855,-0.004050475151871791,189.69,-0.010949475989363355
2020-11-10,AAPL,189.52,191.97,187.4,189.69,90906954,189.69,-0.0109494759893633,188.286,193.0282,184.5001,0.29646884934362,200.20032998315088,176.37167001684912,53.51035101824607,0.5581371633992944,-0.39252265773492434,0.9506598211342188,6.639285714285712,0.003400648739144,191.79,-0.0234506718438666,191.14,-0.0139049826187718,195.73,0.0172951952105613,198.81,0.0253305188312409,184.58,193.368,3.6330317917710473,0.16736452211302763,198.49,189.69,191.719,5.321249748778884,0.3120023228919467,198.81,183.95,188.286,5.957164991575433,0.2964688493436195,198.81,176.31,193.0282,8.539900513209746,0.25216572795621617,215.45,176.31,1,11,4,1.007456741334951,0.9827061538107764,0.024091939480077502,0.000897002954828464,185.74,-0.020823448784859422
2020-11-11,AAPL,186.37,189.8,181.69,185.74,155007506,185.74,-0.0208234487848594,188.259,192.5394,184.6466,0.3061877395401212,200.19489879313824,176.32310120686174,56.45773977230749,0.11087481081270312,-0.2918431640253989,0.402717974838102,6.492857142857141,-0.0109494759893633,189.69,0.003400648739144,191.79,-0.0234506718438666,191.14,-0.001609576983049,198.49,-0.0034131541878861,183.95,190.818,3.6136781815787242,0.1673089231668428,195.73,185.74,191.898,5.054282672479234,0.3333839200143893,198.81,185.61,188.259,5.967949396569128,0.30618773954012074,198.81,176.31,192.5394,8.232033599523456,0.25558126370781414,215.45,176.31,2,11,4,0.9866194976017796,0.9646856695254858,0.04366318509721304,-0.00338037237751041,184.01,-0.009314094971465625
2020-11-12,AAPL,185.26,186.67,181.36,184.01,84603998,184.01,-0.0093140949714656,188.056,191.9106,184.78595,0.3057036707504003,200.1425830790325,175.96941692096746,59.65880579941734,-0.37881363991255057,-0.30923725920282924,-0.06957638070972133,6.4392857142857105,-0.0208234487848594,185.74,-0.0109494759893633,189.69,0.003400648739144,191.79,-0.0139049826187718,195.73,0.0090241913563469,185.61,188.474,3.427248167264409,0.1691604103328343,191.79,184.01,191.738,5.295045482963969,0.3339883273489892,198.81,184.01,188.05599999999998,6.0432915395162565,0.30570367075039984,198.81,176.31,191.91060000000002,7.624662029312109,0.24816202500177342,211.11,176.31,3,11,4,0.9784851320831109,0.9588318727524232,0.02885712732987945,-0.0067472741012266696,181.11,-0.015760013042769305
2020-11-13,AAPL,179.92,185.57,176.66,181.11,119160809,181.11,-0.0157600130427693,187.5975,191.3106,184.9036,0.306182101839722,200.0199107754382,175.1750892245618,51.39564658848812,-0.9894947492851713,-0.44528875721929767,-0.5442059920658737,6.701428571428567,-0.0093140949714656,184.01,-0.0208234487848594,185.74,-0.0109494759893633,189.69,-0.0234506718438666,191.14,0.0050643823069878,186.55,186.46800000000002,4.300723195000634,0.1439465672017459,191.79,181.11,191.194,6.10479993302094,0.3402795101236796,198.81,181.11,187.5975,6.2112053877191045,0.30618210183972155,198.81,176.31,191.31060000000002,7.254378103840358,0.24679867778806872,207.01,176.31,4,11,4,0.9654179826438765,0.9466804243939089,0.049196620837892995,0.006614050689158583,185.82,0.0260062945171442
2020-11-16,AAPL,184.03,189.1,182.53,185.82,45875805,185.82,0.0260062945171442,187.4465,190.91,185.04125,0.321327074356716,199.8787336139416,175.01426638605847,51.58163263463918,-1.0809458207391174,-0.5724201699232616,-0.5085256508158558,6.692857142857138,-0.0157600130427693,181.11,-0.0093140949714656,184.01,-0.0208234487848594,185.74,0.003400648739144,191.79,0.0476011793084962,195.43,185.274,3.1206137216925827,0.29429284134261263,189.69,181.11,190.233,6.120259707633232,0.2581659981975315,198.81,181.11,187.44650000000001,6.216116806970772,0.32132707435671554,198.81,176.31,190.91,6.98307370484916,0.24993958097798696,207.01,176.31,0,11,4,0.9913228574500388,0.9733382221938436,0.035356796900035715,0.00972667499858863,188.36,0.013669142180604998
2020-11-17,AAPL,189.41,189.77,186.94,188.36,85211057,188.36,0.0136691421806049,187.5005,190.5622,185.19865,0.3238232120567664,199.93906900722135,175.06193099277866,55.36365845840209,-0.9376559670834865,-0.6454673293553066,-0.29218863772817993,6.409285714285711,0.0260062945171442,185.82,-0.0157600130427693,181.11,-0.0093140949714656,184.01,-0.0109494759893633,189.69,0.0172951952105613,198.81,185.00799999999998,2.6749523360269354,0.31987982628585454,188.36,181.11,189.188,5.334803547355648,0.2499436918950174,198.49,181.11,187.50050000000002,6.219284503610676,0.3238232120567659,198.81,176.31,190.56220000000002,6.6541858208787765,0.25236693384068815,207.01,176.31,1,11,4,1.004583987770675,0.9884436682564096,0.015024421320795222,-0.005543529908634388,188.4,0.00021235931195584534
2020-11-18,AAPL,188.81,191.89,184.91,188.4,51577178,188.4,0.0002123593119558,187.592,190.19,185.35845,0.3234337820650465,200.02867174973133,175.15532825026864,53.532539864536446,-0.8115154154492075,-0.6786769465740868,-0.13283846887512063,6.695714285714282,0.0136691421806049,188.36,0.0260062945171442,185.82,-0.0157600130427693,181.11,-0.0208234487848594,185.74,-0.001609576983049,198.49,185.54000000000002,3.089344590688479,0.2696867254823169,188.4,181.11,188.179,4.2170828516602406,0.2508572017193017,195.73,181.11,187.59199999999998,6.218335874865668,0.323433782065046,198.81,176.31,190.19,6.221833839515411,0.2517797412781073,206.98,176.31,2,11,4,1.0043072199187368,0.9905883590042033,0.0370488322715655,-0.0021714951538468574,192.69,0.022770700636942642
2020-11-19,AAPL,193.46,194.91,190.47,192.69,44312050,192.69,0.0227707006369426,188.2115,189.90420000000003,185.5452,0.3055746217456179,200.3495398573652,176.0734601426348,57.16619979457686,-0.3612170867847908,-0.6151849746162277,0.25396788783143687,6.899999999999996,0.0002123593119558,188.4,0.0136691421806049,188.36,0.0260062945171442,185.82,-0.0093140949714656,184.01,-0.0139049826187718,195.73,187.276,4.239378492186893,0.27383033318983796,192.69,181.11,187.875,3.68874338735656,0.2805786466487029,192.69,181.11,188.2115,6.0690199286826125,0.3055746217456174,198.81,176.31,189.90420000000003,5.744760555214032,0.2577212404993097,200.72,176.31,3,11,4,1.0237950390862207,1.0146695017750282,0.02304219212194175,-0.003980150935573401,192.98,0.001505008044008438
2020-11-20,AAPL,194.29,196.59,189.37,192.98,59517957,192.98,0.0015050080440084,189.045,189.74940000000004,185.74,0.2904201681911524,199.9708312944016,178.11916870559847,46.423357645257575,0.018831086234769145,-0.4883817624460284,0.5072128486807975,6.672142857142853,0.0227707006369426,192.69,0.0002123593119558,188.4,0.0136691421806049,188.36,-0.0157600130427693,181.11,-0.0234506718438666,191.14,189.65,3.091358924489003,0.18792975122471953,192.98,185.82,188.059,3.909016500347504,0.2522611935276154,192.98,181.11,189.04500000000002,5.462915647200769,0.29042016819115185,198.81,180.02,189.74940000000004,5.548289462455248,0.24909600225174905,200.52,176.31,4,11,4,1.020815149826651,1.017025613777872,0.03741320344057719,-0.006742498327208091,190.57,-0.0124883407607006
2020-11-23,AAPL,191.72,191.79,189.35,190.57,128867709,190.57,-0.0124883407607006,189.5725,189.5504,185.9126,0.2897601767028609,199.64941864975225,179.4955813502478,37.62019229186648,0.1241243148257638,-0.36588054699167,0.4900048618174338,6.5207142857142815,0.0015050080440084,192.98,0.0227707006369426,192.69,0.0002123593119558,188.4,0.0260062945171442,185.82,0.003400648739144,191.79,190.6,2.229966367463462,0.21472302097519408,192.98,188.36,187.937,3.797069191420331,0.26062511816706135,192.98,181.11,189.57250000000002,5.038459324876113,0.28976017670286053,198.81,181.11,189.5504,5.328168870279194,0.25050639346297443,199.92,176.31,0,11,4,1.005261839132758,1.0053790443016455,0.01280369418054885,-0.005998330899196784,195.04,0.02345594794563688
2020-11-24,AAPL,196.83,196.83,193.38,195.04,116983507,195.04,0.0234559479456368,190.0955,189.517,186.1031,0.2879153585275255,200.16717257316745,180.02382742683255,45.39139725793533,0.5617856840656827,-0.18034730078019948,0.7421329848458822,6.570714285714282,-0.0124883407607006,190.57,0.0015050080440084,192.98,0.0227707006369426,192.69,0.0136691421806049,188.36,-0.0109494759893633,189.69,191.936,2.532909394356381,0.24790855101746692,195.04,188.4,188.472,4.400466641920595,0.2786675408551299,195.04,181.11,190.0955,5.035836286583709,0.287915358527525,198.81,181.11,189.51699999999997,5.287451162509828,0.2528481100160125,199.92,176.31,1,11,4,1.0260106104509261,1.0291425043609326,0.017688679245192414,-0.009094142153080964,196.69,0.008459803117309317
2020-11-25,AAPL,196.83,201.04,192.34,196.69,88166627,196.69,0.0084598031173093,190.7325,189.4756,186.3097,0.287538781389735,200.77910901158293,180.6858909884171,51.32158588330116,1.0299045837942344,0.06170307613468731,0.9682015076595472,6.6335714285714245,0.0234559479456368,195.04,-0.0124883407607006,190.57,0.0015050080440084,192.98,0.0002123593119558,188.4,-0.0208234487848594,185.74,193.594,2.346002983804494,0.2402885815440181,196.69,190.57,189.567,4.970562342430662,0.2456080956188511,196.69,181.11,190.73250000000002,5.023304505791464,0.28753878138973454,198.81,181.11,189.4756,5.221292810430483,0.2524684992394993,199.92,176.31,2,11,4,1.031234844606812,1.0380756150077475,0.04423204026618413,-0.0007112736879505335,193.72,-0.015099903401291415
2020-11-26,AAPL,193.67,195.56,191.87,193.72,43334384,193.72,-0.0150999034012914,191.138,189.3516,186.4906,0.2940775298667181,200.96636625070184,181.3096337492981,53.717579229047686,1.1480045242221024,0.27896336575217034,0.869041158469932,6.403571428571425,0.0084598031173093,196.69,0.0234559479456368,195.04,-0.0124883407607006,190.57,0.0227707006369426,192.69,-0.0093140949714656,184.01,193.8,2.2913642224709014,0.2511456647570772,196.69,190.57,190.53799999999998,4.705754869187209,0.25706169006859114,196.69,181.11,191.13799999999998,4.914183125350927,0.29407752986671765,198.81,181.11,189.3516,5.038613495714052,0.2543111136914604,198.81,176.31,3,11,4,1.0135085644873678,1.0230703094084073,0.019048110675102984,0.00025817111581428825,193.23,-0.0025294239107991334
2020-11-27,AAPL,192.85,197.43,189.03,193.23,73959258,193.23,-0.0025294239107991,191.472,189.2724,186.66515,0.2943666811042538,201.09576794575412,181.84823205424587,52.08453964304623,1.1883619758482098,0.4608430877713783,0.7275188880768315,6.525714285714282,-0.0150999034012914,193.72,0.0084598031173093,196.69,0.0234559479456368,195.04,0.0015050080440084,192.98,-0.0157600130427693,181.11,193.85,2.271640376472408,0.25243298618779736,196.69,190.57,191.75,3.382428450420359,0.23432504736562093,196.69,185.82,191.472,4.811883972877069,0.2943666811042534,198.81,181.11,189.2724,4.943107987029682,0.25257294920487333,198.81,176.31,4,11,4,1.0091814991173165,1.0209095462358964,0.04347151063476963,0.0019704433497434535,190.77,-0.012730942400248302
2020-11-30,AAPL,189.45,192.79,188.75,190.77,90261105,190.77,-0.0127309424002483,191.239,189.17300000000003,186.81745000000004,0.2437444492953251,200.68325840615051,181.7947415938494,51.54727791628478,1.010199159021397,0.5707143020213821,0.43948485700001494,6.519285714285711,-0.0025294239107991,193.23,-0.0150999034012914,193.72,0.0084598031173093,196.69,-0.0124883407607006,190.57,0.0260062945171442,185.82,193.89000000000001,2.2000795440210132,0.2532155459509051,196.69,190.77,192.24499999999998,2.714419315841476,0.2249812416833515,196.69,188.36,191.23899999999998,4.722129203075288,0.24374444929532477,198.81,181.11,189.17300000000003,4.859664156533221,0.2536335150288787,198.81,176.31,0,11,4,0.9975475713583656,1.0084420081036487,0.021177333962252003,0.0069675376088311125,186.92,-0.020181370236410423
2020-12-01,AAPL,187.19,190.26,183.58,186.92,85819060,186.92,-0.0201813702364104,190.6445,189.057,186.9426,0.2425421656629059,199.564456277922,181.724543722078,51.69540227805354,0.5519781582708276,0.5669670732712712,-0.014988915000443526,6.453571428571424,-0.0127309424002483,190.77,-0.0025294239107991,193.23,-0.0150999034012914,193.72,0.0234559479456368,195.04,0.0136691421806049,188.36,192.26600000000002,3.6548912432545873,0.18119930869236267,196.69,186.92,192.101,2.9696181946865257,0.242365979901182,196.69,186.92,190.6445,4.459978138961009,0.24254216566290557,198.49,181.11,189.05699999999996,4.8424619518494945,0.2553017411088202,198.81,176.31,1,12,4,0.9804636378128901,0.9886965306707042,0.03573721378110551,-0.0014423847427670702,189.6,0.014337684570939535
2020-12-02,AAPL,188.75,193.18,186.02,189.6,38263988,189.6,0.0143376845709395,190.2,188.997,187.0909,0.2502114415507435,198.32435195796447,182.07564804203545,57.81818179553974,0.4004719251098834,0.5336680436389936,-0.13319611852911017,6.585714285714283,-0.0201813702364104,186.92,-0.0127309424002483,190.77,-0.0025294239107991,193.23,0.0084598031173093,196.69,0.0002123593119558,188.4,190.848,2.7800665459694347,0.21696358243288982,193.72,186.92,192.22099999999998,2.8241279873405167,0.2538925265890997,196.69,186.92,190.2,4.062175978982274,0.2502114415507431,196.69,181.11,188.99699999999996,4.81618116565564,0.25746029337285,198.81,176.31,2,12,4,0.996845425862267,1.0031905268284513,0.037763713079969584,0.004503311258254257,195.17,0.02937763713080166
2020-12-03,AAPL,196.82,198.15,192.19,195.17,56030685,195.17,0.0293776371308016,190.172,188.9914,187.27345,0.2696998646584829,198.21960206194424,182.12439793805575,68.29776155762183,0.7215371620907831,0.5712418673293516,0.15029529476143155,6.559999999999998,0.0143376845709395,189.6,-0.0201813702364104,186.92,-0.0127309424002483,190.77,-0.0150999034012914,193.72,0.0227707006369426,192.69,191.13799999999998,3.198666909826427,0.32052031912543993,195.17,186.92,192.469,2.9747621753664997,0.2714937776968823,196.69,186.92,190.172,4.023801030972104,0.2696998646584824,196.69,181.11,188.9914,4.808681778719355,0.26382608415262987,198.81,176.31,3,12,4,1.026281471504605,1.0326924928804555,0.030537480145357745,-0.008383294380609809,191.18,-0.020443715735000145
2020-12-04,AAPL,191.5,193.31,189.06,191.18,77975566,191.18,-0.0204437157350001,190.174,188.962,187.42685,0.2664244074054963,198.2226347976103,182.1253652023897,57.1087532944424,0.6465707561688419,0.5863076450972496,0.06026311107159221,6.425714285714284,0.0293776371308016,195.17,0.0143376845709395,189.6,-0.0201813702364104,186.92,-0.0025294239107991,193.23,0.0015050080440084,192.98,190.728,2.987920681681218,0.35826272823961763,195.17,186.92,192.28900000000002,2.994797155065955,0.2928017335918423,196.69,186.92,190.174,4.024317398805151,0.26642440740549583,196.69,181.11,188.96200000000002,4.790315485329492,0.2658965391271855,198.81,176.31,4,12,4,1.0052898924090292,1.011737809713002,0.022230358824028507,-0.0016710182767536406,192.87,0.008839836803012924
2020-12-07,AAPL,193.23,194.66,191.09,192.87,99140991,192.87,0.0088398368030129,190.228,188.93600000000004,187.58105,0.2680012074206266,198.33655454702907,182.11944545297092,56.11940296375381,0.7152828796639312,0.612102692010586,0.10318018765334525,6.398571428571425,-0.0204437157350001,191.18,0.0293776371308016,195.17,0.0143376845709395,189.6,-0.0127309424002483,190.77,-0.0124883407607006,190.57,191.148,3.139071518780445,0.349917273387496,195.17,186.92,192.51899999999998,2.935849110562608,0.2884736024295779,196.69,186.92,190.228,4.0542772735145265,0.26800120742062616,196.69,181.11,188.93600000000004,4.764932275682905,0.26605030495663734,198.81,176.31,0,12,4,1.013888596836355,1.0208218655998813,0.018509877119207152,-0.001863064741490049,191.06,-0.009384559547881977
2020-12-08,AAPL,190.51,192.14,189.98,191.06,33234068,191.06,-0.0093845595478819,190.2965,188.9032,187.72615,0.2671773187159846,198.409064069979,182.18393593002105,53.44381147726013,0.6165783282180257,0.612997819252074,0.0035805089659517453,6.10642857142857,0.0088398368030129,192.87,-0.0204437157350001,191.18,0.0293776371308016,195.17,-0.0201813702364104,186.92,0.0234559479456368,195.04,191.976,2.128316235905499,0.31243664051127346,195.17,189.6,192.121,2.8237502643730026,0.26407988356449763,196.69,186.92,190.2965,4.056282034989492,0.2671773187159841,196.69,181.11,188.9032,4.744092541342785,0.26634684093679956,198.81,176.31,1,12,4,1.004012159966137,1.0114174878932098,0.011305349104934007,0.0028869875596930577,189.74,-0.00690882445305141
2020-12-09,AAPL,188.03,191.84,187.63,189.74,74976673,189.74,-0.0069088244530514,190.4965,188.8882,187.86295,0.2568169915009227,198.32845955852403,182.664540441476,45.86255257665988,0.4269200234872983,0.5757822600991189,-0.14886223661182063,5.942142857142857,-0.0093845595478819,191.06,0.0088398368030129,192.87,-0.0204437157350001,191.18,0.0143376845709395,189.6,0.0084598031173093,196.69,192.004,2.0898157813594387,0.3068441462337506,195.17,189.74,191.426,2.3973420467007944,0.25834792299629095,195.17,186.92,190.4965,3.9159797792620212,0.25681699150092224,196.69,181.11,188.88819999999998,4.740157015397291,0.2655355527628851,198.81,176.31,2,12,4,0.9960287984241389,1.0045095458530258,0.02218825761556772,0.009094293463760643,188.12,-0.008537999367555615
2020-12-10,AAPL,186.36,191.52,184.72,188.12,84711057,188.12,-0.0085379993675556,190.702,188.8456,187.9757,0.2564104444666871,198.0158875831522,183.3881124168478,43.42888045949152,0.14423137991209956,0.48947208406171505,-0.3452407041496155,5.912142857142858,-0.0069088244530514,189.74,-0.0093845595478819,191.06,0.0088398368030129,192.87,0.0293776371308016,195.17,-0.0150999034012914,193.72,190.594,1.7741702285909182,0.16635730763535686,192.87,188.12,190.866,2.455299031344999,0.2521031352730036,195.17,186.92,190.702,3.6569437915760927,0.2564104444666866,196.69,181.11,188.84560000000002,4.737238996095758,0.2662230572666537,198.81,176.31,3,12,4,0.9864605510115969,0.9961577076670246,0.03614714012313345,0.009444086713836375,185.76,-0.012545183925154246
2020-12-11,AAPL,185.48,190.18,181.35,185.76,112378364,185.76,-0.0125451839251542,190.9345,188.8132,188.08365,0.2538263232314459,197.1824856964624,184.68651430353765,43.48767937696108,-0.2671540973039441,0.3381468477885832,-0.6053009450925273,6.28357142857143,-0.0085379993675556,188.12,-0.0069088244530514,189.74,-0.0093845595478819,191.06,-0.0204437157350001,191.18,-0.0025294239107991,193.23,189.51,2.7267013037767573,0.13313654650854098,192.87,185.76,190.119,2.772064814055277,0.25675496201993636,195.17,185.76,190.9345,3.123992848231185,0.2538263232314454,196.69,185.76,188.8132,4.752981208394877,0.26554733783918366,198.81,176.31,4,12,4,0.9728990831883556,0.9838295203884907,0.047534453057453054,0.001509596722010414,185.96,0.0010766580534022907
2020-12-14,AAPL,184.41,190.13,181.79,185.96,105548405,185.96,0.0010766580534022,190.9415,188.8146,188.18555,0.2365998046696996,197.1656271634992,184.7173728365008,36.09920390369296,-0.5704657492845513,0.1564243283739563,-0.7268900776585077,6.432142857142858,-0.0125451839251542,185.76,-0.0085379993675556,188.12,-0.0069088244530514,189.74,0.0088398368030129,192.87,-0.0127309424002483,190.77,188.12800000000001,2.3185598978713626,0.08082891798170412,191.06,185.76,189.638,3.0499355184423824,0.25265702566556164,195.17,185.76,190.9415,3.112063581749611,0.23659980466969913,196.69,185.76,188.81459999999998,4.752112831925903,0.2649363125419383,198.81,176.31,0,12,4,0.9739108575088502,0.9848814657288956,0.044848354484594295,0.008405184100599785,183.72,-0.012045601204560219
2020-12-15,AAPL,184.11,187.45,179.98,183.72,100993399,183.72,-0.0120456012045602,190.7095,188.8362,188.2785,0.2347010622650093,197.6441315501894,183.77486844981055,30.49624058866325,-0.9802915079669674,-0.07091883889422843,-0.909372669072739,6.344285714285716,0.0010766580534022,185.96,-0.0125451839251542,185.76,-0.0085379993675556,188.12,-0.0093845595478819,191.06,-0.0201813702364104,186.92,186.66,2.32172349775263,0.08719263663937948,189.74,183.72,189.318,3.5012721497558887,0.23962300033472303,195.17,183.72,190.7095,3.46731577509471,0.23470106226500884,196.69,183.72,188.8362,4.725856315883423,0.2633522062849625,198.81,176.31,1,12,4,0.9633500166433066,0.9729066778458109,0.04065969954256118,-0.0021182988430715143,184.53,0.004408883082952286
2020-12-16,AAPL,185.93,188.36,180.69,184.53,58093305,184.53,0.0044088830829522,190.516,188.7634,188.3779,0.235493869235362,197.92192764011148,183.11007235988856,35.220328063908525,-1.2255932675276426,-0.30185372462091126,-0.9237395429067314,6.547857142857146,-0.0120456012045602,183.72,0.0010766580534022,185.96,-0.0125451839251542,185.76,-0.0069088244530514,189.74,0.0143376845709395,189.6,185.618,1.672070572678172,0.12376600632396463,188.12,183.72,188.811,3.8094194658315,0.2258956696525414,195.17,183.72,190.51600000000002,3.702963820055722,0.23549386923536153,196.69,183.72,188.7634,4.764209084841837,0.2544361778843153,198.81,176.31,2,12,4,0.968580066760962,0.977572982892989,0.04156505717205035,-0.00752971548428159,184.45,-0.0004335338427357005
2020-12-17,AAPL,185.86,187.82,181.07,184.45,37293751,184.45,-0.0004335338427357,190.104,188.68580000000003,188.46295,0.2182919578696643,197.90686155337207,182.30113844662785,35.69100389505627,-1.4101961473255926,-0.5235222091618476,-0.8866739381637451,6.430000000000002,0.0044088830829522,184.53,-0.0120456012045602,183.72,0.0010766580534022,185.96,-0.0085379993675556,188.12,0.0293776371308016,195.17,184.884,0.9478554742238021,0.12472120424693406,185.96,183.72,187.739,3.2946874746391765,0.14146648927446803,192.87,183.72,190.10399999999998,3.9014307766860647,0.21829195786966385,196.69,183.72,188.68580000000003,4.802854631596997,0.2544235496417846,198.81,176.31,3,12,4,0.9702583848789595,0.9775510398716937,0.036595283274401764,-0.00758635532116883,183.85,-0.0032529140688533076
2020-12-18,AAPL,184.44,185.73,181.98,183.85,68361208,183.85,-0.0032529140688533,189.6475,188.6342,188.5343,0.2179047044410993,197.8022580557248,181.4927419442752,37.994448281335096,-1.5866206697048995,-0.736141901270458,-0.8504787684344415,6.377857142857146,-0.0004335338427357,184.45,0.0044088830829522,184.53,-0.0120456012045602,183.72,-0.0125451839251542,185.76,-0.0204437157350001,191.18,184.502,0.8896459970212202,0.09896618383866314,185.96,183.72,187.006,3.2592712205149796,0.11475035447756063,192.87,183.72,189.64749999999998,4.0773790278624045,0.21790470444109886,196.69,183.72,188.6342,4.841290134176335,0.25353101373567505,198.81,176.31,4,12,4,0.9694301269409329,0.9746376849957503,0.02039706282284255,-0.0031988722619648914,181.43,-0.013162904541745957
2020-12-21,AAPL,180.38,185.63,177.23,181.43,119423901,181.43,-0.0131629045417459,189.1905,188.521,188.58285,0.2183344699216173,198.1156235580442,180.26537644195577,39.97809417452748,-1.8998122964156892,-0.9688759802995043,-0.9309363161161849,6.464285714285718,-0.0032529140688533,183.85,-0.0004335338427357,184.45,0.0044088830829522,184.53,0.0010766580534022,185.96,0.0088398368030129,192.87,183.596,1.2622519558374585,0.12002132804458301,184.53,181.43,185.86200000000002,2.966920588382075,0.09847211428609202,191.06,181.43,189.1905,4.46256177902211,0.21833446992161681,196.69,181.43,188.521,4.943232128633934,0.2550477660783529,198.81,176.31,0,12,4,0.9589804984871917,0.96238615326164,0.04629884804031145,0.005821044461659776,179.92,-0.008322769112054318
2020-12-22,AAPL,181.23,183.24,176.61,179.92,139687592,179.92,-0.0083227691120543,188.4345,188.3826,188.60655,0.1965404633809389,197.82284097782085,179.04615902217918,31.54080852625586,-2.2439959094065784,-1.2238999661209191,-1.0200959432856593,6.426428571428575,-0.0131629045417459,181.43,-0.0032529140688533,183.85,-0.0004335338427357,184.45,-0.0120456012045602,183.72,-0.0093845595478819,191.06,182.83599999999998,2.0605047925242026,0.10839969586371023,184.53,179.92,184.748,2.888709054229418,0.09761451939207749,189.74,179.92,188.4345,4.69417048891041,0.19654046338093853,196.69,179.92,188.3826,5.086066123464441,0.2556487781073501,198.81,176.31,1,12,4,0.9548145376724813,0.9550775920867688,0.036849710982454126,-0.007228383821623208,182.04,0.011783014673188097
2020-12-23,AAPL,183.44,184.99,179.09,182.04,106297979,182.04,0.011783014673188,187.702,188.2978,188.6403,0.1996537240923803,196.65420901877465,178.74979098122537,21.168203763884332,-2.3189660231811615,-1.4429131775329678,-0.8760528456481937,6.237142857142861,-0.0083227691120543,179.92,-0.0131629045417459,181.43,-0.0032529140688533,183.85,0.0044088830829522,184.53,-0.0069088244530514,189.74,182.338,1.8375717673100567,0.14981989755301614,184.45,179.92,183.97799999999998,2.3941122223738573,0.13173046991647258,188.12,179.92,187.702,4.476104509387305,0.1996537240923798,195.17,179.92,188.29780000000002,5.156694594686098,0.2570936727945113,198.81,176.31,2,12,4,0.9698351642445481,0.9667664731028893,0.03241045923954953,-0.0076319232446160805,183.47,0.007855416392001713
2020-12-24,AAPL,182.36,184.8,182.15,183.47,94989177,183.47,0.0078554163920017,187.1895,188.2058,188.6719,0.1990300712431053,195.86026266906197,178.51873733093808,30.9252844911948,-2.237202254506741,-1.6017709929277224,-0.6354312615790185,5.997857142857149,0.011783014673188,182.04,-0.0083227691120543,179.92,-0.0131629045417459,181.43,-0.0004335338427357,184.45,-0.0085379993675556,188.12,182.142,1.5918134312836192,0.16808560447157406,183.85,179.92,183.51299999999998,1.9010409429186241,0.14161219979316322,185.96,179.92,187.1895,4.33538133453096,0.19903007124310482,195.17,179.92,188.20579999999998,5.201679512917888,0.25677484452874655,198.81,176.31,3,12,4,0.9801297615465604,0.9748371197860276,0.014443778274298588,0.00608686115372833,180.86,-0.0142257589796696
2020-12-25,AAPL,181.72,183.38,178.34,180.86,93119395,180.86,-0.0142257589796696,186.571,188.0174,188.69425000000004,0.2032298845131522,195.1921390137717,177.9498609862283,21.58069094642083,-2.3558522676022164,-1.7525872478626212,-0.6032650197395952,6.10928571428572,0.0078554163920017,183.47,0.011783014673188,182.04,-0.0083227691120543,179.92,-0.0032529140688533,183.85,-0.0125451839251542,185.76,181.544,1.3298232965378,0.19341208236873064,183.47,179.92,183.023,1.8889741483988882,0.14516873205308795,185.96,179.92,186.571,4.310569506885853,0.20322988451315174,195.17,179.92,188.0174,5.294779411875032,0.2570920207705592,198.81,176.31,4,12,4,0.9693896693432025,0.9619322466912003,0.027866858343315964,-0.004732555579987083,181.19,0.0018246157248700268
2020-12-28,AAPL,180.42,183.77,178.62,181.19,64044562,181.19,0.00182461572487,186.092,187.8644,188.71365,0.2007523892910949,194.7949809775029,177.38901902249717,24.885496165476013,-2.3956395739578795,-1.881197713081673,-0.5144418608762065,6.270714285714291,-0.0142257589796696,180.86,0.0078554163920017,183.47,0.011783014673188,182.04,-0.0131629045417459,181.43,0.0010766580534022,185.96,181.49599999999998,1.3392647236504962,0.17303964945341274,183.47,179.92,182.546,1.6523599285019661,0.1457511444011739,184.53,179.92,186.092,4.351490488751424,0.20075238929109443,195.17,179.92,187.8644,5.3803611744337765,0.25670123351992125,198.81,176.31,0,12,4,0.9736581905671728,0.9644722469985562,0.02842320216331797,0.00426781953217904,183.31,0.011700424968265288
2020-12-29,AAPL,184.42,187.39,179.22,183.31,75944477,183.31,0.0117004249682652,185.9115,187.785,188.7451,0.1953280527116016,194.69157618957692,177.13142381042303,34.27872858288988,-2.2303944199748855,-1.9510370544603157,-0.2793573655145698,6.553571428571432,0.00182461572487,181.19,-0.0142257589796696,180.86,0.0078554163920017,183.47,-0.0083227691120543,179.92,-0.0120456012045602,183.72,182.174,1.1919437906272912,0.17233549436775136,183.47,180.86,182.505,1.6248504204616974,0.1511141724772612,184.53,179.92,185.9115,4.390038094788483,0.195328052711601,195.17,179.92,187.785,5.418320867244353,0.25758729069984215,198.81,176.31,1,12,4,0.9860067827918876,0.9761695556036097,0.044569308820879484,-0.006018869970686295,178.84,-0.024384921717309438
2020-12-30,AAPL,180.61,181.68,175.99,178.84,155968559,178.84,-0.0243849217173094,185.3735,187.6304,188.7526,0.2034484487704078,194.5132161651217,176.23378383487832,30.085836891793942,-2.4320924398460875,-2.0472481315374704,-0.38484430830861704,6.590714285714289,0.0117004249682652,183.31,0.00182461572487,181.19,-0.0142257589796696,180.86,0.011783014673188,182.04,0.0044088830829522,184.53,181.53400000000002,1.919148248576599,0.24329427861943437,183.47,178.84,181.93599999999998,1.821331625178191,0.19059096286255076,184.45,178.84,185.3735,4.569858082560844,0.20344844877040727,195.17,178.84,187.6304,5.562068312990656,0.2631124776251051,198.81,176.31,2,12,4,0.964754940695597,0.953150448962678,0.03181614851245908,-0.009800121809369415,180.36,0.008499217177365237
2020-12-31,AAPL,178.66,182.63,178.09,180.36,54872012,180.36,0.0084992171773652,184.633,187.6316,188.75945,0.1704147731934043,192.77626224556465,176.4897377544353,37.97862864952364,-2.4411482395759663,-2.1260281531451697,-0.3151200864307966,6.284285714285716,-0.0243849217173094,178.84,0.0117004249682652,183.31,0.00182461572487,181.19,0.0078554163920017,183.47,-0.0004335338427357,184.45,180.91199999999998,1.6146423752689913,0.2452136983438786,183.31,178.84,181.527,1.644722536541449,0.19912443283562012,183.85,178.84,184.63299999999998,4.071631122782337,0.17041477319340373,192.87,178.84,187.6316,5.560460764934387,0.2528186653986577,198.81,176.31,3,12,4,0.9768567915758459,0.9612453339364946,0.02517187846515203,0.009515280420858065,178.64,-0.009536482590374984
2021-01-01,AAPL,180.06,183.02,174.25,178.64,152618012,178.64,-0.0095364825903749,184.00600000000003,187.6782,188.7683,0.1604640358845971,191.95552074027356,176.05647925972653,34.73728104727596,-2.5576318634147412,-2.212348895199084,-0.34528296821565707,6.315000000000002,0.0084992171773652,180.36,-0.0243849217173094,178.84,0.0117004249682652,183.31,-0.0142257589796696,180.86,-0.0032529140688533,183.85,180.468,1.9106203181202872,0.23407853370745352,183.31,178.64,181.006,1.6522725091307726,0.2025513394180661,183.47,178.64,184.00600000000003,3.9747603701367566,0.16046403588459657,192.87,178.64,187.6782,5.472713646178522,0.2486628723480519,198.81,178.64,4,1,1,0.9708379074542631,0.9518420359905847,0.04909314823080451,-0.007886260135466677,180.23,0.008900582176444294
2021-01-04,AAPL,180.67,181.53,178.93,180.23,70331190,180.23,0.0089005821764442,183.374,187.68240000000003,188.7566,0.1605253112208367,190.30030196767416,176.44769803232583,42.520360025920056,-2.492909553164054,-2.268461026792078,-0.224448526371976,5.987857142857146,-0.0095364825903749,178.64,0.0084992171773652,180.36,-0.0243849217173094,178.84,0.00182461572487,181.19,-0.0131629045417459,181.43,180.276,1.8676803795119679,0.24711224289637687,183.31,178.64,180.886,1.6616069865532495,0.20121309894799885,183.47,178.64,183.374,3.463150983837077,0.16052531122083602,191.06,178.64,187.68240000000003,5.466793844547543,0.24494081500520212,198.81,178.64,0,1,1,0.9828547122221097,0.9602924941232619,0.014426011207820943,-0.0024353794210304003,178.24,-0.011041447039893404
2021-01-05,AAPL,179.93,180.64,175.84,178.24,135938078,178.24,-0.0110414470398934,182.733,187.55560000000003,188.74830000000003,0.1614585616078914,189.0064296839957,176.45957031600432,37.16850263074833,-2.5725384035013974,-2.329276502133942,-0.2432619013674553,5.782857142857144,0.0089005821764442,180.23,-0.0095364825903749,178.64,0.0084992171773652,180.36,0.0117004249682652,183.31,-0.0083227691120543,179.92,179.262,0.9685143261787125,0.22547881135847198,180.36,178.24,180.71800000000002,1.8449438413573687,0.2045730948688073,183.47,178.24,182.733,3.136714841997839,0.1614585616078908,189.74,178.24,187.55560000000003,5.611824309584183,0.23924703583906765,198.81,178.24,1,1,1,0.9754122134426984,0.9503315283523908,0.02692998204652745,-0.009392541543881538,173.54,-0.026368940754039616
2021-01-06,AAPL,173.42,174.55,172.52,173.54,45572325,173.54,-0.0263689407540396,181.923,187.3474,188.73245000000003,0.1806728819732476,188.55992731695656,175.28607268304344,31.273601083493645,-2.98053777737249,-2.4595287571816518,-0.5210090201908382,5.7092857142857145,-0.0110414470398934,178.24,0.0089005821764442,180.23,-0.0095364825903749,178.64,-0.0243849217173094,178.84,0.011783014673188,182.04,178.202,2.7702563058339615,0.23612900419360244,180.36,173.54,179.868,2.8516147472354962,0.22696524690555164,183.47,173.54,181.923,3.318463658478274,0.1806728819732471,188.12,173.54,187.34740000000002,5.932280013896221,0.2460936148041562,198.81,173.54,2,1,1,0.9539200650772364,0.9263005518041548,0.011697591333342767,0.0006919617114480026,169.41,-0.02379854788521374
2021-01-07,AAPL,170.59,172.76,166.06,169.41,101128128,169.41,-0.0237985478852137,180.9875,187.0234,188.68015,0.1930180647756114,189.0647712302085,172.91022876979156,27.89344763041925,-3.5956878534553027,-2.6867605764363818,-0.908927277018921,5.975714285714285,-0.0263689407540396,173.54,-0.0110414470398934,178.24,0.0089005821764442,180.23,0.0084992171773652,180.36,0.0078554163920017,183.47,176.012,4.454185671928323,0.22292432745486007,180.23,169.41,178.46200000000002,4.079928648611559,0.23355175933262423,183.31,169.41,180.9875,4.0386356151042255,0.19301806477561081,185.96,169.41,187.0234,6.448996634503993,0.250183144293656,198.81,169.41,3,1,1,0.9360314938825276,0.905822479962904,0.03954902307986801,-0.00691716982234064,169.59,0.0010625110678237348
2021-01-08,AAPL,168.11,173.55,165.63,169.59,59579918,169.59,0.0010625110678237,180.179,186.68420000000003,188.6177,0.1921483637036571,189.40087080004207,170.95712919995793,30.53911898660266,-4.02230756715602,-2.9538699745803094,-1.0684375925757101,5.941428571428572,-0.0237985478852137,169.41,-0.0263689407540396,173.54,-0.0110414470398934,178.24,-0.0095364825903749,178.64,-0.0142257589796696,180.86,174.202,4.932400024330003,0.24318682505272574,180.23,169.41,177.33499999999998,4.831298997162459,0.23446109086838687,183.31,169.41,180.179,4.610935400021039,0.1921483637036566,185.96,169.41,186.68420000000003,6.9043535777462575,0.24978736380259461,198.81,169.41,4,1,1,0.9412306650556324,0.9084325293682677,0.046700866796116014,0.00880375944316927,170.31,0.004245533345126562
2021-01-11,AAPL,169.75,172.11,168.5,170.31,45418511,170.31,0.0042455333451265,179.3965,186.1818,188.55,0.1936853812164899,189.1910726647081,169.6019273352919,33.78332769244126,-4.253279621284435,-3.2137519039211346,-1.0395277173633,5.725714285714288,0.0010625110678237,169.59,-0.0237985478852137,169.41,-0.0263689407540396,173.54,0.0089005821764442,180.23,0.00182461572487,181.19,172.21800000000002,3.7564571074364337,0.22135932908283618,178.24,169.41,176.24699999999999,5.085111273772589,0.2371141081698688,183.31,169.41,179.3965,4.8972863323540565,0.19368538121648932,184.53,169.41,186.1818,7.164025686778561,0.22325886113744264,198.81,169.41,0,1,1,0.949349624987392,0.9147510658887456,0.021196641418465254,0.003298969072145528,168.07,-0.013152486642005856
2021-01-12,AAPL,166.62,171.8,164.35,168.07,87307838,168.07,-0.0131524866420058,178.614,185.567,188.4621,0.1943102068445521,189.40420686597636,167.82379313402367,26.52100839088089,-4.564459668008624,-3.483893456738633,-1.080566211269991,5.836428571428574,0.0042455333451265,170.31,0.0010625110678237,169.59,-0.0237985478852137,169.41,-0.0110414470398934,178.24,0.0117004249682652,183.31,170.18400000000003,2.0432523094343416,0.2217829080984492,173.54,168.07,174.723,5.01638216247343,0.2169170843248107,180.36,168.07,178.614,5.395103432988167,0.1943102068445515,184.53,168.07,185.567,7.374123054054154,0.21970489349661432,198.49,168.07,1,1,1,0.9409676733014155,0.9057106058679306,0.04432676860805433,0.008702436682218739,169.75,0.009995835068721481
2021-01-13,AAPL,171.36,171.59,167.91,169.75,119799001,169.75,0.0099958350687214,177.875,184.99220000000005,188.38245,0.1986222508478088,188.9791452667596,166.7708547332404,27.133333320671127,-4.6222279705075096,-3.7115603594924087,-0.9106676110151009,5.9021428571428585,-0.0131524866420058,168.07,0.0042455333451265,170.31,0.0010625110678237,169.59,-0.0263689407540396,173.54,-0.0243849217173094,178.84,169.42600000000002,0.8295058770186431,0.2194918558947089,170.31,168.07,173.81400000000002,5.011043803438674,0.21533101759616788,180.36,168.07,177.875,5.552072633379794,0.19862225084780818,184.45,168.07,184.99220000000003,7.465786804634263,0.22168910471756612,196.69,168.07,2,1,1,0.9543218552300531,0.9176062558263665,0.02167893961695628,-0.009395424836546559,165.62,-0.02432989690721643
2021-01-14,AAPL,166.67,169.47,161.78,165.62,57056959,165.62,-0.0243298969072164,176.9335,184.39,188.29425,0.2105413374407451,188.85350225185576,165.01349774814426,25.824873084976275,-4.94427176339974,-3.9581026402738755,-0.9861691231258649,6.105000000000002,0.0099958350687214,169.75,-0.0131524866420058,168.07,0.0042455333451265,170.31,-0.0237985478852137,169.41,0.0084992171773652,180.36,168.66799999999998,1.8950514504910305,0.2224732821005912,170.31,165.62,172.33999999999997,5.039398112206823,0.2202040970119159,180.23,165.62,176.9335,5.960001125927879,0.21054133744074455,183.85,165.62,184.39,7.789331007925283,0.2255219111989414,196.69,165.62,3,1,1,0.9360578974533593,0.8982048918005413,0.046431590387353984,-0.00629987400248205,165.52,-0.0006037918125829655
2021-01-15,AAPL,166.68,168.84,162.19,165.52,43922215,165.52,-0.0006037918125829,176.017,183.8776,188.2042,0.2110898201022499,188.5031288931709,163.5308711068291,24.960051123380023,-5.1482175069659775,-4.1961256136122955,-0.9520918933536819,6.212142857142859,-0.0243298969072164,165.62,0.0099958350687214,169.75,-0.0131524866420058,168.07,0.0010625110678237,169.59,-0.0095364825903749,178.64,167.854,2.2423046180231223,0.22018157885259954,170.31,165.52,171.028,4.9235122964519,0.22345758239640975,180.23,165.52,176.017,6.243064446585455,0.21108982010224933,183.47,165.52,183.87759999999997,8.169626314737698,0.2207727603155983,196.69,165.52,4,1,1,0.9403637148631079,0.9001640221489722,0.040176413726195195,-0.0069594432444986636,162.59,-0.01770178830352831
2021-01-18,AAPL,164.02,166.02,159.16,162.59,77114299,162.59,-0.0177017883035283,175.075,183.2936,188.10845,0.2139693371422614,188.63793478565884,161.5120652143411,17.725856690088477,-5.48306710654677,-4.453513912199191,-1.0295531943475789,6.118571428571433,-0.0006037918125829,165.52,-0.0243298969072164,165.62,0.0099958350687214,169.75,0.0042455333451265,170.31,0.0089005821764442,180.23,166.31,2.732663535821275,0.21869728409083175,169.75,162.59,169.264,4.391593484523846,0.20813695625907513,178.24,162.59,175.075,6.781467392829423,0.21396933714226085,183.47,162.59,183.2936,8.623532057275753,0.22280841186077266,196.69,162.59,0,1,1,0.928687705263866,0.8870467926818665,0.04219201672893672,-0.008718448969584736,161.06,-0.009410172827357122
2021-01-19,AAPL,159.73,161.93,159.73,161.06,77250431,161.06,-0.0094101728273571,174.132,182.721,187.99135,0.2142023813028991,188.84997268648212,159.41402731351786,19.51303154070025,-5.804979845744867,-4.723807098908327,-1.0811727468365406,5.800000000000005,-0.0177017883035283,162.59,-0.0006037918125829,165.52,-0.0243298969072164,165.62,-0.0131524866420058,168.07,-0.0110414470398934,178.24,164.90800000000002,3.335666350222512,0.21598848109989705,169.75,161.06,167.546,3.8122119563290577,0.20810665421274938,173.54,161.06,174.132,7.35898634324107,0.21420238130289854,183.47,161.06,182.72099999999998,9.126017360116517,0.222559783162608,196.69,161.06,1,1,1,0.92493051247947,0.881453144406601,0.01365950577416092,0.008326551054853103,161.23,0.0010555072643734231
2021-01-20,AAPL,160.86,165.14,157.32,161.23,99619157,161.23,0.0010555072643734,173.0915,182.2308,187.8768,0.2059933610127092,188.386571480022,157.79642851997804,15.605897151438953,-5.9774758112619395,-4.974540841379049,-1.0029349698828902,6.03428571428572,-0.0094101728273571,161.06,-0.0177017883035283,162.59,-0.0006037918125829,165.52,0.0099958350687214,169.75,-0.0263689407540396,173.54,163.204,2.240051338698793,0.17304820561425194,165.62,161.06,166.315,3.6454972225991003,0.19269633572329498,170.31,161.06,173.0915,7.6475357400109845,0.20599336101270874,183.47,161.06,182.23080000000002,9.60618356124064,0.2190270553237715,196.69,161.06,2,1,1,0.9314726604083304,0.8847571321594113,0.048502139799984446,0.002300136764874276,159.22,-0.012466662531786854
2021-01-21,AAPL,157.85,162.33,156.11,159.22,116963797,159.22,-0.0124666625317868,171.879,181.735,187.76325,0.2004585760393668,187.55004859958515,156.20795140041483,15.44483984995631,-6.204844720869204,-5.22060161727708,-0.9842431035921235,5.852142857142861,0.0010555072643734,161.23,-0.0094101728273571,161.06,-0.0177017883035283,162.59,-0.0243298969072164,165.62,-0.0237985478852137,169.41,161.92400000000004,2.3406473463565174,0.12615440723416316,165.52,159.22,165.296,4.0822548235530105,0.17284413100587767,170.31,159.22,171.879,7.835524299792581,0.20045857603936637,183.31,159.22,181.735,10.137523597697927,0.21962773228869664,196.69,159.22,3,1,1,0.9263493504097282,0.8761108206956496,0.039065444039448144,0.00867912575224153,158.36,-0.005401331491018624
2021-01-22,AAPL,157.44,160.11,156.6,158.36,78121129,158.36,-0.0054013314910186,170.754,181.28,187.64945,0.1986713991989978,186.93264661570376,154.57535338429622,10.04749725463411,-6.380876262916246,-5.4526565464049135,-0.9282197165113324,5.896428571428577,-0.0124666625317868,159.22,0.0010555072643734,161.23,-0.0094101728273571,161.06,-0.0006037918125829,165.52,0.0010625110678237,169.59,160.49200000000002,1.6905827397691306,0.11273677986948694,162.59,158.36,164.173,4.308152607425345,0.1682981727998372,170.31,158.36,170.754,8.08932330785188,0.1986713991989973,183.31,158.36,181.28,10.663066718197879,0.21770596746056986,196.69,158.36,4,1,1,0.9274160488133374,0.8735657546288971,0.022164688052398678,0.0058434959349223355,160.82,0.015534225814599623
2021-01-25,AAPL,159.95,164.29,157.35,160.82,168044354,160.82,0.0155342258145996,169.7355,180.78,187.54205,0.2118549043137844,185.71135872825923,153.75964127174078,18.714080450359248,-6.249836858389983,-5.612092608801928,-0.6377442495880556,6.049285714285721,-0.0054013314910186,158.36,-0.0124666625317868,159.22,0.0010555072643734,161.23,-0.0177017883035283,162.59,0.0042455333451265,170.31,160.138,1.2758996825789972,0.17618579014266433,161.23,158.36,163.22400000000002,3.8241257533917894,0.1962234914879781,169.75,158.36,169.7355,7.987929364129608,0.21185490431378395,183.31,158.36,180.78,11.025803316562225,0.21182191705698317,196.69,158.36,0,1,1,0.9474741583172201,0.8895895563619339,0.04315383658722077,0.0054391997498878745,159.49,-0.008270115657256438
2021-01-26,AAPL,159.39,161.18,157.79,159.49,87507152,159.49,-0.0082701156572564,168.5445,180.2026,187.43535,0.2015069456454128,183.7944656255016,153.2945343744984,21.29137718438578,-6.182044312298018,-5.726082949501146,-0.45596136279687194,5.88285714285715,0.0155342258145996,160.82,-0.0054013314910186,158.36,-0.0124666625317868,159.22,-0.0094101728273571,161.06,-0.0131524866420058,168.07,159.824,1.1820025380704968,0.1733847362701906,161.23,158.36,162.36599999999999,3.5701360073654524,0.19249040921265326,169.75,158.36,168.5445,7.624982812750795,0.20150694564541244,180.36,158.36,180.2026,11.371273116310169,0.2087542896115623,196.69,158.36,1,1,1,0.9462782825844436,0.885059372057423,0.021255251112789263,0.0006273919317359644,161.55,0.012916170292808449
2021-01-27,AAPL,160.81,165.18,157.93,161.55,69648142,161.55,0.0129161702928084,167.68,179.66559999999998,187.34975,0.2019771864412179,182.42445765631885,152.93554234368116,32.455357122572536,-5.894149362370712,-5.7596962320750595,-0.1344531302956522,5.866428571428579,-0.0082701156572564,159.49,0.0155342258145996,160.82,-0.0054013314910186,158.36,0.0010555072643734,161.23,0.0099958350687214,169.75,159.888,1.2816278711096756,0.20392057581159756,161.55,158.36,161.546,2.4524645200691806,0.19936401215399252,165.62,158.36,167.68,7.372228828159429,0.20197718644121754,180.36,158.36,179.66559999999998,11.607782779722767,0.21176044577742936,196.69,158.36,2,1,1,0.9634422709866208,0.8991704588919686,0.044877746827329756,0.004601703874108622,158.89,-0.016465490560198193
2021-01-28,AAPL,157.62,160.04,157.62,158.89,41988664,158.89,-0.0164654905601981,166.6065,178.9896,187.24725,0.1992795174509505,180.5694513921298,152.64354860787023,28.49678454988116,-5.813614579808046,-5.770479901621657,-0.04313467818638905,5.581428571428579,0.0129161702928084,161.55,-0.0082701156572564,159.49,0.0155342258145996,160.82,-0.0124666625317868,159.22,-0.0243298969072164,165.62,159.82199999999997,1.33212987355029,0.22114225271262294,161.55,158.36,160.873,2.109734317127301,0.18092361927527428,165.52,158.36,166.6065,6.981475696064897,0.19927951745095007,180.23,158.36,178.9896,11.81613579571853,0.2054457075692435,196.69,158.36,3,1,1,0.9536842800193648,0.8877052074484344,0.01523066272254237,0.00805735312772443,160.21,0.008307634212348258
2021-01-29,AAPL,159.15,163.27,157.16,160.21,72021366,160.21,0.0083076342123482,165.685,178.33419999999998,187.14775,0.2053407938734906,178.70487064371144,152.66512935628856,30.18053373537961,-5.578966364640081,-5.7321771942253426,0.15321082958526144,5.760000000000007,-0.0164654905601981,158.89,0.0129161702928084,161.55,-0.0082701156572564,159.49,-0.0054013314910186,158.36,-0.0006037918125829,165.52,160.192,1.0520076045377253,0.2227748184775541,161.55,158.89,160.342,1.3368354008120824,0.19097123918726866,162.59,158.36,165.685,6.509935321855723,0.2053407938734901,180.23,158.36,178.33419999999998,11.932545803261856,0.2069060364583816,196.69,158.36,4,1,1,0.9669553671064554,0.8983694658629789,0.038137444603719345,0.006660383286166144,163.77,0.02222083515386064
2021-02-01,AAPL,162.62,166.36,161.18,163.77,69928399,163.77,0.0222208351538606,164.862,177.7982,187.07255,0.2223411358089114,175.9479752081547,153.7760247918453,41.97761191836994,-5.047558602162155,-5.595253475812705,0.54769487365055,5.6671428571428635,0.0083076342123482,160.21,-0.0164654905601981,158.89,0.0129161702928084,161.55,0.0155342258145996,160.82,-0.0177017883035283,162.59,160.782,1.9425550185272304,0.25088645999978526,163.77,158.89,160.45999999999998,1.5861413696199993,0.21021679629914924,163.77,158.36,164.862,5.54298760407736,0.222341135808911,178.24,158.36,177.7982,11.973553457857296,0.2138224970704862,196.69,158.36,0,2,1,0.9933762783358606,0.9211004385819368,0.031629724613594534,0.007071700897755098,157.86,-0.03608719545704342
2021-02-02,AAPL,159.36,159.36,156.77,157.86,117465955,157.86,-0.0360871954570434,163.84300000000002,177.05460000000002,186.9738,0.2481197020161361,173.3913194443084,154.29468055569163,30.84112148141233,-5.045144445210354,-5.485231669692236,0.4400872244818812,5.90428571428572,0.0222208351538606,163.77,0.0083076342123482,160.21,-0.0164654905601981,158.89,-0.0082701156572564,159.49,-0.0094101728273571,161.06,160.456,2.3147094850121603,0.3795316062186683,163.77,157.86,160.14000000000001,1.7644199550427946,0.27817478789979,163.77,157.86,163.84300000000002,4.774159722154193,0.24811970201613573,173.54,157.86,177.05460000000002,12.035269802729504,0.2177710898928952,196.69,157.86,1,2,1,0.963483334649857,0.8915893741202342,0.016406942860658788,-0.009412650602350574,156.04,-0.011529203091346862
2021-02-03,AAPL,156.85,157.58,154.51,156.04,96256844,156.04,-0.0115292030913468,162.96800000000002,176.2416,186.86255,0.2372652508175963,171.96626790350174,153.9697320964983,33.321727003255404,-5.130943673294183,-5.4143740704126255,0.2834303971184422,5.574285714285722,-0.0360871954570434,157.86,0.0222208351538606,163.77,0.0083076342123482,160.21,0.0129161702928084,161.55,0.0010555072643734,161.23,159.354,2.901022233628188,0.3588425818695523,163.77,156.04,159.621,2.1329918997548276,0.2816267014962061,163.77,156.04,162.96800000000002,4.499133951750859,0.23726525081759586,170.31,156.04,176.2416,12.054768107369448,0.2164483106943124,195.17,156.04,2,2,1,0.9574885867105352,0.8853755299493118,0.019674442450527733,-0.005164169588746179,157.45,0.009036144578313143
2021-02-04,AAPL,158.92,158.92,156.62,157.45,49912875,157.45,0.0090361445783131,162.37,175.5162,186.77725,0.231678123085429,171.15274384652744,153.58725615347257,36.56343654639064,-5.027214365686945,-5.33694212946749,0.3097277637805451,5.305000000000007,-0.0115292030913468,156.04,-0.0360871954570434,157.86,0.0222208351538606,163.77,-0.0164654905601981,158.89,-0.0124666625317868,159.22,159.066,3.0273305072299315,0.36083320004701697,163.77,156.04,159.44400000000002,2.240685411004035,0.2823392340961003,163.77,156.04,162.37,4.391371923263718,0.23167812308542848,170.31,156.04,175.5162,12.072801086808107,0.2171668285577472,195.17,156.04,3,2,1,0.9696988359858982,0.8970681908513455,0.01460781200371785,-0.00924993707519978,157.03,-0.002667513496347973
2021-02-05,AAPL,156.84,159.28,154.77,157.03,85706476,157.03,-0.0026675134963479,161.74200000000002,174.79219999999998,186.70775,0.2310702528806926,170.1387201616891,153.34527983831094,39.8982557936564,-4.922159046442687,-5.2539855128625295,0.3318264664198427,5.137142857142862,0.0090361445783131,157.45,-0.0115292030913468,156.04,-0.0360871954570434,157.86,0.0083076342123482,160.21,-0.0054013314910186,158.36,158.43,3.060759709615391,0.3500802687089678,163.77,156.04,159.311,2.3490302963794436,0.281471062850437,163.77,156.04,161.74200000000002,4.198360080844531,0.2310702528806921,170.31,156.04,174.79219999999998,12.074281875802333,0.21716209189506022,195.17,156.04,4,2,1,0.9708671835332142,0.8983810490348062,0.02872062663167083,0.001211425656712486,157.96,0.00592243520346436
2021-02-08,AAPL,157.25,159.7,156.21,157.96,104651847,157.96,0.0059224352034643,161.1245,174.136,186.6518,0.2319138791243568,168.6382081041065,153.61079189589353,44.242199085460975,-4.709569733115245,-5.145102356913073,0.43553262379782787,5.18214285714286,-0.0026675134963479,157.03,0.0090361445783131,157.45,-0.0115292030913468,156.04,0.0222208351538606,163.77,0.0155342258145996,160.82,157.268,0.7789544274247658,0.2872227964770726,157.96,156.04,159.025,2.3188035708043615,0.2698436917863558,163.77,156.04,161.1245,3.7568540520532485,0.23191387912435635,169.75,156.04,174.136,12.079776319053648,0.21736409328676862,195.17,156.04,0,2,1,0.9803599080153524,0.9071070887070618,0.0220942010634204,0.004515103338604089,156.58,-0.008736388959230124
2021-02-09,AAPL,157.52,159.24,153.93,156.58,147413148,156.58,-0.0087363889592301,160.55,173.52920000000003,186.59135,0.2300373685468557,167.56842087502446,153.53157912497556,41.734802680970986,-4.599426314033991,-5.035967148337257,0.4365408343032655,5.002857142857146,0.0059224352034643,157.96,-0.0026675134963479,157.03,0.0090361445783131,157.45,-0.0360871954570434,157.86,-0.0082701156572564,159.49,157.012,0.7453656820679354,0.14206823822590672,157.96,156.04,158.734,2.4337132123516416,0.2701733756977591,163.77,156.04,160.55,3.509210437512222,0.23003736854685528,169.75,156.04,173.52920000000003,12.186058417515644,0.214392686700639,195.17,156.04,1,2,1,0.9752725007724992,0.9023265248678474,0.03391237705943345,-0.00596749619092198,156.84,0.0016604930387023042
2021-02-10,AAPL,156.29,158.56,155.12,156.84,114094633,156.84,0.0016604930387023,159.9045,172.87400000000002,186.528,0.2254399884547308,165.6126160132818,154.19638398671822,45.489006799209776,-4.439975757044039,-4.916768870078613,0.4767931130345744,4.804285714285718,-0.0087363889592301,156.58,0.0059224352034643,157.96,-0.0026675134963479,157.03,-0.0115292030913468,156.04,0.0129161702928084,161.55,157.172,0.5429272511162194,0.11154169171803736,157.96,156.58,158.26299999999998,2.279025376480356,0.2587821650227925,163.77,156.04,159.9045,2.854058006640904,0.22543998845473043,165.62,156.04,172.87400000000002,12.185048884864283,0.21084421558674535,195.17,156.04,2,2,1,0.9808354361448187,0.9072503673143025,0.02193318031100526,0.003519099110605236,156.53,-0.0019765365978067218
2021-02-11,AAPL,155.9,158.25,154.81,156.53,108458248,156.53,-0.0019765365978067,159.45,172.10120000000003,186.44385000000003,0.2120753174186357,164.66851360164537,154.2314863983546,46.45760740803689,-4.289181437384741,-4.791251383539839,0.5020699461550979,4.799285714285716,0.0016604930387023,156.84,-0.0087363889592301,156.58,0.0059224352034643,157.96,0.0090361445783131,157.45,-0.0164654905601981,158.89,156.988,0.5798016902395081,0.0863874713523231,157.96,156.53,158.027,2.3285381680304664,0.2473822130405699,163.77,156.04,159.45,2.609256800822694,0.2120753174186353,165.52,156.04,172.10120000000003,11.965468281002417,0.19683123599095467,192.87,156.04,3,2,1,0.9816870492255775,0.9095230015775048,0.021976617900581495,0.004041051956356347,159.35,0.018015715837219615
2021-02-12,AAPL,158.49,162.51,156.18,159.35,81946044,159.35,0.0180157158372196,159.1415,171.4646,186.36225,0.2244902741168098,163.50927324937163,154.77372675062838,47.19358531268766,-3.897200914148698,-4.612441289661611,0.7152403755129129,4.755714285714286,-0.0019765365978067,156.53,0.0016604930387023,156.84,-0.0087363889592301,156.58,-0.0026675134963479,157.03,0.0083076342123482,160.21,157.45200000000003,1.2088713744665511,0.15840992331065823,159.35,156.53,157.941,2.253631390538189,0.2623782901152303,163.77,156.04,159.1415,2.1838866246858126,0.22449027411680939,163.77,156.04,171.4646,11.774911622355686,0.1995540517451314,192.87,156.04,4,2,1,1.0013101547930532,0.9293463490368896,0.03972387825516323,0.0054262098554770585,160.01,0.004141826168810869
2021-02-15,AAPL,158.82,160.96,158.82,160.01,93442982,160.01,0.0041418261688108,159.0125,170.80739999999997,186.28575,0.2172444725705783,163.09448029857154,154.93051970142844,51.01880874944106,-3.493031547919344,-4.388559341313157,0.8955277933938133,4.666428571428573,0.0180157158372196,159.35,-0.0019765365978067,156.53,0.0016604930387023,156.84,0.0059224352034643,157.96,0.0222208351538606,163.77,157.86200000000002,1.6800505944776472,0.15682061236701103,160.01,156.53,157.565,1.27364088780378,0.23272906299405663,160.01,156.04,159.0125,2.04099014928578,0.21724447257057775,163.77,156.04,170.80739999999997,11.46885735461076,0.19832795584812965,191.06,156.04,0,2,1,1.0062730917317426,0.9367861111348995,0.013374164114659338,0.007492759098303142,160.88,0.005437160177488964
2021-02-16,AAPL,160.09,164.59,157.17,160.88,131871583,160.88,0.0054371601774889,159.0035,170.2038,186.21355,0.2157457277397769,163.06722541032954,154.93977458967046,48.62309902668622,-3.0671663003274716,-4.12428073311602,1.0571144327885484,4.678571428571431,0.0041418261688108,160.01,0.0180157158372196,159.35,-0.0019765365978067,156.53,-0.0087363889592301,156.58,-0.0360871954570434,157.86,158.722,1.9401726727291169,0.12014452792941145,160.88,156.53,157.867,1.6529303944399754,0.13735218327675056,160.88,156.04,159.0035,2.031862705164767,0.21574572773977635,163.77,156.04,170.2038,11.171546015093341,0.1989150506964914,189.74,156.04,1,2,1,1.011801627001847,0.9452197894468559,0.0461213326700267,0.00493472421759671,159.94,-0.005842864246643487
2021-02-17,AAPL,159.48,163.47,156.41,159.94,46942135,159.94,-0.0058428642466434,158.93900000000002,169.6078,186.14945,0.2166993366705009,162.89340806669298,154.98459193330706,52.32198139175112,-2.773543484689071,-3.8541332834306306,1.0805897987415594,4.9021428571428585,0.0054371601774889,160.88,0.0041418261688108,160.01,0.0180157158372196,159.35,0.0016604930387023,156.84,-0.0115292030913468,156.04,159.34199999999998,1.6640823296955478,0.14443113334638868,160.88,156.53,158.257,1.6339458035270475,0.12407432356660579,160.88,156.53,158.93900000000002,1.9772040333464813,0.21669933667050031,163.77,156.04,169.6078,10.899625773392444,0.19883149264443956,188.12,156.04,2,2,1,1.006298013697039,0.9429990837629932,0.044141553082129935,0.0028843742161846226,158.83,-0.006940102538451787
2021-02-18,AAPL,159.38,161.74,155.91,158.83,69564258,158.83,-0.0069401025384517,158.91950000000003,169.02199999999996,186.07975,0.2134517651454695,162.87191951215098,154.96708048784907,46.91964282781809,-2.600436794548557,-3.603393985654216,1.0029571911056592,4.882142857142859,-0.0058428642466434,159.94,0.0054371601774889,160.88,0.0041418261688108,160.01,-0.0019765365978067,156.53,0.0090361445783131,157.45,159.802,0.7703051343493992,0.16066030097996328,160.88,158.83,158.39499999999998,1.6163968846987133,0.12640393102607037,160.88,156.53,158.91950000000003,1.97620975607548,0.21345176514546887,163.77,156.04,169.02199999999996,10.669039319451432,0.19864868435788618,185.96,156.04,3,2,1,0.9994368217808423,0.9397001573704036,0.0367059119811327,-0.003450872129480061,157.85,-0.006170118995152185
2021-02-19,AAPL,156.47,160.52,155.19,157.85,58732846,157.85,-0.0061701189951521,158.894,168.46380000000002,186.0086,0.2137253252072703,162.86813956262102,154.919860437379,35.065590288046465,-2.5133539256971744,-3.385385973662808,0.8720320479656336,4.823571428571431,-0.0069401025384517,158.83,-0.0058428642466434,159.94,0.0054371601774889,160.88,0.0180157158372196,159.35,-0.0026675134963479,157.03,159.502,1.1757423187097553,0.09705452016789634,160.88,157.85,158.477,1.559245187752846,0.13033474495761946,160.88,156.53,158.894,1.9870697813105065,0.21372532520726967,163.77,156.04,168.46380000000002,10.5042898700231,0.19763612369225617,185.96,156.04,4,2,1,0.9934295819792225,0.9369965535566869,0.033766233766019935,0.008819582028447473,158.84,0.006271777003484358
2021-02-22,AAPL,157.92,162.47,155.22,158.84,93101275,158.84,0.0062717770034843,158.79500000000002,167.9214,185.93795,0.2071821123420591,162.6643913570116,154.92560864298844,53.288590553956986,-2.337510037842719,-3.175810786498791,0.8383007486560716,4.841428571428573,-0.0061701189951521,157.85,-0.0069401025384517,158.83,-0.0058428642466434,159.94,0.0041418261688108,160.01,0.0059224352034643,157.96,159.26799999999997,1.1657486864693238,0.10612699602573246,160.88,157.85,158.565,1.5516389184691857,0.13074899662781897,160.88,156.53,158.79500000000002,1.9346956785057867,0.2071821123420585,163.77,156.04,167.9214,10.280212617907674,0.19855282842646288,184.53,156.04,0,2,1,1.0002833842312397,0.9459187453121168,0.04564341475670081,0.0058257345491020155,157.9,-0.0059179048098715326
2021-02-23,AAPL,158.87,159.27,156.52,157.9,130858358,157.9,-0.0059179048098715,158.7155,167.405,185.87295000000003,0.2061836038345042,162.59010001331615,154.84089998668384,56.63338082789825,-2.248088073992733,-2.9902662439975796,0.7421781700048466,4.798571428571429,0.0062717770034843,158.84,-0.0061701189951521,157.85,-0.0069401025384517,158.83,0.0054371601774889,160.88,-0.0087363889592301,156.58,158.672,0.8562534671491074,0.08893447373226178,159.94,157.85,158.697,1.414056811673994,0.12579375873703405,160.88,156.53,158.7155,1.937300006658078,0.20618360383450351,163.77,156.04,167.405,10.117629642946863,0.19760262231505452,184.53,156.04,1,2,1,0.9948618754879338,0.9432215286225429,0.01741608613035202,-0.006105620947906422,158.64,0.004686510449651626
2021-02-24,AAPL,157.52,159.68,157.52,158.64,63006438,158.64,0.0046865104496516,158.57,166.8872,185.80470000000005,0.2011310226988937,162.20773787430278,154.9322621256972,54.45692878184292,-2.093377554463615,-2.810888506090787,0.717510951627172,4.747142857142857,-0.0059179048098715,157.9,0.0062717770034843,158.84,-0.0061701189951521,157.85,-0.0058428642466434,159.94,0.0016604930387023,156.84,158.412,0.49696076304355247,0.10334630641634648,158.84,157.85,158.877,1.25728145879978,0.1272364865320832,160.88,156.53,158.57,1.8188689371513915,0.2011310226988931,163.77,156.04,166.8872,9.883101231859557,0.19765675602470173,184.45,156.04,2,2,1,1.000441445412118,0.9505821896409635,0.013615733736676634,0.007110208227481373,163.71,0.031959152798789914
2021-02-25,AAPL,163.2,165.31,162.11,163.71,30750457,163.71,0.0319591527987899,158.811,166.47240000000002,185.74145,0.2234231388864959,163.1155381193671,154.5064618806329,68.55555550223458,-1.5438650100523432,-2.557483806883098,1.0136187968307548,4.901428571428574,0.0046865104496516,158.64,-0.0059179048098715,157.9,0.0062717770034843,158.84,-0.0069401025384517,158.83,-0.0019765365978067,156.53,159.388,2.4555589994958296,0.24665422353817157,163.71,157.85,159.59499999999997,1.7295166312450365,0.1980644168716239,163.71,157.85,158.811,2.1522690596835417,0.22342313888649531,163.77,156.04,166.47240000000002,9.560920150406504,0.21258535277653123,183.85,156.04,3,2,1,1.0308479891126507,0.9834062583288076,0.01954675951365489,0.0031249999999809707,165.92,0.01349948078920038
2021-02-26,AAPL,167.13,169.39,162.45,165.92,67839073,165.92,0.0134994807892003,159.0965,166.1138,185.6904,0.2262360445147547,164.4269182713367,153.7660817286633,70.64315347567404,-0.9194450392451756,-2.2298760533555133,1.3104310141103377,5.147857142857147,0.0319591527987899,163.71,0.0046865104496516,158.64,-0.0059179048098715,157.9,-0.0061701189951521,157.85,0.0180157158372196,159.35,161.002,3.5845390219671462,0.2230796905211042,165.92,157.9,160.252,2.636288637033791,0.1906343854707833,165.92,157.85,159.0965,2.665209135668344,0.2262360445147541,165.92,156.04,166.1138,9.226230328884748,0.21550371081774425,183.47,156.04,4,2,1,1.0428890641777608,0.9988333299160044,0.04182738669212977,-0.007239873152592402,165.17,-0.004520250723240138
2021-03-01,AAPL,164.03,166.11,164.03,165.17,115286014,165.17,-0.0045202507232401,159.16649999999998,165.7886,185.62995000000004,0.2138746137803983,164.78435227738836,153.5486477226116,73.02949056180088,-0.4795781670829342,-1.8798164761009977,1.4002383090180635,4.917142857142862,0.0134994807892003,165.92,0.0319591527987899,163.71,0.0046865104496516,158.64,0.0062717770034843,158.84,0.0041418261688108,160.01,162.268,3.744325039310212,0.24665737658716821,165.92,157.9,160.76799999999997,3.0553370426878264,0.1954943354052361,165.92,157.85,159.16649999999998,2.8089261386941917,0.2138746137803978,165.92,156.04,165.7886,8.95802000945499,0.21406163942222212,183.47,156.04,0,3,1,1.0377183640964796,0.9962687422356165,0.012593085911408971,0.006949948180168484,168.23,0.01852636677362729
2021-03-02,AAPL,166.82,171.03,165.42,168.23,99194105,168.23,0.0185263667736272,159.685,165.5548,185.5753,0.1740755863348949,166.56708199832073,152.80291800167927,76.55011650015375,0.11461471756933861,-1.4809302373669304,1.595544954936269,5.090000000000005,-0.0045202507232401,165.17,0.0134994807892003,165.92,0.0319591527987899,163.71,-0.0059179048098715,157.9,0.0054371601774889,160.88,164.334,3.5778527079808407,0.21970125439243646,168.23,158.64,161.503,3.862676245526422,0.2100985159691054,168.23,157.85,159.685,3.4410409991603674,0.17407558633489414,168.23,156.04,165.5548,8.73135430035727,0.2182901547068299,183.47,156.04,1,3,1,1.0535116009578012,1.0161589999141303,0.033347203233470055,0.008452223953911668,167.26,-0.0057659157106342285
2021-03-03,AAPL,167.2,171.42,163.09,167.26,94945318,167.26,-0.0057659157106342,160.246,165.25920000000002,185.52085,0.1687083211541458,167.68380782644925,152.8081921735508,74.26503839711847,0.5014653854015307,-1.0844511128132384,1.585916498214769,5.4392857142857185,0.0185263667736272,168.23,-0.0045202507232401,165.17,0.0134994807892003,165.92,0.0046865104496516,158.64,-0.0058428642466434,159.94,166.058,1.766570123149974,0.25396920508561627,168.23,163.71,162.23499999999999,4.211416362431347,0.20999221204022217,168.23,157.85,160.246,3.7189039132246036,0.16870832115414505,168.23,156.53,165.25920000000002,8.405983981300318,0.21644925230904177,183.47,156.04,2,3,1,1.0437702033058935,1.01210704153831,0.04980270237923103,0.00035885167463901575,162.27,-0.029833791701542434
2021-03-04,AAPL,161.63,165.86,158.69,162.27,71523732,162.27,-0.0298337917015424,160.48700000000002,164.8352,185.43815,0.2045072934711062,167.85538224050143,153.11861775949862,56.013179539366405,0.40077613216007535,-0.7874056638185756,1.188181795978651,5.5992857142857195,-0.0057659157106342,167.26,0.0185263667736272,168.23,-0.0045202507232401,165.17,0.0319591527987899,163.71,-0.0069401025384517,158.83,165.76999999999998,2.2860555548818313,0.3028759691783422,168.23,162.27,162.579,4.039363123615076,0.2684249671409973,168.23,157.85,160.48700000000002,3.684191120250698,0.20450729347110558,168.23,156.53,164.83520000000001,7.9932127432706075,0.22437403603151654,183.31,156.04,3,3,1,1.0111099341316674,0.9844377899806328,0.04418561656471209,0.0039596609540064045,159.89,-0.014666913169409157
2021-03-05,AAPL,160.1,162.36,157.43,159.89,47962254,159.89,-0.0146669131694091,160.63,164.41580000000002,185.3431,0.2121127395923231,167.8248607389346,153.4351392610654,49.76923074243194,0.12746374136224858,-0.6044317827824107,0.7318955241446593,5.798571428571433,-0.0298337917015424,162.27,-0.0057659157106342,167.26,0.0185263667736272,168.23,0.0134994807892003,165.92,-0.0061701189951521,157.85,164.564,3.4707319112841333,0.2793996079358671,168.23,159.89,162.783,3.819528912194294,0.27908592084252526,168.23,157.9,160.63,3.597430369467305,0.21211273959232252,168.23,156.53,164.41580000000002,7.679215279318737,0.22449622653943865,183.31,156.04,4,3,1,0.9953931395069701,0.9724734484096267,0.030833698167297353,-0.001311680199866935,155.52,-0.027331290262055052
2021-03-08,AAPL,156.47,156.5,154.55,155.52,98311829,155.52,-0.027331290262055,160.50799999999998,163.90240000000003,185.2246,0.2336063543105661,167.97123085110417,153.0447691488958,40.915254217870746,-0.436726465004881,-0.5708907192269048,0.13416425422202383,5.650000000000001,-0.0146669131694091,159.89,-0.0298337917015424,162.27,-0.0057659157106342,167.26,-0.0045202507232401,165.17,0.0062717770034843,158.84,162.634,5.267497508305616,0.31054403134961034,168.23,155.52,162.451,4.3127831952076745,0.31180321954469753,168.23,155.52,160.50799999999998,3.73161542555209,0.23360635431056548,168.23,155.52,163.90240000000003,7.387426593440318,0.23114275190323036,183.31,155.52,0,3,1,0.9689236673501078,0.9488573687697748,0.012538580246832883,-0.006071451396394947,154.76,-0.004886831275720316
2021-03-09,AAPL,153.63,158.1,151.41,154.76,57300761,154.76,-0.0048868312757203,160.417,163.3314,185.11230000000003,0.2322401393958025,168.12234769870415,152.71165230129583,41.166439270930056,-0.9344056698223824,-0.6435937093460004,-0.290811960476382,5.62357142857143,-0.027331290262055,155.52,-0.0146669131694091,159.89,-0.0298337917015424,162.27,0.0185263667736272,168.23,-0.0059179048098715,157.9,159.94,5.132801379364476,0.18590012273239237,167.26,154.76,162.137,4.770916636824858,0.31147736483962474,168.23,154.76,160.417,3.852673849352094,0.23224013939580188,168.23,154.76,163.3314,6.946965277833793,0.2287241419444577,180.36,154.76,1,3,1,0.9647356576861259,0.9475214196354925,0.04322822434709725,0.007355334244565776,154.85,0.0005815456190230162
2021-03-10,AAPL,155.1,157.48,152.22,154.85,191648952,154.85,0.000581545619023,160.3175,162.8516,184.99985,0.2321396369521307,168.26492427655717,152.37007572344282,42.968197858602274,-1.3064972898951055,-0.7761744254558214,-0.5303228644392841,5.582857142857143,-0.0048868312757203,154.76,-0.027331290262055,155.52,-0.0146669131694091,159.89,-0.0057659157106342,167.26,0.0046865104496516,158.64,157.458,3.4244225790643794,0.21253694200449239,162.27,154.76,161.75799999999998,5.209923863804837,0.3097483092687781,168.23,154.76,160.3175,3.9737121382785823,0.23213963695213014,168.23,154.76,162.8516,6.677197065615253,0.22368756015628072,180.36,154.76,2,3,1,0.9658958005148166,0.9508656961248716,0.03396835647378769,-0.0016118633139805814,158.85,0.02583144979011953
2021-03-11,AAPL,158.86,160.01,157.69,158.85,100507215,158.85,0.0258314497901195,160.4335,162.4214,184.90045,0.2501400954074936,168.21413256798095,152.65286743201906,51.59642398715359,-1.2640448863635356,-0.8737485176373643,-0.39029636872617135,5.570714285714284,0.000581545619023,154.85,-0.0048868312757203,154.76,-0.027331290262055,155.52,-0.0298337917015424,162.27,0.0319591527987899,163.71,156.774,2.4160773994236804,0.31447756718692393,159.89,154.76,161.272,5.234224552561999,0.2918106201879574,168.23,154.76,160.4335,3.8903162839904786,0.25014009540749305,168.23,154.76,162.4214,6.202169143262084,0.23143198945267157,180.23,154.76,3,3,1,0.9901298668857181,0.9780115181806215,0.01460497324510789,-6.294850812008295e-05,159.68,0.005225055083412089
2021-03-12,AAPL,158.55,160.78,158.55,159.68,63419241,159.68,0.005225055083412,160.45,162.0422,184.7852,0.2425047874666597,168.2223531626041,152.6776468373959,51.34788187680135,-1.1501685601053282,-0.9290325261309571,-0.2211360339743711,5.212142857142855,0.0258314497901195,158.85,0.000581545619023,154.85,-0.0048868312757203,154.76,-0.0146669131694091,159.89,0.0134994807892003,165.92,156.732,2.3492700994151208,0.3038751981255861,159.68,154.76,160.648,4.984540099144142,0.2816023713230244,168.23,154.76,160.45,3.886176581302043,0.24250478746665902,168.23,154.76,162.0422,5.753722589128947,0.23147426612359343,180.23,154.76,4,3,1,0.9952009971891856,0.9854223159091556,0.013965430861635925,0.007127089246249564,159.21,-0.0029433867735471075
2021-03-15,AAPL,159.61,162.9,155.52,159.21,62644289,159.21,-0.0029433867735471,160.41,161.6218,184.65405,0.2422868590992666,168.20010168165717,152.61989831834285,52.13424565885046,-1.0853347596453489,-0.9602929728338355,-0.12504178681151334,5.54285714285714,0.005225055083412,159.68,0.0258314497901195,158.85,0.000581545619023,154.85,-0.027331290262055,155.52,-0.0045202507232401,165.17,157.47,2.4507447847554324,0.19669105609735765,159.68,154.76,160.052,4.733778852269908,0.2815825204315643,168.23,154.76,160.41,3.895050840828574,0.242286859099266,168.23,154.76,161.6218,5.132030942213458,0.23009282319259375,178.24,154.76,0,3,1,0.9925191696216414,0.985077508102341,0.04635387224391459,-0.0025061086397938697,161.26,0.012876075623390326
2021-03-16,AAPL,160.53,164.22,158.29,161.26,77080393,161.26,0.0128760756233903,160.429,161.2822,184.5024,0.245968914959017,168.22577909207112,152.63222090792888,54.09374997633399,-0.8586377962121219,-0.9399619375094928,0.08132414129737087,5.812142857142855,-0.0029433867735471,159.21,0.005225055083412,159.68,0.0258314497901195,158.85,-0.0048868312757203,154.76,0.0185263667736272,168.23,158.77,2.3766888732027813,0.18164605824412283,161.26,154.85,159.35500000000002,3.8209866381425783,0.2703985944539499,167.26,154.76,160.429,3.8983895460355646,0.24596891495901638,168.23,154.76,161.2822,4.537259035036462,0.2317186407230881,173.54,154.76,1,3,1,1.0051798614900973,0.9998623530619011,0.03677291330747386,0.004547436616180418,156.05,-0.032308073917896474
2021-03-17,AAPL,156.01,159.42,152.68,156.05,72691602,156.05,-0.0323080739178964,160.23449999999997,160.9324,184.33535,0.2712756426931532,168.27297714040867,152.19602285959127,38.08338517320573,-1.0868537046765425,-0.9693402909429027,-0.11751341373363977,5.948571428571425,0.0128760756233903,161.26,-0.0029433867735471,159.21,0.005225055083412,159.68,0.000581545619023,154.85,-0.0057659157106342,167.26,159.01,1.8933171947684448,0.3457729754723323,161.26,156.05,158.234,2.7338828715821393,0.30554440818143136,162.27,154.76,160.23449999999997,4.019238570204353,0.2712756426931525,168.23,154.76,160.9324,4.2372341575752035,0.23530053929471445,170.31,154.76,2,3,1,0.9738851495715727,0.969661795878458,0.04319128484432418,0.00025639382090740384,156.66,0.00390900352451129
2021-03-18,AAPL,155.35,160.19,153.12,156.66,125055813,156.66,0.0039090035245112,160.126,160.6774,184.15855,0.270906518822449,168.3017057316514,151.9502942683486,34.83955466641278,-1.204608576497094,-1.016393948053741,-0.18821462844335302,5.957857142857138,-0.0323080739178964,156.05,0.0128760756233903,161.26,-0.0029433867735471,159.21,0.0258314497901195,158.85,-0.0298337917015424,162.27,158.572,2.172342054098717,0.27789270872086264,161.26,156.05,157.673,2.3642713230217924,0.280039586118609,161.26,154.76,160.126,4.087852865825701,0.2709065188224483,168.23,154.76,160.6774,4.09799842133011,0.23027648473824167,170.31,154.76,3,3,1,0.9783545457890764,0.974997105996394,0.04512957998183879,0.008432571612433664,158.53,0.011936678156517333
2021-03-19,AAPL,158.4,161.14,155.93,158.53,86193356,158.53,0.0119366781565173,160.16,160.4562,183.98815,0.2735350463584983,168.30143657309418,152.0185634269058,39.51358178922332,-1.1339651447154893,-1.0399081873860907,-0.09405695732939856,6.181428571428564,0.0039090035245112,156.66,-0.0323080739178964,156.05,0.0128760756233903,161.26,0.005225055083412,159.68,-0.0146669131694091,159.89,158.342,2.0848189369836927,0.293518070522262,161.26,156.05,157.53699999999998,2.2593610207747856,0.2818321028528177,161.26,154.76,160.16,4.070718286547089,0.2735350463584976,168.23,154.76,160.4562,3.9008538521085057,0.2321753283313917,170.31,154.76,4,3,1,0.9898226773164972,0.9879954778874984,0.03286444206123204,0.0008207070707018608,155.11,-0.021573203810004382
2021-03-22,AAPL,154.51,157.49,152.73,155.11,59702502,155.11,-0.0215732038100043,159.9735,160.1522,183.76815,0.2832340484144565,168.40787396672437,151.53912603327564,29.512804484285468,-1.338515559761646,-1.0996296618612018,-0.23888589790044423,6.17714285714285,0.0119366781565173,158.53,0.0039090035245112,156.66,-0.0323080739178964,156.05,-0.0029433867735471,159.21,-0.027331290262055,155.52,157.522,2.434968172277762,0.32785493799130394,161.26,155.11,157.496,2.3033222382696623,0.2677331858305384,161.26,154.76,159.9735,4.21718698336218,0.2832340484144558,168.23,154.76,160.1522,3.7046029228955253,0.23623635142422345,169.75,154.76,0,3,1,0.969598089677543,0.9685161989596865,0.030687898910252927,0.0038832438029651126,157.84,0.017600412610405458
2021-03-23,AAPL,158.86,159.99,155.7,157.84,170409252,157.84,0.0176004126104054,159.97050000000002,159.9476,183.57345,0.2900775989824855,168.40802139958487,151.53297860041516,36.05683835095334,-1.265744340099701,-1.1328525975089017,-0.1328917425907994,5.93071428571428,-0.0215732038100043,155.11,0.0119366781565173,158.53,0.0039090035245112,156.66,0.0128760756233903,161.26,-0.0048868312757203,154.76,156.83800000000002,1.3698065556879404,0.3453603564405066,158.53,155.11,157.804,2.0931539201185685,0.2800721283068108,161.26,154.85,159.97050000000002,4.218760699792427,0.2900775989824848,168.23,154.76,159.9476,3.53709702255088,0.23868436096007267,169.75,154.76,1,3,1,0.986681919472736,0.9868231845867846,0.02717942219952383,-0.006420747828236116,158.7,0.005448555499239616
2021-03-24,AAPL,157.29,160.5,156.9,158.7,81593529,158.7,0.0054485554992396,159.9735,159.7266,183.39505,0.2902485703718895,168.40907198634883,151.53792801365117,43.97976389154408,-1.1257014262323253,-1.1314223632535865,0.0057209370212611965,5.575714285714279,0.0176004126104054,157.84,-0.0215732038100043,155.11,0.0119366781565173,158.53,-0.0323080739178964,156.05,0.000581545619023,154.85,157.368,1.4955834981724339,0.23846428971435163,158.7,155.11,158.18900000000002,1.8265355792310294,0.2803921825074198,161.26,155.11,159.9735,4.217785993174423,0.29024857037188884,168.23,154.76,159.7266,3.2453078279199796,0.2378096048731005,168.23,154.76,2,3,1,0.9920393065039395,0.9935727674601879,0.02268431001876062,0.008964333396853152,157.77,-0.005860113421549906
2021-03-25,AAPL,157.51,159.93,155.61,157.77,108805567,157.77,-0.0058601134215499,159.67649999999998,159.5696,183.22035,0.2652982158637005,167.9753198907422,151.37768010925774,46.24113472881648,-1.0773407224760376,-1.1206060350980767,0.04326531262203903,5.53214285714285,0.0054485554992396,158.7,0.0176004126104054,157.84,-0.0215732038100043,155.11,0.0039090035245112,156.66,0.0258314497901195,158.85,157.59,1.4457696912045541,0.24724031077304834,158.7,155.11,158.081,1.815001989584796,0.2504006552325695,161.26,155.11,159.67649999999998,4.149409945371112,0.2652982158636997,168.23,154.76,159.5696,3.1426389274892723,0.2321319747320701,168.23,154.76,3,3,1,0.9880602342800098,0.9887221626112448,0.027381631488702617,0.0016506888451423318,159.33,0.009887811370983046
2021-03-26,AAPL,159.19,162.59,156.06,159.33,62723490,159.33,0.009887811370983,159.347,159.4458,183.08335,0.2628499612495517,167.1079253382116,151.58607466178842,57.5029538871587,-0.9027294506159649,-1.0770307182016543,0.17430126758568942,5.617142857142852,-0.0058601134215499,157.77,0.0054485554992396,158.7,0.0176004126104054,157.84,0.0119366781565173,158.53,0.005225055083412,159.68,157.75,1.6106675634673144,0.24217295725473761,159.33,155.11,158.046,1.7838485237065633,0.25448232466238796,161.26,155.11,159.347,3.8804626691057984,0.26284996124955096,168.23,154.76,159.4458,3.023096864650669,0.23338438458344363,168.23,154.76,4,3,1,0.9998933145838963,0.9992737343912524,0.0409841210064584,0.0008794522268932429,164.9,0.034958890353354644
2021-03-29,AAPL,165.65,167.71,162.09,164.9,92505942,164.9,0.0349588903533546,159.33350000000002,159.49200000000002,182.98125,0.2932192006107319,167.05260350671634,151.6143964932837,66.78807943923739,-0.3113077481544906,-0.9238861241922216,0.612578376037731,5.737857142857138,0.009887811370983,159.33,-0.0058601134215499,157.77,0.0054485554992396,158.7,-0.0215732038100043,155.11,-0.0029433867735471,159.21,159.708,2.9732591545315907,0.24127332670385715,164.9,157.77,158.61499999999998,2.8091882971534288,0.3081128664181221,164.9,155.11,159.33350000000002,3.859551753358157,0.2932192006107312,168.23,154.76,159.49200000000002,3.0890596944568514,0.24333490102797387,168.23,154.76,0,3,1,1.0349361559180277,1.0339076568038905,0.03408126137032094,-0.0045276184726560365,165.41,0.003092783505154628
2021-03-30,AAPL,165.66,169.19,161.63,165.41,90601487,165.41,0.0030927835051546,159.1925,159.579,182.89185,0.285354418938993,166.3066841267643,152.07831587323568,67.24363158257972,0.19628826087546258,-0.6998512471786849,0.8961395080541474,5.902142857142853,0.0349588903533546,164.9,0.009887811370983,159.33,-0.0058601134215499,157.77,0.0176004126104054,157.84,0.0128760756233903,161.26,161.222,3.637426287913757,0.24357220312624037,165.41,157.77,159.03,3.471752679359781,0.30382801845400154,165.41,155.11,159.1925,3.5570920633821617,0.28535441893899227,167.26,154.76,159.579,3.193609211521952,0.24236018746968824,168.23,154.76,1,3,1,1.0390564882074278,1.0365398955938028,0.04570461278008765,-0.0015091150549226785,166.08,0.004050541079741343
2021-03-31,AAPL,166.64,168.39,163.78,166.08,37568536,166.08,0.0040505410797413,159.1335,159.67600000000002,182.80345,0.2851663594855223,165.9805301668165,152.2864698331835,63.24661044758335,0.6451878319288937,-0.43084343135716907,1.0760312632860627,5.862857142857138,0.0030927835051546,165.41,0.0349588903533546,164.9,0.009887811370983,159.33,0.0054485554992396,158.7,-0.0323080739178964,156.05,162.698,3.849359687013705,0.24523573804439078,166.08,157.77,160.033,3.933327824851822,0.23308017657831606,166.08,155.11,159.1335,3.4235150834082444,0.28516635948552166,166.08,154.76,159.67600000000002,3.3160851026719413,0.24247935450149877,168.23,154.76,2,3,1,1.0436520280076562,1.0401062150790343,0.027757707128927188,-0.0033605376860094418,165.0,-0.006502890173410436
2021-04-01,AAPL,165.91,167.83,162.17,165.0,179134456,165.0,-0.0065028901734104,159.27,159.7916,182.7046,0.2642701752840778,166.47955798338714,152.06044201661288,59.65867825580171,0.9033833610228044,-0.16399807288117438,1.0673814339039787,6.10785714285714,0.0040505410797413,166.08,0.0030927835051546,165.41,0.0349588903533546,164.9,-0.0058601134215499,157.77,0.0039090035245112,156.66,164.144,2.730829544297197,0.24775635519890885,166.08,159.33,160.86700000000002,4.0218570890100915,0.24182362280378566,166.08,155.11,159.27,3.604778991693569,0.2642701752840772,166.08,154.76,159.7916,3.399560211652765,0.2411791237827688,168.23,154.76,3,4,2,1.0359766434291708,1.0325949549223328,0.03430303030282256,-0.0054849014525617,162.96,-0.012363636363636354
2021-04-02,AAPL,164.14,165.84,160.09,162.96,134059592,162.96,-0.0123636363636363,159.42350000000002,159.8836,182.56885,0.2625841196127531,166.81701999353277,152.02998000646727,56.4410855104715,0.9326432956573569,0.055330200826531895,0.877313094830825,5.991428571428569,-0.0065028901734104,165.0,0.0040505410797413,166.08,0.0030927835051546,165.41,0.009887811370983,159.33,0.0119366781565173,158.53,164.87,1.1642164747187498,0.2900372777791071,166.08,162.96,161.31,3.9795951776222562,0.25364041418790334,166.08,155.11,159.42350000000002,3.696759996766374,0.26258411961275246,166.08,154.76,159.8836,3.4221951184248645,0.2426060262403412,168.23,154.76,4,4,2,1.0221830533075602,1.0192414981835585,0.03528473244946438,-0.007188985012750028,165.06,0.012886597938144284
2021-04-05,AAPL,164.45,167.84,162.28,165.06,68248025,165.06,0.0128865979381442,159.90050000000002,159.9684,182.42965,0.2429382582786164,167.4626898109525,152.33831018904755,56.51577500715981,1.112460699765279,0.26675630061428135,0.8457043991509977,5.964999999999997,-0.0123636363636363,162.96,-0.0065028901734104,165.0,0.0040505410797413,166.08,0.0349588903533546,164.9,-0.0215732038100043,155.11,164.90200000000002,1.1674416473668219,0.1561266092493402,166.08,162.96,162.305,3.4682184027056318,0.21698180339356718,166.08,157.77,159.90050000000002,3.7810949054762344,0.2429382582786157,166.08,154.76,159.9684,3.497574296449359,0.2418443651405193,168.23,154.76,0,4,2,1.0322669409974812,1.0318287861788213,0.03368472070741741,0.0037093341440942802,163.01,-0.012419726160184275
2021-04-06,AAPL,163.13,166.12,159.9,163.01,51476157,163.01,-0.0124197261601842,160.313,160.0388,182.2882,0.2476456749798759,167.58917626591483,153.03682373408515,63.3846153504852,1.0771329029864205,0.4288316210887092,0.6483012818977113,5.79642857142857,0.0128865979381442,165.06,-0.0123636363636363,162.96,-0.0065028901734104,165.0,0.0030927835051546,165.41,0.0176004126104054,157.84,164.422,1.380333293087757,0.17582201012146653,166.08,162.96,162.822,3.0938067166481824,0.2254497106247755,166.08,157.77,160.313,3.638088132957418,0.2476456749798752,166.08,154.85,160.0388,3.5230811190530558,0.24280763638536046,168.23,154.76,1,4,2,1.0168233393360688,1.0185654978604028,0.03815716827165108,-0.0007356096364817565,163.24,0.0014109563830440042
2021-04-07,AAPL,164.35,164.83,161.65,163.24,91932193,163.24,0.001410956383044,160.73250000000002,160.0726,182.16035,0.2475683618053742,167.64063974503068,153.82436025496935,62.841530020305214,1.0555269892367676,0.5541706947183209,0.5013562945184467,5.518571428571428,-0.0124197261601842,163.01,0.0128865979381442,165.06,-0.0123636363636363,162.96,0.0040505410797413,166.08,0.0054485554992396,158.7,163.85399999999998,1.0789253913067396,0.17018492555253625,165.06,162.96,163.276,2.733891000017677,0.22529232205985833,166.08,157.77,160.73250000000002,3.454069872515336,0.24756836180537345,166.08,155.11,160.0726,3.5459081390543394,0.24116275084275385,168.23,154.76,2,4,2,1.015600454164431,1.0197872715191747,0.019480519480400187,-0.006753878916904359,162.13,-0.006799803969615326
2021-04-08,AAPL,163.72,164.6,159.66,162.13,82822992,162.13,-0.0067998039696153,160.8965,160.1374,182.01965,0.2339525140787283,167.7721267465537,154.0208732534463,57.24054703132068,0.9380234728888581,0.6309412503524283,0.3070822225364298,5.4992857142857146,0.001410956383044,163.24,-0.0124197261601842,163.01,0.0128865979381442,165.06,-0.0065028901734104,165.0,-0.0058601134215499,157.77,163.28,1.0802545996228543,0.17053890832698673,165.06,162.13,163.71200000000002,2.010079047638596,0.22636387987755327,166.08,159.33,160.8965,3.437813373276859,0.23395251407872752,166.08,155.11,160.13739999999999,3.553452365557371,0.23866588468974684,168.23,154.76,3,4,2,1.0076664190892426,1.0124430645120224,0.03046937642613661,-0.009711702907343585,163.35,0.007524825757108555
2021-04-09,AAPL,164.63,164.63,162.2,163.35,92230807,163.35,0.0075248257571085,161.08,160.2002,181.9034,0.2346284358749497,168.01456635459968,154.14543364540037,68.18181813969346,0.9325945244922025,0.6912719051803832,0.2413226193118193,5.263571428571429,-0.0067998039696153,162.13,0.001410956383044,163.24,-0.0124197261601842,163.01,-0.0123636363636363,162.96,0.009887811370983,159.33,163.358,1.065349707845431,0.16340147160143195,165.06,162.13,164.11399999999998,1.3197996480864977,0.22460203003486118,166.08,162.13,161.08,3.4672831772998327,0.23462843587494892,166.08,155.11,160.2002,3.5823903147684093,0.23854087025115875,168.23,154.76,4,4,2,1.0140923764526069,1.0196616483561216,0.014876033057760214,-0.007775010629850126,164.23,0.005387205387205274
2021-04-12,AAPL,163.81,166.31,162.14,164.23,86371485,164.23,0.0053872053872052,161.33100000000002,160.20940000000002,181.76525,0.2345215278604322,168.34353884500194,154.3184611549981,65.35319553508191,0.9879126472641815,0.7506000535971429,0.2373125936670386,5.212857142857144,0.0075248257571085,163.35,-0.0067998039696153,162.13,0.001410956383044,163.24,0.0128865979381442,165.06,0.0349588903533546,164.9,163.19199999999998,0.7526087961260596,0.133602514106512,164.23,162.13,164.047,1.2921820477094326,0.13736650712950313,166.08,162.13,161.33100000000002,3.5062694225009703,0.23452152786043146,166.08,155.11,160.20940000000002,3.5923219766152683,0.2335998909098688,168.23,154.76,0,4,2,1.0179692681442625,1.0250959057269728,0.02539121963085079,0.0025639460350248677,166.86,0.01601412652986678
2021-04-13,AAPL,165.84,169.32,164.4,166.86,97956453,166.86,0.0160141265298667,161.611,160.3894,181.6228,0.2367663364272007,169.04607165576397,154.175928344236,68.06908764601565,1.229795362857402,0.8464391154491948,0.3833562474082073,5.319285714285717,0.0053872053872052,164.23,0.0075248257571085,163.35,-0.0067998039696153,162.13,-0.0124197261601842,163.01,0.0030927835051546,165.41,163.962,1.7834152629173081,0.13270280864482517,166.86,162.13,164.192,1.5228832303599387,0.15995320931409754,166.86,162.13,161.611,3.717535827881993,0.23676633642719996,166.86,155.11,160.3894,3.696178064665426,0.2209617098251444,168.23,154.76,1,4,2,1.0324792247988537,1.040343065058911,0.029485796475910955,0.006150506512263988,165.64,-0.007311518638379644
2021-04-14,AAPL,165.61,168.63,162.66,165.64,142729169,165.64,-0.0073115186383796,162.09050000000002,160.5814,181.48075,0.2032385103611343,169.24725749866974,154.9337425013303,67.20594661386593,1.3079679136742186,0.9387448750941996,0.36922303858001904,5.4371428571428595,0.0160141265298667,166.86,0.0053872053872052,164.23,0.0075248257571085,163.35,0.001410956383044,163.24,0.0040505410797413,166.08,164.44199999999998,1.8617652913314433,0.15832722845514238,166.86,162.13,164.148,1.4676269583470605,0.16384633453181185,166.86,162.13,162.09050000000002,3.578378749334866,0.20323851036113355,166.86,155.11,160.5814,3.7149263238772723,0.2199120790431252,168.23,154.76,2,4,2,1.0218982605333322,1.031501780399028,0.03604201883581235,0.00018114848137063924,165.03,-0.0036826853417047944
2021-04-15,AAPL,165.83,168.99,161.07,165.03,100410613,165.03,-0.0036826853417047,162.509,160.733,181.35995,0.2046017731613381,169.2981334227283,155.71986657727166,63.001824777279786,1.3056476282609424,1.012125425727548,0.29352220253339434,5.536428571428575,-0.0073115186383796,165.64,0.0160141265298667,166.86,0.0053872053872052,164.23,-0.0067998039696153,162.13,-0.0065028901734104,165.0,165.022,1.340063431336938,0.14738664506020022,166.86,163.35,164.151,1.4695914020118126,0.16141056987615818,166.86,162.13,162.509,3.394566711364167,0.20460177316133732,166.86,155.11,160.733,3.739116041995726,0.21946096115201635,168.23,154.76,3,4,2,1.0155129869667803,1.0267337758828199,0.04799127431347043,-0.004824217572183484,162.68,-0.014239835181482086
2021-04-16,AAPL,162.66,165.45,159.91,162.68,52570989,162.68,-0.014239835181482,162.7165,160.846,181.20765,0.2099308979822882,169.242145844224,156.19085415577598,44.06417109000546,1.1014861781136744,1.0299975762047733,0.07148860190890116,5.333571428571432,-0.0036826853417047,165.03,-0.0073115186383796,165.64,0.0160141265298667,166.86,0.0075248257571085,163.35,-0.0123636363636363,162.96,164.888,1.5638638048137317,0.18653892372366035,166.86,162.68,164.123,1.4972125953029156,0.16567402301939047,166.86,162.13,162.7165,3.2628229221120084,0.20993089798228734,166.86,155.11,160.846,3.7101861991890175,0.2219880747161839,168.23,154.76,4,4,2,0.9997756834678735,1.0114022108040523,0.03405458568948818,0.00012295585884598105,161.66,-0.00626997787066641
2021-04-19,AAPL,161.6,164.87,158.44,161.66,137972139,161.66,-0.0062699778706664,163.044,160.92,181.0516,0.1941803764261914,168.53823583116417,157.54976416883585,40.23945858597858,0.8476105555981235,0.9935201720834433,-0.14590961648531986,5.252857142857146,-0.014239835181482,162.68,-0.0036826853417047,165.03,-0.0073115186383796,165.64,0.0053872053872052,164.23,0.0128865979381442,165.06,164.374,2.1475986589692146,0.18057399433333998,166.86,161.66,163.78300000000002,1.6400274387881253,0.15079578395133503,166.86,161.66,163.044,2.7471179155820837,0.1941803764261906,166.86,157.77,160.92,3.6882837112529003,0.2222294058845593,168.23,154.76,0,4,2,0.9915114938238051,1.0045985582835908,0.039774836075468466,0.0003712871287105878,162.63,0.006000247432883743
2021-04-20,AAPL,163.73,165.09,160.17,162.63,154203392,162.63,0.0060002474328837,163.2835,161.041,180.882,0.1861300551174406,168.21095381030187,158.35604618969813,41.15838028825129,0.7164246911703174,0.9381010759008183,-0.22167638473050089,5.275000000000006,-0.0062699778706664,161.66,-0.014239835181482,162.68,-0.0036826853417047,165.03,0.0160141265298667,166.86,-0.0124197261601842,163.01,163.528,1.7125624076237802,0.11638854252278509,165.64,161.66,163.745,1.6641531045950877,0.14346196008859377,166.86,161.66,163.2835,2.4637269051509296,0.1861300551174399,166.86,157.77,161.041,3.6419462446580937,0.22152076718647495,168.23,154.76,1,4,2,0.9959977584936874,1.0098670524834679,0.030252720900016992,-0.006718377817096904,164.54,0.01174445059337148
2021-04-21,AAPL,164.08,167.45,161.63,164.54,282265841,164.54,0.0117444505933714,163.5755,161.195,180.74485,0.1891907830190703,168.0286265184699,159.1223734815301,48.86922317186974,0.7578440316764841,0.9020496670559515,-0.1442056353794674,5.286428571428575,0.0060002474328837,162.63,-0.0062699778706664,161.66,-0.014239835181482,162.68,-0.0073115186383796,165.64,0.001410956383044,163.24,163.308,1.4188974592993386,0.16291065546096048,165.03,161.66,163.875,1.6710824834952525,0.15557152099593427,166.86,161.66,163.5755,2.226563259234948,0.1891907830190695,166.86,157.77,161.195,3.6234318212524594,0.22286231507404405,168.23,154.76,2,4,2,1.0058963597787818,1.02075126399069,0.035371338276191946,0.0028035104826741593,162.33,-0.013431384465783291
2021-04-22,AAPL,163.5,163.5,161.29,162.33,51040989,162.33,-0.0134313844657832,163.8035,161.311,180.6049,0.1951128483439384,167.38714280997695,160.21985719002308,48.46416378944427,0.6053623864129349,0.8427122109273482,-0.23734982451441322,5.107857142857147,0.0117444505933714,164.54,0.0060002474328837,162.63,-0.0062699778706664,161.66,-0.0036826853417047,165.03,-0.0067998039696153,162.13,162.768,1.0707800894702844,0.1851197325545861,164.54,161.66,163.895,1.6489272607028829,0.16776977852516317,166.86,161.66,163.8035,1.7918214049884678,0.19511284834393755,166.86,159.33,161.311,3.563381935230372,0.2251358986492972,168.23,154.76,3,4,2,0.9910044657104946,1.006316990155623,0.013614242592166535,-0.00715596330270845,164.52,0.01349103677693586
2021-04-23,AAPL,164.21,166.18,162.86,164.52,88162300,164.52,0.0134910367769358,164.06300000000002,161.4144,180.4755,0.197571817312425,166.9705661733926,161.15543382660744,48.68932035525971,0.6536988479709578,0.8049095383360702,-0.15121069036511237,4.985714285714288,-0.0134313844657832,162.33,0.0117444505933714,164.54,0.0060002474328837,162.63,-0.014239835181482,162.68,0.0075248257571085,163.35,163.13600000000002,1.3201249940842956,0.1859841928816357,164.54,161.66,164.012,1.6474680910685895,0.17748191399636531,166.86,161.66,164.06300000000002,1.453783086696291,0.19757181731242415,166.86,161.66,161.4144,3.5802873901291767,0.22358303831213197,168.23,154.76,4,4,2,1.002785515314222,1.019239919108709,0.020179917335155687,0.0018878265635351955,167.96,0.020909311937758357
2021-04-26,AAPL,167.38,170.01,165.9,167.96,34785031,167.96,0.0209093119377583,164.216,161.5734,180.3623,0.1706403699387127,167.59313924405097,160.83886075594904,61.25511592280258,0.9585356899555109,0.8356347686599583,0.12290092129555252,4.9335714285714305,0.0134910367769358,164.52,-0.0134313844657832,162.33,0.0117444505933714,164.54,-0.0062699778706664,161.66,0.0053872053872052,164.23,164.39600000000002,2.2430626384490977,0.2060317644985781,167.96,162.33,164.38500000000002,2.070299226891413,0.20392331211538783,167.96,161.66,164.216,1.6885696220254798,0.17064036993871173,167.96,161.66,161.5734,3.6914488113111146,0.2280213969230309,168.23,154.76,0,4,2,1.0227992400191042,1.0395275459881421,0.024470111931266463,0.003465169076332581,169.06,0.006549178375803821
2021-04-27,AAPL,168.9,171.5,166.62,169.06,99811788,169.06,0.0065491783758038,164.3985,161.737,180.2607,0.1716475362158969,168.38655202415828,160.41044797584175,62.72965875423378,1.2741937776647205,0.9233465704609108,0.3508472072038097,5.055000000000001,0.0209093119377583,167.96,0.0134910367769358,164.52,-0.0134313844657832,162.33,0.0060002474328837,162.63,0.0160141265298667,166.86,165.68200000000002,2.760909270513314,0.20577598322994115,169.06,162.33,164.605,2.445432249903339,0.1912723981320942,169.06,161.66,164.3985,1.9940260120791362,0.1716475362158959,169.06,161.66,161.737,3.838428276346023,0.22814452861820742,169.06,154.76,1,4,2,1.028354881577214,1.0452772092901113,0.0288654915412938,0.0009473060982773788,173.95,0.02892464213888557
2021-04-28,AAPL,174.86,174.97,172.92,173.95,64247737,173.95,0.0289246421388855,164.79199999999997,162.0172,180.17435,0.197925081528647,170.61126962319085,158.9727303768091,72.18468464674979,1.897068988517617,1.1180910540722522,0.7789779344453649,5.1242857142857146,0.0065491783758038,169.06,0.0209093119377583,167.96,0.0134910367769358,164.52,0.0117444505933714,164.54,-0.0073115186383796,165.64,167.56400000000002,4.467564213305334,0.25621211744886735,173.95,162.33,165.436,3.8466932408066796,0.22813490423057695,173.95,161.66,164.79199999999997,2.909634811595433,0.19792508152864602,173.95,161.66,162.0172,4.198993096018118,0.23592721499319716,173.95,154.76,2,4,2,1.0555730860657342,1.0736514394701695,0.011784995688348529,-0.005204163330634913,172.0,-0.011210117849956847
2021-04-29,AAPL,170.71,173.34,170.65,172.0,172673918,172.0,-0.0112101178499568,165.142,162.2806,180.09315000000004,0.2014052502428551,171.79609284418018,158.4879071558198,65.80197292944001,2.2079020569805152,1.3360532546539048,0.8718488023266104,5.181428571428571,0.0289246421388855,173.95,0.0065491783758038,169.06,0.0209093119377583,167.96,-0.0134313844657832,162.33,-0.0036826853417047,165.03,169.498,3.6543836689661817,0.2428471059099358,173.95,164.52,166.133,4.361913570897449,0.23902568463873042,173.95,161.66,165.142,3.3270464220900986,0.2014052502428541,173.95,161.66,162.2806,4.403094185702019,0.23693232090941463,173.95,154.76,3,4,2,1.0415278971973119,1.0598925564666395,0.015639534883629992,0.007556675062927979,168.87,-0.018197674418604648
2021-04-30,AAPL,167.85,170.65,167.09,168.87,58684793,168.87,-0.0181976744186046,165.4375,162.501,179.99794999999995,0.2079419997955877,172.2074953354583,158.6675046645417,57.83254554997789,2.176584352135393,1.5041594741502025,0.6724248779851905,5.234285714285712,-0.0112101178499568,172.0,0.0289246421388855,173.95,0.0065491783758038,169.06,0.0134910367769358,164.52,-0.014239835181482,162.68,170.368,2.512343527467302,0.320257552712842,173.95,167.96,166.752,4.255362107582195,0.24824458192222595,173.95,161.66,165.4375,3.3849976677291567,0.20794199979558678,173.95,161.66,162.501,4.452323057937798,0.24049965385400726,173.95,154.76,4,4,2,1.0207480166164218,1.039193604956036,0.02108130514584545,0.006076854334190846,164.48,-0.025996328536744273
2021-05-03,AAPL,165.97,168.5,160.46,164.48,40705101,164.48,-0.0259963285367442,165.4085,162.6138,179.8788,0.2256560303264744,172.19026277348388,158.62673722651613,46.20777563266698,1.777043878514462,1.5587363550230546,0.21830752349140736,5.471428571428569,-0.0181976744186046,168.87,-0.0112101178499568,172.0,0.0289246421388855,173.95,0.0209093119377583,167.96,-0.0062699778706664,161.66,169.672,3.5949784422172604,0.3489427062582255,173.95,164.48,167.034,3.9638819356761736,0.28742266253286947,173.95,162.33,165.4085,3.3908813867419343,0.2256560303264735,173.95,161.66,162.6138,4.429062594882517,0.24797547331362754,173.95,154.76,0,5,2,0.9943866246233151,1.0114762707653873,0.048881322956901216,-0.008977526058872276,168.27,0.02304231517509736
2021-05-04,AAPL,167.18,170.23,166.31,168.27,66255676,168.27,0.0230423151750973,165.6715,162.82119999999998,179.771,0.2348580388857775,172.46957178544193,158.8734282145581,53.873343129477895,1.7460985629594745,1.5962087966103389,0.14988976634913564,5.455714285714284,-0.0259963285367442,164.48,-0.0181976744186046,168.87,-0.0112101178499568,172.0,0.0065491783758038,169.06,0.0060002474328837,162.63,169.51399999999998,3.645604202324606,0.3966921349940183,173.95,164.48,167.598,3.656998769480272,0.30637304881868804,173.95,162.33,165.6715,3.3990358927209603,0.23485803888577658,173.95,161.66,162.82119999999998,4.446588070575851,0.2524133674754174,173.95,154.76,1,5,2,1.0156846530573111,1.0334649296219816,0.023295893504348318,0.006519918650517308,169.99,0.010221667558091063
2021-05-05,AAPL,170.22,172.48,167.5,169.99,36300500,169.99,0.010221667558091,166.009,163.0482,179.6613,0.2367921307720268,172.96713919468792,159.05086080531206,57.073588111836,1.839163075696007,1.6447996524274724,0.1943634232685345,5.245714285714281,0.0230423151750973,168.27,-0.0259963285367442,164.48,-0.0181976744186046,168.87,0.0289246421388855,173.95,0.0117444505933714,164.54,168.722,2.7646826219309193,0.32436332117616745,172.0,164.48,168.143,3.555321676332926,0.3053307500246711,173.95,162.33,166.009,3.479069597343962,0.23679213077202582,173.95,161.66,163.0482,4.5179188318769405,0.2530893455155759,173.95,154.76,2,5,2,1.0239806275501693,1.0425751403508743,0.02929584093164712,-0.0013511925743075936,169.9,-0.0005294429084063967
2021-05-06,AAPL,170.17,171.42,168.39,169.9,108036206,169.9,-0.0005294429084063,166.3975,163.172,179.56685,0.2346913776856267,173.31124184619367,159.48375815380635,61.00609753493643,1.883938257176851,1.6926273733773483,0.19131088379950278,5.066428571428568,0.010221667558091,169.99,0.0230423151750973,168.27,-0.0259963285367442,164.48,-0.0112101178499568,172.0,-0.0134313844657832,162.33,168.302,2.2546773605123196,0.3191142988909933,169.99,164.48,168.9,2.931218934918617,0.2919571418434118,173.95,164.48,166.3975,3.4568709230968304,0.23469137768562573,173.95,161.66,163.172,4.6200777447297,0.2433063933256097,173.95,154.76,3,5,2,1.0210489941193766,1.0412325644041796,0.01783402001166667,-0.0015866486454627442,170.68,0.004590935844614563
2021-05-07,AAPL,170.64,173.61,167.74,170.68,35022594,170.68,0.0045909358446145,166.76399999999998,163.2672,179.4975,0.2340797231878681,173.77399707185296,159.754002928147,63.851351323896864,1.959771367941869,1.7460561722902526,0.21371519565161634,5.026428571428568,-0.0005294429084063,169.9,0.010221667558091,169.99,0.0230423151750973,168.27,-0.0181976744186046,168.87,0.0134910367769358,164.52,168.66400000000002,2.5005659359446644,0.2869431973560524,170.68,164.48,169.516,2.5280172291921676,0.2878607377246555,173.95,164.48,166.76399999999998,3.5049985359264944,0.23407972318786724,173.95,161.66,163.2672,4.725692278407875,0.24174286578118354,173.95,154.76,4,5,2,1.0234822863386375,1.0454028733202665,0.034391844386955785,0.00023441162681543635,167.88,-0.016404968361846795
2021-05-10,AAPL,168.36,169.66,166.09,167.88,80915845,167.88,-0.0164049683618467,166.9465,163.32139999999998,179.39595,0.2428839460618121,173.86821951560088,160.0247804843991,57.63303283492694,1.7734893736074184,1.7515428125536858,0.021946561053732605,5.002857142857138,0.0045909358446145,170.68,-0.0005294429084063,169.9,0.010221667558091,169.99,-0.0259963285367442,164.48,0.0209093119377583,167.96,169.344,1.2050020746898418,0.2298211611353473,170.68,167.88,169.50799999999998,2.5336087569541323,0.28681557821427495,173.95,164.48,166.9465,3.460859757800445,0.24288394606181113,173.95,161.66,163.32139999999998,4.763352022451799,0.24451407883804166,173.95,154.76,0,5,2,1.0055916116779593,1.0279118351849306,0.021265189420888304,-0.0028510334996267946,174.21,0.037705503931379614
2021-05-11,AAPL,173.27,175.8,172.62,174.21,34844730,174.21,0.0377055039313796,167.31400000000002,163.44099999999997,179.32105,0.2709961063490587,174.95906417996656,159.66893582003348,62.45812932557554,2.11228850199376,1.8236919504417006,0.2885965515520592,5.1528571428571395,-0.0164049683618467,167.88,0.0045909358446145,170.68,-0.0005294429084063,169.9,0.0230423151750973,168.27,0.0065491783758038,169.06,170.532,2.3062892273101587,0.313840628234917,174.21,167.88,170.023,2.9255276826931293,0.3434809669795182,174.21,164.48,167.31400000000002,3.8225320899832638,0.27099610634905785,174.21,161.66,163.44099999999997,4.960123949241236,0.25535973686607344,174.21,154.76,1,5,2,1.041215917370685,1.0658892199566459,0.018253831582468016,0.005425059156198838,174.6,0.0022386774582399127
2021-05-12,AAPL,174.79,177.28,171.93,174.6,70379886,174.6,0.0022386774582399,167.762,163.58780000000002,179.25834999999998,0.2686156856183059,176.0195989883651,159.5044010116349,66.58556364065427,2.3847688618178893,1.9359073327169385,0.4488615291009508,5.30285714285714,0.0377055039313796,174.21,-0.0164049683618467,167.88,0.0045909358446145,170.68,0.010221667558091,169.99,0.0289246421388855,173.95,171.454,2.884454887843965,0.31398204500823207,174.6,167.88,170.088,3.027902831257503,0.3122559089907246,174.6,164.48,167.762,4.128799494182551,0.26861568561830507,174.6,161.66,163.58780000000002,5.179235736701533,0.25492908702862027,174.6,154.76,2,5,2,1.0407601244558318,1.067316755888475,0.030641466208300994,-0.0010870187081578506,174.95,0.002004581901489111
2021-05-13,AAPL,174.5,175.84,174.06,174.95,154373948,174.95,0.0020045819014891,168.25799999999998,163.8414,179.17504999999997,0.2675594289566327,177.00203158852185,159.51396841147812,64.83641533690724,2.5989940000069396,2.068524666174939,0.5304693338320008,5.154999999999997,0.0022386774582399,174.6,0.0377055039313796,174.21,-0.0164049683618467,167.88,-0.0005294429084063,169.9,-0.0112101178499568,172.0,172.464,3.0816764917828396,0.31141098706637366,174.95,167.88,170.38299999999998,3.3603374499831937,0.3052941921867601,174.95,164.48,168.25799999999998,4.372015794260935,0.26755942895663193,174.95,161.66,163.8414,5.418311737214129,0.2449593233436203,174.95,154.76,3,5,2,1.0397722545077217,1.067800934311671,0.010174335524377406,0.0025787965615897412,176.92,0.011260360102886446
2021-05-14,AAPL,177.5,177.84,176.01,176.92,92414675,176.92,0.0112603601028864,168.96999999999997,164.18200000000002,179.09960000000004,0.2609237342448809,178.11161335524838,159.82838664475156,63.30166268152541,2.894367039898583,2.2336931409196676,0.6606738989789154,4.969285714285713,0.0020045819014891,174.95,0.0022386774582399,174.6,0.0377055039313796,174.21,0.0045909358446145,170.68,-0.0181976744186046,168.87,173.712,3.4231812689378676,0.31306853680744906,176.92,167.88,171.18800000000002,3.881433870217431,0.2863074153739819,176.92,164.48,168.96999999999997,4.570806677624205,0.2609237342448801,176.92,161.66,164.18200000000002,5.693144463084593,0.2430001218500436,176.92,154.76,4,5,2,1.0470497721427057,1.0775846316826594,0.010343658150518138,-0.0032676056337844787,178.27,0.007630567488130291
2021-05-17,AAPL,176.99,179.94,176.59,178.27,56635114,178.27,0.0076305674881302,169.8005,164.637,179.01345,0.2580823638473705,179.1612522752131,160.4397477247869,63.572060097553525,3.200492731666685,2.4270530590690713,0.7734396725976138,4.859999999999999,0.0112603601028864,176.92,0.0020045819014891,174.95,0.0022386774582399,174.6,-0.0164049683618467,167.88,-0.0259963285367442,164.48,175.79000000000002,1.7353241772093349,0.23484921045067694,178.27,174.21,172.567,3.677722876392188,0.2290184150030524,178.27,167.88,169.8005,4.6803761376065385,0.2580823638473696,178.27,162.33,164.637,5.8923559094190034,0.23369039720792545,178.27,154.76,0,5,2,1.0498791228468123,1.082806416534055,0.0187917204239704,0.007232047008264699,178.93,0.003702249396982049
2021-05-18,AAPL,179.18,179.95,177.9,178.93,79007693,178.93,0.003702249396982,170.6155,165.12040000000002,178.92925,0.258096355539141,180.18364556085425,161.04735443914578,58.3838383563174,3.4565115188734126,2.6329447510299397,0.8235667678434728,4.584285714285713,0.0076305674881302,178.27,0.0112603601028864,176.92,0.0020045819014891,174.95,0.0377055039313796,174.21,0.0230423151750973,168.27,176.73399999999998,1.9334502838209655,0.06335852117549974,178.93,174.6,173.63299999999998,3.8353735150547483,0.21394940608309174,178.93,167.88,170.6155,4.784072780427111,0.25809635553914023,178.93,162.33,165.12040000000002,6.054723222916319,0.23302442108159438,178.93,154.85,1,5,2,1.0487323836284002,1.0836335183230925,0.011456994355270363,-0.0013952450050150951,176.88,-0.011456994355334538
2021-05-19,AAPL,175.76,178.14,175.61,176.88,80578622,176.88,-0.0114569943553345,171.2325,165.56100000000004,178.80375,0.263042857356866,180.7423638542476,161.7226361457524,58.18791943575062,3.4541728305724178,2.7971903669384353,0.6569824636339825,4.5857142857142845,0.003702249396982,178.93,0.0076305674881302,178.27,0.0112603601028864,176.92,0.0022386774582399,174.6,0.010221667558091,169.99,177.19,1.5313882590667287,0.13735647841156906,178.93,174.95,174.322,3.725515027778841,0.2297523238020072,178.93,167.88,171.2325,4.754931927123785,0.26304285735686517,178.93,162.33,165.56100000000004,6.093530610912048,0.23522700718029319,178.93,155.11,2,5,2,1.0329814725532072,1.0683675503224286,0.014303482586983659,0.006372325898916889,178.19,0.007406151062867572
2021-05-20,AAPL,177.4,180.29,176.09,178.19,96648315,178.19,0.0074061510628675,172.0255,165.9478,178.6575,0.2552731695548149,181.041900203606,163.00909979639405,66.65475336193109,3.517478156483918,2.9412479248475316,0.5762302316363863,4.534999999999998,-0.0114569943553345,176.88,0.003702249396982,178.93,0.0076305674881302,178.27,0.0020045819014891,174.95,-0.0005294429084063,169.9,177.83800000000002,0.9032552241794636,0.14111314400397787,178.93,176.88,175.151,3.550431742132178,0.2287515288570449,178.93,167.88,172.0255,4.508200101802985,0.25527316955481416,178.93,164.48,165.9478,6.270107342114038,0.2295047840605245,178.93,155.11,3,5,2,1.0358348035550786,1.073771390756167,0.023570346259478188,0.004453213077765157,183.36,0.02901397384813964
2021-05-21,AAPL,182.32,187.22,179.5,183.36,46306543,183.36,0.0290139738481396,172.9675,166.4214,178.5406,0.2679209208679557,182.5979842202142,163.33701577978582,82.82336574549623,3.939412777565792,3.1408808953911835,0.7985318821746086,4.579285714285713,0.0074061510628675,178.19,-0.0114569943553345,176.88,0.003702249396982,178.93,0.0112603601028864,176.92,0.0045909358446145,170.68,179.12600000000003,2.480852675998235,0.22954691003787928,183.36,176.88,176.41899999999998,4.010675892053098,0.25880522043413967,183.36,167.88,172.9675,4.815242110107086,0.267920920867955,183.36,164.48,166.4214,6.668663547533628,0.23709758073856582,183.36,155.11,4,5,2,1.0600835416996832,1.101781381474367,0.04210296684095711,0.005704256252711257,187.16,0.020724258289703146
2021-05-24,AAPL,185.97,190.23,184.08,187.16,101398017,187.16,0.0207242582897031,173.92749999999998,166.9804,178.4272,0.2677811699246984,185.15213995437117,162.70286004562882,82.82933607370134,4.528228645620629,3.418350445437073,1.1098782001835565,4.659285714285711,0.0290139738481396,183.36,0.0074061510628675,178.19,-0.0114569943553345,176.88,0.0076305674881302,178.27,-0.0164049683618467,167.88,180.90400000000002,4.261001056090894,0.24888812755993914,187.16,176.88,178.347,4.083196052112328,0.22893512427367438,187.16,174.21,173.92749999999998,5.6123199771855825,0.2677811699246977,187.16,164.48,166.9804,7.2019608894426055,0.24004419473723318,187.16,155.11,0,5,2,1.0760805507980276,1.1208501117429301,0.032859585381316087,0.006398881539998918,191.75,0.024524471040820783
2021-05-25,AAPL,193.0,194.67,188.82,191.75,27119959,191.75,0.0245244710408207,175.06199999999998,167.5902,178.32615,0.276132482682888,188.5696720500065,161.5543279499935,84.38685204862776,5.304101720072481,3.7955007003641548,1.5086010197083262,4.839999999999997,0.0207242582897031,187.16,0.0290139738481396,183.36,0.0074061510628675,178.19,0.003702249396982,178.93,0.0377055039313796,174.21,183.46800000000002,6.19461621087279,0.25998935113707367,191.75,176.88,180.101,5.595761193378423,0.19259832389165127,191.75,174.6,175.06199999999998,6.753836025003233,0.2761324826828872,191.75,164.48,167.5902,7.958772720997219,0.24381591554583373,191.75,155.11,1,5,2,1.0953262272732216,1.1441599807080356,0.030508474576112055,-0.006476683937790276,190.35,-0.0073011734028683994
2021-05-26,AAPL,189.53,192.42,188.28,190.35,62182450,190.35,-0.0073011734028683,175.882,168.2762,178.19575,0.2668274471995812,191.0005499165411,160.7634500834589,81.03186642991052,5.739852969627975,4.184371154216919,1.5554818154110563,4.919285714285711,0.0245244710408207,191.75,0.0207242582897031,187.16,0.0290139738481396,183.36,-0.0114569943553345,176.88,0.0022386774582399,174.6,186.16199999999998,5.50375053940567,0.23476071332831722,191.75,178.19,181.676,6.071679613856503,0.20826951230349253,191.75,174.95,175.882,7.559274958270549,0.26682744719958046,191.75,164.48,168.2762,8.40925580681724,0.23101044121611172,191.75,155.11,2,5,2,1.0822596968360476,1.131176007057854,0.021749408983337208,0.00432649184823335,187.61,-0.01439453638035193
2021-05-27,AAPL,189.21,192.04,183.17,187.61,65806399,187.61,-0.0143945363803519,176.6625,168.89520000000002,178.06685000000002,0.2695630623236403,192.5303926070688,160.79460739293117,74.2480664268269,5.797266592845176,4.506950241942571,1.2903163509026054,5.1335714285714245,-0.0073011734028683,190.35,0.0245244710408207,191.75,0.0207242582897031,187.16,0.0074061510628675,178.19,0.0020045819014891,174.95,188.046,3.238893329519887,0.31556023098026775,191.75,183.36,182.942,5.828410875472083,0.2373787848177442,191.75,176.88,176.6625,7.933946303534411,0.26956306232363947,191.75,164.48,168.89520000000002,8.67175246276725,0.23470710373083936,191.75,155.11,3,5,2,1.0619684426459381,1.110807175093722,0.0472789296943272,-0.008456212673704023,187.32,-0.0015457598209052126
2021-05-28,AAPL,189.08,189.74,184.89,187.32,103064743,187.32,-0.0015457598209052,177.58499999999998,169.47100000000003,177.9251,0.2571710121795049,193.6888844611117,161.48111553888825,79.99999996543207,5.753049156985782,4.7561700249512135,0.996879132034568,5.152142857142855,-0.0143945363803519,187.61,-0.0073011734028683,190.35,0.0245244710408207,191.75,0.0290139738481396,183.36,0.0112603601028864,176.92,188.83800000000002,2.0852985397799855,0.274608322006187,191.75,187.16,183.982,5.555975361915372,0.23980340464784236,191.75,176.88,177.58499999999998,8.051942230555861,0.2571710121795041,191.75,164.48,169.47100000000003,8.92168174180409,0.23423053592363918,191.75,155.11,4,5,2,1.0548188191510837,1.1053218544700547,0.02589152252815573,-0.009308229320873234,187.54,0.0011744608157164826
2021-05-31,AAPL,187.8,188.8,186.27,187.54,80727474,187.54,0.0011744608157164,178.738,170.1196,177.76685,0.2299274372455297,194.1796696670164,163.29633033298362,75.3518447677852,5.670393910577616,4.939014802076494,0.7313791085011214,4.767142857142853,-0.0015457598209052,187.32,-0.0143945363803519,187.61,-0.0073011734028683,190.35,0.0207242582897031,187.16,0.0076305674881302,178.27,188.914,2.014579360563526,0.23337691632409716,191.75,187.32,184.909,5.262644983486072,0.24063494593825516,191.75,176.88,178.738,7.7208348335081896,0.22992743724552894,191.75,167.88,170.1196,9.034446768240038,0.2271944167360584,191.75,157.77,0,5,2,1.049245264011854,1.10240089912566,0.013490455369449242,-0.001384451544188684,190.7,0.016849738722405805
2021-06-01,AAPL,189.34,194.01,187.4,190.7,45595152,190.7,0.0168497387224058,179.85949999999997,170.7768,177.65255000000002,0.2250824187191916,195.35802077831224,164.3609792216877,77.70130760193325,5.793095425094521,5.1098309266801,0.6832644984144203,4.857142857142853,0.0011744608157164,187.54,-0.0015457598209052,187.32,-0.0143945363803519,187.61,0.0245244710408207,191.75,0.003702249396982,178.93,188.704,1.6703682228803678,0.18491387217566735,190.7,187.32,186.08599999999998,5.090217633416578,0.24732505897512003,191.75,176.88,179.85949999999997,7.749260389156137,0.2250824187191909,191.75,167.88,170.7768,9.313813406079426,0.2269678184418788,191.75,157.77,1,6,2,1.0602720456742054,1.116662216406932,0.03466177241722771,0.007182845674410069,185.99,-0.024698479286837882
2021-06-02,AAPL,185.52,187.34,184.63,185.99,53948472,185.99,-0.0246984792868378,180.6595,171.3226,177.53314999999998,0.2499192196136529,195.65666250354985,165.6623374964502,66.51705562743155,5.447484413105258,5.177361623965131,0.27012278914012633,5.163571428571424,0.0168497387224058,190.7,0.0011744608157164,187.54,-0.0015457598209052,187.32,-0.0073011734028683,190.35,-0.0114569943553345,176.88,187.83200000000002,1.7331387711341506,0.2513261207633365,190.7,185.99,186.997,3.9461994374321714,0.2808973143582813,191.75,178.19,180.6595,7.498581251774912,0.2499192196136522,191.75,167.88,171.3226,9.390949140268066,0.2358206639717737,191.75,157.77,2,6,2,1.0295057829727776,1.085612756279174,0.014570675842708948,0.0025334195773903914,190.37,0.023549653207161736
2021-06-03,AAPL,191.5,192.63,188.1,190.37,86617219,190.37,0.0235496532071617,181.683,171.97460000000004,177.46689999999998,0.2578236023388713,196.379377068766,166.98662293123397,68.76918780455574,5.464028669659513,5.234695033104009,0.22933363655550387,5.431428571428564,-0.0246984792868378,185.99,0.0168497387224058,190.7,0.0011744608157164,187.54,-0.0143945363803519,187.61,0.0074061510628675,178.19,188.384,2.0544902044080104,0.29754477956456343,190.7,185.99,188.21499999999997,2.56322388149325,0.29578286079504024,191.75,183.36,181.683,7.348188534383017,0.25782360233887064,191.75,167.88,171.97460000000004,9.560955508990586,0.23917340614691368,191.75,159.33,3,6,2,1.047814049740219,1.1069657961053145,0.02379576613949785,-0.005900783289786395,189.98,-0.0020486421179808367
2021-06-04,AAPL,189.48,192.86,187.1,189.98,77509437,189.98,-0.0020486421179808,182.648,172.5876,177.40245,0.2593192333411558,196.82783237967823,168.46816762032176,66.79093774203974,5.383611449926661,5.264478316468539,0.11913313345812249,5.603571428571423,0.0235496532071617,190.37,-0.0246984792868378,185.99,0.0168497387224058,190.7,-0.0015457598209052,187.32,0.0290139738481396,183.36,188.916,2.0544902044080207,0.29805679384184763,190.7,185.99,188.877,1.9520021060985702,0.27045016858244453,191.75,185.99,182.648,7.08991618983911,0.2593192333411551,191.75,167.88,172.5876,9.71502277876054,0.23913114393473814,191.75,161.66,4,6,2,1.0401427883084395,1.100774331405612,0.030318980945203185,0.0026388009288440006,188.83,-0.006053268765133013
2021-06-07,AAPL,187.27,193.08,184.59,188.83,63457918,188.83,-0.006053268765133,183.6955,173.06619999999998,177.32094999999998,0.2501651804171413,196.28830910093572,171.1026908990642,63.99886875294164,5.167516916518565,5.245086036478544,-0.07756911995997928,6.063571428571426,-0.0020486421179808,189.98,0.0235496532071617,190.37,-0.0246984792868378,185.99,0.0011744608157164,187.54,0.0207242582897031,187.16,189.174,1.9147401912553366,0.30512571283931567,190.7,185.99,189.044,1.8579570620537937,0.2562403636416591,191.75,185.99,183.69549999999998,6.29640455046788,0.25016518041714075,191.75,174.21,173.06619999999998,9.91593767422845,0.22901432954707096,191.75,161.66,0,6,2,1.0279511474095557,1.091085376572138,0.044961076099957885,0.008330218401194384,186.05,-0.014722236932690813
2021-06-08,AAPL,186.26,188.82,183.28,186.05,66002532,186.05,-0.0147222369326908,184.2875,173.47899999999998,177.2018,0.2305263399224978,196.09123870298723,172.48376129701276,62.704350211198125,4.717556619215742,5.139580153025984,-0.4220235338102425,6.2228571428571415,-0.006053268765133,188.83,-0.0020486421179808,189.98,0.0235496532071617,190.37,0.0168497387224058,190.7,0.0245244710408207,191.75,188.244,2.107790312153572,0.28697795605813436,190.37,185.99,188.474,1.8092552181589105,0.22974931156562822,190.7,185.99,184.2875,5.9018693514936125,0.23052633992249721,191.75,174.6,173.47899999999998,10.019783135459175,0.23237102384473923,191.75,161.66,1,6,2,1.009563860809824,1.0724641022770915,0.029776941682183367,-0.0011274562439538929,181.55,-0.024187046492878284
2021-06-09,AAPL,182.8,185.01,178.09,181.55,105688261,181.55,-0.0241870464928782,184.635,173.7884,177.05864999999997,0.2505000933460565,195.61862704928893,173.6513729507111,54.276985724035725,3.952287934785147,4.902121709377817,-0.9498337745926699,6.491428571428571,-0.0147222369326908,186.05,-0.006053268765133,188.83,-0.0020486421179808,189.98,-0.0246984792868378,185.99,-0.0073011734028683,190.35,187.356,3.6591501745635338,0.2847576393295228,190.37,181.55,187.594,2.7108637409896783,0.25320720670739943,190.7,181.55,184.63500000000002,5.491813524644461,0.25050009334605583,191.75,174.95,173.7884,10.025494106608017,0.23990154248524698,191.75,161.66,2,6,2,0.9832913586211538,1.044661208682256,0.038116221426394224,-0.006838074398212045,183.87,0.012778848801982878
2021-06-10,AAPL,184.95,188.44,179.3,183.87,65036562,183.87,0.0127788488019828,185.081,174.1658,176.90075000000002,0.253364968015921,195.08992212504612,175.07207787495383,50.69997253061213,3.4927493594074974,4.620247239383754,-1.1274978799762563,6.499285714285713,-0.0241870464928782,181.55,-0.0147222369326908,186.05,-0.006053268765133,188.83,0.0235496532071617,190.37,-0.0143945363803519,187.61,186.05599999999998,3.470429368249444,0.22046782001571866,189.98,181.55,187.22,2.9553755166534357,0.2604391151814912,190.7,181.55,185.081,5.0044610625230765,0.2533649680159203,191.75,176.88,174.1658,10.043067685254922,0.24033553151393458,191.75,161.66,3,6,2,0.9934569188571846,1.0557181719886701,0.04970903355604654,-0.005839416058362502,184.13,0.0014140425300483983
2021-06-11,AAPL,182.93,185.54,182.73,184.13,77230166,184.13,0.0014140425300483,185.4415,174.5892,176.76585,0.2513087846319343,194.7043432033853,176.17865679661475,45.39373667876216,3.1136493432636314,4.31892766015973,-1.2052783168960985,6.2092857142857145,0.0127788488019828,183.87,-0.0241870464928782,181.55,-0.0147222369326908,186.05,-0.0020486421179808,189.98,-0.0015457598209052,187.32,184.886,2.7222564170203043,0.22650308734494815,188.83,181.55,186.901,3.1114250040046745,0.2609720258452689,190.7,181.55,185.44150000000002,4.6314216016926295,0.25130878463193357,191.75,176.88,174.5892,10.007190443447548,0.23799726325792,191.75,161.66,4,6,2,0.992927688780597,1.0546471373884831,0.015260956932519098,0.0065598862952682925,180.66,-0.018845380980828774
2021-06-14,AAPL,181.29,182.56,178.77,180.66,190566510,180.66,-0.0188453809808287,185.561,174.90120000000002,176.6399,0.2609921126396927,194.48993557633213,176.63206442366788,32.54642743293512,2.504341360891516,3.9560104003060874,-1.4516690394145715,6.055714285714286,0.0014140425300483,184.13,0.0127788488019828,183.87,-0.0241870464928782,181.55,-0.006053268765133,188.83,0.0011744608157164,187.54,183.252,2.156204999532313,0.24369809330597159,186.05,180.66,186.21300000000002,3.6657121484842596,0.27404803964174024,190.7,180.66,185.561,4.4644677881660675,0.26099211263969196,191.75,176.88,174.90120000000002,9.947034147248614,0.24154840059548366,191.75,161.66,0,6,2,0.9735882001014567,1.0329260176543504,0.02097863389781365,-0.003475095151395667,177.25,-0.018875235248533184
2021-06-15,AAPL,176.26,179.53,174.96,177.25,45265881,177.25,-0.0188752352485331,185.477,175.18600000000004,176.49740000000003,0.2698110981463815,194.69551021186663,176.25848978813335,30.60982828808353,1.7264010173134636,3.5100885237075627,-1.7836875063940991,6.167142857142857,-0.0188453809808287,180.66,0.0014140425300483,184.13,0.0127788488019828,183.87,-0.0147222369326908,186.05,0.0168497387224058,190.7,181.49200000000002,2.7975024575517464,0.25179925995467634,184.13,177.25,184.868,4.256354204139955,0.25760465329751236,190.37,177.25,185.477,4.609255105933331,0.26981109814638077,191.75,176.88,175.18600000000004,9.802427437806855,0.24394235134346492,191.75,161.66,1,6,2,0.9556440960283181,1.011781763377143,0.025782792665580877,0.005616702598402318,176.42,-0.004682651622002876
2021-06-16,AAPL,175.42,178.79,174.05,176.42,38140989,176.42,-0.0046826516220028,185.454,175.44960000000003,176.34445,0.2671658637720042,194.764658069341,176.143341930659,32.444304974765544,1.0310186852530023,3.014274556016651,-1.9832558707636485,5.8721428571428556,-0.0188752352485331,177.25,-0.0188453809808287,180.66,0.0014140425300483,184.13,-0.0241870464928782,181.55,-0.0246984792868378,185.99,180.466,3.5973087162499766,0.2158412913527944,184.13,176.42,183.911,4.988879745103038,0.23834284388265892,190.37,176.42,185.454,4.6553290346705,0.26716586377200346,191.75,176.42,175.44960000000003,9.65066688189502,0.24437446972040547,191.75,161.66,2,6,2,0.9512871116236301,1.0055309330941447,0.026867702074442317,0.0057006042640194935,180.95,0.025677360843441743
2021-06-17,AAPL,182.3,183.34,178.56,180.95,109449417,180.95,0.0256773608434417,185.592,175.826,176.2143,0.2813743101395609,194.52342435743623,176.66057564256377,41.17972859106849,0.8358214885075768,2.5785839425148365,-1.7427624540072597,6.019999999999998,-0.0046826516220028,176.42,-0.0188752352485331,177.25,-0.0188453809808287,180.66,0.0127788488019828,183.87,0.0235496532071617,190.37,179.882,3.1106381981850633,0.29139407814476087,184.13,176.42,182.969,4.499080029416993,0.2456482321760125,189.98,176.42,185.592,4.465712178718122,0.28137431013956016,191.75,176.42,175.826,9.4861789903382,0.24941052371502126,191.75,161.66,3,6,2,0.9749881460355242,1.0291424476412525,0.02641613705428895,-0.007405375754210737,180.31,-0.0035368886432715074
2021-06-18,AAPL,179.41,184.48,176.13,180.31,60981431,180.31,-0.0035368886432715,185.4395,176.1652,176.11225000000002,0.2612700122120804,194.63173579698335,176.24726420301664,40.10402407441948,0.6223100495930112,2.1873291639304715,-1.5650191143374603,6.435714285714283,0.0256773608434417,180.95,-0.0046826516220028,176.42,-0.0188752352485331,177.25,0.0014140425300483,184.13,-0.0020486421179808,189.98,179.118,2.116806557059001,0.28870994775149206,180.95,176.42,182.002,3.8113975272986504,0.24526862015289633,188.83,176.42,185.4395,4.596117898491689,0.26127001221207974,191.75,176.42,176.1652,9.332951113650763,0.24945951429784982,191.75,161.66,4,6,2,0.972338687275514,1.0235279158368196,0.0463091342685025,0.0050164427846552,176.35,-0.021962176252010468
2021-06-21,AAPL,175.51,179.75,172.95,176.35,70437910,176.35,-0.0219621762520104,184.899,176.40759999999997,175.9914,0.2587482524334715,194.9008711933516,174.8971288066484,30.77953387541082,0.13203971939393,1.7762712750231633,-1.6442315556292333,6.489285714285714,-0.0035368886432715,180.31,0.0256773608434417,180.95,-0.0046826516220028,176.42,-0.0188453809808287,180.66,-0.006053268765133,188.83,178.256,2.2075053793836887,0.29942014157368835,180.95,176.35,180.754,3.341477384495899,0.25957854804569125,186.05,176.35,184.899,5.000935596675801,0.2587482524334708,191.75,176.35,176.40759999999997,9.172654693296156,0.2550973862715031,191.75,161.66,0,6,2,0.9537639467982317,0.9996734834496946,0.03855968244945536,0.004786052076777491,175.76,-0.0033456195066629
2021-06-22,AAPL,174.0,178.77,172.74,175.76,58531442,175.76,-0.0033456195066629,184.0995,176.58559999999997,175.88665,0.2377060497063164,194.3488018504204,173.85019814957963,34.59801263220797,-0.3006454648862018,1.3608879270412904,-1.6615333919274922,6.486428571428571,-0.0219621762520104,176.35,-0.0035368886432715,180.31,0.0256773608434417,180.95,-0.0188752352485331,177.25,-0.0147222369326908,186.05,177.958,2.4630408035613036,0.2720718376780736,180.95,175.76,179.725,3.1054298324757377,0.25598430908974473,184.13,175.76,184.0995,5.1246509252101795,0.23770604970631587,190.7,175.76,176.58559999999997,9.069370556202523,0.25314753706968435,191.75,161.66,1,6,2,0.9547011262879328,0.9953246470777045,0.03430814747363276,0.010114942528677449,175.1,-0.0037551206190259423
2021-06-23,AAPL,176.4,177.06,173.14,175.1,72103787,175.1,-0.0037551206190259,183.337,176.7748,175.76835,0.2374330381644621,193.89284667126933,172.78115332873065,24.10986774033437,-0.6888672421440276,0.9509368932042268,-1.6398041353482544,6.292142857142859,-0.0033456195066629,175.76,-0.0219621762520104,176.35,-0.0035368886432715,180.31,-0.0046826516220028,176.42,-0.0241870464928782,181.55,177.694,2.7258264801721896,0.27148236020041383,180.95,175.1,179.07999999999998,3.3448633919932473,0.23394694949656325,184.13,175.1,183.337,5.277923335634665,0.23743303816446157,190.7,175.1,176.7748,8.934034497815766,0.2526606162200349,191.75,161.66,2,6,2,0.9550718076495467,0.990525798920488,0.02238720730998075,-0.007369614512429942,168.21,-0.03934894346087947
2021-06-24,AAPL,169.2,171.83,164.6,168.21,151629778,168.21,-0.0393489434608794,182.367,176.83839999999998,175.6098,0.2665734141338874,194.68748033923416,170.04651966076588,19.75548762776945,-1.534808893931256,0.4537877357771302,-1.9885966297083864,6.630714285714286,-0.0037551206190259,175.1,-0.0033456195066629,175.76,-0.0219621762520104,176.35,0.0256773608434417,180.95,0.0127788488019828,183.87,175.14600000000002,4.376177555813732,0.25512508984730736,180.31,168.21,177.51399999999998,4.3637679946458645,0.27504186429981464,184.13,168.21,182.36700000000002,6.160240169617075,0.26657341413388685,190.7,168.21,176.83839999999998,8.859728737727886,0.2684264975039279,191.75,161.66,3,6,2,0.9223708236636983,0.9512074300550606,0.042981986801956105,-0.00585106382975254,168.13,-0.0004755959812140498
2021-06-25,AAPL,168.56,172.19,164.08,168.13,110264058,168.13,-0.000475595981214,181.4075,176.94740000000002,175.46449999999996,0.2668007133360991,195.0245927803793,167.79040721962073,20.36082473410501,-2.186474759075878,-0.07426476319347142,-2.1122099958824068,6.603571428571428,-0.0393489434608794,168.21,-0.0037551206190259,175.1,-0.0033456195066629,175.76,-0.0035368886432715,180.31,0.0014140425300483,184.13,172.70999999999998,4.16805110333448,0.2640972027204507,176.35,168.13,175.914,4.595532129747228,0.2732489456297316,180.95,168.13,181.4075,6.808546390189639,0.26680071333609856,190.7,168.13,176.94740000000002,8.714317051465839,0.26630388386227843,191.75,161.66,4,6,2,0.9268084285328512,0.9501693723617856,0.04823648367306102,-0.0025510204081481717,167.61,-0.0030928448224587513
2021-06-28,AAPL,168.45,171.2,164.02,167.61,112946701,167.61,-0.0030928448224587,180.411,177.06640000000004,175.32385,0.265865220279775,195.0193824530549,165.8026175469451,21.7697489190209,-2.713603573544475,-0.6021325252636722,-2.111471048280803,6.719999999999997,-0.000475595981214,168.13,-0.0393489434608794,168.21,-0.0037551206190259,175.1,-0.0219621762520104,176.35,-0.0188453809808287,180.66,170.96200000000002,4.091866322353126,0.26121438532348573,175.76,167.61,174.60899999999998,4.9381945643664436,0.26862276606708063,180.95,167.61,180.411,7.304191226527457,0.2658652202797745,190.7,167.61,177.06640000000004,8.540182514897088,0.26596557833063983,191.75,162.33,0,6,2,0.9290453464537693,0.9465940460700245,0.042837539526025536,-0.004986642920718246,169.43,0.010858540659865135
2021-06-29,AAPL,168.25,170.28,168.25,169.43,45401076,169.43,0.0108585406598651,179.34750000000005,177.20239999999998,175.20739999999998,0.2599802840840598,193.8988332722465,164.79616672775353,29.786524335656694,-2.9504867920193476,-1.0718033786148073,-1.8786834134045403,6.342142857142853,-0.0030928448224587,167.61,-0.000475595981214,168.13,-0.0393489434608794,168.21,-0.0033456195066629,175.76,-0.0188752352485331,177.25,169.696,3.0937808584332034,0.3005288004142695,175.1,167.61,173.827,5.090337360571172,0.2742805929377826,180.95,167.61,179.34750000000003,7.275666636123251,0.25998028408405927,190.37,167.61,177.20239999999998,8.357791564566174,0.26667111068333854,191.75,162.33,1,6,2,0.944702323695927,0.9561382915753054,0.011981349229699697,0.007013372956867718,174.25,0.028448326742607444
2021-06-30,AAPL,174.1,177.34,171.16,174.25,50479390,174.25,0.0284483267426074,178.7605,177.3966,175.11565,0.2765699313991481,193.12962988612043,164.39137011387956,35.19088668433888,-2.717953851599134,-1.4010334732116727,-1.3169203783874612,6.25428571428571,0.0108585406598651,169.43,-0.0030928448224587,167.61,-0.000475595981214,168.13,-0.0037551206190259,175.1,-0.0046826516220028,176.42,169.526,2.7238355310127824,0.39549029535801633,174.25,167.61,173.61,5.013184838224532,0.3198502076190448,180.95,167.61,178.7605,7.1845649430602245,0.2765699313991476,190.37,167.61,177.3966,8.168226048262191,0.2727141601486472,191.75,162.33,2,6,2,0.9747679157253712,0.9822623432411768,0.03546628407440196,0.0008615738081513161,177.28,0.01738880918220942
2021-07-01,AAPL,176.75,178.35,176.21,177.28,25697537,177.28,0.0173888091822094,178.106,177.6956,175.02480000000003,0.269466681315048,191.40091774682068,164.8110822531793,40.283687927263216,-2.263086689143421,-1.5734441163980224,-0.6896425727453985,6.346428571428567,0.0284483267426074,174.25,0.0108585406598651,169.43,-0.0030928448224587,167.61,-0.0393489434608794,168.21,0.0256773608434417,180.95,171.34,4.231335486581943,0.20619713652967156,177.28,167.61,173.243,4.5268901515749596,0.3027013799259141,180.31,167.61,178.106,6.647458873410343,0.2694666813150475,189.98,167.61,177.6956,7.8737707586125705,0.27293415398227294,191.75,164.48,3,7,3,0.9953623123252706,0.9976611688696981,0.012071299638921002,0.00299858557282604,176.62,-0.0037229241877255737
2021-07-02,AAPL,175.19,178.42,174.83,176.62,57874351,176.62,-0.0037229241877255,177.43800000000002,177.93760000000003,174.94465,0.2694193451738871,189.5069014892776,165.3690985107224,43.77311958653442,-1.9335686936109653,-1.645469031840611,-0.2880996617703542,6.219999999999994,0.0173888091822094,177.28,0.0284483267426074,174.25,0.0108585406598651,169.43,-0.000475595981214,168.13,-0.0035368886432715,180.31,173.038,4.323629262553349,0.21815332735601203,177.28,167.61,172.874,4.007418675959142,0.30273129438449,177.28,167.61,177.43800000000002,6.034450744638797,0.2694193451738866,188.83,167.61,177.93760000000003,7.643123242363544,0.2719111691340891,191.75,164.48,4,7,3,0.995389939015344,0.99259515694832,0.020326123881664868,0.008162566356480647,173.78,-0.016079719171101847
2021-07-05,AAPL,173.73,174.85,172.7,173.78,117296850,173.78,-0.0160797191711018,176.6855,178.05399999999997,174.8427,0.273005504466275,187.58364561724747,165.7873543827525,44.55600876611911,-1.879917059577167,-1.6923586373879225,-0.18755842218924457,6.09285714285714,-0.0037229241877255,176.62,0.0173888091822094,177.28,0.0284483267426074,174.25,-0.0030928448224587,167.61,-0.0219621762520104,176.35,174.272,3.092275860916621,0.2783458405697428,177.28,169.43,172.61700000000002,3.8385820588081407,0.29310348780431605,177.28,167.61,176.6855,5.449072808623743,0.2730055044662745,186.05,167.61,178.05399999999997,7.531572998831871,0.2710558103185253,191.75,164.48,0,7,3,0.9835555266222552,0.9759960461378235,0.012371964552811796,0.00028780291256388403,180.68,0.03970537461157786
2021-07-06,AAPL,182.2,183.76,177.59,180.68,98376823,180.68,0.0397053746115778,176.417,178.2864,174.78259999999997,0.3104548609078482,186.5837758176479,166.2502241823521,55.61412754932534,-1.2660313969059303,-1.6070931892915241,0.34106179238559386,6.467142857142854,-0.0160797191711018,173.78,-0.0037229241877255,176.62,0.0173888091822094,177.28,0.0108585406598651,169.43,-0.0033456195066629,175.76,176.52200000000002,2.7637691654708743,0.3634071742003187,180.68,173.78,173.10899999999998,4.537807718366953,0.3573702545441028,180.68,167.61,176.417,5.083387908823949,0.3104548609078476,184.13,167.61,178.2864,7.426934369068272,0.28454228932219056,191.75,164.48,1,7,3,1.0241643378981382,1.0134255893830746,0.03414877130820145,-0.008342480790294399,180.9,0.0012176223156963317
2021-07-07,AAPL,179.23,184.29,177.51,180.9,73216538,180.9,0.0012176223156963,176.38449999999995,178.42539999999997,174.73465,0.2984604708640406,186.48613400018425,166.28286599981573,49.92566159087248,-0.7530892806033194,-1.4362924075538832,0.6832031269505638,6.457142857142854,0.0397053746115778,180.68,-0.0160797191711018,173.78,-0.0037229241877255,176.62,0.0284483267426074,174.25,-0.0037551206190259,175.1,177.85200000000003,2.988062917678859,0.34196546277344114,180.9,173.78,173.68900000000002,5.1499394818433375,0.3556087588844461,180.9,167.61,176.38449999999997,5.0508170000921275,0.29846047086404004,184.13,167.61,178.42539999999997,7.409135070289543,0.27751423154936994,191.75,164.48,2,7,3,1.0256003220179464,1.0138691015908394,0.03747927031488404,0.009317636556328173,181.0,0.0005527915975676034
2021-07-08,AAPL,180.24,182.32,179.68,181.0,79289564,181.0,0.0005527915975676,176.241,178.60539999999995,174.6884,0.2946420229711936,185.9695535247644,166.5124464752356,51.04261103914788,-0.33465213215424683,-1.215964352473956,0.8813122203197092,6.04928571428571,0.0012176223156963,180.9,0.0397053746115778,180.68,-0.0160797191711018,173.78,0.0173888091822094,177.28,-0.0393489434608794,168.21,178.596,3.2607177124074145,0.3326814978425106,181.0,173.78,174.96800000000002,5.22568188001279,0.26618890949699253,181.0,167.61,176.24099999999999,4.864276762382183,0.294642022971193,184.13,167.61,178.60539999999997,7.359003429091891,0.2761200780752896,191.75,164.48,3,7,3,1.0270027973001343,1.0134072094068078,0.014585635359035364,0.0042166000887470835,180.99,-5.5248618784475845e-05
2021-07-09,AAPL,179.93,183.29,178.7,180.99,60732101,180.99,-5.5248618784475845e-05,176.084,178.84779999999998,174.65645,0.2945534397114904,185.3676730480534,166.8003269519466,57.96156483145296,-0.0038007807237079305,-0.9735316381239064,0.9697308574001985,5.851428571428566,0.0005527915975676,181.0,0.0012176223156963,180.9,0.0397053746115778,180.68,-0.0037229241877255,176.62,-0.000475595981214,168.13,179.47,3.183410121239077,0.3280721537566002,181.0,173.78,176.25400000000002,4.929931710140652,0.2658452875384323,181.0,167.61,176.084,4.6418365240266946,0.2945534397114899,181.0,167.61,178.84779999999998,7.230268092807897,0.2725570301837079,191.75,164.48,4,7,3,1.0278617023634864,1.0119777822203464,0.025360517155503855,0.005891179903262997,181.59,0.0033151002817835007
2021-07-12,AAPL,180.64,184.16,179.03,181.59,86828090,181.59,0.0033151002817835,176.1305,179.19,174.63495,0.2868463803585831,185.51939932453809,166.74160067546197,59.99999997118357,0.3033198026560342,-0.7181613499679184,1.0214811526239527,5.787142857142852,-5.5248618784475845e-05,180.99,0.0005527915975676,181.0,0.0012176223156963,180.9,-0.0160797191711018,173.78,-0.0030928448224587,167.61,181.032,0.33744629203367765,0.2736963116946173,181.59,180.68,177.652,4.122407063838373,0.2605750639102877,181.59,169.43,176.1305,4.694449662269016,0.2868463803585826,181.59,167.61,179.19,6.935258922818159,0.2651758461360029,191.75,167.61,0,7,3,1.0309969028587838,1.0133936045481702,0.02825045432001622,0.005259078830794719,181.26,-0.0018172806872626124
2021-07-13,AAPL,182.74,183.5,179.02,181.26,108676757,181.26,-0.0018172806872626,176.331,179.44979999999998,174.62805,0.2778851235561584,185.98799942501452,166.67400057498543,60.6870228712832,0.514159920088531,-0.47169709595662845,0.9858570160451594,5.82714285714285,0.0033151002817835,181.59,-5.5248618784475845e-05,180.99,0.0005527915975676,181.0,0.0397053746115778,180.68,0.0108585406598651,169.43,181.148,0.28119388330343453,0.02971860896008662,181.59,180.9,178.83499999999998,3.0617651045664487,0.264641072930255,181.59,173.78,176.331,4.828499712507275,0.2778851235561579,181.59,167.61,179.44979999999998,6.758904478915221,0.26092623732546893,191.75,167.61,1,7,3,1.0279531109049007,1.0100875007884653,0.024715877744539747,-0.008098938382357005,179.77,-0.008220236124903302
2021-07-14,AAPL,179.65,181.1,178.43,179.77,41916180,179.77,-0.0082202361249033,176.49849999999998,179.6454,174.58605,0.279170010571525,186.2774403688148,166.71955963118515,74.67976084348781,0.5546282751130036,-0.2664320217427021,0.8210602968557057,5.279285714285706,-0.0018172806872626,181.26,0.0033151002817835,181.59,-5.5248618784475845e-05,180.99,0.0012176223156963,180.9,0.0284483267426074,174.25,180.922,0.6888904121899866,0.06847394109768087,181.59,179.77,179.387,2.607139982600563,0.24425506028086433,181.59,173.78,176.49849999999998,4.889470184407415,0.2791700105715245,181.59,167.61,179.6454,6.619634434076737,0.26108437408489465,191.75,167.61,2,7,3,1.018535568285178,1.0006935885861776,0.014852311286561358,0.0006679654884460707,178.36,-0.007843355398564844
2021-07-15,AAPL,178.24,180.75,175.97,178.36,90187037,178.36,-0.0078433553985648,176.369,179.81460000000004,174.53619999999998,0.2650074683575702,185.9666464220193,166.7713535779807,70.66666662669368,0.4675350686493971,-0.11963860366428226,0.5871736723136793,5.041428571428564,-0.0082202361249033,179.77,-0.0018172806872626,181.26,0.0033151002817835,181.59,0.0005527915975676,181.0,0.0173888091822094,177.28,180.394,1.3287324787207344,0.07962260896776567,181.59,178.36,179.495,2.5314302062025176,0.235999545756784,181.59,173.78,176.369,4.798823211009647,0.2650074683575698,181.59,167.61,179.81460000000004,6.4719275146667155,0.26185613111188244,191.75,167.61,3,7,3,1.0112888319318516,0.9919105567568377,0.026799730881213284,0.0006732495511632142,178.33,-0.00016819914779098166
2021-07-16,AAPL,179.26,181.9,174.76,178.33,116163720,178.33,-0.0001681991477909,176.27,179.96760000000003,174.4957,0.2647800528565806,185.73643266328008,166.80356733671994,72.09398182154514,0.3915784531163524,-0.01739519230815534,0.40897364542450776,5.038571428571424,-0.0078433553985648,178.36,-0.0082202361249033,179.77,-0.0018172806872626,181.26,-5.5248618784475845e-05,180.99,-0.0037229241877255,176.62,179.862,1.545305794982793,0.0793698465916062,181.59,178.33,179.666,2.3681319407656782,0.23480359729650047,181.59,173.78,176.27,4.733216331640034,0.2647800528565802,181.59,167.61,179.96760000000003,6.340667434127267,0.26174826773677523,191.75,167.61,4,7,3,1.011686617115722,0.9909005843218951,0.040038131553636384,-0.005187995090900315,176.94,-0.007794538215667668
2021-07-19,AAPL,175.72,178.08,175.72,176.94,67760980,176.94,-0.0077945382156676,176.29950000000002,180.1488,174.44494999999998,0.2540506015710485,185.7706583796612,166.82834162033885,65.75744855557681,0.21672266085411707,0.029428378324299145,0.18729428252981792,5.034285714285711,-0.0001681991477909,178.33,-0.0078433553985648,178.36,-0.0082202361249033,179.77,0.0033151002817835,181.59,-0.0160797191711018,173.78,178.93200000000002,1.6416059210442426,0.0612752408929142,181.26,176.94,179.98200000000003,1.5726820685932632,0.22115589103379305,181.59,176.94,176.29950000000002,4.735579189830591,0.25405060157104814,181.59,167.61,180.14879999999997,6.11357427102549,0.25950620506940875,191.75,167.61,0,7,3,1.0036330222093446,0.982188057866707,0.013337854639915655,0.006942863646671159,175.12,-0.010285972646094654
2021-07-20,AAPL,175.08,176.28,173.96,175.12,105880053,175.12,-0.0102859726460946,176.26749999999998,180.167,174.38635,0.2565495113489432,185.75065043143667,166.7843495685633,52.08833409845241,-0.06792757708186059,0.0099571872430672,-0.07788476432492779,4.682142857142854,-0.0077945382156676,176.94,-0.0001681991477909,178.33,-0.0078433553985648,178.36,-0.0018172806872626,181.26,0.0397053746115778,180.68,177.704,1.757222239788595,0.0615882056353233,179.77,175.12,179.42600000000002,2.168472068322926,0.07759619021159579,181.59,175.12,176.26749999999998,4.741575215718345,0.2565495113489429,181.59,167.61,180.167,6.096865454259659,0.24682513130015687,191.75,167.61,1,7,3,0.9934900080786676,0.9719871008510328,0.013248058474113438,0.0002284669865190974,175.46,0.0019415258108725908
2021-07-21,AAPL,175.21,177.58,173.34,175.46,246629796,175.46,0.0019415258108725,176.2855,180.18420000000003,174.33225,0.2562576238991774,185.76068304225336,166.81031695774666,44.98346192779669,-0.2630475347002914,-0.04464375714560452,-0.21840377755468687,4.692142857142855,-0.0102859726460946,175.12,-0.0077945382156676,176.94,-0.0001681991477909,178.33,-0.0082202361249033,179.77,0.0012176223156963,180.9,176.842,1.5332384028609898,0.08519982508498755,178.36,175.12,178.882,2.424815227780088,0.07880233125145988,181.59,175.12,176.2855,4.737591521126668,0.25625762389917695,181.59,167.61,180.18420000000003,6.082034799811684,0.24681354881290932,191.75,167.61,2,7,3,0.9953172552422331,0.9737812749343516,0.02416505186353496,0.0014268591975262436,174.85,-0.003476575857745412
2021-07-22,AAPL,175.19,179.02,170.68,174.85,76729750,174.85,-0.0034765758577454,176.6175,180.1822,174.26614999999998,0.2102946281796967,185.33642285718068,167.8985771428193,45.10779432661638,-0.4615825723249998,-0.12803152018148356,-0.3335510521435162,5.031428571428571,0.0019415258108725,175.46,-0.0102859726460946,175.12,-0.0077945382156676,176.94,-0.0078433553985648,178.36,0.0005527915975676,181.0,176.14000000000001,1.4665435554417607,0.08100706302536166,178.33,174.85,178.267,2.601418630069735,0.07621555267939394,181.59,174.85,176.6175,4.359461428590335,0.2102946281796963,181.59,167.61,180.18219999999997,6.0838073102090435,0.24691604787568797,191.75,167.61,3,7,3,0.9899924979065495,0.9704066217363846,0.047698026879910246,-0.0019407500427996043,178.9,0.02316271089505295
2021-07-23,AAPL,180.69,182.19,175.61,178.9,93629869,178.9,0.0231627108950529,177.156,180.2218,174.20925,0.2229341459598124,184.9489209441709,169.36307905582908,63.26424865877205,-0.2887928431440798,-0.1601837847740028,-0.12860905837007702,5.275714285714285,-0.0034765758577454,174.85,0.0019415258108725,175.46,-0.0102859726460946,175.12,-0.0001681991477909,178.33,-5.5248618784475845e-05,180.99,176.25400000000002,1.685194350811723,0.21244677832135514,178.9,174.85,178.058,2.43711031072694,0.1542561539305478,181.59,174.85,177.156,3.8964604720854608,0.22293414595981192,181.59,167.61,180.2218,6.068564934755566,0.25109160216660914,191.75,167.61,4,7,3,1.0098444308913623,0.9926657041434906,0.03678032420325995,-0.009906469644087031,171.98,-0.03868082727780897
2021-07-26,AAPL,172.91,175.18,168.79,171.98,59549255,171.98,-0.0386808272778089,177.3745,180.09600000000003,174.12495,0.2675812954846067,184.22901361090612,170.51998638909387,27.48447202977313,-0.7021479801887267,-0.2685766238569476,-0.4335713563317791,5.285000000000001,0.0231627108950529,178.9,-0.0034765758577454,174.85,0.0019415258108725,175.46,-0.0077945382156676,176.94,0.0033151002817835,181.59,175.262,2.4614873552402896,0.3553983960739016,178.9,171.98,177.097,2.762595599147451,0.24044104448272532,181.26,171.98,177.3745,3.4272568054530637,0.2675812954846062,181.59,169.43,180.09600000000003,6.17412804717031,0.2653036031234809,191.75,167.61,0,7,3,0.9695869473855058,0.9549351456947686,0.03715548319550448,-0.0053785206176313015,174.88,0.01686242586347264
2021-07-27,AAPL,174.52,177.02,172.74,174.88,86015464,174.88,0.0168624258634726,177.647,180.015,174.06294999999997,0.2712135000755439,183.53718845199296,171.75681154800702,36.31818179507024,-0.7866610023155545,-0.372193499548669,-0.4144675027668855,5.160714285714287,-0.0386808272778089,171.98,0.0231627108950529,178.9,-0.0034765758577454,174.85,-0.0102859726460946,175.12,-0.0018172806872626,181.26,175.214,2.467281905256844,0.3833708280775831,178.9,171.98,176.459,2.408353287111273,0.2650796682827499,179.77,171.98,177.647,2.945094225996489,0.2712135000755434,181.59,171.98,180.015,6.2161607187741375,0.26802745446710596,191.75,167.61,1,7,3,0.9844241670223285,0.9714745993335474,0.024473924976987235,0.0020628008251084256,178.24,0.01921317474839901
2021-07-28,AAPL,179.41,181.25,175.23,178.24,96171714,178.24,0.019213174748399,177.8465,180.04219999999998,174.02129999999997,0.2609295726924563,183.51848201689597,172.17451798310404,44.5368170774539,-0.5758759227589394,-0.4129299841907231,-0.16294593856821632,5.427142857142861,0.0168624258634726,174.88,-0.0386808272778089,171.98,0.0231627108950529,178.9,0.0019415258108725,175.46,-0.0082202361249033,179.77,175.76999999999998,2.8240219545902625,0.4078188690782626,178.9,171.98,176.306,2.2155169950915736,0.2861898698966549,178.9,171.98,177.8465,2.83599100844797,0.26092957269245587,181.59,171.98,180.04219999999998,6.20512865231936,0.2703067270457625,191.75,167.61,2,7,3,1.0022125821930588,0.9899901245319711,0.03377468581668669,-0.006521375620051648,172.84,-0.030296229802513452
2021-07-29,AAPL,171.7,173.74,171.7,172.84,86484358,172.84,-0.0302962298025134,177.6245,179.9352,173.984,0.2762867636696407,183.72147932111443,171.5275206788856,36.70473081520829,-0.8349374595990469,-0.49733147927238786,-0.337605980326659,5.566428571428576,0.019213174748399,178.24,0.0168624258634726,174.88,-0.0386808272778089,171.98,-0.0034765758577454,174.85,-0.0078433553985648,178.36,175.368,3.115721425289471,0.4752485373314616,178.9,171.98,175.754,2.33151929483887,0.3218412314489269,178.9,171.98,177.6245,3.048489660557206,0.2762867636696403,181.59,171.98,179.9352,6.283353530705932,0.2783385666051405,191.75,167.61,3,7,3,0.9730639635806262,0.9605680267065001,0.011802823420436344,0.006639487478120999,172.01,-0.004802129136773914
2021-07-30,AAPL,170.4,175.06,168.96,172.01,53204794,172.01,-0.0048021291367739,177.394,179.7082,173.9625,0.2764479423343459,183.9798457475497,170.80815425245032,34.488341953276034,-1.0946017695495982,-0.6167855373278299,-0.4778162322217683,5.635714285714291,-0.0302962298025134,172.84,0.019213174748399,178.24,0.0168624258634726,174.88,0.0231627108950529,178.9,-0.0001681991477909,178.33,173.98999999999998,2.652244332637558,0.4204725191824815,178.24,171.98,175.122,2.4108864206587333,0.32155939426070496,178.9,171.98,177.394,3.292922873774847,0.27644794233434555,181.59,171.98,179.7082,6.361634268914443,0.270156333398226,191.75,167.61,4,7,3,0.969649480811247,0.9571627783208715,0.03546305447337092,0.009448356807456202,171.11,-0.005232253938724396
2021-08-02,AAPL,170.1,175.1,167.13,171.11,86883778,171.11,-0.0052322539387243,177.2605,179.3872,173.91795,0.2713264746426879,184.250638843587,170.270361156413,33.863275024671424,-1.3573632457838016,-0.7649010790190243,-0.5924621667647774,5.885000000000005,-0.0048021291367739,172.01,-0.0302962298025134,172.84,0.019213174748399,178.24,-0.0386808272778089,171.98,-0.0077945382156676,176.94,173.816,2.839036808498273,0.31928731665689297,178.24,171.11,174.53900000000002,2.618385634950727,0.32083885539586887,178.9,171.11,177.2605,3.4950694217935054,0.27132647464268755,181.59,171.11,179.3872,6.382848203088615,0.26560130707875035,191.75,167.61,0,8,3,0.9653024785501266,0.9538584692723124,0.046578224533653324,0.0059376837154267005,167.6,-0.02051312021506646
2021-08-03,AAPL,167.06,170.49,164.71,167.6,143581814,167.6,-0.0205131202150664,176.6065,178.90420000000003,173.83305,0.234243791652649,184.62191482001,168.59108517999002,31.819539873155875,-1.827761972226142,-0.9774732576604479,-0.8502887145656941,6.140000000000007,-0.0052322539387243,171.11,-0.0048021291367739,172.01,-0.0302962298025134,172.84,0.0168624258634726,174.88,-0.0102859726460946,175.12,172.36,3.8453673426616133,0.2982139404866059,178.24,167.6,173.78699999999998,3.3970675262291032,0.33114177873654016,178.9,167.6,176.6065,4.007707410005002,0.23424379165264872,181.59,167.6,178.90420000000003,6.341846151732406,0.2619923402126021,190.7,167.6,1,8,3,0.9490024432795565,0.9368142279446942,0.03448687350814746,0.003232371602997484,165.71,-0.011276849642004705
2021-08-04,AAPL,165.74,169.43,161.98,165.71,95725138,165.71,-0.0112768496420047,175.847,178.4114,173.74185,0.2350004068202947,184.9537981547619,166.74020184523812,31.36966125363257,-2.326248017476132,-1.247228209623585,-1.0790198078525473,6.3307142857142935,-0.0205131202150664,167.6,-0.0052322539387243,171.11,-0.0048021291367739,172.01,0.019213174748399,178.24,0.0019415258108725,175.46,169.85399999999998,3.05758564884273,0.1731664732776967,172.84,165.71,172.812,4.173905179136965,0.33094569231695253,178.9,165.71,175.847,4.553399077380943,0.2350004068202944,181.59,165.71,178.4114,6.391431767672614,0.2625142520377128,190.7,165.71,2,8,3,0.9423532957574349,0.928808360895499,0.044958059259882076,-0.00018100639555822452,163.03,-0.016172832056001507
2021-08-05,AAPL,163.4,166.2,159.85,163.03,117545031,163.03,-0.0161728320560015,174.94850000000002,177.9198,173.62895,0.2379284309940417,185.36621219454727,164.53078780545275,29.09836064460721,-2.9040789872021833,-1.5785983651393045,-1.3254806220628788,6.27428571428572,-0.0112768496420047,165.71,-0.0205131202150664,167.6,-0.0052322539387243,171.11,-0.0302962298025134,172.84,-0.0034765758577454,174.85,167.892,3.734932395641121,0.10860361212495763,172.01,163.03,171.63,5.1028989582157145,0.334881631985888,178.9,163.03,174.94850000000002,5.20885609727363,0.23792843099404148,181.59,163.03,177.9198,6.610997791250337,0.2629539386764708,190.7,163.03,3,8,3,0.9318742372702145,0.9163117314603754,0.0389498865237137,-0.0022643818849310904,167.42,0.02692755934490587
2021-08-06,AAPL,168.8,168.8,166.18,167.42,72764037,167.42,0.0269275593449058,174.27,177.5218,173.53329999999997,0.2634378175144866,184.7979857622684,163.74201423773164,37.97979796637078,-2.973501211492362,-1.857578934409916,-1.115922277082446,6.500000000000006,-0.0161728320560015,163.03,-0.0112768496420047,165.71,-0.0205131202150664,167.6,-0.0048021291367739,172.01,0.0231627108950529,178.9,166.974,2.9516995104532207,0.299518521054914,171.11,163.03,170.48200000000003,4.546651515124134,0.34469466287711986,178.24,163.03,174.27,5.263992881134187,0.26343781751448625,181.59,163.03,177.5218,6.632512895284941,0.27121970533261275,190.7,163.03,4,8,3,0.960693177248174,0.9430954395407036,0.015649265320656764,-0.008175355450188677,169.85,0.01451439493489426
2021-08-09,AAPL,169.88,173.76,165.93,169.85,107984395,169.85,0.0145143949348942,173.683,177.16800000000003,173.4054,0.2703350624834176,183.79339506750617,163.57260493249382,43.44690374015775,-2.800159635520373,-2.0460950746320075,-0.7540645608883656,6.846428571428577,0.0269275593449058,167.42,-0.0161728320560015,163.03,-0.0112768496420047,165.71,-0.0052322539387243,171.11,-0.0386808272778089,171.98,166.722,2.534634095882444,0.33078192773003573,169.85,163.03,170.269,4.518481677139693,0.3065169334116593,178.24,163.03,173.683,5.055197533753092,0.2703350624834172,181.26,163.03,177.16800000000003,6.558612658176931,0.27369031852887615,190.7,163.03,0,8,3,0.9779310583017456,0.9586945723778633,0.04609949955816241,-0.00017659524370040348,173.18,0.019605534294966143
2021-08-10,AAPL,173.18,174.27,172.08,173.18,89454826,173.18,0.0196055342949661,173.279,176.81759999999997,173.27724999999998,0.2822201831677892,182.7394237136667,163.8185762863333,47.3611110957626,-2.3667990317187275,-2.1102358660493516,-0.25656316566937587,6.85928571428572,0.0145143949348942,169.85,0.0269275593449058,167.42,-0.0161728320560015,163.03,-0.0205131202150664,167.6,0.0168624258634726,174.88,167.83800000000002,3.8860352546019965,0.30567223294927315,173.18,163.03,170.099,4.3547380326850575,0.3112845800373045,178.24,163.03,173.279,4.730211856833346,0.28222018316778874,179.77,163.03,176.81759999999997,6.283123998750321,0.2747257860339033,190.37,163.03,1,8,3,0.9994286670571771,0.9794273873133705,0.012645802055591593,0.0,175.12,0.01120221734611393
2021-08-11,AAPL,173.55,177.87,172.37,175.12,54688986,175.12,0.0112022173461139,173.0465,176.6002,173.1604,0.2850648526300926,182.052910056469,164.04008994353103,50.30316638885596,-1.8455415896322904,-2.0572970107659394,0.21175542113364898,6.656428571428577,0.0196055342949661,173.18,0.0145143949348942,169.85,0.0269275593449058,167.42,-0.0112768496420047,165.71,0.019213174748399,178.24,169.71999999999997,4.774793189239642,0.26063518830092564,175.12,163.03,169.78699999999998,3.7805762347355025,0.2992250973460155,175.12,163.03,173.0465,4.50320502823449,0.2850648526300921,178.9,163.03,176.6002,6.145830672338772,0.27112110357300684,190.37,163.03,2,8,3,1.0119823284434417,0.9916183560324869,0.03140703517570005,0.009046384327231038,172.24,-0.016445865692096828
2021-08-12,AAPL,170.64,173.59,170.64,172.24,90870465,172.24,-0.0164458656920968,172.7405,176.2376,173.04295,0.2893449383608647,181.3958019345919,164.0851980654081,42.32011068744278,-1.6458607835573673,-1.975009765324225,0.3291489817668576,6.4521428571428645,0.0112022173461139,175.12,0.0196055342949661,173.18,0.0145143949348942,169.85,-0.0161728320560015,163.03,-0.0302962298025134,172.84,171.56199999999998,2.992661023238165,0.26244365906172107,175.12,167.42,169.727,3.7311780981320317,0.2685439428503068,175.12,163.03,172.7405,4.327650967295956,0.2893449383608643,178.9,163.03,176.2376,5.844272465676129,0.26729120223567693,189.98,163.03,3,8,3,0.9971025902958653,0.9773169857001157,0.017127264282297317,0.00937646507261279,170.95,-0.007489549465861667
2021-08-13,AAPL,171.12,171.84,170.05,170.95,53804008,170.95,-0.0074895494658616,172.37150000000003,175.857,172.942,0.2900354669534131,180.6442562389737,164.09874376102636,48.6350384129104,-1.573565442233047,-1.8947209007059893,0.32115545847294236,5.886428571428577,-0.0164458656920968,172.24,0.0112022173461139,175.12,0.0196055342949661,173.18,0.0269275593449058,167.42,-0.0048021291367739,172.01,172.268,2.0341017673677877,0.2453646046981874,175.12,169.85,169.621,3.6737278977418524,0.27016206161822437,175.12,163.03,172.37150000000003,4.136378119486832,0.2900354669534126,178.9,163.03,175.857,5.54293602668454,0.26758982123767894,188.83,163.03,4,8,3,0.9917532770731137,0.9720966467017401,0.01047089792330811,-0.000993454885454783,172.26,0.0076630593740860675
2021-08-16,AAPL,172.05,174.58,169.95,172.26,62107982,172.26,0.007663059374086,172.1375,175.52559999999997,172.84434999999996,0.291093611797849,180.12603092350489,164.1489690764951,46.37520750832172,-1.3944899988338477,-1.7946747203315612,0.40018472149771345,5.857142857142863,-0.0074895494658616,170.95,-0.0164458656920968,172.24,0.0112022173461139,175.12,0.0145143949348942,169.85,-0.0052322539387243,171.11,172.75,1.5445063936444838,0.23180225649974306,175.12,170.95,169.736,3.7428664000828378,0.27157333512350523,175.12,163.03,172.1375,3.994265461752449,0.2910936117978485,178.9,163.03,175.52559999999997,5.238459097319061,0.26828411415256215,186.05,163.03,0,8,3,1.0007116403979337,0.9813953064340395,0.026877975153681333,0.001220575414116588,169.19,-0.017821897132241915
2021-08-17,AAPL,170.34,171.04,167.35,169.19,86293817,169.19,-0.0178218971322419,171.841,175.1884,172.74185,0.2954175645843971,179.80358593277634,163.87841406722367,37.37796372319967,-1.4831973864973236,-1.7323792535647138,0.2491818670673902,5.752857142857148,0.007663059374086,172.26,-0.0074895494658616,170.95,-0.0164458656920968,172.24,0.0196055342949661,173.18,-0.0205131202150664,167.6,171.952,2.170638155015433,0.21350814161527087,175.12,169.19,169.895,3.675205965503044,0.26593665496384544,175.12,163.03,171.841,3.981292966388163,0.2954175645843966,178.9,163.03,175.1884,5.087645845073846,0.26914703108951904,184.13,163.03,1,8,3,0.9845729482429422,0.9657602900593546,0.021809799633419162,-0.0067512034753625366,171.07,0.011111767834978359
2021-08-18,AAPL,169.91,173.59,168.55,171.07,90100376,171.07,0.0111117678349783,171.62150000000003,174.97879999999998,172.6685,0.2986332899385169,179.40402908426142,163.83897091573863,47.26260437173903,-1.385823432256501,-1.6630680893030714,0.2772446570465703,5.6457142857142895,-0.0178218971322419,169.19,0.007663059374086,172.26,-0.0074895494658616,170.95,0.0112022173461139,175.12,-0.0112768496420047,165.71,171.142,1.2557746613182301,0.21308752378637427,172.26,169.19,170.43099999999998,3.375692356964641,0.2605246009001267,175.12,163.03,171.62150000000003,3.891264542130692,0.2986332899385164,178.9,163.03,174.97879999999998,5.035825790052151,0.2656619410699812,184.13,163.03,2,8,3,0.9967865331500028,0.977661293819722,0.02946162389647823,0.006827143781962036,170.51,-0.003273513766294478
2021-08-19,AAPL,168.89,173.33,167.69,170.51,49716339,170.51,-0.0032735137662944,171.4045,174.7116,172.60100000000003,0.2986127011273169,179.04879329630978,163.76020670369024,47.66063628611201,-1.338412802213071,-1.5981370318850714,0.2597242296720004,5.612857142857147,0.0111117678349783,171.07,-0.0178218971322419,169.19,0.007663059374086,172.26,-0.0164458656920968,172.24,-0.0161728320560015,163.03,170.796,1.1071494930717152,0.18570042826265146,172.26,169.19,171.179,2.1652326023324355,0.2408171665246134,175.12,167.42,171.4045,3.8221466481548867,0.2986127011273164,178.9,163.03,174.7116,4.9072301343870235,0.26380201506162815,184.13,163.03,3,8,3,0.994781350542169,0.9759512247556776,0.03307723887142653,0.009592042157560618,169.61,-0.0052782827986627145
2021-08-20,AAPL,169.44,170.61,168.62,169.61,121951197,169.61,-0.0052782827986627,170.94,174.4212,172.54350000000002,0.2847220603241787,177.75005139481397,164.12994860518603,47.66063628611201,-1.357810025942996,-1.5500716306966564,0.1922616047536605,5.185714285714291,-0.0032735137662944,170.51,0.0111117678349783,171.07,-0.0178218971322419,169.19,-0.0074895494658616,170.95,0.0269275593449058,167.42,170.528,1.217259216440352,0.18218401068458967,172.26,169.19,171.398,1.8271459225260063,0.20943080721005722,175.12,169.19,170.94,3.4050256974069875,0.28472206032417824,178.24,163.03,174.4212,4.7660960963874235,0.26386633465951603,181.59,163.03,4,8,3,0.9922194922136879,0.9724161971080787,0.011732798773588092,0.001003305004715608,171.49,0.011084252107776527
2021-08-23,AAPL,170.59,172.77,170.21,171.49,100567500,171.49,0.0110842521077765,170.9155,174.2378,172.47185000000002,0.2540112227808412,177.71331226417408,164.11768773582594,56.391718672708414,-1.207562152501282,-1.4815697350575818,0.27400758255629976,4.954285714285719,-0.0052782827986627,169.61,-0.0032735137662944,170.51,0.0111117678349783,171.07,0.007663059374086,172.26,0.0145143949348942,169.85,170.374,0.9661676873136519,0.19426623445897673,171.49,169.19,171.56199999999998,1.7444948329540884,0.2040455107265955,175.12,169.19,170.9155,3.398906132087028,0.25401122278084076,178.24,163.03,174.2378,4.6970582587097836,0.2623019216482688,181.59,163.03,0,8,3,1.0033613101152128,0.9842295988529228,0.014927984138929817,0.005275807491615745,172.69,0.006997492565164132
2021-08-24,AAPL,171.14,175.49,169.9,172.69,60348449,172.69,0.0069974925651641,170.80599999999998,174.1466,172.39350000000002,0.2476486587194666,177.4024979544578,164.20950204554217,61.73503695816104,-0.9803586943631615,-1.3813275269186978,0.4009688325555363,4.821428571428576,0.0110842521077765,171.49,-0.0052782827986627,169.61,-0.0032735137662944,170.51,-0.0178218971322419,169.19,0.0196055342949661,173.18,171.074,1.1451986727240395,0.1251614611509146,172.69,169.61,171.51299999999998,1.7003205580070067,0.1803586541366098,175.12,169.19,170.80599999999998,3.2982489772289028,0.24764865871946617,178.24,163.03,174.1466,4.681622608123971,0.2596044544706687,181.59,163.03,1,8,3,1.0110300574862066,0.9916357827198944,0.03237014303067713,0.009056912469270508,171.82,-0.005037929237361793
2021-08-25,AAPL,172.59,173.86,169.78,171.82,43249804,171.82,-0.0050379292373617,170.485,174.0546,172.31060000000002,0.2367481343476672,176.11188097205667,164.85811902794336,65.73576795845682,-0.8605798175385644,-1.2771779850426712,0.41659816750410683,4.65928571428572,0.0069974925651641,172.69,0.0110842521077765,171.49,-0.0052782827986627,169.61,0.0111117678349783,171.07,0.0112022173461139,175.12,171.224,1.192677659725741,0.1208306581818671,172.69,169.61,171.183,1.1554032485014543,0.16965571079841785,172.69,169.19,170.485,2.813440486028321,0.23674813434766678,175.12,163.03,174.0546,4.681233576304213,0.2596358906502511,181.59,163.03,2,8,3,1.0078306009267217,0.9871614998914872,0.02374578046779343,-0.004461440407877332,174.89,0.01786753579327205
2021-08-26,AAPL,173.53,178.32,171.47,174.89,75494877,174.89,0.017867535793272,170.5875,173.9334,172.2216,0.2208571495716857,176.4641509438453,164.7108490561547,64.03607662921816,-0.5120285058664535,-1.1241480892074276,0.612119583340974,4.736428571428576,-0.0050379292373617,171.82,0.0069974925651641,172.69,0.0110842521077765,171.49,-0.0032735137662944,170.51,-0.0164458656920968,172.24,172.1,1.9224203494576002,0.16128541850001432,174.89,169.61,171.448,1.6308470873148821,0.17437102801024754,174.89,169.19,170.5875,2.9383254719226586,0.22085714957168529,175.12,163.03,173.9334,4.5763373689322036,0.25617114312192535,181.59,163.03,3,8,3,1.0252216604321815,1.0054998062418976,0.03916747669941579,0.007837261568559604,172.14,-0.015724169477957628
2021-08-27,AAPL,172.51,175.24,169.03,172.14,66930123,172.14,-0.0157241694779576,170.594,173.77,172.1174,0.2277491294324814,176.47755925216129,164.7104407478387,54.25176380395377,-0.4524851305579318,-0.9898154974775285,0.5373303669195967,4.620714285714292,0.017867535793272,174.89,-0.0050379292373617,171.82,0.0069974925651641,172.69,-0.0052782827986627,169.61,-0.0074895494658616,170.95,172.606,1.35130677494365,0.21261983640802576,174.89,171.49,171.567,1.633884600842477,0.1905188165075241,174.89,169.19,170.594,2.9417796260806472,0.22774912943248102,175.12,163.03,173.77,4.489035622082564,0.25835297369062166,181.59,163.03,4,8,3,1.0090624523663843,0.990619784767275,0.03607528755643043,-0.002144803199802097,173.79,0.009585221331474436
2021-08-30,AAPL,173.03,177.6,169.98,173.79,83703669,173.79,0.0095852213314744,170.728,173.71880000000002,172.03350000000003,0.2291862290520562,176.78068657183323,164.6753134281668,51.207920763686666,-0.26905388060899327,-0.8456631741038215,0.5766092934948283,4.8492857142857195,-0.0157241694779576,172.14,0.017867535793272,174.89,-0.0050379292373617,171.82,0.0110842521077765,171.49,0.007663059374086,172.26,173.06599999999997,1.2651600689274713,0.2092858878458893,174.89,171.82,171.72,1.7718038516919086,0.19270107555460567,174.89,169.19,170.728,3.0263432859166164,0.22918622905205577,175.12,163.03,173.71880000000002,4.473581243573968,0.25474383566320524,181.59,163.03,0,8,3,1.0179349608674737,1.0004098577643845,0.04384602105964762,0.004392301912937633,175.4,0.00926405431843036
2021-08-31,AAPL,174.26,178.71,172.1,175.4,69184715,175.4,0.0092640543184303,171.118,173.7116,171.9353,0.2163411367417732,177.32525416029773,164.91074583970226,50.56179772440349,0.0061592511813159945,-0.6752986890467941,0.6814579402281101,4.928571428571435,0.0095852213314744,173.79,-0.0157241694779576,172.14,0.017867535793272,174.89,0.0069974925651641,172.69,-0.0178218971322419,169.19,173.608,1.5999906249752007,0.2127817268066689,175.4,171.82,172.34099999999998,1.8719772671885513,0.1647622570248583,175.4,169.61,171.118,3.103627080148868,0.2163411367417728,175.4,163.03,173.7116,4.470517643405479,0.2555061876700061,181.59,163.03,1,8,3,1.0250236678723161,1.009719558158409,0.0376852907637533,0.0065419488120823654,174.65,-0.004275940706955583
2021-09-01,AAPL,174.23,177.03,172.28,174.65,35839258,174.65,-0.0042759407069555,171.565,173.7026,171.8251,0.2118669921676206,177.4094737730797,165.7205262269203,55.2874067233864,0.16188282450784186,-0.507862386335867,0.6697452108437089,4.947857142857147,0.0092640543184303,175.4,0.0095852213314744,173.79,-0.0157241694779576,172.14,-0.0050379292373617,171.82,0.0111117678349783,171.07,174.174,1.2773918740967805,0.21098641732098666,175.4,172.14,172.699,1.9428813082017773,0.1633766014327025,175.4,169.61,171.565,2.9222368865398556,0.21186699216762006,175.4,163.03,173.7026,4.468117811283615,0.2555491278920763,181.59,163.03,2,9,3,1.0179815230319822,1.00545414978817,0.02719725164599372,0.002410606669331374,175.57,0.005267678213569882
2021-09-02,AAPL,176.63,178.81,172.33,175.57,68490007,175.57,0.0052676782135698,172.192,173.8498,171.73434999999998,0.1998436238311186,176.72448206661815,167.65951793338186,60.30330058678655,0.35543396800289884,-0.3352031154681138,0.6906370834710127,5.254285714285719,-0.0042759407069555,174.65,0.0092640543184303,175.4,0.0095852213314744,173.79,0.017867535793272,174.89,-0.0032735137662944,170.51,174.31,1.4027294821199352,0.17163402694102728,175.57,172.14,173.20499999999998,1.9681816198896105,0.16109044715226495,175.57,169.61,172.192,2.266241033309067,0.1998436238311181,175.57,167.42,173.8498,4.404253273593472,0.23926066952256694,181.59,163.03,3,9,3,1.0196176361211926,1.0098947482193832,0.03690835564141415,-0.006001245541493524,172.36,-0.018283305803952765
2021-09-03,AAPL,171.99,174.17,170.55,172.36,70794335,172.36,-0.0182833058039527,172.439,173.93439999999998,171.63,0.1947829968647884,176.37579484913988,168.5022051508601,50.20559207636196,0.24695769617704855,-0.21877095313908138,0.4657286493161299,5.282142857142858,0.0052676782135698,175.57,-0.0042759407069555,174.65,0.0092640543184303,175.4,-0.0157241694779576,172.14,-0.0052782827986627,169.61,174.35399999999998,1.3185711964124007,0.18741422301131896,175.57,172.36,173.48000000000002,1.5598219271529163,0.19032322217985204,175.57,171.49,172.439,1.968397424569945,0.19478299686478795,175.57,169.19,173.93439999999998,4.332177733930933,0.24312209594292422,181.59,163.03,4,9,3,0.9995418669732513,0.990948311541645,0.021002552796350507,0.002151287865561098,174.83,0.014330471106985376
2021-09-06,AAPL,175.7,176.77,172.88,174.83,103078521,174.83,0.0143304711069853,172.68800000000002,174.07879999999997,171.5503,0.1946213686889408,176.56481692547993,168.8111830745201,61.888701481178735,0.35619186843686634,-0.10377838882389183,0.4599702572607582,5.246428571428573,-0.0182833058039527,172.36,0.0052676782135698,175.57,-0.0042759407069555,174.65,0.0095852213314744,173.79,0.0110842521077765,171.49,174.562,1.289057795449216,0.20445956703902393,175.57,172.36,173.814,1.4392992121880162,0.19544582228624166,175.57,171.82,172.68800000000002,1.9384084627399538,0.19462136868894028,175.57,169.19,174.07879999999997,4.236339216727484,0.2448967579989219,181.59,163.03,0,9,3,1.0124038728747082,1.0043152870940961,0.02225018589474212,-0.0049516220830678696,174.4,-0.002459532116913632
2021-09-07,AAPL,173.09,178.02,170.78,174.4,60506256,174.4,-0.0024595321169136,172.749,174.17820000000003,171.48770000000002,0.182824926146988,176.69616633868733,168.80183366131266,57.47642564864531,0.4034130362365431,-0.002340103811804828,0.40575314004834795,5.403571428571431,0.0143304711069853,174.83,-0.0182833058039527,172.36,0.0052676782135698,175.57,0.0092640543184303,175.4,0.0069974925651641,172.69,174.36200000000002,1.2011119847909364,0.1921153952080444,175.57,172.36,173.985,1.39171556799698,0.19443695510155404,175.57,171.82,172.749,1.9735831693436625,0.18282492614698748,175.57,169.19,174.17820000000003,4.183006774255682,0.24395176487258222,181.59,163.03,1,9,3,1.0095572188492579,1.0012734084919852,0.04151376146765193,0.0075683170604450515,173.1,-0.0074541284403670804
2021-09-08,AAPL,174.04,175.51,170.69,173.1,156568952,173.1,-0.007454128440367,172.648,174.1552,171.4052,0.1801989891958494,176.440044858718,168.85595514128198,55.62798779753187,0.33210867441309233,0.06454965183317461,0.2675590225799177,5.345000000000001,-0.0024595321169136,174.4,0.0143304711069853,174.83,-0.0182833058039527,172.36,-0.0042759407069555,174.65,-0.0050379292373617,171.82,174.052,1.303828976518189,0.19671191327863757,175.57,172.36,174.113,1.2185606263058955,0.19691888974360985,175.57,172.14,172.648,1.8960224293590038,0.18019898919584892,175.57,169.19,174.1552,4.185764621832825,0.23613508055017177,181.59,163.03,2,9,3,1.0026180436436993,0.993941036495069,0.02784517619856816,-0.005401057228192351,175.9,0.016175621028307496
2021-09-09,AAPL,174.98,179.59,172.21,175.9,37239514,175.9,0.0161756210283074,172.831,174.12760000000003,171.30885,0.1791586664558649,176.88439052360428,168.7776094763957,62.6254515906561,0.4958205427917335,0.1508038300248864,0.3450167127668471,5.7299999999999995,-0.007454128440367,173.1,-0.0024595321169136,174.4,0.0143304711069853,174.83,0.0052676782135698,175.57,0.017867535793272,174.89,174.118,1.4043575043444136,0.23301475543898986,175.9,172.36,174.214,1.3271372699598274,0.19295906632539267,175.9,172.14,172.831,2.0266952618021454,0.17915866645586423,175.9,169.19,174.12760000000003,4.169257047308328,0.23569027982274346,181.59,163.03,3,9,3,1.0177572310464111,1.0101787424795943,0.04195565662284275,0.005257743742112003,174.11,-0.010176236498010138
2021-09-10,AAPL,174.73,177.85,170.38,174.11,135164645,174.11,-0.0101762364980101,172.989,174.07739999999998,171.22350000000003,0.1811127393577098,176.97953564535447,168.9984643546455,55.27800158042338,0.4756424277858855,0.21577154957708622,0.2598708782087993,6.037857142857143,0.0161756210283074,175.9,-0.007454128440367,173.1,-0.0024595321169136,174.4,-0.0182833058039527,172.36,-0.0157241694779576,172.14,174.46800000000002,1.0229711628430371,0.19611327635619577,175.9,173.1,174.411,1.1141957737334334,0.18144957894130326,175.9,172.36,172.989,1.9952678226772398,0.18111273935770916,175.9,169.19,174.07739999999998,4.153716707937059,0.23665103107533803,181.59,163.03,4,9,3,1.0064801808149277,1.0001872730118893,0.04290391132018319,-0.0035483317117634516,170.53,-0.020561713859054698
2021-09-13,AAPL,170.75,174.31,166.75,170.53,73134414,170.53,-0.0205617138590546,172.9025,174.0124,171.11180000000002,0.1945107838523196,177.0321457092847,168.77285429071532,46.029411741014286,0.16882889121112044,0.20638301790389307,-0.03755412669277264,6.178571428571429,-0.0101762364980101,174.11,0.0161756210283074,175.9,-0.007454128440367,173.1,0.0143304711069853,174.83,0.0095852213314744,173.79,173.608,1.9915245416535832,0.21442181082981424,175.9,170.53,174.08499999999998,1.659539762164564,0.20412272132540263,175.9,170.53,172.9025,2.064822854642337,0.19451078385231904,175.9,169.19,174.0124,4.183785786844694,0.23840734526228446,181.59,163.03,0,9,3,0.9862783938868075,0.9799876330595981,0.04433237553483651,-0.0012884333821300757,166.65,-0.02275259485134573
2021-09-14,AAPL,168.08,170.54,162.76,166.65,112827554,166.65,-0.0227525948513457,172.7755,173.7318,170.98975000000002,0.2010350890495666,177.49934533371334,168.05165466628665,41.44323069909949,-0.38299173022164723,0.088508068278785,-0.4714997985004322,6.442857142857142,-0.0205617138590546,170.53,-0.0101762364980101,174.11,0.0161756210283074,175.9,-0.0024595321169136,174.4,0.0092640543184303,175.4,172.05800000000002,3.5930029223490174,0.24597568770467612,175.9,166.65,173.21,2.8023878706846017,0.21824211228848348,175.9,166.65,172.7755,2.3619226668566657,0.20103508904956602,175.9,166.65,173.7318,4.197935201880011,0.22543257169265288,181.59,163.03,1,9,3,0.9645464779383389,0.9592371690101684,0.046684668466566555,-0.008507853403090784,168.23,0.009480948094809483
2021-09-15,AAPL,167.85,170.52,165.94,168.23,82594841,168.23,0.0094809480948094,172.63349999999997,173.4784,170.88219999999998,0.1998462524483733,177.72930746145434,167.5376925385456,38.4052924603874,-0.6849253597747236,-0.06617861733191671,-0.6187467424428068,6.280714285714287,-0.0227525948513457,166.65,-0.0205617138590546,170.53,-0.0101762364980101,174.11,-0.007454128440367,173.1,-0.0042759407069555,174.65,171.084,3.887901747730853,0.27956868497824183,175.9,166.65,172.568,3.1497012203953183,0.2301547034400776,175.9,166.65,172.63349999999997,2.547903730727185,0.19984625244837267,175.9,166.65,173.4784,4.138387914467666,0.22670761847651022,181.59,163.03,2,9,3,0.9744922045780543,0.9697460894211052,0.027224632942832956,0.002263926124502422,165.08,-0.018724365452059577
2021-09-16,AAPL,163.65,166.96,163.21,165.08,126197589,165.08,-0.0187243654520595,172.36200000000002,173.16,170.767,0.2097050035222946,178.42163903736537,166.30236096263468,37.877747234536834,-1.1649596808231308,-0.28593483003015957,-0.8790248507929712,6.195714285714284,0.0094809480948094,168.23,-0.0227525948513457,166.65,-0.0205617138590546,170.53,0.0161756210283074,175.9,0.0052676782135698,175.57,168.92000000000002,3.532095695194081,0.2096097371300956,174.11,165.08,171.519,3.7318403264613935,0.23559373619185386,175.9,165.08,172.36200000000002,3.029819518682675,0.20970500352229396,175.9,165.08,173.16,4.160249698157589,0.2299821531285327,181.59,163.03,3,9,3,0.9577517086077107,0.953337953332448,0.022716258783482456,0.008738160708776466,169.54,0.0270172037799854
2021-09-17,AAPL,167.91,172.37,166.72,169.54,68516997,169.54,0.0270172037799854,172.3585,172.931,170.6859,0.2321854827472616,178.42490889176696,166.29209110823302,43.34481676771601,-1.1719955770197714,-0.463146979428082,-0.7088485975916894,6.1721428571428545,-0.0187243654520595,165.08,0.0094809480948094,168.23,-0.0227525948513457,166.65,-0.0101762364980101,174.11,-0.0182833058039527,172.36,168.006,2.1894131633861345,0.3532230081911544,170.53,165.08,171.237,3.7676047504398094,0.2759807477013792,175.9,165.08,172.3585,3.0332044458834893,0.232185482747261,175.9,165.08,172.931,4.033658515592036,0.23885945489226,181.59,163.03,4,9,3,0.9836474557333486,0.9803910230035078,0.03332546891569353,0.009707581442381562,164.39,-0.030376312374660874
2021-09-20,AAPL,165.46,166.43,162.34,164.39,51551353,164.39,-0.0303763123746608,172.0035,172.58700000000002,170.57805,0.2519284110291581,179.03767903787266,164.96932096212734,34.47984210649226,-1.574978167179296,-0.6855132169783249,-0.889464950200971,6.21428571428571,0.0270172037799854,169.54,-0.0187243654520595,165.08,0.0094809480948094,168.23,-0.0205617138590546,170.53,0.0143304711069853,174.83,166.77800000000002,2.141207603201617,0.3856577287088302,169.54,164.39,170.193,4.093708044735959,0.29473471028580644,175.9,164.39,172.0035,3.517089518936335,0.2519284110291575,175.9,164.39,172.58700000000002,4.0135058978201155,0.2474103321442881,181.26,163.03,0,9,3,0.9557363658242085,0.9525051133575964,0.02487985887204285,-0.006466819775133294,168.68,0.026096477887949554
2021-09-21,AAPL,168.76,171.55,165.81,168.68,141207204,168.68,0.0260964778879495,171.803,172.33540000000002,170.50285,0.2694779213301441,178.98189919724578,164.6241008027542,42.348115852528224,-1.530534576367785,-0.854517488856217,-0.6760170875115679,6.386428571428569,-0.0303763123746608,164.39,0.0270172037799854,169.54,-0.0187243654520595,165.08,-0.0227525948513457,166.65,-0.0024595321169136,174.4,167.184,2.2976139797643245,0.4153049099709304,169.54,164.39,169.621,3.8318038977864033,0.33623275450030266,175.9,164.39,171.803,3.589449598622894,0.2694779213301433,175.9,164.39,172.33540000000002,3.8496801934494442,0.2552522793710487,179.77,163.03,1,9,3,0.9818222033318289,0.9787890357931174,0.03402893051912485,-0.0004740459824573954,169.27,0.0034977472136590304
2021-09-22,AAPL,170.2,172.51,166.04,169.27,76449804,169.27,0.003497747213659,171.6755,172.1254,170.42655,0.2695004247492585,178.94315719146394,164.40784280853606,41.85625644813892,-1.4312065826964329,-0.9698553076242602,-0.46135127507217266,6.385714285714284,0.0260964778879495,168.68,-0.0303763123746608,164.39,0.0270172037799854,169.54,0.0094809480948094,168.23,-0.007454128440367,173.1,167.392,2.4574926246091753,0.41130216004026027,169.54,164.39,169.238,3.63161060075764,0.3367810959427563,175.9,164.39,171.6755,3.6338285957319725,0.2695004247492578,175.9,164.39,172.1254,3.7200511352641223,0.2549763986747649,178.9,163.03,2,9,3,0.9859880996357315,0.9834109317916856,0.038222957405102946,-0.005464159811953668,169.08,-0.001122467064453181
2021-09-23,AAPL,168.19,172.26,165.91,169.08,87413525,169.08,-0.0011224670644531,171.385,171.9398,170.34969999999998,0.2605117675248457,178.5757147730511,164.1942852269489,45.40100951666814,-1.3522321536639197,-1.0463306768321923,-0.3059014768317274,6.480714285714285,0.003497747213659,169.27,0.0260964778879495,168.68,-0.0303763123746608,164.39,-0.0187243654520595,165.08,0.0161756210283074,175.9,168.192,2.1483179466756237,0.3740662771140439,169.54,164.39,168.55599999999998,2.782661395934416,0.32144057214286953,174.11,164.39,171.385,3.595357386525545,0.26051176752484506,175.9,164.39,171.9398,3.6331301453514686,0.254505036496145,178.9,163.03,3,9,3,0.9865507483094407,0.9833674344102801,0.03755618642040713,0.005291634460994846,167.76,-0.007806955287438022
2021-09-24,AAPL,167.24,169.86,165.67,167.76,131095675,167.76,-0.007806955287438,171.166,171.7284,170.26925,0.2562839198058702,178.52472815097877,163.80727184902122,39.756592275960784,-1.3802466932691004,-1.113113880119574,-0.2671328131495265,6.465000000000002,-0.0011224670644531,169.08,0.003497747213659,169.27,0.0260964778879495,168.68,0.0270172037799854,169.54,-0.0101762364980101,174.11,167.836,2.0122698626199593,0.32332270633551646,169.27,164.39,167.921,1.9844755814350852,0.32033494907088467,170.53,164.39,171.166,3.679364075489383,0.25628391980586945,175.9,164.39,171.7284,3.560508081147802,0.2549629805890632,178.9,163.03,4,9,3,0.9801011883143843,0.9768914169061327,0.024976156413775933,0.0031093039942410457,168.83,0.00637815927515506
2021-09-27,AAPL,167.24,170.24,167.24,168.83,52944518,168.83,0.006378159275155,170.918,171.56619999999998,170.20625,0.2547481046020562,178.23859991789627,163.59740008210375,42.07681363900214,-1.301109974233043,-1.1507130989422678,-0.15039687529077517,6.162142857142858,-0.007806955287438,167.76,-0.0011224670644531,169.08,0.003497747213659,169.27,-0.0303763123746608,164.39,-0.0205617138590546,170.53,168.724,0.5846622956960984,0.20234322899009508,169.27,167.76,167.751,1.8004224812776002,0.30854774289093084,169.54,164.39,170.918,3.6602999589481304,0.2547481046020555,175.9,164.39,171.56619999999998,3.5025010830455394,0.255032903436518,178.9,163.03,0,9,3,0.9877836155291557,0.9840516372048573,0.017769353787728665,0.009507294905468167,168.79,-0.00023692471717129404
2021-09-28,AAPL,170.35,171.09,166.49,168.79,101516667,168.79,-0.0002369247171712,170.5875,171.43959999999998,170.15060000000005,0.2517249513044515,177.6483419805072,163.5266580194928,43.64119207403433,-1.2274716903816056,-1.1660648172301356,-0.06140687315147009,6.146428571428572,0.006378159275155,168.83,-0.007806955287438,167.76,-0.0011224670644531,169.08,0.0260964778879495,168.68,-0.0227525948513457,166.65,168.746,0.5846622956961002,0.08514682373385317,169.27,167.76,167.965,1.7821039376038845,0.283437491598013,169.54,164.39,170.5875,3.5304209902536092,0.25172495130445083,175.9,164.39,171.43959999999998,3.4857862756032816,0.2541090282617258,178.9,163.03,1,9,3,0.9894628856100859,0.9845449942662925,0.027252799336292093,-0.009157616671504812,171.66,0.017003376977309026
2021-09-29,AAPL,172.24,173.01,170.32,171.66,63185113,171.66,0.017003376977309,170.43800000000002,171.36359999999996,170.09869999999998,0.2601401248414269,177.25921952362503,163.616780476375,43.7573615838456,-0.9268437279295938,-1.1182205993700274,0.19137687144043358,5.920714285714287,-0.0002369247171712,168.79,0.006378159275155,168.83,-0.007806955287438,167.76,0.003497747213659,169.27,0.0094809480948094,168.23,169.224,1.4527319092002733,0.14884119231614584,171.66,167.76,168.308,2.134097779698105,0.29181908335647333,171.66,164.39,170.43800000000002,3.4106097618125033,0.2601401248414262,175.9,164.39,171.36359999999996,3.4374312668453837,0.2571187915521864,178.9,163.03,2,9,3,1.0071697626057148,1.0017296555336042,0.015670511476082533,-0.003367394333468678,172.02,0.002097168822090323
2021-09-30,AAPL,173.51,175.94,168.09,172.02,75880436,172.02,0.0020971688220903,170.2605,171.30700000000002,170.04145,0.2594121734383835,176.69311582218302,163.827884177817,46.78758067460725,-0.652028729108963,-1.0249822253178145,0.37295349620885143,5.947857142857144,0.017003376977309,171.66,-0.0002369247171712,168.79,0.006378159275155,168.83,-0.0011224670644531,169.08,-0.0187243654520595,165.08,169.81199999999998,1.9045918197894152,0.14514629515217575,172.02,167.76,169.002,2.0958148773161014,0.26780125739399896,172.02,164.39,170.2605,3.216307911091507,0.2594121734383828,175.9,164.39,171.30700000000002,3.401969567585236,0.2570701155056961,178.9,163.03,3,9,3,1.0103341644068335,1.0041621182963676,0.045634228577807,-0.008587401302468984,172.46,0.0025578421113823246
2021-10-01,AAPL,171.65,174.52,170.41,172.46,82346686,172.46,0.0025578421113823,170.26550000000003,171.1782,169.99945,0.2513045404541424,176.70513867897878,163.82586132102128,53.28342971262445,-0.3941875906699579,-0.8988232983882432,0.5046357077182853,5.701428571428573,0.0020971688220903,172.02,0.017003376977309,171.66,-0.0002369247171712,168.79,-0.007806955287438,167.76,0.0270172037799854,169.54,170.752,1.7953467631655093,0.10831625545723741,172.46,168.79,169.294,2.3652023639007957,0.23582914655732,172.46,164.39,170.26550000000003,3.2198193394893773,0.25130454045414174,175.9,164.39,171.1782,3.2259873919564273,0.2515432120932306,178.24,163.03,4,10,4,1.0128886944154105,1.0074881030352727,0.023831613127543675,0.004718904748006312,171.58,-0.005102632494491499
2021-10-04,AAPL,171.97,172.97,170.2,171.58,43901034,171.58,-0.0051026324944914,170.103,171.1702,169.9514,0.2461737198360718,176.2132609126831,163.99273908731692,59.34065930917889,-0.2578825666431328,-0.7706351520392212,0.5127525853960884,5.343571428571431,0.0025578421113823,172.46,0.0020971688220903,172.02,0.017003376977309,171.66,0.006378159275155,168.83,-0.0303763123746608,164.39,171.302,1.4467273412806434,0.1311179687720226,172.46,168.79,170.013,1.7112247076232023,0.16173949989205816,172.46,167.76,170.103,3.055130456341546,0.24617371983607125,175.9,164.39,171.1702,3.2244540686474257,0.2362364240239978,178.24,163.03,0,10,4,1.008682974427208,1.0023941083144008,0.016144072735656056,-0.0022678374134890884,171.49,-0.0005245366592843137
2021-10-05,AAPL,172.11,172.44,170.55,171.49,58585769,171.49,-0.0005245366592843,169.9575,171.10240000000002,169.8923,0.2460989655663484,175.76817574655388,164.14682425344614,56.54618470716281,-0.15533153566323676,-0.6475744287640244,0.4922428931007876,5.151428571428572,-0.0051026324944914,171.58,0.0025578421113823,172.46,0.0020971688220903,172.02,-0.0002369247171712,168.79,0.0260964778879495,168.68,171.842,0.3997749366944243,0.13161668874852442,172.46,171.49,170.294,1.6986805336895587,0.10760396480019933,172.46,167.76,169.9575,2.9053378732769417,0.24609896556634778,175.9,164.39,171.10240000000002,3.1801935251087294,0.2330809782079919,178.24,163.03,1,10,4,1.0090169601164467,1.0022653101242165,0.01102105079006919,-0.0036023473359851387,172.35,0.00501486967170095
2021-10-06,AAPL,171.72,175.43,169.26,172.35,137339476,172.35,0.0050148696717009,169.92000000000002,170.98460000000003,169.85985,0.2455576540622683,175.65446459667658,164.18553540332346,66.07695705771431,-0.004611137765408557,-0.5189817705643012,0.5143706327988926,5.233571428571431,-0.0005245366592843,171.49,-0.0051026324944914,171.58,0.0025578421113823,172.46,0.017003376977309,171.66,0.003497747213659,169.27,171.98000000000002,0.4384632253782005,0.06103582357143039,172.46,171.49,170.602,1.7701085967886019,0.10858891267189799,172.46,167.76,169.92000000000002,2.867232298338286,0.24555765406226776,175.9,164.39,170.98460000000003,3.015217330644853,0.22911822351535527,175.9,163.03,2,10,4,1.0143008474516577,1.0079855144790348,0.035799245720709125,0.0036687631027039758,168.04,-0.02500725268349291
2021-10-07,AAPL,169.21,171.02,165.06,168.04,114034736,168.04,-0.0250072526834929,169.527,170.8886,169.79825,0.252754791415376,174.5717350355553,164.48226496444468,46.66073015791408,-0.2302904711757776,-0.4612435106865965,0.2309530395108189,5.233571428571431,0.0050148696717009,172.35,-0.0005245366592843,171.49,-0.0051026324944914,171.58,0.0020971688220903,172.02,-0.0011224670644531,169.08,171.18400000000003,1.811278553952688,0.19065899617079124,172.46,168.04,170.498,1.8955726194308598,0.17352567119303447,172.46,167.76,169.527,2.5223675177776497,0.2527547914153756,174.11,164.39,170.8886,3.031308069504911,0.2258738404326208,175.9,163.03,3,10,4,0.991228535861596,0.9833306610213711,0.03546774577460451,-0.0069144849594769894,164.73,-0.019697691025946207
2021-10-08,AAPL,166.2,166.68,162.78,164.73,78020436,164.73,-0.0196976910259462,169.058,170.743,169.7287,0.258942699537975,174.05257642690785,164.06342357309214,50.82444225453239,-0.6685259549454656,-0.5026999995383704,-0.16582595540709522,5.095000000000003,-0.0250072526834929,168.04,0.0050148696717009,172.35,-0.0005245366592843,171.49,0.0025578421113823,172.46,-0.007806955287438,167.76,169.638,3.2092943149559754,0.2029970542208631,172.35,164.73,170.195,2.5208871895034233,0.19620906570483676,172.46,164.73,169.058,2.4972882134539245,0.25894269953797466,172.46,164.39,170.743,3.1489014929409325,0.2297867044146093,175.9,163.03,4,10,4,0.9743993185712927,0.9647833293255667,0.023675104716665642,-0.008844765342907065,166.63,0.011534025374855927
2021-10-11,AAPL,167.92,167.92,165.56,166.63,88170815,166.63,0.0115340253748559,168.863,170.6534,169.6607,0.2545025145724526,173.91973953618887,163.80626046381113,44.37739985621044,-0.8526873629707552,-0.5726974722248475,-0.27998989074590774,4.811428571428572,-0.0196976910259462,164.73,-0.0250072526834929,168.04,0.0050148696717009,172.35,-0.0051026324944914,171.58,0.006378159275155,168.83,168.648,3.223913770560339,0.2519130251813582,172.35,164.73,169.975,2.7397455275144957,0.20375285996863154,172.46,164.73,168.863,2.5283697680944393,0.2545025145724522,172.46,164.39,170.6534,3.201543384184742,0.23118772534489954,175.9,163.03,0,10,4,0.9867762624080659,0.9764235579192889,0.014163115885409723,-0.007682229633112852,167.12,0.0029406469423274295
2021-10-12,AAPL,167.92,169.32,164.91,167.12,71117229,167.12,0.0029406469423274,168.8865,170.64379999999997,169.6051,0.2414267508924593,173.90415420133994,163.8688457986601,44.070601179427015,-0.9481678124153916,-0.6477915402629564,-0.30037627215243523,4.6642857142857155,0.0115340253748559,166.63,-0.0196976910259462,164.73,-0.0250072526834929,168.04,-0.0005245366592843,171.49,-0.0002369247171712,168.79,167.774,2.8289980558509447,0.25756706811505137,172.35,164.73,169.80800000000002,2.867902059381081,0.20481084460184848,172.46,164.73,168.8865,2.5088271006699565,0.24142675089245894,172.46,164.39,170.64379999999997,3.211589910792286,0.2266593865695749,175.9,163.03,1,10,4,0.9895403125709306,0.9793499675875754,0.02638822403047875,-0.004764173415883866,166.71,-0.0024533269506941124
2021-10-13,AAPL,165.97,168.58,164.84,166.71,137642533,166.71,-0.0024533269506941,168.8105,170.6638,169.57094999999998,0.2390805267543164,173.91531083726167,163.7056891627383,43.54223429920485,-1.0448756538616237,-0.7272083629826899,-0.31766729087893386,4.477857142857145,0.0029406469423274,167.12,0.0115340253748559,166.63,-0.0196976910259462,164.73,0.0050148696717009,172.35,0.017003376977309,171.66,166.64600000000002,1.2086480050073687,0.24430993412234206,168.04,164.73,169.31300000000002,2.9390325316678556,0.17877396430614334,172.46,164.73,168.8105,2.55240541863084,0.23908052675431612,172.46,164.39,170.6638,3.1832263763775996,0.2252544128324089,175.9,163.03,2,10,4,0.987557053613445,0.9768328139829487,0.02243416711641518,0.004458637103064111,166.81,0.0005998440405494687
2021-10-14,AAPL,166.09,169.91,163.72,166.81,73838893,166.81,0.0005998440405494,168.897,170.7394,169.55795,0.2290060545189499,173.7898824783947,164.00411752160528,47.2270869433054,-1.1007592828709392,-0.8019185469603398,-0.29884073591059934,4.6207142857142856,-0.0024533269506941,166.71,0.0029406469423274,167.12,0.0115340253748559,166.63,-0.0250072526834929,168.04,0.0020971688220903,172.02,166.4,0.9518928511173269,0.18204597220490237,167.12,164.73,168.792,2.8667434098218907,0.1777656487448997,172.46,164.73,168.897,2.4464412391973545,0.22900605451894965,172.46,164.39,170.7394,3.039886819858884,0.22210244590276554,175.9,164.39,3,10,4,0.9876433565961051,0.9769859797974166,0.03710808704491871,0.004334999096849081,167.74,0.005575205323421928
2021-10-15,AAPL,169.3,170.61,164.87,167.74,87773836,167.74,0.0055752053234219,168.807,170.74579999999995,169.5487,0.2079011191482725,173.71627414508424,163.89772585491573,46.79223068539781,-1.0578104533725536,-0.8530969282427826,-0.20471352512977103,4.816428571428572,0.0005998440405494,166.81,-0.0024533269506941,166.71,0.0029406469423274,167.12,-0.0196976910259462,164.73,0.0025578421113823,172.46,167.002,0.4525151931242791,0.08434464171917361,167.74,166.63,168.32,2.5687999792339915,0.18102904675734155,172.35,164.73,168.807,2.454637072542128,0.20790111914827222,172.46,164.39,170.74579999999997,3.0330849722650908,0.21409156799544285,175.9,164.39,4,10,4,0.9936791720663619,0.9823960530743227,0.034219625610860796,-0.009214412285828635,166.45,-0.0076904733516157675
2021-10-18,AAPL,164.82,168.49,164.4,166.45,126524845,166.45,-0.0076904733516157,168.91,170.6778,169.52939999999998,0.1780438356881627,173.50548977975177,164.31451022024822,43.58552628233568,-1.1150122484564804,-0.9054799922855222,-0.20953225617095816,4.780000000000001,0.0055752053234219,167.74,0.0005998440405494,166.81,-0.0024533269506941,166.71,0.0115340253748559,166.63,-0.0051026324944914,171.58,166.96599999999998,0.49470193046753297,0.08134849916003987,167.74,166.45,167.807,2.3481957612840296,0.18244646926290276,172.35,164.73,168.91,2.2977448898758834,0.1780438356881624,172.46,164.73,170.6778,3.091135640993641,0.2122129606499435,175.9,164.39,0,10,4,0.9854360310166039,0.9752293502671395,0.02457194352643696,0.009889576507645347,164.57,-0.011294683088014401
2021-10-19,AAPL,165.28,166.11,163.03,164.57,58620123,164.57,-0.0112946830880144,168.7045,170.50560000000002,169.51190000000005,0.155270603323774,173.6939856817547,163.7150143182453,29.449275338418005,-1.2970932873574554,-0.983802651299909,-0.3132906360575465,4.722857142857143,-0.0076904733516157,166.45,0.0055752053234219,167.74,0.0005998440405494,166.81,0.0029406469423274,167.12,-0.0005245366592843,171.49,166.456,1.161412932599036,0.10577125838303923,167.74,164.57,167.11499999999998,2.1538402396083995,0.18637157167757376,172.35,164.57,168.7045,2.4947428408773473,0.1552706033237739,172.46,164.57,170.50560000000002,3.187227161592448,0.208601984602986,175.9,164.39,1,10,4,0.9754926513461378,0.9651882401459823,0.018715440238082866,-0.0042957405614455005,165.11,0.0032812784833202713
2021-10-20,AAPL,165.79,169.2,161.02,165.11,149237994,165.11,0.0032812784833202,168.49650000000003,170.30540000000002,169.4887,0.155185859095289,173.72771109053144,163.2652889094686,30.17785425000062,-1.3818907590051879,-1.0634202728409647,-0.31847048616422313,4.746428571428571,-0.0112946830880144,164.57,-0.0076904733516157,166.45,0.0055752053234219,167.74,-0.0024533269506941,166.71,0.0050148696717009,172.35,166.136,1.287509223271149,0.11523051670919693,167.74,164.57,166.391,1.207582065295232,0.18420172405251353,168.04,164.57,168.49650000000003,2.6156055452657063,0.15518585909528892,172.46,164.57,170.30540000000002,3.2057927224935665,0.2069835451403869,175.9,164.39,2,10,4,0.9799016596725754,0.9694936273249734,0.04954272908939759,-0.0041015742806917,162.76,-0.014232935618678555
2021-10-21,AAPL,163.16,165.05,160.47,162.76,43373214,162.76,-0.0142329356186785,168.1805,170.1158,169.47439999999995,0.1619327670075717,173.9943907164801,162.3666092835199,24.92244051970458,-1.6200438691678585,-1.1747449921063435,-0.44529887706151494,4.784285714285714,0.0032812784833202,165.11,-0.0112946830880144,164.57,-0.0076904733516157,166.45,0.0005998440405494,166.81,-0.0250072526834929,168.04,165.326,1.890325368821009,0.14029908874290642,167.74,162.76,165.863,1.520285426410384,0.15592997322776175,167.74,162.76,168.1805,2.906945358240048,0.1619327670075715,172.46,162.76,170.1158,3.365403872418693,0.206197512151831,175.9,162.76,3,10,4,0.9677697473787522,0.9567600422714599,0.028139592037182807,-0.0024515812699041073,163.82,0.006512656672401196
2021-10-22,AAPL,165.42,166.89,160.74,163.82,153528080,163.82,0.0065126566724011,167.9835,169.9732,169.4659,0.1629244387407838,174.1156800879944,161.85131991200558,30.122950798067578,-1.7036106207862645,-1.2805181178423277,-0.42309250294393674,5.025714285714282,-0.0142329356186785,162.76,0.0032812784833202,165.11,-0.0112946830880144,164.57,0.0055752053234219,167.74,-0.0196976910259462,164.73,164.542,1.3838966724464177,0.14478320572435488,166.45,162.76,165.772,1.6196282152190196,0.13163839063715274,167.74,162.76,167.9835,3.0660900439972023,0.16292443874078355,172.46,162.76,169.9732,3.47849277705172,0.20634423621186876,175.9,162.76,4,10,4,0.9752148276409576,0.9637989988953329,0.03754120375999534,-0.009672349171746598,159.74,-0.02490538395800257
2021-10-25,AAPL,159.14,160.99,158.49,159.74,68920688,159.74,-0.0249053839580025,167.529,169.72280000000003,169.45164999999997,0.1806624145607225,174.66267964399685,160.39532035600314,25.01063375796905,-2.0751388664042736,-1.439442267554717,-0.6356965988495566,5.271428571428568,0.0065126566724011,163.82,-0.0142329356186785,162.76,0.0032812784833202,165.11,-0.0076904733516157,166.45,0.0115340253748559,166.63,163.2,2.125711645545615,0.20595594035313594,165.11,159.74,165.08300000000003,2.46103885020126,0.1618233698189553,167.74,159.74,167.529,3.5668398219984327,0.18066241456072224,172.46,159.74,169.72280000000003,3.7505091028570128,0.2123660414837761,175.9,159.74,0,10,4,0.9535065570680092,0.9411817386883718,0.0156504319518239,0.0037702651752937826,162.28,0.015900838863152522
2021-10-26,AAPL,161.76,164.67,159.89,162.28,72598708,162.28,0.0159008388631525,167.20350000000002,169.5846,169.45775,0.1922896111085018,174.6807279552489,159.72627204475114,30.011909471212174,-2.139952860932283,-1.57954438623023,-0.5604084747020528,5.182857142857137,-0.0249053839580025,159.74,0.0065126566724011,163.82,-0.0142329356186785,162.76,-0.0112946830880144,164.57,0.0029406469423274,167.12,162.74200000000002,1.9997049782426006,0.262377209475842,165.11,159.74,164.599,2.491659197308712,0.18862098942317707,167.74,159.74,167.20350000000002,3.738613977624434,0.19228961110850148,172.46,159.74,169.5846,3.895067634528589,0.21246590905179413,175.9,159.74,1,10,4,0.9705538460560301,0.9569265133688029,0.02945526250906178,0.0032146389712957198,163.49,0.007456248459452919
2021-10-27,AAPL,162.11,164.4,162.11,163.49,37563114,163.49,0.0074562484594529,166.795,169.43300000000002,169.46904999999998,0.1825865555562376,174.13859298264524,159.45140701735474,39.70122224736009,-2.069821912360993,-1.6775998914563828,-0.39222202090461034,4.825714285714279,0.0159008388631525,162.28,-0.0249053839580025,159.74,0.0065126566724011,163.82,0.0032812784833202,165.11,-0.0024533269506941,166.71,162.418,1.6141932969778494,0.26992736116761473,163.82,159.74,164.277,2.394716638300908,0.19566329241525235,167.74,159.74,166.795,3.671796491322619,0.1825865555562373,172.46,159.74,169.43300000000002,3.9826015751169006,0.2115733391366746,175.9,159.74,2,10,4,0.9801852573459627,0.9649241883165326,0.014006972903455778,0.008512738264089091,164.17,0.004159275796684625
2021-10-28,AAPL,163.98,166.65,161.69,164.17,66693583,164.17,0.0041592757966846,166.40249999999995,169.30620000000002,169.49380000000002,0.1834008952382923,173.40127545680366,159.4037245431963,48.56115104420061,-1.9370432841372178,-1.7294885699925497,-0.20755471414466808,4.80428571428571,0.0074562484594529,163.49,0.0159008388631525,162.28,-0.0249053839580025,159.74,-0.0142329356186785,162.76,0.0005998440405494,166.81,162.7,1.801207928032802,0.24743064765784858,164.17,159.74,164.013,2.2238707496364167,0.1977312515091603,167.74,159.74,166.40249999999997,3.49938772840184,0.18340089523829206,172.46,159.74,169.30620000000002,4.048002727473621,0.21178774126822936,175.9,159.74,3,10,4,0.9865837352143956,0.9696632491842019,0.030212584515866454,0.001158677887540182,166.67,0.015228117195589919
2021-10-29,AAPL,165.87,170.71,162.62,166.67,52778505,166.67,0.0152281171955899,166.113,169.24740000000003,169.53535,0.1930825139281702,172.5098844390326,159.7161155609674,50.09970086234316,-1.611509677589936,-1.7058927915120272,0.0943831139220912,5.15428571428571,0.0041592757966846,164.17,0.0074562484594529,163.49,0.0159008388631525,162.28,0.0065126566724011,163.82,0.0055752053234219,167.74,163.27,2.542606929906434,0.26494964095107354,166.67,159.74,163.906,2.0430108500227315,0.21279851935378682,166.67,159.74,166.113,3.1984422195162994,0.19308251392816994,172.35,159.74,169.24740000000003,4.064817595124521,0.21447949245307443,175.9,159.74,4,10,4,1.0033531391221437,0.9847714056405901,0.04853902921912441,0.004823054199042382,170.94,0.025619487610247793
2021-11-01,AAPL,170.4,173.11,168.77,170.94,62738048,170.94,0.0256194876102477,166.081,169.2364,169.58595000000005,0.2152850727305158,172.36819634612746,159.79380365387252,58.01174493237563,-0.9974704168752453,-1.564208316584671,0.5667378997094257,5.299285714285712,0.0152281171955899,166.67,0.0041592757966846,164.17,0.0074562484594529,163.49,-0.0249053839580025,159.74,-0.0076904733516157,166.45,165.51,3.432906931451583,0.13263984195700668,170.94,162.28,164.355,2.9543611830609717,0.24482705548054606,170.94,159.74,166.081,3.143598173063731,0.21528507273051534,172.35,159.74,169.2364,4.059365467656398,0.22082184283505735,175.9,159.74,0,11,4,1.0292568084186076,1.010066392330432,0.025389025388876885,0.003169014084488398,173.62,0.015678015678015633
2021-11-02,AAPL,174.78,174.78,172.62,173.62,75724537,173.62,0.0156780156780156,166.1875,169.255,169.6566,0.2224244521175893,172.9170792470352,159.4579207529648,63.23247794388145,-0.29122916797481935,-1.3096124868627006,1.0183833188878813,5.306428571428569,0.0256194876102477,170.94,0.0152281171955899,166.67,0.0041592757966846,164.17,0.0159008388631525,162.28,-0.0112946830880144,164.57,167.778,4.380624384720559,0.13241327752422333,173.62,163.49,165.26,4.1654398193788165,0.2388009536275946,173.62,159.74,166.1875,3.364789623517591,0.22242445211758888,173.62,159.74,169.255,4.0776024618317,0.22307865228711116,175.9,159.74,1,11,4,1.0447235802870571,1.025789489226163,0.012440963022621562,-0.006636914978792537,168.95,-0.02689782283147113
2021-11-03,AAPL,170.42,170.42,168.0,168.95,117347929,168.95,-0.0268978228314711,166.0175,169.1976,169.6936,0.2422010272020716,172.2446286785299,159.79037132147013,53.48761405642674,-0.10712301378819689,-1.0691145922478,0.9619915784596031,5.265714285714283,0.0156780156780156,173.62,0.0256194876102477,170.94,0.0152281171955899,166.67,0.0074562484594529,163.49,0.0032812784833202,165.11,168.86999999999998,3.6668719639508023,0.32207387744883204,173.62,164.17,165.64399999999998,4.3240546815306065,0.2892682207814329,173.62,159.74,166.0175,3.113564339264938,0.24220102720207118,173.62,159.74,169.1976,4.060924575532588,0.23097873697032348,175.9,159.74,2,11,4,1.017663800496829,0.9985366222629722,0.014323764427260514,-0.008625748151574776,165.79,-0.01870375850843442
2021-11-04,AAPL,164.75,167.91,163.68,165.79,86926938,165.79,-0.0187037585084344,165.90500000000003,169.0156,169.7281,0.2347945710119063,172.05915135883015,159.7508486411699,47.03737463814876,-0.21373929738800257,-0.8980395332758406,0.6843002358878381,5.232142857142853,-0.0268978228314711,168.95,0.0156780156780156,173.62,0.0256194876102477,170.94,0.0041592757966846,164.17,-0.0142329356186785,162.76,169.19400000000002,3.1880762224276262,0.3708923771404029,173.62,165.79,165.94699999999997,4.204003515166646,0.29724924219646853,173.62,159.74,165.90500000000003,3.0770756794150618,0.23479457101190576,173.62,159.74,169.0156,4.0041214277497374,0.2308317708439303,175.9,159.74,3,11,4,0.9993068322172368,0.9809153711197018,0.02551420471665647,0.006312594840629314,164.3,-0.00898727305627589
2021-11-05,AAPL,163.88,165.65,162.95,164.3,90477146,164.3,-0.0089872730562758,165.8835,168.85879999999997,169.74855000000002,0.2261402451570958,172.05790651313922,159.70909348686078,46.75324673347797,-0.41369519710420377,-0.8011706660415132,0.38747546893730944,5.142857142857139,-0.0187037585084344,165.79,-0.0268978228314711,168.95,0.0156780156780156,173.62,0.0152281171955899,166.67,0.0065126566724011,163.82,168.72,3.7786439366535176,0.35681649847685426,173.62,164.3,165.99499999999998,4.179689648231497,0.3008297309548629,173.62,159.74,165.8835,3.087203256569608,0.22614024515709522,173.62,159.74,168.85879999999997,4.032678068996415,0.2291053909639253,175.9,159.74,4,11,4,0.9904541440167923,0.9730022954031833,0.016433353621324306,0.0025628508664721325,164.42,0.0007303712720632127
2021-11-08,AAPL,165.83,165.83,163.52,164.42,51615338,164.42,0.0007303712720632,165.773,168.6714,169.7518,0.2220245279284404,171.97021533390276,159.57578466609723,49.76076552801751,-0.5560686775416173,-0.7521502683415341,0.19608159079991683,5.063571428571426,-0.0089872730562758,164.3,-0.0187037585084344,165.79,-0.0268978228314711,168.95,0.0256194876102477,170.94,-0.0249053839580025,159.74,167.416,3.942464964969059,0.2643091891573461,173.62,164.3,166.463,3.6269609255592656,0.2658056854265384,173.62,162.28,165.773,3.0986076669513793,0.22202452792843982,173.62,159.74,168.6714,4.016528102727712,0.22789449356491384,175.9,159.74,0,11,4,0.991838236618799,0.9747947784806742,0.014049385719413412,-0.00850268347097342,165.76,0.008149860114341267
2021-11-09,AAPL,164.31,169.09,162.42,165.76,56245441,165.76,0.0081498601143412,165.705,168.4786,169.7913,0.2238805194271849,171.86974355978558,159.54025644021445,51.01088644746023,-0.5543832997927041,-0.7125968746317681,0.15821357483906406,4.9557142857142855,0.0007303712720632,164.42,-0.0089872730562758,164.3,-0.0187037585084344,165.79,0.0156780156780156,173.62,0.0159008388631525,162.28,165.844,1.8754279511643677,0.22494695088501346,168.95,164.3,166.81099999999998,3.336320161825077,0.2580211493159524,173.62,163.49,165.705,3.0823717798927817,0.22388051942718432,173.62,159.74,168.4786,3.91708972038586,0.2276498457037623,175.9,159.74,1,11,4,1.000331915144381,0.9838638260231041,0.04023889961365696,0.008824782423414059,164.02,-0.01049710424710415
2021-11-10,AAPL,162.68,166.34,161.69,164.02,164270858,164.02,-0.0104971042471041,165.5705,168.26600000000002,169.8312,0.2267030386839424,171.76024865572714,159.38075134427288,51.997463515283336,-0.6855485075416254,-0.7071872012137397,0.02163869367211424,4.95642857142857,0.0081498601143412,165.76,0.0007303712720632,164.42,-0.0089872730562758,164.3,-0.0268978228314711,168.95,0.0074562484594529,163.49,164.858,0.8496587550356005,0.1657259593338546,165.79,164.02,166.86399999999998,3.281460379495771,0.26354575938309766,173.62,164.02,165.5705,3.0948743278635673,0.22670303868394176,173.62,159.74,168.26600000000002,3.8634049696071626,0.2285329084214476,175.9,159.74,2,11,4,0.9906354090795726,0.9747661440756019,0.02835020119480341,0.008237029751609087,164.53,0.0031093769052554787
2021-11-11,AAPL,163.43,166.31,162.76,164.53,59617325,164.53,0.0031093769052554,165.4565,168.0452,169.8666,0.227070930693593,171.63410053913137,159.27889946086864,51.14553079328695,-0.7398169921592626,-0.7137131594028443,-0.026103832756418255,4.770714285714287,-0.0104971042471041,164.02,0.0081498601143412,165.76,0.0007303712720632,164.42,-0.0187037585084344,165.79,0.0041592757966846,164.17,164.60600000000002,0.6725176577671962,0.12708231379285212,165.76,164.02,166.89999999999998,3.250449541555834,0.2631842283447672,173.62,164.02,165.4565,3.0888002695656853,0.22707093069359238,173.62,159.74,168.0452,3.75130085736278,0.22827225817147057,175.9,159.74,3,11,4,0.994400340869084,0.9790818184573016,0.021576612167862608,0.006730710395846929,162.74,-0.010879474867805161
2021-11-12,AAPL,163.05,166.48,158.99,162.74,155168238,162.74,-0.0108794748678051,165.2065,167.85280000000003,169.89515,0.2286515867735618,171.39967204669983,159.01332795330018,55.22648080929719,-0.9166960955815284,-0.7543097466385812,-0.16238634894294723,4.925000000000002,0.0031093769052554,164.53,-0.0104971042471041,164.02,0.0081498601143412,165.76,-0.0089872730562758,164.3,0.0152281171955899,166.67,164.294,1.0852096571670855,0.13459462787666687,165.76,162.74,166.507,3.5086719551515566,0.2543224251104255,173.62,162.74,165.2065,3.0965860233499196,0.22865158677356112,173.62,159.74,167.85280000000003,3.772124957352206,0.22601609604975414,175.9,159.74,4,11,4,0.9850702000164336,0.9695399778796091,0.046024333292085266,-0.001901257283030365,161.3,-0.008848469952070781
2021-11-15,AAPL,160.18,162.49,160.12,161.3,72588184,161.3,-0.0088484699520707,164.949,167.5822,169.91185000000002,0.2291097259886996,171.34926940222658,158.54873059777344,48.22463765669766,-1.159701705435623,-0.8353881383979895,-0.32431356703763337,4.760000000000003,-0.0108794748678051,162.74,0.0031093769052554,164.53,-0.0104971042471041,164.02,0.0007303712720632,164.42,0.0256194876102477,170.94,163.67000000000002,1.7111399708991522,0.13997401451062352,165.76,161.3,165.543,3.479549938965608,0.20196594982368385,173.62,161.3,164.949,3.2001347011132837,0.22910972598869891,173.62,159.74,167.5822,3.74660133879209,0.22388517981960804,175.9,159.74,0,11,4,0.9778780107731609,0.9625127250927455,0.014693118412804162,0.00699213384937578,157.99,-0.020520768753874763
2021-11-16,AAPL,159.47,161.8,154.18,157.99,80073247,157.99,-0.0205207687538747,164.62,167.254,169.9189,0.23657548437346,171.73848002699754,157.50151997300247,40.740740721536326,-1.6009203261995708,-0.9884945759583058,-0.612425750241265,5.14071428571429,-0.0088484699520707,161.3,-0.0108794748678051,162.74,0.0031093769052554,164.53,0.0081498601143412,165.76,0.0156780156780156,173.62,162.116,2.6235338762838425,0.13370719856299007,164.53,157.99,163.98000000000002,2.912532307876026,0.17448611469220704,168.95,157.99,164.62,3.559240013498763,0.23657548437345935,173.62,157.99,167.254,3.8543804923222016,0.227913780443832,175.9,157.99,1,11,4,0.959725428253191,0.9446111901602079,0.04823090068961183,-0.00928074245933849,155.87,-0.013418570795620033
2021-11-17,AAPL,155.7,157.63,154.11,155.87,122752814,155.87,-0.01341857079562,164.158,166.90939999999998,169.91404999999995,0.2391073783686153,172.27230342050547,156.0436965794945,36.67308925775777,-2.09747713362205,-1.2102910874910546,-0.8871860461309953,5.063571428571431,-0.0205207687538747,157.99,-0.0088484699520707,161.3,-0.0108794748678051,162.74,-0.0104971042471041,164.02,-0.0268978228314711,168.95,160.486,3.522588536858806,0.13661907336758447,164.53,155.87,162.672,3.338465382640336,0.1475348687501935,165.79,155.87,164.158,4.057151710252743,0.2391073783686146,173.62,155.87,166.90939999999998,4.084411585528849,0.22905538252763916,175.9,155.87,2,11,4,0.9495120554529813,0.9338599263975916,0.022582921665345475,0.0010918432883681702,152.79,-0.019760056457304276
2021-11-18,AAPL,152.8,156.27,149.31,152.79,133057797,152.79,-0.0197600564573042,163.6595,166.4472,169.89535,0.2433891358008011,173.22980599521946,154.08919400478055,28.121059256188676,-2.708312499737957,-1.5098953699404352,-1.198417129797522,4.982857142857147,-0.01341857079562,155.87,-0.0205207687538747,157.99,-0.0088484699520707,161.3,0.0031093769052554,164.53,-0.0187037585084344,165.79,158.138,4.029375882194328,0.0832327489973001,162.74,152.79,161.372,4.363232237176002,0.1497618262430765,165.76,152.79,163.6595,4.785152997609733,0.2433891358008004,173.62,152.79,166.4472,4.345496397280526,0.2286033938755925,174.11,152.79,3,11,4,0.9335846681620462,0.9179487549149643,0.04555271941851205,-6.544502617770865e-05,150.62,-0.014202500163623233
2021-11-19,AAPL,149.86,153.19,148.05,150.62,76531437,150.62,-0.0142025001636232,162.99949999999998,165.9774,169.8517,0.2437087512817428,174.20426303796165,151.79473696203831,15.698852119521092,-3.329128669774775,-1.8737420299073033,-1.4553866398674717,4.890000000000001,-0.0197600564573042,152.79,-0.01341857079562,155.87,-0.0205207687538747,157.99,-0.0108794748678051,162.74,-0.0089872730562758,164.3,155.714,4.210300464338557,0.07675062506519045,161.3,150.62,160.00400000000002,5.371304828021903,0.15289020398309353,165.76,150.62,162.99949999999998,5.602381518980841,0.24370875128174213,173.62,150.62,165.9774,4.751003679138379,0.2294566692057858,173.62,150.62,4,11,4,0.9240519142640068,0.907472945106337,0.03412561412804316,0.00507139997327452,153.07,0.01626610011950591
2021-11-22,AAPL,152.99,156.37,149.78,153.07,68492853,153.07,0.0162661001195059,162.666,165.6282,169.81699999999998,0.2408475751304261,174.6492609567649,150.6827390432351,15.039128948263,-3.5821427212876813,-2.215422168183379,-1.3667205531043023,5.086428571428572,-0.0142025001636232,150.62,-0.0197600564573042,152.79,-0.01341857079562,155.87,-0.0088484699520707,161.3,0.0007303712720632,164.42,154.068,2.8786837269852223,0.24135853607277216,157.99,150.62,158.869,5.5312776301861515,0.19387376552637592,165.76,150.62,162.666,5.991630478382448,0.24084757513042548,173.62,150.62,165.6282,5.042285556437278,0.22968409023114522,173.62,150.62,0,11,4,0.9410079549448501,0.9241783705859016,0.043052198340347236,0.0005229099941137405,150.96,-0.013784543019533468
2021-11-23,AAPL,151.45,154.69,147.23,150.96,78230410,150.96,-0.0137845430195334,162.1,165.31439999999998,169.7674,0.2345177684337362,175.1792515478778,149.02074845212218,16.47409615241746,-3.907870052572264,-2.553911745061156,-1.3539583075111077,5.217857142857143,0.0162661001195059,153.07,-0.0142025001636232,150.62,-0.0197600564573042,152.79,-0.0205207687538747,157.99,0.0081498601143412,165.76,152.662,2.094079750155072,0.2277914773769206,155.87,150.62,157.389,5.462169796780758,0.17614862665800926,164.53,150.62,162.1,6.539625773938909,0.23451776843373556,173.62,150.62,165.31439999999998,5.449201461813617,0.22638670583386253,173.62,150.62,1,11,4,0.9312769895069016,0.9131690887127005,0.049417064122619175,-0.003235391218202346,157.09,0.04060678325384215
2021-11-24,AAPL,157.88,158.79,155.4,157.09,91579701,157.09,0.0406067832538421,161.78000000000003,165.0916,169.75314999999998,0.2801508662900079,175.02813710836884,148.53186289163122,35.40268454712623,-3.6295325479938754,-2.7690359056477005,-0.8604966423461748,5.400714285714287,-0.0137845430195334,150.96,0.0162661001195059,153.07,-0.0142025001636232,150.62,-0.01341857079562,155.87,-0.0104971042471041,164.02,152.906,2.5767673546537964,0.41082672325604236,157.09,150.62,156.696,4.9422716324443074,0.30542128909060773,164.53,150.62,161.78000000000003,6.624068554184409,0.28015086629000724,173.62,150.62,165.0916,5.554285111699257,0.24447835895689676,173.62,150.62,2,11,4,0.9710100135927122,0.9515323614226798,0.021579985995151867,-0.0050038003546680285,158.31,0.007766248647272267
2021-11-25,AAPL,159.12,162.15,154.48,158.31,114268176,158.31,0.0077662486472722,161.48700000000002,164.9562,169.75055,0.2814661217969521,174.7717298171933,148.20227018280676,39.857771738638334,-3.272777721922523,-2.869784268902665,-0.402993453019858,5.745714285714287,0.0406067832538421,157.09,-0.0137845430195334,150.96,0.0162661001195059,153.07,-0.0197600564573042,152.79,0.0031093769052554,164.53,154.01000000000002,3.5233010089984558,0.3634587217990824,158.31,150.62,156.074,4.1793013770215985,0.3093865343755947,162.74,150.62,161.48700000000002,6.642364908596636,0.28146612179695135,173.62,150.62,164.9562,5.636483521647093,0.2419629648217015,173.62,150.62,3,11,4,0.9803265897503803,0.9597093046459624,0.04844924515161119,-0.005090497737524584,158.81,0.003158360179394748
2021-11-26,AAPL,159.05,160.84,156.78,158.81,80135470,158.81,0.0031583601793947,161.094,164.7416,169.75535,0.2750443465286278,174.19693723600025,147.99106276399974,40.62186557777647,-2.916086302955847,-2.8790446757133017,-0.03704162724254534,5.870714285714287,0.0077662486472722,158.31,0.0406067832538421,157.09,-0.0137845430195334,150.96,-0.0142025001636232,150.62,-0.0108794748678051,162.74,155.648,3.45641722018763,0.31652835296320664,158.81,150.96,155.681,3.6317227317038503,0.3082602348235849,161.3,150.62,161.094,6.5514686180001265,0.2750443465286271,173.62,150.62,164.7416,5.662604275744234,0.23368216753233104,173.62,150.62,4,11,4,0.9858219424622531,0.9639945223248774,0.025565140734049727,-0.0015089594467054394,156.83,-0.012467728732447503
2021-11-29,AAPL,158.1,158.82,154.84,156.83,102471135,156.83,-0.0124677287324475,160.3885,164.59040000000002,169.7453,0.2564166240380136,172.75821220360592,148.0187877963941,35.38461536839985,-2.7613441792303206,-2.8555045764167057,0.09416039718638514,5.678571428571429,0.0031583601793947,158.81,0.0077662486472722,158.31,0.0406067832538421,157.09,0.0162661001195059,153.07,-0.0088484699520707,161.3,156.4,3.150825288715575,0.3493159940172414,158.81,150.96,155.23399999999998,3.0993483185944606,0.3109453714721423,158.81,150.62,160.3885,6.184856101802967,0.256416624038013,173.62,150.62,164.59040000000002,5.772057943053126,0.2254984315811785,173.62,150.62,0,11,4,0.977813247203024,0.9528502269819331,0.025377797615090302,-0.008032890575534149,158.54,0.010903526111075479
2021-11-30,AAPL,159.54,160.41,156.67,158.54,154064373,158.54,0.0109035261110754,159.6345,164.38760000000002,169.74849999999998,0.252036338601365,170.3339391884532,148.9350608115468,41.02228045300414,-2.472228906462675,-2.7788494424258996,0.3066205359632246,5.613571428571428,-0.0124677287324475,156.83,0.0031583601793947,158.81,0.0077662486472722,158.31,-0.0137845430195334,150.96,-0.0205207687538747,157.99,157.916,0.8951983020591657,0.306812375782413,158.81,156.83,155.289,3.1580143198565067,0.30016359568591394,158.81,150.62,159.6345,5.349719594226602,0.2520363386013644,168.95,150.62,164.38760000000002,5.803486130362485,0.21863929414491404,173.62,150.62,1,11,4,0.9931437126624061,0.9644279738802413,0.023590261132688403,-0.006268020559068147,157.23,-0.00826289895294563
2021-12-01,AAPL,158.04,159.72,154.74,157.23,93181618,157.23,-0.0082628989529456,159.0485,164.1468,169.74145,0.2382931453940378,168.8454453348877,149.25155466511228,38.34610470827437,-2.3220419673261006,-2.68748794740594,0.3654459800798393,5.715714285714284,0.0109035261110754,158.54,-0.0124677287324475,156.83,0.0031583601793947,158.81,0.0406067832538421,157.09,-0.01341857079562,155.87,157.94400000000002,0.864569256919084,0.16123678974818748,158.81,156.83,155.425,3.2145925955756653,0.2945293452393804,158.81,150.62,159.0485,4.898472667443862,0.23829314539403723,165.79,150.62,164.1468,5.846394821440561,0.2189485227331628,173.62,150.62,2,12,4,0.9885663806889813,0.9578621087894624,0.03167334478132874,-0.005125284738008587,157.57,0.0021624371939197307
2021-12-02,AAPL,156.17,158.84,156.17,157.57,90621163,157.57,0.0021624371939197,158.6375,163.9166,169.71075000000002,0.2320439952806608,167.91980206247297,149.355197937527,41.34583191902099,-2.1507896136740214,-2.5801482806595564,0.42935866698553493,5.371428571428573,-0.0082628989529456,157.23,0.0109035261110754,158.54,-0.0124677287324475,156.83,0.0077662486472722,158.31,-0.0197600564573042,152.79,157.796,0.8494586511476674,0.1491689964240483,158.81,156.83,155.903,3.1336065483679416,0.2708225461205895,158.81,150.62,158.6375,4.64115103123649,0.23204399528066014,165.76,150.62,163.9166,5.874720179181078,0.2190926623760709,173.62,150.62,3,12,4,0.9932708218359892,0.961281529747681,0.01694484990786997,0.008964589869956081,163.79,0.03947451926128065
2021-12-03,AAPL,162.18,166.43,161.16,163.79,43574072,163.79,0.0394745192612806,158.61200000000002,163.8372,169.70010000000002,0.273894070096965,167.8313928330758,149.39260716692425,53.59307357141981,-1.4959247825942157,-2.3633035810464884,0.8673787984522727,5.817142857142859,0.0021624371939197,157.57,-0.0082628989529456,157.23,0.0109035261110754,158.54,0.0031583601793947,158.81,-0.0142025001636232,150.62,158.792,2.86470242782904,0.3275641396263,163.79,156.83,157.21999999999997,3.4209355445513423,0.3059369734631436,163.79,150.96,158.61200000000002,4.609696416537891,0.2738940700969643,165.76,150.62,163.8372,5.848484206203178,0.23687958533188594,173.62,150.62,4,12,4,1.0326457014536563,0.9997119091329704,0.03217534648005272,0.009927241336724985,163.61,-0.0010989681909761018
2021-12-06,AAPL,162.67,166.2,161.02,163.61,27930927,163.61,-0.0010989681909761,158.5715,163.7328,169.6923,0.2739049514746665,167.69003006390608,149.45296993609395,58.91497459312155,-0.9801654444821963,-2.0866759537336304,1.106510509251434,5.642857142857143,0.0394745192612806,163.79,0.0021624371939197,157.57,-0.0082628989529456,157.23,-0.0124677287324475,156.83,0.0162661001195059,153.07,160.148,3.2785698101473515,0.294685488511283,163.79,157.23,158.274,3.6182506515929536,0.30614424337444823,163.79,150.96,158.57150000000001,4.559265031953033,0.2739049514746658,165.76,150.62,163.7328,5.80396101197927,0.23637831539160378,173.62,150.62,0,12,4,1.0317743100050656,0.9992499975508925,0.03166065643889932,0.00577857011123285,166.51,0.017725077929221733
2021-12-07,AAPL,167.06,169.88,163.14,166.51,93445364,166.51,0.0177250779292217,158.60899999999998,163.6872,169.68370000000002,0.2797792045771303,167.85725081612395,149.360749183876,66.47058820648337,-0.33357148505555756,-1.7360550599980158,1.4024835749424582,5.847142857142858,-0.0010989681909761,163.61,0.0394745192612806,163.79,0.0021624371939197,157.57,0.0109035261110754,158.54,-0.0137845430195334,150.96,161.74200000000002,4.128597824929133,0.30188415153080694,166.51,157.23,159.829,3.463820786995182,0.2869517045932519,166.51,156.83,158.60899999999998,4.624125408061982,0.2797792045771296,166.51,150.62,163.6872,5.772287432559614,0.23990214716067423,173.62,150.62,1,12,4,1.0498143232663355,1.0172450869645444,0.04047804936616138,-0.003292230336386443,164.82,-0.010149540568133997
2021-12-08,AAPL,164.53,168.39,161.25,164.82,77022450,164.82,-0.0101495405681339,158.649,163.5504,169.6715,0.2796027910648019,168.00211690237626,149.29588309762374,69.45972174142887,0.04200579352718137,-1.3804428892929765,1.422448682820158,5.859999999999999,0.0177250779292217,166.51,-0.0010989681909761,163.61,0.0394745192612806,163.79,-0.0082628989529456,157.23,0.0406067832538421,157.09,163.26,3.382883385517368,0.3092811701106261,166.51,157.57,160.602,3.642574791419775,0.24547308723295425,166.51,156.83,158.649,4.676558451188127,0.2796027910648012,166.51,150.62,163.5504,5.659429177244736,0.23764526708516193,173.62,150.62,2,12,4,1.0388971881257436,1.0077627446890516,0.04331998543839745,0.0017625964869521027,164.79,-0.0001820167455406363
2021-12-09,AAPL,164.47,167.07,162.52,164.79,65112306,164.79,-0.0001820167455406,158.662,163.4058,169.6841,0.2794220876784176,168.0501910145863,149.27380898541372,74.62634685280617,0.3333896352255863,-1.037676384389264,1.3710660196148503,5.817857142857142,-0.0101495405681339,164.82,0.0177250779292217,166.51,-0.0010989681909761,163.61,0.0021624371939197,157.57,0.0077662486472722,158.31,164.704,1.152683824823331,0.3132660786879669,166.51,163.61,161.25,3.7638957359479304,0.24613545511928592,166.51,156.83,158.662,4.694095507293135,0.2794220876784169,166.51,150.62,163.4058,5.529484638494907,0.23756219295588354,173.62,150.62,3,12,4,1.0386229847030881,1.0084709355420158,0.027610898719414845,0.001945643582404375,169.28,0.027246798956247487
2021-12-10,AAPL,170.59,171.15,167.41,169.28,88185161,169.28,0.0272467989562474,158.98899999999998,163.34220000000002,169.73105000000004,0.2918258883788667,169.37755017492253,148.60044982507742,76.30639399323964,0.9160591449867184,-0.6469292785140676,1.5629884235007858,5.801428571428572,-0.0001820167455406,164.79,-0.0101495405681339,164.82,0.0177250779292217,166.51,0.0394745192612806,163.79,0.0031583601793947,158.81,165.802,2.201765200926114,0.24280941003138332,169.28,163.61,162.29699999999997,4.410434722838634,0.2718443697524349,169.28,156.83,158.98899999999998,5.194275087461283,0.29182588837886597,169.28,150.62,163.34220000000002,5.440794993681489,0.24565768710732436,173.62,150.62,4,12,4,1.0647277484538886,1.0363519041555926,0.02209357277869752,-0.007679230904462883,167.76,-0.008979206049149369
2021-12-13,AAPL,169.08,169.47,166.05,167.76,78090244,167.76,-0.0089792060491493,159.312,163.2658,169.79225,0.2918914860514444,170.38242071182856,148.2415792881715,77.7961614464214,1.2408736139450127,-0.26936870002225155,1.5102423139672643,5.512857142857142,0.0272467989562474,169.28,-0.0001820167455406,164.79,-0.0101495405681339,164.82,-0.0010989681909761,163.61,-0.0124677287324475,156.83,166.632,1.9349082665617854,0.26426888051290204,169.28,164.79,163.39000000000001,4.2567227874111655,0.26550648826167556,169.28,157.23,159.312,5.535210355914278,0.29189148605144355,169.28,150.62,163.2658,5.3488011588335365,0.2462046189643261,173.62,150.62,0,12,4,1.0530280204814888,1.0275268917248588,0.02038626609429901,-0.007806955287391853,172.44,0.027896995708154515
2021-12-14,AAPL,173.85,173.97,170.9,172.44,125604582,172.44,0.0278969957081545,160.0345,163.2848,169.88064999999995,0.2926682029351168,172.5353555075679,147.5336444924321,76.67709415802994,1.8545502079842038,0.15541508157903952,1.6991351264051642,5.397142857142858,-0.0089792060491493,167.76,0.0272467989562474,169.28,-0.0001820167455406,164.79,0.0177250779292217,166.51,0.0109035261110754,158.54,167.81799999999998,3.2272465043762937,0.30198113089815115,172.44,164.79,164.78,4.739153698473471,0.2856502158860939,172.44,157.23,160.0345,6.250427753783957,0.29266820293511603,172.44,150.62,163.2848,5.380206444715609,0.25422811170962295,173.62,150.62,1,12,4,1.0775176602477745,1.0560689053662309,0.01780329389922402,-0.00811044003446584,174.34,0.01101832521456747
2021-12-15,AAPL,173.69,175.41,173.26,174.34,82803553,174.34,0.0110183252145674,160.958,163.3246,169.97809999999998,0.2855425181626713,174.81848013142834,147.09751986857165,77.21561965769041,2.4657834345620984,0.6174887521756514,1.848294682386447,5.0614285714285705,0.0278969957081545,172.44,-0.0089792060491493,167.76,0.0272467989562474,169.28,-0.0101495405681339,164.82,-0.0082628989529456,157.23,169.722,3.777660651780254,0.25998265723074243,174.34,164.79,166.491,4.7987508791327675,0.2697681573218746,174.34,157.57,160.958,6.930240065714175,0.28554251816267046,174.34,150.62,163.3246,5.455468782117382,0.25516407993367896,174.34,150.62,2,12,4,1.0831397010332937,1.0674448307170663,0.012332224389053995,0.0037422994990860925,172.93,-0.00808764483193758
2021-12-16,AAPL,173.59,174.98,170.88,172.93,59338439,172.93,-0.0080876448319375,161.965,163.4224,170.0485,0.2744948308516444,176.2468832607509,147.6831167392491,73.25428191615418,2.804091137042633,1.0548092291490478,1.749281907893585,5.064285714285712,0.0110183252145674,174.34,0.0278969957081545,172.44,-0.0089792060491493,167.76,-0.0001820167455406,164.79,0.0021624371939197,157.57,171.35,2.7293588990839335,0.2868415256909098,174.34,167.76,168.027,4.021271357830913,0.28322225079345087,174.34,163.61,161.965,7.1409416303754565,0.2744948308516435,174.34,150.62,163.4224,5.584043067491155,0.24927420177436446,174.34,150.62,3,12,4,1.0676998116811183,1.0581780710535509,0.02370901520832872,-0.0038020623307575005,174.64,0.009888394147921087
2021-12-17,AAPL,173.84,176.45,172.82,174.64,118877449,174.64,0.009888394147921,163.166,163.6206,170.12329999999997,0.263677532288373,177.470702796818,148.861297203182,79.59454964724748,3.1736018311565317,1.4785677495505447,1.695034081605987,5.039285714285713,-0.0080876448319375,172.93,0.0110183252145674,174.34,0.0278969957081545,172.44,0.0272467989562474,169.28,0.0394745192612806,163.79,172.422,2.7654511386044365,0.243612494858361,174.64,167.76,169.11200000000002,4.210343876161875,0.22932167717204738,174.64,163.61,163.166,7.152351398408998,0.2636775322883721,174.64,150.96,163.6206,5.802982839604022,0.24564987397424948,174.64,150.62,4,12,4,1.0703210227555353,1.067347265557837,0.02078561612448013,0.004601932811754378,177.26,0.015002290426019194
2021-12-20,AAPL,176.17,181.58,172.95,177.26,73344990,177.26,0.0150022904260191,164.3755,163.8332,170.21355,0.2631614235740768,179.168245697239,149.58275430276095,80.19354835088035,3.6359409580987005,1.910042391260176,1.7258985668385245,5.388571428571429,0.009888394147921,174.64,-0.0080876448319375,172.93,0.0110183252145674,174.34,-0.0089792060491493,167.76,-0.0010989681909761,163.61,174.322,1.8849986737418158,0.20498990142859627,177.26,172.44,170.477,4.43506996061328,0.228570981886772,177.26,164.79,164.3755,7.396372848619512,0.2631614235740759,177.26,150.96,163.8332,6.102479736859388,0.24651588486774914,177.26,150.62,0,12,4,1.0783845524358657,1.081954085001807,0.0486855466543571,0.006187205540068209,178.99,0.009759675053593764
2021-12-21,AAPL,177.86,181.88,176.09,178.99,98754928,178.99,0.0097596750535937,165.777,164.07059999999998,170.30219999999997,0.2508993849559289,180.52930023099057,151.0246997690094,84.62762567839638,4.094742941223188,2.3469825012527785,1.7477604399704099,5.446428571428571,0.0150022904260191,177.26,0.009888394147921,174.64,-0.0080876448319375,172.93,0.0278969957081545,172.44,0.0177250779292217,166.51,175.632,2.4433931325123073,0.14252773083990422,178.99,172.93,171.725,4.923725441391044,0.2226367318639685,178.99,164.79,165.777,7.376150115495291,0.2508993849559282,178.99,156.83,164.07059999999998,6.453728999578752,0.2472157953855072,178.99,150.62,1,12,4,1.0797034570472401,1.090932805748922,0.03234817587556648,0.006353311593352311,174.88,-0.02296217665791389
2021-12-22,AAPL,174.33,176.97,172.79,174.88,66092967,174.88,-0.0229621766579138,166.66649999999998,164.23399999999998,170.39635,0.2449740488021204,181.35857201180343,151.9744279881965,74.59505538379283,4.079676199326741,2.6935212408675713,1.3861549584591697,5.698571428571428,0.0097596750535937,178.99,0.0150022904260191,177.26,0.009888394147921,174.64,0.0110183252145674,174.34,-0.0101495405681339,164.82,175.74,2.383201628064294,0.2520223858586542,178.99,172.93,172.731,4.350508144009236,0.2573983808539998,178.99,164.79,166.66649999999998,7.346036005901737,0.24497404880211945,178.99,156.83,164.23399999999998,6.623122760605035,0.25311593303688573,178.99,150.62,2,12,4,1.0492810492747537,1.0648221440075454,0.023902104299954856,0.0031549360408238856,173.04,-0.01052150045745659
2021-12-23,AAPL,172.8,175.91,170.17,173.04,61688398,173.04,-0.0105215004574565,167.403,164.3586,170.47825,0.2512415769985583,181.8052105028512,153.0007894971488,65.01135991852777,3.874599108674772,2.9297368144290115,0.9448622942457607,5.475714285714285,-0.0229621766579138,174.88,0.0097596750535937,178.99,0.0150022904260191,177.26,-0.0080876448319375,172.93,-0.0001820167455406,164.79,175.762,2.351067842493771,0.25790477240116094,178.99,173.04,173.55599999999998,3.342853737615661,0.26937373766559936,178.99,167.76,167.403,7.201105251425607,0.2512415769985574,178.99,156.83,164.3586,6.730308544342107,0.25445257327853316,178.99,150.62,3,12,4,1.0336732316563404,1.0528198706909597,0.03317152103540706,0.0013888888888807394,172.46,-0.0033518261673600724
2021-12-24,AAPL,173.6,173.8,171.11,172.46,82739235,172.46,-0.00335182616736,168.0855,164.453,170.5479,0.2527868758370149,182.06051450898465,154.11048549101537,64.17814800068905,3.623503392538055,3.06849013005082,0.5550132624872348,5.297857142857144,-0.0105215004574565,173.04,-0.0229621766579138,174.88,0.0097596750535937,178.99,0.009888394147921,174.64,0.0272467989562474,169.28,175.326,2.7750639632282983,0.24339873317766894,178.99,172.46,173.87399999999997,3.0272437041679416,0.24099968123261117,178.99,167.76,168.0855,6.987507254492307,0.2527868758370139,178.99,156.83,164.453,6.8113183865731015,0.2543908332167178,178.99,150.62,4,12,4,1.0260254453773465,1.0486886830824085,0.015597819784207352,-0.006566820276459791,172.32,-0.0008117824423055087
2021-12-27,AAPL,171.01,174.71,169.93,172.32,80411571,172.32,-0.0008117824423055,168.86,164.5704,170.63395,0.2458533842331401,181.89378282529117,155.82621717470883,60.21089627968531,3.3743144024874994,3.1296549845381563,0.2446594179493431,5.157857142857144,-0.00335182616736,172.46,-0.0105215004574565,173.04,-0.0229621766579138,174.88,0.0150022904260191,177.26,-0.0089792060491493,167.76,174.338,2.7936928965096515,0.19272410129032935,178.99,172.32,174.33,2.246785357889039,0.23399921851452973,178.99,172.32,168.85999999999999,6.516891412645574,0.24585338423313916,178.99,157.23,164.5704,6.89649628878519,0.25369454344241915,178.99,150.62,0,12,4,1.0204903470270017,1.047089877638706,0.027739090064834392,0.0076603707385085205,173.99,0.00969127205199638
2021-12-28,AAPL,174.81,177.04,170.94,173.99,96926935,173.99,0.0096912720519963,169.6325,164.7588,170.71470000000002,0.2454938128665869,181.8997604499692,157.3652395500308,66.12733025234671,3.273846511108985,3.1584932898523226,0.11535322125666259,5.08357142857143,-0.0008117824423055,172.32,-0.00335182616736,172.46,-0.0105215004574565,173.04,0.0097596750535937,178.99,0.0278969957081545,172.44,173.338,1.0838450073735628,0.19238146256199745,174.88,172.32,174.485,2.1534378199578064,0.1936594321659189,178.99,172.32,169.6325,6.1336302249846,0.24549381286658595,178.99,157.23,164.7588,7.023975744926047,0.25291506939061703,178.99,150.62,1,12,4,1.0256878840963515,1.056028570242949,0.03505948617716498,-0.004690807162034794,174.52,0.003046152077705644
2021-12-29,AAPL,174.63,177.09,171.94,174.52,71849117,174.52,0.0030461520777056,170.497,164.947,170.7938,0.2407656640460974,181.45073447493485,159.54326552506518,66.81645347613444,3.2001027613268604,3.1668151841472305,0.033287577179629935,5.126428571428574,0.0096912720519963,173.99,-0.0008117824423055,172.32,-0.00335182616736,172.46,-0.0229621766579138,174.88,0.0110183252145674,174.34,173.266,0.9607705241152125,0.11906854560204717,174.52,172.32,174.503,2.1528433394988675,0.18605439232799,178.99,172.32,170.497,5.476867237467421,0.2407656640460964,178.99,157.57,164.947,7.158357823879513,0.2529058488054329,178.99,150.62,2,12,4,1.0235957230858983,1.0580368239430968,0.029509511803635664,-0.0006299032239555364,171.11,-0.019539307815723106
2021-12-30,AAPL,170.39,173.34,168.88,171.11,38377936,171.11,-0.0195393078157231,171.174,165.114,170.86050000000003,0.2563796998319431,180.28185987918968,162.06614012081033,53.28545778290859,2.833835119630578,3.1002191712439005,-0.26638405161332246,5.075000000000003,0.0030461520777056,174.52,0.0096912720519963,173.99,-0.0008117824423055,172.32,-0.0105215004574565,173.04,-0.0080876448319375,172.93,172.88000000000002,1.373371763219504,0.17259278462766472,174.52,171.11,174.321,2.366889426132045,0.2078786353470126,178.99,171.11,171.174,4.553929939594841,0.2563796998319422,178.99,163.61,165.114,7.203552694925919,0.25484780426465975,178.99,150.62,3,12,4,0.9996261114363185,1.0363143040503149,0.02606510431870693,0.004225600093877586,172.15,0.006077961545204902
2021-12-31,AAPL,172.12,176.43,167.87,172.15,67283637,172.15,0.0060779615452049,171.59199999999998,165.28060000000002,170.9246,0.2204124449247345,180.01455018263184,163.16944981736813,58.01972960130524,2.597541837736003,2.9996837045423215,-0.4021418668063186,5.442142857142861,-0.0195393078157231,171.11,0.0030461520777056,174.52,0.0096912720519963,173.99,-0.00335182616736,172.46,0.009888394147921,174.64,172.818,1.4037343053472267,0.18136465031752758,174.52,171.11,174.072,2.4587928384071454,0.20312630887079988,178.99,171.11,171.59199999999998,4.211275091315926,0.2204124449247336,178.99,163.61,165.28060000000002,7.2690432264896,0.2548024223684464,178.99,150.62,4,12,4,1.0032518998496245,1.0415620465980788,0.04972407783880499,0.000174297002090558,173.79,0.009526575660760983
2022-01-03,AAPL,173.1,177.72,169.86,173.79,109898149,173.79,0.0095265756607609,172.10099999999997,165.5616,170.96904999999998,0.2212833028749817,179.68074003164824,164.5212599683517,52.77435262068059,2.5136363680153124,2.9024742372369197,-0.38883786922160724,5.560000000000002,0.0060779615452049,172.15,-0.0195393078157231,171.11,0.0030461520777056,174.52,-0.0008117824423055,172.32,0.0150022904260191,177.26,173.11200000000002,1.4271019585189457,0.19396548324867116,174.52,171.11,173.725,2.1889380987090394,0.19234932743964542,178.99,171.11,172.10099999999997,3.789870015824138,0.22128330287498074,178.99,164.79,165.5616,7.321862805241451,0.2483608447444949,178.99,150.62,0,1,1,1.0098140045612183,1.0496999304123076,0.04522699810089625,0.003986135181952696,175.32,0.008803728638011377
2022-01-04,AAPL,175.65,178.38,172.25,175.32,71028144,175.32,0.0088037286380113,172.54149999999998,165.82240000000002,171.0186,0.2156654644388032,179.76894848331338,165.3140515166866,52.04507509479835,2.5413043177439647,2.830240253338329,-0.28893593559436415,5.785714285714287,0.0095265756607609,173.79,0.0060779615452049,172.15,-0.0195393078157231,171.11,0.0096912720519963,173.99,0.0097596750535937,178.99,173.37800000000001,1.7246072016574001,0.19176916310272327,175.32,171.11,173.358,1.3581016162201598,0.19077908741435623,175.32,171.11,172.54149999999998,3.613724241656692,0.2156654644388022,178.99,164.79,165.82240000000002,7.433968797461768,0.24679568813060515,178.99,150.62,1,1,1,1.0161033722262987,1.0572757359617442,0.034964636093800086,-0.0018787361229611944,178.24,0.01665525895505371
2022-01-05,AAPL,178.01,181.16,175.32,178.24,72491787,178.24,0.0166552589550537,173.2125,166.1174,171.07940000000002,0.2155237834076161,179.89267609285702,166.532323907143,60.42402823533818,2.7669552263035087,2.817583247931365,-0.05062802162785651,5.910000000000003,0.0088037286380113,175.32,0.0095265756607609,173.79,0.0060779615452049,172.15,0.0030461520777056,174.52,-0.0229621766579138,174.88,174.122,2.804651493502981,0.22049667364998185,178.24,171.11,173.69400000000002,2.0272707433015955,0.1716158005870923,178.24,171.11,173.2125,3.340088046428506,0.21552378340761524,178.99,164.79,166.1174,7.629609562856736,0.24876211263643835,178.99,150.62,2,1,1,1.0290250414893325,1.0729761000288172,0.03276481148994187,0.0012920622436870183,180.55,0.012960053859964127
2022-01-06,AAPL,179.33,183.69,177.4,180.55,118697380,180.55,0.0129600538599641,174.0005,166.445,171.15715,0.2171766560916389,180.1981072632485,167.8028927367515,61.33486763104383,3.0964884996615467,2.8733642982774015,0.22312420138414524,6.100000000000002,0.0166552589550537,178.24,0.0088037286380113,175.32,0.0095265756607609,173.79,-0.0195393078157231,171.11,-0.0105215004574565,173.04,176.01,3.387056243998369,0.06489846303310808,180.55,172.15,174.44500000000002,2.942513098239926,0.1641254664699788,180.55,171.11,174.0005,3.0988036316242553,0.217176656091638,180.55,167.76,166.445,7.891454497216258,0.2499642214802527,180.55,150.62,3,1,1,1.0376406964288172,1.0847427077948588,0.03483799501503824,0.006803100429338068,181.86,0.00725560786485735
2022-01-07,AAPL,180.46,183.5,180.21,181.86,60173818,181.86,0.0072556078648573,174.6295,166.74880000000002,171.25165,0.2005662747646423,181.3420161177888,167.91698388221124,59.28917605694476,3.423883645458716,2.9834681677136645,0.4404154777450513,5.718571428571429,0.0129600538599641,180.55,0.0166552589550537,178.24,0.0088037286380113,175.32,0.0060779615452049,172.15,-0.00335182616736,172.46,177.952,3.4042135655696097,0.0598359069328038,181.86,173.79,175.38500000000002,3.653483117364774,0.15882019316430734,181.86,171.11,174.6295,3.356258058894389,0.20056627476464153,181.86,167.76,166.74880000000002,8.187140897873595,0.24843458449048594,181.86,150.62,4,1,1,1.0414048027335507,1.0906225412051505,0.018090839106905867,0.007757951900655258,181.73,-0.0007148355878149326
2022-01-10,AAPL,181.9,184.07,179.38,181.73,43159620,181.73,-0.0007148355878149,175.328,166.9646,171.335,0.1957426563507972,181.9373063574258,168.7186936425742,55.91537129607874,3.631000826405682,3.112974699452068,0.5180261269536137,5.640000000000001,0.0072556078648573,181.86,0.0129600538599641,180.55,0.0166552589550537,178.24,0.0095265756607609,173.79,-0.0008117824423055,172.32,179.54000000000002,2.770243671594237,0.10401865918052428,181.86,175.32,176.326,3.974102833761875,0.15871530574754572,181.86,171.11,175.328,3.3046531787128908,0.19574265635079635,181.86,171.11,166.9646,8.43822237058919,0.24244737278585576,181.86,150.62,0,1,1,1.03651441868363,1.088434314812311,0.025807516645431083,-0.0009345794392472861,177.31,-0.024321796071094415
2022-01-11,AAPL,178.74,178.74,176.29,177.31,75021458,177.31,-0.0243217960710944,175.5715,167.0384,171.40650000000002,0.1992028771071413,182.0910391345024,169.0519608654976,55.1768214413091,3.3993006026301487,3.1702398800876845,0.22906072254246412,5.5857142857142845,-0.0007148355878149,181.73,0.0072556078648573,181.86,0.0129600538599641,180.55,0.0088037286380113,175.32,0.0096912720519963,173.99,179.93800000000002,2.0657613608565364,0.25866865973356457,181.86,177.31,176.658,3.8951616711537635,0.21476773522906123,181.86,171.11,175.5715,3.2597695672511935,0.19920287710714055,181.86,171.11,167.0384,8.513419025879417,0.24687048234187567,181.86,150.62,1,1,1,1.0099019487729508,1.0614924472393086,0.013817607579866897,-0.00800044757744213,178.52,0.006824206192544091
2022-01-12,AAPL,177.96,181.11,175.93,178.52,65914408,178.52,0.006824206192544,175.78050000000002,167.22979999999998,171.48289999999997,0.1970811801880636,182.4010309852237,169.1599690147763,61.99649733502844,3.275554836394292,3.191302871349006,0.08425196504528598,5.5457142857142845,-0.0243217960710944,177.31,-0.0007148355878149,181.73,0.0072556078648573,181.86,0.0166552589550537,178.24,0.0030461520777056,174.52,179.994,2.0113005742573256,0.23255406266571862,181.86,177.31,177.058,3.8564024686203413,0.216128467856336,181.86,171.11,175.78050000000002,3.3102654926118666,0.19708118018806284,181.86,171.11,167.22979999999998,8.663526757478873,0.2390814344803275,181.86,150.62,2,1,1,1.0155847776003846,1.0675130867759963,0.02901635671057019,0.0031467745560623483,179.14,0.003473000224064382
2022-01-13,AAPL,179.97,181.98,176.3,179.14,54354538,179.14,0.0034730002240643,176.09099999999998,167.4968,171.56795,0.1940585058888252,182.73110114063672,169.45089885936324,64.59790205837535,3.19073345445571,3.1911889879703472,-0.00045553351463700764,5.759285714285712,0.006824206192544,178.52,-0.0243217960710944,177.31,-0.0007148355878149,181.73,0.0129600538599641,180.55,-0.0195393078157231,171.11,179.712,2.0127021637609195,0.2088168594520842,181.86,177.31,177.86100000000002,3.2720107647172765,0.17845036387839558,181.86,172.15,176.09099999999998,3.320050570318378,0.19405850588882445,181.86,171.11,167.4968,8.822505414898849,0.23472441147495246,181.86,150.62,3,1,1,1.0173149110345372,1.0695129697936347,0.031707044769276944,-0.004611879757711845,179.93,0.004409958691526272
2022-01-14,AAPL,180.5,181.65,178.21,179.93,74580214,179.93,0.0044099586915262,176.3555,167.80939999999998,171.65085,0.192007362428519,183.17135296048392,169.5396470395161,66.17084568948611,3.1509362639972096,3.18313844317572,-0.03220217917851054,5.663571428571426,0.0034730002240643,179.14,0.006824206192544,178.52,-0.0243217960710944,177.31,0.0072556078648573,181.86,0.0060779615452049,172.15,179.326,1.6501908980502589,0.2021742500371039,181.73,177.31,178.63899999999998,2.6239683687082636,0.17827403847906617,181.86,173.79,176.3555,3.4079264802419598,0.19200736242851832,181.86,171.11,167.80939999999998,8.98237785208081,0.2335239473041607,181.86,150.62,4,1,1,1.0202687185768504,1.072228373374363,0.019118546101155334,-0.0031578947368245723,176.58,-0.018618351581170423
2022-01-17,AAPL,178.1,180.86,172.29,176.58,97380783,176.58,-0.0186183515811704,176.3215,168.05259999999998,171.71259999999998,0.1977972008478703,183.1251283663468,169.51787163365324,55.13685042554876,2.8166115562135303,3.1098330657832824,-0.2932215095697521,5.839999999999999,0.0044099586915262,179.93,0.0034730002240643,179.14,0.006824206192544,178.52,-0.0007148355878149,181.73,0.0095265756607609,173.79,178.296,1.3554814642805275,0.23233954001036797,179.93,176.58,178.918,2.1580639471483583,0.20928641883685078,181.86,175.32,176.32150000000001,3.4018141831733906,0.19779720084786973,181.86,171.11,168.05259999999998,9.053075429636856,0.23802926098996924,181.86,150.62,0,1,1,1.0014660719140807,1.0507424461088333,0.04853324272257044,-0.008534531162220367,173.8,-0.01574357231849588
2022-01-18,AAPL,174.91,177.83,169.76,173.8,79703317,173.8,-0.0157435723184958,176.062,168.2134,171.7473,0.201585502254031,182.83290866948576,169.29109133051426,48.689002160173125,2.3008117246882307,2.9480287975642723,-0.6472170728760416,6.048571428571429,-0.0186183515811704,176.58,0.0044099586915262,179.93,0.0034730002240643,179.14,-0.0243217960710944,177.31,0.0088037286380113,175.32,177.594,2.4559682408386725,0.19366256029404819,179.93,173.8,178.76600000000002,2.47054739772908,0.22177214695415337,181.86,173.8,176.062,3.3854543347428723,0.20158550225403046,181.86,171.11,168.2134,9.08287727719876,0.24064537665787178,181.86,150.62,1,1,1,0.9871522531779309,1.0332113850559277,0.04643268124254079,-0.006346120862121315,176.62,0.016225546605293406
2022-01-19,AAPL,176.86,180.06,173.19,176.62,90451976,176.62,0.0162255466052934,176.149,168.46540000000002,171.80219999999997,0.1938170211046889,182.9006482198202,169.3973517801798,60.25307030727416,2.0954322358899446,2.7775094852294067,-0.682077249339462,6.136428571428572,-0.0157435723184958,173.8,-0.0186183515811704,176.58,0.0044099586915262,179.93,0.006824206192544,178.52,0.0166552589550537,178.24,177.214,2.423650139770233,0.23388036889675248,179.93,173.8,178.604,2.560352406296033,0.22083461905523655,181.86,173.8,176.149,3.375824109910096,0.19381702110468832,181.86,171.11,168.46540000000002,9.138777484891927,0.24152172938203534,181.86,150.62,2,1,1,1.002673872681635,1.0484051918017088,0.038897067149592957,-0.0013570055410983381,176.58,-0.00022647491790284136
2022-01-20,AAPL,177.13,179.34,173.81,176.58,165238471,176.58,-0.0002264749179028,176.326,168.7064,171.85995,0.1894004186932035,182.9181944273824,169.73380557261763,58.56204094240942,1.9074519271632084,2.603497973616167,-0.6960460464529588,5.92,0.0162255466052934,176.62,-0.0157435723184958,173.8,-0.0186183515811704,176.58,0.0034730002240643,179.14,0.0129600538599641,180.55,176.70200000000003,2.172445626479151,0.2298152107170014,179.93,173.8,178.20700000000002,2.5327238301838837,0.20729277226941445,181.86,173.8,176.326,3.2960972136911852,0.18940041869320304,181.86,171.11,168.7064,9.19161191699547,0.2415302051009701,181.86,150.62,3,1,1,1.0014405135884588,1.0466704286200958,0.03131724997150687,-0.003105064077213786,178.45,0.010590100804168001
2022-01-21,AAPL,179.87,182.45,174.45,178.45,69747047,178.45,0.010590100804168,176.6255,169.0206,171.9388,0.1915261455988532,183.01944936021877,170.23155063978123,58.92720303352564,1.8876103527799728,2.4603204494489286,-0.5727100966689558,5.930000000000001,-0.0002264749179028,176.58,0.0162255466052934,176.62,-0.0157435723184958,173.8,0.0044099586915262,179.93,0.0072556078648573,181.86,176.406,1.6639951923032825,0.24565638595324885,178.45,173.8,177.866,2.19302024107371,0.21214530568488318,181.73,173.8,176.6255,3.1969746801093817,0.19152614559885278,181.86,171.11,169.0206,9.251811165211624,0.2406661134450629,181.86,150.62,4,1,1,1.0103297655151136,1.055788466015055,0.044830484729364926,-0.007894590537566694,178.59,0.0007845334827683015
2022-01-24,AAPL,178.23,179.95,177.23,178.59,89421942,178.59,0.0007845334827683,176.93900000000002,169.3664,172.02345000000005,0.1913235540971846,183.0528080130996,170.82519198690042,56.61675431838793,1.861721821821277,2.3406007239233984,-0.47887890210212136,5.686428571428572,0.010590100804168,178.45,-0.0002264749179028,176.58,0.0162255466052934,176.62,-0.0186183515811704,176.58,-0.0007148355878149,181.73,176.808,1.9369486312260293,0.19391824896810442,178.59,173.8,177.552,1.7604216666542083,0.21249531000739955,179.93,173.8,176.93900000000002,3.0569040065498063,0.19132355409718413,181.86,171.11,169.3664,9.280428552736582,0.23941021630637882,181.86,150.62,0,1,1,1.0093308993437888,1.0544594441338162,0.015230416036646892,0.0020198619760870436,178.73,0.0007839184724787174
2022-01-25,AAPL,178.11,182.45,175.01,178.73,65257520,178.73,0.0007839184724787,177.176,169.78119999999998,172.10395,0.1890861019567039,183.174882001102,171.17711799889798,51.1171910298385,1.831390672815786,2.238758713701876,-0.40736804088609,5.800714285714286,0.0007845334827683,178.59,0.010590100804168,178.45,-0.0002264749179028,176.58,-0.0157435723184958,173.8,-0.0243217960710944,177.31,177.794,1.094545567808068,0.11722696548898269,178.73,176.58,177.69400000000002,1.7956503000253623,0.17081412879405009,179.93,173.8,177.176,2.9994410005510037,0.1890861019567035,181.86,171.11,169.78119999999998,9.22490299489947,0.2337456687867466,181.86,150.62,1,1,1,1.0087709396249562,1.0527078380818802,0.04162703519251593,0.0034809948907781434,181.32,0.014491131874895036
2022-01-26,AAPL,179.55,182.68,179.55,181.32,57024599,181.32,0.014491131874895,177.51600000000002,170.2902,172.18785,0.1946790395504855,183.65033271796727,171.38166728203277,51.733453366759605,1.9933660897167158,2.189680188904844,-0.19631409918812803,5.633571428571431,0.0007839184724787,178.73,0.0007845334827683,178.59,0.010590100804168,178.45,0.0162255466052934,176.62,0.006824206192544,178.52,178.734,1.6903047062610346,0.10760388745898841,181.32,176.58,177.974,2.1265736656736816,0.18227357504183422,181.32,173.8,177.51600000000002,3.067166358983632,0.19467903955048513,181.86,171.11,170.2902,9.143427770139255,0.23231766585431654,181.86,150.62,2,1,1,1.0214290542766769,1.0647706092243432,0.017262298698338483,0.009857978278975905,179.98,-0.007390249283035555
2022-01-27,AAPL,181.16,183.74,176.23,179.98,63311283,179.98,-0.0073902492830355,177.9595,170.83399999999995,172.2761,0.181171450593064,183.3854279099704,172.53357209002957,45.7733812661498,1.9906588968075596,2.149875930485387,-0.15921703367782758,5.935000000000004,0.014491131874895,181.32,0.0007839184724787,178.73,0.0007845334827683,178.59,-0.0002264749179028,176.58,0.0034730002240643,179.14,179.414,1.2277336844805398,0.1383460795564651,181.32,178.45,178.058,2.1932917929154234,0.18726563329119877,181.32,173.8,177.9595,2.7129639549852156,0.18117145059306355,181.86,172.15,170.83399999999997,8.886312106669502,0.22766169309480497,181.86,150.62,3,1,1,1.0113537068770628,1.0535373520431912,0.04172685853960603,-0.006513579156510782,180.3,0.0017779753305924295
2022-01-28,AAPL,181.39,182.2,178.41,180.3,66057343,180.3,0.0017779753305924,178.36700000000002,171.4276,172.355,0.1807165860022986,183.1408282111381,173.5931717888619,46.81230491951087,1.991379370775519,2.118176618543414,-0.12679724776789492,5.87071428571429,-0.0073902492830355,179.98,0.014491131874895,181.32,0.0007839184724787,178.73,0.010590100804168,178.45,0.0044099586915262,179.93,179.784,1.1402324324488142,0.12478682151021799,181.32,178.59,178.095,2.2311743295561133,0.18620207156236823,181.32,173.8,178.36700000000002,2.3869141055690584,0.18071658600229812,181.86,173.79,171.4276,8.490981905191136,0.2241131497810067,181.86,150.96,4,1,1,1.0108372064282585,1.0517559599443045,0.021020521353183424,-0.00600915155187147,179.12,-0.006544647809206938
2022-01-31,AAPL,177.7,183.16,175.08,179.12,92371358,179.12,-0.0065446478092069,178.6335,171.9486,172.4108,0.1812872368096551,182.89958300558132,174.36741699441865,54.71599787566316,1.8751190085478413,2.0695650965442995,-0.19444608799645824,6.059285714285717,0.0017779753305924,180.3,-0.0073902492830355,179.98,0.014491131874895,181.32,0.0007845334827683,178.59,-0.0186183515811704,176.58,179.89000000000001,1.0197548725101238,0.13958565021910052,181.32,178.73,178.349,2.1836129591887206,0.15992345763718147,181.32,173.8,178.6335,2.1330415027906753,0.1812872368096546,181.86,173.8,171.9486,8.133254239885124,0.22338537955273274,181.86,150.96,0,1,1,1.0027234533220102,1.0417066495392129,0.04510942384968108,0.007990996060731712,178.02,-0.006141134435015627
2022-02-01,AAPL,178.29,182.27,173.76,178.02,204722816,178.02,-0.0061411344350156,178.7685,172.4898,172.4556,0.1811437677642938,182.75479375419323,174.78220624580675,48.68972742758615,1.674913664824743,1.9906348102003883,-0.31572114537564544,6.297142857142861,-0.0065446478092069,179.12,0.0017779753305924,180.3,-0.0073902492830355,179.98,0.0007839184724787,178.73,-0.0157435723184958,173.8,179.748,1.2460016051386695,0.14751708262619667,181.32,178.02,178.77100000000002,1.5109779761551572,0.13652897956203786,181.32,176.58,178.7685,1.9931468770966267,0.18114376776429342,181.86,173.8,172.4898,7.5903229180316565,0.2210354757999179,181.86,156.83,1,2,1,0.9958130207447298,1.032061026211219,0.04780361757079101,-0.0015143866733886783,177.25,-0.004325356701494254
2022-02-02,AAPL,177.12,178.67,175.84,177.25,60075929,177.25,-0.0043253567014942,178.719,172.893,172.47209999999998,0.1719014391778476,182.7571752001804,174.68082479981962,45.08580339931355,1.437545789659083,1.8800170060921273,-0.4424712164330442,6.093571428571432,-0.0061411344350156,178.02,-0.0065446478092069,179.12,0.0017779753305924,180.3,0.014491131874895,181.32,0.0162255466052934,176.62,178.93400000000003,1.2909221510254831,0.05868625222833734,180.3,177.25,178.834,1.4218313698979752,0.115811669519936,181.32,176.58,178.719,2.0190876000901907,0.1719014391778472,181.86,173.8,172.893,7.284893861369897,0.20453672861545627,181.86,156.83,2,2,1,0.991780392677937,1.0252005575643595,0.015966149506256803,0.0007339656729858937,177.9,0.003667136812411931
2022-02-03,AAPL,176.55,180.44,175.37,177.9,67719658,177.9,0.0036671368124119,178.5865,173.2848,172.5016,0.1654950901317826,182.5448264672127,174.62817353278732,44.683080113904495,1.287043371342321,1.761422279142166,-0.47437890779984504,6.2100000000000035,-0.0043253567014942,177.25,-0.0061411344350156,178.02,-0.0065446478092069,179.12,-0.0073902492830355,179.98,-0.0002264749179028,176.58,178.518,1.2016322232731287,0.07492580679283681,180.3,177.25,178.966,1.2388184334649952,0.11688518904243911,181.32,177.25,178.5865,1.9791632336063416,0.16549509013178224,181.86,173.8,173.2848,7.006039738420158,0.20420056358518734,181.86,156.83,3,2,1,0.9961559244343994,1.0266336112513814,0.02849915682951936,0.007646559048384864,176.69,-0.006801573917931458
2022-02-04,AAPL,178.39,181.04,172.34,176.69,78005351,176.69,-0.0068015739179314,178.328,173.6424,172.5407,0.1640630883391291,182.05469233898617,174.60130766101383,50.32448373424522,1.0579369937853755,1.6207252220708082,-0.5627882282854326,6.219285714285716,0.0036671368124119,177.9,-0.0043253567014942,177.25,-0.0061411344350156,178.02,0.0017779753305924,180.3,0.010590100804168,178.45,177.796,0.913142924195559,0.07000779949993818,179.12,176.69,178.79,1.4304700082231543,0.10825724144329218,181.32,176.69,178.328,1.8633461694930853,0.16406308833912872,181.73,173.8,173.6424,6.701852792857986,0.20523613092784979,181.86,156.83,4,2,1,0.9908146785642703,1.0175510128803935,0.0492387797835234,-0.009529682157018101,180.11,0.019355934121908502
2022-02-07,AAPL,179.08,182.75,177.47,180.11,93723239,180.11,0.0193559341219085,178.247,174.108,172.61884999999998,0.1798663415680299,181.72444068018356,174.7695593198165,67.93632740471239,1.1392019459127312,1.5244205668391928,-0.38521862092646164,6.075714285714286,-0.0068015739179314,176.69,0.0036671368124119,177.9,-0.0043253567014942,177.25,-0.0065446478092069,179.12,0.0007845334827683,178.59,177.994,1.2981640882447798,0.17464839460025033,180.11,176.69,178.942,1.4865156873946666,0.14911594318408786,181.32,176.69,178.247,1.738720340091767,0.17986634156802953,181.32,173.8,174.108,6.307042710739886,0.20595915657651,181.86,157.23,0,2,1,1.010451788804241,1.0344728559225627,0.02931541835528669,0.005751619387950913,177.77,-0.01299206040752876
2022-02-08,AAPL,176.23,181.73,173.81,177.77,88894205,177.77,-0.0129920604075287,178.27,174.4926,172.66635000000002,0.1636332715899332,181.72737350873928,174.81262649126074,53.36060778801588,1.003222042925188,1.420180862056392,-0.41695881913120414,6.150714285714285,0.0193559341219085,180.11,-0.0068015739179314,176.69,0.0036671368124119,177.9,-0.0061411344350156,178.02,0.0007839184724787,178.73,177.94400000000002,1.301721936516553,0.19789463909607524,180.11,176.69,178.846,1.5320298807585566,0.16461386464662894,181.32,176.69,178.27,1.7286867543696354,0.1636332715899327,181.32,173.8,174.4926,5.912305330962307,0.20813117789439228,181.86,157.23,1,2,1,0.9971952656027532,1.018782458390678,0.04455194914752453,0.0087385802643777,177.33,-0.002475108285987515
2022-02-09,AAPL,177.67,180.31,174.36,177.33,133708887,177.33,-0.0024751082859875,178.2105,174.89460000000005,172.70305,0.1619459517948873,181.69064201161927,174.73035798838072,52.14163331068058,0.850152636961468,1.3061752170374072,-0.4560225800759392,6.180714285714283,-0.0129920604075287,177.77,0.0193559341219085,180.11,-0.0068015739179314,176.69,-0.0043253567014942,177.25,0.014491131874895,181.32,177.96,1.2915107432802884,0.19590189160276666,180.11,176.69,178.447,1.3211783461000424,0.14183667552210316,180.3,176.69,178.2105,1.7400710058096422,0.16194595179488688,181.32,173.8,174.89460000000003,5.37337662623245,0.2070122228042353,181.86,157.57,2,2,1,0.995059213677112,1.013924958226189,0.033553262279176876,-0.0019136601564589484,176.23,-0.006203124118874581
2022-02-10,AAPL,177.07,178.43,174.02,176.23,30309761,176.23,-0.0062031241188745,178.065,175.26780000000002,172.7347,0.1626088319243853,181.62395017045404,174.50604982954596,43.36917559096967,0.6327888273094118,1.171497939091808,-0.5387091117823963,5.924285714285712,-0.0024751082859875,177.33,-0.0129920604075287,177.77,0.0193559341219085,180.11,0.0036671368124119,177.9,-0.0073902492830355,179.98,177.62600000000003,1.5086020018575024,0.19726784270616401,180.11,176.23,178.072,1.3690369688958601,0.14073820763284148,180.3,176.23,178.065,1.7794750852270167,0.16260883192438486,181.32,173.8,175.26780000000002,4.758372337902569,0.20793057112301885,181.86,163.61,3,2,1,0.9896947743745841,1.005489884616538,0.025024116211626698,-0.004743886598493588,180.15,0.022243658854905535
2022-02-11,AAPL,178.47,182.08,178.22,180.15,30791992,180.15,0.0222436588549055,178.076,175.595,172.78205000000003,0.1813802886725058,181.6604893932765,174.49151060672352,53.80116955393681,0.7679848302622361,1.0907953173258937,-0.32281048706365767,6.147857142857142,-0.0062031241188745,176.23,-0.0024751082859875,177.33,-0.0129920604075287,177.77,-0.0068015739179314,176.69,0.0017779753305924,180.3,178.318,1.7466882950338798,0.2514238021959271,180.15,176.23,178.05700000000002,1.342477394795493,0.18646750474700644,180.15,176.23,178.076,1.7922446966382413,0.18138028867250539,181.32,173.8,175.595,4.5089621639477,0.19531351005453249,181.86,163.61,4,2,1,1.0116467126338664,1.025940374150597,0.021426588953530876,0.009413346780918886,180.75,0.0033305578684428294
2022-02-14,AAPL,181.32,182.38,179.11,180.75,65606538,180.75,0.0033305578684428,178.2845,175.93779999999998,172.8464,0.1675031590166999,181.98580830354345,174.5831916964566,54.81410863835093,0.9130189085841209,1.0552400355775393,-0.14222112699341838,5.849999999999999,0.0222436588549055,180.15,-0.0062031241188745,176.23,-0.0024751082859875,177.33,0.0193559341219085,180.11,-0.0065446478092069,179.12,178.446,1.9251701223549869,0.21241957025469244,180.75,176.23,178.22,1.5661985116067365,0.18335844984523153,180.75,176.23,178.2845,1.8506541517717077,0.16750315901669935,181.32,173.8,175.93779999999998,4.22157833430179,0.1952075205165696,181.86,164.79,0,2,1,1.0138290204644047,1.0273517117923077,0.018091286306953752,-0.0031436135009753454,183.63,0.015933609958506123
2022-02-15,AAPL,183.75,187.34,179.91,183.63,124082505,183.63,0.0159336099585061,178.776,176.2802,172.8935,0.1626230807482278,182.5792030821656,174.97279691783444,55.43018332035624,1.2459884125846372,1.093389710978959,0.15259870160567823,6.098571428571426,0.0033305578684428,180.75,0.0222436588549055,180.15,-0.0062031241188745,176.23,-0.0129920604075287,177.77,-0.0061411344350156,178.02,179.618,2.9314706206967314,0.19259928769564164,183.63,176.23,178.781,2.313191398139366,0.1926513247788696,183.63,176.23,178.776,1.9016015410827902,0.16262308074822726,183.63,176.23,176.2802,4.134694169771673,0.19450875601316212,183.63,164.79,1,2,1,1.0271512954701574,1.0416938487644007,0.040461798180904784,-0.0006530612244862666,179.64,-0.02172847573925829
2022-02-16,AAPL,178.22,181.93,177.35,179.64,42767027,179.64,-0.0217284757392582,178.927,176.57659999999998,172.9187,0.1763075018325841,182.6076126492293,175.24638735077065,49.289297630014616,1.1743720591652504,1.1095861806162173,0.06478587854903317,6.010714285714282,0.0159336099585061,183.63,0.0033305578684428,180.75,0.0222436588549055,180.15,-0.0024751082859875,177.33,-0.0043253567014942,177.25,180.07999999999998,2.649169681241276,0.27876552482317163,183.63,176.23,179.02,2.2602949659977782,0.22815540101219237,183.63,176.23,178.927,1.8403063246146696,0.17630750183258348,183.63,176.23,176.57659999999998,3.8152447216013297,0.19990062159610708,183.63,164.79,2,2,1,1.0039848653305317,1.0173488446316368,0.02549543531493274,0.007967680394972618,180.42,0.004342017368069495
2022-02-17,AAPL,179.24,183.17,177.68,180.42,24022086,180.42,0.0043420173680694,179.119,176.88920000000002,172.94605000000004,0.1766635484014722,182.6828884736498,175.5551115263502,50.2461033345592,1.1671014454131523,1.1210892335756042,0.04601221183754811,6.132142857142853,-0.0217284757392582,179.64,0.0159336099585061,183.63,0.0033305578684428,180.75,-0.0062031241188745,176.23,0.0036671368124119,177.9,180.918,1.569576375971482,0.26732932744047255,183.63,179.64,179.272,2.2620285880852506,0.2283654921993328,183.63,176.23,179.119,1.7819442368248963,0.17666354840147155,183.63,176.23,176.88920000000002,3.452920585739087,0.19992780816126388,183.63,167.76,3,2,1,1.0072633277262197,1.0199605176516149,0.030428999002159143,0.006583351930335835,182.91,0.01380113069504496
2022-02-18,AAPL,183.16,185.62,180.19,182.91,100534243,182.91,0.0138011306950449,179.342,177.1618,172.976,0.1792910605753771,183.26925215305383,175.4147478469462,57.37641102361733,1.346737272867614,1.1662188414340062,0.18051843143360768,5.94285714285714,0.0043420173680694,180.42,-0.0217284757392582,179.64,0.0159336099585061,183.63,0.0222436588549055,180.15,-0.0068015739179314,176.69,181.46999999999997,1.7109208047152935,0.2377546508625478,183.63,179.64,179.894,2.327383843618687,0.23080055911976524,183.63,176.23,179.342,1.9636260765269071,0.17929106057537644,183.63,176.23,177.1618,3.377128770817865,0.19332799831119352,183.63,167.76,4,2,1,1.0198949493090301,1.0324460464895229,0.02968673117910623,-0.0013649268399139282,183.2,0.0015854791974194704
2022-02-21,AAPL,182.45,186.23,180.17,183.2,88189642,183.2,0.0015854791974194,179.5725,177.4706,173.00064999999998,0.179283327577309,183.8402930941785,175.3047069058215,60.40996781166634,1.4952640633477188,1.2320278858167488,0.26323617753096995,5.767857142857139,0.0138011306950449,182.91,0.0043420173680694,180.42,-0.0217284757392582,179.64,0.0033305578684428,180.75,0.0193559341219085,180.11,181.95999999999998,1.801596514208294,0.23798724069242755,183.63,179.64,180.203,2.553398824221813,0.21332683917409528,183.63,176.23,179.5725,2.133896547089255,0.1792833275773084,183.63,176.23,177.4706,3.2012213294290635,0.19179723506319352,183.63,171.11,0,2,1,1.0202007545642,1.0322836571182366,0.03307860261990679,0.0041107152644334856,186.21,0.016430131004366855
2022-02-22,AAPL,187.84,190.37,182.06,186.21,51725105,186.21,0.0164301310043668,179.9465,177.746,173.03705000000002,0.1870777862690124,185.1186084980663,174.7743915019337,66.51917400695909,1.8347051206942524,1.3525633327922495,0.4821417879020029,6.159285714285711,0.0015854791974194,183.2,0.0138011306950449,182.91,0.0043420173680694,180.42,0.0159336099585061,183.63,-0.0129920604075287,177.77,182.47599999999997,2.594480680214696,0.2397349393271023,186.21,179.64,181.047,3.013300331674698,0.20731092611443505,186.21,176.23,179.9465,2.5860542490331375,0.18707778626901167,186.21,176.23,177.746,3.34853303244556,0.18540466391720015,186.21,171.11,1,2,1,1.0348075677991249,1.047618511803092,0.04462703399363823,-0.008677597955660765,184.83,-0.007410987594651197
2022-02-23,AAPL,186.01,189.38,180.28,184.83,53936681,184.83,-0.0074109875946511,180.122,177.9558,173.0768,0.1839937338733049,185.71168825041448,174.53231174958557,62.441651674176526,1.9696551784934968,1.475981701932499,0.4936734765609978,6.447142857142855,0.0164301310043668,186.21,0.0015854791974194,183.2,0.0138011306950449,182.91,-0.0217284757392582,179.64,-0.0024751082859875,177.33,183.51399999999998,2.181543031894382,0.15296946815157295,186.21,180.42,181.797,2.917186810759814,0.21349991745555802,186.21,176.23,180.122,2.7948441252072325,0.18399373387330423,186.21,176.23,177.9558,3.4576222158798955,0.18520862891208795,186.21,171.11,2,2,1,1.0261378399028096,1.038628693186518,0.049234431639618895,-0.00634374495991417,188.85,0.02174971595520203
2022-02-24,AAPL,190.67,191.33,186.36,188.85,54278551,188.85,0.021749715955202,180.5655,178.2742,173.13010000000003,0.1950635410396131,187.3808988955336,173.75010110446635,69.83039788070363,2.37362282858129,1.6555099272622573,0.7181129013190326,6.289999999999998,-0.0074109875946511,184.83,0.0164301310043668,186.21,0.0015854791974194,183.2,0.0043420173680694,180.42,-0.0062031241188745,176.23,185.2,2.435343918218994,0.18863991871367985,188.85,182.91,183.05900000000003,2.970534744225188,0.22121748810778868,188.85,179.64,180.5655,3.4076994477668228,0.19506354103961238,188.85,176.23,178.2742,3.7092229727013253,0.1895461512066967,188.85,171.11,3,2,1,1.0458808576331255,1.0593232223111402,0.026317182949291407,-0.009545287669745887,195.54,0.035424940428911755
2022-02-25,AAPL,194.6,199.75,191.32,195.54,83616491,195.54,0.0354249404289117,181.3275,178.6922,173.19099999999997,0.2273502267420388,190.87723876743715,171.77776123256288,72.7379899493565,3.1967470806035294,1.963757357930512,1.2329897226730173,6.635714285714284,0.021749715955202,188.85,-0.0074109875946511,184.83,0.0164301310043668,186.21,0.0138011306950449,182.91,0.0222436588549055,180.15,187.726,4.834555822410695,0.2675874333120538,195.54,183.2,184.598,4.749790170802214,0.2540615669528561,195.54,179.64,181.32750000000001,4.774869383718562,0.22735022674203806,195.54,176.23,178.6922,4.403900539200901,0.2032985168833439,195.54,171.11,4,2,1,1.0783802787714034,1.094283913897225,0.04311138385985935,0.0048304213771591335,194.54,-0.005114043162524284
2022-02-28,AAPL,196.37,198.49,190.6,194.54,62271292,194.54,-0.0051140431625242,182.0985,179.03780000000003,173.22789999999998,0.2265118243814595,193.25288507116204,170.94411492883796,75.72875111812813,3.725442752921765,2.316094436928763,1.409348315993002,6.633571428571429,0.0354249404289117,195.54,0.021749715955202,188.85,-0.0074109875946511,184.83,0.0015854791974194,183.2,0.0033305578684428,180.75,189.994,4.840416304410617,0.2897754983025876,195.54,184.83,185.977,5.457557553010995,0.2621374183807857,195.54,179.64,182.0985,5.577192535581024,0.22651182438145875,195.54,176.23,179.03780000000003,4.935196908999902,0.2018677364740995,195.54,171.11,0,2,1,1.0683229131427863,1.086586184587352,0.04055721188423696,-0.009319142435151466,193.31,-0.006322607175902051
2022-03-01,AAPL,193.05,196.5,190.13,193.31,97480484,193.31,-0.006322607175902,182.863,179.32420000000002,173.2357,0.2266229546410913,194.9012794714008,170.8247205285992,73.93648888450832,3.999088162824421,2.6526931821078947,1.3463949807165263,6.66357142857143,-0.0051140431625242,194.54,0.0354249404289117,195.54,0.021749715955202,188.85,0.0164301310043668,186.21,0.0159336099585061,183.63,191.414,4.480896115734388,0.3130173621461862,195.54,184.83,186.945,5.8400784812063735,0.26587411412406026,195.54,179.64,182.863,6.0191397357004,0.2266229546410905,195.54,176.23,179.32420000000002,5.331930036896302,0.20189309435590613,195.54,171.11,1,3,1,1.0571302012924588,1.077991704404213,0.03295225285793313,0.0013468013467943232,197.64,0.02239925508250984
2022-03-02,AAPL,197.04,202.41,192.87,197.64,25538215,197.64,0.0223992550825098,183.8825,179.77939999999998,173.27215,0.2330147421580127,197.29449129608588,170.4705087039141,79.2406446023117,4.51332216587835,3.024818978861986,1.4885031870163639,7.030000000000001,-0.006322607175902,193.31,-0.0051140431625242,194.54,0.0354249404289117,195.54,-0.0074109875946511,184.83,-0.0217284757392582,179.64,193.976,3.275229762933034,0.29349542826222386,197.64,188.85,188.74499999999998,6.106268636954152,0.23027893804030447,197.64,180.42,183.8825,6.70599564804294,0.23301474215801188,197.64,176.23,179.77939999999998,5.887381320783945,0.1991536764357494,197.64,171.11,2,3,1,1.0748167987651092,1.0993473111986172,0.04826958105622204,0.00304506699145833,202.45,0.024337178708763396
2022-03-03,AAPL,200.63,204.27,200.62,202.45,56785776,202.45,0.0243371787087633,185.11,180.3676,173.34634999999997,0.2421589224312637,200.5560950609383,169.66390493906172,79.73333330356621,5.2484818871784,3.469551560525269,1.778930326653131,7.085714285714287,0.0223992550825098,197.64,-0.006322607175902,193.31,-0.0051140431625242,194.54,0.021749715955202,188.85,0.0043420173680694,180.42,196.696,3.586409067577366,0.29853813070613017,202.45,193.31,190.94799999999998,6.712905977790109,0.23899141643018484,202.45,182.91,185.11,7.723047530469145,0.24215892243126277,202.45,176.23,180.3676,6.623457559372212,0.20275106838393928,202.45,171.11,3,3,1,1.0936740316509443,1.1224299707867575,0.018029142998182153,0.009071425011169426,200.93,-0.007508026673252566
2022-03-04,AAPL,199.14,202.38,199.14,200.93,50988751,200.93,-0.0075080266732525,186.322,180.937,173.4144,0.2426896472584472,202.75855054091852,169.88544945908146,76.26236332463114,5.6433964051522025,3.904320529450656,1.7390758757015465,7.088571428571432,0.0243371787087633,202.45,0.0223992550825098,197.64,-0.006322607175902,193.31,0.0354249404289117,195.54,0.0138011306950449,182.91,197.774,3.944278134209186,0.25866776383419804,202.45,193.31,192.75,6.73404946686658,0.25697882203193434,202.45,183.2,186.322,8.218275270459273,0.24268964725844633,202.45,176.23,180.937,7.133866699176588,0.20365699172423637,202.45,171.11,4,3,1,1.0784019063713444,1.110497023819835,0.01612501866313584,0.008988651200115657,199.74,-0.005922460558403397
2022-03-07,AAPL,200.51,204.15,195.33,199.74,72203633,199.74,-0.0059224605584033,187.3035,181.4854,173.47539999999998,0.241596175374853,204.50477201538664,170.1022279846133,71.93030217786489,5.793561381853607,4.282168699931246,1.511392681922361,7.187857142857145,-0.0075080266732525,200.93,0.0243371787087633,202.45,0.0223992550825098,197.64,-0.0051140431625242,194.54,0.0015854791974194,183.2,198.814,3.5435758775564903,0.2608237849951389,202.45,193.31,194.404,6.132130679188989,0.2661019436658488,202.45,184.83,187.30349999999999,8.600636007693334,0.2415961753748521,202.45,176.23,181.4854,7.50234472464005,0.2044886058539864,202.45,171.11,0,3,1,1.0663975846630394,1.1005843996205724,0.04415740462579271,-0.0038402074709298372,198.96,-0.0039050765995795045
2022-03-08,AAPL,198.8,201.7,196.22,198.96,64509179,198.96,-0.0039050765995795,188.363,181.9848,173.5167,0.2345232097589008,205.7016299464809,171.02437005351908,78.81861571887057,5.782966290872025,4.582328218119402,1.2006380727526231,7.130714285714286,-0.0059224605584033,199.74,-0.0075080266732525,200.93,0.0243371787087633,202.45,-0.006322607175902,193.31,0.0164301310043668,186.21,199.94400000000002,1.8419093354450966,0.25446770399780244,202.45,197.64,195.679,5.5356068622435375,0.2693495382767203,202.45,184.83,188.363,8.669314973240468,0.23452320975889984,202.45,176.23,181.9848,7.817672611539282,0.20449189174892135,202.45,171.11,1,3,1,1.0562583946897415,1.0932781199248878,0.027543224768659263,0.0008048289738389928,195.06,-0.019601930036188153
2022-03-09,AAPL,193.99,199.34,190.78,195.06,110075241,195.06,-0.0196019300361881,189.2495,182.3956,173.56205000000003,0.2498670691094189,206.0165635473225,172.48243645267752,69.97816591212629,5.3976514327995915,4.74539286105544,0.6522585717441514,7.350000000000002,-0.0039050765995795,198.96,-0.0059224605584033,199.74,-0.0075080266732525,200.93,0.0223992550825098,197.64,-0.0074109875946511,184.83,199.428,2.774179157877154,0.25737712782068645,202.45,195.06,196.702,4.0552237916032015,0.29321926308671553,202.45,188.85,189.2495,8.38353177366124,0.24986706910941806,202.45,176.23,182.3956,7.955852719211337,0.21056362620077557,202.45,171.11,2,3,1,1.030702855220063,1.0694336924735606,0.04388393314854977,0.005515748234416606,192.45,-0.013380498308212974
2022-03-10,AAPL,192.89,196.85,188.05,192.45,38026828,192.45,-0.0133804983082129,190.0605,182.8224,173.57245,0.2553335654983387,205.70772874404184,174.41327125595816,62.97606091181543,4.826049747041424,4.761524238252637,0.06452550878878682,7.590714285714286,-0.0196019300361881,195.06,-0.0039050765995795,198.96,-0.0059224605584033,199.74,0.0243371787087633,202.45,0.021749715955202,188.85,197.42800000000003,3.5476851607775024,0.10151898445859206,200.93,192.45,197.062,3.385149922822431,0.2919166974688246,202.45,192.45,190.0605,7.823614372020915,0.2553335654983378,202.45,179.64,182.8224,7.910342380163747,0.20771102138873604,202.45,172.15,3,3,1,1.0125723124951658,1.0526609430734273,0.04572616263940898,-0.002281092850835796,189.64,-0.014601195115614418
2022-03-11,AAPL,188.7,190.82,188.45,189.64,81469052,189.64,-0.0146011951156144,190.535,183.1722,173.57075,0.2549348315932527,205.4764696663153,175.5935303336847,58.19755598740414,4.099056406381408,4.629030671878391,-0.5299742654969837,7.443571428571429,-0.0133804983082129,192.45,-0.0196019300361881,195.06,-0.0039050765995795,198.96,-0.0075080266732525,200.93,0.0354249404289117,195.54,195.17000000000002,4.279030263973585,0.10275147992047028,199.74,189.64,196.47199999999998,4.115306927933287,0.23400091415881827,202.45,189.64,190.535,7.47073483315765,0.254934831593252,202.45,179.64,183.1722,7.81490446492496,0.21100869670235603,202.45,173.79,4,3,1,0.9953027002860614,1.0353099433154414,0.012497363425371796,0.00498145204024916,187.53,-0.011126344653026754
2022-03-14,AAPL,187.82,191.78,183.28,187.53,100019103,187.53,-0.0111263446530267,190.874,183.447,173.56425,0.2595771365122468,205.174615224158,176.57338477584202,51.71964562990945,3.3144427473870337,4.3661130869801195,-1.0516703395930858,7.457142857142857,-0.0146011951156144,189.64,-0.0133804983082129,192.45,-0.0196019300361881,195.06,-0.0059224605584033,199.74,-0.0051140431625242,194.54,192.728,4.4974515005726055,0.09097931640860844,198.96,187.53,195.77100000000002,4.985918950179817,0.23746987323234578,202.45,187.53,190.874,7.150307612078994,0.25957713651224595,202.45,179.64,183.447,7.719248205436091,0.21232178933203438,202.45,173.8,0,3,1,0.9824805892841222,1.0222571096773332,0.04532608116010598,-0.001544031519531722,187.5,-0.00015997440409531993
2022-03-15,AAPL,186.97,190.11,184.88,187.5,168121277,187.5,-0.0001599744040953,191.0675,183.6906,173.5715,0.254327016219401,205.05674831508105,177.07825168491897,53.60518496488056,2.659552356466776,4.0248009408774506,-1.3652485844106748,7.180714285714288,-0.0111263446530267,187.53,-0.0146011951156144,189.64,-0.0133804983082129,192.45,-0.0039050765995795,198.96,-0.006322607175902,193.31,190.43599999999998,3.2839046880205904,0.11424005671256812,195.06,187.5,195.19,5.60467860115159,0.23747986286420386,202.45,187.5,191.0675,6.994624157540518,0.2543270162194003,202.45,179.64,183.6906,7.6494157199833275,0.21171272322897763,202.45,173.8,1,3,1,0.9813285880592916,1.0207381324846196,0.027893333333184667,0.002834679360310031,188.22,0.0038400000000000656
2022-03-16,AAPL,189.44,191.08,185.36,188.22,65977926,188.22,0.00384,191.4965,183.8902,173.60485,0.2395675877298529,204.5018450954819,178.49115490451808,49.06611323193224,2.173589202823109,3.6545585932665827,-1.4809693904434735,7.125000000000002,-0.0001599744040953,187.5,-0.0111263446530267,187.53,-0.0146011951156144,189.64,-0.0196019300361881,195.06,0.0223992550825098,197.64,189.068,2.080161051458309,0.1327612334503742,192.45,187.5,194.248,5.929367213753901,0.1968095353970781,202.45,187.5,191.4965,6.5026725477409535,0.23956758772985215,202.45,180.42,183.8902,7.634479918936067,0.20890963231221155,202.45,173.8,2,3,1,0.9828900267055384,1.0235455722979063,0.030389969184834817,-0.006440033783749783,192.71,0.023855063223886974
2022-03-17,AAPL,193.95,196.09,189.33,192.71,91086542,192.71,0.0238550632238869,192.111,184.1334,173.64905,0.2513428458468155,204.0286276339293,180.19337236607072,45.51221057287757,2.126255231132774,3.3488979208398213,-1.2226426897070475,6.90857142857143,0.00384,188.22,-0.0001599744040953,187.5,-0.0111263446530267,187.53,-0.0133804983082129,192.45,0.0243371787087633,202.45,189.11999999999998,2.1863782838301713,0.24077136567947444,192.71,187.5,193.274,5.185690139432375,0.19481559216657723,200.93,187.5,192.111,5.958813816964635,0.2513428458468147,202.45,182.91,184.1334,7.719116902540524,0.21345300660367159,202.45,173.8,3,3,1,1.0031179890740087,1.0465781873302369,0.03507861553611599,-0.006393400360884699,189.91,-0.014529604068289181
2022-03-18,AAPL,189.83,194.38,185.44,189.91,38880059,189.91,-0.0145296040682891,192.461,184.2944,173.67795,0.2558978516952852,203.6284129313323,181.29358706866768,43.05430541245844,1.8415775583710285,3.047433848346063,-1.2058562899750345,6.983571428571429,0.0238550632238869,192.71,0.00384,188.22,-0.0001599744040953,187.5,-0.0146011951156144,189.64,-0.0075080266732525,200.93,189.174,2.2056813006425355,0.24049145137592573,192.71,187.5,192.172,4.504079138833221,0.20059981753925568,199.74,187.5,192.46099999999998,5.58370646566616,0.2558978516952844,202.45,183.2,184.2944,7.754601309504723,0.21596387082473117,202.45,173.8,4,3,1,0.9867453665886244,1.0304708119127306,0.04707493022986111,0.00042142970025582183,192.8,0.015217734716444609
2022-03-21,AAPL,192.23,193.84,191.77,192.8,30730146,192.8,0.0152177347164446,192.941,184.5158,173.73865,0.2601435612820741,203.2224967167617,182.6595032832383,49.271220328956936,1.8280941673654354,2.8035659121499377,-0.9754717447845023,6.809285714285715,-0.0145296040682891,189.91,0.0238550632238869,192.71,0.00384,188.22,-0.0111263446530267,187.53,-0.0059224605584033,199.74,190.228,2.467320408865411,0.23374020922174324,192.8,187.5,191.478,3.6649080631162736,0.22597614419721074,198.96,187.5,192.941,5.1407483583808515,0.2601435612820733,202.45,184.83,184.5158,7.837477231030606,0.21827921434968514,202.45,173.8,0,3,1,0.9992692066434856,1.0448969681672524,0.010736514522765854,0.0029651979399524346,192.25,-0.0028526970954357855
2022-03-22,AAPL,191.72,195.04,189.46,192.25,112161117,192.25,-0.0028526970954357,193.243,184.81460000000004,173.81365000000002,0.2555940069484945,203.0352162428792,183.4507837571208,41.36494711377416,1.7528226311945048,2.593417255958851,-0.8405946247643463,6.526428571428572,0.0152177347164446,192.8,-0.0145296040682891,189.91,0.0238550632238869,192.71,-0.0001599744040953,187.5,-0.0039050765995795,198.96,191.178,2.0300665013746246,0.2386824923132029,192.8,188.22,190.807,2.603357020802406,0.22597714521437623,195.06,187.5,193.243,4.8961081214396,0.2555940069484937,202.45,184.83,184.81460000000004,7.841941973666437,0.21051442054996458,202.45,173.8,1,3,1,0.9948613921280727,1.040231670003126,0.029024707412072612,0.0027644481535428578,192.17,-0.0004161248374513482
2022-03-23,AAPL,193.35,195.78,188.57,192.17,79822268,192.17,-0.0004161248374513,193.61,185.0876,173.8924,0.2534771425771216,202.59120376411587,184.6287962358841,30.58912385089701,1.6674922523575049,2.408232255238582,-0.7407400028810773,6.567857142857142,-0.0028526970954357,192.25,0.0152177347164446,192.8,-0.0145296040682891,189.91,0.00384,188.22,-0.0196019300361881,195.06,191.968,1.1830553664148893,0.24199438257718783,192.8,189.91,190.518,2.2093679337425893,0.20703444353205164,192.8,187.5,193.60999999999999,4.490601882057944,0.25347714257712084,202.45,187.5,185.08759999999998,7.855922128546067,0.21023627243805526,202.45,173.8,2,3,1,0.9925623676411726,1.0382651241842333,0.0375188635060753,-0.006102922161851068,194.19,0.010511526252797054
2022-03-24,AAPL,193.53,197.97,190.42,194.19,128179510,194.19,0.010511526252797,193.877,185.3886,173.95859999999996,0.2448980967487527,202.5754284121928,185.17857158780728,37.50926610359046,1.7427748073728537,2.2751407656654368,-0.532365958292583,6.8707142857142856,-0.0004161248374513,192.17,-0.0028526970954357,192.25,0.0152177347164446,192.8,0.0238550632238869,192.71,-0.0133804983082129,192.45,192.26399999999998,1.5449207099404647,0.18596097371292714,194.19,189.91,190.692,2.4353863485389837,0.20307475410363587,194.19,187.5,193.877,4.3492142060963825,0.244898096748752,202.45,187.5,185.3886,7.911512925824855,0.21115742611812932,202.45,173.8,3,3,1,1.001614425635833,1.047475411103771,0.03887944796313473,0.0034103239807605347,191.01,-0.016375714506411287
2022-03-25,AAPL,189.9,194.62,187.41,191.01,46185480,191.01,-0.0163757145064112,193.6505,185.6102,174.0121,0.2172075657101625,202.4023502705332,184.8986497294668,34.93268897172739,1.528220970904897,2.125756806713329,-0.597535835808432,6.755714285714286,0.010511526252797,194.19,-0.0004161248374513,192.17,-0.0028526970954357,192.25,-0.0145296040682891,189.91,-0.0146011951156144,189.64,192.48399999999998,1.1550238092796477,0.19621911558610514,194.19,191.01,190.829,2.408011858586772,0.20704213981256964,194.19,187.5,193.6505,4.375925135266611,0.21720756571016187,202.45,187.5,185.6102,7.910672586796494,0.2149087793583604,202.45,173.8,4,3,1,0.9863646104658322,1.0290921511801125,0.03774671483148664,0.005845181674534703,192.18,0.006125333752159623
2022-03-28,AAPL,190.58,193.66,190.58,192.18,98493198,192.18,0.0061253337521596,193.5325,185.9222,174.09125,0.2181030149982286,202.29748266128172,184.76751733871825,38.45367845577825,1.4360409455136676,1.987813634473397,-0.5517726889597294,6.5842857142857145,-0.0163757145064112,191.01,0.010511526252797,194.19,-0.0004161248374513,192.17,0.0152177347164446,192.8,-0.0111263446530267,187.53,192.35999999999999,1.145862120851769,0.16318301886788647,194.19,191.01,191.29399999999998,2.133495827140977,0.1970989676557632,194.19,187.5,193.5325,4.382491330640871,0.21810301499822793,202.45,187.5,185.9222,7.85468644459091,0.21025207743561003,202.45,173.8,0,3,1,0.9930115096896233,1.0336581645385348,0.01602664168999874,0.008395424493606878,192.72,0.00280986575085862
2022-03-29,AAPL,192.6,194.84,190.61,192.72,168941714,192.72,0.0028098657508586,193.503,186.3006,174.17605,0.2172885185939511,202.27510435054097,184.730895649459,45.4999999755,1.3905319119961916,1.868357289977956,-0.4778253779817643,6.2749999999999995,0.0061253337521596,192.18,-0.0163757145064112,191.01,0.010511526252797,194.19,-0.0028526970954357,192.25,-0.0001599744040953,187.5,192.454,1.1538327435130615,0.1632133232795409,194.19,191.01,191.816,1.6957607273516129,0.19653065397878933,194.19,188.22,193.503,4.386052175270495,0.21728851859395049,202.45,187.5,186.30059999999997,7.713243159709086,0.20638973072146422,202.45,176.23,1,3,1,0.9959535511025879,1.0344572159132368,0.021948941469375472,0.0006230529594983464,194.22,0.007783312577833046
2022-03-30,AAPL,194.15,196.58,191.85,194.22,94623785,194.22,0.007783312577833,193.332,186.6526,174.27165000000002,0.2029698251774236,201.89539971838175,184.76860028161823,53.55564480716035,1.458688288448343,1.7864234896720335,-0.3277352012236905,5.984285714285717,0.0028098657508586,192.72,0.0061253337521596,192.18,-0.0163757145064112,191.01,-0.0004161248374513,192.17,0.00384,188.22,192.86399999999998,1.3713970978541206,0.1704363257279172,194.22,191.01,192.416,1.296509844837871,0.1980952183653911,194.22,189.91,193.33200000000002,4.281699859190875,0.202969825177423,202.45,187.5,186.6526,7.663882377882841,0.20428849046283692,202.45,176.23,2,3,1,1.0045931351198738,1.040542698033456,0.02435382555851954,0.0003605459696092332,195.13,0.0046854082998661895
2022-03-31,AAPL,196.46,199.24,191.01,195.13,89358756,195.13,0.0046854082998661,192.966,187.0236,174.40625,0.1815534349167544,200.4456830779992,185.48631692200075,61.939973863977386,1.5680565231222943,1.7427500963620857,-0.1746935732397914,6.286428571428575,0.007783312577833,194.22,0.0028098657508586,192.72,0.0061253337521596,192.18,0.010511526252797,194.19,0.0238550632238869,192.71,193.052,1.6372751754065673,0.15696017879191473,195.13,191.01,192.658,1.5571398281555298,0.1623043240079609,195.13,189.91,192.96599999999998,3.7398415389996114,0.18155343491675385,200.93,187.5,187.02360000000002,7.615165524081905,0.20431297656976308,202.45,176.23,3,3,1,1.0112144108236103,1.0433442624297504,0.04217701019811327,-0.006769825918727694,202.52,0.03787218777225454
2022-04-01,AAPL,201.39,204.66,200.38,202.52,80274263,202.52,0.0378721877722545,193.0455,187.505,174.57820000000004,0.2280602624134657,200.9057142062644,185.18528579373563,76.51220371166704,2.2253899659793888,1.8392780702855462,0.3861118956938425,6.360000000000004,0.0046854082998661,195.13,0.007783312577833,194.22,0.0028098657508586,192.72,-0.0163757145064112,191.01,-0.0145296040682891,189.91,195.35399999999998,4.174323897351711,0.23270091131280346,202.52,192.18,193.919,3.259660684451967,0.22158659424464344,202.52,191.01,193.0455,3.9301071031321895,0.22806026241346516,202.52,187.5,187.505,7.820161084513324,0.2188219355304076,202.52,176.23,4,4,2,1.0490791031075624,1.0800778645845175,0.021133715188518996,0.005611003525470048,200.66,-0.009184278095990539
2022-04-04,AAPL,200.18,202.51,198.81,200.66,42677593,200.66,-0.0091842780959905,193.0915,187.9464,174.74345000000002,0.2295658877223554,201.12552049182707,185.05747950817295,71.86046508285551,2.5666581623377454,1.9847540886959862,0.5819040736417591,6.251428571428574,0.0378721877722545,202.52,0.0046854082998661,195.13,0.007783312577833,194.22,0.0061253337521596,192.18,0.0152177347164446,192.8,197.05,4.283608292082832,0.27751701900463843,202.52,192.72,194.70499999999998,3.8534176749688123,0.22856635582360793,202.52,191.01,193.09150000000002,4.017010245913528,0.22956588772235487,202.52,187.5,187.94639999999998,7.928798133179818,0.22039223617736883,202.52,176.23,0,4,2,1.03919644313168,1.0676448178785674,0.01843915080226029,0.0023978419422399436,199.13,-0.007624838034486214
2022-04-05,AAPL,200.36,203.94,194.32,199.13,137586912,199.13,-0.0076248380344862,193.1,188.3544,174.89195,0.2308518076387641,201.1604792857329,185.03952071426716,67.64801032199695,2.682732582136026,2.1243497873839945,0.5583827947520317,6.530000000000003,-0.0091842780959905,200.66,0.0378721877722545,202.52,0.0046854082998661,195.13,0.0028098657508586,192.72,-0.0028526970954357,192.25,198.33200000000002,3.5622001628207567,0.3006164601320179,202.52,194.22,195.393,3.9785481718259943,0.23382344714869946,202.52,191.01,193.1,4.030239642866432,0.23085180763876362,202.52,187.5,188.3544,7.969628357912679,0.22152019432304268,202.52,176.23,1,4,2,1.0312273433400765,1.0572091758883402,0.048310149148554686,-0.006138949890167096,197.35,-0.008938884146035275
2022-04-06,AAPL,198.62,198.62,196.32,197.35,62657512,197.35,-0.0089388841460352,193.2145,188.675,175.00745000000003,0.221676532297397,201.45525232896287,184.9737476710371,58.22695032570288,2.6011073260561943,2.2197012951184343,0.38140603093776004,6.168571428571432,-0.0076248380344862,199.13,-0.0091842780959905,200.66,0.0378721877722545,202.52,0.007783312577833,194.22,-0.0004161248374513,192.17,198.958,2.8658977650990916,0.31967884390031936,202.52,195.13,195.911,3.8473438167687766,0.24172209527990948,202.52,191.01,193.2145,4.120376164481443,0.2216765322973964,202.52,187.5,188.675,8.003229768954167,0.22111088045869867,202.52,176.23,2,4,2,1.0214036731144847,1.0459785345114827,0.011654421079241738,-0.006394119423993637,195.77,-0.008006080567519502
2022-04-07,AAPL,195.32,200.66,190.89,195.77,97887605,195.77,-0.0080060805675195,193.3805,188.9908,175.0999,0.2179462173311014,201.68987954488728,185.07112045511275,60.85989618784141,2.381473779827786,2.252055792060305,0.12941798776748126,6.227857142857147,-0.0089388841460352,197.35,-0.0076248380344862,199.13,-0.0091842780959905,200.66,0.0046854082998661,195.13,0.010511526252797,194.19,199.086,2.6590092139742385,0.3289319979375419,202.52,195.77,196.06900000000002,3.8009777981733515,0.24297962892038755,202.52,191.01,193.3805,4.1546897724436365,0.21794621733110084,202.52,187.5,188.9908,7.964567154539136,0.22124665707593286,202.52,176.23,3,4,2,1.0123564682012285,1.0358705291419696,0.04990550135337439,0.0023039115297855475,193.98,-0.009143382540736655
2022-04-08,AAPL,193.82,197.57,190.38,193.98,42811763,193.98,-0.0091433825407366,193.59750000000005,189.2644,175.18670000000003,0.2136007467611297,201.72016193079853,185.47483806920152,52.279752676510135,2.039464889992672,2.209537611646778,-0.17007272165410603,6.460714285714289,-0.0080060805675195,195.77,-0.0089388841460352,197.35,-0.0076248380344862,199.13,0.0378721877722545,202.52,-0.0163757145064112,191.01,197.378,2.644516969127002,0.011372914297741468,200.66,193.98,196.36599999999999,3.4627420091896504,0.23098583049022484,202.52,192.18,193.59750000000003,4.061330965399246,0.21360074676112908,202.52,187.5,189.2644,7.894587957606643,0.2226010031537996,202.52,176.23,4,4,2,1.0019757486486032,1.024915409337282,0.03706567687371344,0.0008255082034834955,197.53,0.01830085575832574
2022-04-11,AAPL,196.76,201.79,193.27,197.53,49911067,197.53,0.0183008557583257,194.0975,189.6326,175.30545,0.2165666708337341,201.87119078501257,186.32380921498745,59.14127420955753,2.0314583251361853,2.1739217543446596,-0.14246342920847432,6.670714285714289,-0.0091433825407366,193.98,-0.0080060805675195,195.77,-0.0089388841460352,197.35,-0.0091842780959905,200.66,0.0061253337521596,192.18,196.752,1.953591564273598,0.19002288475256662,199.13,193.98,196.901,3.142633184658684,0.2452547118583595,202.52,192.72,194.0975,3.8868453925062836,0.21656667083373352,202.52,187.5,189.63260000000002,7.840936743807301,0.2249253205084452,202.52,176.23,0,4,2,1.017684411179857,1.0416457929647032,0.04313268870529464,0.003913397031897219,201.86,0.021920720903154
2022-04-12,AAPL,203.6,204.06,199.66,201.86,142033308,201.86,0.021920720903154,194.8155,190.1094,175.41135000000003,0.2266626214151121,202.6756284976732,186.9553715023268,64.62420763945853,2.3474479586515997,2.208626995206048,0.13882096344555173,6.62214285714286,0.0183008557583257,197.53,-0.0091433825407366,193.98,-0.0080060805675195,195.77,-0.0076248380344862,199.13,0.0028098657508586,192.72,197.298,2.924563215251257,0.2513857653980788,201.86,193.98,197.815,3.120581320485433,0.26325802798965836,202.52,193.98,194.8155,3.9300642488366213,0.22666262141511145,202.52,188.22,190.1094,7.845217029813563,0.2284604710910094,202.52,176.23,1,4,2,1.0361598538050816,1.0618096737927647,0.021797285247093075,-0.008546168958700563,200.2,-0.00822352125235326
2022-04-13,AAPL,198.68,201.26,198.68,200.2,69623748,200.2,-0.0082235212523532,195.4145,190.5684,175.50785,0.2306391338410008,202.9786661452944,187.8503338547056,59.16997251057733,2.4358449882303432,2.254070593810907,0.1817743944194361,6.310000000000002,0.021920720903154,201.86,0.0183008557583257,197.53,-0.0091433825407366,193.98,-0.0089388841460352,197.35,0.007783312577833,194.22,197.868,3.2018229182764792,0.2493192739671625,201.86,193.98,198.413,2.921765257888997,0.27029111094654,202.52,193.98,195.4145,3.7820830726471986,0.23063913384100013,202.52,189.91,190.5684,7.7482665237088515,0.22923600855412832,202.52,176.23,2,4,2,1.024488970874605,1.0505414328868241,0.012887112887048437,0.007650493255447611,197.79,-0.012037962037962036
2022-04-14,AAPL,199.5,201.69,193.88,197.79,143070401,197.79,-0.012037962037962,195.6685,190.9662,175.5918,0.2230494894620484,203.19133897978168,188.1456610202183,60.59374997349021,2.2850922907409768,2.2602749331969214,0.02481735754405534,6.352857142857145,-0.0082235212523532,200.2,0.021920720903154,201.86,0.0183008557583257,197.53,-0.0080060805675195,195.77,0.0046854082998661,195.13,198.272,2.991449481438781,0.26183066936377025,201.86,193.98,198.679,2.7025274178867127,0.28050291964443425,202.52,193.98,195.6685,3.761419489890838,0.2230494894620479,202.52,189.91,190.96620000000001,7.5936291476889295,0.2315385607818395,202.52,176.23,3,4,2,1.0108423174858967,1.0357330250010959,0.03948632387866179,-0.008571428571385648,199.26,0.007432124981040511
2022-04-15,AAPL,199.99,203.58,194.94,199.26,77535381,199.26,0.0074321249810405,196.136,191.4176,175.68315,0.2157576359102588,203.3058884965224,188.9661115034777,60.9597522955592,2.2582052224431663,2.2598609910461707,-0.001655768603004315,6.750000000000004,-0.012037962037962,197.79,-0.0082235212523532,200.2,0.021920720903154,201.86,-0.0091433825407366,193.98,0.0378721877722545,202.52,199.328,1.7870562386225863,0.2424630252761179,201.86,197.53,198.353,2.363011496653844,0.2000485382938482,201.86,193.98,196.13600000000002,3.5849442482611806,0.21575763591025823,202.52,191.01,191.4176,7.3959256737345545,0.23088876077539613,202.52,176.23,4,4,2,1.0159277236151654,1.0409701093262012,0.043360433604118516,-0.0036501825091072955,197.68,-0.00792933855264466
2022-04-18,AAPL,197.8,201.6,193.76,197.68,38293015,197.68,-0.0079293385526446,196.38,191.769,175.7636,0.2132816621790671,203.4025051760252,189.35749482397483,57.43851227342114,2.085365437053781,2.224961880247693,-0.13959644319391185,7.007857142857148,0.0074321249810405,199.26,-0.012037962037962,197.79,-0.0082235212523532,200.2,0.0183008557583257,197.53,-0.0091842780959905,200.66,199.358,1.7502057021961421,0.22602334637682345,201.86,197.68,198.055,2.223536972180023,0.19880299324135672,201.86,193.98,196.38,3.511252588012576,0.2132816621790666,202.52,191.01,191.76899999999998,7.263928000742916,0.22876638467521568,202.52,176.23,0,4,2,1.0066198187136848,1.0308235429030197,0.039660056657023185,-0.0006066734074792612,199.63,0.009864427357345162
2022-04-19,AAPL,197.77,201.2,197.77,199.63,114303098,199.63,0.0098644273573451,196.749,192.2062,175.85545,0.2147416837262689,203.6319519370944,189.8660480629056,58.00532699579535,2.0817403580500695,2.1963175758081683,-0.11457721775809881,6.9214285714285735,-0.0079293385526446,197.68,0.0074321249810405,199.26,-0.012037962037962,197.79,0.021920720903154,201.86,-0.0076248380344862,199.13,198.912,1.1260861423532544,0.159580188687294,200.2,197.68,198.105,2.2557839238490827,0.2028757765371091,201.86,193.98,196.749,3.4414759685472123,0.2147416837262684,202.52,191.01,192.20620000000002,7.0591292432881465,0.22682783997890174,202.52,176.23,1,4,2,1.0146430223227836,1.0386241442729807,0.01718178630457745,0.00940486423618638,200.31,0.0034063016580674343
2022-04-20,AAPL,200.21,204.33,196.29,200.31,63185175,200.31,0.0034063016580674,197.156,192.6658,175.95815,0.2146066582720374,203.859210228566,190.45278977143408,57.71752083408685,2.109421673838625,2.17893839541426,-0.06951672157563493,6.907857142857146,0.0098644273573451,199.63,-0.0079293385526446,197.68,0.0074321249810405,199.26,-0.0082235212523532,200.2,-0.0089388841460352,197.35,198.934,1.1581580203063944,0.15305220355544497,200.31,197.68,198.401,2.3383966491752046,0.19645740046676932,201.86,193.98,197.156,3.3516051142829686,0.21460665827203693,202.52,191.01,192.6658,6.814663987701968,0.22655902304403155,202.52,176.23,2,4,2,1.0159974842205362,1.0396759570144798,0.04013778643083163,0.0004994755506692715,195.87,-0.02216564325295789
2022-04-21,AAPL,195.51,199.86,191.88,195.87,105794883,195.87,-0.0221656432529578,197.24,193.0586,176.0457,0.2286333401782845,203.82782609299213,190.6521739070078,39.137536734794985,1.7528822867916176,2.093727173689732,-0.3408448868981142,6.829285714285717,0.0034063016580674,200.31,0.0098644273573451,199.63,-0.0079293385526446,197.68,-0.012037962037962,197.79,-0.0080060805675195,195.77,198.55,1.7823720150406759,0.2101040798407237,200.31,195.87,198.411,2.326076572730821,0.22634479685049685,201.86,193.98,197.23999999999998,3.2939130464960935,0.228633340178284,202.52,191.01,193.0586,6.4014657154512635,0.23248342807618336,202.52,179.64,3,4,2,0.9930541472267641,1.014562417830573,0.040741308010207165,0.0018413380389656403,200.54,0.023842344412110084
2022-04-22,AAPL,199.18,204.18,196.9,200.54,80810829,200.54,0.02384234441211,197.7165,193.4664,176.15675,0.2337081912169651,203.76339489694217,191.66960510305785,49.82046676548513,1.82610205720448,2.0402021503926817,-0.21410009318820178,7.157857142857146,-0.0221656432529578,195.87,0.0034063016580674,200.31,0.0098644273573451,199.63,0.0074321249810405,199.26,-0.0091433825407366,193.98,198.80599999999998,1.9897060084344256,0.27743020371207494,200.54,195.87,199.067,1.8040451460188107,0.24798834946640175,201.86,195.87,197.7165,3.0234474484710945,0.2337081912169645,202.52,192.18,193.4664,6.2089201006537,0.23321811547546342,202.52,179.64,4,4,2,1.014280548153471,1.0365624211695852,0.036301984641287026,0.006827994778557873,206.08,0.02762541138924912
2022-04-25,AAPL,206.73,210.27,201.9,206.08,43154182,206.08,0.0276254113892491,198.4115,193.973,176.30245000000002,0.249978010041394,204.9539646088322,191.86903539116776,59.28399677184143,2.304595016277716,2.0930807235696887,0.21151429270802735,7.165714285714289,0.02384234441211,200.54,-0.0221656432529578,195.87,0.0034063016580674,200.31,-0.0079293385526446,197.68,0.0183008557583257,197.53,200.486,3.652633296677812,0.31443518689070127,206.08,195.87,199.922,2.764874118088261,0.26729894330095383,206.08,195.87,198.4115,3.271232304416099,0.24997801004139342,206.08,192.72,193.97299999999998,6.18349952102408,0.24007303382460315,206.08,179.64,0,4,2,1.0386494734375848,1.0624159032387888,0.04061529503085884,-0.0031441977458367587,204.27,-0.008782996894409978
2022-04-26,AAPL,206.19,208.75,199.79,204.27,85434033,204.27,-0.0087829968944099,198.989,194.3858,176.4482,0.2538302557428005,205.45473120381027,192.5232687961897,59.23651893141189,2.5088320068191194,2.176230980219575,0.33260102659954427,7.605000000000004,0.0276254113892491,206.08,0.02384234441211,200.54,-0.0221656432529578,195.87,0.0098644273573451,199.63,0.021920720903154,201.86,201.414,3.957490366381076,0.3364867058427322,206.08,195.87,200.16299999999998,3.0435580420851314,0.2550183667001428,206.08,195.87,198.989,3.232865601905135,0.25383025574279994,206.08,193.98,194.38580000000002,6.167852829841692,0.239497993951769,206.08,179.64,1,4,2,1.0265391554255434,1.0508483644327373,0.0438635139763849,-0.009311799796259158,203.15,-0.005482939247074992
2022-04-27,AAPL,203.4,206.66,199.64,203.15,192580816,203.15,-0.0054829392470749,199.4355,194.856,176.58665000000002,0.2549044815813954,205.74606415860933,193.12493584139065,59.97297295028048,2.550911335513149,2.25116705127829,0.29974428423485877,7.408571428571433,-0.0087829968944099,204.27,0.0276254113892491,206.08,0.02384234441211,200.54,0.0034063016580674,200.31,-0.0082235212523532,200.2,201.98200000000003,3.9632272203343044,0.3446014184813288,206.08,195.87,200.458,3.187122700979163,0.25251051805358277,206.08,195.87,199.4355,3.1552820793046723,0.2549044815813948,206.08,193.98,194.856,5.911587030947202,0.23384568965655927,206.08,180.42,2,4,2,1.0186250692528733,1.042564765770402,0.034555746984816414,-0.0012291052114000536,204.09,0.004627122815653362
2022-04-28,AAPL,204.97,205.48,202.71,204.09,97438481,204.09,0.0046271228156533,199.8835,195.3294,176.73284999999998,0.2548975480402772,206.1792505300612,193.5877494699388,63.98340246484737,2.6297950108658767,2.3268926431958077,0.30290236767006906,7.092857142857146,-0.0054829392470749,203.15,-0.0087829968944099,204.27,0.0276254113892491,206.08,-0.0221656432529578,195.87,-0.012037962037962,197.79,203.62600000000003,2.024976543073545,0.26447885066444954,206.08,200.54,201.088,3.2235928885479432,0.24094393490186336,206.08,195.87,199.8835,3.147875265030605,0.25489754804027664,206.08,193.98,195.3294,5.674970973581556,0.23385768680727065,206.08,182.91,3,4,2,1.02104475856676,1.0448503911800024,0.013572443529748686,-0.004293311216254585,205.19,0.005389779019060237
2022-04-29,AAPL,203.42,208.22,202.16,205.19,78180443,205.19,0.0053897790190602,200.017,195.775,176.8643,0.2183479517264672,206.6522268830385,193.38177311696143,61.36498513771187,2.7493785740525993,2.4113898293671663,0.33798874468543305,6.917142857142862,0.0046271228156533,204.09,-0.0054829392470749,203.15,-0.0087829968944099,204.27,0.02384234441211,200.54,0.0074321249810405,199.26,204.556,1.1180697652640812,0.2261122898495983,206.08,203.15,201.68099999999998,3.391038680599095,0.24016672414801057,206.08,195.87,200.017,3.317613441519268,0.21834795172646668,206.08,193.98,195.775,5.553306516416897,0.232539604491204,206.08,183.2,4,4,2,1.02586280165673,1.0480909206944293,0.029533603001951698,0.00870120932057472,207.3,0.010283152200399659
2022-05-02,AAPL,206.96,208.66,205.94,207.3,122997495,207.3,0.0102831522003996,200.349,196.257,177.0409,0.2175403263292751,207.741012474352,192.956987525648,58.64040658129079,2.9800565386683786,2.525123171227409,0.4549333674409697,6.698571428571433,0.0053897790190602,205.19,0.0046271228156533,204.09,-0.0054829392470749,203.15,0.0276254113892491,206.08,-0.0079293385526446,197.68,204.8,1.573975857501503,0.12702700058407715,207.3,203.15,202.643,3.4928977145674676,0.2342044112833333,207.3,195.87,200.349,3.696006237176,0.2175403263292745,207.3,193.98,196.257,5.485045067064334,0.23320067649617848,207.3,184.83,0,5,2,1.0346944581653281,1.0562680566753988,0.013121080559512194,0.001642829532268847,213.71,0.03092136999517603
2022-05-03,AAPL,212.07,216.53,210.9,213.71,87033579,213.71,0.030921369995176,201.07800000000003,196.807,177.23505,0.237680930065511,210.5476225679205,191.60837743207955,68.64476950148978,3.638165410789952,2.747731619139918,0.8904337916500342,7.130714285714289,0.0102831522003996,207.3,0.0053897790190602,205.19,0.0046271228156533,204.09,-0.0087829968944099,204.27,0.0098644273573451,199.63,206.68800000000002,4.218829221478037,0.21356894538306642,213.71,203.15,204.051,4.753696690177951,0.2681894853268126,213.71,195.87,201.07800000000003,4.734811283960238,0.2376809300655103,213.71,193.98,196.80700000000002,5.8252445862613325,0.23980278342987904,213.71,184.83,1,5,2,1.062821392688097,1.0858861727424032,0.026344111178576816,0.007733295609903719,213.22,-0.0022928267278087278
2022-05-04,AAPL,213.7,216.02,210.42,213.22,86994102,213.22,-0.0022928267278087,201.8715,197.3748,177.40995000000004,0.2341586239571169,212.6015625887184,191.1414374112816,72.48615561017762,4.073228881417492,3.012831071595433,1.0603978098220592,6.972857142857147,0.030921369995176,213.71,0.0102831522003996,207.3,0.0053897790190602,205.19,-0.0054829392470749,203.15,0.0034063016580674,200.31,208.702,4.501740774411197,0.20060847617426691,213.71,204.09,205.342,5.341528703365343,0.2718093158043187,213.71,195.87,201.8715,5.365031294359205,0.23415862395711637,213.71,193.98,197.3748,6.0145375719212195,0.2389480949909881,213.71,187.5,2,5,2,1.0562164545215338,1.0802797520196081,0.026263952724762025,-0.002246139447813494,210.75,-0.011584279148297516
2022-05-05,AAPL,212.6,212.6,209.42,210.75,51695801,210.75,-0.0115842791482975,202.6205,197.8128,177.5995,0.2369156365493388,213.64456071902543,191.5964392809745,66.2701783934358,4.170634975140871,3.2443918523045205,0.9262431228363504,6.627142857142862,-0.0022928267278087,213.22,0.030921369995176,213.71,0.0102831522003996,207.3,0.0046271228156533,204.09,-0.0221656432529578,195.87,210.03400000000002,3.711984644364231,0.25303458414308555,213.71,205.19,206.83,4.399161536271384,0.2444936845513383,213.71,200.54,202.6205,5.512030359512731,0.23691563654933814,213.71,193.98,197.81279999999998,6.176304304121738,0.23718808182704804,213.71,187.5,3,5,2,1.0401218040571407,1.0654012278221359,0.015088967971458686,-0.008701787394126494,206.51,-0.02011862396204034
2022-05-06,AAPL,207.18,208.98,204.03,206.51,87844292,206.51,-0.0201186239620403,203.247,198.0322,177.77199999999996,0.2478196510441625,213.6077256400983,192.88627435990168,61.62760071470141,3.8611880687971905,3.3677510956030545,0.49343697319413593,6.547142857142861,-0.0115842791482975,210.75,-0.0022928267278087,213.22,0.030921369995176,213.71,0.0053897790190602,205.19,0.02384234441211,200.54,210.298,3.3060958848762634,0.31706250891151416,213.71,206.51,207.427,3.8173261438965924,0.26102546848245833,213.71,203.15,203.24699999999999,5.180362820049153,0.24781965104416187,213.71,195.87,198.03220000000002,6.2877575542632105,0.22996863025359335,213.71,187.5,4,5,2,1.0160543575008927,1.0428102096475078,0.02396978354547489,-0.0032339028863634617,204.32,-0.0106048133262312
2022-05-09,AAPL,202.6,205.8,202.6,204.32,121050038,204.32,-0.0106048133262312,203.5865,198.2278,177.93805,0.2457677224903241,213.5975365938861,193.5754634061139,56.13713685459512,3.4000409134704057,3.374209059176525,0.025831854293880685,6.575000000000005,-0.0201186239620403,206.51,-0.0115842791482975,210.75,-0.0022928267278087,213.22,0.0102831522003996,207.3,0.0276254113892491,206.08,209.702,4.1440764954324925,0.31503808172402664,213.71,204.32,207.25100000000003,3.925374575189361,0.22884552677808917,213.71,203.15,203.5865,5.005518296943049,0.24576772249032358,213.71,195.87,198.2278,6.328888831122258,0.23107097778918292,213.71,187.5,0,5,2,1.0036028911494446,1.0307333280143818,0.015661707126000176,0.00848963474823055,204.29,-0.00014682850430702832
2022-05-10,AAPL,203.7,208.62,199.97,204.29,57259969,204.29,-0.000146828504307,203.708,198.4474,178.12149999999997,0.2340133046306327,213.68975092751083,193.7262490724892,55.298189542753576,2.9976032172631335,3.298887890793847,-0.3012846735307133,6.618571428571433,-0.0106048133262312,204.32,-0.0201186239620403,206.51,-0.0115842791482975,210.75,0.030921369995176,213.71,-0.0087829968944099,204.27,207.81799999999998,4.005367648543248,0.1270530440854054,213.22,204.29,207.25300000000001,3.9236917140180863,0.22443669616348455,213.71,203.15,203.708,4.990875463755412,0.23401330463063216,213.71,195.87,198.44740000000002,6.345239517195656,0.23046800987259855,213.71,187.5,1,5,2,1.002857030646794,1.029441554784646,0.04234176905358884,0.002896416298463952,209.94,0.02765676244554305
2022-05-11,AAPL,210.15,214.97,204.91,209.94,141432838,209.94,0.027656762445543,204.195,198.6934,178.34265,0.2499783711018017,214.4039362299548,193.9860637700452,68.14547327949349,3.098854558214555,3.2588812242779883,-0.16002666606343352,6.779285714285718,-0.000146828504307,204.29,-0.0106048133262312,204.32,-0.0201186239620403,206.51,-0.0022928267278087,213.22,-0.0054829392470749,203.15,207.16199999999998,3.055383772948527,0.29405783146413794,210.75,204.29,207.93200000000002,3.7168260055514084,0.26016951166140784,213.71,204.09,204.195,5.10446811497739,0.24997837110180113,213.71,195.87,198.6934,6.5484743853419065,0.23323974017125673,213.71,187.5,2,5,2,1.0281348710740805,1.0566027859956264,0.04791845289107404,-0.0009992862241209074,208.38,-0.007430694484138356
2022-05-12,AAPL,207.98,209.73,207.04,208.38,77118579,208.38,-0.0074306944841383,204.7245,198.812,178.56939999999997,0.2469423021249338,214.6286628143193,194.8203371856807,60.992708893609134,3.0184235055899933,3.2107896805403895,-0.1923661749503962,6.392857142857147,0.027656762445543,209.94,-0.000146828504307,204.29,-0.0106048133262312,204.32,-0.0115842791482975,210.75,0.0046271228156533,204.09,206.68800000000002,2.491379136140741,0.2877946480529924,209.94,204.29,208.36100000000002,3.463018753757576,0.2655791038060046,213.71,204.29,204.7245,4.952081407159658,0.2469423021249332,213.71,195.87,198.812,6.670462150862651,0.22795599141646353,213.71,187.5,3,5,2,1.0178557036357747,1.048125867648592,0.012909108359665461,0.0019232618520919438,209.15,0.0036951722814089205
2022-05-13,AAPL,210.55,214.2,204.11,209.15,56087828,209.15,0.0036951722814089,205.219,198.9764,178.77805,0.2463532016103955,214.96063911420927,195.47736088579072,54.96924568567271,2.9824342363760366,3.165118591707519,-0.18268435533148253,6.41857142857143,-0.0074306944841383,208.38,0.027656762445543,209.94,-0.000146828504307,204.29,-0.0201186239620403,206.51,0.0053897790190602,205.19,207.21599999999998,2.714024686696345,0.23964224421531805,209.94,204.29,208.757,3.2817950711275006,0.265146405163811,213.71,204.29,205.219,4.870819557104637,0.2463532016103949,213.71,195.87,198.97639999999998,6.82327222953444,0.22727346701586557,213.71,187.5,4,5,2,1.019155146448335,1.0511296817057143,0.048242887879281535,-0.0066492519591230415,209.17,9.562514941419131e-05
2022-05-16,AAPL,210.49,212.41,205.94,209.17,119232988,209.17,9.562514941419133e-05,205.7935,199.165,178.97465,0.2434604542087219,215.00385635632185,196.5831436436781,58.419243958148776,2.9218451025317336,3.1164638938723623,-0.19461879134062876,6.240714285714286,0.0036951722814089,209.15,-0.0074306944841383,208.38,0.027656762445543,209.94,-0.0106048133262312,204.32,0.0102831522003996,207.3,208.186,2.2466931254616864,0.21295535421682482,209.94,204.29,208.94400000000002,3.2425922414686,0.26117820041260537,213.71,204.29,205.7935,4.60517817816093,0.24346045420872126,213.71,195.87,199.165,6.973481913647466,0.22674508259357465,213.71,187.5,0,5,2,1.016407223741195,1.0502347299924675,0.03093177797948591,-0.006271081761574187,213.01,0.01835827317492944
2022-05-17,AAPL,213.48,215.35,210.67,213.01,71329425,213.01,0.0183582731749294,206.4625,199.44600000000003,179.1738,0.2484797683671332,215.73139052577807,197.19360947422197,65.49340034830583,3.14740238966192,3.122651593030274,0.024750796631646033,6.180714285714286,9.562514941419133e-05,209.17,0.0036951722814089,209.15,-0.0074306944841383,208.38,-0.000146828504307,204.29,0.030921369995176,213.71,209.92999999999998,1.8079684731753767,0.22613108190124082,213.01,208.38,208.87399999999997,3.134011274174767,0.2261728272203446,213.22,204.29,206.4625,4.634445262889034,0.24847976836713254,213.71,195.87,199.44600000000003,7.242923358387702,0.22974573506689422,213.71,187.5,1,5,2,1.0317127807663293,1.0680083832161686,0.02197079949287844,-0.0022016113921575664,221.31,0.03896530679310839
2022-05-18,AAPL,220.75,222.76,219.86,221.31,108400487,221.31,0.0389653067931083,207.5125,199.971,179.40474999999998,0.278771458052693,218.45376496102156,196.57123503897844,71.97549767719097,3.9503614905227664,3.288193572528773,0.6621679179939934,6.679285714285716,0.0183582731749294,213.01,9.562514941419133e-05,209.17,0.0036951722814089,209.15,0.027656762445543,209.94,-0.0022928267278087,213.22,212.204,5.40194224330428,0.2913969508557332,221.31,208.38,209.683,4.917314194647008,0.29883281923962074,221.31,204.29,207.5125,5.470632480510772,0.2787714580526922,221.31,195.87,199.97099999999998,7.844864757355086,0.2395381620553383,221.31,187.5,2,5,2,1.0664899704785664,1.1067104730130535,0.013103791062251473,0.0025368063420043736,219.63,-0.007591161718855988
2022-05-19,AAPL,218.56,222.93,216.33,219.63,71187922,219.63,-0.0075911617188559,208.7005,200.5146,179.6417,0.2642582462733538,219.4775486634628,197.92345133653723,68.15895369833434,4.400425042587244,3.5106398665404672,0.889785176046777,6.717857142857143,0.0389653067931083,221.31,0.0183582731749294,213.01,9.562514941419133e-05,209.17,-0.0074306944841383,208.38,-0.0115842791482975,210.75,214.454,5.74312458510125,0.292028775483111,221.31,209.15,210.571,5.845593687175304,0.2936714293865876,221.31,204.29,208.7005,5.388524331731379,0.26425824627335304,221.31,200.54,200.5146,8.244588877261787,0.2378939662906173,221.31,187.5,3,5,2,1.0523693043329923,1.0953317115008316,0.030050539543641324,0.0048956808198897216,218.1,-0.0069662614396940326
2022-05-20,AAPL,216.38,222.65,213.54,218.1,78108288,218.1,-0.006966261439694,209.5785,201.0838,179.87744999999998,0.2590468987693035,220.41728858058605,198.73971141941396,63.78254209053198,4.580840360670976,3.7246799653665694,0.8561603953044066,7.120714285714287,-0.0075911617188559,219.63,0.0389653067931083,221.31,0.0183582731749294,213.01,0.0036951722814089,209.15,-0.0201186239620403,206.51,216.24399999999997,5.026786249682167,0.31690012267779305,221.31,209.17,211.73000000000002,6.094624225039053,0.2694919790828531,221.31,204.29,209.5785,5.4193942902930345,0.25904689876930287,221.31,203.15,201.08379999999997,8.458155076970895,0.23563607838405054,221.31,187.5,4,5,2,1.040660182217925,1.084622431040767,0.04176983035285761,0.00794897864863689,221.61,0.016093535075653476
2022-05-23,AAPL,220.97,225.86,217.37,221.61,97460845,221.61,0.0160935350756534,210.355,201.7654,180.12420000000003,0.2483045009767127,222.3065275394495,198.40347246055043,60.887541321597965,4.94998808440414,3.9697415891740837,0.9802464952300562,7.067857142857146,-0.006966261439694,218.1,-0.0075911617188559,219.63,0.0389653067931083,221.31,9.562514941419133e-05,209.17,-0.0106048133262312,204.32,218.73199999999997,3.495571484034136,0.3102222739568893,221.61,213.01,213.459,6.210313017696175,0.2575963946233128,221.61,204.29,210.35499999999996,5.975763769724769,0.248304500976712,221.61,203.15,201.7654,8.71296177530491,0.23522223690391733,221.61,187.5,0,5,2,1.0535047895174658,1.0983548219808832,0.038310545552825676,0.0028963207675119632,223.97,0.01064933892874853
2022-05-24,AAPL,223.58,225.31,222.62,223.97,89871912,223.97,0.0106493389287485,211.34,202.4948,180.3981,0.2448479897459063,224.3777734618304,198.3022265381696,64.08912186376807,5.371058374116359,4.250004946162539,1.1210534279538198,6.932142857142858,0.0160935350756534,221.61,-0.006966261439694,218.1,-0.0075911617188559,219.63,0.0183582731749294,213.01,-0.000146828504307,204.29,220.92399999999998,2.2106062516856366,0.30468924715115986,223.97,218.1,215.427,6.099109315665166,0.2533824302590454,223.97,208.38,211.34,6.518886730915193,0.2448479897459056,223.97,203.15,202.4948,9.015644959778573,0.235620075123505,223.97,188.22,1,5,2,1.0597615217135432,1.106053093703611,0.012010537125454246,0.0017443420699447267,230.34,0.02844130910389797
2022-05-25,AAPL,231.15,231.82,228.85,230.34,36010620,230.34,0.0284413091038979,212.6995,203.3372,180.69445,0.2554693060367663,227.66880821450857,197.73019178549143,73.29369795419471,6.1478962549551,4.629583207921051,1.5183130470340487,7.221428571428571,0.0106493389287485,223.97,0.0160935350756534,221.61,-0.006966261439694,218.1,0.0389653067931083,221.31,0.027656762445543,209.94,222.73000000000002,4.7893371148824855,0.2455892268597878,230.34,218.1,217.467,7.34443561102104,0.2549948110257937,230.34,208.38,212.6995,7.484654107254292,0.25546930603676554,230.34,204.09,203.33719999999997,9.6032670971258,0.24209642982137036,230.34,189.91,2,5,2,1.0829362551342014,1.132798130390638,0.01289398280796694,-0.0035042180402184643,232.44,0.009116957541026371
2022-05-26,AAPL,233.18,235.48,229.41,232.44,51086952,232.44,0.0091169575410263,214.117,204.1318,181.0041,0.2555480184342676,230.91147666096475,197.32252333903529,82.48559255437738,6.8539897940173375,5.074464525140309,1.7795252688770287,7.174999999999999,0.0284413091038979,230.34,0.0106493389287485,223.97,0.0160935350756534,221.61,-0.0075911617188559,219.63,-0.0074306944841383,208.38,225.292,5.991783540815698,0.20321670391347646,232.44,218.1,219.873,7.952605512939418,0.2372709335258002,232.44,209.15,214.11700000000002,8.397238330482365,0.25554801843426683,232.44,204.29,204.1318,10.322731344374214,0.23815922254568994,232.44,189.91,3,5,2,1.085574709149271,1.13867609063782,0.026114266047039578,-0.0031735140234875874,231.27,-0.005033557046979831
2022-05-27,AAPL,229.28,233.79,228.75,231.27,116023253,231.27,-0.0050335570469798,215.421,204.959,181.3124,0.2588845645992513,233.3112171443944,197.5307828556056,84.64900999781214,7.2357555036072085,5.506722720833689,1.72903278277352,7.2557142857142845,0.0091169575410263,232.44,0.0284413091038979,230.34,0.0106493389287485,223.97,-0.006966261439694,218.1,0.0036951722814089,209.15,227.92600000000002,4.819951244565548,0.1923445199882589,232.44,221.61,222.08499999999998,7.711282138672704,0.24865661211698512,232.44,209.17,215.421,8.945108572197183,0.2588845645992505,232.44,204.29,204.959,10.805695446457591,0.23532446994248088,232.44,191.01,4,5,2,1.0735722144030826,1.1283720158610826,0.021792709819597005,0.008679344033458347,233.41,0.00925325377264663
2022-05-30,AAPL,232.92,235.66,231.16,233.41,75881430,233.41,0.0092532537726466,216.7265,205.7712,181.622,0.258690925271317,235.887047486956,197.565952513044,85.51219509275194,7.6231131905666984,5.930000814780291,1.6931123757864075,6.959285714285713,-0.0050335570469798,231.27,0.0091169575410263,232.44,0.0284413091038979,230.34,0.0160935350756534,221.61,9.562514941419133e-05,209.17,230.286,3.716924804188031,0.18894505778359966,233.41,223.97,224.50900000000001,6.975158222019986,0.2423943166048684,233.41,213.01,216.7265,9.580273743478005,0.2586909252713163,233.41,204.29,205.7712,11.383862842833734,0.23424792824451376,233.41,191.01,0,5,2,1.0769795110377505,1.134318116426719,0.019279379632323897,0.0021037266013992162,237.4,0.017094383274067093
2022-05-31,AAPL,235.89,239.92,234.88,237.4,64879656,237.4,0.017094383274067,217.911,206.6742,181.94555,0.2453903007270388,239.1072498172597,196.71475018274023,84.90086423008104,8.158016071340455,6.375603866092324,1.7824122052481313,6.661428571428568,0.0092532537726466,233.41,-0.0050335570469798,231.27,0.0091169575410263,232.44,0.0106493389287485,223.97,0.0183582731749294,213.01,232.97199999999998,2.7343317282267106,0.1947482011060581,237.4,230.34,226.948,6.768712006151054,0.24141989576968806,237.4,218.1,217.91099999999997,10.598124908629876,0.24539030072703805,237.4,204.29,206.67419999999998,12.060063980943447,0.235551752254583,237.4,191.01,1,5,2,1.0894355952609578,1.1486678066195555,0.02122999157531071,0.0064012887362483286,240.42,0.012721145745576923
2022-06-01,AAPL,238.77,245.49,235.36,240.42,46460246,240.42,0.0127211457455769,219.271,207.6392,182.28855,0.2449486671111363,242.58461644144555,195.95738355855448,89.2647058517229,8.725042361731965,6.845491565220253,1.8795507965117126,7.17785714285714,0.017094383274067,237.4,0.0092532537726466,233.41,-0.0050335570469798,231.27,0.0284413091038979,230.34,0.0389653067931083,221.31,234.988,3.8121608045813704,0.13179226879433026,240.42,231.27,228.859,7.641463574181783,0.1858595053266827,240.42,218.1,219.27100000000002,11.65680822072277,0.24494866711113555,240.42,204.29,207.63920000000002,12.784443646357763,0.2360349450993381,240.42,191.01,2,6,2,1.0964514231198086,1.157873850404173,0.04213459778703046,0.006910415881363098,242.34,0.00798602445719987
2022-06-02,AAPL,243.93,248.06,236.63,242.34,51942228,242.34,0.0079860244571998,220.8505,208.6022,182.6258,0.2358557750531371,245.94575975368963,195.7552402463104,89.5589987782163,9.223025439825221,7.320998340141247,1.9020270996839743,7.273571428571428,0.0127211457455769,240.42,0.017094383274067,237.4,0.0092532537726466,233.41,0.0091169575410263,232.44,-0.0075911617188559,219.63,236.968,4.6391777288637925,0.13177380679341155,242.34,231.27,231.12999999999997,7.961826981847866,0.16348803622759825,242.34,218.1,220.8505,12.547629876844805,0.2358557750531363,242.34,204.29,208.6022,13.541737489881255,0.2357774721854292,242.34,191.01,3,6,2,1.0973033794304414,1.1617327142227565,0.04716513988591583,-0.006518263436204998,246.33,0.016464471403812908
2022-06-03,AAPL,244.08,249.56,243.11,246.33,35634247,246.33,0.0164644714038129,222.8415,209.7086,182.99675,0.2146300336030137,249.42083766154084,196.26216233845915,90.46167244628782,9.8263680173647,7.8220722755859375,2.004295741778763,7.327142857142856,0.0079860244571998,242.34,0.0127211457455769,240.42,0.017094383274067,237.4,-0.0050335570469798,231.27,-0.006966261439694,218.1,239.98000000000002,4.89660596740078,0.06525168478161139,246.33,233.41,233.95300000000003,7.83214182427437,0.13559429892052194,246.33,221.61,222.8415,13.289668830770424,0.21463003360301292,246.33,204.29,209.70860000000002,14.313009211686893,0.23229110083728194,246.33,192.18,4,6,2,1.1054045139657318,1.1746299388714885,0.026184386798091194,0.009218289085507956,250.78,0.0180651970933301
2022-06-06,AAPL,250.37,256.57,244.98,250.78,76823789,250.78,0.0180651970933301,225.1645,210.8806,183.3817,0.2038581668945117,253.0185477829457,197.31045221705432,90.58671821903688,10.542076669085162,8.366073154285782,2.1760035147993797,7.713571428571427,0.0164644714038129,246.33,0.0079860244571998,242.34,0.0127211457455769,240.42,0.0092532537726466,233.41,0.0160935350756534,221.61,243.454,5.221080347972411,0.06587973619263986,250.78,237.4,236.86999999999998,8.149924335026652,0.13749540665891063,250.78,223.97,225.1645,13.92702389147284,0.20385816689451078,250.78,204.29,210.88060000000002,15.218931739976936,0.23407440567600032,250.78,192.72,0,6,2,1.1137634929080127,1.189203748466245,0.0462158066829643,0.0016375763869407637,256.12,0.021293564080070215
2022-06-07,AAPL,254.42,259.04,253.19,256.12,62969570,256.12,0.0212935640800702,227.756,212.1486,183.7853,0.2033874567010449,257.04030037444863,198.47169962555137,89.9472113550778,11.40866234585667,8.97459099259996,2.4340713532567086,7.607142857142857,0.0180651970933301,250.78,0.0164644714038129,246.33,0.0079860244571998,242.34,0.017094383274067,237.4,0.0106493389287485,223.97,247.198,6.378238001202393,0.08135962563316368,256.12,240.42,240.08500000000004,8.810231741181793,0.14377549517684268,256.12,230.34,227.756,14.642150187224324,0.20338745670104402,256.12,208.38,212.14860000000002,16.279186036161434,0.23666894608576014,256.12,193.98,1,6,2,1.1245367849754802,1.2072669817231543,0.022840855848731773,0.006681864633257351,258.71,0.01011244729033245
2022-06-08,AAPL,260.67,262.47,254.95,258.71,54347112,258.71,0.0101124472903324,230.1945,213.4384,184.2056,0.1941667166179711,261.2979717811691,199.0910282188309,93.92985608554368,12.16420767841717,9.612514329763403,2.5516933486537674,7.672857142857146,0.0212935640800702,256.12,0.0180651970933301,250.78,0.0164644714038129,246.33,0.0127211457455769,240.42,0.0284413091038979,230.34,250.856,6.752920109106936,0.0883857111418127,258.71,242.34,242.92199999999997,9.832042627156216,0.11765457090819247,258.71,231.27,230.1945,15.551735890584547,0.19416671661797033,258.71,208.38,213.4384,17.34931220891482,0.23682641346743039,258.71,193.98,2,6,2,1.1238756790404467,1.212106162709184,0.029067295427200233,-0.0075190854336614,258.15,-0.0021645858296934772
2022-06-09,AAPL,258.44,260.6,255.69,258.15,77849483,258.15,-0.0021645858296934,232.683,214.6988,184.6185,0.188509203800237,264.39571775436934,200.97028224563064,96.02390252024055,12.572863335797422,10.204584130970208,2.368279204827214,7.372857142857147,0.0101124472903324,258.71,0.0212935640800702,256.12,0.0180651970933301,250.78,0.0079860244571998,242.34,0.0091169575410263,232.44,254.01799999999997,5.31734614257711,0.14730879799849192,258.71,246.33,245.493,10.143091847273082,0.13669832003814852,258.71,231.27,232.683,15.856358877184682,0.18850920380023617,258.71,209.15,214.6988,18.25747391159586,0.2374993052643551,258.71,193.98,3,6,2,1.109449336646384,1.2023821278870566,0.019019949641607616,-0.0011221173192961552,258.8,0.0025179159403447837
2022-06-10,AAPL,257.41,263.41,254.19,258.8,92537585,258.8,0.0025179159403447,235.1655,215.8244,185.0507,0.1891456311266476,266.8949407368544,203.43605926314564,95.74415740859982,12.801606505131815,10.72398860580253,2.077617899329285,7.425000000000005,-0.0021645858296934,258.15,0.0101124472903324,258.71,0.0212935640800702,256.12,0.0164644714038129,246.33,-0.0050335570469798,231.27,256.512,3.3822581214299565,0.15806044508516337,258.8,250.78,248.246,9.573883688915657,0.11628017099341986,258.8,233.41,235.1655,15.86472036842718,0.18914563112664684,258.8,209.17,215.8244,19.201762372345687,0.22586341644499355,258.8,193.98,4,6,2,1.1005015616614662,1.1991229907220913,0.03562596599677126,0.005399945612037552,263.62,0.018624420401854636
2022-06-13,AAPL,263.63,270.1,257.14,263.62,184805848,263.62,0.0186244204018546,237.888,217.0836,185.49465,0.18669117189813,269.56980656730747,206.20619343269257,95.98700994331206,13.219435409822552,11.223077966606535,1.9963574432160165,8.08642857142858,0.0025179159403447,258.8,-0.0021645858296934,258.15,0.0101124472903324,258.71,0.0180651970933301,250.78,0.0092532537726466,233.41,259.08000000000004,2.7592299650406216,0.15990506441994765,263.62,256.12,251.267,9.128233430163405,0.1210039900094967,263.62,237.4,237.888,15.840903283653722,0.18669117189812912,263.62,213.01,217.08360000000002,20.224180996508593,0.2255004090504391,263.62,193.98,0,6,2,1.1081685499011797,1.2143708690973691,0.0491616721035994,-3.7931950081375314e-05,260.5,-0.011835217358318828
2022-06-14,AAPL,261.7,264.94,256.05,260.5,43696729,260.5,-0.0118352173583188,240.2625,218.31100000000004,185.92515,0.2025034951512206,271.2034378791588,209.3215621208412,87.83241341621542,13.147256512815858,11.607913675848401,1.5393428369674567,8.160714285714294,0.0186244204018546,263.62,0.0025179159403447,258.8,-0.0021645858296934,258.15,0.0212935640800702,256.12,0.017094383274067,237.4,259.956,2.2288629388048444,0.18456145818452255,263.62,258.15,253.577,8.093312808870051,0.16708992575067128,263.62,240.42,240.2625,15.470468939579408,0.2025034951512198,263.62,218.1,218.31100000000004,20.961180763008986,0.22696089659135252,263.62,193.98,1,6,2,1.0842307892364218,1.1932518288075578,0.03412667946244092,-0.0045854031333412435,262.03,0.005873320537427951
2022-06-15,AAPL,264.43,265.21,258.84,262.03,127202340,262.03,0.0058733205374279,242.2985,219.6046,186.3698,0.1718919201339832,273.3471669092565,211.24983309074344,87.65589205326592,13.062931091938083,11.89891715906634,1.1640139328717432,8.182142857142866,-0.0118352173583188,260.5,0.0186244204018546,263.62,0.0025179159403447,258.8,0.0101124472903324,258.71,0.0127211457455769,240.42,260.62,2.2591923335514235,0.1772302146098785,263.62,258.15,255.738,7.001291626867342,0.16679005505282857,263.62,242.34,242.29849999999996,15.52433345462826,0.17189192013398252,263.62,218.1,219.6046,21.626467741624765,0.2245422502927482,263.62,193.98,2,6,2,1.081434676644381,1.19318994228175,0.024310193489202363,-0.009076126006848534,260.57,-0.005571881082318764
2022-06-16,AAPL,259.12,265.25,255.9,260.57,118068770,260.57,-0.0055718810823187,244.34550000000004,220.90060000000005,186.79315,0.1695121868553402,274.48648903486503,214.20451096513503,87.01364322339084,12.731531618692657,12.065440050991604,0.6660915677010522,8.490000000000009,0.0058733205374279,262.03,-0.0118352173583188,260.5,0.0186244204018546,263.62,-0.0021645858296934,258.15,0.0079860244571998,242.34,261.104,1.8128789259013807,0.18450627449024998,263.62,258.8,257.56100000000004,5.2891008477601,0.18162721644776816,263.62,246.33,244.34550000000004,15.070494517432499,0.16951218685533945,263.62,218.1,220.90060000000003,22.105312078357453,0.22383887356543516,263.62,193.98,3,6,2,1.0663998313819307,1.1795803180200524,0.0358828721647316,0.005595862920632883,260.78,0.0008059254710826025
2022-06-17,AAPL,262.79,262.79,258.83,260.78,58579777,260.78,0.0008059254710826,246.4795,222.2366,187.2265,0.1621069604350611,274.7840977109514,218.1749022890486,86.34794153495696,12.343551614085072,12.1210623636103,0.22248925047477286,8.451428571428583,-0.0055718810823187,260.57,0.0058733205374279,262.03,-0.0118352173583188,260.5,0.0025179159403447,258.8,0.0164644714038129,246.33,261.49999999999994,1.3377780084816813,0.18455805472371187,263.62,260.5,259.006,3.57642962867832,0.17653440910268642,263.62,250.78,246.4795,14.1522988554757,0.16210696043506048,263.62,221.61,222.2366,22.460849985732384,0.22151807444476,263.62,195.87,4,6,2,1.0580190238901894,1.1734340788098205,0.015185213589941144,-0.007648692872607021,265.91,0.019671753968862893
2022-06-20,AAPL,268.22,271.97,259.86,265.91,86775213,265.91,0.0196717539688628,248.6945,223.6042,187.7034,0.1646538146841074,275.70869313113315,221.6803068688669,86.74916212388536,12.308142190371626,12.158478328962566,0.14966386140905996,8.851428571428585,0.0008059254710826,260.78,-0.0055718810823187,260.57,0.0058733205374279,262.03,0.0186244204018546,263.62,0.0180651970933301,250.78,261.95799999999997,2.294748352211436,0.19069950362580526,265.91,260.5,260.519,2.8328252485616954,0.17982050441851588,265.91,256.12,248.6945,13.507096565566556,0.16465381468410673,265.91,223.97,223.6042,23.001079219576773,0.22192959857175462,265.91,195.87,0,6,2,1.0692234850345739,1.1891994873030598,0.04554172464350521,-0.008612333159314704,266.77,0.0032341769771726536
2022-06-21,AAPL,268.99,270.79,262.75,266.77,66617901,266.77,0.0032341769771726,250.8345,224.90240000000003,188.204,0.1658898794856154,276.3408347962165,225.3281652037836,85.96778593492907,12.208740024324072,12.168530668034869,0.04020935628920341,8.702142857142873,0.0196717539688628,265.91,0.0008059254710826,260.78,-0.0055718810823187,260.57,-0.0118352173583188,260.5,0.0212935640800702,256.12,263.212,2.9253410057592744,0.14813165790554153,266.77,260.57,261.58399999999995,2.9926881264545737,0.15817524927018342,266.77,258.15,250.83450000000002,12.75316739810822,0.16588987948561476,266.77,230.34,224.90240000000003,23.57343823121174,0.21900635894322523,266.77,195.87,1,6,2,1.0635299370658202,1.1861589738429372,0.030138321400344427,-0.008253094910560891,267.04,0.0010121078082243606
2022-06-22,AAPL,267.77,270.78,263.31,267.04,86168274,267.04,0.0010121078082243,252.66950000000003,226.2392,188.69805,0.1507736129782451,277.2307938755665,228.1082061244335,85.30588904533215,12.013268355491164,12.13747820552613,-0.12420985003496554,8.419285714285726,0.0032341769771726,266.77,0.0196717539688628,265.91,0.0008059254710826,260.78,0.0058733205374279,262.03,0.0101124472903324,258.71,264.214,3.2583323955631656,0.14992737006966528,267.04,260.57,262.41700000000003,3.2519192623570925,0.15509994072857444,267.04,258.15,252.66950000000003,12.28064693778326,0.15077361297824451,267.04,231.27,226.2392,24.03469412736213,0.21696197672467793,267.04,195.87,2,6,2,1.056874692034231,1.1803436362876976,0.027973337327636297,-0.002726220263648785,261.74,-0.01984721390053934
2022-06-23,AAPL,262.42,266.12,257.36,261.74,146302886,261.74,-0.0198472139005393,254.13450000000003,227.5182,189.18135,0.1789739090721871,277.05582215805885,231.2131778419412,71.23174425469153,11.300425670730363,11.970067698566977,-0.6696420278366144,8.595000000000013,0.0010121078082243,267.04,0.0032341769771726,266.77,0.0196717539688628,265.91,-0.0055718810823187,260.57,-0.0021645858296934,258.15,264.448,2.959521920847402,0.22284708605766118,267.04,260.78,262.776,2.9085513767357463,0.19303936977984368,267.04,258.8,254.13450000000003,11.460661079029403,0.1789739090721866,267.04,231.27,227.5182,24.190914696155467,0.2209484613431339,267.04,195.87,3,6,2,1.0299270661754703,1.150413461423524,0.03346832734762177,-0.0025912659096006996,264.78,0.01161457935355692
2022-06-24,AAPL,264.26,269.41,260.14,264.78,101928249,264.78,0.0116145793535569,255.81,228.8286,189.65755,0.1750576498294943,276.48280746345023,235.13719253654975,70.06880731132557,10.855658032576116,11.747185765368805,-0.8915277327926887,8.42928571428573,-0.0198472139005393,261.74,0.0010121078082243,267.04,0.0032341769771726,266.77,0.0008059254710826,260.78,0.0025179159403447,258.8,265.248,2.150062789775233,0.23519814364775987,267.04,261.74,263.37399999999997,2.598470490286429,0.19973542271865116,267.04,260.5,255.81,10.336403731725106,0.17505764982949373,267.04,233.41,228.8286,24.402607673468843,0.22131503943412484,267.04,195.87,4,6,2,1.0350650873654859,1.157110605924447,0.03501019714466738,0.001967759025194937,267.44,0.010046075987612424
2022-06-27,AAPL,268.79,269.16,265.72,267.44,98049257,267.44,0.0100460759876124,257.5115,230.2238,190.1728,0.1752247720458395,275.8967255042447,239.1262744957552,67.5776397221712,10.59567588835182,11.516883789965409,-0.9212079016135881,8.152142857142875,0.0116145793535569,264.78,-0.0198472139005393,261.74,0.0010121078082243,267.04,0.0196717539688628,265.91,0.0186244204018546,263.62,265.554,2.365878272434147,0.19983511892475597,267.44,261.74,263.756,2.9017435371783247,0.18421338084141511,267.44,260.5,257.51149999999996,9.192612752122383,0.17522477204583897,267.44,237.4,230.2238,24.57896544625294,0.21925115234298662,267.44,195.87,0,6,2,1.0385555596505842,1.1616522705247605,0.012862698175243551,-0.005022508277819116,276.36,0.03335327550104705
2022-06-28,AAPL,276.53,281.51,271.2,276.36,67350000,276.36,0.033353275501047,259.45950000000005,231.7584,190.7112,0.1960544285373054,277.113948641686,241.80505135831407,72.90423044327386,10.982804682610862,11.410067968494499,-0.4272632858836367,8.620000000000015,0.0100460759876124,267.44,0.0116145793535569,264.78,-0.0198472139005393,261.74,0.0032341769771726,266.77,-0.0118352173583188,260.5,267.47200000000004,5.460926661288871,0.30549848769183263,276.36,261.74,265.342,4.700902513820678,0.22725875085553887,276.36,260.57,259.45950000000005,8.82722432084299,0.19605442853730487,276.36,240.42,231.7584,25.021203282700387,0.22748121835737325,276.36,195.87,1,6,2,1.0651373335681864,1.1924486879388518,0.03730641192633773,-0.0006147615086946962,275.18,-0.0042697930235924275
2022-06-29,AAPL,276.15,277.88,272.47,275.18,44185822,275.18,-0.0042697930235924,261.19750000000005,233.2558,191.24075,0.1995276562814735,277.7707604866307,244.6242395133694,71.74968068954037,11.066819496544724,11.341418274104544,-0.2745987775598202,8.655714285714296,0.033353275501047,276.36,0.0100460759876124,267.44,0.0116145793535569,264.78,0.0010121078082243,267.04,0.0058733205374279,262.03,269.1,6.427705655984515,0.3144477292198098,276.36,261.74,266.65700000000004,5.4509021679393515,0.23307091987150866,276.36,260.57,261.19750000000005,8.286630243315335,0.199527656281473,276.36,242.34,233.25580000000002,25.33904513849213,0.22868946192161912,276.36,195.87,2,6,2,1.0535322887812726,1.1797348661804778,0.019659859001309354,-0.0035125837407077964,276.17,0.0035976451777020024
2022-06-30,AAPL,275.78,281.5,270.85,276.17,73599582,276.17,0.003597645177702,262.889,234.8618,191.7762,0.1998039409386623,278.2172922453126,247.56070775468743,71.99290957184348,11.085499826589285,11.290234584601492,-0.20473475801220786,8.75785714285715,-0.0042697930235924,275.18,0.033353275501047,276.36,0.0100460759876124,267.44,-0.0198472139005393,261.74,-0.0055718810823187,260.57,271.986,5.464245602091359,0.2229268435953151,276.36,264.78,268.217,5.739924602679584,0.2258534184820751,276.36,260.78,262.889,7.664146122656287,0.19980394093866186,276.36,246.33,234.86180000000002,25.465567764959893,0.21921512418672842,276.36,200.54,3,6,2,1.0505194207401203,1.175883008640929,0.03856320382359204,0.0014141707157829758,277.3,0.004091682659231655
2022-07-01,AAPL,278.59,283.25,271.36,277.3,129628140,277.3,0.0040916826592316,264.4375,236.397,192.3239,0.1965267147636598,278.95835958742475,249.9166404125752,69.1061452243719,11.063947380594698,11.244977143800135,-0.18102976320543718,8.681428571428574,0.003597645177702,276.17,-0.0042697930235924,275.18,0.033353275501047,276.36,0.0116145793535569,264.78,0.0008059254710826,260.78,274.49,4.012293608395825,0.22768702329247065,277.3,267.44,269.869,5.738965160297936,0.22436686000823267,277.3,261.74,264.4375,7.260429793712387,0.1965267147636593,277.3,250.78,236.39700000000002,25.667192929049897,0.21586403036755358,277.3,203.15,4,7,3,1.0486409832151318,1.1730267304527005,0.042877749729380125,-0.004630460533383587,284.04,0.02430580598629639
2022-07-04,AAPL,285.88,290.03,278.05,284.04,43430392,284.04,0.0243058059862963,266.10049999999995,237.9562,192.89995,0.2027532258909404,281.61946832571493,250.581531674285,79.85794010355123,11.458640508312953,11.287709816702698,0.17093069161025554,8.955714285714288,0.0040916826592316,277.3,0.003597645177702,276.17,-0.0042697930235924,275.18,0.0100460759876124,267.44,0.0196717539688628,265.91,277.81000000000006,3.5630745150744456,0.2516259433496447,284.04,275.18,271.682,7.06081015181708,0.2331621116467806,284.04,261.74,266.10049999999995,7.759484162857481,0.2027532258909398,284.04,256.12,237.9562,26.15129238543472,0.21432373501016258,284.04,203.15,0,7,3,1.067416258139059,1.193665052639126,0.042177158146591266,-0.006436266965137606,283.73,-0.0010913955780875728
2022-07-05,AAPL,281.72,288.28,279.18,283.73,52456847,283.73,-0.0010913955780875,267.481,239.5454,193.47465,0.1962991567441275,284.13257226652104,250.82942773347892,78.40314133252244,11.612560873239659,11.35268002801009,0.2598808452295689,9.150714285714285,0.0243058059862963,284.04,0.0040916826592316,277.3,0.003597645177702,276.17,0.033353275501047,276.36,0.0032341769771726,266.77,279.284,4.267977272663558,0.17712813856502077,284.04,275.18,273.37800000000004,7.752832887260087,0.23596389857804195,284.04,261.74,267.481,8.32578613326052,0.19629915674412685,284.04,258.15,239.5454,26.474792570922858,0.212183102167019,284.04,203.15,1,7,3,1.0607482400579453,1.1844518826026948,0.032072745215408635,0.007134743717140622,285.02,0.00454657597011221
2022-07-06,AAPL,286.91,289.41,280.62,285.02,84144346,285.02,0.0045465759701122,268.7965,241.1828,194.04145,0.1954456646444094,286.6445773253123,250.9484226746877,82.14567443728527,11.703722858601168,11.422888594128306,0.28083426447286186,9.110714285714286,-0.0010913955780875,283.73,0.0243058059862963,284.04,0.0040916826592316,277.3,-0.0042697930235924,275.18,0.0010121078082243,267.04,281.25200000000007,4.170020383639892,0.15694395128786176,285.02,276.17,275.17600000000004,8.192107583929253,0.2344159630945636,285.02,261.74,268.7965,8.924038662656153,0.19544566464440877,285.02,258.15,241.1828,26.708585185519766,0.21041366172856577,285.02,204.09,2,7,3,1.0603560686204607,1.1817592299236026,0.03083994105665982,-0.006587431598736383,287.72,0.009473019437232555
2022-07-07,AAPL,287.95,289.98,285.46,287.72,53955774,287.72,0.0094730194372325,270.275,242.8554,194.61995,0.1942077888457446,289.2717448735111,251.27825512648883,83.24284301171272,11.8571549228177,11.509741859866185,0.34741306295151375,9.182142857142859,0.0045465759701122,285.02,-0.0010913955780875,283.73,0.0243058059862963,284.04,0.003597645177702,276.17,-0.0198472139005393,261.74,283.562,3.8367981442827945,0.15422641188113867,287.72,277.3,277.774,7.552228810093468,0.1820250307960007,287.72,264.78,270.275,9.498372436755568,0.194207788845744,287.72,258.8,242.8554,26.95575862976299,0.21042799336914364,287.72,204.29,3,7,3,1.0645453704520784,1.1847379139966223,0.015709717781121676,-0.0007987497829455204,288.63,0.0031627971639092145
2022-07-08,AAPL,290.62,294.55,282.71,288.63,58265913,288.63,0.0031627971639092,271.7665,244.5242,195.2008,0.1940895722712838,291.6339632449457,251.8990367550543,81.29476580886698,11.914833549507932,11.590760197794534,0.32407335171339824,9.162857142857145,0.0094730194372325,287.72,0.0045465759701122,285.02,-0.0010913955780875,283.73,0.0040916826592316,277.3,0.0116145793535569,264.78,285.82800000000003,2.218235785477199,0.15594143791520995,288.63,283.73,280.159,6.711945321589479,0.18429317767118286,288.63,267.44,271.7665,9.933731622472848,0.19408957227128315,288.63,260.5,244.52419999999998,27.158424189354157,0.2105737520770021,288.63,204.29,4,7,3,1.0620514301760444,1.1803739670708242,0.041021376849111356,-0.00684742963317446,286.8,-0.0063402972663964
2022-07-11,AAPL,286.4,289.79,283.81,286.8,67531030,286.8,-0.0063402972663964,272.9255,246.1142,195.7769,0.1919861495127263,293.48440891534045,252.36659108465955,76.87147837198283,11.67825887184921,11.608259932605469,0.06999893924374057,9.015714285714287,0.0031627971639092,288.63,0.0094730194372325,287.72,0.0045465759701122,285.02,0.0243058059862963,284.04,0.0100460759876124,267.44,286.38,1.9941539559351042,0.09484537583592621,288.63,283.73,282.095,5.273633050901762,0.19878403390940524,288.63,275.18,272.9255,10.27945445767023,0.1919861495127258,288.63,260.5,246.1142,27.261626397496,0.21251171444100436,288.63,204.29,0,7,3,1.050836217205608,1.1653126881701044,0.02085076708500407,0.0013966480446879802,287.73,0.0032426778242677923
2022-07-12,AAPL,287.03,292.03,283.43,287.73,46329535,287.73,0.0032426778242677,274.287,247.5946,196.3581,0.1824091155036525,294.9872823270805,253.58671767291943,77.27392562399591,11.434010803918852,11.573410106868145,-0.13939930294929326,9.096428571428573,-0.0063402972663964,286.8,0.0031627971639092,288.63,0.0094730194372325,287.72,-0.0010913955780875,283.73,0.033353275501047,276.36,287.18,1.3699087560752155,0.09100223399559093,288.63,285.02,283.232,5.12332530903813,0.1344088603246597,288.63,275.18,274.287,10.35014116354025,0.1824091155036519,288.63,260.57,247.59459999999999,27.474990795710998,0.2051789332753938,288.63,204.29,1,7,3,1.0490107077584832,1.1621012736095129,0.029889132172418852,0.0024387694665979403,292.5,0.016578041914294683
2022-07-13,AAPL,294.93,295.63,289.38,292.5,54183579,292.5,0.0165780419142946,275.8105,249.1802,196.95885,0.1869545028803187,297.186538208084,254.43446179191596,91.12299461829622,11.492859060623914,11.557299897619298,-0.06444083699538439,8.969285714285714,0.0032426778242677,287.73,-0.0063402972663964,286.8,0.0031627971639092,288.63,0.0045465759701122,285.02,-0.0042697930235924,275.18,288.67600000000004,2.2334569617459166,0.13490427205026204,292.5,286.8,284.96400000000006,5.02547996602296,0.1388515653549469,292.5,276.17,275.8105,10.688019104042027,0.18695450288031806,292.5,260.57,249.1802,27.737124719664045,0.2056074788297564,292.5,204.29,2,7,3,1.0605107492243389,1.173849286575844,0.021367521367448315,-0.008239243210225367,288.13,-0.014940170940170971
2022-07-14,AAPL,286.69,290.34,285.92,288.13,105995623,288.13,-0.0149401709401709,277.1885,250.7278,197.5593,0.1970515882212583,297.97291144096096,256.404088559039,80.14459072754909,11.059388503220475,11.457717618739535,-0.3983291155190596,8.777142857142852,0.0165780419142946,292.5,0.0032426778242677,287.73,-0.0063402972663964,286.8,0.0094730194372325,287.72,0.003597645177702,276.17,288.758,2.1968090495014136,0.18752385565406937,292.5,286.8,286.15999999999997,4.0233209058091575,0.17491800000672703,292.5,277.3,277.1885,10.392205720480494,0.19705158822125765,292.5,260.78,250.7278,27.707845222930455,0.20725060543219875,292.5,204.29,3,7,3,1.0394731383118727,1.1491745231236856,0.015340297782197684,0.0050228469775540656,288.8,0.0023253392565856235
2022-07-15,AAPL,290.79,293.88,283.72,288.8,47421642,288.8,0.0023253392565856,278.5895,252.3736,198.17965,0.1966846419875277,298.4749238867989,258.7040761132011,79.06913442822625,10.647189194676798,11.295611933926988,-0.64842273925019,9.189999999999989,-0.0149401709401709,288.13,0.0165780419142946,292.5,0.0032426778242677,287.73,0.0031627971639092,288.63,0.0040916826592316,277.3,288.79200000000003,2.1956479681340766,0.18682277002809508,292.5,286.8,287.31,2.6019010144314643,0.1752022258926354,292.5,283.73,278.5895,9.94271194339945,0.19668464198752703,292.5,261.74,252.3736,27.470709949740407,0.19844296044945403,292.5,204.29,4,7,3,1.0366506993227074,1.1443352236480189,0.03518005540154012,-0.006843426527711288,285.88,-0.010110803324099749
2022-07-18,AAPL,285.79,287.62,284.14,285.88,42219313,285.88,-0.0101108033240997,279.588,254.0048,198.7759,0.1960072553904147,298.786325146242,260.38967485375804,65.48471044512729,9.96997105613491,11.030483758368572,-1.0605127022336625,8.517857142857135,0.0023253392565856,288.8,-0.0149401709401709,288.13,0.0165780419142946,292.5,-0.0063402972663964,286.8,0.0243058059862963,284.04,288.608,2.430323023791556,0.1967579421404231,292.5,285.88,287.494,2.4023701259866153,0.14714825484768074,292.5,283.73,279.588,9.599162573120996,0.19600725539041403,292.5,261.74,254.0048,26.976121356275055,0.19822302920968435,292.5,204.29,0,7,3,1.0225045423944428,1.1254905419065881,0.012172939694934397,0.0003149165471138251,291.15,0.0184343081013012
2022-07-19,AAPL,291.23,296.96,285.33,291.15,62178957,291.15,0.0184343081013012,280.807,255.742,199.39605,0.2028361331996684,299.6715812374123,261.94241876258764,72.92563878779902,9.746168001082026,10.773620606911264,-1.0274526058292377,8.962142857142851,-0.0101108033240997,285.88,0.0023253392565856,288.8,-0.0149401709401709,288.13,0.0032426778242677,287.73,-0.0010913955780875,283.73,289.29200000000003,2.596992491319754,0.24013397616577362,292.5,285.88,288.236,2.2518002674428454,0.17122577828160598,292.5,285.02,280.80699999999996,9.432290618706165,0.2028361331996678,292.5,261.74,255.74199999999996,26.501889189492715,0.1992529424291207,292.5,208.38,1,7,3,1.0368331273756108,1.1384520336857518,0.039945045509050495,-0.0002746969748987612,284.67,-0.022256568778979746
2022-07-20,AAPL,283.58,287.9,281.44,284.67,107212070,284.67,-0.0222565687789797,281.6885,257.2366,199.98585000000003,0.2238128591466168,299.4604214078299,263.91657859217,60.54067458215355,8.942833208649404,10.407463127258893,-1.4646299186094893,8.894999999999994,0.0184343081013012,291.15,-0.0101108033240997,285.88,0.0023253392565856,288.8,0.0165780419142946,292.5,0.0045465759701122,285.02,287.726,2.53906084999386,0.25412413151876,291.15,284.67,288.20099999999996,2.3093262605766576,0.21108329762212227,292.5,284.67,281.6885,8.885960703914977,0.2238128591466162,292.5,261.74,257.2366,25.96798300340653,0.20432658512644286,292.5,208.38,2,7,3,1.010584386650465,1.1066465658420823,0.022692942705509138,0.00384371253260522,282.39,-0.008009273896090296
2022-07-21,AAPL,282.8,283.8,280.97,282.39,73940292,282.39,-0.0080092738960902,282.721,258.7168,200.56375,0.2111649312225384,297.8100268947784,267.6319731052216,56.136966462842565,8.029646881716133,9.931899878150341,-1.9022529964342088,8.309999999999993,-0.0222565687789797,284.67,0.0184343081013012,291.15,-0.0101108033240997,285.88,-0.0149401709401709,288.13,0.0094730194372325,287.72,286.578,3.4462835054550918,0.24205335604493203,291.15,282.39,287.668,2.956957144695623,0.20722360810195206,292.5,282.39,282.721,7.544513447389179,0.2111649312225377,292.5,264.78,258.7168,25.224966369183395,0.2045289585190549,292.5,209.15,3,7,3,0.9988292344714441,1.0915023686088747,0.010021601331456364,-0.0014497878359214116,284.09,0.006020043202662917
2022-07-22,AAPL,283.09,288.41,279.76,284.09,66433018,284.09,0.0060200432026629,283.6865,260.2156,201.1455,0.2093759829897237,296.1918660482116,271.18113395178847,50.06862474057197,7.358294097005171,9.417178721921308,-2.0588846249161374,8.018571428571429,-0.0080092738960902,282.39,-0.0222565687789797,284.67,0.0184343081013012,291.15,0.0023253392565856,288.8,0.0031627971639092,288.63,285.63599999999997,3.328795577978923,0.24937285675012924,291.15,282.39,287.214,3.1359535143964057,0.20961882613554303,292.5,282.39,283.6865,6.252683024105786,0.20937598298972304,292.5,267.44,260.2156,24.433691623806013,0.2044504085953587,292.5,209.17,4,7,3,1.0014223447326487,1.091748534672434,0.030448097433804736,0.0035324455120154994,290.93,0.024076877046006695
2022-07-25,AAPL,288.25,292.66,288.25,290.93,81432149,290.93,0.0240768770460066,284.861,261.8508,201.7679,0.2207146528261664,295.15924083085486,274.5627591691451,58.37988824913131,7.294091270271508,8.992561231591349,-1.6984699613198408,7.980714285714291,0.0060200432026629,284.09,-0.0080092738960902,282.39,-0.0222565687789797,284.67,-0.0101108033240997,285.88,-0.0063402972663964,286.8,286.64599999999996,4.098472886328743,0.30208933031407426,291.15,282.39,287.627,3.3406488059141104,0.24294050083638144,292.5,282.39,284.861,5.149120415427424,0.2207146528261657,292.5,275.18,261.8508,23.67177177438721,0.2078142312791459,292.5,213.01,0,7,3,1.021305127760482,1.1110525535873443,0.015158285498177798,0.009297484822170719,290.75,-0.000618705530539998
2022-07-26,AAPL,289.42,293.81,287.69,290.75,39795094,290.75,-0.0006187055305399,285.5805,263.4056,202.3988,0.1925713110056502,295.37647226574967,275.7845277342503,56.845878117184185,7.146307388696528,8.623310463012386,-1.4770030743158582,7.7900000000000045,0.0240768770460066,290.93,0.0060200432026629,284.09,-0.0080092738960902,282.39,0.0184343081013012,291.15,0.0032426778242677,287.73,286.566,3.9910750431396185,0.27215627029623807,290.93,282.39,287.929,3.4844079682063573,0.24295429306555025,292.5,282.39,285.5805,4.897986132874835,0.19257131100564953,292.5,275.18,263.4056,22.94009769564228,0.2067049879176443,292.5,218.1,1,7,3,1.018101726129697,1.1038110047732326,0.021049011177915584,0.004595397691919662,288.43,-0.00797936371453134
2022-07-27,AAPL,285.58,293.95,282.91,288.43,97505510,288.43,-0.0079793637145313,286.243,264.748,203.0154,0.1947669508429223,294.78991350875106,277.69608649124893,50.85604049404424,6.764011670782224,8.251450704566354,-1.4874390337841294,8.224285714285713,-0.0006187055305399,290.75,0.0240768770460066,290.93,0.0060200432026629,284.09,-0.0222565687789797,284.67,0.0165780419142946,292.5,287.318,3.8976557056738352,0.21115850949457313,290.93,282.39,287.522,3.1085966823221427,0.23023262196334845,291.15,282.39,286.243,4.273456754375544,0.19476695084292162,292.5,276.17,264.748,22.38359238735288,0.19512336699228253,292.5,218.1,2,7,3,1.0076403615075038,1.0894511006652008,0.03827618486274551,0.009979690454478756,296.79,0.02898450230558547
2022-07-28,AAPL,299.63,299.63,294.93,296.79,93260872,296.79,0.0289845023055854,287.274,266.2912,203.68555,0.2164351543185611,295.6782705935899,278.8697294064101,58.34014716237201,7.05430406648145,8.012021376949374,-0.957717310467924,8.178571428571425,-0.0079793637145313,288.43,-0.0006187055305399,290.75,0.0240768770460066,290.93,-0.0080092738960902,282.39,-0.0149401709401709,288.13,290.198,4.6024037197937675,0.25229701894821754,296.79,284.09,288.38800000000003,4.281704748761512,0.2609403395476715,296.79,282.39,287.274,4.202135296794937,0.2164351543185603,296.79,277.3,266.2912,21.863312727683024,0.19983402162137337,296.79,218.1,3,7,3,1.033125169695019,1.1145317607149072,0.01583611307653274,-0.009478356639824105,290.51,-0.021159742578927943
2022-07-29,AAPL,293.21,296.84,284.18,290.51,67918146,290.51,-0.0211597425789279,287.9345,267.73940000000005,204.319,0.2336931688814575,295.0095368419918,280.8594631580082,53.47573541786281,6.700381538137776,7.749693409187055,-1.0493118710492784,8.655714285714279,0.0289845023055854,296.79,-0.0079793637145313,288.43,-0.0006187055305399,290.75,0.0060200432026629,284.09,0.0023253392565856,288.8,291.482,3.133483684331441,0.338891360647306,296.79,288.43,288.559,4.3338165115250264,0.28808007072723657,296.79,282.39,287.9345,3.537518420995882,0.23369316888145672,296.79,282.39,267.73940000000005,20.986639132589247,0.2070241380470971,296.79,221.61,4,7,3,1.0089447426376175,1.0850476246638145,0.04357853430159509,-0.00920841717537185,281.18,-0.03211593404702073
2022-08-01,AAPL,280.59,282.6,279.75,281.18,119629137,281.18,-0.0321159340470207,287.7915,268.93080000000003,204.9262,0.2489700829063167,295.30028580133154,280.28271419866843,44.69807348833134,5.60246067931422,7.320246863212488,-1.7177861838982684,8.809999999999993,-0.0211597425789279,290.51,0.0289845023055854,296.79,-0.0079793637145313,288.43,0.0240768770460066,290.93,-0.0101108033240997,285.88,289.53200000000004,5.614465246127299,0.3694859374832847,296.79,281.18,288.089,4.87740014989886,0.32948689865818126,296.79,281.18,287.7915,3.754392900665766,0.2489700829063162,296.79,281.18,268.93080000000003,19.981250685046422,0.22245202563939748,296.79,223.97,0,8,3,0.9770267711138898,1.0455477765988666,0.010135856035243924,0.0021027121422642616,283.13,0.006935059392559895
2022-08-02,AAPL,284.43,285.95,280.32,283.13,50959346,283.13,0.0069350593925598,287.7615,270.11400000000003,205.53045,0.2502963746637779,295.3430517783744,280.1799482216255,42.05258692809608,4.833976124061451,6.822992715382281,-1.98901659132083,8.647857142857138,-0.0321159340470207,281.18,-0.0211597425789279,290.51,0.0289845023055854,296.79,-0.0006187055305399,290.75,0.0184343081013012,291.15,288.008,6.204395216293945,0.38087715838460334,296.79,281.18,287.287,4.976513840030077,0.31477173822897686,296.79,281.18,287.76149999999996,3.7907758891872274,0.2502963746637773,296.79,281.18,270.11400000000003,18.99162769350935,0.22211168368200515,296.79,230.34,1,8,3,0.9839050741639034,1.0481870617552285,0.019884858545474202,-0.004570544597951837,281.11,-0.007134531840497282
2022-08-03,AAPL,280.24,286.68,275.53,281.11,125611050,281.11,-0.0071345318404972,287.56600000000003,271.12940000000003,206.11855,0.2509234631401755,295.63141518491244,279.5005848150876,43.79858656160461,4.015659436908265,6.261526059687478,-2.2458666227792126,8.974285714285713,0.0069350593925598,283.13,-0.0321159340470207,281.18,-0.0211597425789279,290.51,-0.0079793637145313,288.43,-0.0222565687789797,284.67,286.544,6.904091540526609,0.3805172464434335,296.79,281.11,286.93100000000004,5.301262847453286,0.2969990831474805,296.79,281.11,287.56600000000003,4.032707592456197,0.25092346314017483,296.79,281.11,271.12940000000003,18.160735444288644,0.216932179877773,296.79,231.27,2,8,3,0.977549501676215,1.0368112052730658,0.03966418839586059,0.003104481872669498,276.93,-0.01486962399060865
2022-08-04,AAPL,277.87,280.06,273.79,276.93,85099750,276.93,-0.0148696239906086,287.0265,272.0192,206.68235,0.2528692404956421,296.3879152663594,277.6650847336406,40.12643486006039,2.99531833515681,5.608284514781345,-2.612966179624535,8.771428571428572,-0.0071345318404972,281.11,0.0069350593925598,283.13,-0.0321159340470207,281.18,0.0289845023055854,296.79,-0.0080092738960902,282.39,282.572,4.9807248468441445,0.2334509028602623,290.51,276.93,286.385,6.049321816902698,0.30339551641493845,296.79,276.93,287.0265,4.680707633179717,0.25286924049564147,296.79,276.93,272.01919999999996,17.29574288071514,0.22072023705922272,296.79,231.27,3,8,3,0.9648238054640781,1.0180531374218509,0.022641100639068865,-0.0033828768848620395,279.98,0.011013613548550127
2022-08-05,AAPL,281.69,281.95,278.01,279.98,69923766,279.98,0.0110136135485501,286.594,272.9934,207.2489,0.256418870907148,296.430690500354,276.757309499646,45.10292163626429,2.4050759524722594,4.967642802319528,-2.5625668498472685,8.797142857142855,-0.0148696239906086,276.93,-0.0071345318404972,281.11,0.0069350593925598,283.13,-0.0211597425789279,290.51,0.0060200432026629,284.09,280.466,2.2782076288104984,0.27623022790262125,283.13,276.93,285.97400000000005,6.354494822128252,0.307993735812222,296.79,276.93,286.594,4.9183452501770075,0.25641887090714743,296.79,276.93,272.9934,16.29662361549764,0.22043070538878262,296.79,233.41,4,8,3,0.9769220569831298,1.0255925601094182,0.014072433745217248,-0.006070503035229895,281.1,0.004000285734695241
2022-08-08,AAPL,283.61,284.53,277.67,281.1,79366564,281.1,0.0040002857346952,286.309,273.9472,207.7997,0.2564015981911781,296.4462619577357,276.17173804226434,41.04118380148736,2.004571795640004,4.375028600983623,-2.3704568053436192,8.456428571428566,0.0110136135485501,279.98,-0.0148696239906086,276.93,-0.0071345318404972,281.11,-0.0321159340470207,281.18,0.0240768770460066,290.93,280.45,2.2722125780767874,0.16975403168302394,283.13,276.93,284.991,6.262298921146104,0.276588872013334,296.79,276.93,286.309,5.068630978867857,0.2564015981911774,296.79,276.93,273.9472,15.297593386819377,0.22009280743276163,296.79,237.4,0,8,3,0.981806370037331,1.0261101409285216,0.024404126645234978,-0.008850181587359899,278.82,-0.008110992529349104
2022-08-09,AAPL,278.27,281.73,275.92,278.82,76640122,278.82,-0.0081109925293491,285.86350000000004,274.7756,208.3257,0.2571470458976541,296.5082501762863,275.2187498237138,44.36307572516701,1.486062022672968,3.7972352853214923,-2.3111732626485244,8.177857142857139,0.0040002857346952,281.1,0.0110136135485501,279.98,-0.0148696239906086,276.93,0.0069350593925598,283.13,-0.0006187055305399,290.75,279.588,1.7614681376539907,0.16449236109296334,281.11,276.93,283.798,6.1790880305186064,0.2771161049911159,296.79,276.93,285.86350000000004,5.322375088143136,0.25714704589765347,296.79,276.93,274.7756,14.371553416096832,0.21954764891982734,296.79,240.42,1,8,3,0.9753606179138806,1.0147189197257154,0.02083781651237058,0.0019764976461639234,273.61,-0.018685890538698735
2022-08-10,AAPL,275.16,279.59,267.63,273.61,130339136,273.61,-0.0186858905386987,284.919,275.4394,208.849,0.2548182787702093,296.403446049,273.434553951,41.99197372149059,0.6472744566996198,3.167243119597118,-2.519968662897498,8.767857142857139,-0.0081109925293491,278.82,0.0040002857346952,281.1,0.0110136135485501,279.98,-0.0071345318404972,281.11,-0.0079793637145313,288.43,278.088,2.9402839998833112,0.19942673787973472,281.1,273.61,282.316,6.6999737976276945,0.28642923911674323,296.79,273.61,284.919,5.742223024500005,0.25481827877020885,296.79,273.61,275.4394,13.491914193772953,0.22390644078854485,296.79,242.34,2,8,3,0.9603080173629689,0.9933582486710568,0.04371185263680519,-0.005633086204369742,277.31,0.013522897554913982
2022-08-11,AAPL,276.01,280.44,274.19,277.31,52005786,277.31,0.0135228975549139,284.37800000000004,276.1388,209.4066,0.2574562873025767,296.23879006864195,272.51720993135814,44.03379090784105,0.2778850593506945,2.589371507547834,-2.3114864481971393,8.637857142857134,-0.0186858905386987,273.61,-0.0081109925293491,278.82,0.0040002857346952,281.1,-0.0148696239906086,276.93,0.0289845023055854,296.79,278.164,2.907598665560608,0.21511510007262707,281.1,273.61,280.36800000000005,4.492254568823873,0.24195368638221168,290.51,273.61,284.37800000000004,5.9303950343209415,0.2574562873025762,296.79,273.61,276.1388,12.619248763172285,0.2249230683761906,296.79,246.33,3,8,3,0.9751457567006759,1.0042413452908312,0.022537953914310564,0.004709974276277314,280.12,0.010133064079910659
2022-08-12,AAPL,282.87,285.94,274.3,280.12,58969416,280.12,0.0101330640799106,283.944,276.8146,209.9857,0.2605830670428832,295.75863392308906,272.12936607691097,39.76131842097635,0.2094701747114982,2.113391240980567,-1.9039210662690689,8.857142857142845,0.0135228975549139,277.31,-0.0186858905386987,273.61,-0.0081109925293491,278.82,0.0110136135485501,279.98,-0.0211597425789279,290.51,278.192,2.930046074717906,0.21243879409822247,281.1,273.61,279.329,2.7493290090506566,0.24043704302103985,283.13,273.61,283.944,5.907316961544515,0.2605830670428827,296.79,273.61,276.8146,11.873032934390027,0.22338846525521613,296.79,250.78,4,8,3,0.986532555711737,1.011940844157021,0.041553619877047095,-0.009721780323082258,279.8,-0.0011423675567613367
2022-08-15,AAPL,277.15,286.19,273.41,279.8,121091661,279.8,-0.0011423675567613,283.64,277.395,210.5626,0.258541812808319,295.557327499763,271.72267250023697,39.65614962109984,0.12795457934220167,1.7163039086528942,-1.5883493293106925,9.332857142857128,0.0101330640799106,280.12,0.0135228975549139,277.31,-0.0186858905386987,273.61,0.0040002857346952,281.1,-0.0321159340470207,281.18,277.932,2.6519747359222223,0.20971993449859566,280.12,273.61,279.191,2.6798526078886153,0.18001420411892277,283.13,273.61,283.64,5.958663749881496,0.2585418128083184,296.79,273.61,277.395,11.268291841281593,0.22072723491709087,296.79,256.12,0,8,3,0.9864617120258552,1.0086699471835878,0.04567548248732772,0.009561609236840962,287.76,0.02844889206576129
2022-08-16,AAPL,288.35,291.69,283.82,287.76,63042724,287.76,0.0284488920657612,283.4705,278.0278,211.1726,0.2706593586326398,295.02911487785207,271.911885122148,49.428034818303,0.697616667536181,1.5125664604295515,-0.8149497928933704,9.393571428571416,-0.0011423675567613,279.8,0.0101330640799106,280.12,0.0135228975549139,277.31,-0.0081109925293491,278.82,0.0069350593925598,283.13,279.72,5.194906158918566,0.2791611297377699,287.76,273.61,279.654,3.6576075969601933,0.2301014580714731,287.76,273.61,283.4705,5.779307438926022,0.2706593586326391,296.79,273.61,278.0278,10.932568324193076,0.22444908825387794,296.79,258.15,1,8,3,1.0151320860512287,1.0350044132240193,0.027349179872020627,-0.0020461245014669178,283.27,-0.015603280511537476
2022-08-17,AAPL,284.17,289.84,276.7,283.27,114690806,283.27,-0.0156032805115374,283.4005,278.519,211.76885,0.2645093595535325,294.94547744520503,271.855522554795,37.6416818916456,0.777806432730415,1.3656144548897244,-0.5878080221593094,9.532142857142844,0.0284488920657612,287.76,-0.0011423675567613,279.8,0.0101330640799106,280.12,-0.0186858905386987,273.61,-0.0071345318404972,281.11,281.652,4.017321246797485,0.26200151318319126,287.76,277.31,279.87,3.8135984756317725,0.24280055482724006,287.76,273.61,283.4005,5.772488722602504,0.26450935955353183,296.79,273.61,278.519,10.593385354323237,0.22732866258783313,296.79,258.15,2,8,3,0.9995395209218065,1.01705808220977,0.0463868394109987,-0.0031671182742614174,276.96,-0.02227556747978965
2022-08-18,AAPL,278.0,280.43,273.48,276.96,157874596,276.96,-0.0222755674797896,283.129,278.8952,212.331,0.2748039214998683,295.024116910546,271.233883089454,37.621048775320745,0.32840745750962697,1.158173055413705,-0.8297655979040781,9.327142857142844,-0.0156032805115374,283.27,0.0284488920657612,287.76,-0.0011423675567613,279.8,0.0135228975549139,277.31,-0.0148696239906086,276.93,281.582,4.11378414601089,0.32270068519449535,287.76,276.96,279.873,3.8110396656740524,0.25857743814722856,287.76,273.61,283.129,5.9475584552729845,0.2748039214998676,296.79,273.61,278.8952,10.181244108247297,0.23358254298740924,296.79,258.8,3,8,3,0.9782113453550211,0.9930611928746244,0.02509387637194864,-0.003741007194231221,274.19,-0.010001444251877434
2022-08-19,AAPL,272.11,280.85,267.53,274.19,68122572,274.19,-0.0100014442518774,282.634,279.203,212.88825,0.275392613542931,295.1675531148984,270.1004468851015,42.74444673866674,-0.24839695279166563,0.876859053772631,-1.1252560065642965,9.509999999999991,-0.0222755674797896,276.96,-0.0156032805115374,283.27,0.0284488920657612,287.76,0.0101330640799106,280.12,0.0110136135485501,279.98,280.396,5.3189312836293,0.3140666809301791,287.76,274.19,279.294,4.2117407327621,0.2553100162949754,287.76,273.61,282.63399999999996,6.266776557449206,0.2753926135429304,296.79,273.61,279.203,9.786302015712595,0.23499237083371155,296.79,260.5,4,8,3,0.9701239058253072,0.9820453218590702,0.0485794522044986,0.007643967513109919,274.09,-0.0003647106021372748
2022-08-22,AAPL,276.5,276.5,272.23,274.09,105064197,274.09,-0.0003647106021372,281.79200000000003,279.4124,213.4522,0.2582670399292553,294.2412597116533,269.3427402883468,40.241796188182505,-0.7054557135372193,0.560396100310661,-1.2658518138478803,9.412857142857133,-0.0100014442518774,274.19,-0.0222755674797896,276.96,-0.0156032805115374,283.27,-0.0011423675567613,279.8,0.0040002857346952,281.1,279.254,6.042634359281588,0.31457846090260516,287.76,274.09,278.59299999999996,4.454146757050166,0.253384327430061,287.76,273.61,281.79200000000003,6.224629855826642,0.25826703992925476,296.79,273.61,279.4124,9.555353357976951,0.23162001351020348,296.79,260.5,0,8,3,0.9726677833260962,0.9809514538331836,0.01557882447365611,-0.008716094032518296,275.19,0.0040132803093875236
2022-08-23,AAPL,273.43,280.35,270.03,275.19,50428158,275.19,0.0040132803093875,281.014,279.7062,214.0382,0.2593193111693179,293.0438687922051,268.9841312077949,43.48017619804574,-0.9677615151067016,0.2547645772271885,-1.22252609233389,9.353571428571419,-0.0003647106021372,274.09,-0.0100014442518774,274.19,-0.0222755674797896,276.96,0.0284488920657612,287.76,-0.0081109925293491,278.82,276.73999999999995,3.8280804589206556,0.17109202085868763,283.27,274.09,278.22999999999996,4.579737983772332,0.2530530109154304,287.76,273.61,281.014,6.014934396102557,0.2593193111693173,296.79,273.61,279.70619999999997,9.180467261677908,0.2298705112705442,296.79,260.57,1,8,3,0.97927505390842,0.9838537722761102,0.03750136269472928,0.006436747979349575,274.29,-0.003270467676877664
2022-08-24,AAPL,274.96,278.37,270.21,274.29,108193355,274.29,-0.0032704676768776,280.307,279.95140000000004,214.6303,0.2585660584848293,292.1625109992109,268.45148900078914,46.86609685051936,-1.234038009041683,-0.0429959400265858,-1.1910420690150971,9.413571428571421,0.0040132803093875,275.19,-0.0003647106021372,274.09,-0.0100014442518774,274.19,-0.0156032805115374,283.27,-0.0186858905386987,273.61,274.944,1.2093717377093192,0.16259888412736126,276.96,274.09,278.29799999999994,4.508004732326015,0.23436174386577396,287.76,274.09,280.307,5.927755499605445,0.25856605848482866,296.79,273.61,279.95140000000004,8.856738472328816,0.22983112709071055,296.79,260.57,2,8,3,0.9785342499438883,0.9797772041826553,0.0297495351634047,-0.0024367180680736197,275.83,0.005614495606839354
2022-08-25,AAPL,274.3,279.35,272.32,275.83,86643000,275.83,0.0056144956068393,279.259,280.2566,215.2455,0.2330062837285797,288.3667246566218,270.15127534337824,44.89042106307639,-1.305747079685375,-0.29554616795834365,-1.0102009117270314,9.557142857142853,-0.0032704676768776,274.29,0.0040132803093875,275.19,-0.0003647106021372,274.09,-0.0222755674797896,276.96,0.0135228975549139,277.31,274.71799999999996,0.7608679254443877,0.09890489454886459,275.83,274.09,278.15,4.5679414279187,0.22509078138364438,287.76,274.09,279.259,4.5538623283108794,0.23300628372857918,290.51,273.61,280.2566,8.427771054001028,0.22955360111964737,296.79,260.78,3,8,3,0.9877210761300881,0.98420518909819,0.02548671283027424,0.00557783448776666,270.79,-0.018272124134430467
2022-08-26,AAPL,269.75,275.58,266.01,270.79,96664086,270.79,-0.0182721241344304,278.273,280.4568,215.84635000000003,0.2303222205289727,286.47711475706893,270.0688852429311,38.42353468363056,-1.749100373441138,-0.5862570090549025,-1.1628433643862355,9.768571428571429,0.0056144956068393,275.83,-0.0032704676768776,274.29,0.0040132803093875,275.19,-0.0100014442518774,274.19,0.0101330640799106,280.12,274.038,1.946412083801872,0.1510522441788269,275.83,270.79,277.217,5.048416803536427,0.23274980892647834,287.76,270.79,278.273,4.10205737853446,0.23032222052897225,287.76,270.79,280.4568,8.066829901079052,0.23369786403702963,296.79,261.74,4,8,3,0.9731091410198865,0.9655319464496297,0.03534103918152314,0.0038554216867327713,276.82,0.022268178293142205
2022-08-29,AAPL,277.07,282.1,271.54,276.82,61793476,276.82,0.0222681782931422,278.055,280.675,216.4651,0.2211346046044462,286.16504185853296,269.94495814146705,47.92874895047633,-1.5954985338088932,-0.7881053140057007,-0.8073932198031925,10.161428571428571,-0.0182721241344304,270.79,0.0056144956068393,275.83,-0.0032704676768776,274.29,-0.0003647106021372,274.09,-0.0011423675567613,279.8,274.584,2.3130239946809774,0.23366132426060776,276.82,270.79,276.919,4.966289583001465,0.26606921750742135,287.76,270.79,278.055,4.055020929266488,0.22113460460444573,287.76,270.79,280.675,7.8087468617507385,0.2348426406767427,296.79,261.74,0,8,3,0.9955584326806007,0.9862652534034514,0.038147532692586715,-0.0009022990579965269,276.57,-0.0009031139368542718
2022-08-30,AAPL,276.11,277.98,275.16,276.57,41165201,276.57,-0.0009031139368542,277.727,280.871,217.09315,0.219293018833929,285.49628662984134,269.9577133701586,53.41643580914518,-1.4769159126291243,-0.9258674337303855,-0.5510484788987388,9.508571428571429,0.0222681782931422,276.82,-0.0182721241344304,270.79,0.0056144956068393,275.83,0.0040132803093875,275.19,0.0284488920657612,287.76,274.86,2.479737889368538,0.233693069167263,276.82,270.79,275.8,3.1980758103733637,0.21021353887738137,283.27,270.79,277.727,3.884643314920693,0.21929301883392846,287.76,270.79,280.871,7.572009479055198,0.23481588187480648,296.79,261.74,1,8,3,0.9958340384586454,0.9846869203264678,0.010196333658711346,0.00166600268008516,281.34,0.01724698991213791
2022-08-31,AAPL,279.43,283.68,278.99,281.34,97839409,281.34,0.0172469899121379,277.7385,281.157,217.7144,0.2272981607133053,285.5295212153951,269.94747878460487,54.53931063835208,-0.9866655295095939,-0.9380270528862272,-0.04863847662336662,9.52857142857143,-0.0009031139368542,276.57,0.0222681782931422,276.82,-0.0182721241344304,270.79,-0.0032704676768776,274.29,-0.0156032805115374,283.27,276.27,3.7523792452216096,0.25409289392998985,281.34,270.79,275.60699999999997,2.7196284468462224,0.22319672331564508,281.34,270.79,277.7385,3.895510607697573,0.2272981607133048,287.76,270.79,281.157,7.304268601016767,0.2376920328587805,296.79,261.74,2,8,3,1.0129672335631792,1.000650881888053,0.016670221084749158,0.006835343377565519,282.88,0.00547380393829533
2022-09-01,AAPL,281.02,288.33,277.43,282.88,35046136,282.88,0.0054738039382953,278.036,281.5798,218.33725,0.2208626575456187,286.1449460668806,269.9270539331194,53.20037104024105,-0.4684731720283821,-0.8441162767146582,0.37564310468627604,9.475714285714288,0.0172469899121379,281.34,-0.0009031139368542,276.57,0.0222681782931422,276.82,0.0056144956068393,275.83,-0.0222755674797896,276.96,277.68,4.740237335827171,0.2540800798260512,282.88,270.79,276.19899999999996,3.5610343378802076,0.18849344101617252,282.88,270.79,278.036,4.054473033440291,0.22086265754561824,287.76,270.79,281.5798,6.748054138263995,0.232936437920416,296.79,264.78,3,9,3,1.017422204315206,1.0046175187246933,0.03853223981886823,0.006618745996702708,284.92,0.007211538461538547
2022-09-02,AAPL,284.46,290.15,279.7,284.92,70462907,284.92,0.0072115384615385,278.283,281.98260000000005,218.9678,0.2190164224469473,286.9247154729589,269.64128452704114,55.70918820740571,0.10559175958258038,-0.6541746694552104,0.7597664290377908,9.309285714285718,0.0054738039382953,282.88,0.0172469899121379,281.34,-0.0009031139368542,276.57,-0.0182721241344304,270.79,-0.0100014442518774,274.19,280.506,3.7045080645032824,0.14845641575546203,284.92,276.57,277.272,4.404986568273871,0.17678718700844837,284.92,270.79,278.283,4.320857736479443,0.21901642244694677,287.76,270.79,281.98260000000005,6.311775134367423,0.23217722566230975,296.79,267.44,4,9,3,1.0238498219401695,1.0104169548014295,0.036676961954104,0.0016170990648893319,287.47,0.008949880668257748
2022-09-05,AAPL,288.95,294.46,280.48,287.47,116570866,287.47,0.0089498806682577,278.6015,282.3832,219.621,0.2206249484886134,288.1067678469305,269.0962321530695,49.63225968311312,0.7575732101657309,-0.37182509353102217,1.129398303696753,9.45857142857143,0.0072115384615385,284.92,0.0054738039382953,282.88,0.0172469899121379,281.34,0.0222681782931422,276.82,-0.0003647106021372,274.09,282.636,4.096331285427221,0.10405405806724764,287.47,276.57,278.61,5.276855124030482,0.17667660827904338,287.47,270.79,278.6015,4.752633923465266,0.22062494848861283,287.76,270.79,282.3832,5.997766740832015,0.23198442338268516,296.79,270.79,0,9,3,1.031832204776242,1.0180138195154034,0.048631161512336346,-0.005121993424450041,289.5,0.007061606428496736
2022-09-06,AAPL,291.81,295.36,283.65,289.5,86382553,289.5,0.0070616064284967,279.1355,282.646,220.2758,0.2186857760103296,289.8193736814832,268.4516263185168,58.42575058647664,1.4216888969739898,-0.013122295430019748,1.4348111924040095,9.356428571428577,0.0089498806682577,287.47,0.0072115384615385,284.92,0.0054738039382953,282.88,-0.0009031139368542,276.57,0.0040132803093875,275.19,285.222,3.3166579564328944,0.07413039030544986,289.5,281.34,280.04100000000005,6.119412553506007,0.17694297491410876,289.5,270.79,279.1355,5.341936840741588,0.21868577601032907,289.5,270.79,282.64599999999996,6.016310822941808,0.22068112361169318,296.79,270.79,1,9,3,1.0371307124997104,1.0242494144582825,0.040449050086216194,-0.007916109797443838,292.4,0.010017271157167551
2022-09-07,AAPL,289.97,299.43,285.38,292.4,174402124,292.4,0.0100172711571675,280.075,282.9904,220.95165,0.2060973119193403,291.95113351929825,268.1988664807017,73.00357565488535,2.1571449034822194,0.4209311443524281,1.7362137591297913,9.660714285714294,0.0070616064284967,289.5,0.0089498806682577,287.47,0.0072115384615385,284.92,0.0172469899121379,281.34,-0.0032704676768776,274.29,287.434,3.741320622449953,0.028090332378212457,292.4,282.88,281.852,6.862932317894956,0.17175947540842798,292.4,270.79,280.075,5.938066759649143,0.20609731191933967,292.4,270.79,282.99039999999997,6.072810921614054,0.22124865506897598,296.79,270.79,2,9,3,1.044006069799004,1.0332505978964894,0.04805061559491095,0.00838017725968745,298.39,0.020485636114911054
2022-09-08,AAPL,297.76,304.08,292.71,298.39,120550686,298.39,0.020485636114911,281.129,283.4348,221.65575,0.2120269171348726,295.4598851601518,266.7981148398482,82.89831426969619,3.186608784325017,0.974066672346946,2.2125421119780713,9.543571428571434,0.0100172711571675,292.4,0.0070616064284967,289.5,0.0089498806682577,287.47,0.0054738039382953,282.88,0.0056144956068393,275.83,290.53599999999994,5.176217731120755,0.08862923165636856,298.39,284.92,284.108,8.234373483554997,0.185376613600323,298.39,270.79,281.129,7.165442580075891,0.212026917134872,298.39,270.79,283.4348,6.36929472274479,0.22535703623082326,298.39,270.79,3,9,3,1.0613988595944872,1.0527641630418962,0.03810449411830792,0.002115797958079929,299.38,0.0033178055564864195
2022-09-09,AAPL,296.98,302.66,296.09,299.38,61588014,299.38,0.0033178055564864,282.092,283.8764,222.3337,0.2106834804139714,298.5656556515573,265.6183443484427,83.56782582506119,4.035828533881897,1.5864190446539363,2.449409489227961,9.707857142857153,0.020485636114911,298.39,0.0100172711571675,292.4,0.0070616064284967,289.5,0.0072115384615385,284.92,-0.0182721241344304,270.79,293.428,5.292246214979853,0.1017492372576061,299.38,287.47,286.967,8.057916811021345,0.12001062825319582,299.38,276.57,282.092,8.236827825778649,0.21068348041397086,299.38,270.79,283.8764,6.692504110210477,0.2253205668527794,299.38,270.79,4,9,3,1.0612849708568082,1.054613909430109,0.021945353730971024,0.0080813522795875,302.68,0.011022780412853317
2022-09-12,AAPL,299.75,304.83,299.75,302.68,80878820,302.68,0.0110227804128533,283.236,284.24920000000003,223.02905,0.2116174587673714,302.05088257512,264.42111742488,84.47454223269025,4.918427157792507,2.2528206672816506,2.6656064905108567,9.360000000000005,0.0033178055564864,299.38,0.020485636114911,298.39,0.0100172711571675,292.4,0.0089498806682577,287.47,0.0222681782931422,276.82,296.46999999999997,5.382016350771168,0.1015084296811472,302.68,289.5,289.553,8.572779984735044,0.09967277418373072,302.68,276.57,283.236,9.40744128756,0.2116174587673708,302.68,270.79,284.24920000000003,7.201602100658167,0.2203651808358309,302.68,270.79,0,9,3,1.068649465459657,1.0648402880252086,0.016783401612208274,0.009774812343587097,302.37,-0.0010241839566539346
2022-09-13,AAPL,303.35,308.61,296.13,302.37,78498408,302.37,-0.0010241839566539,283.9665,284.622,223.70835,0.1913894173720052,304.5703823883618,263.3626176116382,85.74338082483693,5.529142009485497,2.90808493572242,2.621057073763077,9.668571428571434,0.0110227804128533,302.68,0.0033178055564864,299.38,0.020485636114911,298.39,0.0070616064284967,289.5,-0.0009031139368542,276.57,299.044,4.152292138080808,0.13031102759975893,302.68,292.4,292.133,8.100659849667013,0.10001047501475842,302.68,281.34,283.9665,10.3019411941809,0.19138941737200477,302.68,270.79,284.62199999999996,7.643104668880901,0.22036137706684855,302.68,270.79,1,9,3,1.0648087010226037,1.0623563884694003,0.04127393590620347,-0.0032305917257187656,309.08,0.02219135496246305
2022-09-14,AAPL,309.71,314.61,303.55,309.08,42485206,309.08,0.022191354962463,285.257,285.1032,224.42965,0.1908668466209272,308.7129601672619,261.8010398327381,87.40157477562161,6.47988279631636,3.6224445078412084,2.857438288475152,10.040714285714289,-0.0010241839566539,302.37,0.0110227804128533,302.68,0.0033178055564864,299.38,0.0100172711571675,292.4,0.0172469899121379,281.34,302.38,4.1803169736237225,0.16239861732286784,309.08,298.39,294.907,8.720011531593196,0.11361414925228995,309.08,282.88,285.257,11.72798008363094,0.19086684662092673,309.08,270.79,285.1032,8.389611029384287,0.22517812259401823,309.08,270.79,2,9,3,1.083514164416356,1.084098670232098,0.035783615892209845,-0.002034160989306,306.06,-0.00977093309175614
2022-09-15,AAPL,304.0,307.89,304.0,306.06,54919422,306.06,-0.0097709330917561,286.712,285.47,225.136,0.1718702206710214,311.5692722388769,261.85472776112306,91.56257362050732,6.910008680057786,4.279957342284524,2.6300513377732617,9.70214285714286,0.022191354962463,309.08,-0.0010241839566539,302.37,0.0110227804128533,302.68,0.020485636114911,298.39,0.0054738039382953,282.88,303.91400000000004,3.7335211262246895,0.19263324844915053,309.08,299.38,297.225,8.235133743770344,0.148919168971089,309.08,284.92,286.712,12.428636119438476,0.17187022067102098,309.08,270.79,285.47,8.892218336200017,0.22591409659740874,309.08,270.79,3,9,3,1.0674823516243914,1.072126668297642,0.012709926158228049,0.006776315789451402,314.55,0.027739658890413743
2022-09-16,AAPL,312.88,318.39,310.71,314.55,63925751,314.55,0.0277396588904137,288.73,285.9884,225.86235,0.1800133647703302,315.7646997296701,261.69530027032994,92.02494984877818,7.8455203134157045,4.99306993651076,2.8524503769049447,9.775000000000002,-0.0097709330917561,306.06,0.022191354962463,309.08,-0.0010241839566539,302.37,0.0033178055564864,299.38,0.0072115384615385,284.92,306.948,5.057130609344094,0.24806783466376875,314.55,302.37,300.188,8.636522962911412,0.178750265737842,314.55,287.47,288.73,13.517349864835037,0.1800133647703297,314.55,270.79,285.9884,9.790384362171869,0.23354503516304373,314.55,270.79,4,9,3,1.0894261074322398,1.0998697849244938,0.02441583214107643,0.005337509588323569,314.47,-0.00025433158480359097
2022-09-19,AAPL,311.47,322.06,306.88,314.47,35429274,314.47,-0.0002543315848035,290.749,286.5418,226.5959,0.1799542903923561,319.1756256953017,262.3223743046984,92.3747763574856,8.482681618030483,5.690992272814705,2.7916893452157785,10.657857142857145,0.0277396588904137,314.55,-0.0097709330917561,306.06,0.022191354962463,309.08,0.0110227804128533,302.68,0.0089498806682577,287.47,309.306,5.31182925177044,0.2579515281651371,314.55,302.37,302.888,8.436914654593608,0.1860842229999889,314.55,289.5,290.749,14.213312847650814,0.1799542903923556,314.55,270.79,286.5418,10.586822708494735,0.23284903807140211,314.55,270.79,0,9,3,1.0815858352012162,1.0974664080385568,0.048271695233096115,0.00963174623556159,307.89,-0.020924094508220303
2022-09-20,AAPL,309.96,312.52,303.27,307.89,81534318,307.89,-0.0209240945082203,292.384,286.945,227.27315,0.2053429146306884,320.80420734025137,263.9637926597485,78.52998063401203,8.360313049075899,6.224856428066944,2.135456621008955,10.950000000000005,-0.0002543315848035,314.47,0.0277396588904137,314.55,-0.0097709330917561,306.06,-0.0010241839566539,302.37,0.0070616064284967,289.5,310.40999999999997,3.894386986415669,0.3294904891646751,314.55,306.06,304.727,7.091434661305362,0.23984390628654995,314.55,292.4,292.38399999999996,14.210103670125708,0.2053429146306879,314.55,270.79,286.945,11.008498804026019,0.2384127851794024,314.55,270.79,1,9,3,1.053032997698051,1.072993082294262,0.030043197245672018,-0.006678281068503404,308.59,0.0022735392510311314
2022-09-21,AAPL,311.52,312.8,304.38,308.59,72413872,308.59,0.0022735392510311,294.099,287.2668,227.94440000000003,0.2030577117249991,322.057732672124,266.140267327876,78.1352593325915,8.225006471700397,6.624886436793634,1.6001200349067624,10.77285714285715,-0.0209240945082203,307.89,-0.0002543315848035,314.47,0.0277396588904137,314.55,0.022191354962463,309.08,0.0100172711571675,292.4,310.312,3.942095889240108,0.28704296422912606,314.55,306.06,306.346,5.670118948390453,0.23961553582069187,314.55,298.39,294.099,13.979366336062002,0.20305771172499867,314.55,270.79,287.2668,11.402322971339293,0.23589920959974858,314.55,270.79,2,9,3,1.049272523874446,1.0742278606470563,0.027285394860406143,-0.009405495634279025,305.56,-0.009818853494928503
2022-09-22,AAPL,303.33,309.88,301.23,305.56,40971187,305.56,-0.0098188534949285,295.5855,287.6154,228.60755,0.2106794115223854,322.5998645804213,268.57113541957875,72.10796913004475,7.783555375788524,6.8566202245926124,0.9269351511959112,10.64428571428572,0.0022735392510311,308.59,-0.0209240945082203,307.89,-0.0002543315848035,314.47,-0.0097709330917561,306.06,0.020485636114911,298.39,310.21200000000005,4.080823446311276,0.2871439450107328,314.55,305.56,307.063,4.961308183221085,0.23481194015522858,314.55,299.38,295.5855,13.507182290210636,0.210679411522385,314.55,270.79,287.6154,11.692013183604807,0.2343746772055136,314.55,270.79,3,9,3,1.033744889377071,1.0623909568087717,0.028308679146392422,0.007351729139856482,309.54,0.013025265087053262
2022-09-23,AAPL,307.88,312.38,306.7,309.54,94039206,309.54,0.0130252650870532,297.523,288.0302,229.28205000000003,0.1929483087155853,322.53360246753715,272.5123975324629,72.93701930947583,7.66648052428161,7.0185922845304125,0.6478882397511976,10.132857142857151,-0.0098188534949285,305.56,0.0022735392510311,308.59,-0.0209240945082203,307.89,0.0277396588904137,314.55,0.0033178055564864,299.38,309.21,3.287316534799195,0.20388554216534446,314.47,305.56,308.079,4.194118765870835,0.24076830858701967,314.55,302.37,297.523,12.505301233768561,0.19294830871558494,314.55,276.57,288.0302,12.095822603231811,0.2358459757841514,314.55,270.79,4,9,3,1.0403901547072314,1.0746789746315677,0.018349809394526254,0.005391711056238253,306.63,-0.00940104671447961
2022-09-26,AAPL,308.89,310.42,302.83,306.63,106524577,306.63,-0.0094010467144796,299.0135,288.4452,229.9289,0.1919753685597287,322.32448704134595,275.7025129586541,67.48315980925159,7.255251161713204,7.065924059966971,0.18932710174623324,9.838571428571438,0.0130252650870532,309.54,-0.0098188534949285,305.56,0.0022735392510311,308.59,-0.0002543315848035,314.47,0.0110227804128533,302.68,307.642,1.5749190455273356,0.20605959778895735,309.54,305.56,308.474,3.796282392026142,0.2445717116490636,314.55,302.37,299.0135,11.655493520672975,0.1919753685597283,314.55,276.57,288.4452,12.373321570772788,0.23567165423652328,314.55,270.79,0,9,3,1.0254720940659017,1.0630442108204157,0.024752959592914195,-0.007316520444147349,304.68,-0.006359456021915677
2022-09-27,AAPL,307.28,308.46,300.91,304.68,87605206,304.68,-0.0063594560219156,300.419,288.7158,230.55735,0.1952240626865508,321.2948232362022,279.54317676379776,62.78101580185401,6.694826434211279,6.991704534815833,-0.29687810060455355,9.374285714285719,-0.0094010467144796,306.63,0.0130252650870532,309.54,-0.0098188534949285,305.56,-0.0209240945082203,307.89,-0.0010241839566539,302.37,307.0,2.035472918013158,0.15450569821486485,309.54,304.68,308.70500000000004,3.436856606456123,0.2475035682326139,314.55,304.68,300.419,10.437911618101113,0.1952240626865504,314.55,281.34,288.7158,12.579905273639822,0.23307377975544774,314.55,270.79,1,9,3,1.0141835236752197,1.0552938218100454,0.02478009715102788,-0.008461338193151214,296.27,-0.02760273073388486
2022-09-28,AAPL,295.79,298.06,294.48,296.27,70273822,296.27,-0.0276027307338848,301.1655,288.94780000000003,231.1643,0.2208975549703092,320.1508721807551,282.18012781924494,47.89932618567993,5.508569722530751,6.695077572358818,-1.1865078498280663,9.268571428571432,-0.0063594560219156,304.68,-0.0094010467144796,306.63,0.0130252650870532,309.54,0.0022735392510311,308.59,0.022191354962463,309.08,304.53599999999994,4.970435594589885,0.22925977918924834,309.54,296.27,307.42400000000004,5.210958964849072,0.25354793468004566,314.55,296.27,301.1655,9.492686090377537,0.22089755497030877,314.55,282.88,288.94780000000003,12.610696025389368,0.23610821394603784,314.55,270.79,2,9,3,0.9837448180452816,1.0253409093233263,0.012083572417011175,0.00162277291320984,294.37,-0.006413069159887819
2022-09-29,AAPL,291.72,300.36,288.38,294.37,101352394,294.37,-0.0064130691598878,301.74,289.1874,231.77095,0.2229246107853933,319.0138256512928,284.4661743487072,45.12361299140101,4.36482364104279,6.229026786095613,-1.864203145052823,9.655000000000001,-0.0276027307338848,296.27,-0.0063594560219156,304.68,-0.0094010467144796,306.63,-0.0098188534949285,305.56,-0.0097709330917561,306.06,302.298,6.634694416472172,0.22886151126801912,309.54,294.37,306.255,6.660560954021037,0.2520041180714963,314.55,294.37,301.74,8.63691282564638,0.22292461078539294,314.55,284.92,289.18739999999997,12.597358130871092,0.23582521755607722,314.55,270.79,3,9,3,0.9755749983397111,1.0179212510606688,0.040697081903588415,0.009084053201669042,283.95,-0.03539762883446007
2022-09-30,AAPL,281.34,287.74,280.17,283.95,105016216,283.95,-0.03539762883446,301.6915,289.1846,232.3284,0.2584152071614895,319.16842406393425,284.2145759360658,33.988716011696994,2.5877596325716468,5.50077335539082,-2.913013722819173,10.280000000000001,-0.0064130691598878,294.37,-0.0276027307338848,296.27,-0.0063594560219156,304.68,0.0130252650870532,309.54,0.0277396588904137,314.55,297.18,9.073444770315673,0.2150297117333779,306.63,283.95,303.195,9.032888365424938,0.22921719640217533,314.47,283.95,301.6915,8.738462031967115,0.25841520716148914,314.55,283.95,289.1846,12.59852975062662,0.2491884355529071,314.55,270.79,4,9,3,0.9411932387855103,0.9818987594741149,0.026659623172999945,0.009277031349935086,277.38,-0.02313787638668774
2022-10-03,AAPL,277.79,283.33,271.43,277.38,90467264,277.38,-0.0231378763866877,301.187,288.91360000000003,232.8537,0.2685075368093931,320.8395676372459,281.5344323627541,30.70270269606428,0.6418803138826092,4.528994747089178,-3.887114433206569,10.282857142857141,-0.03539762883446,283.95,-0.0064130691598878,294.37,-0.0276027307338848,296.27,-0.0094010467144796,306.63,-0.0002543315848035,314.47,291.33,10.734693754363507,0.20624135296259188,304.68,277.38,299.486,11.23516028664803,0.23051249064627868,309.54,277.38,301.187,9.826283818622962,0.2685075368093928,314.55,277.38,288.91360000000003,12.705498369454059,0.24837778160419557,314.55,270.79,0,10,4,0.9209560837588576,0.9600794147421232,0.0429014348545572,-0.001475935058852187,280.66,0.011824933304492191
2022-10-04,AAPL,280.05,286.83,274.48,280.66,57522819,280.66,0.0118249333044921,300.745,288.7118,233.38705,0.2710769822884861,321.8483831161512,279.6416168838488,26.826484012140128,-0.6283314635960551,3.4975295049521318,-4.125860968548187,10.290714285714282,-0.0231378763866877,277.38,-0.03539762883446,283.95,-0.0064130691598878,294.37,-0.0063594560219156,304.68,-0.0209240945082203,307.89,286.526,8.384046159222436,0.2999264751093042,296.27,277.38,296.763,12.227942545207464,0.25393994616254084,309.54,277.38,300.745,10.551691558075584,0.2710769822884858,314.55,277.38,288.7118,12.755765513547514,0.24999878423015362,314.55,270.79,1,10,4,0.9332158473094043,0.9721112888320739,0.044003420508643774,0.002178182467408804,284.08,0.012185562602436972
2022-10-05,AAPL,281.4,286.7,281.4,284.08,89359444,284.08,0.0121855626024369,300.329,288.6248,233.93485,0.2723953855967213,322.4294776323643,278.2285223676357,32.19377834655357,-1.3435306457961929,2.529317474802467,-3.87284812059866,10.359285714285708,0.0118249333044921,280.66,-0.0231378763866877,277.38,-0.03539762883446,283.95,-0.0276027307338848,296.27,0.0022735392510311,308.59,284.088,6.3735210049056334,0.3351187791005335,294.37,277.38,294.312,12.04901913942491,0.270693338373484,309.54,277.38,300.329,11.050238816182155,0.27239538559672083,314.55,277.38,288.6248,12.772550164871507,0.25102783040229515,314.55,270.79,2,10,4,0.9458960007160617,0.9842536053693783,0.018656716417844815,0.009523809523775704,285.99,0.006723458180794228
2022-10-06,AAPL,286.47,291.18,280.8,285.99,129052447,285.99,0.0067234581807942,299.709,288.4088,234.50925,0.2619769186383153,322.7156671343606,276.7023328656394,24.102285086372305,-1.736196322496653,1.6762147153426432,-3.4124110378392962,10.219999999999995,0.0121855626024369,284.08,0.0118249333044921,280.66,-0.0231378763866877,277.38,-0.0064130691598878,294.37,-0.0098188534949285,305.56,282.412,3.4036847680086115,0.3520501025961252,285.99,277.38,292.355,11.600045258532617,0.2803342876812188,309.54,277.38,299.709,11.503333567180317,0.2619769186383149,314.55,277.38,288.4088,12.722872484025437,0.24255825686944857,314.55,270.79,3,10,4,0.9542255988276822,0.991613293349608,0.036294975348661496,-0.0016755681223106873,281.97,-0.014056435539704148
2022-10-07,AAPL,279.21,286.04,277.9,281.97,63015139,281.97,-0.0140564355397041,298.83849999999995,288.238,235.05835,0.2645546564408129,323.17653804313665,274.50046195686326,22.49492213414136,-2.344738418800432,0.8720240885140281,-3.2167625073144603,9.717142857142855,0.0067234581807942,285.99,0.0121855626024369,284.08,0.0118249333044921,280.66,-0.03539762883446,283.95,0.0130252650870532,309.54,282.016,3.2934070504530712,0.25818891911374253,285.99,277.38,289.59800000000007,10.260836872952313,0.2598572282542596,306.63,277.38,298.83849999999995,12.169019021568342,0.2645546564408125,314.55,277.38,288.238,12.751380237411848,0.23997621125699758,314.55,270.79,4,10,4,0.9435531231720696,0.9782540816929821,0.02886831932464863,0.009885032770997325,281.86,-0.00039011242330744267
2022-10-10,AAPL,283.48,288.24,275.49,281.86,185156677,281.86,-0.0003901124233074,297.7975,288.25160000000005,235.59870000000004,0.2596687500171966,323.2014125664515,272.39358743354853,25.261357149711884,-2.803570677513733,0.13690513530847592,-2.940475812822209,9.827857142857138,-0.0140564355397041,281.97,0.0067234581807942,285.99,0.0121855626024369,284.08,-0.0231378763866877,277.38,-0.0094010467144796,306.63,282.912,2.1156488366393784,0.17357043487550683,285.99,280.66,287.121,8.537468334088262,0.2635375438565369,304.68,277.38,297.7975,12.701956283225728,0.2596687500171962,314.55,277.38,288.25160000000005,12.744059417974059,0.22877789838052512,314.55,270.79,0,10,4,0.9464820893360539,0.9778263156180994,0.04523522316027377,-0.0057146888669193235,281.94,0.0002838288512025944
2022-10-11,AAPL,280.85,284.57,279.32,281.94,64830376,281.94,0.0002838288512025,296.77599999999995,288.2278,236.1318,0.2598708688571107,323.03438204018147,270.51761795981844,24.37007116096981,-3.124723351120849,-0.5154205619773892,-2.60930278914346,9.601428571428565,-0.0003901124233074,281.86,-0.0140564355397041,281.97,0.0067234581807942,285.99,0.0118249333044921,280.66,-0.0063594560219156,304.68,283.168,1.8336766345169608,0.15614486549942025,285.99,281.86,284.847,5.988960306727675,0.2669683712766781,296.27,277.38,296.77599999999995,13.129191020090747,0.2598708688571103,314.55,277.38,288.2278,12.75492594558764,0.22825014481910333,314.55,270.79,1,10,4,0.950009434721979,0.9781846164701039,0.018620983187846277,0.0038810753070895277,277.18,-0.01688302475704051
2022-10-12,AAPL,274.63,282.32,272.04,277.18,81043774,277.18,-0.0168830247570405,295.181,288.1492,236.6265,0.2455251181653312,322.15807322894227,268.2039267710577,23.5852568814186,-3.7204444104868912,-1.1564253316792896,-2.5640190788076014,9.717857142857136,0.0002838288512025,281.94,-0.0003901124233074,281.86,-0.0140564355397041,281.97,0.0121855626024369,284.08,-0.0276027307338848,296.27,281.788,3.1205720629355866,0.16066672956791916,285.99,277.18,282.938,4.883804982911911,0.2493170466038152,294.37,277.18,295.181,13.488536614471133,0.24552511816533096,314.55,277.18,288.1492,12.81166605488586,0.23085538917642123,314.55,270.79,2,10,4,0.9390170776542562,0.9619322212209441,0.03708781297338511,0.009285220114301884,283.6,0.023161844288909883
2022-10-13,AAPL,284.1,288.46,278.73,283.6,61131812,283.6,0.0231618442889098,294.058,288.2826,237.14175,0.2646843988288633,320.9981524631276,267.1178475368724,26.90527064856352,-3.632642455169787,-1.651668756377389,-1.9809736987923978,10.036428571428562,-0.0168830247570405,277.18,0.0002838288512025,281.94,-0.0003901124233074,281.86,0.0067234581807942,285.99,-0.0064130691598878,294.37,281.31000000000006,2.420537130468008,0.25186152544079615,283.6,277.18,281.861,2.8443372592659437,0.2904959694872551,285.99,277.18,294.058,13.470076231563809,0.2646843988288629,314.55,277.18,288.2826,12.72690831045509,0.23417262996864321,314.55,270.79,3,10,4,0.9644355875338729,0.9837569107501329,0.03430888575446281,-0.0017599436817959874,287.45,0.013575458392101503
2022-10-14,AAPL,286.86,290.59,284.32,287.45,87473419,287.45,0.0135754583921015,292.70300000000003,288.432,237.6697,0.2465440118856617,317.9780728875984,267.4279271124017,33.204903669617,-3.215331607497717,-1.9644013266014548,-1.2509302808962621,9.993571428571414,0.0231618442889098,283.6,-0.0168830247570405,277.18,0.0002838288512025,281.94,-0.0140564355397041,281.97,-0.03539762883446,283.95,282.406,3.6977668936770183,0.2417980834336735,287.45,277.18,282.211,3.3075719526907204,0.23986585211084813,287.45,277.18,292.70300000000003,12.63753644379918,0.24654401188566136,314.47,277.18,288.432,12.671178609222284,0.23482919425061594,314.55,270.79,4,10,4,0.982053480828751,0.9965953846972714,0.02181248912846815,0.0020567524227773767,286.6,-0.0029570360062618484
2022-10-17,AAPL,289.31,289.31,284.38,286.6,39850619,286.6,-0.0029570360062618,291.3095,288.542,238.19405,0.2461305787741706,314.52041710017744,268.0985828998225,33.85714284867856,-2.919542976330206,-2.155429656547205,-0.764113319783001,9.80642857142856,0.0135754583921015,287.45,0.0231618442889098,283.6,-0.0168830247570405,277.18,-0.0003901124233074,281.86,-0.0231378763866877,277.38,283.35400000000004,4.107673307357019,0.24536097232453175,287.45,277.18,283.133,3.0891244714326684,0.2003704724452397,287.45,277.18,291.30949999999996,11.605458550088734,0.24613057877417027,309.54,277.18,288.542,12.63003595256715,0.2348357449868559,314.55,270.79,0,10,4,0.9838333456307335,0.9932696106598234,0.01720167480803491,-0.00936711485946083,286.81,0.0007327285415212881
2022-10-18,AAPL,287.06,291.98,281.64,286.81,64303233,286.81,0.0007327285415212,290.25550000000004,288.7018,238.74155,0.2388784254322067,312.1747820425966,268.3362179574035,40.10460249871413,-2.637776465001423,-2.2518990182380487,-0.3858774467633741,9.816428571428563,-0.0029570360062618,286.6,0.0135754583921015,287.45,0.0231618442889098,283.6,0.0002838288512025,281.94,0.0118249333044921,280.66,284.32800000000003,4.263011846098113,0.24501808032870365,287.45,277.18,283.74800000000005,3.153596888211543,0.19489120488088774,287.45,277.18,290.25550000000004,10.959641021298271,0.2388784254322063,309.54,277.18,288.7018,12.554841604502984,0.2340067800130877,314.55,270.79,1,10,4,0.9881294239007077,0.993447217852492,0.03605174157094934,-0.0008708980700868428,287.81,0.0034866287786339267
2022-10-19,AAPL,286.51,293.5,282.11,287.81,51685545,287.81,0.0034866287786339,289.2165,288.98580000000004,239.28800000000004,0.2393011209022242,309.37584969188595,269.05715030811405,43.0063965756484,-2.3071870163535664,-2.2629566178611524,-0.04423039849241395,9.774285714285705,0.0007327285415212,286.81,-0.0029570360062618,286.6,0.0135754583921015,287.45,-0.0168830247570405,277.18,0.0121855626024369,284.08,286.454,1.6676420479143121,0.16901083707231862,287.81,283.6,284.12100000000004,3.40758777501749,0.18719899064908618,287.81,277.18,289.2165,10.079674845942982,0.23930112090222388,309.54,277.18,288.98580000000004,12.365668749911029,0.22983079642727694,314.55,270.79,2,10,4,0.995136861136916,0.9959312879698727,0.039574719432821696,0.004537363442795973,279.22,-0.029846079010458215
2022-10-20,AAPL,280.39,282.38,276.06,279.22,84450196,279.22,-0.0298460790104582,287.8995,289.024,239.7884,0.2564063859852089,306.97567580013464,268.82332419986534,44.752607041789766,-2.707127624776433,-2.3517908192442087,-0.35533680553222435,9.599285714285704,0.0034866287786339,287.81,0.0007327285415212,286.81,-0.0029570360062618,286.6,0.0231618442889098,283.6,0.0067234581807942,285.99,285.57800000000003,3.5872231600462547,0.2573763028575575,287.81,279.22,283.444,3.6582971144757916,0.24036690363787108,287.81,277.18,287.8995,9.538087900067334,0.25640638598520854,309.54,277.18,289.024,12.331767504935838,0.23825828255008966,314.55,270.79,3,10,4,0.969852326937109,0.9660789415378445,0.022634481770565713,-0.004172759370861252,278.28,-0.0033665210228495113
2022-10-21,AAPL,277.01,283.26,273.3,278.28,119081196,278.28,-0.0033665210228495,286.3365,288.98720000000003,240.28015,0.2481230819421681,302.9046460704052,269.7683539295948,51.14097361267813,-3.0646067040276534,-2.494353996200898,-0.5702527078267554,9.416428571428563,-0.0298460790104582,279.22,0.0034866287786339,287.81,0.0007327285415212,286.81,0.0135754583921015,287.45,-0.0140564355397041,281.97,283.744,4.593781666554608,0.21288942703355196,287.81,278.28,283.07500000000005,3.9941742297728995,0.23154198405737136,287.81,277.18,286.3365,8.284073035202587,0.2481230819421678,306.63,277.18,288.98720000000003,12.361590122925938,0.23730343830245965,314.55,270.79,4,10,4,0.9718635242067571,0.9629492240453453,0.035791289348728585,0.00458467203348398,275.54,-0.009846198073882206
2022-10-24,AAPL,277.77,279.1,271.98,275.54,103588788,275.54,-0.0098461980738822,284.782,288.902,240.77495,0.2482282498043733,299.00059657001407,270.5634034299859,43.41902312062037,-3.52833411137226,-2.7011500192351705,-0.8271840921370894,9.042857142857136,-0.0033665210228495,278.28,-0.0298460790104582,279.22,0.0034866287786339,287.81,-0.0029570360062618,286.6,-0.0003901124233074,281.86,281.532,5.456543777884886,0.2115039970435272,287.81,275.54,282.44300000000004,4.653393146702939,0.23542606587477372,287.81,275.54,284.782,7.109298285007036,0.24822824980437308,304.68,275.54,288.902,12.440631423040987,0.23831709198903972,314.55,270.79,0,10,4,0.967547106204158,0.9537490221564624,0.02584016839650927,-0.008028224790265088,271.52,-0.014589533280104705
2022-10-25,AAPL,270.84,276.75,266.29,271.52,30980652,271.52,-0.0145895332801047,283.124,288.5772,241.26355,0.2504411395805501,295.13514640217613,271.1128535978239,34.101265810698266,-4.172128130102408,-2.995345641408618,-1.1767824886937897,9.358571428571423,-0.0098461980738822,275.54,-0.0033665210228495,278.28,-0.0298460790104582,279.22,0.0007327285415212,286.81,0.0002838288512025,281.94,278.474,6.015012884439728,0.20038737934773784,287.81,271.52,281.401,5.803139858923468,0.24281629152528314,287.81,271.52,283.124,6.005573201088054,0.2504411395805498,296.27,271.52,288.5772,12.680735194029484,0.2311927256644232,314.55,270.79,1,10,4,0.9590144247716229,0.9408920732443835,0.03852386564511438,0.002510707428730971,270.47,-0.003867118444313311
2022-10-26,AAPL,270.74,272.9,268.04,270.47,181064712,270.47,-0.0038671184443133,281.834,288.32120000000003,241.73280000000003,0.236605436345589,293.4352311506281,270.2327688493719,29.91718425417075,-4.7127402173684345,-3.3388245566005814,-1.373915660767853,8.964285714285706,-0.0145895332801047,271.52,-0.0098461980738822,275.54,-0.0033665210228495,278.28,0.0034866287786339,287.81,-0.0168830247570405,277.18,275.00600000000003,3.9207626809050447,0.1720844402622149,279.22,270.47,280.72999999999996,6.668794660373505,0.2314862051239362,287.81,270.47,281.834,5.800615575314052,0.23660543634558875,294.37,270.47,288.32120000000003,12.917065699515039,0.22888491297049654,314.55,270.47,2,10,4,0.9596783922416754,0.9380857182859322,0.017968721115029347,-0.0009972667503840753,277.96,0.027692535216474745
2022-10-27,AAPL,275.46,284.3,271.62,277.96,90029609,277.96,0.0276925352164747,281.0135,288.3412,242.2397,0.2623971226528353,291.1045367210235,270.9224632789765,45.23866063563656,-4.48509737727926,-3.568079120736317,-0.917018256542943,9.370714285714273,-0.0038671184443133,270.47,-0.0145895332801047,271.52,-0.0098461980738822,275.54,-0.0298460790104582,279.22,0.0231618442889098,283.6,274.754,3.6104127187868342,0.26322543310873026,278.28,270.47,280.166,6.637523299812923,0.24612269479850057,287.81,270.47,281.0135,5.045518360511752,0.26239712265283505,287.81,270.47,288.3412,12.899878442706674,0.2322629350021636,314.55,270.47,3,10,4,0.9891339739870534,0.9639968204302264,0.045618074542935635,0.009075727873342498,280.74,0.010001439055979278
2022-10-28,AAPL,280.32,283.75,277.72,280.74,58640581,280.74,0.0100014390559792,280.853,288.4722,242.75115,0.2355533995461557,290.8490457444981,270.85695425550193,48.74944169981035,-4.033866122197651,-3.661236521028584,-0.37262960116906685,8.890714285714271,0.0276925352164747,277.96,-0.0038671184443133,270.47,-0.0145895332801047,271.52,-0.0033665210228495,278.28,0.0135754583921015,287.45,275.246,4.310728476716848,0.27196226022928655,280.74,270.47,279.495,6.139859299872111,0.2404188773556867,287.81,270.47,280.853,4.998022872249042,0.23555339954615548,287.81,270.47,288.4722,12.785993658554982,0.2320957774559405,314.55,270.47,4,10,4,0.9995976542853393,0.9731960306713328,0.021478948493191187,0.0014982876712275888,278.44,-0.00819263375365109
2022-10-31,AAPL,280.29,281.88,275.0,278.44,85189467,278.44,-0.008192633753651,280.906,288.55920000000003,243.2504,0.2220601120812518,290.835531498981,270.976468501019,46.276595730896325,-3.8178431602710248,-3.6925578488770725,-0.12528531139395227,9.007142857142842,0.0100014390559792,280.74,0.0276925352164747,277.96,-0.0038671184443133,270.47,-0.0098461980738822,275.54,-0.0029570360062618,286.6,275.826,4.5487009134452085,0.2676910633968232,280.74,270.47,278.679,5.610053376652721,0.2422758138134807,287.81,270.47,280.906,4.9647657494905,0.2220601120812516,287.81,270.47,288.55920000000003,12.700649965686551,0.2329230115435815,314.55,270.47,0,10,4,0.9912212626252511,0.9649319792924123,0.02470909352095707,-0.006600306825050563,280.93,0.008942680649332013
2022-11-01,AAPL,282.65,282.66,279.2,280.93,85841499,280.93,0.008942680649332,280.9195,288.67400000000004,243.7614,0.2203020064513081,290.84835741026967,270.9906425897304,54.191817555137824,-3.406453738131745,-3.635337026728007,0.22888328859626217,8.574285714285704,-0.008192633753651,278.44,0.0100014390559792,280.74,0.0276925352164747,277.96,-0.0145895332801047,271.52,0.0007327285415212,286.81,277.708,4.25917480270255,0.2230690679907388,280.93,270.47,278.091,4.9300742613297315,0.24901986835247777,287.81,270.47,280.9195,4.96442870513482,0.22030200645130799,287.81,270.47,288.67400000000004,12.602906370336372,0.23357599777082091,314.55,270.47,1,11,4,1.000037377252202,0.9731738916529609,0.012316235361078277,-0.0060852644613263234,286.99,0.02157120990994188
2022-11-02,AAPL,285.41,289.06,284.91,286.99,61269805,286.99,0.0215712099099418,281.065,288.928,244.28975,0.2294383626014529,291.27030615336906,270.85969384663093,53.82014873217304,-2.561901299268982,-3.4206498812362023,0.8587485819672205,8.349285714285704,0.008942680649332,280.93,-0.008192633753651,278.44,0.0100014390559792,280.74,-0.0038671184443133,270.47,0.0034866287786339,287.81,281.01200000000006,3.5967721640346757,0.2186634343386527,286.99,277.96,278.00899999999996,4.754140768261719,0.2752581837976649,286.99,270.47,281.065,5.10265307668452,0.22943836260145273,287.81,270.47,288.928,12.433939563191448,0.2381168389021946,314.55,270.47,2,11,4,1.021080532969167,0.9932924465576431,0.014460434161418576,0.005535895728931881,291.1,0.01432105648280424
2022-11-03,AAPL,289.5,295.55,286.64,291.1,86590776,291.1,0.0143210564828042,281.3205,289.2334,244.84535,0.2336698367067737,292.2734548524487,270.36754514755125,54.08917766620554,-1.5431562112793813,-3.0451511472448383,1.501994935965457,8.486428571428567,0.0215712099099418,286.99,0.008942680649332,280.93,-0.008192633753651,278.44,0.0276925352164747,277.96,-0.0298460790104582,279.22,283.64,5.236129295574457,0.17433097268492978,291.1,278.44,279.197,6.317620948145615,0.2268845162884119,291.1,270.47,281.3205,5.47647742622437,0.23366983670677344,291.1,270.47,289.2334,12.292387159600262,0.2397779761477025,314.55,270.47,3,11,4,1.0347628416662322,1.0064536115088838,0.030608038474645882,0.00552677029359066,291.45,0.0012023359670214617
2022-11-04,AAPL,293.3,294.47,288.44,291.45,62742416,291.45,0.0012023359670214,281.7945,289.6466,245.4011,0.2268161888609025,293.649196559849,269.9398034401511,55.49512801321248,-0.6994880516148783,-2.5760185281188464,1.876530476503968,8.564999999999998,0.0143210564828042,291.1,0.0215712099099418,286.99,0.008942680649332,280.93,0.0100014390559792,280.74,-0.0033665210228495,278.28,285.78200000000004,5.901556574326096,0.18316022329518605,291.45,278.44,280.514,7.387385945726342,0.22371771672075944,291.45,270.47,281.7945,5.9273482799244634,0.22681618886090227,291.45,270.47,289.6466,12.003616735574582,0.2355980249283248,314.55,270.47,4,11,4,1.0342643309183313,1.0062262080721602,0.02068965517234291,-0.006307534947131658,288.74,-0.009298335906673505
2022-11-07,AAPL,291.22,295.01,282.47,288.74,68052661,288.74,-0.0092983359066735,282.1385,289.885,245.9492,0.2301121118462379,294.39372148653325,269.8832785134667,52.06948314971108,-0.2467054416029555,-2.110155910815668,1.8634504692127125,8.72214285714285,0.0012023359670214,291.45,0.0143210564828042,291.1,0.0215712099099418,286.99,-0.008192633753651,278.44,-0.0098461980738822,275.54,287.842,4.270254090797193,0.18922252042875592,291.45,280.93,281.834,7.57674541680762,0.2227334187298404,291.45,270.47,282.13849999999996,6.127610743266643,0.23011211184623767,291.45,270.47,289.885,11.86119762855107,0.23197266281717357,314.55,270.47,0,11,4,1.0233980828528422,0.9960501578177691,0.043430075500299696,-0.008515898633306443,291.88,0.01087483549213819
2022-11-08,AAPL,289.51,293.42,289.51,291.88,60795451,291.88,0.0108748354921381,282.6355,290.19120000000004,246.5185,0.2325460720022047,295.6401299042742,269.6308700957257,54.17264710357971,0.3613345570286697,-1.6158578172468006,1.9771923742754702,8.242857142857137,-0.0092983359066735,288.74,0.0012023359670214,291.45,0.0143210564828042,291.1,0.008942680649332,280.93,-0.0145895332801047,271.52,290.032,2.091021281567626,0.19073960082120278,291.88,286.99,283.87,7.224604564342289,0.19578560605298842,291.88,270.47,282.6355,6.5023149521371,0.23254607200220448,291.88,270.47,290.19120000000004,11.707066876763566,0.23299390246351215,314.55,270.47,1,11,4,1.0327082054411683,1.0058196113424327,0.013395916129870596,0.00818624572550799,293.7,0.0062354392215979715
2022-11-09,AAPL,293.41,297.4,290.01,293.7,45103421,293.7,0.0062354392215979,283.4615,290.4384,247.10075,0.2221095000522256,297.09070281870714,269.83229718129286,67.23809521568252,0.9787865837967615,-1.0969289370380884,2.0757155208348497,7.931428571428564,0.0108748354921381,291.88,-0.0092983359066735,288.74,0.0012023359670214,291.45,0.0215712099099418,286.99,-0.0038671184443133,270.47,291.37399999999997,1.7808088050006263,0.14662076800287943,293.7,288.74,286.19300000000004,6.081482001398838,0.18593602477692414,293.7,277.96,283.4615,6.8146014093535685,0.22210950005222538,293.7,270.47,290.4384,11.646693383762695,0.23038654476929313,314.55,270.47,2,11,4,1.0361195435675175,1.0112299200070953,0.025161729656025963,0.0009883780375548729,297.77,0.013857677902621601
2022-11-10,AAPL,296.81,301.27,294.28,297.77,84805569,297.77,0.0138576779026216,284.17,290.7362,247.7001,0.2131790142952613,299.22786453021456,269.11213546978547,71.59317524922886,1.7760633958367293,-0.5223304704631249,2.298393866299854,7.76071428571428,0.0062354392215979,293.7,0.0108748354921381,291.88,-0.0092983359066735,288.74,0.0143210564828042,291.1,0.0276925352164747,277.96,292.70799999999997,3.3399505984320585,0.14472324103254045,297.77,288.74,288.17400000000004,6.323332806185571,0.1561996227434867,297.77,278.44,284.17,7.5289322651072705,0.21317901429526115,297.77,270.47,290.7362,11.639847619797957,0.23199382858115666,314.55,270.47,3,11,4,1.047858676140874,1.0241930657378606,0.023474493736697907,0.0032343923722136896,300.73,0.00994055814890693
2022-11-11,AAPL,302.95,302.95,299.11,300.73,101103668,300.73,0.0099405581489069,284.83399999999995,291.0524,248.32030000000003,0.2110602429628817,301.5776956242538,268.0903043757461,77.77287759451335,2.616595788223094,0.105454781274119,2.511141006948975,7.622142857142852,0.0138576779026216,297.77,0.0062354392215979,293.7,0.0108748354921381,291.88,0.0012023359670214,291.45,0.0100014390559792,280.74,294.56399999999996,4.747823711972182,0.14519125123528528,300.73,288.74,290.173,6.849895457434602,0.15616663388138033,300.73,278.44,284.83399999999995,8.371847812126939,0.2110602429628815,300.73,270.47,291.0524,11.693243568092138,0.2324421209177892,314.55,270.47,4,11,4,1.055807944272609,1.033250370032911,0.012768928939537811,-0.007327941904580435,305.6,0.016193928108269917
2022-11-14,AAPL,303.05,307.89,303.05,305.6,98295679,305.6,0.0161939281082699,285.784,291.415,248.94775,0.2155788641174517,304.93287315634143,266.6351268436585,86.88311685678876,3.633803835953586,0.8111245922100124,2.8226792437435733,7.386428571428565,0.0099405581489069,300.73,0.0138576779026216,297.77,0.0062354392215979,293.7,-0.0092983359066735,288.74,-0.008192633753651,278.44,297.93600000000004,5.504310129340718,0.06049952025954076,305.6,291.88,292.889,7.062043220233834,0.13675247145579242,305.6,280.93,285.784,9.574436578170726,0.21557886411745156,305.6,270.47,291.415,11.859802154451303,0.23424838401408202,314.55,270.47,0,11,4,1.06933908126043,1.0486762863920915,0.015837696335026626,0.008414453060523335,303.26,-0.007657068062827288
2022-11-15,AAPL,301.51,307.28,299.23,303.26,111051797,303.26,-0.0076570680628272,286.6065,291.6902,249.5752,0.2189360872644436,307.2923947874548,265.9206052125452,84.52305746086913,4.2026841715149885,1.4894365080710077,2.7132476634439806,7.614285714285708,0.0161939281082699,305.6,0.0099405581489069,300.73,0.0138576779026216,297.77,0.0108748354921381,291.88,0.008942680649332,280.93,300.21200000000005,4.66258190276171,0.14914169742152456,305.6,293.7,295.12199999999996,6.355480224884318,0.16141720264537138,305.6,286.99,286.6065,10.342947393727409,0.21893608726444336,305.6,270.47,291.6902,11.973559730176957,0.23472662143251655,314.55,270.47,1,11,4,1.0581058001090062,1.0396646853372529,0.026544878981644166,0.005804119266340075,309.42,0.02031260304689053
2022-11-16,AAPL,310.98,314.01,304.82,309.42,91082229,309.42,0.0203126030468905,287.687,292.0306,250.23565,0.2275296203867907,310.75765769143874,264.6163423085613,84.07712302475996,5.091890312806527,2.2099272690181118,2.881963043788415,7.394285714285709,-0.0076570680628272,303.26,0.0161939281082699,305.6,0.0099405581489069,300.73,0.0062354392215979,293.7,0.0215712099099418,286.99,303.35600000000005,4.46979082284153,0.17207002342937802,309.42,297.77,297.365,7.083016071326814,0.1584912146362011,309.42,288.74,287.687,11.535328845719357,0.22752962038679048,309.42,270.47,292.0306,12.233267524516934,0.23786931002017148,314.55,270.47,2,11,4,1.0755439070897346,1.0595464995755257,0.02970073039871468,-0.005016399768457733,310.44,0.0032964902074850144
2022-11-17,AAPL,307.65,314.5,306.38,310.44,64646659,310.44,0.003296490207485,289.248,292.2716,250.90670000000003,0.189991256732444,314.06517113527724,264.43082886472274,83.44594591963413,5.8119020723619315,2.930322229686876,2.8815798426750554,7.5435714285714255,0.0203126030468905,309.42,-0.0076570680628272,303.26,0.0161939281082699,305.6,0.0138576779026216,297.77,0.0143210564828042,291.1,305.89,4.08625745639653,0.17550173008766862,310.44,300.73,299.299,7.787624727020209,0.15502204739568776,310.44,288.74,289.248,12.408585567638633,0.18999125673244374,310.44,270.47,292.2716,12.47736634298331,0.23381341869623812,314.55,270.47,3,11,4,1.0732658479883241,1.0621627280890031,0.026156423141263523,0.009068746952676588,320.36,0.031954645019971695
2022-11-18,AAPL,320.31,325.37,315.36,320.36,111932071,320.36,0.0319546450199716,291.352,292.6912,251.60775,0.2088542261520821,319.2035240818872,263.5004759181127,90.29219528519624,7.101120378881262,3.7644818595257536,3.3366385193555086,8.118571428571427,0.003296490207485,310.44,0.0203126030468905,309.42,-0.0076570680628272,303.26,0.0099405581489069,300.73,0.0012023359670214,291.45,309.81600000000003,6.566542469211116,0.2438255016369847,320.36,303.26,302.19,9.68506295511044,0.1968437944371456,320.36,288.74,291.352,13.925762040943628,0.20885422615208177,320.36,270.47,292.6912,13.06043607109718,0.24395577174401192,320.36,270.47,4,11,4,1.0995634146973436,1.0945323945472414,0.031246098139495394,0.00015609877930709398,317.17,-0.009957547758771335
2022-11-21,AAPL,316.81,322.54,311.81,317.17,46479884,317.17,-0.0099575477587713,293.4335,292.981,252.28985,0.2089747298820855,322.5051249975767,264.3618750024233,84.37025794421123,7.775794318417695,4.566744351304142,3.209049967113553,8.583571428571426,0.0319546450199716,320.36,0.003296490207485,310.44,0.0203126030468905,309.42,0.0161939281082699,305.6,-0.0092983359066735,288.74,312.13,6.745583740489139,0.28775411516035176,320.36,303.26,305.033,9.468517483394223,0.19863285482049517,320.36,291.88,293.4335,14.535812498788346,0.2089747298820851,320.36,270.47,292.981,13.441795046849279,0.24427798015146113,320.36,270.47,0,11,4,1.0808922634904303,1.0825616678177679,0.0338304379353854,0.0011363277674280399,325.65,0.026736450483967555
2022-11-22,AAPL,324.57,327.35,323.96,325.65,55799119,325.65,0.0267364504839675,296.14,293.44660000000005,252.99995,0.20338823089151,326.66421161531537,265.6157883846846,85.05622050796539,8.892239207588261,5.431843322560966,3.460395885027295,8.729999999999999,-0.0099575477587713,317.17,0.0319546450199716,320.36,0.003296490207485,310.44,-0.0076570680628272,303.26,0.0108748354921381,291.88,316.608,6.816573185989238,0.2763107360049626,325.65,309.42,308.41,10.24637279995047,0.21682185827773962,325.65,293.7,296.14,15.262105807657697,0.2033882308915095,325.65,270.47,293.44660000000005,14.157771300736224,0.25092439196721217,325.65,270.47,1,11,4,1.0996488147460672,1.1097419428232946,0.010409949332073188,0.0033274794343181955,326.73,0.0033164440350070823
2022-11-23,AAPL,326.04,331.4,322.06,326.73,54399045,326.73,0.003316444035007,298.953,293.7996,253.7354,0.1988101036332049,329.8832965765847,268.02270342341524,84.18729608177657,9.751764528646731,6.295827563778119,3.455936964868612,8.76071428571428,0.0267364504839675,325.65,-0.0099575477587713,317.17,0.0319546450199716,320.36,0.0203126030468905,309.42,0.0062354392215979,293.7,320.07,6.646860161004191,0.2799847525499742,326.73,310.44,311.713,10.301206024323823,0.21913510822233906,326.73,297.77,298.953,15.465148288292374,0.19881010363320442,326.73,277.96,293.7996,14.762634154633169,0.24650015726304914,326.73,270.47,2,11,4,1.0929142708014543,1.1120845637600867,0.028586294493837077,0.002116304747877197,323.66,-0.00939613748354906
2022-11-24,AAPL,323.86,331.52,315.81,323.66,123229572,323.66,-0.009396137483549,301.23799999999994,294.1516,254.4516,0.1975487234946984,332.3897532496327,270.0862467503672,79.37260621719467,10.06915029838035,7.050492110698567,3.0186581876817833,9.452142857142848,0.003316444035007,326.73,0.0267364504839675,325.65,-0.0099575477587713,317.17,0.003296490207485,310.44,0.0138576779026216,297.77,322.71400000000006,3.9344796352176545,0.3145502613023876,326.73,317.17,314.302,9.639778466795763,0.24013399220711024,326.73,300.73,301.23799999999994,15.575876624816386,0.19754872349469788,326.73,278.44,294.1516,15.262307761408483,0.24641556028137618,326.73,270.47,3,11,4,1.0744328404747265,1.1003169794041567,0.04853858987811729,-0.0006175507935508277,321.43,-0.006889946239881373
2022-11-25,AAPL,319.25,326.37,316.49,321.43,116645805,321.43,-0.0068899462398813,303.2725,294.2892,255.1442,0.2039486601888319,334.1007706037937,272.44422939620625,80.07359703549157,10.025174473546315,7.645428583268117,2.3797458902781976,9.26214285714285,-0.009396137483549,323.66,0.003316444035007,326.73,0.0267364504839675,325.65,0.0319546450199716,320.36,0.0099405581489069,300.73,322.928,3.801278732208713,0.24565076490141483,326.73,317.17,316.37199999999996,8.564060303903737,0.25183412330738264,326.73,303.26,303.2725,15.414135301896872,0.20394866018883134,326.73,278.44,294.2892,15.47943571190667,0.23942568593334945,326.73,270.47,4,11,4,1.0598718973825196,1.0922249270408422,0.03073764116594362,0.006828504306948092,320.0,-0.004448869116137288
2022-11-28,AAPL,320.46,325.93,314.06,320.0,97217304,320.0,-0.0044488691161372,305.3505,294.3998,255.82820000000004,0.2006887784517041,334.698180962802,276.00281903719804,76.70972642336743,9.762399403108816,8.068822747236258,1.6935766558725582,9.775714285714278,-0.0068899462398813,321.43,-0.009396137483549,323.66,0.003316444035007,326.73,-0.0099575477587713,317.17,0.0161939281082699,305.6,323.49399999999997,2.8113928932011327,0.23330976687227864,326.73,320.0,317.812,7.720668940506398,0.2515730673964319,326.73,303.26,305.3505,14.673840481400974,0.2006887784517036,326.73,280.93,294.39979999999997,15.645435206992302,0.23968269557907954,326.73,270.47,0,11,4,1.0479760144455372,1.08695726015749,0.037093749999884094,-0.001435436559940536,322.15,0.0067187499999998845
2022-11-29,AAPL,324.12,325.77,318.53,322.15,122829667,322.15,0.0067187499999998,307.4115,294.685,256.50789999999995,0.2005666206001149,335.291008622863,279.531991377137,76.85482346467869,9.616779055579627,8.378414008904933,1.2383650466746943,9.764999999999995,-0.0044488691161372,320.0,-0.0068899462398813,321.43,-0.009396137483549,323.66,0.0267364504839675,325.65,-0.0076570680628272,303.26,322.794,2.56533233713342,0.10905989958399155,326.73,320.0,319.701,5.848579029702716,0.24192444878496,326.73,309.42,307.4115,13.939754311431498,0.2005666206001144,326.73,286.99,294.685,16.021811440551975,0.2349867701664216,326.73,270.47,1,11,4,1.0479438797798784,1.093201214852832,0.022474002793659898,-0.006077995804004533,324.79,0.008194940245227489
2022-11-30,AAPL,326.48,331.45,318.14,324.79,56278553,324.79,0.0081949402452274,309.30150000000003,295.009,257.2077,0.1931098821196235,336.4678524661564,282.1351475338437,76.21265034794376,9.603694406597128,8.623470088443373,0.9802243181537555,10.174999999999995,0.0067187499999998,322.15,-0.0044488691161372,320.0,-0.0068899462398813,321.43,0.003316444035007,326.73,0.0203126030468905,309.42,322.406,1.8750279997756558,0.128248051188819,324.79,320.0,321.238,4.76594586624859,0.22940544413850736,326.73,310.44,309.30150000000003,13.58317623307819,0.19310988211962302,326.73,288.74,295.009,16.46637690468714,0.23552547759186415,326.73,270.47,2,11,4,1.0500757351611614,1.1009494625550376,0.0409803257488193,-0.005176427346222805,322.12,-0.008220696450013887
2022-12-01,AAPL,319.89,328.71,315.53,322.12,91970206,322.12,-0.0082206964500138,310.8525,295.3402,257.87405,0.1971876831520547,337.1722271422359,284.53277285776414,70.86829266356762,9.271007637091145,8.752977598172928,0.5180300389182175,10.746428571428567,0.0081949402452274,324.79,0.0067187499999998,322.15,-0.0044488691161372,320.0,-0.009396137483549,323.66,0.003296490207485,310.44,322.098,1.73910034211455,0.1236851258754298,324.79,320.0,322.406,2.886116960749035,0.23882546957642084,326.73,317.17,310.8525,13.159863571117947,0.1971876831520542,326.73,288.74,295.3402,16.845113685015345,0.23517039407090948,326.73,270.47,3,12,4,1.0362470946798361,1.0906744154670085,0.040916428659999664,0.006971146331529736,322.11,-3.104433130507456e-05
2022-12-02,AAPL,319.85,327.08,317.14,322.11,76093044,322.11,-3.104433130507456e-05,312.3855,295.5916,258.50690000000003,0.1975632832888095,337.4904615351995,287.2805384648005,67.79478333802265,8.90390538021802,8.783163154581947,0.12074222563607329,10.944999999999997,-0.0082206964500138,322.12,0.0081949402452274,324.79,0.0067187499999998,322.15,-0.0068899462398813,321.43,0.0319546450199716,320.36,322.234,1.699949999247868,0.11188216216372243,324.79,320.0,322.581,2.800045436141458,0.17997279750240425,326.73,317.17,312.3855,12.552480767599748,0.19756328328880904,326.73,288.74,295.59159999999997,17.152356101614767,0.2336051113273378,326.73,270.47,4,12,4,1.0311298059576035,1.0897129688357527,0.0308590233149208,0.007065812099399484,332.74,0.03300114867591808
2022-12-05,AAPL,331.2,340.9,324.58,332.74,112255719,332.74,0.033001148675918,314.5855,296.1138,259.1979,0.2131550677652392,338.6561271975584,290.5148728024417,76.95683977546824,9.362797852693745,8.899090094204308,0.4637077584894378,11.712142857142855,-3.104433130507456e-05,322.11,-0.0082206964500138,322.12,0.0081949402452274,324.79,-0.0044488691161372,320.0,-0.0099575477587713,317.17,324.78200000000004,4.595733891332314,0.24519859147901663,332.74,322.11,324.13800000000003,3.6552270031363125,0.23128339159386962,332.74,320.0,314.5855,12.03531359877917,0.21315506776523854,332.74,291.88,296.1138,17.877408716254976,0.2431854772640501,332.74,270.47,0,12,4,1.0577092714029803,1.123689608518334,0.04904730420133121,0.004649758454092303,341.59,0.026597343271022256
2022-12-06,AAPL,340.64,344.16,339.03,341.59,76396504,341.59,0.0265973432710222,317.071,296.85200000000003,259.9393,0.2237894458892433,341.5326812263725,292.60931877362754,78.0373017065971,10.321613347052903,9.183594744774027,1.1380186022788763,11.76,0.033001148675918,332.74,-3.104433130507456e-05,322.11,-0.0082206964500138,322.12,0.0067187499999998,322.15,0.0267364504839675,325.65,328.66999999999996,8.43329413692753,0.2774850510843593,341.59,322.11,325.732,6.64265642980706,0.23091637894003722,341.59,320.0,317.071,12.230840613186249,0.22378944588924266,341.59,293.7,296.85200000000003,18.967180785204764,0.2487250768615973,341.59,270.47,1,12,4,1.0773296832536645,1.1507080969602672,0.0150180040398871,0.002788868013143494,343.95,0.0069088673556017
2022-12-07,AAPL,343.32,345.79,342.12,343.95,68583328,343.95,0.0069088673556017,319.5835,297.8056,260.67085,0.2237322677693561,344.25950434685313,294.9074956531469,78.53857943962628,11.143458952638582,9.575567586346938,1.5678913662916436,11.480000000000002,0.0265973432710222,341.59,0.033001148675918,332.74,-3.104433130507456e-05,322.11,0.0081949402452274,324.79,0.003316444035007,326.73,332.502,10.362006079902308,0.2787167964279481,343.95,322.11,327.45400000000006,8.808901053922147,0.23093765336011868,343.95,320.0,319.5835,12.33800217342657,0.2237322677693555,343.95,297.77,297.80559999999997,20.10196387603295,0.23919303363536584,343.95,270.47,2,12,4,1.0762445495431514,1.1549480600728965,0.010670155545833249,0.001835022719323548,344.26,0.0009012937927024289
2022-12-08,AAPL,345.5,351.29,337.24,344.26,99324278,344.26,0.0009012937927024,321.908,298.8034,261.3799,0.2239764056930254,346.69056823698145,297.1254317630186,74.33808551851864,11.685093441884987,9.997472757454549,1.6876206844304384,11.41714285714286,0.0069088673556017,343.95,0.0265973432710222,341.59,0.033001148675918,332.74,-0.0082206964500138,322.12,-0.009396137483549,323.66,336.92999999999995,9.512010828417289,0.24297486073520522,344.26,322.11,329.514,10.132356531868702,0.21808790558069976,344.26,320.0,321.908,12.39128411849071,0.22397640569302482,344.26,300.73,298.8034,21.13937535133811,0.23825877002939277,344.26,270.47,3,12,4,1.0694359879186928,1.1521287910339972,0.0408121768429652,-0.0035890014471676415,345.0,0.002149538139778029
2022-12-09,AAPL,341.94,352.3,337.71,345.0,113578508,345.0,0.002149538139778,324.1215,300.0244,262.10025,0.2244988777486553,348.8476875027395,299.39531249726053,79.82851015825078,12.035318828709023,10.405041971705444,1.6302768570035795,11.692857142857147,0.0009012937927024,344.26,0.0069088673556017,343.95,0.0265973432710222,341.59,-3.104433130507456e-05,322.11,-0.0068899462398813,321.43,341.508,5.0649649554486835,0.23572326377286698,345.0,332.74,331.871,10.764615336060425,0.2072635126218519,345.0,320.0,324.1215,12.363093751369735,0.22449887774865468,345.0,303.26,300.0244,22.00915701451689,0.2212426290689187,345.0,270.47,4,12,4,1.0644156589394274,1.149906474269593,0.04228985507234128,0.008948938410221248,348.31,0.00959420289855073
2022-12-12,AAPL,345.07,350.89,345.07,348.31,61233140,348.31,0.0095942028985507,326.257,301.44300000000004,262.8431,0.2221175756502746,351.61716777297124,300.8968322270288,77.31436834420438,12.436602891563098,10.811354155676975,1.6252487358861227,11.386428571428572,0.002149538139778,345.0,0.0009012937927024,344.26,0.0069088673556017,343.95,0.033001148675918,332.74,-0.0044488691161372,320.0,344.622,2.424864944676354,0.16394708775372815,348.31,341.59,334.702,11.015478806359154,0.19693902270794958,348.31,322.11,326.257,12.680083886485633,0.22211757565027407,348.31,303.26,301.44300000000004,22.79180646277507,0.21263214500997302,348.31,270.47,0,12,4,1.0675939520038877,1.1554754961927942,0.01670925325136598,0.009389399252298432,343.12,-0.014900519652034094
2022-12-13,AAPL,342.38,346.66,339.58,343.12,78069258,343.12,-0.014900519652034,328.25,302.6922,263.56390000000005,0.2296673268625986,352.22790122942325,304.27209877057675,67.97543318816281,12.195254474806916,11.088134219502964,1.1071202553039523,11.342857142857147,0.0095942028985507,348.31,0.002149538139778,345.0,0.0009012937927024,344.26,0.0265973432710222,341.59,0.0067187499999998,322.15,344.928,2.0071547025378704,0.15120598200853383,348.31,343.12,336.799,10.335499181623884,0.22982252013587554,348.31,322.11,328.25,11.988950614711616,0.22966732686259797,348.31,309.42,302.6922,23.33468551582191,0.21642656678445485,348.31,270.47,1,12,4,1.045300837772901,1.1335607590775925,0.020634180461586053,0.002161341199830153,341.91,-0.0035264630449988177
2022-12-14,AAPL,343.26,343.74,340.09,341.91,52386576,341.91,-0.0035264630449988,329.8745,303.8488,264.29815,0.2259236707030932,352.8628746134425,306.8861253865575,70.86668188904336,11.770662359401967,11.224639847482765,0.5460225119192028,10.48142857142858,-0.014900519652034,343.12,0.0095942028985507,348.31,0.002149538139778,345.0,0.0069088673556017,343.95,0.0081949402452274,324.79,344.52000000000004,2.4204441740970237,0.1431474047518628,348.31,341.91,338.511,9.510226600876289,0.2347663940778209,348.31,322.11,329.8745,11.49418730672124,0.22592367070309258,348.31,310.44,303.8488,23.821447002774228,0.21628866069029795,348.31,270.47,2,12,4,1.0364850875074112,1.1252636179536493,0.010675323915619194,-0.00393287886731933,333.58,-0.024363136497908888
2022-12-15,AAPL,331.53,337.2,329.95,333.58,29453190,333.58,-0.0243631364979088,331.0315,304.80060000000003,265.0038,0.2490068396207795,352.1550386538973,309.90796134610264,62.19145091569974,10.639364692239667,11.107584816434144,-0.46822012419447745,10.630000000000011,-0.0035264630449988,341.91,-0.014900519652034,343.12,0.0095942028985507,348.31,0.0009012937927024,344.26,-0.0082206964500138,322.12,342.384,5.482648082808384,0.2147342707047641,348.31,333.58,339.65700000000004,7.863533344920828,0.27176579911781307,348.31,322.11,331.0315,10.56176932694869,0.24900683962077885,348.31,317.17,304.80060000000003,24.043038316095696,0.22520561556761057,348.31,270.47,3,12,4,1.0076986631151184,1.0944204178039858,0.021733916901427744,0.006183452477886852,335.69,0.006325319263744911
2022-12-16,AAPL,336.64,342.56,328.82,335.69,86678900,335.69,0.0063253192637449,331.798,305.875,265.73405,0.2260164568856203,352.3971247642264,311.1988752357736,65.53157788720168,9.800093133155372,10.84608647977839,-1.0459933466230176,10.76357142857144,-0.0243631364979088,333.58,-0.0035264630449988,341.91,-0.014900519652034,343.12,0.002149538139778,345.0,-3.104433130507456e-05,322.11,340.52200000000005,5.934405614711928,0.22668836747029525,348.31,333.58,341.015,5.227222015565747,0.271238880884431,348.31,332.74,331.798,10.299562382113207,0.22601645688561975,348.31,317.17,305.875,24.20175354162696,0.22180509426607636,348.31,270.47,4,12,4,1.011730028508274,1.0974744585170495,0.04093062051285138,-0.0028220057034136366,339.08,0.01009860287765485
2022-12-19,AAPL,337.45,344.29,333.87,339.08,102062847,339.08,0.0100986028776548,332.8935,307.0194,266.4918,0.2226173467070973,352.5247610796779,313.26223892032215,66.35748790475351,9.301289568252741,10.53712709747326,-1.2358375292205181,10.990714285714299,0.0063253192637449,335.69,-0.0243631364979088,333.58,-0.0035264630449988,341.91,0.0095942028985507,348.31,0.033001148675918,332.74,338.67600000000004,4.039075389235326,0.22880502919456408,343.12,333.58,341.649,4.436761706972747,0.22346831703681777,348.31,333.58,332.8935,9.81563053983893,0.22261734670709676,348.31,320.0,307.01939999999996,24.395084852048207,0.22208708825081508,348.31,270.47,0,12,4,1.0185840216134632,1.1044253229564502,0.030730211159517774,0.0048303452363169805,336.75,-0.006871534741064056
2022-12-20,AAPL,339.35,340.77,332.72,336.75,88841453,336.75,-0.006871534741064,333.4485,308.11560000000003,267.23805,0.2074124788872286,352.8437205452664,314.0532794547336,61.62519438447213,8.618622506653821,10.153426179309372,-1.534803672655551,10.615000000000009,0.0100986028776548,339.08,0.0063253192637449,335.69,-0.0243631364979088,333.58,-0.014900519652034,343.12,0.0265973432710222,341.59,337.402,3.2055217983860156,0.21415251317118156,341.91,333.58,341.165,4.7000927886838,0.17895315685948074,348.31,333.58,333.44849999999997,9.697610272633199,0.20741247888722808,348.31,320.0,308.11560000000003,24.476451670272848,0.2232474369511254,348.31,270.47,1,12,4,1.0099010791741156,1.0929339507603868,0.02390497401626147,-0.007661706203012704,344.91,0.02423162583518934
2022-12-21,AAPL,347.64,349.2,340.62,344.91,36678910,344.91,0.0242316258351893,334.3575,309.4702,268.0215,0.222253060408969,354.12739404437554,314.5876059556245,70.0158088708902,8.636491646350919,9.850039272717682,-1.213547626366763,10.562857142857151,-0.006871534741064,336.75,0.0100986028776548,339.08,0.0063253192637449,335.69,-0.0035264630449988,341.91,0.0069088673556017,343.95,338.002,4.340203912251963,0.291870102119696,344.91,333.58,341.26099999999997,4.772542881480566,0.21821032567166793,348.31,333.58,334.3575,9.88494702218775,0.22225306040896847,348.31,320.0,309.4702,24.603304530826524,0.22287528208641902,348.31,270.47,2,12,4,1.031560530267658,1.1145176498379668,0.024876054622872946,-0.007852951328938294,338.74,-0.017888724594821936
2022-12-22,AAPL,337.37,340.44,337.04,338.74,69525032,338.74,-0.0178887245948219,335.11150000000004,310.573,268.75165,0.2303334995742785,354.30541819793416,315.9175818020659,63.17958470622104,8.059876395158028,9.49200669720575,-1.4321303020477227,10.415000000000008,0.0242316258351893,344.91,-0.006871534741064,336.75,0.0100986028776548,339.08,-0.0243631364979088,333.58,0.0009012937927024,344.26,339.034,3.5712364805380776,0.2566883319357373,344.91,335.69,340.709,4.705893350070468,0.23653224659824873,348.31,333.58,335.11150000000004,9.59695909896707,0.23033349957427798,348.31,320.0,310.573,24.655774109498754,0.22422667047309333,348.31,270.47,3,12,4,1.010827739421026,1.0906936533404685,0.010037196669982701,0.004060823428271464,331.49,-0.021402845840467588
2022-12-23,AAPL,329.7,335.14,327.85,331.49,32939993,331.49,-0.0214028458404675,335.6145,311.4538,269.45955,0.2434660163789665,353.7995285153688,317.4294714846313,48.95327414695451,6.937914287868296,8.98118821533826,-2.043273927469965,9.850714285714295,-0.0178887245948219,338.74,0.0242316258351893,344.91,-0.006871534741064,336.75,0.0063253192637449,335.69,0.002149538139778,345.0,338.194,4.827435136791271,0.3060175644239055,344.91,331.49,339.358,5.245465343197086,0.25513308408119045,348.31,331.49,335.6145,9.092514257684364,0.24346601637896592,348.31,320.0,311.4538,24.59944830059671,0.22994679375509014,348.31,270.47,4,12,4,0.9877106024889041,1.0643312105966782,0.021991613623270602,0.005429178040626604,332.72,0.003710519171015836
2022-12-26,AAPL,332.13,338.69,326.76,332.72,138366654,332.72,0.0037105191710158,336.2505,312.37620000000004,270.15914999999995,0.2424743080333204,352.9665691362511,319.53443086374887,41.48588979495491,6.077939254659896,8.400538423202587,-2.322599168542691,9.887142857142866,-0.0214028458404675,331.49,-0.0178887245948219,338.74,0.0242316258351893,344.91,0.0100986028776548,339.08,0.0095942028985507,348.31,336.922,5.345705753212425,0.2926948063351933,344.91,331.49,337.79900000000004,4.561360542646774,0.24805014171315148,344.91,331.49,336.2505,8.358034568125568,0.2424743080333198,348.31,322.11,312.37620000000004,24.51301560895252,0.22955166678907135,348.31,270.47,0,12,4,0.9895003873570762,1.065125960297023,0.03585597499388119,0.0017764128503846548,338.1,0.016169752344313615
2022-12-27,AAPL,336.35,346.38,329.82,338.1,51811120,338.1,0.0161697523443136,337.04800000000006,313.402,270.8884,0.2471575395999561,352.39764096955497,321.69835903044515,44.6924333038343,5.7640791659108,7.87324657174423,-2.1091674058334293,10.770000000000007,0.0037105191710158,332.72,-0.0214028458404675,331.49,-0.0178887245948219,338.74,-0.006871534741064,336.75,-0.014900519652034,343.12,337.192,5.3688890843384085,0.321026521004201,344.91,331.49,337.29699999999997,4.170153341173889,0.2601690367275688,344.91,331.49,337.04800000000006,7.674820484777461,0.24715753959995554,348.31,322.11,313.402,24.494472012752688,0.2313451728337279,348.31,270.47,1,12,4,1.003121217153037,1.0788061339714528,0.048979591836589835,0.0052029136316182455,346.87,0.025939071280686177
2022-12-28,AAPL,348.06,354.48,339.26,346.87,132183099,346.87,0.0259390712806861,338.152,314.5832,271.6619,0.2602279432936678,352.955920675548,323.348079324452,52.05285510887621,6.152091014715211,7.529015460338426,-1.3769244456232155,10.936428571428577,0.0161697523443136,338.1,0.0037105191710158,332.72,-0.0214028458404675,331.49,0.0242316258351893,344.91,-0.0035264630449988,341.91,337.584,6.095648447862426,0.32895394995175065,346.87,331.49,337.793,4.993484755159943,0.293220879227562,346.87,331.49,338.152,7.40196033777399,0.26022794329366716,348.31,322.11,314.5832,24.658638295982513,0.23681516502919264,348.31,270.47,2,12,4,1.025781305445404,1.1026335799206615,0.043878109954611666,-0.0034189507556070184,344.61,-0.006515409231124036
2022-12-29,AAPL,346.85,346.85,342.72,344.61,116789654,344.61,-0.006515409231124,339.2765,315.891,272.414,0.259284797259699,352.2573121958007,326.2956878041993,49.70041479957282,6.2056947023572775,7.264351308742197,-1.0586566063849192,10.190714285714288,0.0259390712806861,346.87,0.0161697523443136,338.1,0.0037105191710158,332.72,-0.0178887245948219,338.74,-0.0243631364979088,333.58,338.758,6.887755076940977,0.29533697874288,346.87,331.49,338.896,5.174403239882208,0.2608858218656829,346.87,331.49,339.2765,6.490406097900338,0.25928479725969833,348.31,322.11,315.891,24.478190813662135,0.22525317850736523,348.31,270.47,3,12,4,1.0157202163986727,1.0909142710584,0.011984562258750503,-0.006458123107953152,350.34,0.01662749194741875
2022-12-30,AAPL,351.56,358.39,342.3,350.34,55800927,350.34,0.0166274919474187,340.688,317.3322,273.21065000000004,0.2629867696380036,351.81641521792926,329.5595847820707,51.503480955102205,6.634065743075553,7.138294195608869,-0.504228452533316,10.919285714285715,-0.006515409231124,344.61,0.0259390712806861,346.87,0.0161697523443136,338.1,-0.0214028458404675,331.49,0.0063253192637449,335.69,342.52799999999996,7.071405093750573,0.20100591156294845,350.34,332.72,340.361,6.148120670399373,0.26913832060402015,350.34,331.49,340.688,5.564207608964632,0.26298676963800294,350.34,331.49,317.3322,24.33952142554035,0.2262167472122855,350.34,270.47,4,12,4,1.0283309068677842,1.1040165479547803,0.0459268139520296,-0.0034702468995237144,350.26,-0.00022834960324247255
2023-01-02,AAPL,352.53,357.5,343.02,350.26,50851654,350.26,-0.0002283496032424,341.564,318.82660000000004,274.00105,0.2404387624948415,352.81569161548623,330.3123083845138,55.721153833652295,6.887700424628861,7.088175441412868,-0.20047501678400703,11.33,0.0166274919474187,350.34,-0.006515409231124,344.61,0.0259390712806861,346.87,0.0037105191710158,332.72,0.0100986028776548,339.08,346.03599999999994,5.051626470743612,0.21188563048034226,350.34,338.1,341.479,6.864113522113284,0.26801689763175846,350.34,331.49,341.564,5.625845807743117,0.24043876249484103,350.34,331.49,318.82660000000004,24.01283386534677,0.2240529723492552,350.34,270.47,0,1,1,1.0254593575405326,1.0985908954864536,0.041340718323413114,-0.00643916829771521,349.47,-0.0022554673670985848
2023-01-03,AAPL,348.75,356.67,342.27,349.47,92035532,349.47,-0.0022554673670985,341.958,320.3856,274.7848,0.2235913639895011,353.7523083507749,330.16369164922503,56.09874151685411,6.944904799924245,7.059521313115144,-0.1146165131908985,12.097857142857142,-0.0002283496032424,350.26,0.0166274919474187,350.34,-0.006515409231124,344.61,0.0161697523443136,338.1,-0.006871534741064,336.75,348.31000000000006,2.501629468949215,0.2204707864059673,350.34,344.61,342.75100000000003,7.0660164009002635,0.2640468439633002,350.34,331.49,341.95799999999997,5.89715417538746,0.22359136398950066,350.34,331.49,320.3856,23.401453309130982,0.22021123046110874,350.34,270.47,1,1,1,1.0219676100543869,1.0907793608667469,0.04120525366972509,0.0020645161290264165,354.26,0.013706469797121201
2023-01-04,AAPL,351.82,359.27,349.24,354.26,57071052,354.26,0.0137064697971212,342.4735,322.0614,275.585,0.2271527285336751,355.47397331120146,329.47302668879854,67.69336069562449,7.292687090541165,7.106154468600349,0.18653262194081588,11.959999999999996,-0.0022554673670985,349.47,-0.0002283496032424,350.26,0.0166274919474187,350.34,0.0259390712806861,346.87,0.0242316258351893,344.91,349.788,3.443801678365552,0.16283880454415156,354.26,344.61,343.68600000000004,7.947122749776392,0.24595250512960004,354.26,331.49,342.4735,6.500236655600728,0.2271527285336746,354.26,331.49,322.0614,22.74493233622462,0.2200428133084544,354.26,277.96,2,1,1,1.0344158015115492,1.099976588311732,0.02831253881322097,0.006935364675098239,357.86,0.010162027889121017
2023-01-05,AAPL,359.56,362.5,353.22,357.86,83347656,357.86,0.010162027889121,343.1535,323.6594,276.39865000000003,0.2291581057823627,357.8584097063924,328.44859029360765,68.49657932656517,7.769238035149328,7.2387711819101455,0.530466853239183,11.641428571428564,0.0137064697971212,354.26,-0.0022554673670985,349.47,-0.0002283496032424,350.26,-0.006515409231124,344.61,-0.0178887245948219,338.74,352.438,3.559216205839498,0.13370488274943998,357.86,349.47,345.598,8.871256706666125,0.21873271139783274,357.86,331.49,343.1535,7.35245485319618,0.2291581057823622,357.86,331.49,323.6594,22.38721914988884,0.21439943431797276,357.86,278.44,3,1,1,1.042856913885352,1.1056684897731823,0.02593192868712357,-0.0047280008899634575,349.61,-0.023053708154026742
2023-01-06,AAPL,348.64,353.48,345.75,349.61,65949915,349.61,-0.0230537081540267,343.384,325.0368,277.1341,0.2458505784613156,358.35293259913215,328.4150674008679,58.12625403899112,7.395946176535801,7.270206180835277,0.12573999570052408,11.76214285714285,0.010162027889121,357.86,0.0137064697971212,354.26,-0.0022554673670985,349.47,0.0166274919474187,350.34,-0.0214028458404675,331.49,352.29200000000003,3.6797241744335416,0.22828261660219357,357.86,349.47,347.41,7.39759570551373,0.2245178005915958,357.86,332.72,343.384,7.48446629956608,0.2458505784613151,357.86,331.49,325.0368,21.803710921745086,0.22321798360406567,357.86,278.44,4,1,1,1.0181313048918468,1.0756012857587953,0.022110351534503896,0.0027822395594230298,357.57,0.022768227453447976
2023-01-09,AAPL,358.79,359.82,355.31,357.57,39234767,357.57,0.0227682274534479,343.847,326.6194,277.91865,0.2563400346041995,359.98467882609515,327.7093211739048,64.78273216547916,7.654182513217108,7.347001447311644,0.3071810659054641,11.916428571428566,-0.0230537081540267,349.61,0.010162027889121,357.86,0.0137064697971212,354.26,-0.0002283496032424,350.26,0.0037105191710158,332.72,353.754,4.098857157783014,0.2811977659091032,357.86,349.47,349.895,5.9460262173816805,0.2402700912858453,357.86,338.1,343.847,8.06883941304759,0.25634003460419896,357.86,331.49,326.6194,21.216380311213438,0.2249831147146388,357.86,280.93,0,1,1,1.0399101926117142,1.094760445946889,0.012612914953680058,-0.0034003177345985867,365.17,0.02125457952289067
2023-01-10,AAPL,363.49,368.66,361.67,365.17,32780683,365.17,0.0212545795228906,344.9495,328.3042,278.74885,0.257900122422839,363.6822402384585,326.2167597615415,64.50042941736322,8.375545084540477,7.5527101747574115,0.8228349097830652,11.819285714285712,0.0227682274534479,357.57,-0.0230537081540267,349.61,0.010162027889121,357.86,-0.0022554673670985,349.47,0.0161697523443136,338.1,356.89400000000006,5.698177778896164,0.29599411986783775,365.17,349.61,352.602,6.138423250315355,0.24677484544254052,365.17,344.61,344.9495,9.366370119229254,0.2579001224228384,365.17,331.49,328.3042,20.855824233264418,0.22774183402603781,365.17,286.99,1,1,1,1.0586187253465837,1.1122915881030087,0.019141769586715412,0.004621860298757559,361.88,-0.009009502423528826
2023-01-11,AAPL,358.85,365.47,358.29,361.88,87592934,361.88,-0.0090095024235288,345.948,329.802,279.5715,0.2605303503074641,366.0755517898249,325.8204482101751,67.27381306446951,8.582817240596796,7.758731587925289,0.8240856526715072,11.769999999999998,0.0212545795228906,365.17,0.0227682274534479,357.57,-0.0230537081540267,349.61,0.0137064697971212,354.26,0.0259390712806861,346.87,358.418,5.834943872900959,0.31631599944749667,365.17,349.61,354.103,6.410214158323215,0.23718365007674447,365.17,344.61,345.948,10.063775894912439,0.2605303503074635,365.17,331.49,329.80199999999996,20.51460694137283,0.2268927059456647,365.17,288.74,2,1,1,1.0460531640563147,1.0972644192542882,0.01984083121471252,0.008443639403626944,364.16,0.006300431082126856
2023-01-12,AAPL,367.74,369.5,358.81,364.16,63905378,364.16,0.0063004310821268,347.477,331.2632,280.41345,0.2397718177850102,368.2831975584571,326.67080244154283,76.34252538189335,8.829280414252366,7.972841353190705,0.8564390610616615,11.755714285714285,-0.0090095024235288,361.88,0.0212545795228906,365.17,0.0227682274534479,357.57,0.010162027889121,357.86,-0.006515409231124,344.61,359.678,6.3424656088861235,0.31307447854217113,365.17,349.61,356.058,6.170031154253286,0.2293474340559691,365.17,349.47,347.477,10.40309877922856,0.2397718177850097,365.17,331.49,331.2632,20.302547285637626,0.2258644441609845,365.17,288.74,3,1,1,1.0480118108506522,1.0993071370405791,0.02935522847092114,-0.009735138956845187,366.99,0.007771309314587027
2023-01-13,AAPL,364.47,374.31,359.67,366.99,64122204,366.99,0.007771309314587,349.04200000000003,332.774,281.2785,0.2399723976827266,370.8019541408056,327.2820458591945,76.93758841255897,9.147514747865614,8.207776032125686,0.939738715739928,11.949285714285711,0.0063004310821268,364.16,-0.0090095024235288,361.88,0.0212545795228906,365.17,-0.0230537081540267,349.61,0.0166274919474187,350.34,363.15400000000005,3.626131547517251,0.20538030962103299,366.99,357.57,357.723,6.680938141043961,0.22163300252197635,366.99,349.47,349.04200000000003,10.879977070402754,0.2399723976827261,366.99,331.49,332.774,20.0889173426503,0.22583958473080928,366.99,288.74,4,1,1,1.0514207459244118,1.1028205328508152,0.039892095152347734,0.006914149312681613,368.55,0.004250797024442088
2023-01-16,AAPL,372.15,373.89,363.22,368.55,105675404,368.55,0.004250797024442,350.51550000000003,334.37020000000007,282.1336,0.2390834986691942,373.3973507486531,327.633649251347,75.46412441785422,9.417042903854735,8.449629406471496,0.9674134973832391,11.528571428571423,0.007771309314587,366.99,0.0063004310821268,364.16,-0.0090095024235288,361.88,0.0227682274534479,357.57,-0.0002283496032424,350.26,365.35,2.5699708169350086,0.17101244694759216,368.55,361.88,359.552,6.910455524461953,0.21995487112834536,368.55,349.47,350.51550000000003,11.440925374326525,0.2390834986691937,368.55,331.49,334.37020000000007,19.685383419359187,0.2235515737490213,368.55,291.88,0,1,1,1.0514513623475954,1.1022214300164839,0.028951295617883618,-0.00967351874241648,365.65,-0.007868674535341347
2023-01-17,AAPL,369.14,369.14,363.39,365.65,127919805,365.65,-0.0078686745353413,351.9605,335.8456,282.95255000000003,0.2397258824395546,374.8322444390153,329.08875556098474,67.41468840979587,9.289555927448987,8.617614710666995,0.6719412167819918,10.76928571428571,0.004250797024442,368.55,0.007771309314587,366.99,0.0063004310821268,364.16,0.0212545795228906,365.17,-0.0022554673670985,349.47,365.446,2.57053107351331,0.12818797628014852,368.55,361.88,361.16999999999996,6.138667969882011,0.22696784475819906,368.55,349.61,351.9605,11.43587221950763,0.23972588243955412,368.55,331.49,335.8456,19.19415846085057,0.2249696755103138,368.55,293.7,1,1,1,1.0388949896336692,1.0887443515678372,0.01572542048402646,-0.009454407541828452,362.1,-0.009708737864077555
2023-01-18,AAPL,364.23,370.85,353.36,362.1,71737150,362.1,-0.0097087378640775,352.82,337.2136,283.76205000000004,0.2323326522478127,375.8674540208136,329.7725459791864,65.83952180906083,8.80061820032256,8.654215408598109,0.14640279172445148,11.722142857142854,-0.0078686745353413,365.65,0.004250797024442,368.55,0.007771309314587,366.99,-0.0090095024235288,361.88,0.0137064697971212,354.26,365.49,2.4950050099944554,0.13143827533516075,368.55,362.1,361.954,5.638355158102374,0.23114271346322648,368.55,349.61,352.82,11.52372701040678,0.2323326522478123,368.55,331.49,337.2136,18.55595011672876,0.2272153825389231,368.55,297.77,2,1,1,1.0263023638086666,1.0738001077030292,0.048301574150653705,-0.005847953216358201,362.09,-2.7616680475128774e-05
2023-01-19,AAPL,363.24,370.72,353.45,362.09,69810690,362.09,-2.761668047512877e-05,353.9875,338.5,284.58355,0.2198200760503419,376.3884152773399,331.5865847226601,61.871085050188015,8.316457665390715,8.58666385995663,-0.2702061945659153,11.806428571428572,-0.0097087378640775,362.1,-0.0078686745353413,365.65,0.004250797024442,368.55,0.0063004310821268,364.16,0.010162027889121,357.86,365.07599999999996,2.9083638011600135,0.11995633371305814,368.55,362.09,362.377,5.452703814521708,0.22704538425079782,368.55,349.61,353.9875,11.200457638669953,0.21982007605034146,368.55,331.49,338.5,17.98646736196678,0.22634694452537812,368.55,300.73,3,1,1,1.0228892263115987,1.0696898079732062,0.047695324366738505,-0.0031659508864576263,368.64,0.018089425281007543
2023-01-20,AAPL,369.21,376.27,361.0,368.64,97717811,368.64,0.0180894252810075,355.845,339.8582,285.43045,0.20483731264763,376.48276252660776,335.2072374733923,66.42244458667057,8.364862287134827,8.542303545392269,-0.17744125825744206,11.862857142857141,-2.761668047512877e-05,362.09,-0.0097087378640775,362.1,-0.0078686745353413,365.65,0.007771309314587,366.99,-0.0230537081540267,349.61,365.406,3.253018598148119,0.17694710940211705,368.64,362.09,364.28,3.457722436005376,0.19537187332856695,368.64,357.57,355.845,10.318881263303862,0.2048373126476296,368.64,332.72,339.8582,17.636782492668758,0.22817538660867234,368.64,303.26,4,1,1,1.0359566665232447,1.0846876726791213,0.041422526041554254,-0.0015438368408180964,371.78,0.00851779513888884
2023-01-23,AAPL,374.5,381.01,362.55,371.78,46490705,371.78,0.0085177951388888,357.798,341.1818,286.30095,0.2050208308629648,376.5258645198288,339.0701354801712,69.13050932999775,8.557944400613792,8.545431716436575,0.012512684177217182,12.152857142857139,0.0180894252810075,368.64,-2.761668047512877e-05,362.09,-0.0097087378640775,362.1,0.004250797024442,368.55,0.0227682274534479,357.57,366.052,4.212632193759237,0.18440218154359553,371.78,362.09,365.701,3.3105234564289003,0.17150231183910583,371.78,361.88,357.798,9.363932259914417,0.20502083086296438,371.78,338.1,341.1818,17.496081157715842,0.22674329198542956,371.78,303.26,0,1,1,1.0390779154689542,1.089682978397178,0.04965302060344916,-0.007263017356455979,369.84,-0.005218139760073126
2023-01-24,AAPL,368.29,375.72,363.97,369.84,87469298,369.84,-0.0052181397600731,359.385,342.5134,287.152,0.2045137877832746,376.3841238164114,342.3858761835885,64.04615937799048,8.456935294073219,8.527732431963905,-0.0707971378906862,12.275714285714283,0.0085177951388888,371.78,0.0180894252810075,368.64,-2.761668047512877e-05,362.09,-0.0078686745353413,365.65,0.0212545795228906,365.17,366.89,4.518329337254623,0.17643433094350752,371.78,362.09,366.168,3.5481538235490695,0.14639028199820325,371.78,361.88,359.385,8.499561908205713,0.20451378778327423,371.78,344.61,342.5134,17.07970601596128,0.22616227621230248,371.78,309.42,1,1,1,1.0290913644113442,1.0797825720071688,0.03177049534925436,0.004208639930478009,374.28,0.0120051914341337
2023-01-25,AAPL,374.03,383.35,365.2,374.28,99761368,374.28,0.0120051914341337,360.7555,343.8106,288.02185000000003,0.1907243669859507,377.9251114353665,343.5858885646335,64.58259323438438,8.635609808389574,8.54930790724904,0.08630190114053526,12.909285714285716,-0.0052181397600731,369.84,0.0085177951388888,371.78,0.0180894252810075,368.64,-0.0097087378640775,362.1,-0.0090095024235288,361.88,369.32599999999996,4.573257045027444,0.1481670322404756,374.28,362.09,367.408,4.018653174055139,0.1428810296251304,374.28,362.09,360.7555,8.584805717683244,0.19072436698595044,374.28,344.61,343.81059999999997,16.97772182620475,0.22385231924406682,374.28,310.44,2,1,1,1.0374893799234177,1.0886226311780711,0.04849310676485931,0.000668395583240199,358.74,-0.041519717858287786
2023-01-26,AAPL,359.6,361.08,356.41,358.74,105016629,358.74,-0.0415197178582877,361.462,344.77660000000003,288.8362,0.2479225894384618,376.9109387814517,346.0130612185483,57.17880168579173,7.437527336034748,8.326951793006181,-0.8894244569714331,13.320714285714283,0.0120051914341337,374.28,-0.0052181397600731,369.84,0.0085177951388888,371.78,-2.761668047512877e-05,362.09,0.0063004310821268,364.16,368.656,5.939653188519835,0.37914959707109286,374.28,358.74,366.866,4.7957532139278305,0.26514957189732047,374.28,358.74,361.462,7.724469390725859,0.2479225894384614,374.28,349.47,344.77660000000003,16.40466653493066,0.24599921789191856,374.28,317.17,3,1,1,0.992469471200313,1.0404998483045529,0.01301778446782333,-0.0023915461623960567,365.1,0.01772871717678548
2023-01-27,AAPL,364.45,369.6,360.6,365.1,36867321,365.1,0.0177287171767854,362.2,345.6714,289.659,0.2488060206215983,376.7986617987795,347.60133820122047,56.07356023898969,6.9214510134087845,8.045851637086702,-1.1244006236779178,13.367142857142856,-0.0415197178582877,358.74,0.0120051914341337,374.28,-0.0052181397600731,369.84,0.0180894252810075,368.64,0.007771309314587,366.99,367.948,6.149318661436783,0.37797482084672573,374.28,358.74,366.677,4.827460915315541,0.2791069170204389,374.28,358.74,362.2,7.299330899389748,0.24880602062159785,374.28,349.47,345.6714,16.26526159440782,0.23937603859230402,374.28,317.17,4,1,1,1.008006626170602,1.0562054020059046,0.02465078060798507,0.0017835093977177957,355.82,-0.025417693782525452
2023-01-30,AAPL,355.3,359.2,352.43,355.82,58996877,355.82,-0.0254176937825254,362.478,346.4444,290.4077,0.2674145848307369,376.31098514038416,348.64501485961574,42.65745248001876,5.697955877295442,7.576272485128451,-1.8783166078330087,13.479999999999999,0.0177287171767854,365.1,-0.0415197178582877,358.74,0.0120051914341337,374.28,0.0085177951388888,371.78,0.004250797024442,368.55,364.756,7.62752122251382,0.39652029372960085,374.28,355.82,365.404,5.849030688927064,0.3039680505229999,374.28,355.82,362.47799999999995,6.916492570192092,0.2674145848307364,374.28,349.47,346.4444,15.794707090714164,0.24601423044457985,374.28,320.0,0,1,1,0.9816319886972957,1.0270623511275487,0.019026474059864414,0.0014635519279440424,354.01,-0.005086841661514296
2023-01-31,AAPL,352.8,357.16,350.85,354.01,56301508,354.01,-0.0050868416615142,362.705,347.01160000000004,291.1564,0.2680491579958317,375.7666989303352,349.64330106966486,43.67261616640269,4.530055632451138,6.967029114592989,-2.436973482141851,13.417857142857141,-0.0254176937825254,355.82,0.0177287171767854,365.1,-0.0415197178582877,358.74,-0.0052181397600731,369.84,-0.0078686745353413,365.65,361.59000000000003,8.249666659926485,0.3965895190071667,374.28,354.01,364.24,6.86467770547248,0.30312769990847965,374.28,354.01,362.70500000000004,6.530849465167606,0.2680491579958311,374.28,349.61,347.01160000000004,15.539883691414177,0.2401412470979216,374.28,320.0,1,1,1,0.9760273500476254,1.0201676255173595,0.0178243552441518,0.0034297052154097217,348.23,-0.016327222394847518
2023-02-01,AAPL,348.67,350.95,345.51,348.23,83261096,348.23,-0.0163272223948475,362.4035,347.44160000000005,291.8818,0.2700357411870795,376.5216291066854,348.2853708933146,37.8748667905275,3.102326886405592,6.1940886689555095,-3.0917617825499173,13.261428571428569,-0.0050868416615142,354.01,-0.0254176937825254,355.82,0.0177287171767854,365.1,0.0120051914341337,374.28,-0.0097087378640775,362.1,356.38,6.2040510958492945,0.3531135112370728,365.1,348.23,362.853,8.541513071790432,0.3089549050058047,374.28,348.23,362.4035,7.0590645533426954,0.270035741187079,374.28,348.23,347.44160000000005,15.262203195055745,0.24352197574926512,374.28,320.0,2,2,1,0.9608902783749029,1.0022691583247305,0.01562185911605656,-0.0012619382223843054,341.65,-0.018895557533814
2023-02-02,AAPL,344.04,347.61,335.68,341.65,96962515,341.65,-0.018895557533814,361.593,347.80140000000006,292.56960000000004,0.2741727033735344,378.4121846601117,344.77381533988824,31.75403225166249,1.4234815510546923,5.239967245375346,-3.8164856943206535,13.112142857142857,-0.0163272223948475,348.23,-0.0050868416615142,354.01,-0.0254176937825254,355.82,-0.0415197178582877,358.74,-2.761668047512877e-05,362.09,352.962,8.760003995427894,0.2690588278796304,365.1,341.65,360.809,10.872098284651544,0.3170441539621728,374.28,341.65,361.59299999999996,8.409592330055847,0.2741727033735339,374.28,341.65,347.80140000000006,14.897823976148745,0.2466003715858225,374.28,320.0,3,2,1,0.9448468305499695,0.9823134696956873,0.034918776525582,-0.00694686664339349,347.76,0.01788379920971761
2023-02-03,AAPL,345.69,354.94,340.59,347.76,145577821,347.76,0.0178837992097176,361.5005,348.32800000000003,293.28245,0.2713139128106142,378.6149266321348,344.38607336786515,35.95080415592227,0.5793322820356366,4.307840252707405,-3.7285079706717683,13.375000000000004,-0.018895557533814,341.65,-0.0163272223948475,348.23,-0.0050868416615142,354.01,0.0177287171767854,365.1,0.0180894252810075,368.64,349.494,5.624618209257983,0.27005160959306557,355.82,341.65,358.721,11.201076783556289,0.31661511821039007,374.28,341.65,361.5005,8.557213316067426,0.2713139128106138,374.28,341.65,348.32800000000003,14.403796551668698,0.24868313261858882,374.28,320.0,4,2,1,0.9619903706883891,0.9983693530207207,0.041264090177015066,0.005988023952078467,345.45,-0.0066425120772947155
2023-02-06,AAPL,348.45,351.17,339.73,345.45,65630494,345.45,-0.0066425120772947,360.8945,348.83700000000005,293.9732,0.2581654858027656,379.3969441912952,342.3920558087048,36.23978200943657,-0.27291380944132015,3.39168944027766,-3.66460324971898,13.781428571428576,0.0178837992097176,347.76,-0.018895557533814,341.65,-0.0163272223948475,348.23,-0.0254176937825254,355.82,0.0085177951388888,371.78,347.41999999999996,4.510365838811636,0.2306528124073256,354.01,341.65,356.088,10.880319439755645,0.3066321875721132,374.28,341.65,360.8945,9.251222095647593,0.2581654858027653,374.28,341.65,348.83700000000005,13.820165427693022,0.24901046256381512,374.28,322.11,0,2,1,0.957204944932779,0.9902905941715175,0.03311622521339378,-0.008609556607809989,347.37,0.005557967867998226
2023-02-07,AAPL,348.68,350.12,344.61,347.37,65562090,347.37,0.0055579678679982,360.0045,349.3414,294.64149999999995,0.2454373186394497,379.3349085234528,340.67409147654723,39.738052103158246,-0.7843554616304118,2.5564804598960458,-3.3408359215264576,12.925714285714289,-0.0066425120772947,345.45,0.0178837992097176,347.76,-0.018895557533814,341.65,-0.0050868416615142,354.01,-0.0052181397600731,369.84,346.092,2.698614459295845,0.24471717264704637,348.23,341.65,353.841,10.010150903514164,0.313232876956163,374.28,341.65,360.0045,9.6652042617264,0.24543731863944943,374.28,341.65,349.3414,13.275792610175593,0.24890261868509378,374.28,322.11,1,2,1,0.9649046053564194,0.994356809696777,0.015862049111852287,-0.0037570264999318725,347.24,-0.00037424072314817813
2023-02-08,AAPL,349.48,354.61,339.87,347.24,126709294,347.24,-0.0003742407231481,359.2725,349.79040000000003,295.3116,0.2442553136090026,379.3963574046199,339.14864259538007,39.6717206766532,-1.1864894573724882,1.8078864764423392,-2.9943759338148275,12.745000000000001,0.0055579678679982,347.37,-0.0066425120772947,345.45,0.0178837992097176,347.76,-0.0163272223948475,348.23,0.0120051914341337,374.28,345.89399999999995,2.5338172783215507,0.2174873741996986,347.76,341.65,351.137,7.106588570553854,0.29907388441304017,365.1,341.65,359.2725,10.061928702309949,0.24425531360900232,374.28,341.65,349.79040000000003,12.799594534387372,0.24848322075919657,374.28,322.11,2,2,1,0.9665087085681023,0.9927087764530053,0.042449026609715355,-0.006409522719450611,349.85,0.007516415159543932
2023-02-09,AAPL,350.24,356.05,343.65,349.85,90076328,349.85,0.0075164151595439,358.557,350.345,296.0071,0.2448374591891488,378.9647530158827,338.1492469841173,36.17365709335646,-1.279825329166215,1.1903441153206284,-2.470169444486843,12.540000000000004,-0.0003742407231481,347.24,0.0055579678679982,347.37,-0.0066425120772947,345.45,-0.018895557533814,341.65,-0.0415197178582877,358.74,347.534,1.5709328438601762,0.14567453687539994,349.85,345.45,350.24800000000005,6.586855260459127,0.23684832397441652,365.1,341.65,358.557,10.203876507941334,0.24483745918914857,374.28,341.65,350.345,12.161015708444964,0.24784157060316697,374.28,322.11,3,2,1,0.9757165527350583,0.9985871069916836,0.03544376161201827,-0.001113522156232506,350.37,0.0014863512934113476
2023-02-10,AAPL,352.33,354.84,345.9,350.37,132832274,350.37,0.0014863512934113,357.726,350.9102,296.7264,0.2425544786090495,378.0412163867748,337.4107836132252,33.61395988870973,-1.2968853389286323,0.6928982244707762,-1.9897835633994085,11.860000000000005,0.0075164151595439,349.85,-0.0003742407231481,347.24,0.0055579678679982,347.37,0.0178837992097176,347.76,0.0177287171767854,365.1,348.05600000000004,2.0310539135921286,0.08784121139199362,350.37,345.45,348.775,4.058128331579946,0.21078786822600698,355.82,341.65,357.726,10.157608193387398,0.24255447860904922,374.28,341.65,350.9102,11.458387622077527,0.24780818581751604,374.28,331.49,4,2,1,0.979436775630009,0.998460574810882,0.025515883209106038,-0.005562966537037484,343.81,-0.0187230641892856
2023-02-13,AAPL,340.48,350.16,337.46,343.81,89793971,343.81,-0.0187230641892856,356.489,351.13160000000005,297.42385,0.248093132886394,377.04063346048486,335.9373665395151,31.393852745682462,-1.8187769666464533,0.19056318624733032,-2.0093401528937838,11.94285714285715,0.0014863512934113,350.37,0.0075164151595439,349.85,-0.0003742407231481,347.24,-0.0066425120772947,345.45,-0.0254176937825254,355.82,347.728,2.607684796887516,0.16576776464997783,350.37,343.81,347.574,3.477081151389769,0.19375936798034413,354.01,341.65,356.489,10.27581673024243,0.2480931328863938,374.28,341.65,351.13160000000005,11.204266199133462,0.2414432594763411,374.28,331.49,0,2,1,0.9644336851881421,0.9791485585433519,0.03693900700957828,0.009780310150347167,349.1,0.015386405281987203
2023-02-14,AAPL,351.33,352.66,345.54,349.1,50359132,349.1,0.0153864052819872,355.6615,351.2818,298.1479,0.2560811901869072,375.9915868820319,335.33141311796805,32.217514117923145,-1.7849453135291355,-0.2045385137079629,-1.5804067998211726,11.278571428571436,-0.0187230641892856,343.81,0.0014863512934113,350.37,0.0075164151595439,349.85,0.0055579678679982,347.37,-0.0050868416615142,354.01,348.07399999999996,2.662504460074732,0.20088304112097716,350.37,343.81,347.08299999999997,2.734686859996782,0.21476988778741615,350.37,341.65,355.6615,10.165043441015973,0.256081190186907,374.28,341.65,351.2818,11.123793892878838,0.2365373493583607,374.28,331.49,1,2,1,0.9815512783897569,0.9937890320506393,0.02039530220561332,-0.0063473087979780095,346.65,-0.007018046405041667
2023-02-15,AAPL,343.46,350.77,342.52,346.65,46935545,346.65,-0.0070180464050416,354.889,351.3358,298.83145,0.2552098052189716,375.36261218224246,334.4153878177576,39.525212258649226,-1.9335393709040432,-0.550338685147179,-1.3832006857568642,10.591428571428581,0.0153864052819872,349.1,-0.0187230641892856,343.81,0.0014863512934113,350.37,-0.0003742407231481,347.24,-0.0163272223948475,348.23,347.956,2.721135792259919,0.2092317594919024,350.37,343.81,346.925,2.7065527480163136,0.20120367806874567,350.37,341.65,354.889,10.23680609112122,0.2552098052189713,374.28,341.65,351.3358,11.093989196205944,0.23667649186097026,374.28,331.49,2,2,1,0.9767842902964678,0.9866629019844073,0.023799221116331173,0.009287835555787312,338.76,-0.022760709649502386
2023-02-16,AAPL,341.4,346.67,330.85,338.76,43009530,338.76,-0.0227607096495023,353.7225,351.22579999999994,299.48335000000003,0.2653709204594521,375.1068404338051,332.33815956619486,27.768399723349816,-2.657326289122011,-0.9717362059421455,-1.6855900831798656,10.945714285714294,-0.0070180464050416,346.65,0.0153864052819872,349.1,-0.0187230641892856,343.81,0.0075164151595439,349.85,-0.018895557533814,341.65,345.738,4.636806012754995,0.2455072558976796,350.37,338.76,346.63599999999997,3.3982878041768183,0.21181730652954692,350.37,338.76,353.72249999999997,10.692170216902554,0.2653709204594518,374.28,338.76,351.22579999999994,11.192409981031497,0.24224562048183929,374.28,331.49,3,2,1,0.9576998918616777,0.9645077326296518,0.04669972842116334,-0.0077328646748455005,336.7,-0.0060810012988546935
2023-02-17,AAPL,340.02,340.34,333.06,336.7,104255786,336.7,-0.0060810012988546,352.1255,351.05979999999994,300.1211,0.2532568599315377,373.5895610029008,330.66143899709914,31.62245289421928,-3.3584433755990517,-1.4490776398735268,-1.909365735725525,10.560714285714292,-0.0227607096495023,338.76,-0.0070180464050416,346.65,0.0153864052819872,349.1,0.0014863512934113,350.37,0.0178837992097176,347.76,343.004,5.2167068155996885,0.23603213240761345,349.1,336.7,345.53000000000003,4.584558624098386,0.18522134997119927,350.37,336.7,352.1255,10.732030501450417,0.2532568599315375,374.28,336.7,351.05979999999994,11.347113719132377,0.242538293646746,374.28,331.49,4,2,1,0.9561931754418348,0.9590958577400231,0.021621621621557327,-0.00976413152164646,344.49,0.0231363231363233
2023-02-20,AAPL,343.07,349.45,339.53,344.49,128697586,344.49,0.0231363231363233,350.761,350.9834,300.7977,0.2680308456234621,370.3521762092676,331.1698237907325,41.79310343818791,-3.2480542738292684,-1.8088729666646752,-1.4391813071645931,11.020714285714291,-0.0060810012988546,336.7,-0.0227607096495023,338.76,-0.0070180464050416,346.65,-0.0187230641892856,343.81,-0.0066425120772947,345.45,343.14,5.251718766263489,0.29430991758155606,349.1,336.7,345.434,4.596455639344469,0.2255106105454461,350.37,336.7,350.761,9.795588104633774,0.26803084562346186,374.28,336.7,350.9834,11.378821647317126,0.24725959825507507,374.28,331.49,0,2,1,0.9821217296079606,0.9814994099408078,0.028796191471367007,0.004139096977281246,349.03,0.013178902145200011
2023-02-21,AAPL,347.0,356.98,341.07,349.03,167632065,349.03,0.0131789021452,349.7205,351.1016,301.4778,0.2744970471156382,367.1346666164875,332.30633338351254,50.7047216224477,-2.7623869801482215,-1.9995757693613845,-0.762811210786837,11.550000000000008,0.0231363231363233,344.49,-0.0060810012988546,336.7,-0.0227607096495023,338.76,0.0153864052819872,349.1,0.0055579678679982,347.37,343.12600000000003,5.231914563515346,0.2876324237100384,349.03,336.7,345.6,4.702885638982774,0.2340311177136703,350.37,336.7,349.7205,8.707083308243737,0.274497047115638,374.28,336.7,351.10159999999996,11.326045180396886,0.2466512268464983,374.28,331.49,1,2,1,0.9980255661278133,0.9940997135843467,0.045583474199794985,0.005850144092202083,347.32,-0.004899292324441973
2023-02-22,AAPL,349.17,353.98,340.67,347.32,112086261,347.32,-0.0048992923244419,348.3725,351.2098,302.10785,0.2689489642566412,361.4044766646852,335.3405233353148,55.4634804244269,-2.486808479627257,-2.097022311414559,-0.38978616821269796,11.604285714285721,0.0131789021452,349.03,0.0231363231363233,344.49,-0.0060810012988546,336.7,-0.0070180464050416,346.65,-0.0003742407231481,347.24,343.26,5.35193890098942,0.2847117583093353,349.03,336.7,345.608,4.706052367845683,0.23564175007969057,350.37,336.7,348.3725,6.515988332342591,0.26894896425664094,365.1,336.7,351.2098,11.2621048690488,0.24678456721447603,374.28,331.49,2,2,1,0.9969788085999987,0.9889245687307447,0.038322008522289765,-0.005298278775366511,345.62,-0.00489462167453647
2023-02-23,AAPL,343.92,347.78,343.47,345.62,127378384,345.62,-0.0048946216745364,347.7165,351.45059999999995,302.7378,0.2288859760476176,359.8403213100212,335.5926786899788,47.746419530993066,-2.3781722358614843,-2.153252296303944,-0.22491993955754008,10.887142857142859,-0.0048992923244419,347.32,0.0131789021452,349.03,0.0231363231363233,344.49,-0.0227607096495023,338.76,0.0075164151595439,349.85,344.63199999999995,4.756066652174072,0.2115468955014784,349.03,336.7,345.185,4.466401111510921,0.2329583516726879,350.37,336.7,347.7165,6.061910655010589,0.22888597604761748,365.1,336.7,351.45059999999995,11.003201836414757,0.24051517513515183,374.28,331.49,3,2,1,0.9939706628791157,0.9834099017017375,0.012470343151401758,0.004943010002311717,344.08,-0.00445576066199882
2023-02-24,AAPL,346.59,346.81,341.34,344.08,63435275,344.08,-0.0044557606619988,346.66549999999995,351.61840000000007,303.3677,0.2170713447513927,355.69334575337894,337.63765424662097,48.53350458832222,-2.388805694610653,-2.200362975965286,-0.188442718645367,10.460714285714289,-0.0048946216745364,345.62,-0.0048992923244419,347.32,0.0131789021452,349.03,-0.0060810012988546,336.7,0.0014863512934113,350.37,346.108,2.0600898038485,0.2068883560698804,349.03,344.08,344.556,4.081381029887834,0.23300742906514285,349.1,336.7,346.66549999999995,4.5139228766894846,0.2170713447513927,355.82,336.7,351.61840000000007,10.820401622173081,0.24046438337631226,374.28,331.49,4,2,1,0.9925418018205086,0.9785608489175236,0.015897465705603728,-0.007241986208467496,355.08,0.03196930946291565
2023-02-27,AAPL,352.26,356.91,352.26,355.08,50373251,355.08,0.0319693094629156,346.6285,351.93839999999994,304.03505,0.2330104691126892,355.50313630089244,337.7538636991075,56.90984045892204,-1.4924210176237125,-2.0587745842969714,0.5663535666732589,10.983571428571436,-0.0044557606619988,344.08,-0.0048946216745364,345.62,-0.0048992923244419,347.32,0.0231363231363233,344.49,-0.0187230641892856,343.81,348.226,4.255147470995349,0.2599484571197457,355.08,344.08,345.683,5.243152253708895,0.26601101496336854,355.08,336.7,346.6285,4.437318150446244,0.23301046911268905,355.08,336.7,351.93839999999994,10.677675234243772,0.24973818063655695,374.28,331.49,0,2,1,1.0243820112857875,1.0089265621455092,0.01309564041902371,0.008005450519479896,357.24,0.006083136194660499
2023-02-28,AAPL,354.57,363.54,350.95,357.24,112399373,357.24,0.0060831361946604,346.79,352.3482,304.7014,0.2331509826373903,356.3233409397293,337.25665906027075,58.64752679313272,-0.600809991293545,-1.7671816656962862,1.1663716744027413,10.830000000000009,0.0319693094629156,355.08,-0.0044557606619988,344.08,-0.0048946216745364,345.62,0.0131789021452,349.03,0.0153864052819872,349.1,349.868,5.906565838109007,0.252691688449518,357.24,344.08,346.49699999999996,6.3480374044980215,0.2582157658603262,357.24,336.7,346.79,4.76667046986463,0.23315098263739018,357.24,336.7,352.3482,10.4741151669452,0.24931957274995584,374.28,331.49,1,2,1,1.0301335101905185,1.0138834255403777,0.035242414063276196,0.007530247905893014,359.68,0.0068301422013212765
2023-03-01,AAPL,363.12,364.7,354.66,359.68,94547176,359.68,0.0068301422013212,347.3625,352.6436,305.3481,0.2252666877182891,358.50015708138784,336.2248429186122,58.52558541510218,0.29923636826765687,-1.3538980589034977,1.6531344271711546,10.661428571428575,0.0060831361946604,357.24,0.0319693094629156,355.08,-0.0044557606619988,344.08,-0.0048992923244419,347.32,-0.0070180464050416,346.65,352.34,7.049453879550786,0.23771985881787805,359.68,344.08,347.8,7.597281677607191,0.2533462779700565,359.68,336.7,347.3625,5.568828540693919,0.22526668771828887,359.68,336.7,352.6436,10.46833198415255,0.24409533361606256,374.28,331.49,2,3,1,1.0354600741270705,1.0199532899476413,0.02791370106753795,-0.009473452302243127,365.4,0.015903024911031904
2023-03-02,AAPL,366.67,368.21,362.59,365.4,83513173,365.4,0.0159030249110319,348.55,353.1768,306.0129,0.2167453030242336,361.95652472725806,335.143475272742,61.957040558991245,1.457287090222792,-0.7916610290782398,2.2489481193010317,10.632142857142858,0.0068301422013212,359.68,0.0060831361946604,357.24,0.0319693094629156,355.08,-0.0048946216745364,345.62,-0.0227607096495023,338.76,356.296,7.841152976438425,0.2164763881795005,365.4,344.08,350.46400000000006,8.670112391941974,0.21053254043448696,365.4,336.7,348.55,6.703262363629033,0.21674530302423325,365.4,336.7,353.1768,10.424571921902631,0.2424623953830773,374.28,331.49,3,3,1,1.0483431358455075,1.0346092948318388,0.015380405035535371,-0.0034636048763099655,366.84,0.003940886699507429
2023-03-03,AAPL,369.38,375.7,357.98,366.84,93407834,366.84,0.0039408866995074,349.504,353.88380000000006,306.69075,0.2099789354268809,365.1946843297627,333.81331567023733,69.94630173256107,2.4628563214956785,-0.14075755896345615,2.6036138804591347,10.975714285714284,0.0159030249110319,365.4,0.0068301422013212,359.68,0.0060831361946604,357.24,-0.0044557606619988,344.08,-0.0060810012988546,336.7,360.848,5.1057927885788414,0.18379927543436816,366.84,355.08,353.47799999999995,8.59212404214303,0.197822245501841,366.84,344.08,349.504,7.845342164881351,0.20997893542688065,366.84,336.7,353.88380000000006,10.117963998216538,0.23668715506010518,374.28,332.72,4,3,1,1.0496017212934627,1.0366114526829522,0.0483044379019509,-0.006876387460049662,365.54,-0.003543779304328698
2023-03-06,AAPL,364.25,371.24,359.84,365.54,91040169,365.54,-0.0035437793043286,350.5085,354.5402,307.3514,0.2084214988244045,367.6148328070244,333.4021671929757,65.29586898187306,3.118925020396091,0.5111789569084533,2.607746063487638,11.157857142857141,0.0039408866995074,366.84,0.0159030249110319,365.4,0.0068301422013212,359.68,0.0319693094629156,355.08,0.0231363231363233,344.49,362.93999999999994,4.217202864447149,0.11054343138316107,366.84,357.24,355.58299999999997,8.723014323552702,0.18833886762229315,366.84,344.08,350.5085,8.553166403512158,0.20842149882440422,366.84,336.7,354.54019999999997,9.775755201257851,0.23699935231740918,374.28,336.7,0,3,1,1.0428848373119544,1.0310255367345338,0.031186737429471048,0.003541523678782372,364.59,-0.002598894785796446
2023-03-07,AAPL,365.87,368.17,361.0,364.59,133693969,364.59,-0.0025988947857964,351.3695,355.07,307.98735,0.209058185133472,369.51272257104745,333.22627742895247,67.17075036484705,3.5216121774218436,1.1132656010111315,2.408346576410712,11.080714285714285,-0.0035437793043286,365.54,0.0039408866995074,366.84,0.0159030249110319,365.4,0.0060831361946604,357.24,0.0131789021452,349.03,364.40999999999997,2.764380581595013,0.12552228113350203,366.84,359.68,357.139,8.811556111784551,0.18818000257192072,366.84,344.08,351.36949999999996,9.071611285523732,0.2090581851334717,366.84,336.7,355.07,9.582496798735534,0.23496221351619367,374.28,336.7,1,3,1,1.037625633411444,1.0268116146083115,0.01966592610872583,-0.0034985103998593247,364.32,-0.0007405578869414953
2023-03-08,AAPL,365.0,369.79,358.85,364.32,134292582,364.32,-0.0007405578869414,352.2235,355.4189999999999,308.60685,0.2091291090668773,371.1397411699419,333.3072588300581,78.64186461001827,3.7754370192235456,1.6456998846536144,2.129737134569931,10.732142857142858,-0.0025988947857964,364.59,-0.0035437793043286,365.54,0.0039408866995074,366.84,0.0068301422013212,359.68,-0.0048992923244419,347.32,365.33799999999997,0.9869751769413924,0.12667369838954806,366.84,364.32,358.83900000000006,8.333637927767658,0.1835049402424071,366.84,344.08,352.2235,9.458120584970928,0.209129109066877,366.84,336.7,355.4189999999999,9.595513885900601,0.22829891632635876,374.28,336.7,2,3,1,1.034343250802305,1.0250436808357883,0.03002854633281173,-0.0018630136986250516,364.24,-0.0002195871761089263
2023-03-09,AAPL,364.99,371.01,357.47,364.24,99455944,364.24,-0.0002195871761089,352.943,355.81160000000006,309.21635000000003,0.2084627335552908,372.5607901003261,333.3252098996739,82.29362098611381,3.9248959463419624,2.101539096991284,1.8233568493506782,11.179285714285713,-0.0007405578869414,364.32,-0.0025988947857964,364.59,-0.0035437793043286,365.54,0.0159030249110319,365.4,-0.0048946216745364,345.62,365.106,1.0987629407195978,0.045899222043508964,366.84,364.24,360.70099999999996,7.030126362070823,0.1779715102474805,366.84,344.08,352.943,9.808895050163036,0.2084627335552906,366.84,336.7,355.81160000000006,9.545689562535909,0.2276577812474577,374.28,336.7,3,3,1,1.0320080012890693,1.0236878168080419,0.0371732923346222,-0.0020548508178249957,368.36,0.011311223369207202
2023-03-10,AAPL,369.7,370.76,365.96,368.36,112207269,368.36,0.0113112233692072,353.8425,356.172,309.8265,0.2109817747581104,374.58125383251627,333.1037461674837,80.62612262949031,4.325926206091765,2.5464165188113803,1.7795096872803846,10.734285714285713,-0.0002195871761089,364.24,-0.0007405578869414,364.32,-0.0025988947857964,364.59,0.0039408866995074,366.84,-0.0044557606619988,344.08,365.41,1.728351816008075,0.09534981599564525,368.36,364.24,363.129,4.323770088452216,0.1712011580115737,368.36,355.08,353.8425,10.36937691625815,0.21098177475811006,368.36,336.7,356.172,9.674201754752366,0.22611377777597644,374.28,336.7,4,3,1,1.0410281410485145,1.0342194220740704,0.013030730806784071,-0.003624560454412633,368.77,0.0011130415897491197
2023-03-13,AAPL,369.33,372.64,364.9,368.77,98263402,368.77,0.0011130415897491,355.0905,356.54220000000004,310.41645,0.1955925769113259,376.28625277712166,333.8947472228784,78.32950628310533,4.623531951410428,2.96183960533119,1.6616923460792377,10.150714285714283,0.0113112233692072,368.36,-0.0002195871761089,364.24,-0.0007405578869414,364.32,-0.0035437793043286,365.54,0.0319693094629156,355.08,366.05600000000004,2.2986365523713173,0.08724305552089355,368.77,364.24,364.498,3.598576261680066,0.0998659267818428,368.77,357.24,355.0905,10.59787638856082,0.19559257691132556,368.77,336.7,356.54220000000004,9.796734418423464,0.22609319953340679,374.28,336.7,0,3,1,1.038523981911545,1.0342955195737438,0.020988692138674568,-0.0015162591720100887,372.97,0.011389212788458947
2023-03-14,AAPL,372.44,380.86,365.09,372.97,66523731,372.97,0.0113892127884589,356.284,357.0122,311.0007,0.1928889410677808,378.7118317697925,333.85616823020746,84.35574601711818,5.139051758125447,3.3972820358900417,1.7417697222354054,10.32642857142857,0.0011130415897491,368.77,0.0113112233692072,368.36,-0.0002195871761089,364.24,-0.0025988947857964,364.59,0.0060831361946604,357.24,367.73199999999997,3.6312628657114945,0.09883028162785344,372.97,364.24,366.071,3.5103132180626004,0.10657753330193509,372.97,359.68,356.284,11.213915884896279,0.19288894106778037,372.97,336.7,357.0122,10.011866284045771,0.22711517637344789,374.28,336.7,1,3,1,1.0468334250175513,1.0446981923837766,0.04228222109005485,0.0014230480077290478,372.65,-0.0008579778534467675
2023-03-15,AAPL,370.98,377.94,367.36,372.65,108272641,372.65,-0.0008579778534467,357.584,357.38,311.5704,0.1896966955054162,380.66517610793886,334.50282389206114,87.59388035531802,5.458857284661406,3.809597085644315,1.6492601990170908,10.774285714285716,0.0113892127884589,372.97,0.0011130415897491,368.77,0.0113112233692072,368.36,-0.0007405578869414,364.32,0.0068301422013212,359.68,369.398,3.585089957015441,0.09923053245893722,372.97,364.24,367.368,3.274768185182373,0.1085150723406183,372.97,364.24,357.584,11.54058805396943,0.18969669550541582,372.97,336.7,357.38,10.243801709775726,0.22540472561036198,374.28,336.7,2,3,1,1.042132757614876,1.042727628851523,0.028391251844818447,0.004501590382218603,373.21,0.0015027505702400745
2023-03-16,AAPL,375.22,379.16,367.27,373.21,45797458,373.21,0.00150275057024,359.3065,357.68699999999995,312.1457,0.1624141101669062,381.60121051261865,337.0117894873814,91.64998566533885,5.691880334971245,4.186053735509701,1.5058265994615434,11.232857142857146,-0.0008579778534467,372.65,0.0113892127884589,372.97,0.0011130415897491,368.77,-0.0002195871761089,364.24,0.0159030249110319,365.4,371.192,2.4106886982542073,0.09466651521088564,373.21,368.36,368.149,3.6617131691804103,0.08399628844763053,373.21,364.24,359.3065,11.147355256309305,0.16241411016690596,373.21,336.7,357.68699999999995,10.485640569992919,0.2244529613672135,374.28,336.7,3,3,1,1.0386953756721942,1.0433982783801385,0.03185873904763588,-0.005356857310363762,362.31,-0.02920607700758282
2023-03-17,AAPL,360.33,367.26,357.37,362.31,121946601,362.31,-0.0292060770075828,360.587,357.941,312.66325,0.1996358500509787,380.1946280537471,340.97937194625285,60.36707769299862,4.94006784920299,4.33685655824836,0.6032112909546301,11.447857142857142,0.00150275057024,373.21,-0.0008579778534467,372.65,0.0113892127884589,372.97,0.0113112233692072,368.36,0.0039408866995074,366.84,369.98199999999997,4.6581884890901755,0.24275072631273364,373.21,362.31,367.696,4.096090819307584,0.17714695923749355,373.21,362.31,360.587,9.803814026873555,0.19963585005097856,373.21,344.08,357.941,10.439712884071897,0.22822834180542853,374.28,336.7,4,3,1,1.0047783197924363,1.0122059222022284,0.0272970660483362,0.005494962950613392,367.45,0.01418674615660609
2023-03-20,AAPL,368.87,369.61,365.29,367.45,49611241,367.45,0.014186746156606,361.735,358.1386,313.18240000000003,0.1904223556994302,380.0182100141195,343.4517899858805,63.48745043886856,4.704772393410678,4.410439725280824,0.29433266812985437,11.069999999999997,-0.0292060770075828,362.31,0.00150275057024,373.21,-0.0008579778534467,372.65,0.0011130415897491,368.77,-0.0035437793043286,365.54,369.71799999999996,4.7798661069001245,0.27325197562238673,373.21,362.31,367.887,4.028357950554254,0.19225300442093415,373.21,362.31,361.735,9.141605007059756,0.19042235569942995,373.21,344.08,358.1386,10.525696255986357,0.2247702043381268,374.28,336.7,0,3,1,1.0157988582774247,1.0259994315021448,0.011756701592021327,-0.0038495947081523744,369.49,0.005551775751803101
2023-03-21,AAPL,367.52,372.56,366.42,369.49,89688983,369.49,0.0055517757518031,362.758,358.225,313.72735,0.1870691749786716,380.3235303603804,345.1924696396196,63.09746326079134,4.629543504759624,4.4542604811765845,0.17528302358303982,10.79142857142857,0.014186746156606,367.45,-0.0292060770075828,362.31,0.00150275057024,373.21,0.0113892127884589,372.97,-0.0025988947857964,364.59,369.022,4.428399259314072,0.2599383410277855,373.21,362.31,368.377,3.877963526276,0.19282304631387392,373.21,362.31,362.758,8.78276518019021,0.1870691749786714,373.21,344.08,358.225,10.602044710367528,0.22008062907287654,374.28,336.7,1,3,1,1.0185578264269333,1.0314467164462797,0.0166174997969725,0.0053602525032506185,375.19,0.015426669192670994
2023-03-22,AAPL,376.13,380.41,369.97,375.19,57052109,375.19,0.0154266691926709,364.1515,358.49119999999994,314.29315,0.1896984472558125,380.9662069398493,347.3367930601507,63.07774510063886,4.972546016446017,4.557917588230471,0.41462842821554613,10.96214285714286,0.0055517757518031,369.49,0.014186746156606,367.45,-0.0292060770075828,362.31,-0.0008579778534467,372.65,-0.0007405578869414,364.32,369.53000000000003,5.050603924274092,0.2877389110351944,375.19,362.31,369.464,4.129695173040993,0.20451584858201627,375.19,362.31,364.1515,8.407353469924658,0.18969844725581228,375.19,344.08,358.49119999999994,10.85965509279689,0.22157978607465065,375.19,336.7,2,3,1,1.0303129329385425,1.046580780780542,0.027825901543143933,-0.0024991359370363933,359.36,-0.042191956075588344
2023-03-23,AAPL,361.14,362.66,356.06,359.36,99821363,359.36,-0.0421919560755883,364.8385,358.3952,314.7871,0.2494964322467779,379.4426872510074,350.23431274899264,42.7827093670599,3.921820964161043,4.430698263416586,-0.508877299255543,11.062857142857146,0.0154266691926709,375.19,0.0055517757518031,369.49,0.014186746156606,367.45,0.00150275057024,373.21,-0.0002195871761089,364.24,366.76,6.195893801534694,0.4230385406750193,375.19,359.36,368.976,5.010085827609726,0.3063250494514846,375.19,359.36,364.8385,7.302093625503684,0.24949643224677767,375.19,344.08,358.3952,10.829694672228445,0.24127787504603138,375.19,336.7,3,3,1,0.9849837667872635,1.0026920003364925,0.018365983971453854,-0.004928836462300061,370.92,0.03216829919857522
2023-03-24,AAPL,368.84,373.15,368.7,370.92,78921725,370.92,0.0321682991985752,366.18050000000005,358.47380000000004,315.3378,0.269832656480167,377.2605047026094,355.1004952973907,54.33311854444806,3.976075456369017,4.339773702007072,-0.3636982456380551,11.233571428571427,-0.0421919560755883,359.36,0.0154266691926709,375.19,0.0055517757518031,369.49,-0.0292060770075828,362.31,0.0113112233692072,368.36,368.482,5.835946367119398,0.44608563220504766,375.19,359.36,369.23199999999997,5.040425026171929,0.34552020788261595,375.19,359.36,366.18050000000005,5.54000235130469,0.26983265648016674,375.19,355.08,358.47380000000004,10.907330598057701,0.2514020089631841,375.19,336.7,4,3,1,1.0129430704228843,1.034719971163765,0.011997196160864853,0.0056393015941720035,370.27,-0.0017523994392322217
2023-03-27,AAPL,367.01,378.37,362.17,370.27,42271971,370.27,-0.0017523994392322,366.94,358.5082,315.8596,0.2490586726523642,376.83531521262506,357.04468478737493,54.59695693162257,3.921419284094611,4.25610281842458,-0.3346835343299688,11.878571428571425,0.0321682991985752,370.92,-0.0421919560755883,359.36,0.0154266691926709,375.19,0.014186746156606,367.45,0.0011130415897491,368.77,369.046,5.847531958005311,0.4397768093256947,375.19,359.36,369.38199999999995,5.047463169202951,0.34577198113886903,375.19,359.36,366.94,4.947657606312545,0.24905867265236403,375.19,357.24,358.5082,10.942413771315387,0.2512825508532191,375.19,336.7,0,3,1,1.009075053139453,1.0328076177866146,0.043751856753061924,0.008882591754968826,376.6,0.017095632916520387
2023-03-28,AAPL,373.83,385.88,367.33,376.6,94661416,376.6,0.0170956329165203,367.908,358.72720000000004,316.40875,0.2543389771039225,377.59349778626427,358.22250221373577,59.05070753498365,4.338866222807383,4.272655499301141,0.06621072350624146,12.422142857142855,-0.0017523994392322,370.27,0.0321682991985752,370.92,-0.0421919560755883,359.36,0.0055517757518031,369.49,0.0113892127884589,372.97,370.46799999999996,6.773660015079871,0.453341105207735,376.6,359.36,369.745,5.448751640922932,0.35188025842059006,376.6,359.36,367.908,4.842748893132136,0.2543389771039222,376.6,359.36,358.72720000000004,11.194928159198309,0.25339261122530854,376.6,336.7,1,3,1,1.0236254715825055,1.0498228180047406,0.049256505576077414,0.007409785196459966,370.9,-0.015135422198619297
2023-03-29,AAPL,371.69,378.64,363.16,370.9,63488470,370.9,-0.0151354221986192,368.469,358.9032,316.92805,0.2615325203543492,377.41973981060784,359.5182601893921,54.53307921639715,4.161779166553231,4.250480232751559,-0.08870106619832807,12.560714285714283,0.0170956329165203,376.6,-0.0017523994392322,370.27,0.0321682991985752,370.92,0.0154266691926709,375.19,-0.0008579778534467,372.65,369.61,6.2796974449325855,0.4573472329580085,376.6,359.36,369.57,5.372655044039037,0.3613805896718488,376.6,359.36,368.469,4.475369905303934,0.26153252035434893,376.6,359.36,358.90319999999997,11.317538212150582,0.25482958163481034,376.6,336.7,2,3,1,1.006597569942094,1.033426283184342,0.04173631706648214,-0.002125427103225524,374.45,0.009571313022378014
2023-03-30,AAPL,377.07,382.72,366.19,374.45,113804870,374.45,0.009571313022378,368.9215,359.15039999999993,317.4916,0.2579018854209713,378.13028590771006,359.7127140922899,54.17752777118277,4.25879894679224,4.2521439755596955,0.006654971232544327,13.275714285714287,-0.0151354221986192,370.9,0.0170956329165203,376.6,-0.0017523994392322,370.27,-0.0421919560755883,359.36,0.00150275057024,373.21,372.628,2.764049565382178,0.2860611878264298,376.6,370.27,369.694,5.47925217930881,0.36472161664913244,376.6,359.36,368.9215,4.604392953855048,0.257901885420971,376.6,359.36,359.15039999999993,11.521708695550373,0.25561651207400327,376.6,336.7,3,3,1,1.014985572808809,1.0425994235255132,0.04414474562680167,-0.006948311984493745,368.71,-0.015329149419148091
2023-03-31,AAPL,365.35,372.33,365.08,368.71,80042433,368.71,-0.015329149419148,369.015,359.1518,318.01125,0.2643257603275663,378.1726312726392,359.85736872736084,49.96164662874632,3.82838653590494,4.167392487628745,-0.3390059517238049,13.392142857142858,0.009571313022378,374.45,-0.0151354221986192,370.9,0.0170956329165203,376.6,0.0321682991985752,370.92,-0.0292060770075828,362.31,372.186,3.241007559369451,0.2307059318495373,376.6,368.71,370.334,4.859682659965723,0.33872443121801,376.6,359.36,369.015,4.578815636319574,0.2643257603275659,376.6,359.36,359.1518,11.522889499078701,0.25500060139512915,376.6,336.7,4,3,1,0.9991734753302733,1.0266132593487585,0.019663149900952883,0.009196660736254988,365.4,-0.008977244989286981
2023-04-03,AAPL,367.11,374.24,356.55,365.4,93709074,365.4,-0.0089772449892869,369.008,359.0242,318.50105,0.2660951718017483,378.1770224468523,359.8389775531477,45.10539246564752,3.1834949144301845,3.970612972989033,-0.7871180585588484,13.529285714285711,-0.015329149419148,368.71,0.009571313022378,374.45,-0.0151354221986192,370.9,-0.0017523994392322,370.27,0.014186746156606,367.45,371.212,4.4623950967939905,0.23757276204096137,376.6,365.4,370.129,5.034936720336587,0.33525271318441247,376.6,359.36,369.008,4.58451122342616,0.26609517180174797,376.6,359.36,359.0242,11.415015726692252,0.2550661474193246,376.6,336.7,0,4,2,0.990222434199285,1.0177586914725587,0.048412698412565916,-0.004658004412833696,376.17,0.029474548440065806
2023-04-04,AAPL,374.97,379.53,372.8,376.17,54543527,376.17,0.0294745484400658,369.5870000000001,359.1508,319.00010000000003,0.2854103414858413,379.03946077675766,360.1345392232424,52.00501252303409,3.50110410085955,3.876711198563137,-0.375607097703587,13.782857142857141,-0.0089772449892869,365.4,-0.015329149419148,368.71,0.009571313022378,374.45,0.0170956329165203,376.6,0.0055517757518031,369.49,371.12600000000003,4.334919837769904,0.3079186476128516,376.17,365.4,370.79699999999997,5.372547605912289,0.36705924740034823,376.6,359.36,369.58700000000005,4.726230388378819,0.2854103414858409,376.6,359.36,359.1508,11.571448119904945,0.26332653937937456,376.6,336.7,1,4,2,1.0178117736797618,1.0473873370154059,0.017890847223282214,0.003200256020473073,375.22,-0.0025254539171118973
2023-04-05,AAPL,375.06,384.23,366.2,375.22,63199332,375.22,-0.0025254539171118,370.132,359.1696,319.50030000000004,0.2856845441468258,379.5627081834505,360.70129181654937,51.139843476058125,3.634261109020997,3.828221180654709,-0.19396007163371198,14.22142857142857,0.0294745484400658,376.17,-0.0089772449892869,365.4,-0.015329149419148,368.71,-0.0151354221986192,370.9,0.0154266691926709,375.19,371.98999999999995,4.694235827042565,0.28090190420710653,376.17,365.4,370.8,5.375280871215991,0.3597096691868548,376.6,359.36,370.13199999999995,4.715354091725292,0.28568454414682537,376.6,359.36,359.1696,11.597264800674246,0.2620719852801129,376.6,336.7,2,4,2,1.0137464472106879,1.0446875236627915,0.048051809604903725,0.0004265984109198486,376.57,0.003597889238313501
2023-04-06,AAPL,379.8,385.95,367.2,376.57,66591116,376.57,0.0035978892383135,370.7485,359.5262,320.0023,0.2856781490729756,380.1695006731506,361.3274993268495,59.06893919070254,3.8048626269933834,3.8235494699224444,-0.018686842929060976,14.429285714285713,-0.0025254539171118,375.22,0.0294745484400658,376.17,-0.0089772449892869,365.4,0.009571313022378,374.45,-0.0421919560755883,359.36,372.41400000000004,5.0539420257744725,0.2744794323500734,376.57,365.4,372.521,3.8419279014599295,0.2709672578777662,376.6,365.4,370.74850000000004,4.710500336575292,0.28567814907297523,376.6,359.36,359.5262,11.85504471797221,0.24410584771447885,376.6,336.7,3,4,2,1.0157020190209383,1.0474062808189015,0.049791539421489256,-0.00850447603999872,381.65,0.013490187747297933
2023-04-07,AAPL,380.36,388.99,374.31,381.65,112697543,381.65,0.0134901877472979,371.413,359.85720000000003,320.52405,0.286740965272985,381.9350972493893,360.89090275061073,59.03767819721831,4.300406692333638,3.9189209144046835,0.38148577792895466,14.956428571428571,0.0035978892383135,376.57,-0.0025254539171118,375.22,0.0294745484400658,376.17,-0.015329149419148,368.71,0.0321682991985752,370.92,375.002,5.921669528087967,0.23875282705420597,381.65,365.4,373.594,4.7387977847193214,0.23153391774614623,381.65,365.4,371.413,5.261048624694637,0.2867409652729846,381.65,359.36,359.85720000000003,12.238680240966776,0.24280172795679217,381.65,336.7,4,4,2,1.027562309340202,1.0605595775183583,0.03846456177115562,0.0033915238195303715,384.62,0.007781999213939628
2023-04-10,AAPL,384.36,394.09,375.15,384.62,156487708,384.62,0.0077819992139396,372.2055,360.4332,321.02695,0.2874653216822149,384.1771533176157,360.23384668238424,59.5169203568595,4.876569060422639,4.110450543608275,0.7661185168143643,15.870714285714286,0.0134901877472979,381.65,0.0035978892383135,376.57,-0.0025254539171118,375.22,-0.0089772449892869,365.4,-0.0017523994392322,370.27,378.846,4.083213195496891,0.19337781760816092,384.62,375.22,375.029,5.6963661906336505,0.23105733368407902,384.62,365.4,372.2055,5.985826658807871,0.2874653216822145,384.62,359.36,360.4332,12.713312874491512,0.23555471260246413,384.62,336.7,0,4,2,1.0333538864927216,1.0671048061025814,0.04924340907896301,0.0006764491622419462,385.62,0.002599968800374386
2023-04-11,AAPL,381.87,391.94,379.3,385.62,57971872,385.62,0.0025999688003743,372.838,361.0654,321.5364,0.2854504241371366,386.2319147219261,359.4440852780738,56.97285732320336,5.35217696635641,4.358795828157902,0.993381138198508,15.993571428571427,0.0077819992139396,384.62,0.0134901877472979,381.65,0.0035978892383135,376.57,0.0294745484400658,376.17,0.0170956329165203,376.6,380.736,4.67857136312756,0.09530679419104543,385.62,375.22,375.931,6.61313919406029,0.2190309782760406,385.62,365.4,372.83799999999997,6.696957360963058,0.2854504241371362,385.62,359.36,361.0654,13.165292529509859,0.23505301071925483,385.62,336.7,1,4,2,1.0342829861735277,1.0680059623517844,0.0327783828638743,0.009820095844109722,387.87,0.00583475960790425
2023-04-12,AAPL,384.63,391.82,383.92,387.87,123071549,387.87,0.0058347596079042,373.599,361.8582,322.05065,0.2856050802506996,388.5830531372633,358.6149468627367,73.28867830377315,5.84329795287033,4.655696253100388,1.1876016997699423,15.191428571428569,0.0025999688003743,385.62,0.0077819992139396,384.62,0.0134901877472979,381.65,-0.0025254539171118,375.22,-0.0151354221986192,370.9,383.266,4.359452947317346,0.06848693012322353,387.87,376.57,377.62800000000004,7.318417861807044,0.1959577219023025,387.87,365.4,373.599,7.492026568631656,0.28560508025069925,387.87,359.36,361.8582,13.564083680125421,0.23149236413176236,387.87,336.7,2,4,2,1.0381987103792083,1.0718839589621794,0.020367648954494055,0.008423679900141917,402.24,0.03704849562997903
2023-04-13,AAPL,400.3,407.77,396.72,402.24,33587556,402.24,0.037048495629979,375.0505,363.07,322.62325,0.3112431534644422,394.7562154145509,355.3447845854491,74.46110588812152,7.30781384882431,5.186119772245172,2.1216940765791374,15.62785714285714,0.0058347596079042,387.87,0.0025999688003743,385.62,0.0077819992139396,384.62,0.0035978892383135,376.57,0.009571313022378,374.45,388.4,8.053039798726129,0.2194881043813777,402.24,381.65,380.407,10.543326535987632,0.2552426833631012,402.24,365.4,375.0505,9.852857707275467,0.31124315346444176,402.24,359.36,363.07,14.40247243513102,0.23913905872499688,402.24,336.7,3,4,2,1.0724955705936334,1.1078855317125957,0.027471161495556094,0.004846365226068327,402.03,-0.0005220763723151611
2023-04-14,AAPL,398.24,408.82,395.25,402.03,49617861,402.03,-0.0005220763723151,377.0365000000001,364.1554,323.19025,0.2863955528738151,399.1899669022421,354.883033097758,74.97640765886011,8.355194521166311,5.8199347220294,2.5352597991369112,15.439999999999998,0.037048495629979,402.24,0.0058347596079042,387.87,0.0025999688003743,385.62,0.0134901877472979,381.65,-0.015329149419148,368.71,392.476,8.895944581654124,0.24046859572222856,402.24,384.62,383.739,11.643632928677983,0.22783819261691737,402.24,365.4,377.03650000000005,11.076733451121019,0.28639555287381463,402.24,359.36,364.1554,15.245414326931549,0.2369587225931654,402.24,336.7,4,4,2,1.0662893380320833,1.1040066960393722,0.03375369997255489,0.009516874246661427,403.38,0.00335795836131636
2023-04-17,AAPL,404.44,405.99,400.78,403.38,54517145,403.38,0.0033579583613163,378.833,365.314,323.77315,0.2845474528011699,403.4082002508152,354.2577997491847,72.84982933413136,9.188268329740026,6.493601443571525,2.694666886168501,14.487142857142857,-0.0005220763723151,402.03,0.037048495629979,402.24,0.0058347596079042,387.87,0.0077819992139396,384.62,-0.0089772449892869,365.4,396.22799999999995,8.708390781301482,0.24567006644964023,403.38,385.62,387.53700000000003,11.182176343529658,0.20851425716813476,403.38,375.22,378.83299999999997,12.287600125407641,0.28454745280116944,403.38,359.36,365.314,15.978473912462263,0.2359242028773748,403.38,336.7,0,4,2,1.0647963614546123,1.1042007697457414,0.012915860974731323,-0.002620907922058603,409.93,0.01623779066884823
2023-04-18,AAPL,409.33,417.08,402.78,409.93,46573101,409.93,0.0162377906688482,380.855,366.56520000000006,324.38415000000003,0.2874215340001194,408.6386729791036,353.0713270208965,82.8259041016053,10.258758996517315,7.246632954160685,3.0121260423566305,14.402857142857146,0.0033579583613163,403.38,-0.0005220763723151,402.03,0.037048495629979,402.24,0.0025999688003743,385.62,0.0294745484400658,376.17,401.09000000000003,8.06790245354083,0.23997792862635953,409.93,387.87,390.913,12.399075279140565,0.1829429098899999,409.93,375.22,380.855,13.891836489551757,0.287421534000119,409.93,359.36,366.56520000000006,16.96370377828375,0.23768172830932147,409.93,336.7,1,4,2,1.0763413897649332,1.1183003733002523,0.034884004586063784,0.0014658099821624531,416.92,0.017051691752250298
2023-04-19,AAPL,417.33,427.19,406.66,416.92,42461223,416.92,0.0170516917522502,382.9415,367.9588,325.00625,0.2882329470925693,414.88948949278046,350.9935105072196,83.76530448127339,11.538160413547757,8.1049384460381,3.433221967509658,14.688571428571427,0.0162377906688482,409.93,0.0033579583613163,403.38,-0.0005220763723151,402.03,0.0058347596079042,387.87,-0.0025254539171118,375.22,406.9,6.469238749639905,0.23380336521425027,416.92,402.03,395.08299999999997,13.498306107723115,0.17558611074390965,416.92,376.57,382.9415,15.973994746390222,0.2882329470925689,416.92,359.36,367.9588,18.16344811730444,0.2394612475430858,416.92,336.7,2,4,2,1.0887302629746614,1.1330616362453267,0.049242060826899,-0.0009824359619461476,424.56,0.018324858486040485
2023-04-20,AAPL,421.8,428.3,420.82,424.56,94370280,424.56,0.0183248584860404,386.2015,369.453,325.6884,0.2296820412502968,421.180176376499,351.22282362350103,93.1007871383946,13.01851012303257,9.087652781436994,3.9308573415955763,14.832142857142856,0.0170516917522502,416.92,0.0162377906688482,409.93,0.0033579583613163,403.38,0.037048495629979,402.24,0.0035978892383135,376.57,411.3639999999999,9.45948888681817,0.1394811918132628,424.56,402.03,399.882,14.665517985321735,0.17459026580528536,424.56,381.65,386.2015,17.48933818824948,0.22968204125029618,424.56,365.4,369.45300000000003,19.655069995561377,0.24154984675087957,424.56,336.7,3,4,2,1.0993225039232128,1.1491583503147922,0.017618240060256266,0.0065433854907383775,428.79,0.009963256076879645
2023-04-21,AAPL,427.04,437.73,419.85,428.79,73434918,428.79,0.0099632560768796,389.095,371.0214,326.38835,0.2121497917595931,428.0942477660145,350.0957522339854,98.23466745738416,14.36740507920399,10.143603240990394,4.223801838213596,14.845714285714283,0.0183248584860404,424.56,0.0170516917522502,416.92,0.0162377906688482,409.93,-0.0005220763723151,402.03,0.0134901877472979,381.65,416.716,10.383281273269509,0.09959389754767604,428.79,403.38,404.596,15.694108731906583,0.17471324487061662,428.79,384.62,389.09499999999997,19.49962388300727,0.21214979175959253,428.79,365.4,371.02139999999997,21.17154993313508,0.24184711160016423,428.79,336.7,4,4,2,1.1020187871828164,1.1557015309597891,0.04169873364574336,0.0040979767703163686,421.64,-0.016674829170456484
2023-04-24,AAPL,423.02,431.41,411.88,421.64,93110670,421.64,-0.0166748291704564,391.6635,372.578,327.06715,0.2267599798454203,432.1794458017423,351.1475541982577,86.61620226747252,14.69013012943293,11.052908618678902,3.6372215107540278,15.231428571428571,0.0099632560768796,428.79,0.0183248584860404,424.56,0.0170516917522502,416.92,0.0033579583613163,403.38,0.0077819992139396,384.62,420.36800000000005,7.262256536354561,0.23334597346512603,428.79,409.93,408.298,14.799229559526845,0.22595737502904545,428.79,385.62,391.6635,20.25797290087112,0.2267599798454197,428.79,365.4,372.57800000000003,21.975925603310795,0.24089219071365697,428.79,336.7,0,4,2,1.0765363634827434,1.1316824933272183,0.04631913480683453,-0.0032622571036753185,432.25,0.025163646712835552
2023-04-25,AAPL,436.27,442.57,421.93,432.25,105447764,432.25,0.0251636467128355,394.446,374.241,327.77265,0.2334172864405038,438.1262561203116,350.76574387968844,89.7421602612349,15.621950267026136,11.966716948348349,3.6552333186777872,15.438571428571427,-0.0166748291704564,421.64,0.0099632560768796,428.79,0.0183248584860404,424.56,0.0162377906688482,409.93,0.0025999688003743,385.62,424.832,5.990723662448375,0.25812335377727175,432.25,416.92,412.96099999999996,14.193604545710633,0.23535628665229993,432.25,387.87,394.446,21.84012806015579,0.2334172864405033,432.25,365.4,374.24100000000004,23.270975462566938,0.24420394448943158,432.25,336.7,1,4,2,1.0958407487942687,1.1550043955602005,0.04775014459213935,-0.009214477273227056,425.02,-0.016726431463273572
2023-04-26,AAPL,421.2,435.31,414.74,425.02,88967704,425.02,-0.0167264314632735,397.152,375.8084,328.4744,0.2354791373686015,441.3923467198653,352.91165328013466,81.20571942371653,15.59722871936242,12.692819302551165,2.904409416811255,15.568571428571428,0.0251636467128355,432.25,-0.0166748291704564,421.64,0.0099632560768796,428.79,0.0170516917522502,416.92,0.0058347596079042,387.87,426.45199999999994,4.119122479341556,0.31205573498790656,432.25,421.64,416.67600000000004,11.50350014367683,0.27472974243457654,432.25,402.03,397.152,22.120173359932668,0.235479137368601,432.25,365.4,375.80839999999995,24.002458663173456,0.24748854795635158,432.25,336.7,2,4,2,1.0701696076034612,1.1309486429756999,0.04839772246000564,0.009069325735970855,427.1,0.004893887346477888
2023-04-27,AAPL,430.43,433.69,420.51,427.1,104077093,427.1,0.0048938873464778,399.7845,377.57520000000005,329.19795,0.2353704708002952,444.599065524582,354.9699344754181,80.4502210756223,15.566039715131694,13.267463385067272,2.2985763300644226,15.46142857142857,-0.0167264314632735,425.02,0.0251636467128355,432.25,-0.0166748291704564,421.64,0.0183248584860404,424.56,0.037048495629979,402.24,426.96000000000004,3.9817897985474175,0.286784915952633,432.25,421.64,419.162,10.694933172094752,0.22716961342171224,432.25,402.03,399.78450000000004,22.40728276229096,0.23537047080029463,432.25,365.4,377.57520000000005,24.466532012822984,0.2396561327857076,432.25,336.7,3,4,2,1.068325560392991,1.131165394334344,0.030859283540082293,-0.0077364495968967025,422.44,-0.010910793725122936
2023-04-28,AAPL,423.09,432.81,412.07,422.44,77805624,422.44,-0.0109107937251229,402.471,379.29,329.8897,0.2303540166219194,445.86137385362144,359.08062614637856,74.77725365504602,14.992475227883915,13.612465753630602,1.3800094742533133,15.59,0.0048938873464778,427.1,-0.0167264314632735,425.02,0.0251636467128355,432.25,0.0099632560768796,428.79,-0.0005220763723151,402.03,425.68999999999994,4.25545532226786,0.28545325309259195,432.25,421.64,421.203,8.850721313983096,0.24121012788568888,432.25,403.38,402.471,21.695186926810713,0.23035401662191887,432.25,365.4,379.29,24.54774173910082,0.24102081887631868,432.25,344.08,4,4,2,1.0496159971748285,1.113765192857408,0.04909572957094715,-0.0015363161502243991,422.17,-0.00063914402045262
2023-05-01,AAPL,422.71,430.68,413.67,422.17,49760887,422.17,-0.0006391440204526,405.3095,380.8436,330.5459,0.2245482264075791,445.82094476368655,364.79805523631336,74.17647835641652,14.350708461773763,13.760114295259235,0.5905941665145278,15.902142857142858,-0.0109107937251229,422.44,0.0048938873464778,427.1,-0.0167264314632735,425.02,-0.0166748291704564,421.64,0.0033579583613163,403.38,425.796,4.134226650755582,0.2578999553219807,432.25,422.17,423.082,6.262647292569477,0.24283273432343563,432.25,409.93,405.30949999999996,20.2557223818433,0.2245482264075787,432.25,375.22,380.8436,24.757584017168202,0.23753263325858426,432.25,344.08,0,5,2,1.0415990742851042,1.108512785823082,0.040291825567803724,-0.001277471552597966,424.4,0.005282232276097254
2023-05-02,AAPL,424.41,427.9,420.91,424.4,122138092,424.4,0.0052822322760972,407.721,382.351,331.21415,0.20878823449595,446.6395967724423,368.8024032275577,74.16964402489903,13.862250642607364,13.780541564728862,0.0817090778785019,15.837142857142855,-0.0006391440204526,422.17,-0.0109107937251229,422.44,0.0048938873464778,427.1,0.0251636467128355,432.25,0.0162377906688482,409.93,424.226,2.02098490836025,0.15585253133086413,427.1,422.17,424.529,4.2270384957391824,0.2342955238793942,432.25,416.92,407.721,19.459298386221153,0.20878823449594955,432.25,375.22,382.351,25.073525532977115,0.2366548302685265,432.25,344.08,1,5,2,1.040907875726193,1.10997486602334,0.016470311027293787,-2.3562121533479856e-05,426.6,0.005183788878416751
2023-05-03,AAPL,422.92,432.8,420.4,426.6,63204896,426.6,0.0051837888784167,410.2900000000001,383.93660000000006,331.905,0.2063275269957215,446.88947655649787,373.6905234435023,69.21135645159366,13.49707997924213,13.723849247631517,-0.22676926838938627,15.301428571428573,0.0052822322760972,424.4,-0.0006391440204526,422.17,-0.0109107937251229,422.44,-0.0167264314632735,425.02,0.0170516917522502,416.92,424.54200000000003,2.2827439628261974,0.11091571233815474,427.1,422.17,425.497,3.297012283874057,0.2224537228195361,432.25,421.64,410.2900000000001,18.29973827824889,0.20632752699572107,432.25,376.57,383.93660000000006,25.318581996753363,0.23577991388051245,432.25,344.08,2,5,2,1.0397523702721494,1.111120950695737,0.029067041725201515,0.008701409249955796,429.45,0.006680731364275605
2023-05-04,AAPL,425.93,437.77,421.14,429.45,55025026,429.45,0.0066807313642756,412.934,385.6132,332.5683,0.2060390418535171,446.8160880484868,379.05191195151326,70.76014535144391,13.284515157753845,13.635982429655982,-0.35146727190213767,15.520000000000001,0.0051837888784167,426.6,0.0052822322760972,424.4,-0.0006391440204526,422.17,0.0048938873464778,427.1,0.0183248584860404,424.56,425.012,3.053042744512226,0.11573019084806481,429.45,422.17,425.986,3.4990417735931145,0.20617754436172336,432.25,421.64,412.934,16.941044024243368,0.20603904185351674,432.25,381.65,385.6132,25.504404376735334,0.23490691420094578,432.25,344.08,3,5,2,1.0399967064929503,1.113680755738876,0.03872394923730649,0.008264268776540082,440.12,0.024845732914192675
2023-05-05,AAPL,441.01,444.5,435.74,440.12,74504496,440.12,0.0248457329141926,415.8575,387.534,333.31635,0.2147810231906478,448.439165412494,383.2758345875059,74.3763269500893,13.817753372738764,13.67233661827254,0.1454167544662237,16.222857142857144,0.0066807313642756,429.45,0.0051837888784167,426.6,0.0052822322760972,424.4,-0.0109107937251229,422.44,0.0099632560768796,428.79,428.54799999999994,7.007215566814948,0.15372577785089864,440.12,422.17,427.119,5.669217955083253,0.23532129380666453,440.12,421.64,415.85749999999996,16.290832706247013,0.21478102319064732,440.12,384.62,387.534,25.92562690875642,0.23837234857788595,440.12,355.08,4,5,2,1.0583433026912865,1.1356939004032274,0.019903662637417267,-0.002018094827777076,443.28,0.007179860038171393
2023-05-08,AAPL,441.87,451.17,435.38,443.28,55528825,443.28,0.0071798600381713,418.7905,389.298,334.12685000000005,0.2147714628937542,450.0671793734668,387.5138206265331,73.16937611470925,14.330145098179969,13.803898314254026,0.5262467839259433,16.329285714285714,0.0248457329141926,440.12,0.0066807313642756,429.45,0.0051837888784167,426.6,-0.0006391440204526,422.17,-0.0166748291704564,421.64,432.77,8.420670994630274,0.13392166572564196,443.28,424.4,429.283,7.254039564271456,0.2093340984165786,443.28,422.17,418.79049999999995,15.638339686733405,0.21477146289375376,443.28,385.62,389.298,26.662492955686528,0.23033396599944522,443.28,357.24,0,5,2,1.0584767323970852,1.1386649815793077,0.03562082656552157,0.003190983773500752,441.81,-0.0033161884136436726
2023-05-09,AAPL,445.49,449.9,433.71,441.81,67697854,441.81,-0.0033161884136436,421.6,390.9894000000001,334.92025,0.2174650997978782,450.3213296862528,392.8786703137473,68.72836717889844,14.451020152606304,13.933322681924482,0.5176974706818225,16.01928571428572,0.0071798600381713,443.28,0.0248457329141926,440.12,0.0066807313642756,429.45,0.0052822322760972,424.4,0.0251636467128355,432.25,436.25200000000007,7.659534581148039,0.16307398798216807,443.28,426.6,430.23900000000003,8.250071312824033,0.17959446554989594,443.28,422.17,421.6,14.360664843126353,0.21746509979787768,443.28,387.87,390.98940000000005,27.26300142264634,0.230977951954691,443.28,359.36,1,5,2,1.0479364326350855,1.1299794828168486,0.03664471152749678,-0.00826056701607611,448.39,0.014893279916706303
2023-05-10,AAPL,447.55,452.09,444.69,448.39,91803296,448.39,0.0148932799167063,424.626,392.7636,335.75665000000004,0.2192393782718583,451.04450579461474,398.2074942053853,68.22144057263952,14.905939125132818,14.127845970566149,0.7780931545666689,15.940714285714288,-0.0033161884136436,441.81,0.0071798600381713,443.28,0.0248457329141926,440.12,0.0051837888784167,426.6,-0.0167264314632735,425.02,440.60999999999996,6.9620937942401,0.16660965624766425,448.39,429.45,432.576,9.776265135521587,0.1544419253731141,448.39,422.17,424.62600000000003,13.20925289730736,0.2192393782718578,448.39,402.03,392.7636,28.058776557030022,0.23212745399605475,448.39,359.36,2,5,2,1.0559645429129259,1.1416281956852885,0.016503490265134087,0.0018768852642120392,456.62,0.01835455741653469
2023-05-11,AAPL,453.36,464.06,449.17,456.62,91960885,456.62,0.0183545574165346,427.345,394.588,336.6551,0.1942938297207074,455.2162328584808,399.4737671415192,70.05332179016071,15.749013087937044,14.452079394040329,1.2969336938967153,15.782857142857145,0.0148932799167063,448.39,-0.0033161884136436,441.81,0.0071798600381713,443.28,0.0066807313642756,429.45,0.0048938873464778,427.1,446.04400000000004,6.671126591497774,0.17222515798492366,456.62,440.12,435.52799999999996,12.115933311140932,0.1674208508134939,456.62,422.17,427.34499999999997,13.935616429240385,0.19429382972070675,456.62,402.03,394.58799999999997,29.186208512698663,0.23280976494399705,456.62,359.36,3,5,2,1.0685043700029988,1.1572070108539612,0.032609171740106385,0.007190753485073231,448.44,-0.01791423941132675
2023-05-12,AAPL,450.36,457.6,439.28,448.44,55862572,448.44,-0.0179142394113267,429.6655,396.22,337.4974,0.2115876234637978,456.365715236646,402.9652847633539,69.02868501893778,15.577529576311406,14.677169430494544,0.9003601458168617,15.696428571428575,0.0183545574165346,456.62,0.0148932799167063,448.39,-0.0033161884136436,441.81,0.0248457329141926,440.12,-0.0109107937251229,422.44,447.70799999999997,5.805563710768015,0.2339080591940893,456.62,441.81,438.12800000000004,11.780334649086093,0.19024803869473111,456.62,422.17,429.66549999999995,13.350107618323031,0.21158762346379714,456.62,403.38,396.22,29.87621359502061,0.23822202825980598,456.62,359.36,4,5,2,1.0436956190314473,1.13179546716185,0.040852733921949866,-0.004263256061807782,452.63,0.009343501917759234
2023-05-15,AAPL,450.76,459.41,445.85,452.63,65821365,452.63,0.0093435019177592,432.128,397.9618,338.35505000000006,0.2118274300284208,457.68060711796977,406.5753928820302,65.92187498557959,15.599899707358986,14.861715485867434,0.7381842214915526,15.170000000000003,-0.0179142394113267,448.44,0.0183545574165346,456.62,0.0148932799167063,448.39,0.0071798600381713,443.28,-0.0006391440204526,422.17,449.578,5.5216093668226724,0.23634630898446424,456.62,441.81,441.174,11.114833132151327,0.18698483392128323,456.62,424.4,432.128,12.776303558984903,0.21182743002842025,456.62,409.93,397.9618,30.581423979468774,0.23784209157989195,456.62,359.36,0,5,2,1.0474442757677183,1.1373704712333261,0.029958244040320006,0.004148549117037572,457.57,0.01091399156043571
2023-05-16,AAPL,457.8,459.97,455.17,457.57,122947795,457.57,0.0109139915604357,434.50999999999993,399.8214,339.2488,0.2091949845935277,460.2312195830816,408.7887804169183,76.37335924373318,15.833723602540317,15.056117109202011,0.7776064933383058,14.225000000000007,0.0093435019177592,452.63,-0.0179142394113267,448.44,0.0183545574165346,456.62,-0.0033161884136436,441.81,0.0052822322760972,424.4,452.73,4.353372256053881,0.2290404093365733,457.57,448.39,444.491,10.484340121237498,0.1876273552965623,457.57,426.6,434.50999999999993,12.860609791540805,0.20919498459352712,457.57,416.92,399.8214,31.328576640605814,0.2377337121716757,457.57,359.36,1,5,2,1.053071275687434,1.1444359906669719,0.010490198221014317,-0.00050240279597972,455.68,-0.0041305155495333645
2023-05-17,AAPL,457.49,458.04,453.32,455.68,97571620,455.68,-0.0041305155495333,436.448,401.6486,340.15915,0.2073124321426378,462.42837445536713,410.4676255446328,73.22821844887525,15.685708436627806,15.182035374687171,0.5036730619406349,13.620714285714294,0.0109139915604357,457.57,0.0093435019177592,452.63,-0.0179142394113267,448.44,0.0148932799167063,448.39,0.0051837888784167,426.6,454.188,3.709632057196193,0.22817252628697945,457.57,448.44,447.399,8.88090141821268,0.19661939857968047,457.57,429.45,436.448,12.990187227683565,0.20731243214263725,457.57,421.64,401.6486,31.875205258079177,0.2382512677587038,457.57,359.36,2,5,2,1.0440648141335416,1.134524059087634,0.010358146067393059,-0.003956370631043401,465.34,0.02119908707865159
2023-05-18,AAPL,469.07,470.99,459.69,465.34,183470272,465.34,0.0211990870786515,438.487,403.6706,341.0993,0.210080624670657,466.8323403577903,410.1416596422096,82.2459410530451,16.161585917048114,15.377945483159362,0.7836404338887526,13.232857142857151,-0.0041305155495333,455.68,0.0109139915604357,457.57,0.0093435019177592,452.63,0.0183545574165346,456.62,0.0066807313642756,429.45,455.93199999999996,6.290673254888937,0.24054396032732012,465.34,448.44,450.988,8.032830966312199,0.2096840059637764,465.34,440.12,438.48699999999997,14.17267017889518,0.21008062467065647,465.34,421.64,403.6706,32.65095982024805,0.24086297578913002,465.34,359.36,3,5,2,1.06124012798313,1.15277159148783,0.024283319723160977,-0.007951904832950447,464.45,-0.001912580048996415
2023-05-19,AAPL,467.17,475.38,453.53,464.45,128262366,464.45,-0.0019125800489964,440.27,405.5924,342.02095,0.2103481479165672,470.4724425641549,410.06755743584506,81.48644621476308,16.279249630573474,15.558206312642186,0.7210433179312883,13.578571428571438,0.0211990870786515,465.34,-0.0041305155495333,455.68,0.0109139915604357,457.57,-0.0179142394113267,448.44,0.0248457329141926,440.12,459.134,5.555459476926297,0.16376801045451952,465.34,452.63,453.421,8.059876549923713,0.19228407798020417,465.34,441.81,440.27,15.10122128207746,0.2103481479165666,465.34,421.64,405.5924,33.35058207489746,0.24091733077757388,465.34,359.36,4,5,2,1.0549208440251325,1.1451151451527566,0.047044891807413024,-0.005822291671113738,465.48,0.002217676822047654
2023-05-22,AAPL,467.13,469.94,461.03,465.48,126436962,465.48,0.0022176768220476,442.462,407.5266,342.94935,0.1958050610766648,473.3276195040272,411.5963804959728,81.14952985841538,16.26808302857114,15.700181655827977,0.5679013727431634,13.7157142857143,-0.0019125800489964,464.45,0.0211990870786515,465.34,-0.0041305155495333,455.68,0.0093435019177592,452.63,0.0071798600381713,443.28,461.704,4.701003084424268,0.16537614309792073,465.48,455.68,455.64099999999996,8.013530848925223,0.1926552701278943,465.48,441.81,442.462,15.432809752013593,0.19580506107666423,465.48,422.17,407.5266,33.97009006193689,0.2408440947219575,465.48,359.36,0,5,2,1.0520225465665933,1.1422076497555198,0.019141531322464732,-0.003532207308450421,464.43,-0.0022557360144367378
2023-05-23,AAPL,466.1,472.65,456.22,464.43,45919011,464.43,-0.0022557360144367,444.071,409.3558,343.8327,0.182122902747249,476.03081417505774,412.1111858249423,79.19432009401577,15.990182322973055,15.758181789256994,0.23200053371606089,14.003571428571437,0.0022176768220476,465.48,-0.0019125800489964,464.45,0.0211990870786515,465.34,0.0109139915604357,457.57,-0.0033161884136436,441.81,463.076,4.163139440346005,0.16543348475170847,465.48,455.68,457.90299999999996,6.771948759405147,0.19144873816201843,465.48,448.39,444.071,15.979907087528847,0.18212290274724854,465.48,422.17,409.35580000000004,34.52917240980297,0.24086697121929942,465.48,359.36,1,5,2,1.0458462723279704,1.134538706911849,0.035376698318292474,-0.003582922119709146,464.7,0.0005813577934241643
2023-05-24,AAPL,468.84,469.09,460.31,464.7,108589071,464.7,0.0005813577934241,446.055,411.1968,344.73985,0.1660841548299772,477.9617097381528,414.1482902618472,78.3314579473294,15.611768011487698,15.728899033703136,-0.11713102221543892,13.44285714285715,-0.0022557360144367,464.43,0.0022176768220476,465.48,-0.0019125800489964,464.45,-0.0041305155495333,455.68,0.0148932799167063,448.39,464.88,0.4978453572765281,0.15569150284207153,465.48,464.43,459.534,6.16291813997301,0.18423367145182545,465.48,448.44,446.05499999999995,15.953354869076408,0.1660841548299768,465.48,422.17,411.1968,34.98312254531009,0.2407236715613038,465.48,359.36,2,5,2,1.0417997780519401,1.1301157985637775,0.01889391004945358,-0.008830304581501485,457.28,-0.01596729072519909
2023-05-25,AAPL,455.41,462.5,452.05,457.28,78318505,457.28,-0.015967290725199,447.564,412.8782,345.64145,0.1812813567349866,478.5371567311709,416.59084326882913,64.55223879064226,14.545468844238655,15.49221299581024,-0.9467441515715844,13.271428571428576,0.0005813577934241,464.7,-0.0022557360144367,464.43,0.0022176768220476,465.48,0.0211990870786515,465.34,0.0183545574165346,456.62,463.26800000000003,3.374428840524624,0.11470510127855744,465.48,457.28,459.6,6.131699057630089,0.18800290655253454,465.48,448.44,447.564,15.486578365585444,0.18128135673498605,465.48,422.17,412.8782,35.1400792566414,0.24501314749783829,465.48,359.36,3,5,2,1.021708627143779,1.1075421274334476,0.022852519244176733,0.004106190026560334,447.65,-0.021059307207837663
2023-05-26,AAPL,443.19,457.49,437.82,447.65,64176295,447.65,-0.0210593072078376,448.8245,414.585,346.50875,0.1950258143611619,477.4559618815145,420.1930381184855,53.33944672555782,12.776083811844217,14.948987159017037,-2.17290334717282,13.548571428571433,-0.015967290725199,457.28,0.0005813577934241,464.7,-0.0022557360144367,464.43,-0.0019125800489964,464.45,-0.0179142394113267,448.44,459.908,7.609597229799324,0.1669819741995282,465.48,447.65,459.521,6.294389830105995,0.19694169558066543,465.48,447.65,448.8245,14.315730940757255,0.19502581436116145,465.48,422.17,414.585,34.70361689377603,0.23993261994709378,465.48,359.36,4,5,2,0.9973831642412627,1.0797544532458248,0.04394057857691517,0.010063403957647772,458.65,0.024572768904277842
2023-05-29,AAPL,456.55,467.62,449.67,458.65,85561273,458.65,0.0245727689042778,450.6485,416.40899999999993,347.43155,0.208872490206574,476.6582206727141,424.6387793272859,61.23265740585301,12.121709968095388,14.383531720832707,-2.261821752737319,13.818571428571435,-0.0210593072078376,447.65,-0.015967290725199,457.28,0.0005813577934241,464.7,0.0022176768220476,465.48,0.0093435019177592,452.63,458.54200000000003,6.943152742074127,0.2826124817375276,464.7,447.65,460.12299999999993,5.833074375205155,0.22954394396234742,465.48,447.65,450.64849999999996,13.004860336357048,0.20887249020657345,465.48,424.4,416.40899999999993,34.572130290986046,0.24323248200676226,465.48,359.36,0,5,2,1.0177555234267555,1.1014411311928864,0.03913659653321891,0.004599715255712115,453.01,-0.012296958465060515
2023-05-30,AAPL,450.45,456.14,449.88,453.01,116758914,453.01,-0.0122969584650605,452.079,418.0794,348.32064999999994,0.216870844546416,474.9703579647999,429.18764203520016,53.12077815801553,11.020970233328114,13.71101942333179,-2.690049190003675,13.710714285714293,0.0245727689042778,458.65,-0.0210593072078376,447.65,-0.015967290725199,457.28,-0.0022557360144367,464.43,0.0109139915604357,457.57,456.258,6.377316833886714,0.29022476075332687,464.7,447.65,459.66700000000003,6.2202215930523765,0.2322093686950378,465.48,447.65,452.079,11.44567898239992,0.21687084454641553,465.48,426.6,418.0794,34.275327677318074,0.2461409788901891,465.48,359.36,1,5,2,1.0020593745761204,1.083550158173104,0.013818679499318276,0.005683205683193072,446.47,-0.014436767400278105
2023-05-31,AAPL,447.92,452.53,440.41,446.47,97744728,446.47,-0.0144367674002781,453.0725000000001,419.505,349.18155,0.2256813596103515,472.8161645401152,433.3288354598849,42.98354762060322,9.51126280314486,12.871068099294403,-3.3598052961495437,13.491428571428575,-0.0122969584650605,453.01,0.0245727689042778,458.65,-0.0210593072078376,447.65,0.0005813577934241,464.7,-0.0041305155495333,455.68,452.61199999999997,5.494353465129495,0.29214834545720186,458.65,446.47,458.746,7.4386575849863545,0.24178384058077265,465.48,446.47,453.07250000000005,9.87183227005759,0.22568135961035096,465.48,429.45,419.505,33.93571805935233,0.2482585236603281,465.48,359.36,2,5,2,0.9854272770892396,1.0642781373259813,0.027146280825078507,-0.003237185211637684,432.43,-0.03144668174793386
2023-06-01,AAPL,433.58,434.84,430.01,432.43,56296767,432.43,-0.0314466817479338,453.22149999999993,420.9664,349.96455000000003,0.2547422340597362,472.2464401686304,434.1965598313695,39.76211791077286,7.100053132167716,11.716865105869067,-4.616811973701351,13.358571428571432,-0.0144367674002781,446.47,-0.0122969584650605,453.01,0.0245727689042778,458.65,-0.015967290725199,457.28,0.0211990870786515,465.34,447.642,9.78225536365663,0.3365760340341812,458.65,432.43,455.4549999999999,10.743198623625801,0.24514856702707072,465.48,432.43,453.22149999999993,9.512470084315236,0.2547422340597356,465.48,432.43,420.9664,32.84871480478803,0.2390662092830412,465.48,365.4,3,6,2,0.9541250801187631,1.027231627034777,0.011169437828061917,-0.002652336362372169,428.45,-0.009203801771385023
2023-06-02,AAPL,429.25,434.71,422.18,428.45,107663454,428.45,-0.009203801771385,452.638,422.117,350.75285,0.2397576859535867,473.93501298549126,431.3409870145088,34.49602461550468,4.8125235821751176,10.335996801130278,-5.523473218955161,13.285,-0.0314466817479338,432.43,-0.0144367674002781,446.47,-0.0122969584650605,453.01,-0.0210593072078376,447.65,-0.0019125800489964,464.45,443.80199999999996,13.013213284957537,0.32440910275116447,458.65,428.45,451.855,13.15508710220786,0.24347167892692836,465.48,428.45,452.63800000000003,10.648506492745616,0.23975768595358626,465.48,428.45,422.11699999999996,32.05799376575963,0.23176665655622694,465.48,365.4,4,6,2,0.9465621534185231,1.0150029494168322,0.029244952736540385,-0.001863715783338725,420.17,-0.01932547555140618
2023-06-05,AAPL,416.1,427.84,412.5,420.17,61991149,420.17,-0.0193254755514061,451.4825,423.115,351.4696,0.2458044542365374,477.00573348181695,425.959266518183,27.00442695058949,2.304943181671831,8.72978607723859,-6.4248428955667585,13.899999999999997,-0.009203801771385,428.45,-0.0314466817479338,432.43,-0.0144367674002781,446.47,0.0245727689042778,458.65,0.0022176768220476,465.48,436.10600000000005,13.409335554001478,0.13816279073906992,453.01,420.17,447.32399999999996,15.529562632462136,0.24234742578771307,464.7,420.17,451.48249999999996,12.7616167409085,0.2458044542365369,465.48,420.17,423.115,31.175576668475813,0.23691722403574186,465.48,365.4,0,6,2,0.930645152357111,0.9930397173321839,0.03650903205836558,0.009781302571473713,430.79,0.025275483732774884
2023-06-06,AAPL,432.76,433.97,427.62,430.79,87243222,430.79,0.0252754837327748,450.9315,424.1988,352.24070000000006,0.2648512833549455,477.775566893214,424.0874331067861,36.17990004989984,1.1612269911730095,7.216074260025474,-6.054847268852464,14.548571428571424,-0.0193254755514061,420.17,-0.009203801771385,428.45,-0.0314466817479338,432.43,-0.0122969584650605,453.01,-0.0022557360144367,464.43,431.662,9.52641170639899,0.3378189239791032,446.47,420.17,443.96000000000004,15.048435872948094,0.2998365516124826,464.7,420.17,450.9315,13.422033446606987,0.264851283354945,465.48,420.17,424.19879999999995,30.459220556306548,0.24017322835301136,465.48,365.4,1,6,2,0.9553335706178093,1.0155379977477175,0.014740360732573371,-0.004552176726119369,437.51,0.015599247893405055
2023-06-07,AAPL,435.97,442.23,432.8,437.51,70858618,437.51,0.015599247893405,450.3875,425.531,353.02155,0.265428980040949,477.881527581104,422.893472418896,34.02594420300352,0.7879880727915634,5.930457022578692,-5.142468949787129,14.272142857142853,0.0252754837327748,430.79,-0.0193254755514061,420.17,-0.009203801771385,428.45,-0.0144367674002781,446.47,0.0005813577934241,464.7,429.87,6.36152497439241,0.3770231544679503,437.51,420.17,441.241,13.23137722738425,0.31974914905693874,458.65,420.17,450.3875,13.747013790551991,0.26542898004094845,465.48,420.17,425.531,29.52277911603956,0.23827052959045733,465.48,365.4,2,6,2,0.9714079542594513,1.0281507105216114,0.02155379305610947,0.0035323531435567383,433.17,-0.009919773262325404
2023-06-08,AAPL,434.6,438.78,427.56,433.17,73294101,433.17,-0.0099197732623254,449.215,426.7054,353.773,0.2567846071168987,477.5763172435345,420.8536827564655,32.72968197373879,0.1403736715208197,4.772440352367118,-4.6320666808462985,13.512857142857134,0.015599247893405,437.51,0.0252754837327748,430.79,-0.0193254755514061,420.17,-0.0314466817479338,432.43,-0.015967290725199,457.28,430.01800000000003,6.444045313296462,0.30094605689618104,437.51,420.17,438.83000000000004,12.135285557232063,0.31579686479419344,458.65,420.17,449.215,14.180658621767236,0.25678460711689816,465.48,420.17,426.7054,28.602930791030868,0.23969588844205525,465.48,365.4,3,6,2,0.9642821366139505,1.0151500309088775,0.0259020707804651,-0.003290381960415822,448.2,0.03469769374610432
2023-06-09,AAPL,448.71,458.69,437.72,448.2,108692611,448.2,0.0346976937461043,449.203,428.2952,354.5894,0.281628816064345,477.5659009725359,420.840099027464,41.73680183067791,0.8303581301090048,3.9840239079154958,-3.153665777806491,14.699285714285704,-0.0099197732623254,433.17,0.015599247893405,437.51,0.0252754837327748,430.79,-0.009203801771385,428.45,-0.0210593072078376,447.65,433.968,10.20069703499771,0.3662121159124684,448.2,420.17,438.88500000000005,12.180862266504995,0.35864587671398246,458.65,420.17,449.203,14.181450486267964,0.28162881606434453,465.48,420.17,428.29519999999997,27.501552107586523,0.2462137480820758,465.48,365.4,4,6,2,0.9977671564949527,1.0464744876873555,0.046787148594273055,-0.0011365915624765536,455.01,0.015194109772423081
2023-06-12,AAPL,453.58,466.32,443.69,455.01,52770332,455.01,0.015194109772423,449.322,430.08740000000006,355.42710000000005,0.2849160733461923,477.7652987945266,420.87870120547336,45.73060187962084,1.9047293369218892,3.5681649937167745,-1.6634356567948854,15.142142857142849,0.0346976937461043,448.2,-0.0099197732623254,433.17,0.015599247893405,437.51,-0.0193254755514061,420.17,0.0245727689042778,458.65,440.93600000000004,10.31785733569712,0.26422111636037166,455.01,430.79,438.521,11.56333328528917,0.3436893178175059,455.01,420.17,449.322,14.221649397263326,0.28491607334619173,465.48,420.17,430.08740000000006,26.208624675620054,0.24562591771220185,465.48,375.22,0,6,2,1.0126590730010712,1.0579477566628133,0.04973517065548067,0.0031526963269916095,452.95,-0.004527373024768688
2023-06-13,AAPL,449.64,455.62,449.64,452.95,174182685,452.95,-0.0045273730247686,449.091,431.62299999999993,356.24435000000005,0.2826322252925867,477.3265378165249,420.8554621834752,44.75961109065529,2.560436358363006,3.366619266646021,-0.8061829082830148,14.942142857142853,0.015194109772423,455.01,0.0346976937461043,448.2,-0.0099197732623254,433.17,0.0252754837327748,430.79,-0.0122969584650605,453.01,445.36800000000005,9.60487480396237,0.28352004550436727,455.01,433.17,438.515,11.5549924275185,0.3384498614699514,455.01,420.17,449.091,14.117768908262438,0.2826322252925861,465.48,420.17,431.62299999999993,25.215567531152892,0.2396436949753053,465.48,375.22,1,6,2,1.008592913238055,1.0494111759543645,0.013202340214122565,0.007361444711308249,436.43,-0.03647201677889389
2023-06-14,AAPL,432.89,445.25,427.6,436.43,38613123,436.43,-0.0364720167788938,448.1285,432.8472,356.9645,0.3103181040612509,476.7283691752434,419.5286308247565,41.399224481646826,1.7271534109637514,3.038726095509567,-1.3115726845458155,15.84928571428571,-0.0045273730247686,452.95,0.015194109772423,455.01,0.0346976937461043,448.2,0.015599247893405,437.51,-0.0144367674002781,446.47,445.15199999999993,9.835152261139196,0.4262303030868831,455.01,433.17,437.51099999999997,11.218267295403543,0.3805707514243406,455.01,420.17,448.1285,14.299934587621735,0.31031810406125027,465.48,420.17,432.8472,23.871378561967127,0.2558460255536791,465.48,376.57,2,6,2,0.9738947645575458,1.008277285838956,0.04044176614797226,0.008177597080070787,451.84,0.035309213390463556
2023-06-15,AAPL,454.84,457.46,446.22,451.84,62988965,451.84,0.0353092133904635,447.4535,434.3526,357.73175,0.3278406574734774,474.9592944325802,419.94770556741975,51.64973619400664,2.2839014902268673,2.8877611744530274,-0.6038596842261601,15.946428571428564,-0.0364720167788938,436.43,-0.0045273730247686,452.95,0.015194109772423,455.01,-0.0099197732623254,433.17,-0.0314466817479338,432.43,448.88599999999997,7.388641959100826,0.478971010250216,455.01,436.43,439.45199999999994,11.899927917615901,0.38353716594627596,455.01,420.17,447.45349999999996,13.752897216290103,0.3278406574734768,465.48,420.17,434.35259999999994,22.588865218893016,0.2658387021568212,465.48,381.65,3,6,2,1.0098032532966892,1.04026083877237,0.024876062322891017,-0.006595725969557217,442.67,-0.020294794617563672
2023-06-16,AAPL,446.37,448.36,436.98,442.67,92768894,442.67,-0.0202947946175636,446.3645,435.573,358.4482,0.3347402275855687,472.7382664515527,419.9907335484472,43.6161712958563,1.9625627889062116,2.7027214973436644,-0.7401587084374528,15.581428571428559,0.0353092133904635,451.84,-0.0364720167788938,436.43,-0.0045273730247686,452.95,0.0346976937461043,448.2,-0.009203801771385,428.45,447.78000000000003,7.912332146705359,0.45018273803439124,455.01,436.43,440.87399999999997,11.272213821803351,0.3985135569994274,455.01,420.17,446.36449999999996,13.186883225776374,0.33474022758556815,465.48,420.17,435.57300000000004,21.2946918028732,0.2702805295221337,465.48,384.62,4,6,2,0.9917231321016978,1.0162934800802248,0.025707637743633605,-0.008289087528265116,432.02,-0.024058553775950564
2023-06-19,AAPL,433.32,440.7,423.34,432.02,101063830,432.02,-0.0240585537759505,444.6915,436.5210000000001,359.0949,0.3430449165506363,470.1901796561994,419.19282034380063,41.93746638559479,0.8388636606475188,2.3299499300044357,-1.491086269356917,16.33571428571428,-0.0202947946175636,442.67,0.0353092133904635,451.84,-0.0364720167788938,436.43,0.015194109772423,455.01,-0.0193254755514061,420.17,443.18199999999996,9.23061048900855,0.4410191058734124,452.95,432.02,442.059,9.30508039251255,0.4067453110394441,455.01,430.79,444.6915,12.749339828099696,0.34304491655063574,464.7,420.17,436.5210000000001,19.99551554315361,0.27682481666875475,465.48,385.62,0,6,2,0.971504964675575,0.9896889267618516,0.04018332484597896,-0.0030000923105257347,438.85,0.015809453266052653
2023-06-20,AAPL,435.37,449.1,428.59,438.85,76848530,438.85,0.0158094532660526,443.4125,437.5856,359.7773,0.3498412832207898,467.2548134474252,419.57018655257485,47.07956461245505,0.4937562107508029,1.9627111861537092,-1.4689549754029063,16.900714285714283,-0.0240585537759505,432.02,-0.0202947946175636,442.67,0.0353092133904635,451.84,-0.0045273730247686,452.95,0.0252754837327748,430.79,440.36199999999997,7.490111481132924,0.47894487819681314,451.84,432.02,442.86499999999995,8.537965214265668,0.3948850580895184,455.01,432.02,443.4125,11.921156723712587,0.34984128322078917,464.7,420.17,437.5856,18.59836246466633,0.2784390125898391,465.48,387.87,1,6,2,0.9897104840278754,1.0028894917908568,0.04673578671517218,0.007993201185180479,455.36,0.03762105503019253
2023-06-21,AAPL,454.47,466.3,444.42,455.36,78184416,455.36,0.0376210550301925,442.9455,438.9354,360.5087,0.377888377653344,465.355032252781,420.535967747219,58.624840135253535,1.534783066692171,1.8771255622614018,-0.3423424955692309,17.68571428571428,0.0158094532660526,438.85,-0.0240585537759505,432.02,-0.0202947946175636,442.67,-0.0364720167788938,436.43,0.015599247893405,437.51,444.148,9.516005989898973,0.4701565764769186,455.36,432.02,444.65,9.13879641966113,0.429838544673759,455.36,432.02,442.9455,11.204766126390492,0.3778883776533434,458.65,420.17,438.9354,17.321831006805645,0.28919260834225363,465.48,402.03,2,6,2,1.0280271500646738,1.0374191737530456,0.048049894588791164,0.001958325081959267,465.07,0.02132378777231203
2023-06-22,AAPL,467.2,472.76,457.38,465.07,94277887,465.07,0.021323787772312,443.335,440.192,361.30375,0.3811366614975502,467.0276384302895,419.64236156971054,63.20496177062695,3.107498887538611,2.1232002273168438,0.9842986602217674,18.033571428571424,0.0376210550301925,455.36,0.0158094532660526,438.85,-0.0240585537759505,432.02,0.0353092133904635,451.84,-0.0099197732623254,433.17,446.794,13.283204809073327,0.4293339594006815,465.07,432.02,447.84,10.193044469419709,0.42943930757158993,465.07,432.02,443.33500000000004,11.846319215144737,0.3811366614975496,465.07,420.17,440.19199999999995,16.878774498499293,0.2818374617271566,465.48,402.03,3,6,2,1.0490261314783427,1.0565162474532557,0.033070290493833025,-0.0045590753424559856,469.18,0.008837379319242222
2023-06-23,AAPL,471.8,474.88,463.48,469.18,72937203,469.18,0.0088373793192422,444.4115,441.535,362.0769,0.3727458143982737,470.7395441034791,418.0834558965209,68.22068554572765,4.632133802588839,2.624986942371243,2.0071468602175964,17.70857142857142,0.021323787772312,465.07,0.0376210550301925,455.36,0.0158094532660526,438.85,-0.0202947946175636,442.67,0.0346976937461043,448.2,452.096,16.196787644461477,0.3609540984212925,469.18,432.02,449.938,12.23080518835814,0.4022761754271404,469.18,432.02,444.4115,13.164022051739552,0.37274581439827303,469.18,420.17,441.535,16.446289731064827,0.2820086839701415,469.18,403.38,4,6,2,1.0557332562252424,1.0626111180290065,0.024297710899816017,-0.005553200508678362,473.54,0.009292808730124946
2023-06-26,AAPL,469.93,483.37,463.72,473.54,139672324,473.54,0.0092928087301249,445.15600000000006,442.9382,362.87225,0.3646648563921405,473.909716757445,416.4022832425552,66.66926615508564,6.121666755376452,3.324322904972285,2.797343850404167,18.126428571428562,0.0088373793192422,469.18,0.021323787772312,465.07,0.0376210550301925,455.36,-0.0240585537759505,432.02,0.015194109772423,455.01,460.4,13.796385396174081,0.18765128918737126,473.54,438.85,451.791,14.31132608965563,0.3991156207920942,473.54,432.02,445.15600000000006,14.376858378722467,0.36466485639213986,473.54,420.17,442.9382,16.11413965105299,0.2823350971571697,473.54,409.93,0,6,2,1.0637619171682202,1.0690881933392309,0.0414959665497286,0.0076819951907567754,479.81,0.013240697723529093
2023-06-27,AAPL,475.01,484.61,475.0,479.81,111917979,479.81,0.013240697723529,446.496,444.3358,363.73185,0.3627880035298243,479.03905481728856,413.9529451827114,66.55188604686396,7.7190881086387435,4.2032759457055775,3.515812162933166,18.09999999999999,0.0092928087301249,473.54,0.0088373793192422,469.18,0.021323787772312,465.07,0.0158094532660526,438.85,-0.0045273730247686,452.95,468.592,9.194594607689412,0.1908960204421917,479.81,455.36,454.47700000000003,16.848678187522033,0.39809736380404837,479.81,432.02,446.496,16.271527408644282,0.36278800352982365,479.81,420.17,444.3358,16.222894767975955,0.28171192933447503,479.81,416.92,1,6,2,1.0746120905874306,1.0798364660216895,0.02002876138467307,0.010105050419969909,485.46,0.011775494466559566
2023-06-28,AAPL,487.52,493.37,477.56,485.46,113426650,485.46,0.0117754944665595,448.4455,445.7066,364.6162000000001,0.3578559430195036,485.3598278273668,411.5311721726332,70.25331163542066,9.333374489586333,5.229295654481729,4.1040788351046045,18.427857142857135,0.013240697723529,479.81,0.0092928087301249,473.54,0.0088373793192422,469.18,0.0376210550301925,455.36,-0.0364720167788938,436.43,474.61199999999997,8.160941734857595,0.08010625144769863,485.46,465.07,459.37999999999994,18.100827482619977,0.31972583979985425,485.46,432.02,448.4455,18.457163913683374,0.3578559430195029,485.46,420.17,445.7066,16.74633832775139,0.28063500710512407,485.46,420.17,2,6,2,1.0825395728107818,1.0891918584981932,0.03256704980836204,-0.00422546767311244,487.68,0.004572982326041419
2023-06-29,AAPL,486.28,493.62,481.74,487.68,54356486,487.68,0.0045729823260414,451.2080000000001,446.969,365.5268,0.3318480836191078,491.21561169681513,411.200388303185,66.97626418182261,10.668859551700962,6.317208433925575,4.351651117775386,17.453571428571422,0.0117754944665595,485.46,0.013240697723529,479.81,0.0092928087301249,473.54,0.021323787772312,465.07,0.0353092133904635,451.84,479.134,7.808398043115671,0.05260104361619787,487.68,469.18,462.96400000000006,19.900718691656852,0.28981531414056094,487.68,432.02,451.2080000000001,20.003805848407538,0.3318480836191071,487.68,420.17,446.96899999999994,17.482619619933107,0.27851390182046554,487.68,420.17,3,6,2,1.080831900141219,1.0910823793124556,0.02436023622042248,0.0028789997532227426,488.61,0.0019069881889763884
2023-06-30,AAPL,486.21,497.47,479.75,488.61,77499482,488.61,0.0019069881889763,454.216,448.1654,366.42215,0.3273036241080863,496.0248746056192,412.4071253943808,65.21739129607752,11.667785346215794,7.387323816383621,4.2804615298321735,17.10285714285714,0.0045729823260414,487.68,0.0117754944665595,485.46,0.013240697723529,479.81,0.0088373793192422,469.18,-0.0202947946175636,442.67,483.0200000000001,6.306579897196744,0.07618745647169152,488.61,473.54,467.558,19.997694200415967,0.24792996469484307,488.61,432.02,454.216,20.904437302809573,0.3273036241080857,488.61,420.17,448.16540000000003,18.24346997627562,0.2780539827511348,488.61,420.17,4,6,2,1.0757216830735252,1.0902448069371482,0.03626614273134762,0.004936138705487543,488.31,-0.0006139866150918216
2023-07-03,AAPL,483.56,493.1,483.52,488.31,70940411,488.31,-0.0006139866150918,457.6230000000001,449.4988,367.33055,0.3139671768212543,498.8515854334224,416.3944145665777,66.27393224477325,12.293521677004208,8.368563388507738,3.9249582884964695,17.359999999999996,0.0019069881889763,488.61,0.0045729823260414,487.68,0.0117754944665595,485.46,0.0092928087301249,473.54,-0.0240585537759505,432.02,485.974,3.6597445265648343,0.09661380455633088,488.61,479.81,473.187,16.499190586208112,0.17482211483485421,488.61,438.85,457.62300000000005,20.614292716711162,0.3139671768212538,488.61,430.79,449.49879999999996,18.695999751113526,0.27459534917820055,488.61,420.17,0,7,3,1.0670573812918775,1.086343278333365,0.019618684851795833,0.009822979568182184,482.99,-0.010894718518973612
2023-07-04,AAPL,483.37,487.25,478.72,482.99,53505587,482.99,-0.0108947185189736,460.233,450.5136,368.2221,0.3134072238207879,500.9147300775686,419.5512699224314,73.89162560514694,12.219286361502213,9.138707983106634,3.080578378395579,16.23428571428571,-0.0006139866150918,488.31,0.0019069881889763,488.61,0.0045729823260414,487.68,0.013240697723529,479.81,0.0158094532660526,438.85,486.61,2.3696940730229743,0.13118798344172763,488.61,482.99,477.601,11.412687335691007,0.2083259674280806,488.61,455.36,460.233,20.340865038784308,0.3134072238207874,488.61,432.02,450.51359999999994,19.11305161080539,0.2716019226102425,488.61,420.17,1,7,3,1.0494466933030673,1.0720875019065528,0.017660821134976527,-0.0007861472577926005,481.12,-0.003871715770512818
2023-07-05,AAPL,484.5,492.36,469.88,481.12,92396796,481.12,-0.0038717157705128,462.4135,451.63560000000007,369.14635,0.313052246632817,502.6394551062421,422.1875448937579,67.44934444643278,11.872699873727015,9.685506361230711,2.187193512496304,16.337857142857143,-0.0108947185189736,482.99,-0.0006139866150918,488.31,0.0019069881889763,488.61,0.0117754944665595,485.46,0.0376210550301925,455.36,485.742,3.4464576016138255,0.09483846787929066,488.61,481.12,480.17699999999996,8.324050896850272,0.148062759473634,488.61,465.07,462.4135,20.11297755312105,0.3130522466328166,488.61,432.02,451.63560000000007,19.23220737858295,0.2684699180321384,488.61,420.17,2,7,3,1.0404540524854045,1.065283604744477,0.046724309943368174,-0.006976264189872073,469.21,-0.024754738942467602
2023-07-06,AAPL,473.51,473.51,465.91,469.21,64519553,469.21,-0.0247547389424676,464.2155000000001,452.4778,370.02055,0.326534493412374,502.0855589828864,426.3454410171137,65.31625114364692,10.515770860527425,9.851559261090054,0.6642115994373707,16.362857142857145,-0.0038717157705128,481.12,-0.0108947185189736,482.99,-0.0006139866150918,488.31,0.0045729823260414,487.68,0.021323787772312,465.07,482.04800000000006,7.887256810813767,0.16990491342039796,488.61,469.21,480.591,7.556807747544855,0.186395654241552,488.61,469.18,464.2155000000001,18.935029491443178,0.32653449341237356,488.61,432.02,452.4778,19.057063106487764,0.27534309641955784,488.61,420.17,3,7,3,1.010759011706824,1.0369790517876523,0.01619743824723209,-0.009081117611013347,468.68,-0.0011295581935593102
2023-07-07,AAPL,469.3,475.77,461.59,468.68,103978917,468.68,-0.0011295581935593,465.2395,453.4026,370.9442000000001,0.3062981378590555,502.386818370296,428.092181629704,73.95452168014424,9.290532791946248,9.739353967261295,-0.4488211753150466,15.995000000000001,-0.0247547389424676,469.21,-0.0038717157705128,481.12,-0.0108947185189736,482.99,0.0019069881889763,488.61,0.0088373793192422,469.18,478.062,8.732666832058499,0.16024206343979672,488.31,468.68,480.541,7.641873606795837,0.18122881490980863,488.61,468.68,465.2395,18.573659185147992,0.3062981378590551,488.61,432.02,453.4026,18.688035112528706,0.2738505299121431,488.61,420.17,4,7,3,1.0073951158467684,1.033694998658954,0.030255184774195084,-0.0013211165565708148,461.94,-0.014380814201587433
2023-07-10,AAPL,462.07,466.29,457.59,461.94,52140917,461.94,-0.0143808142015874,465.586,454.198,371.867,0.3079168188454646,502.4598340547006,428.7121659452993,65.10532512218401,7.6870496009843805,9.328893094005913,-1.6418434930215327,15.322142857142856,-0.0011295581935593,468.68,-0.0247547389424676,469.21,-0.0038717157705128,481.12,-0.0006139866150918,488.31,0.0092928087301249,473.54,472.788,8.956281036219387,0.1482528802929388,482.99,461.94,479.381,9.48162720446573,0.18596833600912072,488.61,461.94,465.58599999999996,18.43691702735033,0.30791681884546424,488.61,432.02,454.198,18.170770989892134,0.27631629856557094,488.61,420.17,0,7,3,0.9921690085161663,1.0170454295240907,0.018833614755122338,-0.00028134265370985807,454.51,-0.016084339957570304
2023-07-11,AAPL,450.73,457.13,450.73,454.51,159117493,454.51,-0.0160843399575703,465.664,454.8002,372.73625,0.3133210875507599,502.4317372305055,428.89626276949457,49.3689680669463,5.750451094094217,8.613204694023574,-2.8627535999293574,14.162142857142856,-0.0143808142015874,461.94,-0.0011295581935593,468.68,-0.0247547389424676,469.21,-0.0108947185189736,482.99,0.013240697723529,479.81,467.092,9.857006137755635,0.1525232102952572,481.12,454.51,476.851,12.308465424703845,0.1747725468641546,488.61,454.51,465.66400000000004,18.383868615252723,0.3133210875507596,488.61,432.02,454.8002,17.654688512957524,0.27914042677599316,488.61,420.17,1,7,3,0.9760471069247869,0.999361917604699,0.014081098325638372,0.008386395402994223,455.89,0.0030362368264724715
2023-07-12,AAPL,456.33,458.5,453.28,455.89,55896041,455.89,0.0030362368264724,466.637,455.386,373.5953,0.2814971275122275,501.10540084542606,432.16859915457394,42.22297525260722,4.2777263255154026,7.74610902032194,-3.4683826948065377,13.29214285714286,-0.0160843399575703,454.51,-0.0143808142015874,461.94,-0.0011295581935593,468.68,-0.0038717157705128,481.12,0.0117754944665595,485.46,462.046,6.892599654684775,0.18105740520660413,469.21,454.51,473.89400000000006,13.504299891352131,0.15521000645389024,488.61,454.51,466.637,17.234200422713016,0.2814971275122273,488.61,432.02,455.38599999999997,17.179420293840284,0.2790372032627449,488.61,420.17,2,7,3,0.976969250185954,1.0011067533894298,0.01145013051391471,-0.0009642144938948426,465.66,0.021430608260764705
2023-07-13,AAPL,464.55,469.62,461.7,465.66,87334674,465.66,0.0214306082607647,467.3280000000001,456.1102,374.49365000000006,0.2636799945195839,501.0943467468786,433.5616532531215,47.27891155439234,3.8545063350274518,6.967788483263043,-3.113282148235591,13.458571428571434,0.0030362368264724,455.89,-0.0160843399575703,454.51,-0.0143808142015874,461.94,-0.0247547389424676,469.21,0.0045729823260414,487.68,461.33599999999996,6.108381946126323,0.24141756638659764,468.68,454.51,471.692,12.782592155828125,0.203572169287874,488.61,454.51,467.3280000000001,16.883173373439284,0.2636799945195838,488.61,432.02,456.1102,16.823299743054456,0.2823955632731674,488.61,420.17,3,7,3,0.9964307723889935,1.020937483965452,0.01700811751059358,0.0023894091055809367,472.28,0.014216381050551785
2023-07-14,AAPL,473.29,482.83,461.73,472.28,109812059,472.28,0.0142163810505517,468.8085,456.7534,375.44520000000006,0.2538805616624781,500.55903105231647,437.0579689476835,49.05885866915408,4.007088891368596,6.375648564884154,-2.3685596735155574,13.562142857142861,0.0214306082607647,465.66,0.0030362368264724,455.89,-0.0160843399575703,454.51,-0.0011295581935593,468.68,0.0019069881889763,488.61,462.05600000000004,7.2885890266745506,0.26593966368416877,472.28,454.51,470.0589999999999,11.343192231467103,0.2229372274548712,488.31,454.51,468.8085,15.875265526158248,0.2538805616624779,488.61,432.02,456.75339999999994,16.814254109685155,0.27891642199060174,488.61,420.17,4,7,3,1.00740494252769,1.033993397748032,0.04467688659260458,-0.0021339981829278324,461.44,-0.0229524858135004
2023-07-17,AAPL,460.42,466.36,456.53,461.44,63673627,461.44,-0.0229524858135004,470.2795,457.11660000000006,376.3431000000001,0.2523215918836469,497.2144364013768,443.3445635986232,37.155642560198864,3.2162394538424337,5.7437667426758106,-2.527527288833377,13.896428571428576,0.0142163810505517,472.28,0.0214306082607647,465.66,0.0030362368264724,455.89,-0.0143808142015874,461.94,-0.0006139866150918,488.31,461.95599999999996,7.2940064436330765,0.3028759572103013,472.28,454.51,467.372,9.585872475217135,0.24271403564529526,482.99,454.51,470.2795,13.467468200688392,0.2523215918836469,488.61,438.85,457.11660000000006,16.713109801118634,0.28395333026447506,488.61,420.17,0,7,3,0.9812037309706649,1.0094579807405604,0.021302877947249346,0.002215368576512242,454.8,-0.014389736477115056
2023-07-18,AAPL,452.43,465.72,443.88,454.8,112506848,454.8,-0.014389736477115,471.077,457.3764,377.2074,0.2554049200610482,494.85298354817417,447.3010164518257,28.85517240822109,2.0302891600103976,5.001071226142728,-2.9707820661323305,14.327142857142864,-0.0229524858135004,461.44,0.0142163810505517,472.28,0.0214306082607647,465.66,-0.0160843399575703,454.51,-0.0108947185189736,482.99,462.014,7.220781121164154,0.2974211650338854,472.28,454.8,464.55300000000005,8.57429109476642,0.24549184614671019,481.12,454.51,471.07699999999994,11.887991774087107,0.2554049200610482,488.61,454.51,457.3764,16.570673475400127,0.285892568493722,488.61,420.17,1,7,3,0.9654472623351057,0.9943670027552923,0.04802110817931401,0.005238379417798922,461.42,0.01455584872471416
2023-07-19,AAPL,457.68,469.09,453.74,461.42,48928164,461.42,0.0145558487247141,471.38,457.637,378.1286,0.2237970245628466,494.45680539778544,448.30319460221455,32.92587775733469,1.6060797940734801,4.322072939728878,-2.715993145655398,14.575000000000005,-0.014389736477115,454.8,-0.0229524858135004,461.44,0.0142163810505517,472.28,0.0030362368264724,455.89,-0.0038717157705128,481.12,463.12000000000006,6.428296819512834,0.31490510831996343,472.28,454.8,462.58299999999997,6.308789371451961,0.2662785165106206,472.28,454.51,471.38,11.538402698892726,0.22379702456284659,488.61,454.51,457.63699999999994,16.528869888642603,0.28580763997396574,488.61,420.17,2,7,3,0.9788705502970452,1.0082663770608402,0.03326687183036431,0.008171648313214118,454.82,-0.014303671275627483
2023-07-20,AAPL,453.14,461.06,448.57,454.82,143004159,454.82,-0.0143036712756274,470.8675,457.601,378.9847,0.2159640029084897,494.9669622128007,446.7680377871992,29.538573326710164,0.7289233986064119,3.603443031504385,-2.874519632897973,14.227142857142862,0.0145558487247141,461.42,-0.014389736477115,454.8,-0.0229524858135004,461.44,0.0214306082607647,465.66,-0.0247547389424676,469.21,460.95200000000006,7.145440504249003,0.2803787576360297,472.28,454.8,461.14400000000006,6.270275910995559,0.24806508892748458,472.28,454.51,470.86749999999995,12.049731106400358,0.21596400290848963,488.61,454.51,457.601,16.53308979480312,0.28485384795353086,488.61,420.17,3,7,3,0.9659192872709076,0.9939226531388832,0.0274614133063026,0.0037074634770629376,453.44,-0.003034167362912843
2023-07-21,AAPL,449.78,460.97,445.91,453.44,80454060,453.44,-0.0030341673629128,470.0805,457.7010000000001,379.81465,0.2128621744416419,495.4086914703111,444.75230852968895,29.157202625126104,-0.07669968500579216,2.86741448820235,-2.944114173208142,14.61857142857143,-0.0143036712756274,454.82,0.0145558487247141,461.42,-0.014389736477115,454.8,0.0142163810505517,472.28,-0.0011295581935593,468.68,457.184,3.9162073489242637,0.22970974511091996,461.44,453.44,459.62,6.084422733506479,0.24784710635713006,472.28,453.44,470.08050000000003,12.664095735155547,0.2128621744416418,488.61,453.44,457.7010000000001,16.491618062709566,0.2819642220701805,488.61,420.17,4,7,3,0.964600743913086,0.9906904289022949,0.0332127734649938,0.00813731157452952,457.35,0.00862297106563159
2023-07-24,AAPL,454.4,464.37,450.34,457.35,63020626,457.35,0.0086229710656315,469.271,457.7954,380.6684,0.2124195670431456,495.1622656680508,443.3797343319493,34.411478593363825,-0.3951029592317923,2.2149109987155216,-2.610013957947314,14.935714285714292,-0.0030341673629128,453.44,-0.0143036712756274,454.82,0.0145558487247141,461.42,-0.0229524858135004,461.44,-0.0143808142015874,461.94,456.366,3.1589207017223058,0.20886862505910167,461.42,453.44,459.16100000000006,6.063052861390062,0.24565835320540466,472.28,453.44,469.271,12.945632834025393,0.21241956704314544,488.61,453.44,457.79540000000003,16.475499708743857,0.28185098958407395,488.61,420.17,0,7,3,0.9745967681766515,0.9990270762856093,0.03067672460909446,0.006492077464774546,450.91,-0.014081119492729832
2023-07-25,AAPL,455.3,460.01,441.81,450.91,70976861,450.91,-0.0140811194927298,467.826,457.6622,381.4889,0.2091264610601446,494.4559952763779,441.1960047236221,32.59993087828133,-1.1537938098734344,1.5411700369977304,-2.6949638468711647,14.630000000000004,0.0086229710656315,457.35,-0.0030341673629128,453.44,-0.0143036712756274,454.82,-0.014389736477115,454.8,-0.0160843399575703,454.51,455.588,4.006378664051995,0.20769649067247126,461.42,450.91,458.80100000000004,6.463544693123888,0.24237300073989151,472.28,450.91,467.826,13.314997638188933,0.20912646106014451,488.61,450.91,457.6622,16.50425625869942,0.282623135288388,488.61,420.17,1,7,3,0.9638412572175044,0.9852463235963442,0.040362821849059954,-0.009641994289458257,451.78,0.0019294315938878093
2023-07-26,AAPL,451.27,456.59,446.96,451.78,110563978,451.78,0.0019294315938878,466.142,457.5842,382.30875,0.2027102483071542,492.33277025050336,439.95122974949663,38.49808630673122,-1.6656593616881423,0.899804157260556,-2.5654635189486985,14.231428571428577,-0.0140811194927298,450.91,0.0086229710656315,457.35,-0.0030341673629128,453.44,0.0145558487247141,461.42,0.0030362368264724,455.89,453.66,2.554750477008365,0.1593540509932403,457.35,450.91,458.39,6.791563393898574,0.2419598955817358,472.28,450.91,466.142,13.095385125251681,0.20271024830715426,488.61,450.91,457.5842,16.523020563152794,0.2825103094403094,488.61,420.17,2,7,3,0.9691896460714349,0.9873155585332987,0.021315684625212893,0.0011301438163380255,442.97,-0.019500641905352056
2023-07-27,AAPL,443.26,448.32,437.63,442.97,63322740,442.97,-0.019500641905352,463.9065,457.1368,383.1275,0.2079214932198556,489.9889605514879,437.824039448512,34.705532415397045,-2.7505037756547495,0.16974257067749488,-2.9202463463322443,14.229285714285718,0.0019294315938878,451.78,-0.0140811194927298,450.91,0.0086229710656315,457.35,-0.0143036712756274,454.82,0.0214306082607647,465.66,451.2900000000001,5.266711497678484,0.18272516898724442,457.35,442.97,456.121,7.807175403293193,0.22317391226551792,472.28,442.97,463.90649999999994,13.04123027574397,0.20792149321985556,488.61,442.97,457.1368,16.61135233162767,0.28156540501040084,488.61,420.17,3,7,3,0.9548691384989113,0.9690097143765959,0.02413255976697263,-0.0006542435590834034,439.15,-0.00862360882226798
2023-07-28,AAPL,442.43,449.19,429.1,439.15,59280686,439.15,-0.0086236088222679,461.4335,456.6308,383.93185000000005,0.2068306726021659,487.0283467469309,435.838653253069,35.954640693906484,-3.8738376751937835,-0.6389734784967608,-3.2348641966970226,14.872142857142856,-0.019500641905352,442.97,0.0019294315938878,451.78,-0.0140811194927298,450.91,-0.0030341673629128,453.44,0.0142163810505517,472.28,448.43199999999996,7.295020219285504,0.18283544207210406,457.35,439.15,452.808,7.193436514552399,0.19623961134540596,461.44,439.15,461.4335,12.797423373465477,0.2068306726021659,488.31,439.15,456.6308,16.768626297885145,0.28210056462853483,488.61,420.17,4,7,3,0.9517081009485621,0.9617178692261631,0.04574746669692412,-0.00741360215173613,441.41,0.005146305362632386
2023-07-31,AAPL,445.78,451.97,430.84,441.41,73215854,441.41,0.0051463053626323,459.0885,456.1494,384.7612,0.2095329115390256,482.84303709568906,435.33396290431085,41.37704054003058,-4.529511383662339,-1.4170810595298766,-3.112430324132462,15.58071428571429,-0.0086236088222679,439.15,-0.019500641905352,442.97,0.0019294315938878,451.78,0.0086229710656315,457.35,-0.0229524858135004,461.44,445.244,5.740869272139038,0.16579335721532887,451.78,439.15,450.805,7.310514877748589,0.18326030204093038,461.42,439.15,459.08849999999995,11.877268547844558,0.2095329115390256,482.99,439.15,456.1494,16.85468001499646,0.28234700985342864,488.61,420.17,0,7,3,0.9614921741647603,0.9676873410313207,0.04786932783569059,-0.009803041859190958,431.13,-0.023289005686323416
2023-08-01,AAPL,431.84,440.98,421.28,431.13,49960954,431.13,-0.0232890056863234,456.4955,455.4834,385.55925,0.2186162422208158,480.5841245046332,432.4068754953668,35.41126560811034,-5.811654472819612,-2.2959957421878237,-3.515658730631788,16.64571428571429,0.0051463053626323,441.41,-0.0086236088222679,439.15,-0.019500641905352,442.97,-0.0140811194927298,450.91,-0.014389736477115,454.8,441.288,7.42768604612484,0.19986495385002995,451.78,431.13,448.438,9.405148471862738,0.20143139315408984,461.42,431.13,456.4955,12.044312252316619,0.2186162422208158,481.12,431.13,455.48339999999996,17.175656671038535,0.2867775976569571,488.61,420.17,1,8,3,0.9444342824826435,0.9465328483959096,0.0456938742373631,-0.001644127454608965,434.13,0.006958458005705825
2023-08-02,AAPL,436.85,439.95,428.32,434.13,165710816,434.13,0.0069584580057058,454.146,454.872,386.37755,0.2230687571261052,477.2689677570516,431.0230322429484,29.811755661193917,-6.510636614207044,-3.138923916591668,-3.371712697615376,16.49571428571429,-0.0232890056863234,431.13,0.0051463053626323,441.41,-0.0086236088222679,439.15,0.0019294315938878,451.78,0.0145558487247141,461.42,437.758,4.988298307018577,0.21923099425429066,442.97,431.13,445.709,9.176198014428538,0.1833013357495035,457.35,431.13,454.146,11.56148387852579,0.2230687571261051,472.28,431.13,454.87199999999996,17.38371710561125,0.287352655520481,488.61,420.17,2,8,3,0.9559260678263027,0.9544003587801526,0.026789210605056565,-0.00622639349889848,434.15,4.6069149793881436e-05
2023-08-03,AAPL,432.65,443.1,425.21,434.15,63781858,434.15,4.606914979388144e-05,452.3929999999999,454.4094,387.1585,0.2110312645680301,476.0179022052884,428.7680977947114,23.331934531729654,-6.982481464419834,-3.9076354261573014,-3.0748460382625327,16.26642857142858,0.0069584580057058,434.13,-0.0232890056863234,431.13,0.0051463053626323,441.41,-0.019500641905352,442.97,-0.0143036712756274,454.82,435.994,4.178119194064179,0.19660459887599763,441.41,431.13,443.642,9.223754116410566,0.17924786209455687,457.35,431.13,452.3929999999999,11.812451102644234,0.21103126456802992,472.28,431.13,454.4094,17.624420836909582,0.2853622264770282,488.61,420.17,3,8,3,0.9596744423522034,0.9554159751075673,0.04120695612106147,0.0034670056627679026,437.91,0.008660601174709237
2023-08-04,AAPL,436.21,444.27,431.55,437.91,111572360,437.91,0.0086606011747092,450.8544999999999,454.2146,387.94435,0.2154834714910299,474.01661650630297,427.69238349369687,31.7342027566484,-6.972645019835454,-4.520637344892933,-2.4520076749425215,16.050000000000008,4.606914979388144e-05,434.15,0.0069584580057058,434.13,-0.0232890056863234,431.13,-0.0086236088222679,439.15,-0.0030341673629128,453.44,435.746,3.9758621706251343,0.20865512032386896,441.41,431.13,442.08900000000006,8.682266025257068,0.19128610504929355,457.35,431.13,450.8544999999999,11.581058253151514,0.21548347149102975,472.28,431.13,454.2146,17.75400710273147,0.28233759378968165,488.61,420.17,4,8,3,0.9712889635104648,0.964103751836766,0.02904706446523469,0.003897205474418625,439.53,0.0036993902856750083
2023-08-07,AAPL,438.68,446.11,432.96,439.53,86991870,439.53,0.003699390285675,449.734,453.8322,388.7498000000001,0.2126934318138718,472.80616541291766,426.6618345870824,37.14430037851454,-6.756247292370858,-4.967759334388518,-1.7884879579823405,15.429285714285722,0.0086606011747092,437.91,4.606914979388144e-05,434.15,0.0069584580057058,434.13,0.0051463053626323,441.41,0.0086229710656315,457.35,435.37,3.3451756306371383,0.20643136227646855,439.53,431.13,440.30699999999996,6.833990293622898,0.1840724976336334,451.78,431.13,449.73400000000004,11.536082706458824,0.21269343181387168,472.28,431.13,453.8322,17.86210608625121,0.27671919322126587,488.61,420.17,0,8,3,0.9773110327416266,0.9684857090330556,0.029918321843719693,0.0019376310750388172,448.77,0.021022455805064455
2023-08-08,AAPL,450.32,452.85,444.69,448.77,53958380,448.77,0.0210224558050644,449.447,453.7474,389.589,0.2216210460112662,472.4115705151718,426.4824294848282,39.80003224387677,-5.7726166250709525,-5.128730792525005,-0.6438858325459478,15.284285714285728,0.003699390285675,439.53,0.0086606011747092,437.91,4.606914979388144e-05,434.15,-0.0232890056863234,431.13,-0.0140811194927298,450.91,438.89799999999997,6.002276234879759,0.1262087942231272,448.77,434.13,440.093,6.489920475458555,0.21197229447190777,451.78,431.13,449.447,11.482285257585898,0.22162104601126595,472.28,431.13,453.74739999999997,17.876148264524662,0.2796341759627963,488.61,420.17,1,8,3,0.998493704483513,0.989030460558035,0.018183033625201867,-0.0034419968022663203,449.77,0.00222831294426995
2023-08-09,AAPL,451.41,457.33,442.2,449.77,79809676,449.77,0.0022283129442699,449.1410000000001,453.81340000000006,390.40289999999993,0.2214665124411935,471.9063197926603,426.3756802073398,45.52384327889853,-4.856408932741203,-5.074266420568245,0.2178574878270414,15.447142857142868,0.0210224558050644,448.77,0.003699390285675,439.53,0.0086606011747092,437.91,0.0069584580057058,434.13,0.0019294315938878,451.78,442.02599999999995,6.903874274622675,0.13312853757089446,449.77,434.15,439.892,6.107608733738828,0.2120693530232247,449.77,431.13,449.1410000000001,11.382659896330125,0.22146651244119328,472.28,431.13,453.81340000000006,17.85481043166738,0.27771670212874955,488.61,420.17,2,8,3,1.0014004510810603,0.9910901705392764,0.03363941570128367,-0.003633060853761348,447.03,-0.006092002579096034
2023-08-10,AAPL,445.38,450.93,443.13,447.03,109467504,447.03,-0.006092002579096,448.20949999999993,454.1054,391.18255,0.2062046994566894,469.6126925557352,426.8063074442647,44.45213777700656,-4.3018142002009085,-4.919775976494778,0.6179617762938694,14.928571428571441,0.0022283129442699,449.77,0.0210224558050644,448.77,0.003699390285675,439.53,4.606914979388144e-05,434.15,-0.019500641905352,442.97,444.602,5.488252909605407,0.15843554402384474,449.77,437.91,440.29799999999994,6.459743372955539,0.18744503300612025,449.77,431.13,448.20949999999993,10.701596277867633,0.20620469945668923,472.28,431.13,454.10540000000003,17.615751324722197,0.2684922324446801,488.61,420.17,3,8,3,0.9973684181147492,0.9844190357547291,0.017448493389666385,0.003704701603117052,448.0,0.002169876742053267
2023-08-11,AAPL,444.72,453.21,442.79,448.0,74196879,448.0,0.0021698767420532,446.9955,454.4964,391.9653,0.1979394651463919,465.1593049282804,428.8316950717196,41.47364580374554,-3.740900216584407,-4.684000824512704,0.9431006079282964,14.670714285714293,-0.006092002579096,447.03,0.0022283129442699,449.77,0.0210224558050644,448.77,0.0086606011747092,437.91,-0.0086236088222679,439.15,446.62,4.089180847038801,0.15802060220697517,449.77,439.53,441.183,6.877703185737965,0.17963647996893986,449.77,431.13,446.9955,9.081902464140207,0.19793946514639177,461.44,431.13,454.4964,17.24780515583463,0.2675243031051594,488.61,420.17,4,8,3,1.0022472262002589,0.9857063774300837,0.023258928571376562,0.007375427235097583,451.82,0.008526785714285667
2023-08-14,AAPL,453.02,461.81,441.84,451.82,128930282,451.82,0.0085267857142856,446.5145,455.1294,392.7807,0.1861148288876186,463.54168009842505,429.4873199015749,50.87148054563872,-2.9540770075790874,-4.33801606112598,1.383939053546893,14.797142857142868,0.0021698767420532,448.0,-0.006092002579096,447.03,0.0022283129442699,449.77,0.003699390285675,439.53,0.0051463053626323,441.41,449.078,1.8336220984119658,0.15998066071091024,451.82,447.03,442.224,7.659290944844524,0.1820506477703242,451.82,431.13,446.51449999999994,8.513590049212564,0.1861148288876184,461.42,431.13,455.1294,16.528070915985325,0.26390735666240656,488.61,430.79,0,8,3,1.0118820329440323,0.9927286613411643,0.044199017307679674,-0.0026488896737392165,452.31,0.0010845026780577083
2023-08-15,AAPL,448.94,456.44,448.17,452.31,120377518,452.31,0.0010845026780577,446.39,455.55980000000005,393.58285,0.1793167484223636,463.1970874773896,429.58291252261046,50.5112868858353,-2.2648670631152754,-3.9233862615238397,1.6585191984085643,14.700000000000008,0.0085267857142856,451.82,0.0021698767420532,448.0,-0.006092002579096,447.03,0.0210224558050644,448.77,-0.0232890056863234,431.13,449.78599999999994,2.307234275010562,0.08253644100660247,452.31,447.03,444.342,7.162975483538834,0.11427610716075336,452.31,434.13,446.39000000000004,8.4035437386948,0.17931674842236336,461.42,431.13,455.55980000000005,16.157363708221663,0.2582687530792785,488.61,431.13,1,8,3,1.01326194582985,0.9928663591454011,0.018283920320093957,0.007506571033974469,452.73,0.0009285666909863988
2023-08-16,AAPL,453.44,455.64,449.83,452.73,115537202,452.73,0.0009285666909863,445.9555,455.8642,394.37799999999993,0.1707496593041449,461.530718474399,430.38028152560105,61.23388579978644,-1.66557303753126,-3.4718236167253242,1.8062505791940642,14.104285714285725,0.0010845026780577,452.31,0.0085267857142856,451.82,0.0021698767420532,448.0,0.0022283129442699,449.77,0.0069584580057058,434.13,450.378,2.655554555979313,0.08241241593096298,452.73,447.03,446.20199999999994,6.610190449433314,0.11513781235888038,452.73,434.15,445.95550000000003,7.787609237199498,0.17074965930414476,457.35,431.13,455.8642,15.952441575001622,0.2561256175906544,488.61,431.13,2,8,3,1.0151909775728405,0.9931247068732463,0.01283325602453376,-0.0015658080451623451,448.14,-0.01013849314160764
2023-08-17,AAPL,449.88,451.0,445.28,448.14,66564002,448.14,-0.0101384931416076,445.6215,456.1636,395.1298499999999,0.1670106613375854,460.6740525374829,430.56894746251714,60.1673829259818,-1.543213638141708,-3.086101621008601,1.542887982866893,13.201428571428588,0.0009285666909863,452.73,0.0010845026780577,452.31,0.0085267857142856,451.82,-0.006092002579096,447.03,4.606914979388144e-05,434.15,450.6,2.3324343505835423,0.10676111424896444,452.73,448.0,447.601,5.079202583958543,0.13511249703425932,452.73,437.91,445.6215,7.526276268741439,0.16701066133758533,457.35,431.13,456.16360000000003,15.65553547014287,0.2561732131990536,488.61,431.13,3,8,3,1.0056516572898622,0.9824106965111149,0.012763868433943107,-0.003867698052805507,443.86,-0.009550586870174405
2023-08-18,AAPL,445.64,454.43,433.29,443.86,51940023,443.86,-0.0095505868701744,445.1425,456.0768,395.8455,0.1698039098668672,459.7506230106296,430.5343769893705,52.64979448978806,-1.7711860330571199,-2.823118503418305,1.051932470361185,13.202142857142869,-0.0101384931416076,448.14,0.0009285666909863,452.73,0.0010845026780577,452.31,0.0021698767420532,448.0,0.0086606011747092,437.91,449.77200000000005,3.7749397345896347,0.12600138653351026,452.73,443.86,448.196,4.065082204991179,0.14509725252868275,452.73,439.53,445.14250000000004,7.304061505314768,0.16980390986686716,457.35,431.13,456.0768,15.71251723034996,0.24508802185095976,488.61,431.13,4,8,3,0.9971189001252474,0.9732132833747009,0.04762763033378173,-0.003994255452822859,434.76,-0.020501960077501935
2023-08-21,AAPL,436.97,441.35,428.18,434.76,62589128,434.76,-0.0205019600775019,444.013,455.6718,396.4913,0.1791012360989527,458.13200413958754,429.8939958604125,54.02885680895884,-2.6555383534831094,-2.7896024734312657,0.13406411994815626,12.884285714285722,-0.0095505868701744,443.86,-0.0101384931416076,448.14,0.0009285666909863,452.73,0.0085267857142856,451.82,0.003699390285675,439.53,446.36,7.415487172114225,0.14306006001850494,452.73,434.76,447.71900000000005,5.290193128169872,0.18077681082676256,452.73,434.76,444.01300000000003,7.059502069793745,0.17910123609895268,452.73,431.13,455.6718,15.998943420463338,0.24674463715273923,488.61,431.13,0,8,3,0.9791605200726575,0.9541077591350746,0.030292575213841485,-0.005057555438576971,446.48,0.02695740178489281
2023-08-22,AAPL,449.8,452.36,440.59,446.48,86532754,446.48,0.0269574017848928,443.7915,455.5424,397.2074,0.2016346391633031,457.5902875515818,429.99271244841816,61.48409892392082,-2.3832156603298245,-2.7083251108109776,0.32510945048115314,13.310714285714296,-0.0205019600775019,434.76,-0.0095505868701744,443.86,-0.0101384931416076,448.14,0.0010845026780577,452.31,0.0210224558050644,448.77,445.1940000000001,6.6665568324130415,0.2874572599373697,452.73,434.76,447.49000000000007,5.289207039917557,0.20223235731721745,452.73,434.76,443.7915,6.899393775790912,0.20163463916330304,452.73,431.13,455.54240000000004,16.047497809906133,0.2543015247821259,488.61,431.13,1,8,3,1.0060580249937054,0.9801063523373893,0.026361763124829057,-0.007381058248093846,438.37,-0.01816430747177933
2023-08-23,AAPL,438.37,447.67,429.07,438.37,99518277,438.37,-0.0181643074717793,443.121,455.5812,397.85215,0.210934241465067,456.584527183078,429.65747281692194,53.41092788962573,-2.789649839080596,-2.7245900564649017,-0.06505978261569423,13.36142857142858,0.0269574017848928,446.48,-0.0205019600775019,434.76,-0.0095505868701744,443.86,0.0009285666909863,452.73,0.0022283129442699,449.77,442.322,5.619289990719358,0.30471308029753863,448.14,434.76,446.35,5.932597332628692,0.21984496997525313,452.73,434.76,443.121,6.731763591539025,0.21093424146506695,452.73,431.13,455.5812,16.002626906796454,0.24396942773720975,488.61,431.13,2,8,3,0.9892783235256527,0.9622214437273482,0.04242991080584345,0.0,433.98,-0.010014371421401935
2023-08-24,AAPL,435.98,443.41,424.56,433.98,33562120,433.98,-0.0100143714214019,442.6715,455.224,398.46985,0.2026765500824083,456.7428239940784,428.6001760059217,46.85549686900341,-3.426489724551061,-2.8649699900821335,-0.5615197344689276,13.799285714285727,-0.0181643074717793,438.37,0.0269574017848928,446.48,-0.0205019600775019,434.76,-0.0101384931416076,448.14,-0.006092002579096,447.03,439.48999999999995,5.521421918292819,0.3046153099863056,446.48,433.98,445.04499999999996,7.0890028291088,0.2225159157418058,452.73,433.98,442.67150000000004,7.035661997039178,0.2026765500824083,452.73,431.13,455.224,16.284683551334524,0.23131989781901555,488.61,431.13,3,8,3,0.9803658017266069,0.9533328646974824,0.0434351813446624,-0.004587366392943283,429.48,-0.010369141435089158
2023-08-25,AAPL,430.5,434.48,424.48,429.48,79740798,429.48,-0.0103691414350891,442.188,454.9602,399.01545,0.2036457911773972,457.3880659278006,426.9879340721994,42.31298759993302,-4.245364395793786,-3.1410488712244637,-1.104315524569322,13.574285714285724,-0.0100143714214019,433.98,-0.0181643074717793,438.37,0.0269574017848928,446.48,-0.0095505868701744,443.86,0.0021698767420532,448.0,436.61400000000003,6.35788329554814,0.30522807989043665,446.48,429.48,443.19300000000004,8.508321482198772,0.22346441572106418,452.73,429.48,442.188,7.6000329639003015,0.20364579117739723,452.73,429.48,454.9602,16.59605688230112,0.22804646586073668,488.61,429.48,4,8,3,0.9712610925647661,0.943994661508976,0.023283971314093127,-0.0023693379790885307,435.43,0.013853962931917652
2023-08-28,AAPL,432.7,443.65,427.21,435.43,85222230,435.43,0.0138539629319176,441.889,455.0284,399.60675,0.2094150192469813,457.38587085558726,426.3921291444128,39.25579896021941,-4.363908774735535,-3.385620851926678,-0.9782879228088568,13.797142857142862,-0.0103691414350891,429.48,-0.0100143714214019,433.98,-0.0181643074717793,438.37,-0.0205019600775019,434.76,0.0085267857142856,451.82,436.74800000000005,6.315961526150216,0.30279951403666605,446.48,429.48,441.554,8.236096972069557,0.23329283284927532,452.73,429.48,441.889,7.748435427793619,0.20941501924698128,452.73,429.48,455.0284,16.506627903192463,0.22375020325471548,488.61,429.48,0,8,3,0.9853832070927645,0.956929281774595,0.03775578164104963,0.0063092211693868945,433.65,-0.004087913097398088
2023-08-29,AAPL,429.54,442.51,424.8,433.65,71593832,433.65,-0.004087913097398,442.015,454.9244000000001,400.14675000000005,0.1922064898962639,457.1809889572553,426.8490110427447,37.17785554374024,-4.549048572769891,-3.618306396095321,-0.93074217667457,13.981428571428577,0.0138539629319176,435.43,-0.0103691414350891,429.48,-0.0100143714214019,433.98,0.0269574017848928,446.48,0.0010845026780577,452.31,434.18199999999996,3.2221685244280245,0.19127201953217912,438.37,429.48,439.688,7.619140808953843,0.23183039381254444,452.73,429.48,442.015,7.5829944786276675,0.19220648989626385,452.73,429.48,454.92440000000005,16.62658556624284,0.22107925799976208,488.61,429.48,1,8,3,0.9810753028721173,0.9532353067873401,0.04083938660200424,0.00956837547141218,441.99,0.019232099619509002
2023-08-30,AAPL,440.09,449.99,434.0,441.99,134093346,441.99,0.019232099619509,442.408,454.657,400.72305,0.2024584660026382,457.11405117125565,427.7019488287444,46.31901839543582,-3.97696096641198,-3.6900373101586528,-0.28692365625332705,14.591428571428578,-0.004087913097398,433.65,0.0138539629319176,435.43,-0.0103691414350891,429.48,-0.0181643074717793,438.37,0.0009285666909863,452.73,434.90599999999995,4.536907537057962,0.2204616130172629,441.99,429.48,438.6139999999999,6.201544968795963,0.259520692073615,448.14,429.48,442.408,7.353025585627819,0.20245846600263812,452.73,429.48,454.657,16.726648571926702,0.20841641222897012,488.61,429.48,2,8,3,0.9990551707903134,0.9721394369800265,0.03617728907885661,0.00431729873434006,437.7,-0.009706101948007917
2023-08-31,AAPL,437.2,441.22,434.18,437.7,94702335,437.7,-0.0097061019480079,442.5855,454.1096,401.29325000000006,0.2059804423267666,456.95369070758335,428.2173092924167,42.8252995179778,-3.8256449105313663,-3.717158830233196,-0.10848608029817042,14.40500000000001,0.019232099619509,441.99,-0.004087913097398,433.65,0.0138539629319176,435.43,-0.0100143714214019,433.98,-0.0101384931416076,448.14,435.65,4.65068274555596,0.2194361244553162,441.99,429.48,437.57,5.2209386129313895,0.259162836503537,446.48,429.48,442.5855,7.184095353791655,0.2059804423267665,452.73,429.48,454.1096,16.826476216882387,0.20327613727655677,488.61,429.48,3,8,3,0.9889614549030888,0.9638642301308674,0.016084075851002827,0.0011436413540687473,439.68,0.004523646333104869
2023-09-01,AAPL,440.71,449.58,429.78,439.68,135111909,439.68,0.0045236463331048,442.6740000000001,453.5196,401.8845,0.2043199033524773,456.9423918615501,428.4056081384501,41.32113239092803,-3.505546634151642,-3.674836391016885,0.16928975686524295,14.392857142857151,-0.0097061019480079,437.7,0.019232099619509,441.99,-0.004087913097398,433.65,-0.0103691414350891,429.48,-0.0095505868701744,443.86,437.68999999999994,3.312076387979004,0.19111340306017993,441.99,433.65,437.15199999999993,4.812767279734866,0.25766515976261617,446.48,429.48,442.6740000000001,7.134195930774999,0.20431990335247718,452.73,429.48,453.51959999999997,16.804443163656856,0.20241698843535683,488.61,429.48,4,9,3,0.9932365578258644,0.969484009068253,0.04503275109160066,-0.002337137800362224,434.36,-0.012099708879184878
2023-09-04,AAPL,437.4,441.21,427.5,434.36,73379340,434.36,-0.0120997088791848,442.4155,452.736,402.4563,0.2084675849780764,457.1048423233885,427.72615767661136,37.99652266240539,-3.63919560127124,-3.6677082330677564,0.02851263179651653,14.78142857142858,0.0045236463331048,439.68,-0.0097061019480079,437.7,0.019232099619509,441.99,0.0138539629319176,435.43,-0.0205019600775019,434.76,437.476,3.522489176677263,0.20185378486071398,441.99,433.65,437.11199999999997,4.836460597493661,0.2427202766585479,446.48,429.48,442.41549999999995,7.344671161694283,0.20846758497807624,452.73,429.48,452.736,16.765275459241543,0.20240139891228612,488.61,429.48,0,9,3,0.9817920032164746,0.9594112241991815,0.03156367989678703,-0.0069501600365638174,448.71,0.033037112072934915
2023-09-05,AAPL,445.98,453.49,443.93,448.71,116398265,448.71,0.0330371120729349,442.4125,452.114,403.0891,0.2283418764555001,457.0964014964298,427.7285985035703,47.73393460351436,-2.5577046712221545,-3.4457075206986363,0.8880028494764818,15.732857142857151,-0.0120997088791848,434.36,0.0045236463331048,439.68,-0.0097061019480079,437.7,-0.004087913097398,433.65,0.0269574017848928,446.48,440.488,5.381344627488768,0.30510255709649337,448.71,434.36,437.33500000000004,5.3414422729777025,0.2627134197771718,448.71,429.48,442.4125,7.3419507482148845,0.22834187645549997,452.73,429.48,452.11400000000003,16.31107774313561,0.2144125394728491,488.61,429.48,1,9,3,1.0142344531381589,0.9924709254723533,0.021305520269168723,0.006121350733202924,440.94,-0.01731630674600515
2023-09-06,AAPL,437.63,446.89,434.98,440.94,153861553,440.94,-0.0173163067460051,441.971,451.2236,403.66985,0.2363154050460092,456.24882660738456,427.69317339261545,46.081845878916575,-2.301064145728219,-3.216778845704553,0.9157146999763341,16.181428571428572,0.0330371120729349,448.71,-0.0120997088791848,434.36,0.0045236463331048,439.68,0.019232099619509,441.99,-0.0181643074717793,438.37,440.27799999999996,5.328303670006304,0.32259761802955333,448.71,434.36,437.592,5.457343268986598,0.26104483784997945,448.71,429.48,441.971,7.138913303692281,0.2363154050460091,452.73,429.48,451.22360000000003,15.655587482695362,0.2152686656771243,488.61,429.48,2,9,3,0.9976672677596546,0.9772095253861341,0.02701047761594085,0.007563466855545641,443.14,0.004989340953417631
2023-09-07,AAPL,447.25,447.25,440.59,443.14,135193084,443.14,0.0049893409534176,441.77650000000006,450.3328000000001,404.2749500000001,0.2363514638677817,455.86893212354977,427.6840678764504,49.59910912367051,-1.8982709802189675,-2.953077272607436,1.0548062923884687,15.147142857142862,-0.0173163067460051,440.94,0.0330371120729349,448.71,-0.0120997088791848,434.36,-0.0097061019480079,437.7,-0.0100143714214019,433.98,441.366,5.224689464437154,0.3123452407597109,448.71,434.36,438.508,5.551641999344624,0.25457894339938175,448.71,429.48,441.77650000000006,7.046216061774846,0.23635146386778158,452.73,429.48,450.3328000000001,14.781657696099373,0.2153343948519705,488.61,429.48,3,9,3,1.0030864022848587,0.9840278123179478,0.015029110439105015,-0.00918949133592135,447.52,0.00988400956808233
2023-09-08,AAPL,444.02,450.91,444.02,447.52,51685123,447.52,0.0098840095680823,441.75250000000005,449.511,404.902,0.2390059066520772,455.8018744007196,427.70312559928055,57.49882462617555,-1.2116578621679537,-2.6047933905195397,1.393135528351586,14.582142857142864,0.0049893409534176,443.14,-0.0173163067460051,440.94,0.0330371120729349,448.71,0.0045236463331048,439.68,-0.0103691414350891,429.48,442.934,5.74294175486724,0.31668414416593876,448.71,434.36,440.312,5.212738243955791,0.24674914720585026,448.71,433.65,441.75250000000005,7.024687200359746,0.2390059066520771,452.73,429.48,449.51099999999997,13.713819076873696,0.21678493187686534,488.31,429.48,4,9,3,1.0130559532747112,0.9955707424267802,0.015395959957062584,0.007882527814044677,450.46,0.006569538791562302
2023-09-11,AAPL,450.27,459.61,441.31,450.46,72280631,450.46,0.0065695387915623,441.6845,448.754,405.4906,0.2381851531588841,455.5405410157642,427.8284589842358,52.60812580948211,-0.4253751302230171,-2.1689097384602354,1.7435346082372183,14.632142857142863,0.0098840095680823,447.52,0.0049893409534176,443.14,-0.0173163067460051,440.94,-0.0120997088791848,434.36,0.0138539629319176,435.43,446.154,3.975258482135661,0.28406313202153943,450.46,440.94,441.81499999999994,5.784189658024727,0.2414474211897,450.46,433.65,441.6845,6.928020507882099,0.238185153158884,452.73,429.48,448.754,12.52121350967458,0.21756235012914105,482.99,429.48,0,9,3,1.0198682543738349,1.0038016374204937,0.0406251387469684,0.0004219690407968014,449.36,-0.0024419482306974327
2023-09-12,AAPL,450.13,451.61,447.12,449.36,69683304,449.36,-0.0024419482306974,441.537,448.0814000000001,406.02945,0.2382923705481855,454.9732339648004,428.1007660351996,57.93043728083381,0.10775664130335372,-1.7135764625075176,1.8213331038108713,13.624285714285719,0.0065695387915623,450.46,0.0098840095680823,447.52,0.0049893409534176,443.14,0.0330371120729349,448.71,-0.004087913097398,433.65,446.284,4.0887504203352085,0.17225779520460832,450.46,440.94,443.3860000000001,5.443559293126052,0.2401363851193144,450.46,434.36,441.537,6.718116982400206,0.23829237054818542,452.73,429.48,448.0814000000001,11.506788237852268,0.21651432688098649,481.12,429.48,1,9,3,1.0177176544637987,1.002853499384257,0.009991988605995232,-0.0017106169328822145,448.64,-0.0016022787965106478
2023-09-13,AAPL,449.01,454.62,442.66,448.64,97293136,448.64,-0.0016022787965106,441.3325,447.4318,406.5529,0.2382998118800179,454.16224976164114,428.5027502383588,61.17037487265488,0.4667885803476679,-1.2775034539364807,1.7442920342841486,13.132142857142858,-0.0024419482306974,449.36,0.0065695387915623,450.46,0.0098840095680823,447.52,-0.0173163067460051,440.94,0.019232099619509,441.99,447.82399999999996,2.8286887421186004,0.0846476508371001,450.46,443.14,444.05100000000004,5.656112622641249,0.22459760279281013,450.46,434.36,441.3325,6.414874880820566,0.23829981188001778,450.46,429.48,447.4318,10.474036449753983,0.2164383968166512,472.28,429.48,2,9,3,1.0165578107186384,1.002700299797639,0.02665834522105323,-0.0008240350994391674,449.09,0.0010030313837374738
2023-09-14,AAPL,445.37,456.03,442.15,449.09,105274166,449.09,0.0010030313837374,441.38,447.0294,407.07705,0.2354934371669083,454.3224100903321,428.4375899096679,65.9249634412384,0.7786593179995975,-0.8662708995492651,1.6449302175488625,13.409285714285716,-0.0016022787965106,448.64,-0.0024419482306974,449.36,0.0065695387915623,450.46,0.0049893409534176,443.14,-0.0097061019480079,437.7,449.01399999999995,1.0710182070283711,0.08489920871788208,450.46,447.52,445.18999999999994,5.374917053623779,0.2157858124241721,450.46,434.36,441.38,6.471205045166055,0.23549343716690824,450.46,429.48,447.0294,9.99584595555081,0.20970690710599182,472.28,429.48,3,9,3,1.0174679414540362,1.0046095402203867,0.030906945155690594,0.008352605698613777,448.25,-0.0018704491304637472
2023-09-15,AAPL,444.28,450.98,444.28,448.25,57195176,448.25,-0.0018704491304637,441.5995,446.6208,407.5933,0.2328345475405269,454.8639066266401,428.3350933733598,61.353170370900735,0.9471203310544638,-0.5035926534285193,1.4507129844829831,12.713571428571433,0.0010030313837374,449.09,-0.0016022787965106,448.64,-0.0024419482306974,449.36,0.0098840095680823,447.52,0.0045236463331048,439.68,449.16,0.8416353128202142,0.05920796570738029,450.46,448.25,446.0469999999999,5.07353273808767,0.21662080367485267,450.46,434.36,441.5995,6.632203313320086,0.2328345475405267,450.46,429.48,446.62080000000003,9.49793056728564,0.20971965758587305,472.28,429.48,4,9,3,1.0150600261073326,1.003647837268207,0.014947016173976795,0.008935806248291824,454.93,0.01490239821528161
2023-09-18,AAPL,451.34,466.06,443.8,454.93,82200553,454.93,0.0149023982152816,442.608,446.4806,408.1264,0.2240393338084983,456.722705433435,428.493294566565,67.34028681644781,1.6011895540340788,-0.08263621193599968,1.6838257659700786,13.038571428571434,-0.0018704491304637,448.25,0.0010030313837374,449.09,-0.0016022787965106,448.64,0.0065695387915623,450.46,-0.0120997088791848,434.36,450.054,2.758628282278043,0.11642452762630362,454.93,448.25,448.104,3.825003122729837,0.20965395470443415,454.93,440.94,442.608,7.057352716717516,0.2240393338084981,454.93,429.48,446.48060000000004,9.317205591837645,0.2102744477996741,472.28,429.48,0,9,3,1.0278395329478278,1.0189244504665624,0.0489306047083091,0.007954092258590149,470.43,0.03407117578528562
2023-09-19,AAPL,471.23,474.91,465.95,470.43,35660930,470.43,0.0340711757852856,443.80550000000005,446.7989999999999,408.76295,0.2355251264661933,462.593567293645,425.0174327063551,70.75306478414271,3.331857013017782,0.6002624330547567,2.731594579963025,13.298571428571433,0.0149023982152816,454.93,-0.0018704491304637,448.25,0.0010030313837374,449.09,-0.0024419482306974,449.36,0.0330371120729349,448.71,454.26800000000003,9.438629137739028,0.2456033550302056,470.43,448.25,450.276,8.045585677183118,0.21359252244573557,470.43,440.94,443.80550000000005,9.394033646822455,0.23552512646619314,470.43,429.48,446.7989999999999,9.853766761371489,0.2207026395014105,472.28,429.48,1,9,3,1.0599913700910422,1.052889554361015,0.019046404353423443,-0.0016976847823744533,466.67,-0.00799268754118565
2023-09-20,AAPL,467.08,471.84,461.49,466.67,142423446,466.67,-0.0079926875411856,445.2205,447.0146,409.38675,0.2261434861536153,466.3959858018964,424.0450141981037,71.30460360349667,4.349880155947801,1.3501859776333656,2.9996941783144355,13.480000000000002,0.0340711757852856,470.43,0.0149023982152816,454.93,-0.0018704491304637,448.25,-0.0016022787965106,448.64,-0.0173163067460051,440.94,457.87399999999997,10.166979885874134,0.26675504828310814,470.43,448.25,452.849,8.806450224441287,0.19040780083472003,470.43,443.14,445.2205,10.587742900948163,0.22614348615361501,470.43,429.48,447.0146,10.169608025263788,0.22151097761034416,472.28,429.48,2,9,3,1.048177251494376,1.043970375909324,0.022178413011288034,-0.0008777939539245748,457.33,-0.020014142756123232
2023-09-21,AAPL,454.9,462.4,452.26,457.33,65175063,457.33,-0.0200141427561232,446.388,446.848,410.0055,0.236460405513535,467.5288097240483,425.24719027595177,61.71201060565404,4.352834126551727,1.9507156074170378,2.402118519134689,13.095000000000002,-0.0079926875411856,466.67,0.0340711757852856,470.43,0.0149023982152816,454.93,0.0010030313837374,449.09,0.0049893409534176,443.14,459.52200000000005,8.986485408643691,0.33467931159579667,470.43,448.25,454.2679999999999,8.18983896192283,0.23038292045090156,470.43,447.52,446.38800000000003,10.570404862024121,0.23646040551353475,470.43,429.48,446.84799999999996,9.92316831397662,0.22097134805444976,472.28,429.48,3,9,3,1.0245123076762268,1.023457641074765,0.02217217326652049,0.005341833369959695,456.88,-0.0009839721863861284
2023-09-22,AAPL,458.14,461.27,452.49,456.88,81807768,456.88,-0.0009839721863861,447.758,446.54,410.6114500000001,0.2318678364986472,467.8084590838369,427.7075409161631,65.97616343751892,4.2696461077764525,2.414501707488921,1.8551444002875317,12.742857142857146,-0.0200141427561232,457.33,-0.0079926875411856,466.67,0.0340711757852856,470.43,-0.0018704491304637,448.25,0.0098840095680823,447.52,461.24799999999993,6.8566478690219,0.33378785155446905,470.43,454.93,455.204,7.861207427757494,0.22806963868407215,470.43,448.25,447.758,10.025229541918447,0.23186783649864703,470.43,433.65,446.54,9.339520373985001,0.21846855441167393,470.43,429.48,4,9,3,1.0203726119890202,1.02315582030496,0.019217299947427675,-0.0027502510149675662,475.07,0.03981351777271924
2023-09-25,AAPL,478.11,478.11,472.68,475.07,70680289,475.07,0.0398135177727192,449.74,446.8126,411.2914,0.2638028584050277,472.334822881615,427.1451771183849,67.73412269983481,5.6068675049436365,3.0529748669798638,2.5538926379637727,12.892857142857148,-0.0009839721863861,456.88,-0.0200141427561232,457.33,-0.0079926875411856,466.67,0.0149023982152816,454.93,0.0065695387915623,450.46,465.276,8.03214043700398,0.4206209977565742,475.07,456.88,457.6650000000001,9.819337214565035,0.2967614359428835,475.07,448.25,449.73999999999995,11.297411440807545,0.2638028584050275,475.07,433.65,446.8126,9.961498086242022,0.23050855541646603,475.07,429.48,0,9,3,1.056321430157299,1.063242173562108,0.011429894541832944,-0.006358369412883358,469.53,-0.011661439366830173
2023-09-26,AAPL,465.23,478.73,460.33,469.53,126524715,469.53,-0.0116614393668301,451.534,447.1072,411.9553,0.2684009215457859,474.4452056242532,428.6227943757468,69.8293799281785,6.148714838850253,3.672122861353942,2.4765919774963114,13.226428571428581,0.0398135177727192,475.07,-0.0009839721863861,456.88,-0.0200141427561232,457.33,0.0340711757852856,470.43,-0.0024419482306974,449.36,465.096,7.896706908563515,0.37113616893794155,475.07,456.88,459.68199999999996,9.993869009437093,0.3070891235041624,475.07,448.25,451.534,11.455602812126614,0.2684009215457856,475.07,434.36,447.10720000000003,10.410241236974263,0.2296707995785112,475.07,429.48,1,9,3,1.039855248993343,1.0501508363071537,0.039188124294423886,0.009242740150013352,481.38,0.025238003961408184
2023-09-27,AAPL,481.36,493.1,469.67,481.38,25713703,481.38,0.0252380039614081,453.5035,447.5064,412.63765,0.2736816176550353,479.521724604647,427.48527539535297,73.39124050614782,7.448467424231751,4.427391773929504,3.0210756503022473,14.434285714285725,-0.0116614393668301,469.53,0.0398135177727192,475.07,-0.0009839721863861,456.88,-0.0079926875411856,466.67,-0.0016022787965106,448.64,468.038,10.826429235890693,0.400791903422124,481.38,456.88,462.956,11.257508309272712,0.3212254463427519,481.38,448.25,453.5035,13.009112302323494,0.2736816176550349,481.38,434.36,447.5064,11.313783856102775,0.23418332717072515,481.38,429.48,2,9,3,1.0614692058582538,1.0756941129756454,0.04867256637158032,4.154894465668161e-05,493.82,0.02584236985333832
2023-09-28,AAPL,495.69,498.5,489.13,493.82,79470230,493.82,0.0258423698533383,456.3095,448.2864,413.41305,0.2783996765113095,486.8612676118653,425.75773238813457,75.77951001045754,9.374273952103522,5.4167682095643075,3.9575057425392144,15.102142857142866,0.0252380039614081,481.38,-0.0116614393668301,469.53,0.0398135177727192,475.07,-0.0200141427561232,457.33,0.0010030313837374,449.09,475.33600000000007,13.716709882465763,0.3369636398584159,493.82,456.88,467.429,13.747026708832207,0.3317283472156943,493.82,448.25,456.30949999999996,15.275883805932688,0.278399676511309,493.82,434.36,448.2864,13.040849753197417,0.23804369364605693,493.82,429.48,3,9,3,1.082204074206033,1.1015725661070654,0.01897452513057598,-0.00377251911476171,489.9,-0.007938115102669063
2023-09-29,AAPL,487.47,498.84,480.95,489.9,76684463,489.9,-0.007938115102669,458.8205,449.0156,414.2051,0.282870020115437,491.7778213493634,425.8631786506365,71.72284643088653,10.463560844856545,6.426126736622756,4.037434108233789,15.07285714285715,0.0258423698533383,493.82,0.0252380039614081,481.38,-0.0116614393668301,469.53,-0.0009839721863861,456.88,-0.0018704491304637,448.25,481.93999999999994,10.074901984621015,0.3613262098833662,493.82,469.53,471.59399999999994,13.599290177555142,0.33899071335032804,493.82,454.93,458.8205,16.47866067468171,0.28287002011543666,493.82,434.36,449.01559999999995,14.294047449534753,0.23880458437086563,493.82,429.48,4,9,3,1.067737819035837,1.0910534066052693,0.03651765666455087,0.004984922149044998,494.26,0.008899775464380477
2023-10-02,AAPL,492.36,504.07,484.46,494.26,66724491,494.26,0.0088997754643804,461.8155,449.7538,415.0128,0.2751876433142823,496.2664429860847,427.3645570139154,73.87282006556548,11.545554155761636,7.450012220450532,4.095541935311104,16.15285714285715,-0.007938115102669,489.9,0.0258423698533383,493.82,0.0252380039614081,481.38,0.0398135177727192,475.07,0.0149023982152816,454.93,485.77799999999996,10.451661111981803,0.28139499386921385,494.26,469.53,475.52699999999993,13.927750117422027,0.33746341124491935,494.26,456.88,461.81550000000004,17.225471493042345,0.2751876433142819,494.26,440.94,449.75379999999996,15.624429052744459,0.23884690873159276,494.26,429.48,0,10,4,1.0702542465528544,1.0989568070328724,0.03967547444656727,0.003858964984962463,506.66,0.025088010358920387
2023-10-03,AAPL,507.81,517.79,495.53,506.66,159575514,506.66,0.0250880103589203,464.713,450.8688,415.8556,0.2663726586580958,503.9396971924791,425.4863028075209,77.44040861630566,13.250870235179946,8.610183823396415,4.6406864117835305,16.97928571428572,0.0088997754643804,494.26,-0.007938115102669,489.9,0.0258423698533383,493.82,-0.0116614393668301,469.53,0.0340711757852856,470.43,493.204,9.128005258527025,0.23633886436114418,506.66,481.38,479.15,16.858440022730978,0.32103764171095905,506.66,456.88,464.713,19.613348596239547,0.2663726586580953,506.66,440.94,450.86879999999996,17.57597730205079,0.24173759350905152,506.66,429.48,1,10,4,1.0902643136708243,1.123741540773893,0.043934788615552944,-0.002264626533541507,503.95,-0.005348754588876292
2023-10-04,AAPL,507.96,510.73,497.17,503.95,56097702,503.95,-0.0053487545888762,467.86349999999993,451.9122,416.641,0.2555112665006417,509.119718810322,426.6072811896779,75.4028523702941,14.21975468218659,9.73209799515445,4.487656687032139,16.956428571428578,0.0250880103589203,506.66,0.0088997754643804,494.26,-0.007938115102669,489.9,0.0252380039614081,481.38,-0.0079926875411856,466.67,497.718,7.194971855378387,0.2553292209698593,506.66,489.9,482.87800000000004,17.882868151763365,0.31769223246327544,506.66,456.88,467.86349999999993,20.628109405161027,0.2555112665006412,506.66,443.14,451.9122,19.11254703708153,0.2423691075452216,506.66,429.48,2,10,4,1.077130402347956,1.1151502437838254,0.026907431292733597,-0.007894322387574015,502.59,-0.0026986804246453833
2023-10-05,AAPL,505.7,508.14,497.03,502.59,108934317,502.59,-0.0026986804246453,470.836,453.1046,417.4309,0.2576908170459943,513.1451934267234,428.5268065732765,75.04147464469506,14.708313668505866,10.727341129824735,3.980972538681131,17.271428571428576,-0.0053487545888762,503.95,0.0250880103589203,506.66,0.0088997754643804,494.26,0.0258423698533383,493.82,-0.0200141427561232,457.33,499.47200000000004,7.07513038746872,0.21631076071258756,506.66,489.9,487.404,16.361162142912935,0.2853468707898435,506.66,456.88,470.83599999999996,21.15459671336171,0.2576908170459937,506.66,447.52,453.1046,20.36221432667554,0.2374821626678363,506.66,429.48,3,10,4,1.0674417419206104,1.1092140755112412,0.022105493543401,-0.006149891239853399,498.39,-0.008356712230645269
2023-10-06,AAPL,499.22,504.12,492.65,498.39,92252349,498.39,-0.0083567122306452,473.3794999999999,454.2894,418.17115000000007,0.2625442440248122,515.902611969584,430.8563880304159,70.496132795822,14.588428957861424,11.499558695432073,3.088870262429351,16.50071428571429,-0.0026986804246453,502.59,-0.0053487545888762,503.95,0.0250880103589203,506.66,-0.007938115102669,489.9,-0.0009839721863861,456.88,501.16999999999996,4.88265808752565,0.21773322576795273,506.66,494.26,491.555,12.586846088058225,0.29525045798698624,506.66,469.53,473.3794999999999,21.261555984792015,0.26254424402481163,506.66,448.25,454.28939999999994,21.23830669005844,0.23741782282039503,506.66,429.48,4,10,4,1.0528339313361632,1.09707600485264,0.02301410541940451,-0.0016625936460846486,491.02,-0.01478761612391899
2023-10-09,AAPL,493.29,500.48,481.57,491.02,132506849,491.02,-0.0147876161239189,475.4075,455.2816,418.87495,0.2721864484017076,517.1905224272576,433.6244775727423,60.51690672339115,13.74033205968857,11.947713368283372,1.7926186914051971,16.424285714285723,-0.0083567122306452,498.39,-0.0026986804246453,502.59,-0.0053487545888762,503.95,0.0088997754643804,494.26,0.0398135177727192,475.07,500.52200000000005,6.093773051212272,0.2441731256086992,506.66,491.02,493.1499999999999,11.199945436376044,0.26027051207426416,506.66,469.53,475.40749999999997,20.89151121362885,0.27218644840170697,506.66,448.25,455.28159999999997,21.77634593510746,0.2405340063668239,506.66,429.48,0,10,4,1.032840247574906,1.078497351966171,0.038511669585681876,-0.0046017555596007155,486.43,-0.009347888069732302
2023-10-10,AAPL,485.11,496.81,476.05,486.43,61261464,486.43,-0.0093478880697323,477.261,456.3876,419.55975,0.2755909852669799,517.4368334796964,437.0851665203036,60.00810371920466,12.55312985103808,12.068796664834315,0.48433318620376475,17.16785714285715,-0.0147876161239189,491.02,-0.0083567122306452,498.39,-0.0026986804246453,502.59,0.0250880103589203,506.66,-0.0116614393668301,469.53,496.476,7.543127998363064,0.07235129156018735,503.95,486.43,494.84,8.080442782148682,0.25675025435938165,506.66,481.38,477.26099999999997,20.087916739848183,0.27559098526697934,506.66,448.25,456.38759999999996,21.928461661888193,0.23489328795615902,506.66,429.48,1,10,4,1.0192117101522664,1.065826503609945,0.04267828875677346,0.002721032343174274,477.74,-0.01786485208560329
2023-10-11,AAPL,479.09,481.87,473.62,477.74,59670578,477.74,-0.0178648520856032,478.716,457.2598,420.17715,0.2859162910667917,516.5680412576024,440.8639587423976,60.40583255995022,10.78671068641404,11.812379469150262,-1.025668782736222,17.053571428571438,-0.0093478880697323,486.43,-0.0147876161239189,491.02,-0.0083567122306452,498.39,-0.0053487545888762,503.95,0.0252380039614081,481.38,491.23400000000004,9.815540229640906,0.09369475533586868,502.59,477.74,494.47599999999994,8.80375828836884,0.24627673244826856,506.66,477.74,478.716,18.926020628801187,0.2859162910667911,506.66,448.25,457.25980000000004,21.892362706133405,0.23905642936596008,506.66,429.48,2,10,4,0.9979612129091195,1.0447889799167895,0.017268807301006262,-0.0028178421590873285,478.15,0.0008582073931426848
2023-10-12,AAPL,477.82,484.09,472.21,478.15,124021457,478.15,0.0008582073931426,480.169,458.1398,420.7786,0.2859321817534695,515.3709352936718,444.9670647063282,60.84871977096925,9.312545122262293,11.312412599772669,-1.9998674775103762,17.27500000000001,-0.0178648520856032,477.74,-0.0093478880697323,486.43,-0.0147876161239189,491.02,-0.0026986804246453,502.59,0.0258423698533383,493.82,486.346,8.77708550714353,0.11385277689426042,498.39,477.74,492.909,10.214959019878666,0.19827938522630223,506.66,477.74,480.169,17.600967646835908,0.28593218175346896,506.66,448.25,458.1398,21.828701990067724,0.239028780385369,506.66,429.48,3,10,4,0.9957952304272125,1.0436770610170876,0.024845759698787308,0.0006906366414116058,472.82,-0.011147129561852931
2023-10-13,AAPL,469.88,483.71,461.92,472.82,94836576,472.82,-0.0111471295618529,481.3975,458.838,421.39465,0.2900206615684722,513.4864821228878,449.3085178771123,48.67911235550654,7.626261046391164,10.575182289096368,-2.948921242705204,17.315000000000005,0.0008582073931426,478.15,-0.0178648520856032,477.74,-0.0093478880697323,486.43,-0.0083567122306452,498.39,-0.007938115102669,489.9,481.23199999999997,7.336189065156339,0.11319170628854862,491.02,472.82,491.201,12.039055380073092,0.20108387916958562,506.66,472.82,481.39750000000004,16.04449106144388,0.29002066156847167,506.66,454.93,458.83799999999997,21.726504363023817,0.24034114954822122,506.66,429.48,4,10,4,0.9821820844499979,1.0304726286815162,0.046085190981671416,0.006256916659559336,474.64,0.003849244955797193
2023-10-16,AAPL,476.55,484.67,464.61,474.64,43122792,474.64,0.0038492449557971,482.383,459.5402,421.98,0.2865507201696634,512.1780869139413,452.58791308605856,53.13689379074382,6.363374536276808,9.732820738532457,-3.3694462022556486,17.433571428571433,-0.0111471295618529,472.82,0.0008582073931426,478.15,-0.0178648520856032,477.74,-0.0147876161239189,491.02,0.0088997754643804,494.26,477.95599999999996,5.226550487628179,0.1419527697687179,486.43,472.82,489.23900000000003,13.04208781002745,0.1938525857274483,506.66,472.82,482.383,14.897543456970697,0.2865507201696628,506.66,456.88,459.5402,21.657000893799772,0.24034796767498345,506.66,429.48,0,10,4,0.9839484393086325,1.0328584963817466,0.04226361031509721,-0.00400797397963701,463.85,-0.022733018708916197
2023-10-17,AAPL,464.37,475.3,452.39,463.85,64476745,463.85,-0.0227330187089161,482.054,459.8418,422.4734,0.2736030969965841,512.5420728361429,451.56592716385705,39.0969025930171,4.44067570885079,8.674391732596124,-4.233716023745334,17.386428571428574,0.0038492449557971,474.64,-0.0111471295618529,472.82,0.0008582073931426,478.15,-0.0093478880697323,486.43,0.0250880103589203,506.66,473.44000000000005,5.797986719520428,0.1832884659615206,478.15,463.85,484.95799999999997,13.697951833922673,0.13181700092995968,503.95,463.85,482.054,15.244036418071447,0.2736030969965834,506.66,456.88,459.8418,21.608902047860834,0.24227571293816066,506.66,429.48,1,10,4,0.9622365958980484,1.0087164759684555,0.04939096690729898,-0.0011197967138248854,466.31,0.005303438611620193
2023-10-18,AAPL,464.99,475.68,456.94,466.31,93370896,466.31,0.0053034386116201,482.036,460.1726000000001,422.99555,0.2728849511990409,512.5627160989889,451.50928390101103,30.46442266117737,3.0799210639004855,7.555497598856997,-4.475576534956511,17.50214285714286,-0.0227330187089161,463.85,0.0038492449557971,474.64,-0.0111471295618529,472.82,-0.0178648520856032,477.74,-0.0053487545888762,503.95,471.154,5.930525271823713,0.18962895613451305,478.15,463.85,481.19399999999996,13.055777095047853,0.14922691346497835,502.59,463.85,482.03599999999994,15.26335804949447,0.2728849511990402,506.66,456.88,460.17260000000005,21.578150684879144,0.24246890150163622,506.66,429.48,2,10,4,0.9673758806376135,1.013337169572866,0.040187857862708974,0.0028387707262460577,472.34,0.012931311788295208
2023-10-19,AAPL,476.22,478.41,466.26,472.34,111847051,472.34,0.0129313117882952,482.7865,460.6788,423.53645,0.2656381822763478,511.4360810752665,454.1369189247335,37.89299502853692,2.459729577812368,6.536343994648071,-4.076614416835703,17.092142857142864,0.0053034386116201,466.31,-0.0227330187089161,463.85,0.0038492449557971,474.64,0.0008582073931426,478.15,-0.0026986804246453,502.59,469.992,4.647469203743267,0.22775642291860004,474.64,463.85,478.16900000000004,10.868803930925854,0.1810964831652991,498.39,463.85,482.7865,14.324790537633241,0.2656381822763471,506.66,456.88,460.6788,21.56041276345077,0.24343274828011494,506.66,429.48,3,10,4,0.9783620710169436,1.0253130814766702,0.025722996146788992,-0.008147494855301972,458.57,-0.029152728966422403
2023-10-20,AAPL,454.18,466.28,450.87,458.57,60967099,458.57,-0.0291527289664224,482.871,460.8902000000001,423.99435,0.2874068248487008,511.2071111620537,454.5348888379463,28.219211517208947,0.8473319225830664,5.3985415802350705,-4.551209657652004,17.225,0.0129313117882952,472.34,0.0053034386116201,466.31,-0.0227330187089161,463.85,-0.0111471295618529,472.82,-0.0083567122306452,498.39,467.142,6.485520025391009,0.2969004955987135,474.64,458.57,474.187,9.887403939694517,0.21514657153456315,491.02,458.57,482.871,14.168055581026874,0.2874068248487002,506.66,458.57,460.89020000000005,21.485248426744857,0.25277871853638156,506.66,429.48,4,10,4,0.9496739294740217,0.9949658291693009,0.03360446605745331,0.009665771280087896,461.31,0.005975096495627774
2023-10-23,AAPL,459.61,469.72,452.91,461.31,24936291,461.31,0.0059750964956277,482.183,461.08,424.4581500000001,0.2481890698951966,511.9487394719934,452.4172605280066,18.62460218263803,-0.20702329929270036,4.277428604329517,-4.484451903622217,16.745000000000005,-0.0291527289664224,458.57,0.0129313117882952,472.34,0.0053034386116201,466.31,0.0038492449557971,474.64,-0.0147876161239189,491.02,464.476,5.256004185667394,0.3016707574619789,472.34,458.57,471.21600000000007,8.654129650058389,0.222491810467059,486.43,458.57,482.183,14.882869735996694,0.24818906989519604,506.66,458.57,461.08,21.44536751270215,0.252431349292382,506.66,429.48,0,10,4,0.9567114560219736,1.0004988288344745,0.03643970432022623,0.0036987881029487825,470.04,0.018924367561943267
2023-10-24,AAPL,465.88,473.13,465.88,470.04,98624125,470.04,0.0189243675619432,482.2085,461.4346,424.9801,0.2549924099900182,511.9294387646391,452.48756123536094,28.343338863241684,-0.33431558652540616,3.355079766158532,-3.6893953526839383,16.62071428571429,0.0059750964956277,461.31,-0.0291527289664224,458.57,0.0129313117882952,472.34,-0.0227330187089161,463.85,-0.0093478880697323,486.43,465.71400000000006,5.775061038616891,0.29698102654775055,472.34,458.57,469.57700000000006,6.807672224125561,0.25407726148919013,478.15,458.57,482.2085,14.860469382319549,0.25499240999001765,506.66,458.57,461.4346,21.443978861870068,0.2557845542515298,506.66,429.48,1,10,4,0.9747650653172336,1.018649230029524,0.01542421921535311,0.00892933802694062,461.75,-0.017636796868351623
2023-10-25,AAPL,464.21,469.08,454.41,461.75,49101930,461.75,-0.0176367968683516,481.227,461.615,425.47835,0.2442961222334425,512.3276326555867,450.1263673444133,26.038488613417726,-1.0915466880720714,2.4657544753124117,-3.557301163384483,16.94357142857143,0.0189243675619432,470.04,0.0059750964956277,461.31,-0.0291527289664224,458.57,0.0053034386116201,466.31,-0.0178648520856032,477.74,464.802,6.012584302922709,0.3278324809725809,472.34,458.57,467.97800000000007,6.550309237824615,0.25371367319642285,478.15,458.57,481.22700000000003,15.550316327793357,0.24429612223344194,506.66,458.57,461.615,21.407165236647906,0.25914592410565823,506.66,429.48,2,10,4,0.9595263773625348,1.0002924514996256,0.03177043854892948,-0.00529932573618552,473.64,0.02574986464537088
2023-10-26,AAPL,475.55,482.73,464.55,473.64,35697873,473.64,0.0257498646453708,480.218,462.125,426.0360999999999,0.2441566379354941,510.90505099787487,449.5309490021252,36.680658696442464,-0.7238896116419937,1.8278256579215306,-2.551715269563524,17.622857142857146,-0.0176367968683516,461.75,0.0189243675619432,470.04,0.0059750964956277,461.31,0.0129313117882952,472.34,0.0008582073931426,478.15,465.062,6.433418220491509,0.3735443723684433,473.64,458.57,467.52699999999993,5.894570100243615,0.29284244736579507,474.64,458.57,480.218,15.343525498937426,0.2441566379354935,506.66,458.57,462.125,21.383328166334326,0.26403017850477606,506.66,429.48,3,10,4,0.9863020544815349,1.024917500674006,0.03838358246761596,-0.0040164020607633445,476.79,0.006650620724601097
2023-10-27,AAPL,475.18,480.76,472.81,476.79,25767042,476.79,0.006650620724601,479.5625,462.7836,426.57685,0.244918765496468,509.9372408045925,449.1877591954075,41.97767504129342,-0.17630769008979996,1.4269989883192646,-1.6033066784090646,16.84,0.0257498646453708,473.64,-0.0176367968683516,461.75,0.0189243675619432,470.04,-0.0291527289664224,458.57,-0.0111471295618529,472.82,468.706,6.974269137317919,0.2629547925003822,476.79,461.31,467.924,6.4024720920054286,0.2888251890735344,476.79,458.57,479.5625,15.187370402296235,0.24491876549646735,506.66,458.57,462.7836,21.31630292636927,0.2631279502239713,506.66,429.48,4,10,4,0.9942186889070889,1.0302655495980622,0.016674007424617367,0.0033881897386182614,471.93,-0.01019316680299509
2023-10-30,AAPL,473.59,481.66,462.2,471.93,110788056,471.93,-0.010193166802995,478.4459999999999,463.527,427.0776,0.2438069839071687,508.1808821561632,448.71111784383663,41.8502697775865,-0.13297361833133436,1.1150044669891448,-1.2479780853204792,16.747142857142858,0.006650620724601,476.79,0.0257498646453708,473.64,-0.0176367968683516,461.75,0.0059750964956277,461.31,0.0038492449557971,474.64,470.83000000000004,5.650181412993849,0.2937827692326233,476.79,461.75,467.65299999999996,6.1385286872722125,0.29349222579278694,476.79,458.57,478.4459999999999,14.867441078081631,0.24380698390716812,506.66,458.57,463.527,20.964282574829763,0.25967666119925586,506.66,429.48,0,10,4,0.9863809081882046,1.0181283938130505,0.04123492890886106,-0.0035051415781508543,471.69,-0.0005085499968215945
2023-10-31,AAPL,470.71,479.56,463.83,471.69,84223469,471.69,-0.0005085499968215,476.69749999999993,464.0312,427.58685,0.221745834787804,503.4054486492588,449.98955135074107,46.24270276180104,-0.11665235278456976,0.8686731030344019,-0.9853254558189717,16.95571428571429,-0.010193166802995,471.93,0.006650620724601,476.79,0.0257498646453708,473.64,0.0189243675619432,470.04,-0.0227330187089161,463.85,471.16,5.640682582785575,0.26553670376181493,476.79,461.75,468.437,6.099378930133213,0.26610555192594965,476.79,458.57,476.69749999999993,13.35397432462944,0.22174583478780355,503.95,458.57,464.03119999999996,20.848765209845652,0.2532174624611329,506.66,429.48,1,10,4,0.9894954347337894,1.016504924666668,0.033348173588515065,0.0020819612925111774,475.82,0.008755750598910206
2023-11-01,AAPL,478.26,487.26,464.38,475.82,73095300,475.82,0.0087557505989102,475.291,464.7802,428.09455,0.2257817661224587,498.7172577823056,451.8647422176944,48.61688233787682,0.22692302452736612,0.7403230873329948,-0.5134000628056287,17.741428571428575,-0.0005085499968215,471.69,-0.010193166802995,471.93,0.006650620724601,476.79,-0.0176367968683516,461.75,0.0053034386116201,466.31,473.974,2.2827461531530724,0.21039161168336343,476.79,471.69,469.38800000000003,6.461530262511594,0.2679346705593152,476.79,458.57,475.291,11.7131288911528,0.2257817661224583,502.59,458.57,464.7802,20.579020473103512,0.24980656536278706,506.66,429.48,2,11,4,1.0011130023480328,1.0237527330100902,0.04808541044922851,-0.005101827457857433,476.52,0.0014711445504602683
2023-11-02,AAPL,476.09,479.31,473.74,476.52,139440275,476.52,0.0014711445504602,473.9875,465.631,428.68345,0.226284197464404,493.6104896053446,454.3645103946554,52.32412059381233,0.5493604509168222,0.7021305600497603,-0.1527701091329381,16.582857142857147,0.0087557505989102,475.82,-0.0005085499968215,471.69,-0.010193166802995,471.93,0.0257498646453708,473.64,0.0129313117882952,472.34,474.55,2.5276174551806734,0.11761857833426609,476.79,471.69,469.8059999999999,6.800050980202518,0.2611115728143753,476.79,458.57,473.9875,9.811494802672273,0.22628419746440354,498.39,458.57,465.631,20.154649866079307,0.2483486009716498,506.66,429.48,3,11,4,1.0053429679031507,1.0233854704669076,0.011688911273374264,0.0009031905732090649,480.55,0.008457147653823549
2023-11-03,AAPL,479.71,485.51,475.6,480.55,103229690,480.55,0.0084571476538235,473.0955000000001,466.6524,429.2607,0.2284350386188115,489.3870172954611,456.8039827045391,53.61202786027909,1.1172033297014536,0.785145113980099,0.33205821572135463,15.857857142857146,0.0014711445504602,476.52,0.0087557505989102,475.82,-0.0005085499968215,471.69,0.006650620724601,476.79,-0.0291527289664224,458.57,475.302,3.664364883541569,0.12341512279464241,480.55,471.69,472.004,6.298501056249481,0.20077590215325575,480.55,461.31,473.0955000000001,8.145758647730508,0.22843503861881104,491.02,458.57,466.6524,19.570805262226852,0.2471232147747547,506.66,433.65,4,11,4,1.0157568609276229,1.0297814818888111,0.020622203724855574,0.0017510579308296279,474.12,-0.01338050150868797
2023-11-06,AAPL,478.24,482.2,466.05,474.12,152710909,474.12,-0.0133805015086879,472.2505,467.4262000000001,429.8522,0.2274199713017269,486.2143306838509,458.2866693161491,56.6300839148764,1.036428339237034,0.8354017590314861,0.20102658020554787,15.375,0.0084571476538235,480.55,0.0014711445504602,476.52,0.0087557505989102,475.82,-0.010193166802995,471.93,0.0059750964956277,461.31,475.73999999999995,3.270236994428965,0.14310163070896958,480.55,471.69,473.28499999999997,5.063444699238134,0.22009029981919842,480.55,461.75,472.2505,6.98191534192545,0.22741997130172645,486.43,458.57,467.42620000000005,19.06957881772631,0.24817437881756288,506.66,433.65,0,11,4,1.0039587041178275,1.0143205494236,0.03406310638649691,-0.008614921378369417,475.49,0.0028895638235046928
2023-11-07,AAPL,473.12,480.69,470.29,475.49,45829704,475.49,0.0028895638235046,471.7035,468.263,430.4596,0.2260719728547312,484.0974514534476,459.3095485465524,56.01100051356529,1.070619690420358,0.8824453453092604,0.18817434511109754,14.779285714285711,-0.0133805015086879,474.12,0.0084571476538235,480.55,0.0014711445504602,476.52,-0.0005085499968215,471.69,0.0189243675619432,470.04,476.5,2.4264068083753707,0.14293951714579295,480.55,474.12,473.8299999999999,4.967762742592214,0.2011621392093321,480.55,461.75,471.70349999999996,6.196975726723792,0.22607197285473077,480.55,458.57,468.263,18.465618603445847,0.24781380311878184,506.66,434.36,1,11,4,1.0080272883262302,1.0154336345151862,0.021872173967860745,0.0050092999661713634,465.67,-0.020652379650465846
2023-11-08,AAPL,462.13,474.65,456.69,465.67,78901984,465.67,-0.0206523796504658,471.1,468.7366,431.0468,0.2290207773487147,483.4316213130864,458.7683786869137,45.83905176990962,0.3018451685220498,0.7663253099518184,-0.46448014142976857,15.254285714285711,0.0028895638235046,475.49,-0.0133805015086879,474.12,0.0084571476538235,480.55,0.0087557505989102,475.82,-0.0176367968683516,461.75,474.46999999999997,5.472015168083345,0.19402979508929988,480.55,465.67,474.2219999999999,3.9613488163080404,0.2094771958321938,480.55,465.67,471.1,6.165810656543159,0.22902077734871426,480.55,458.57,468.7366,18.077617642610306,0.24968879385312825,506.66,434.36,2,11,4,0.9884737847569763,0.993457732976274,0.03856808469508753,0.007660182199797374,465.05,-0.001331414950501486
2023-11-09,AAPL,465.84,474.43,455.67,465.05,41902323,465.05,-0.0013314149505014,470.4450000000001,469.2836,431.6638,0.2288942450638397,482.5901458789055,458.29985412109465,54.83582088406416,-0.35336957277746706,0.5423863334059613,-0.8957559061834284,15.060714285714283,-0.0206523796504658,465.67,0.0028895638235046,475.49,-0.0133805015086879,474.12,0.0014711445504602,476.52,0.0257498646453708,473.64,472.17600000000004,6.670710606804839,0.18980417629404228,480.55,465.05,473.363,4.917526591468346,0.1572020496781967,480.55,465.05,470.44500000000005,6.072572939452703,0.22889424506383924,480.55,458.57,469.2836,17.524660613901073,0.2485187266789799,506.66,434.36,3,11,4,0.9885321344663274,0.9909785894904681,0.04033974841406225,-0.0016958612399069805,458.94,-0.01313837221804115
2023-11-10,AAPL,463.25,463.25,455.71,458.94,72986442,458.94,-0.0131383722180411,469.7509999999999,469.6688,432.2197,0.2301374580874721,482.87180212562834,456.6301978743715,48.31604375903901,-1.350094859290948,0.16389009486657946,-1.5139849541575274,14.527142857142858,-0.0013314149505014,465.05,-0.0206523796504658,465.67,0.0028895638235046,475.49,0.0084571476538235,480.55,0.006650620724601,476.79,467.854,6.8859080737218035,0.15312660359715904,475.49,458.94,471.5780000000001,6.515408744747442,0.1588508893309218,480.55,458.94,469.7509999999999,6.560401062814202,0.23013745808747169,480.55,458.57,469.6688,17.066359515192556,0.25050751387411985,506.66,434.36,4,11,4,0.9769856796452229,0.9771566686972243,0.0164291628534963,-0.009303831624372799,454.06,-0.010633198239421215
2023-11-13,AAPL,452.95,461.0,447.12,454.06,72427082,454.06,-0.0106331982394212,468.722,470.0628,432.76275,0.2315034284435013,483.3677590052872,454.07624099471286,37.98857485670716,-2.504907036937823,-0.369869331494301,-2.135037705443522,14.674285714285714,-0.0131383722180411,458.94,-0.0013314149505014,465.05,-0.0206523796504658,465.67,-0.0133805015086879,474.12,-0.010193166802995,471.93,463.842,8.065263169900593,0.1495133796969132,475.49,454.06,469.791,8.543208413706182,0.1593641527131136,480.55,454.06,468.72200000000004,7.322879502643584,0.23150342844350094,480.55,454.06,470.0628,16.450874431190073,0.25013510706791137,506.66,440.94,0,11,4,0.9687191981580368,0.9659560382124135,0.030568647315265443,0.0024506016116515356,462.71,0.01905034576928144
2023-11-14,AAPL,458.66,469.74,455.69,462.71,102788357,462.71,0.0190503457692814,468.665,470.3428,433.33945,0.2296447492883869,483.39920295913385,453.9307970408661,50.71770333866554,-2.691099973419682,-0.8341154598793772,-1.856984513540305,14.677857142857144,-0.0106331982394212,454.06,-0.0131383722180411,458.94,-0.0013314149505014,465.05,0.0028895638235046,475.49,-0.0005085499968215,471.69,461.28599999999994,4.825290664795215,0.24260736246610826,465.67,454.06,468.89300000000003,8.789817404247941,0.1965962316057972,480.55,454.06,468.66499999999996,7.367101479566954,0.22964474928838657,480.55,454.06,470.3428,16.197211783229342,0.2427875058326384,506.66,440.94,1,11,4,0.9872936959214208,0.983771836199079,0.03036459121257299,0.008830070204489435,470.51,0.016857210779970266
2023-11-15,AAPL,469.0,476.34,464.68,470.51,81471412,470.51,0.0168572107799702,468.875,470.9342,433.9558,0.236751455548551,483.58758322871967,454.16241677128033,47.507564888276704,-2.1840876020203837,-1.1041098883075784,-1.0799777137128053,14.152857142857142,0.0190503457692814,462.71,-0.0106331982394212,454.06,-0.0131383722180411,458.94,-0.0206523796504658,465.67,0.0087557505989102,475.82,462.254,6.211105376642548,0.23959306331147273,470.51,454.06,468.36199999999997,8.479778298989892,0.21240579716486352,480.55,454.06,468.875,7.356291614359822,0.23675145554855065,480.55,454.06,470.93420000000003,15.631698184209299,0.24184465252216109,506.66,443.14,2,11,4,1.0034870701124958,0.9990992372161566,0.024781619944263006,0.0032196162046839475,474.99,0.00952158296316763
2023-11-16,AAPL,475.04,486.23,463.75,474.99,102656605,474.99,0.0095215829631676,469.0075,471.5712,434.5815,0.2346875988472881,483.89812845511625,454.1168715448837,48.59638177354414,-1.4045868825249954,-1.1642052871510618,-0.24038159537393367,15.190714285714288,0.0168572107799702,470.51,0.0190503457692814,462.71,-0.0106331982394212,454.06,-0.0013314149505014,465.05,0.0014711445504602,476.52,464.242,8.499098187440488,0.24200340244614477,474.99,454.06,468.209,8.328685970789143,0.21881951570452843,480.55,454.06,469.0075,7.445314227558131,0.2346875988472877,480.55,454.06,471.5712,15.116414195245264,0.24240281075089978,506.66,447.52,3,11,4,1.0127556595555236,1.0072498066018298,0.047327312153840485,-0.00010525429437501287,467.43,-0.015916124549990585
2023-11-17,AAPL,464.27,477.5,457.35,467.43,105996141,467.43,-0.0159161245499905,469.4505,471.9694,435.1668,0.2165988827582814,483.5392674183111,455.36173258168895,46.63274467744899,-1.3809371805553496,-1.2075516658319194,-0.17338551472343022,15.239999999999997,0.0095215829631676,474.99,0.0168572107799702,470.51,0.0190503457692814,462.71,-0.0131383722180411,458.94,0.0084571476538235,480.55,465.93999999999994,8.00897621420809,0.2550861279220427,474.99,454.06,466.89700000000005,7.113338097469329,0.22580277705653168,475.49,454.06,469.45050000000003,7.044383709155549,0.21659888275828085,480.55,454.06,471.9694,14.727147001917592,0.24472400306904,506.66,448.25,4,11,4,0.9956960318478825,0.9903820035769472,0.04310805896060772,0.006806384216066554,465.37,-0.004407076995485926
2023-11-20,AAPL,466.84,474.19,456.55,465.37,189425935,465.37,-0.0044070769954859,469.6535,472.2676,435.7746000000001,0.2166001831282736,483.3602179456261,455.9467820543739,45.396270387011256,-1.5110015202594127,-1.268241636717418,-0.24275988354199463,15.376428571428566,-0.0159161245499905,467.43,0.0095215829631676,474.99,0.0168572107799702,470.51,-0.0106331982394212,454.06,-0.0133805015086879,474.12,468.20199999999994,4.748212295142927,0.23604831330052847,474.99,462.71,466.02200000000005,6.6491433032148,0.21825576036711938,475.49,454.06,469.6535,6.853358972813043,0.21660018312827314,480.55,454.06,472.26759999999996,14.430696952343506,0.24467689491484312,506.66,448.25,0,11,4,0.99087944622793,0.9853947211263585,0.03790532264641486,-0.003148830434403268,474.08,0.018716290263661062
2023-11-21,AAPL,478.8,483.22,464.93,474.08,70520819,474.08,0.018716290263661,469.8555,472.762,436.3995,0.2163669045713741,483.7045394498338,456.0064605501662,48.81180004529684,-0.9008695753522602,-1.1947672244443865,0.29389764909212635,15.048571428571424,-0.0044070769954859,465.37,-0.0159161245499905,467.43,0.0095215829631676,474.99,0.0190503457692814,462.71,0.0028895638235046,475.49,470.476,4.144741246415969,0.2348061525914219,474.99,465.37,465.88100000000003,6.437645273443247,0.24100387412714774,474.99,454.06,469.8555,6.9245197249169,0.2163669045713736,480.55,454.06,472.76199999999994,14.04824834747796,0.24783993211142616,506.66,448.25,1,11,4,1.0089910621435547,1.0027878721195806,0.03857998650008741,-0.009857978279010379,475.24,0.002446844414444982
2023-11-22,AAPL,474.79,482.01,468.48,475.24,54905721,475.24,0.0024468444144449,470.53,473.2939999999999,437.04245,0.2054897007326969,484.0263948402176,457.0336051597824,49.13137892660372,-0.3200440393097779,-1.019822587417465,0.699778548107687,15.617142857142852,0.018716290263661,474.08,-0.0044070769954859,465.37,-0.0159161245499905,467.43,0.0168572107799702,470.51,-0.0206523796504658,465.67,471.422,4.6619598882594335,0.20973286851519898,475.24,465.37,466.838,7.081881106035299,0.21228277660659373,475.24,454.06,470.53000000000003,6.748197420108782,0.20548970073269637,480.55,454.06,473.2939999999999,13.613040866478642,0.24777197932505263,506.66,448.25,2,11,4,1.0100099887339598,1.0041116092724522,0.02846982577218143,0.0009477874428674589,492.24,0.0357713997138287
2023-11-23,AAPL,490.81,503.76,480.71,492.24,88275277,492.24,0.0357713997138287,471.46,474.157,437.80985,0.2234558283602845,488.0642429580323,454.85575704196776,56.74552797698283,1.494791284248322,-0.5168998130843074,2.0116910973326294,16.946428571428566,0.0024468444144449,475.24,0.018716290263661,474.08,-0.0044070769954859,465.37,0.0095215829631676,474.99,-0.0013314149505014,465.05,474.87199999999996,10.583967592530367,0.32148788781747034,492.24,465.37,469.55699999999996,10.643268138437884,0.2694264555462633,492.24,454.06,471.46000000000004,8.302121479016142,0.22345582836028421,492.24,454.06,474.157,13.413599594493554,0.25959107702288636,506.66,448.25,3,11,4,1.0440758494866076,1.0381371570997833,0.046826751178191905,0.002913551068635711,495.32,0.006257110352673401
2023-11-24,AAPL,494.33,504.67,485.96,495.32,58038966,495.32,0.0062571103526734,472.3865,475.0984,438.60295,0.2233520456932113,492.0323210635746,452.7406789364253,62.72509002547236,3.145334158440562,0.2155469812206665,2.929787177219896,17.129285714285714,0.0357713997138287,492.24,0.0024468444144449,475.24,0.018716290263661,474.08,-0.0159161245499905,467.43,-0.0131383722180411,458.94,480.45,12.798910109838339,0.2514153571645296,495.32,465.37,473.195,12.641085791972975,0.24793427995651748,495.32,454.06,472.38649999999996,9.822910531787329,0.22335204569321102,495.32,454.06,475.09839999999997,13.208451431725651,0.2596144681568515,506.66,454.06,4,11,4,1.0485481697697785,1.0425629722157714,0.037773560526452116,0.0020027107397851767,496.91,0.0032100460308488454
2023-11-27,AAPL,493.09,506.64,487.18,496.91,144721461,496.91,0.0032100460308488,473.6355,475.93799999999993,439.36505,0.218664006090775,496.1289867531608,451.1420132468392,62.82327585153825,4.5294878728824415,1.0783351595530215,3.45115271332942,17.77642857142857,0.0062571103526734,495.32,0.0357713997138287,492.24,0.0024468444144449,475.24,-0.0044070769954859,465.37,-0.0106331982394212,454.06,486.758,11.178319193855119,0.22498979316019127,496.91,474.08,477.48,12.69651833290526,0.2281158089883567,496.91,462.71,473.6355,11.24674337658042,0.2186640060907748,496.91,454.06,475.93799999999993,13.234487569386882,0.25797781533628605,506.66,454.06,0,11,4,1.0491401087945285,1.0440645630291256,0.039162021291503125,0.007747064430412913,494.78,-0.004286490511360319
2023-11-28,AAPL,498.57,505.78,483.78,494.78,71431533,494.78,-0.0042864905113603,474.7900000000001,476.425,440.0938,0.2198010638135988,499.15538960339336,450.4246103966068,69.1942502839414,5.392406163423743,1.941149360327166,3.4512568030965776,18.005,0.0032100460308488,496.91,0.0062571103526734,495.32,0.0357713997138287,492.24,0.018716290263661,474.08,0.0190503457692814,462.71,490.89799999999997,8.912660657721775,0.24805878440004678,496.91,475.24,480.687,12.601158720972162,0.22983373370905918,496.91,465.37,474.7900000000001,12.182694801696638,0.2198010638135985,496.91,454.06,476.425,13.473523432021626,0.24753482426901458,506.66,454.06,1,11,4,1.0421028244043846,1.0385265256839198,0.044464206313827435,-0.0076017409791853075,495.94,0.0023444763329156793
2023-11-29,AAPL,495.09,501.14,490.74,495.94,63802736,495.94,0.0023444763329156,475.796,477.0104,440.8369,0.2185489032393154,501.93717091564434,449.6548290843557,70.22390989939586,6.099565437626495,2.7728325757870316,3.3267328618394636,17.407857142857143,-0.0042864905113603,494.78,0.0032100460308488,496.91,0.0062571103526734,495.32,0.0024468444144449,475.24,0.0168572107799702,470.51,495.038,1.7530601814238087,0.2482218432323272,496.91,492.24,483.23,12.882015887793152,0.2235428568672848,496.91,465.37,475.796,13.070585457822189,0.21854890323931514,496.91,454.06,477.0104,13.675388583061396,0.24666222886855005,506.66,454.06,2,11,4,1.0423374723599141,1.0396838307906082,0.02097027866269913,0.0017168595608844978,494.97,-0.0019558817598902545
2023-11-30,AAPL,493.86,505.44,484.51,494.97,66254298,494.97,-0.0019558817598902,476.71850000000006,477.7632,441.58365,0.2190306865644577,504.233326070376,449.2036739296242,75.29130982656073,6.506717969407816,3.5196096545111883,2.987108314896628,18.235714285714284,0.0023444763329156,495.94,-0.0042864905113603,494.78,0.0032100460308488,496.91,0.0357713997138287,492.24,0.0095215829631676,474.99,495.584,0.8628615182592546,0.06685624738787971,496.91,494.78,485.22799999999995,13.010794492780041,0.22498885351117287,496.91,465.37,476.71850000000006,13.757413035187925,0.2190306865644574,496.91,454.06,477.7632,13.605738651196608,0.24190980715023283,506.66,454.06,3,11,4,1.038285696902809,1.0360153314423632,0.04228539103371461,0.0022476005345599278,500.43,0.011030971574034654
2023-12-01,AAPL,502.03,504.88,495.97,500.43,106633060,500.43,0.0110309715740346,477.7125,478.6342,442.3654,0.2202257465730421,507.1773978491692,448.24760215083074,82.28658959543219,7.187117041664862,4.253111131941924,2.9340059097229387,17.952142857142853,-0.0019558817598902,494.97,0.0023444763329156,495.94,-0.0042864905113603,494.78,0.0062571103526734,495.32,-0.0159161245499905,467.43,496.60600000000005,2.300528200151169,0.09333844123091983,500.43,494.78,488.52799999999996,12.151629794669072,0.19630493369085247,500.43,465.37,477.7125,14.732448924584626,0.22022574657304186,500.43,454.06,478.63419999999996,13.635513220091065,0.24272761911682178,506.66,454.06,4,12,4,1.0475547531181464,1.0455374897969147,0.01780468796831158,-0.003187060534224606,507.83,0.014787282936674417
2023-12-04,AAPL,507.24,513.88,501.79,507.83,75108057,507.83,0.0147872829366744,479.398,479.2894,443.12915,0.2165985926712411,511.7161406447781,447.0798593552219,81.9727890993818,8.228602160479795,5.0482093376494985,3.1803928228302967,17.792857142857137,0.0110309715740346,500.43,-0.0019558817598902,494.97,0.0023444763329156,495.94,0.0032100460308488,496.91,-0.0044070769954859,465.37,498.78999999999996,5.549914413726292,0.13089051333264065,507.83,494.78,492.774,10.461293950135122,0.18881836500661114,507.83,474.08,479.398,16.159070322389045,0.21659859267124087,507.83,454.06,479.2894,14.234666424045562,0.2287428592737162,507.83,454.06,0,12,4,1.059307715090469,1.059547738796102,0.02380717956791873,0.001163157479691688,502.05,-0.011381761613138197
2023-12-05,AAPL,503.54,507.93,496.17,502.05,61890079,502.05,-0.0113817616131381,480.726,479.93979999999993,443.8532,0.2229863963317293,514.5171993525389,446.9348006474612,73.00846219693437,8.489724664845028,5.7365124030886046,2.753212261756423,17.65928571428571,0.0147872829366744,507.83,0.0110309715740346,500.43,-0.0019558817598902,494.97,-0.0042864905113603,494.78,0.018716290263661,474.08,500.244,5.176464044083012,0.16559325444869524,507.83,494.97,495.571,8.4544169258192,0.2045026546319737,507.83,475.24,480.726,16.895599676269427,0.22298639633172895,507.83,454.06,479.93979999999993,14.519732314666303,0.22866134926631868,507.83,454.06,1,12,4,1.0443579086609747,1.0460686944465827,0.023423961756750458,-0.0029590499265143783,492.29,-0.01944029479135545
2023-12-06,AAPL,487.97,504.39,480.19,492.29,155736799,492.29,-0.0194402947913554,482.0570000000001,480.158,444.51625,0.2213299173569312,515.4458611113737,448.66813888862646,61.7176916707661,7.818983325930674,6.153006587657019,1.6659767382736552,17.782142857142848,-0.0113817616131381,502.05,0.0147872829366744,507.83,0.0110309715740346,500.43,0.0023444763329156,495.94,0.0024468444144449,475.24,499.514,6.108607042500405,0.23031083519962764,507.83,492.29,497.276,4.849279900725292,0.24089555134811946,507.83,492.24,482.0570000000001,16.694430555686807,0.22132991735693086,507.83,454.06,480.158,14.623423619902287,0.22673997892454675,507.83,454.06,2,12,4,1.0212277801151706,1.0252666830480275,0.04915801661612226,0.008853003258378876,479.08,-0.02683377683885524
2023-12-07,AAPL,482.08,489.68,468.48,479.08,56801270,479.08,-0.0268337768388552,482.7585,479.8632,445.08465,0.2450046345193212,515.2195167982729,450.2974832017272,57.329809981092,6.150579333038422,6.1525211367333,-0.0019418036948781747,18.043571428571422,-0.0194402947913554,492.29,-0.0113817616131381,502.05,0.0147872829366744,507.83,-0.0019558817598902,494.97,0.0357713997138287,492.24,496.33599999999996,11.131737510366104,0.2932641783055728,507.83,479.08,495.96000000000004,7.453963897001426,0.21006776396716464,507.83,479.08,482.7585,16.230508399136433,0.24500463451932084,507.83,454.06,479.8632,14.49035420757524,0.22735682235003743,507.83,454.06,3,12,4,0.9923802480930063,0.9983678681736828,0.04425148200708804,-0.006223033521394327,482.91,0.00799448943808967
2023-12-08,AAPL,487.16,492.09,473.72,482.91,81146248,482.91,0.0079944894380896,483.9570000000001,479.7234,445.665,0.2395671001286784,514.4240058639604,453.4899941360397,60.79517478026671,5.078860200908764,5.937788949568394,-0.85892874865963,18.095714285714276,-0.0268337768388552,479.08,-0.0194402947913554,492.29,-0.0113817616131381,502.05,0.0110309715740346,500.43,0.0062571103526734,495.32,492.83200000000005,12.22465623237308,0.2825101287852041,507.83,479.08,494.71899999999994,8.528034096764536,0.21229432099492715,507.83,479.08,483.95700000000005,15.233502931980151,0.23956710012867813,507.83,454.06,479.72339999999997,14.425117211697016,0.22749169568721822,507.83,454.06,4,12,4,0.9978365846531864,1.0066425777833505,0.03804021453264978,-0.008724033171835281,475.14,-0.0160899546499349
2023-12-11,AAPL,476.55,484.42,465.85,475.14,103850160,475.14,-0.0160899546499349,485.011,479.34100000000007,446.213,0.2443179340643216,512.4291007442137,457.5928992557863,50.66002489776786,3.561486405640153,5.462528440782746,-1.9010420351425932,18.115714285714272,0.0079944894380896,482.91,-0.0268337768388552,479.08,-0.0194402947913554,492.29,0.0147872829366744,507.83,0.0032100460308488,496.91,486.294,10.864029178887087,0.20783983837626455,502.05,475.14,492.54200000000003,10.465232173462166,0.21985200820986545,507.83,475.14,485.01099999999997,13.70905037210685,0.24431793406432128,507.83,462.71,479.34100000000007,14.28464256693442,0.22926902954394718,507.83,454.06,0,12,4,0.9796478842727697,0.991235884264039,0.03908321757789475,-0.002958766131564508,460.2,-0.031443364061118806
2023-12-12,AAPL,464.38,467.67,452.72,460.2,41657965,460.2,-0.0314433640611188,484.8855,478.4118,446.69105,0.2636153859821822,512.7527012266988,457.0182987733012,42.00680271483742,1.1402791711061013,4.598078586847418,-3.4577994157413166,18.750714285714274,-0.0160899546499349,475.14,0.0079944894380896,482.91,-0.0268337768388552,479.08,-0.0113817616131381,502.05,-0.0042864905113603,494.78,477.924,11.773586114677435,0.24292269991902518,492.29,460.2,489.084,14.556817570396394,0.25840450089780703,507.83,460.2,484.88550000000004,13.933600613349421,0.2636153859821819,507.83,460.2,478.4118,13.97912374847859,0.23169816073769506,507.83,454.06,1,12,4,0.9490900429050795,0.9619327951338952,0.03248587570614408,-0.00900124897711143,463.04,0.0061712299000435955
2023-12-13,AAPL,459.81,474.13,451.96,463.04,96943742,463.04,0.0061712299000435,484.512,477.5936,447.18465,0.2571256551261719,513.3729739048363,455.6510260951637,31.73173172617315,-0.5431199918035645,3.5698388711172218,-4.112958862920786,18.29714285714285,-0.0314433640611188,460.2,-0.0160899546499349,475.14,0.0079944894380896,482.91,-0.0194402947913554,492.29,0.0023444763329156,495.94,472.07399999999996,9.981336583831618,0.2910687621896534,482.91,460.2,485.794,16.432192793416935,0.26299351528939163,507.83,460.2,484.512,14.430486952418148,0.25712565512617164,507.83,460.2,477.5936,13.647156504298929,0.23223790445174286,507.83,454.06,2,12,4,0.9556832441694826,0.9695272298435962,0.04787923289554279,0.007024640612411634,480.85,0.038463199723566044
2023-12-14,AAPL,480.63,488.02,473.67,480.85,52456463,480.85,0.038463199723566,484.805,477.1588,447.7677,0.2906815413302562,513.3764797067001,456.2335202932999,42.356048593840654,-0.435092327509949,2.7688526313917876,-3.2039449589017366,18.744999999999983,0.0061712299000435,463.04,-0.0314433640611188,460.2,-0.0160899546499349,475.14,-0.0268337768388552,479.08,-0.0019558817598902,494.97,472.42800000000005,10.31765331845061,0.4217806574354617,482.91,460.2,484.38200000000006,16.160512093097008,0.3480079037942038,507.83,460.2,484.805,14.28573985335007,0.290681541330256,507.83,460.2,477.15880000000004,13.172583407685073,0.2490040035209388,507.83,454.06,3,12,4,0.9918420808345793,1.0077357894248042,0.029842986378226313,0.00045773255934829194,480.97,0.0002495580742434278
2023-12-15,AAPL,481.95,487.03,474.9,480.97,111178803,480.97,0.0002495580742434,485.482,476.8104,448.33075,0.2839584519369608,512.9399675714844,458.0240324285155,41.44666236767276,-0.33592430189514744,2.1478972447344007,-2.483821546629548,18.221428571428557,0.038463199723566,480.85,0.0061712299000435,463.04,-0.0314433640611188,460.2,0.0079944894380896,482.91,0.0110309715740346,500.43,472.0400000000001,9.850845141394494,0.4172710405502921,480.97,460.2,482.43600000000004,15.15363410758919,0.34024123690107927,507.83,460.2,485.48199999999997,13.728983785742233,0.28395845193696057,507.83,460.2,476.8104,12.825375828513717,0.24840318564573724,507.83,454.06,4,12,4,0.9907061435830974,1.0087238030021815,0.025219868182994314,-0.0020334059549702833,487.22,0.01299457346612054
2023-12-18,AAPL,488.01,491.24,483.19,487.22,54432762,487.22,0.0129945734661205,486.57450000000006,476.7344000000001,448.923,0.2858044054871099,512.3503430154417,460.7986569845584,46.11510790703383,0.24417514041726918,1.7671528238709744,-1.5229776834537052,17.38357142857141,0.0002495580742434,480.97,0.038463199723566,480.85,0.0061712299000435,463.04,-0.0160899546499349,475.14,0.0147872829366744,507.83,474.456,12.039453060655669,0.39965821323633216,487.22,460.2,480.375,12.482199993057744,0.3376149618802503,502.05,460.2,486.57450000000006,12.88792150772081,0.28580440548710967,507.83,460.2,476.73440000000005,12.750495174048742,0.24806770636196696,507.83,454.06,0,12,4,1.0013266211011853,1.021994636843865,0.01652231024995585,-0.0016188192864866392,487.98,0.001559870284471021
2023-12-19,AAPL,487.02,498.09,477.87,487.98,105544667,487.98,0.001559870284471,487.2695,476.7654,449.4980499999999,0.2792673960974689,512.3675154174296,462.1714845825704,45.892672851986624,0.7565131634207773,1.565024891780935,-0.8085117283601577,18.084999999999983,0.0129945734661205,487.22,0.0002495580742434,480.97,0.038463199723566,480.85,-0.0314433640611188,460.2,-0.0113817616131381,502.05,480.01200000000006,10.063710548287876,0.2487630606293125,487.98,463.04,478.968,10.384185411802447,0.3358647747955922,492.29,460.2,487.2695,12.549007708714775,0.27926739609746876,507.83,460.2,476.7654,12.776406861300288,0.24716894250576718,507.83,454.06,1,12,4,1.0014581253269466,1.0235222606316996,0.04143612443124418,0.0019711716151247696,487.42,-0.0011475880159023122
2023-12-20,AAPL,485.84,497.02,477.83,487.42,124506741,487.42,-0.0011475880159023,487.8785,476.959,450.0719,0.2794129709842225,512.3302589723295,463.4267410276704,46.08767747284457,1.1046240000939633,1.4729447134435407,-0.3683207133495774,17.960714285714268,0.001559870284471,487.98,0.0129945734661205,487.22,0.0002495580742434,480.97,0.0061712299000435,463.04,-0.0194402947913554,492.29,484.88800000000003,3.642316570496309,0.26429962502763577,487.98,480.85,478.48100000000005,9.787013447535779,0.3225289967713886,487.98,460.2,487.8785,12.225879486164777,0.27941297098422235,507.83,460.2,476.959,12.864512689350532,0.24371665561468936,507.83,454.06,2,12,4,0.9990602168347262,1.0219327028087908,0.039370563374421706,0.003252099456604621,494.36,0.014238233966599623
2023-12-21,AAPL,490.67,500.63,488.08,494.36,112911152,494.36,0.0142382339665996,487.9845,477.2832,450.6776500000001,0.2535516439868153,512.5340541603606,463.43494583963945,46.9021128849992,1.9183903365178026,1.5620338380583931,0.3563564984594094,18.196428571428555,-0.0011475880159023,487.42,0.001559870284471,487.98,0.0129945734661205,487.22,0.038463199723566,480.85,-0.0268337768388552,479.08,487.59000000000003,4.74276290781094,0.11766865958391301,494.36,480.97,480.009,11.007606915221128,0.2944067894634552,494.36,460.2,487.9845,12.274777080180291,0.2535516439868152,507.83,460.2,477.2832,13.097288773798073,0.24565646849808945,507.83,454.06,3,12,4,1.0130649641514986,1.0357791768052265,0.025386358119537634,0.007520329345573354,492.37,-0.004025406586293356
2023-12-22,AAPL,491.31,495.08,489.66,492.37,88460249,492.37,-0.0040254065862933,487.837,477.6742,451.32795,0.2529933525078925,512.2359681403657,463.43803185963424,41.64866032213614,2.375348117630267,1.724696693972768,0.6506514236574992,17.622857142857125,0.0142382339665996,494.36,-0.0011475880159023,487.42,0.001559870284471,487.98,0.0002495580742434,480.97,0.0079944894380896,482.91,489.87000000000006,3.278993748042721,0.13280674658143307,494.36,487.22,480.95500000000004,11.671123196449033,0.295221301678026,494.36,460.2,487.837,12.199484070182876,0.25299335250789234,507.83,460.2,477.67420000000004,13.252228936887787,0.24439461157668604,507.83,454.06,4,12,4,1.009292038117221,1.0307653207959928,0.011007981802280705,0.0021574973031239847,494.52,0.004366634847777107
2023-12-25,AAPL,491.18,505.29,483.75,494.52,72930450,494.52,0.0043666348477771,487.7175,478.0718,451.9633,0.2532319839457916,511.95222226283374,463.4827777371663,45.76633306374981,2.8778039504946378,1.955318145277142,0.9224858052174958,18.321428571428555,-0.0040254065862933,492.37,0.0142382339665996,494.36,-0.0011475880159023,487.42,0.0129945734661205,487.22,-0.0160899546499349,475.14,491.33000000000004,3.425974313928894,0.11134764381616316,494.52,487.42,482.89300000000003,12.195502859662,0.277248373699858,494.52,460.2,487.71750000000003,12.11736113141686,0.2532319839457914,507.83,460.2,478.0718,13.455995809461957,0.24442918888327314,507.83,454.06,0,12,4,1.0139476233659568,1.0344052922572835,0.04355738898316845,0.006799951138061759,497.08,0.0051767370379358635
2023-12-26,AAPL,499.41,499.68,494.48,497.08,63526605,497.08,0.0051767370379358,487.8325,478.7364,452.60125,0.2533948699805938,512.229615338517,463.4353846614831,52.930380512161655,3.442886965411276,2.2528319093039686,1.1900550561073073,16.964285714285698,0.0043666348477771,494.52,-0.0040254065862933,492.37,0.0142382339665996,494.36,0.001559870284471,487.98,-0.0314433640611188,460.2,493.15,3.6134194331266376,0.11136456240154438,497.08,487.42,486.581,9.937906609432487,0.19412217649070088,497.08,463.04,487.8325,12.198557669258472,0.2533948699805937,507.83,460.2,478.7364,13.559464464763979,0.2384880589309496,507.83,454.06,1,12,4,1.0189563015973333,1.038316702049315,0.010461092781824914,-0.004665505296240314,492.29,-0.0096362758509696
2023-12-27,AAPL,489.42,501.68,482.9,492.29,144090346,492.29,-0.0096362758509696,487.65,479.256,453.18675,0.2557041854330109,511.8455324279603,463.4544675720397,59.009684888471774,3.4642723820506944,2.495120003853314,0.9691523781973803,16.604999999999986,0.0051767370379358,497.08,0.0043666348477771,494.52,-0.0040254065862933,492.37,-0.0011475880159023,487.42,0.0061712299000435,463.04,494.12399999999997,1.9615376620640026,0.1457459119587027,497.08,492.29,489.50600000000003,5.594795597499727,0.2131344892609482,497.08,480.85,487.65,12.097766213980146,0.25570418543301077,507.83,460.2,479.256,13.571338495933167,0.23961691677130662,507.83,454.06,2,12,4,1.0095150210171036,1.0271963209620179,0.03814824595251149,0.0058640840178050355,499.84,0.015336488655060876
2023-12-28,AAPL,495.42,512.04,487.64,499.84,60474908,499.84,0.0153364886550608,487.8935,479.806,453.88915,0.2614728785761778,512.4938459752918,463.29315402470814,60.98922496619692,4.043827652841685,2.804861533650988,1.2389661191906969,17.035714285714274,-0.0096362758509696,492.29,0.0051767370379358,497.08,0.0043666348477771,494.52,0.0142382339665996,494.36,0.038463199723566,480.85,495.21999999999997,3.240424354879099,0.1516340014980589,499.84,492.29,491.40500000000003,5.552965674106261,0.13096368130157454,499.84,480.97,487.89349999999996,12.300172987645908,0.26147287857617757,507.83,460.2,479.806,13.839919487783906,0.24028260694195652,507.83,454.06,3,12,4,1.0244858765262819,1.041754375724685,0.048815620998621884,0.008921722982501792,498.7,-0.0022807298335466575
2023-12-29,AAPL,499.22,505.55,491.84,498.7,52836392,498.7,-0.0022807298335466,487.807,480.6086,454.52805,0.2586968627758192,512.2332922191997,463.38070778080015,66.73295453218381,4.36087149573666,3.1160635260681224,1.2448079696685377,16.688571428571418,0.0153364886550608,499.84,-0.0096362758509696,492.29,0.0051767370379358,497.08,-0.0040254065862933,492.37,0.0002495580742434,480.97,496.486,3.0812140463933364,0.14754038037233588,499.84,492.29,493.178,4.599654093277298,0.13353530387252474,499.84,487.22,487.80699999999996,12.213146109599899,0.2586968627758191,507.83,460.2,480.6086,13.74656350524929,0.23015951320218486,507.83,454.06,4,12,4,1.0223305528599993,1.037642688871906,0.027491477842335164,-0.0010416249348964325,493.24,-0.010948466011630242
