Date,Ticker,Open,High,Low,Close,Volume,Adj_Close,Return,SMA_20,SMA_50,SMA_200,Volatility,BB_upper,BB_lower,RSI
2019-01-02,AAPL,151.79,152.45,149.89,151.17,87099944,151.17,,,,,,,,
2019-01-03,AAPL,151.87,153.76,148.06,150.91,120641234,150.91,-0.0017199179731427483,,,,,,,
2019-01-04,AAPL,152.58,154.25,150.62,152.44,124510095,152.44,0.01013849314160753,,,,,,,
2019-01-07,AAPL,157.47,159.83,152.19,156.01,63844321,156.01,0.0234190501180791,,,,,,,
2019-01-08,AAPL,154.12,158.29,152.74,155.52,57716306,155.52,-0.003140824306134049,,,,,,,
2019-01-09,AAPL,155.04,158.35,151.7,155.02,82540068,155.02,-0.0032150205761316553,,,,,,,
2019-01-10,AAPL,159.49,160.01,157.58,158.79,112920167,158.79,0.024319442652560808,,,,,,,
2019-01-11,AAPL,161.85,164.26,157.11,160.69,84576021,160.69,0.011965489010643093,,,,,,,
2019-01-14,AAPL,158.59,163.36,155.87,159.61,42573331,159.61,-0.006721015620138049,,,,,,,
2019-01-15,AAPL,161.94,163.34,158.6,160.97,58026329,160.97,0.0085207693753524,,,,,,,
2019-01-16,AAPL,160.08,162.65,157.17,159.91,77667546,159.91,-0.006585077964838204,,,,,,,
2019-01-17,AAPL,158.52,162.07,155.63,158.85,77614975,158.85,-0.006628728659871186,,,,,,,
2019-01-18,AAPL,158.31,160.84,158.13,159.48,176098501,159.48,0.00396600566572225,,,,,,,
2019-01-21,AAPL,156.15,157.35,152.69,155.02,45953566,155.02,-0.02796588913970388,,,,,,,
2019-01-22,AAPL,150.08,153.07,149.15,151.11,97930919,151.11,-0.02522255192878331,,,,,,,49.88272084838324
2019-01-23,AAPL,149.32,151.08,148.71,149.89,145136093,149.89,-0.008073588776388196,,,,,,,48.078372242912664
2019-01-24,AAPL,147.06,149.51,145.86,147.68,198463763,147.68,-0.014744145706851564,,,,,,,41.256429075033424
2019-01-25,AAPL,149.53,149.53,147.49,148.43,68051696,148.43,0.005078548212350986,,,,,,,34.46721309497781
2019-01-28,AAPL,146.98,147.28,145.67,146.47,97377815,146.47,-0.013204877720137453,,,,,,,32.50869731522522
2019-01-29,AAPL,144.3,144.56,142.35,143.45,100477194,143.45,-0.020618556701030966,154.071,,,,164.62183114710575,143.52016885289424,29.623106713112875
2019-01-30,AAPL,145.96,150.25,143.13,146.69,86506480,146.69,0.022586266991983406,153.847,,,0.24232237554229022,164.83819283790436,142.85580716209566,28.28427852132161
2019-01-31,AAPL,146.61,148.58,143.9,146.24,76898667,146.24,-0.0030676937759901435,153.6135,,,0.24239375857075587,165.0565402198753,142.17045978012467,22.6429382689511
2019-02-01,AAPL,146.65,150.0,142.88,146.44,95241597,146.44,0.001367614879649759,153.3135,,,0.2388003494938441,165.19238046293216,141.43461953706785,24.206815497888883
2019-02-04,AAPL,144.35,145.35,141.44,143.39,29053187,143.39,-0.02082764272056825,152.6825,,,0.22798806995873364,165.2774327738955,140.0875672261045,17.707567955624285
2019-02-05,AAPL,143.43,143.87,140.68,142.27,105093920,142.27,-0.007810865471790107,152.01999999999998,,,0.22832701425455457,165.3584619960868,138.68153800391318,17.66862169181229
2019-02-06,AAPL,141.17,144.72,140.4,142.56,84141322,142.56,0.0020383777324803898,151.397,,,0.22943038218171383,165.29757340733218,137.4964265926678,19.275744991706475
2019-02-07,AAPL,140.65,142.1,138.23,140.17,73188380,140.17,-0.016764870931537668,150.46599999999998,,,0.20725447704536223,164.77004491927477,136.1619550807252,15.847187823775684
2019-02-08,AAPL,139.74,142.01,139.74,141.01,181412149,141.01,0.005992723121923449,149.482,,,0.2013356693481194,163.53002080084778,135.43397919915222,21.58215008916224
2019-02-11,AAPL,139.93,142.28,137.3,139.79,61071971,139.79,-0.008651868661797013,148.491,,,0.20148874450163573,162.32546938476116,134.65653061523886,24.225865194027193
2019-02-12,AAPL,138.63,140.52,137.93,139.23,68087676,139.23,-0.0040060090135203286,147.404,,,0.19383867617310513,160.50702399809813,134.30097600190186,24.976525805179733
2019-02-13,AAPL,137.49,140.42,135.62,138.02,177442738,138.02,-0.008690655749479137,146.3095,,,0.19390034129968528,158.6487799841123,133.97022001588772,26.206896533650408
2019-02-14,AAPL,141.54,144.51,139.4,141.96,57351678,141.96,0.028546587451093952,145.465,,,0.2319022168558218,156.4253601554347,134.5046398445653,36.22818218360176
2019-02-15,AAPL,142.32,143.12,140.84,141.98,64198543,141.98,0.0001408847562691662,144.59,,,0.23022194444586894,153.4280469383348,135.7519530616652,39.58236656361234
2019-02-18,AAPL,139.33,140.66,138.92,139.79,75430859,139.79,-0.01542470770531057,143.82850000000002,,,0.2181168746108188,151.41914597486854,136.2378540251315,41.16795364013747
2019-02-19,AAPL,142.23,144.49,138.65,141.57,111980016,141.57,0.012733385792975227,143.3515,,,0.21315445217688944,150.17583810169995,136.52716189830002,36.708203503950365
2019-02-20,AAPL,138.78,141.02,137.08,139.05,86933863,139.05,-0.017800381436744894,142.8095,,,0.2188426440277936,149.15218239785014,136.4668176021499,33.14580401012459
2019-02-21,AAPL,138.33,140.39,138.33,139.53,47702151,139.53,0.0034519956850054268,142.402,,,0.2161299592064713,148.4683510232132,136.33564897678679,34.01203144487879
2019-02-22,AAPL,136.31,138.91,132.16,135.54,64661062,135.54,-0.028596000860030113,141.7575,,,0.2324012768612103,147.86608886280084,135.64891113719915,32.59423501302349
2019-02-25,AAPL,132.34,133.73,132.09,132.91,62745374,132.91,-0.01940386601741184,141.0795,,,0.23651087985785327,147.94853800818512,134.21046199181487,30.54862841115201
2019-02-26,AAPL,133.17,135.87,130.83,133.35,77566700,133.35,0.0033105108720186127,140.5745,,,0.23037667742026746,148.1576932587794,132.9913067412206,30.978934306744875
2019-02-27,AAPL,135.38,138.21,131.55,134.88,94856393,134.88,0.011473565804274388,139.98399999999998,,,0.2166259808339554,147.3995182946942,132.56848170530577,38.67237685047479
2019-02-28,AAPL,134.82,136.59,133.95,135.27,94567033,135.27,0.0028914590747333158,139.4355,,,0.21803062642618473,146.51801063127348,132.3529893687265,37.467248885391214
2019-03-01,AAPL,133.88,136.14,133.88,135.08,39315621,135.08,-0.001404598210985375,138.8675,,,0.21738001030776402,145.3842666344912,132.3507333655088,39.231824391895515
2019-03-04,AAPL,134.18,135.52,133.52,134.52,122437785,134.52,-0.004145691442108412,138.424,,,0.2080566566176147,144.8515407427722,131.99645925722783,39.231824391895515
2019-03-05,AAPL,132.78,133.07,130.16,131.61,88504568,131.61,-0.021632471008028564,137.89100000000002,,,0.21776044100354877,144.73043949688682,131.05156050311322,36.40220617269277
2019-03-06,AAPL,130.61,131.16,129.33,130.24,139189937,130.24,-0.01040954334777,137.275,,,0.21781904187335926,144.5492415050423,130.00075849495772,22.095238080507897
2019-03-07,AAPL,129.83,131.83,126.95,129.39,95555379,129.39,-0.006526412776412971,136.73600000000002,,,0.21310343767086304,144.67426283528715,128.79773716471288,21.163536404201125
2019-03-08,AAPL,131.85,132.32,130.68,131.5,124282328,131.5,0.01630728804389836,136.2605,,,0.22240139753097388,144.25987754157327,128.26112245842674,30.9425287157152
2019-03-11,AAPL,131.43,134.23,130.22,132.23,96413357,132.23,0.005551330798478915,135.8825,,,0.22365693538231785,143.89410441254765,127.87089558745234,27.43961350801186
2019-03-12,AAPL,128.61,132.03,125.61,128.82,137073453,128.82,-0.02578839900173935,135.362,144.329,,0.23825614834145273,143.799227282142,126.924772717858,26.308476129304353
2019-03-13,AAPL,130.14,132.25,126.73,129.49,98585765,129.49,0.005201055736687055,134.9355,143.8954,,0.23955079590001274,143.66433539588274,126.20666460411724,26.951331479462027
2019-03-14,AAPL,127.76,131.02,126.56,128.79,76927278,128.79,-0.005405822843462915,134.277,143.453,,0.20839609290007793,142.75813473043456,125.79586526956541,31.746890186887228
2019-03-15,AAPL,126.96,128.95,126.11,127.53,198541971,127.53,-0.009783368273934223,133.5545,142.9548,,0.2082692975671151,141.72906253456858,125.37993746543138,34.28738314953142
2019-03-18,AAPL,128.17,131.0,126.5,128.75,114164624,128.75,0.009566376538853616,133.0025,142.4096,,0.21098278047293592,140.8901208807148,125.1148791192852,37.15083795977035
2019-03-19,AAPL,130.62,132.83,128.77,130.8,100637444,130.8,0.015922330097087434,132.464,141.9152,,0.21461382277586608,139.28761965991296,125.64038034008703,38.9250814036401
2019-03-20,AAPL,133.96,134.48,130.89,132.68,48014587,132.68,0.0143730886850153,132.1455,141.4684,,0.21726782904476008,138.22931623654037,126.06168376345961,43.495730757963834
2019-03-21,AAPL,129.93,132.07,129.93,131.07,47784608,131.07,-0.012134458848357066,131.7225,140.91400000000002,,0.2188786207849811,136.72477685001564,126.72022314998435,40.600093738002734
2019-03-22,AAPL,130.55,133.47,127.54,130.51,89937305,130.51,-0.004272526131074983,131.471,140.3104,,0.1971496803292095,136.16119088378156,126.78080911621845,40.600093738002734
2019-03-25,AAPL,130.36,133.04,129.36,131.2,84794875,131.2,0.005286951191479483,131.3855,139.7422,,0.1871625166109111,136.0273348232469,126.74366517675311,48.92726317713329
2019-03-26,AAPL,134.43,134.43,131.99,133.18,62575736,133.18,0.015091463414634188,131.377,139.1864,,0.19492223962192898,136.0042879404898,126.74971205951022,57.45436101397759
2019-03-27,AAPL,131.25,133.9,130.64,132.27,84641078,132.27,-0.006832857786454372,131.2465,138.6336,,0.19144083738211268,135.59674149359816,126.89625850640184,57.280080849245685
2019-03-28,AAPL,131.69,133.7,130.19,131.95,151029835,131.95,-0.0024192938686022902,131.0805,138.0956,,0.1909707442658425,135.01809464380716,127.14290535619284,51.25069479057752
2019-03-29,AAPL,130.44,132.62,127.02,129.82,105655903,129.82,-0.016142478211443656,130.8175,137.5024,,0.19823530893677452,134.30753317734067,127.32746682265932,43.78545638922147
2019-04-01,AAPL,128.08,130.06,125.04,127.55,50684656,127.55,-0.017485749499306702,130.469,136.953,,0.20574435943771202,133.7902419997711,127.14775800022888,46.520547909518505
2019-04-02,AAPL,128.96,131.79,126.53,129.16,76510126,129.16,0.012622500980007834,130.3465,136.514,,0.19950041368419852,133.6712732016028,127.02172679839718,49.140177139762216
2019-04-03,AAPL,131.46,132.55,131.17,131.86,57976632,131.86,0.020904304738309287,130.42749999999998,136.1534,,0.21030086339966675,133.81960150667248,127.03539849332746,57.24398297303374
2019-04-04,AAPL,131.49,133.52,130.01,131.76,68507735,131.76,-0.0007583801001063151,130.546,135.835,,0.2086617182111082,133.95105753873503,127.14094246126496,60.55916121578484
2019-04-05,AAPL,133.18,135.76,131.85,133.81,67801232,133.81,0.015558591378263653,130.6615,135.5426,,0.2079484912472347,134.3478976139874,126.97510238601257,62.12847550959733
2019-04-08,AAPL,133.79,135.3,133.79,134.58,66086758,134.58,0.005754427920185323,130.779,135.3048,,0.20800930102511667,134.8096347939371,126.74836520606287,59.65270680106544
2019-04-09,AAPL,133.28,134.69,131.97,133.33,48422882,133.33,-0.00928815574379549,131.0045,135.1024,,0.18705489032477943,135.07807324070157,126.93092675929844,51.71503953963006
2019-04-10,AAPL,133.48,136.81,131.39,134.1,76017590,134.1,0.005775144378609376,131.23499999999999,134.85060000000001,,0.18720486577225215,135.46639394725113,127.00360605274882,58.36554385327895
2019-04-11,AAPL,136.69,138.34,136.21,137.27,63929670,137.27,0.02363907531692777,131.659,134.6712,,0.20027618372636763,136.5125386981798,126.80546130182019,66.3127412679354
2019-04-12,AAPL,137.68,139.4,135.09,137.25,24785211,137.25,-0.00014569825890586863,132.145,134.4874,,0.19479238392937256,137.2001006028818,127.08989939711823,65.08728175006371
2019-04-15,AAPL,141.87,141.87,139.25,140.55,181856050,140.55,0.024043715846994607,132.735,134.4306,,0.2069259130941965,138.7793570900115,126.69064290998853,67.24379967517947
2019-04-16,AAPL,135.46,135.89,134.47,135.18,123659830,135.18,-0.03820704375667028,132.954,134.2888,,0.25159280588014843,139.02051343550409,126.88748656449593,55.63298487112418
2019-04-17,AAPL,135.75,138.25,135.56,136.91,68820822,136.91,0.012797751146619296,133.1655,134.1758,,0.25060621405570777,139.48160297906068,126.84939702093935,59.10425841308885
2019-04-18,AAPL,135.97,140.49,133.77,137.13,80604481,137.13,0.0016068950405376814,133.4685,134.115,,0.2452422883759161,139.9408290365902,126.99617096340981,64.42953016573176
2019-04-19,AAPL,137.8,139.44,133.69,136.56,50067139,136.56,-0.004156639684970376,133.771,134.026,,0.24520095851289014,140.22662961175783,127.31537038824214,69.06474816052021
2019-04-22,AAPL,136.24,140.11,133.49,136.8,157640289,136.8,0.0017574692442883233,134.051,133.96620000000001,,0.24496636279501693,140.52286266199954,127.57913733800044,67.16082655254931
2019-04-23,AAPL,131.74,134.78,130.86,132.82,170876677,132.82,-0.02909356725146217,134.03300000000002,133.838,,0.26363764375677645,140.51705363788287,127.54894636211718,52.03908238196481
2019-04-24,AAPL,132.69,133.38,131.48,132.43,85174673,132.43,-0.002936304773377363,134.041,133.7262,,0.2626599016552606,140.51628385884555,127.56571614115443,51.40579098952244
2019-04-25,AAPL,133.52,135.31,131.06,133.19,120474593,133.19,0.0057388809182208345,134.103,133.5508,,0.2631803033885257,140.5174445548592,127.6885554451408,48.62466722800596
2019-04-26,AAPL,136.62,138.14,134.3,136.22,85810497,136.22,0.02274945566483977,134.423,133.4356,,0.2665532942004031,140.57080782495893,128.27519217504107,53.30645158281084
2019-04-29,AAPL,134.58,138.17,132.25,135.21,46868061,135.21,-0.007414476581999674,134.80599999999998,133.344,,0.25880051170249035,140.03700634375602,129.57499365624395,53.82736153283455
2019-04-30,AAPL,132.33,134.56,132.33,133.63,67849857,133.63,-0.011685526218475073,135.0295,133.1852,,0.26124460823275514,139.58287688453598,130.47612311546405,49.073709078161926
2019-05-01,AAPL,133.9,134.63,130.71,132.67,84335072,132.67,-0.0071840155653670745,135.07,133.0576,,0.2529410468691265,139.51786406456367,130.62213593543632,40.069084604448705
2019-05-02,AAPL,133.88,135.62,133.47,134.55,66700173,134.55,0.014170498228687878,135.20950000000002,132.958,,0.25752223807067415,139.38705141075113,131.0319485892489,44.604316521804165
2019-05-03,AAPL,135.74,136.81,133.7,135.26,73300345,135.26,0.005276848755109365,135.28199999999998,132.9524,,0.252441086587504,139.40728837907378,131.1567116209262,38.20775744382927
2019-05-06,AAPL,134.79,136.88,131.58,134.23,77128033,134.23,-0.007614963773473371,135.2645,132.9788,,0.2533217721343854,139.4052676633808,131.12373233661918,47.37423987488999
2019-05-07,AAPL,135.61,137.28,133.35,135.32,77453304,135.32,0.008120390374730002,135.364,133.0182,,0.252399004735223,139.40343925238136,131.32456074761865,45.444126038039094
2019-05-08,AAPL,135.05,137.26,133.86,135.56,81689872,135.56,0.001773573751108648,135.437,133.0318,,0.25176475044127916,139.43279305085466,131.44120694914537,45.50658267675492
2019-05-09,AAPL,136.96,139.36,135.82,137.59,52341241,137.59,0.01497491885511959,135.453,133.0782,,0.24300312835074897,139.48212083919523,131.42387916080477,52.72054935350831
2019-05-10,AAPL,136.46,138.13,134.26,136.19,60052559,136.19,-0.01017515807834879,135.4,133.10039999999998,,0.24579979127319632,139.3568302039831,131.44316979601692,48.4818317233078
2019-05-13,AAPL,136.57,138.38,132.77,135.57,47855828,135.57,-0.004552463470152035,135.151,133.1214,,0.22863881213476647,138.28434460617524,132.01765539382478,58.21876863030108
2019-05-14,AAPL,136.03,137.9,131.74,134.82,118291610,134.82,-0.00553219738880284,135.13299999999998,133.1856,,0.18462969156835832,138.2697774278029,131.99622257219707,56.992393165717125
2019-05-15,AAPL,130.9,135.12,128.76,131.94,34458918,131.94,-0.021361815754339042,134.88449999999997,133.21959999999999,,0.1926964095631814,138.2103001015972,131.55869989840275,46.74648617103328
2019-05-16,AAPL,131.66,135.32,129.82,132.57,126908045,132.57,0.004774897680764001,134.6565,133.2832,,0.19375944473063308,137.95927251953324,131.35372748046674,39.143367010826466
2019-05-17,AAPL,134.32,134.64,131.63,133.14,139291156,133.14,0.004299615297578496,134.4855,133.316,,0.19461343755177776,137.72688031026658,131.24411968973342,43.677458728681415
2019-05-20,AAPL,133.82,135.69,130.69,133.19,70891773,133.19,0.00037554453958255074,134.305,133.33520000000001,,0.19439700919713648,137.40256780648684,131.20743219351317,48.51752016986219
2019-05-21,AAPL,133.79,134.6,130.94,132.77,28240914,132.77,-0.0031533898941360494,134.30249999999998,133.4142,,0.16468072508273232,137.40519068288773,131.19980931711223,50.34965030035706
2019-05-22,AAPL,129.25,131.34,128.71,130.02,69234715,130.02,-0.02071251035625521,134.182,133.4248,,0.18028041227306893,137.74407863620672,130.61992136379325,35.069215524655945
2019-05-23,AAPL,129.48,132.07,126.43,129.25,77972248,129.25,-0.005922165820643088,133.98499999999999,133.43400000000003,,0.17937177116828898,138.16097892714916,129.8090210728508,30.269205487605518
2019-05-24,AAPL,129.15,129.37,127.89,128.63,53398750,128.63,-0.004796905222437142,133.6055,133.456,,0.15511310801671208,138.27645606126944,128.93454393873057,31.106612656174633
2019-05-27,AAPL,127.59,130.06,124.21,127.14,65100958,127.14,-0.011583611910129799,133.202,133.4238,,0.1574405686091508,138.62333640544895,127.78066359455104,23.127463842064145
2019-05-28,AAPL,126.64,128.68,125.07,126.87,147540795,126.87,-0.002123643227937677,132.864,133.34519999999998,,0.15408758408163356,138.97237009873757,126.75562990126244,21.50819670156625
2019-05-29,AAPL,126.45,129.95,125.42,127.69,104375763,127.69,0.0064633088988728105,132.61499999999998,133.24540000000002,,0.15624078987051568,139.14792068156132,126.08207931843864,14.743589728888125
2019-05-30,AAPL,131.61,133.78,129.0,131.39,55268381,131.39,0.028976427284830297,132.45700000000002,133.25179999999997,,0.1829512908462321,138.94557489827463,125.96842510172543,35.31211747280473
2019-05-31,AAPL,131.13,134.8,128.76,131.78,42223923,131.78,0.0029682624248421607,132.283,133.27720000000002,,0.18206127995998989,138.64040132278433,125.92559867721565,38.2371197681366
2019-06-03,AAPL,132.21,134.68,129.99,132.34,70190972,132.34,0.004249506753680299,132.1885,133.3,,0.1814212050815412,138.47988851714604,125.89711148285397,42.21105523926166
2019-06-04,AAPL,133.44,134.52,129.95,132.23,73452866,132.23,-0.0008311923832553525,132.034,133.281,,0.17844185043816116,138.1509390349984,125.91706096500158,51.10266154255227
2019-06-05,AAPL,128.27,129.34,127.71,128.53,97563779,128.53,-0.02798154730393998,131.68249999999998,133.2062,,0.20182519160328607,137.7540865437204,125.61091345627956,37.54623917844347
2019-06-06,AAPL,129.39,130.49,126.54,128.52,64579689,128.52,-7.780284758418521e-05,131.22899999999998,133.1376,,0.19125357611651136,136.77487338288017,125.6831266171198,35.24904211408139
2019-06-07,AAPL,127.88,129.71,127.65,128.68,98162715,128.68,0.0012449424214129312,130.8535,133.1148,,0.1901290276790637,135.98667907036295,125.72032092963704,35.70069749525621
2019-06-10,AAPL,134.03,136.2,130.93,133.57,173484498,133.57,0.038001243394466755,130.75349999999997,133.2352,,0.2386343739278885,135.5678263178484,125.93917368215155,51.97628454902822
2019-06-11,AAPL,134.5,135.26,131.2,133.23,110855443,133.23,-0.002545481769858582,130.674,133.3166,,0.23805643338554602,135.25231226085398,126.09568773914604,59.00168251115959
2019-06-12,AAPL,132.81,136.37,131.38,133.88,78475873,133.88,0.004878781055317916,130.77100000000002,133.357,,0.22542504022807022,135.54046383392821,126.00153616607183,63.071710847938796
2019-06-13,AAPL,132.53,134.63,132.53,133.85,74348719,133.85,-0.00022408126680606433,130.83499999999998,133.39880000000002,,0.22496127290966408,135.73857334797168,125.93142665202826,65.24532704944892
2019-06-14,AAPL,131.39,132.45,130.69,131.57,69363263,131.57,-0.01703399327605526,130.75650000000002,133.35399999999998,,0.23288302827328958,135.55382063376518,125.95917936623485,62.367392469394545
2019-06-17,AAPL,132.8,136.48,131.3,133.89,128288675,133.89,0.017633199057535798,130.79149999999998,133.3402,,0.24162781126348265,135.67304968922903,125.90995031077094,67.5851702932769
2019-06-18,AAPL,136.13,136.33,134.58,135.45,62246434,135.45,0.011651355590410084,130.9255,133.3826,,0.24446146484660516,136.16940965035096,125.68159034964904,68.7439613061635
2019-06-19,AAPL,138.25,138.25,136.24,137.12,81460294,137.12,0.012329272794389112,131.28050000000002,133.44299999999998,,0.23321483477775964,137.18588906423545,125.37511093576457,65.34547397349566
2019-06-20,AAPL,135.13,136.01,134.6,135.3,81655223,135.3,-0.013273045507584569,131.583,133.4036,,0.23825132971455434,137.66754504634855,125.49845495365146,58.75621886454793
2019-06-21,AAPL,137.56,141.56,134.89,138.23,65451732,138.23,0.021655580192165402,132.063,133.4232,,0.24603455269126026,138.6597682677914,125.46623173220857,63.10636400162487
2019-06-24,AAPL,135.22,138.07,132.72,135.4,46202800,135.4,-0.020473124502640383,132.476,133.3202,,0.2552197379987871,138.80381129534268,126.14818870465731,56.29217940499844
2019-06-25,AAPL,137.25,138.29,134.99,136.64,91032486,136.64,0.009158050221565572,132.9645,133.34939999999997,,0.25519673285913985,138.97036897170227,126.95863102829769,67.83985917510967
2019-06-26,AAPL,139.87,142.8,139.71,141.25,78071497,141.25,0.03373829039812648,133.64249999999998,133.43619999999999,,0.2764016943523737,140.17936187385723,127.10563812614274,73.28942550215692
2019-06-27,AAPL,139.47,140.89,137.55,139.22,97721619,139.22,-0.01437168141592926,134.034,133.47799999999998,,0.2696978020714199,140.93082581451665,127.13717418548332,68.04794517285373
2019-06-28,AAPL,138.4,140.92,135.26,138.09,64624042,138.09,-0.00811664990662253,134.3495,133.5086,,0.2725888949923195,141.3880299751099,127.3109700248901,58.883647766337646
2019-07-01,AAPL,138.72,140.86,135.82,138.34,130367209,138.34,0.0018104134984431308,134.6495,133.5394,,0.2725164499978675,141.83728635127488,127.46171364872511,60.07889543033122
2019-07-02,AAPL,136.64,138.54,136.15,137.34,56335062,137.34,-0.007228567297961508,134.905,133.6298,,0.2744488961814511,142.0939461931785,127.71605380682149,56.73151747882332
2019-07-03,AAPL,134.81,135.37,133.09,134.23,158672566,134.23,-0.02264453181884385,135.19,133.6658,,0.2672659280934795,141.73820184236985,128.64179815763015,50.66018065638489
2019-07-04,AAPL,133.32,135.35,133.32,134.42,39764399,134.42,0.0014154808910078476,135.485,133.6904,,0.26714184051777634,141.25312475228216,129.71687524771787,55.339078277454206
2019-07-05,AAPL,131.54,134.74,129.93,132.34,95195689,132.34,-0.015473887814313247,135.66799999999998,133.6128,,0.27457278154987047,140.71413911817692,130.62186088182304,47.06994326431084
2019-07-08,AAPL,134.33,136.03,130.62,133.32,96756634,133.32,0.007405168505364879,135.65550000000002,133.575,,0.2399934376418616,140.72470724623275,130.58629275376728,45.88326244134651
2019-07-09,AAPL,132.17,132.9,130.19,131.54,58195254,131.54,-0.013351335133513387,135.571,133.5332,,0.2445442849115214,140.86193723664348,130.2800627633565,39.260969955748465
2019-07-10,AAPL,133.37,135.41,133.37,134.68,94801403,134.68,0.02387106583548748,135.611,133.5734,,0.2589779899282945,140.86003961140517,130.3619603885948,48.86446883941016
2019-07-11,AAPL,132.48,134.04,132.27,133.15,133464310,133.15,-0.011360261360261359,135.576,133.5454,,0.26234248956038697,140.88348984182238,130.2685101581776,40.193050171324245
2019-07-12,AAPL,131.8,135.79,129.33,132.56,32960144,132.56,-0.0044310927525347266,135.6255,133.4914,,0.25529339889602676,140.79227839154765,130.45872160845232,43.99830935689026
2019-07-15,AAPL,133.61,135.69,132.77,134.23,97819560,134.23,0.012598068799034357,135.64249999999998,133.4914,,0.2514068738754545,140.7874264738233,130.49757352617667,44.99792442382853
2019-07-16,AAPL,131.15,134.51,129.13,131.82,29509678,131.82,-0.017954257617522118,135.46099999999998,133.4214,,0.255522655470861,140.88316464833736,130.0388353516626,28.460484221176458
2019-07-17,AAPL,131.16,134.63,130.0,132.31,54367182,132.31,0.0037171901077226455,135.2205,133.3564,,0.2512521891846926,140.75829540022306,129.6827045997769,33.02211299939512
2019-07-18,AAPL,134.87,136.68,133.27,134.98,153498866,134.98,0.020179880583478083,135.2045,133.30419999999998,,0.25870431919114356,140.743177307425,129.665822692575,42.89629965278442
2019-07-19,AAPL,132.42,133.01,130.61,131.81,63390488,131.81,-0.023484960734923566,134.8835,133.2166,,0.25822567561599846,140.42803082823588,129.33896917176412,36.83998385668036
2019-07-22,AAPL,132.5,133.2,131.24,132.22,50022587,132.22,0.0031105378954554563,134.7245,133.14960000000002,,0.24957607773375928,140.3877795966179,129.06122040338212,39.43022293344246
2019-07-23,AAPL,133.24,135.08,130.48,132.78,73910251,132.78,0.004235365300257143,134.5315,133.1088,,0.24750329471980018,140.18300105817212,128.87999894182786,46.6543608374176
2019-07-24,AAPL,133.27,137.14,131.64,134.39,182945660,134.39,0.012125320078324897,134.1885,133.1578,,0.21690109524380988,138.8731053588766,129.50389464112342,49.935036782196164
2019-07-25,AAPL,133.16,134.32,129.61,131.96,38449809,131.96,-0.018081702507626862,133.82549999999998,133.1456,,0.2199953144528074,137.9615060826579,129.68949391734205,49.1894197658425
2019-07-26,AAPL,130.3,131.44,127.4,129.42,52536211,129.42,-0.019248257047590367,133.392,133.0712,,0.227141443927297,137.46295281747393,129.32104718252606,42.19999997636798
2019-07-29,AAPL,131.28,131.28,129.72,130.48,145619828,130.48,0.008190387884407402,132.999,133.017,,0.23009524009822752,136.54206379460277,129.45593620539722,47.81713341559143
2019-07-30,AAPL,131.96,134.3,127.91,131.11,168192233,131.11,0.004828326180257747,132.6875,132.9838,,0.2310100888097651,135.6756018442436,129.6993981557564,41.80064305993528
2019-07-31,AAPL,132.79,134.41,128.89,131.65,76757733,131.65,0.004118678971855694,132.5585,133.0164,,0.21883562374775953,135.48841305780715,129.62858694219287,46.390760315232406
2019-08-01,AAPL,132.49,133.81,130.94,132.38,48735394,132.38,0.005545005696923511,132.45649999999998,133.079,,0.21989837185840083,135.2525293274558,129.66047067254416,49.56978964177928
2019-08-02,AAPL,130.29,134.3,127.85,131.08,185001518,131.08,-0.009820214533917349,132.39350000000002,133.128,,0.21572746822318253,135.2565589088914,129.53044109110863,42.33576639451582
2019-08-05,AAPL,131.89,133.82,129.34,131.58,151381568,131.58,0.0038144644491913127,132.3065,133.2168,,0.21437883567260468,135.15673563199388,129.45626436800612,49.356223138895594
2019-08-06,AAPL,132.85,134.4,130.0,132.2,104962739,132.2,0.004711962304301487,132.3395,133.3234,,0.20963106350907726,135.16756591898033,129.51143408101964,49.706979185087995
2019-08-07,AAPL,131.46,133.45,128.23,130.84,57804446,130.84,-0.010287443267775975,132.1475,133.38639999999998,,0.19318212175829205,134.8238516014772,129.4711483985228,38.14432986632183
2019-08-08,AAPL,134.66,137.46,131.74,134.6,78446345,134.6,0.028737389177621475,132.22,133.4506,,0.21669508326429307,135.0827627436287,129.3572372563713,57.7285318111801
2019-08-09,AAPL,134.43,138.06,133.15,135.6,75029592,135.6,0.007429420505200568,132.372,133.527,,0.21711022776430577,135.60911762627012,129.1348823737299,59.06652356078697
2019-08-12,AAPL,132.9,134.25,132.24,133.25,91319756,133.25,-0.01733038348082594,132.323,133.5452,,0.22224414286352126,135.47011630745106,129.17588369254895,51.15026917689165
2019-08-13,AAPL,135.74,136.2,133.03,134.61,142940321,134.61,0.010206378986866937,132.4625,133.59279999999998,,0.21488785269068783,135.75950901136855,129.16549098863146,50.54509411756047
2019-08-14,AAPL,132.93,135.83,129.58,132.7,113726159,132.7,-0.014189138994131323,132.482,133.6762,,0.22133738027922983,135.7798244822583,129.1841755177417,51.881993859290496
2019-08-15,AAPL,134.43,135.6,133.05,134.32,51991289,134.32,0.012207987942727927,132.449,133.79219999999998,,0.21348137801957362,135.65346333465538,129.24453666534464,63.073639227159525
2019-08-16,AAPL,136.09,138.43,135.02,136.72,138743265,136.72,0.017867778439547344,132.6945,133.953,,0.2037986329935352,136.405181452523,128.983818547477,65.537848559884
2019-08-19,AAPL,134.74,136.94,133.25,135.1,90674801,135.1,-0.011849034523112922,132.8385,133.9836,,0.20946757092236704,136.69241270761128,128.98458729238874,59.46843849869204
2019-08-20,AAPL,138.19,139.0,135.22,137.11,105304162,137.11,0.014877868245743997,133.055,134.0612,,0.21487623694907582,137.3556706943273,128.7543293056727,62.111801203657286
2019-08-21,AAPL,138.47,140.39,135.63,138.01,143831572,138.01,0.006564072642403662,133.23600000000002,134.1438,,0.21218500256259873,138.04759739314062,128.42440260685942,62.39542048113008
2019-08-22,AAPL,140.57,143.1,136.43,139.77,51284806,139.77,0.012752699079777052,133.62650000000002,134.2622,,0.20262160896216436,139.20813633807506,128.04486366192498,68.75269741206137
2019-08-23,AAPL,143.72,145.26,142.44,143.85,78861756,143.85,0.029190813479287314,134.348,134.5078,,0.20515472404447804,141.22126965784608,127.47473034215395,72.93457940108094
2019-08-26,AAPL,143.74,144.44,142.3,143.37,64679532,143.37,-0.0033368091762251417,134.9925,134.6974,,0.20713004092121665,142.7047755874538,127.28022441254619,70.98835020692084
2019-08-27,AAPL,141.09,143.07,140.54,141.81,42729214,141.81,-0.010880937434609717,135.52749999999997,134.8246,,0.21447918297703927,143.58265428320956,127.47234571679037,70.45878399901441
2019-08-28,AAPL,140.55,143.16,136.79,139.97,91900881,139.97,-0.012975107538255481,135.9435,134.8816,,0.22279293081675364,144.01483791818112,127.8721620818189,60.787464811127975
2019-08-29,AAPL,138.12,140.8,135.84,138.32,218470120,138.32,-0.01178824033721515,136.24050000000003,134.94199999999998,,0.22874986833506503,144.19604616207064,128.2849538379294,55.324980392539146
2019-08-30,AAPL,138.05,139.69,136.72,138.2,38320903,138.2,-0.0008675534991324785,136.5965,134.9414,,0.22463129237436782,144.20957815192796,128.98342184807203,60.61776058135351
2019-09-02,AAPL,139.38,141.92,136.0,138.96,78973660,138.96,0.005499276410998677,136.9655,135.0126,,0.2248174326384188,144.26370013860625,129.66729986139373,59.57727869510864
2019-09-03,AAPL,140.8,142.69,136.48,139.59,103362663,139.59,0.0045336787564767,137.33499999999998,135.0716,,0.22479849726184992,144.3605188982358,130.30948110176416,66.07559491716947
2019-09-04,AAPL,140.14,144.48,138.28,141.38,84037061,141.38,0.012823268142416966,137.862,135.0742,,0.2218779312552555,144.4005097288051,131.32349027119488,66.34259254959275
2019-09-05,AAPL,142.37,144.76,138.14,141.45,76460587,141.45,0.0004951195360021199,138.2045,135.1188,,0.20181137542562347,144.74118989143872,131.66781010856127,62.272963109921015
2019-09-06,AAPL,144.02,146.07,143.17,144.62,47576554,144.62,0.022410745846588975,138.65550000000002,135.24939999999998,,0.21328446300260792,145.66326554222044,131.6477344577796,72.86263203553906
2019-09-09,AAPL,143.93,146.99,141.2,144.09,87807009,144.09,-0.003664776656064128,139.19750000000002,135.3644,,0.2009003957588127,146.12123150076837,132.27376849923166,68.04550150193188
2019-09-10,AAPL,148.71,152.28,148.01,150.15,59105326,150.15,0.04205704767853424,139.97449999999998,135.62060000000002,,0.24164442940852598,148.1120451490377,131.83695485096226,74.77551016135277
2019-09-11,AAPL,151.01,154.92,148.3,151.61,33316672,151.61,0.00972360972360975,140.92000000000002,135.9682,,0.230332302445551,149.85403191822067,131.98596808177936,74.4628098742777
2019-09-12,AAPL,149.73,152.66,146.8,149.73,129006594,149.73,-0.012400237451355656,141.6905,136.2744,,0.23904233227717978,150.88217924638457,132.4988207536154,63.363636323314
2019-09-13,AAPL,146.08,150.42,144.36,147.39,117375824,147.39,-0.015628130635143234,142.224,136.5754,,0.24563180091745368,151.4395369949482,133.00846300505177,58.42414078717772
2019-09-16,AAPL,148.48,151.2,145.82,148.51,81670350,148.51,0.007598887305787505,142.8945,136.8792,,0.23872132013528788,151.87600257034137,133.91299742965862,64.30401362509573
2019-09-17,AAPL,149.33,149.33,146.8,148.06,87676728,148.06,-0.0030300989832333647,143.442,137.2096,,0.23720185032581045,152.27253220068673,134.6114677993133,68.36132542183117
2019-09-18,AAPL,148.53,152.09,147.33,149.71,122947057,149.71,0.011144130757800852,144.027,137.5102,,0.23842429932005602,152.89246961976318,135.1615303802368,75.8511120716334
2019-09-19,AAPL,151.62,154.55,147.1,150.83,87510824,150.83,0.007481130185024387,144.57999999999998,137.8638,,0.23663881485771732,153.70343656397296,135.456563436027,77.42075548919274
2019-09-20,AAPL,150.44,154.29,147.13,150.71,114850772,150.71,-0.0007955976927667141,144.923,138.2268,,0.2173153366753029,154.43827547517245,135.40772452482756,76.23939253830493
2019-09-23,AAPL,149.32,149.73,147.99,148.86,71025129,148.86,-0.012275230575277019,145.19750000000002,138.51940000000002,,0.22270516207540186,154.84004143175724,135.5549585682428,69.63151202986694
2019-09-24,AAPL,144.87,146.77,144.36,145.56,135208783,145.56,-0.02216848045143094,145.38500000000002,138.7942,,0.23463085716999094,154.89512203142678,135.87487796857326,58.320063661764294
2019-09-25,AAPL,143.66,145.75,143.54,144.64,90952821,144.64,-0.006320417697169622,145.61849999999998,139.0408,,0.230370442373128,154.79219069963818,136.44480930036178,56.141701933539295
2019-09-26,AAPL,145.57,149.42,143.7,146.56,86457020,146.56,0.013274336283185972,146.03050000000002,139.2724,,0.22801373418200419,154.54015142461301,137.52084857538702,53.923948189525255
2019-09-27,AAPL,145.82,150.22,143.94,147.08,48134645,147.08,0.0035480349344978457,146.47449999999998,139.5778,,0.2275600288844647,154.1496039080912,138.79939609190876,56.050182080748584
2019-09-30,AAPL,143.5,145.75,143.07,144.41,89730342,144.41,-0.018153385912428766,146.747,139.8216,,0.23958217463982856,153.6465594062228,139.84744059377724,36.538461514468224
2019-10-01,AAPL,145.31,147.02,142.64,144.83,57354119,144.83,0.002908385845855621,147.00900000000001,140.0626,,0.23942655806185525,153.11676865104877,140.90123134895126,33.284023645662
2019-10-02,AAPL,146.83,148.9,142.54,145.72,61973913,145.72,0.006145135676310032,147.226,140.2892,,0.2365609793476322,152.77448637491602,141.67751362508398,39.60601344974168
2019-10-03,AAPL,144.75,146.68,141.02,143.85,57735739,143.85,-0.012832830085094726,147.346,140.527,,0.24206631327130546,152.45490409507056,142.23709590492945,40.595111553223674
2019-10-04,AAPL,144.77,146.52,141.95,144.23,52223504,144.23,0.0026416405978448854,147.32649999999998,140.82319999999999,,0.22861963275741645,152.48197853718406,142.1710214628159,38.163716784607786
2019-10-07,AAPL,143.28,146.83,141.98,144.41,187154634,144.41,0.0012480066560356384,147.3425,141.1018,,0.2282505704065542,152.45751350515246,142.22748649484754,39.75294775089609
2019-10-08,AAPL,141.4,144.15,139.85,142.0,136259650,142.0,-0.016688594972647297,146.935,141.3196,138.01165,0.17426537882064516,152.3951927862627,141.4748072137373,29.240710801864907
2019-10-09,AAPL,142.27,144.38,141.25,142.81,172461433,142.81,0.0057042253521126796,146.495,141.5428,137.96985,0.17100962541917128,151.78457465208663,141.20542534791338,28.039430427571148
2019-10-10,AAPL,143.35,146.41,141.72,144.07,49051395,144.07,0.008822911560814939,146.21200000000002,141.7766,137.93564999999998,0.17201193622658664,151.37699798746561,141.04700201253442,32.88659791441175
2019-10-11,AAPL,146.52,149.23,143.73,146.48,82312924,146.48,0.01672797945443194,146.16649999999998,142.0846,137.90585,0.17598237114503995,151.30376232642672,141.02923767357325,44.03807612141614
2019-10-14,AAPL,148.97,152.2,145.52,148.86,47685319,148.86,0.01624795193883144,146.184,142.4302,137.8701,0.1836119145736236,151.3571346498289,141.0108653501711,58.665966343417885
2019-10-15,AAPL,145.45,148.45,143.28,145.86,60566908,145.86,-0.02015316404675538,146.074,142.7034,137.8218,0.19714557034571104,151.17219121691292,140.9758087830871,52.888257540699136
2019-10-16,AAPL,143.45,146.78,140.97,143.88,55410873,143.88,-0.013574660633484337,145.7825,142.9642,137.7661,0.1970168195081768,150.66757016595596,140.89742983404403,43.67327664724146
2019-10-17,AAPL,145.99,146.23,143.85,145.04,131349306,145.04,0.008062274117319967,145.493,143.173,137.69735,0.19739468648354036,149.76657658666628,141.21942341333371,45.32538952178936
2019-10-18,AAPL,147.06,148.29,144.13,146.21,68274392,146.21,0.008066740209597523,145.268,143.3852,137.62495,0.20052325599238366,148.79342405064116,141.74257594935884,54.42913382076735
2019-10-21,AAPL,146.83,148.16,146.63,147.4,122655347,147.4,0.00813897818206688,145.195,143.66819999999998,137.5639,0.19897798206567607,148.4579434564511,141.9320565435489,56.09293500306772
2019-10-22,AAPL,157.51,157.77,154.67,156.22,101867707,156.22,0.059837177747625425,145.728,144.1004,137.54014999999998,0.2775099726389657,151.6451102477652,139.81088975223483,68.09097171077622
2019-10-23,AAPL,159.04,160.69,154.54,157.61,201035625,157.61,0.008897708360005252,146.37650000000002,144.59859999999998,137.52865,0.2754847281204664,154.29576438635877,138.45723561364127,74.10651713253358
2019-10-24,AAPL,159.82,164.36,156.39,160.38,44267419,160.38,0.017575026965293894,147.06750000000002,145.1198,137.5363,0.27772707050930445,157.16606451497714,136.9689354850229,76.1073391184771
2019-10-25,AAPL,162.27,163.88,161.61,162.74,132385739,162.74,0.01471505175208887,147.8505,145.6402,137.5526,0.27995470929446914,160.14320297029042,135.5577970297096,77.68045904296204
2019-10-28,AAPL,164.41,166.54,162.25,164.4,126545633,164.4,0.010200319528081536,148.85,146.2262,137.5995,0.2663212350752701,163.06521793897753,134.63478206102246,84.61063037130563
2019-10-29,AAPL,165.12,167.11,160.24,163.67,54199685,163.67,-0.004440389294404046,149.792,146.7574,137.6623,0.2689494618057915,165.32172511364126,134.26227488635874,82.31102846492078
2019-10-30,AAPL,166.85,167.11,164.1,165.6,119686996,165.6,0.011792020529113545,150.786,147.3092,137.74085000000002,0.269661505884129,167.70139118517113,133.87060881482887,82.67071316669522
2019-10-31,AAPL,162.45,166.39,161.11,163.75,91513327,163.75,-0.011171497584541057,151.781,147.78879999999998,137.8212,0.2681379256385535,169.30858055180454,134.25341944819547,76.65946276402488
2019-11-01,AAPL,162.88,166.43,160.02,163.23,73042110,163.23,-0.003175572519084069,152.73100000000002,148.1764,137.89520000000002,0.2700743507870771,170.59179729463375,134.8702027053663,73.5342285938591
2019-11-04,AAPL,162.27,164.9,159.29,162.1,57538393,162.1,-0.006922747044048272,153.6155,148.551,137.97334999999998,0.27365185364996736,171.49333511561306,135.73766488438693,78.33217023389209
2019-11-05,AAPL,162.36,163.77,160.93,162.35,60002297,162.35,0.0015422578655150954,154.63299999999998,148.9618,138.06785000000002,0.2610236343435958,172.03745327162576,137.2285467283742,84.29261042777208
2019-11-06,AAPL,167.11,170.18,166.11,168.14,181626335,168.14,0.035663689559593426,155.8995,149.5252,138.17510000000001,0.2802434974335886,173.36779606368106,138.43120393631892,86.59695813649053
2019-11-07,AAPL,164.73,166.94,160.17,163.55,80021853,163.55,-0.027298679671701964,156.87349999999998,150.0298,138.26165,0.30743502236307396,173.7260559829329,140.02094401706705,74.78559173679251
2019-11-08,AAPL,165.89,167.96,162.64,165.3,109385532,165.3,0.010700091715071913,157.8145,150.5718,138.35595,0.30552336975948163,174.3216754413838,141.30732455861622,75.18289248585931
2019-11-11,AAPL,162.5,162.5,160.58,161.41,58303777,161.41,-0.02353297035692692,158.442,151.0208,138.44604999999999,0.3204970505189425,174.46292000775014,142.42107999224987,58.4776216655117
2019-11-12,AAPL,161.47,163.56,157.08,160.32,58561966,160.32,-0.0067529892819527815,159.16500000000002,151.43540000000002,138.53629999999998,0.3103352780549542,174.06076061201705,144.269239387983,54.47047176632835
2019-11-13,AAPL,163.83,163.95,162.09,163.02,123324680,163.02,0.016841317365269504,160.122,151.8682,138.6386,0.30503420275127546,173.23575589540243,147.0082441045976,54.365079339910366
2019-11-14,AAPL,163.03,166.48,159.98,163.23,46627763,163.23,0.0012881854987116803,161.0315,152.30380000000002,138.7539,0.30550284665020083,172.10550422041072,149.95749577958927,50.87219648585932
2019-11-15,AAPL,161.02,162.12,159.21,160.67,67757904,160.67,-0.015683391533419133,161.75449999999998,152.62480000000002,138.8522,0.314958822091669,170.36915941532774,153.1398405846722,43.56674713315159
2019-11-18,AAPL,157.92,162.85,155.16,159.0,81096321,159.0,-0.010393975228729646,162.3345,152.923,138.94825,0.319280001033557,167.90351758320935,156.76548241679063,42.19846306078256
2019-11-19,AAPL,161.25,162.67,158.7,160.69,83644500,160.69,0.01062893081760996,162.558,153.13379999999998,139.05555,0.24401668672536372,167.40588657153978,157.7101134284602,41.73122261420554
2019-11-20,AAPL,157.97,160.83,157.16,158.99,74469475,158.99,-0.010579376439106336,162.627,153.2814,139.1604,0.2459962953252021,167.2104305699403,158.0435694300597,41.94312794220705
2019-11-21,AAPL,160.18,160.83,158.29,159.56,93724023,159.56,0.0035851311403232167,162.58599999999998,153.47799999999998,139.2484,0.23803809036402343,167.26767941077267,157.9043205892273,43.79858058083204
2019-11-22,AAPL,158.86,161.5,157.95,159.72,105548328,159.72,0.001002757583354219,162.435,153.7246,139.33710000000002,0.231569443328585,167.28746112270446,157.58253887729555,45.84206846115342
2019-11-25,AAPL,157.01,161.79,154.66,158.22,107327150,158.22,-0.009391435011269711,162.126,153.9188,139.42925000000002,0.22962044589855504,167.23204760115425,157.01995239884576,43.08670905245349
2019-11-26,AAPL,162.36,167.52,159.38,163.45,53930981,163.45,0.0330552395398811,162.11499999999998,154.22660000000002,139.53865,0.2604396937563458,167.20797348779257,157.0220265122074,41.99931761896995
2019-11-27,AAPL,163.42,167.11,163.03,165.07,71404764,165.07,0.009911287855613349,162.0885,154.5338,139.66875,0.2593994931057706,167.1101385457538,157.0668614542462,52.88534545404724
2019-11-28,AAPL,160.88,162.42,157.95,160.18,129015400,160.18,-0.02962379596534792,161.91,154.7208,139.772,0.2775421285296624,166.93676206340575,156.88323793659424,41.31614652040615
2019-11-29,AAPL,161.43,163.81,157.56,160.69,114421100,160.69,0.003183918092146243,161.783,154.9204,139.89775,0.2777857510943328,166.79767362636267,156.7683263736373,48.620689629092354
2019-12-02,AAPL,159.2,162.77,155.54,159.15,46195521,159.15,-0.009583670421308033,161.6355,155.12619999999998,140.02894999999998,0.27874304519635346,166.78270353303776,156.48829646696225,47.79661014428806
2019-12-03,AAPL,160.16,163.97,158.54,161.25,92076393,161.25,0.013195098963242113,161.5805,155.44,140.16845,0.2830617196203544,166.7190579586813,156.4419420413187,46.58959535058747
2019-12-04,AAPL,158.08,161.45,157.36,159.4,36260773,159.4,-0.011472868217054177,161.14350000000002,155.7352,140.29104999999998,0.25157559589999506,165.33197679887658,156.95502320112345,43.05907935473625
2019-12-05,AAPL,157.65,161.29,157.07,159.18,81516103,159.18,-0.001380175658720173,160.925,155.9876,140.4106,0.23395851493558914,165.04018625273844,156.8098137472616,47.049504924408225
2019-12-06,AAPL,159.37,163.48,157.41,160.45,170909374,160.45,0.007978389244879924,160.68249999999998,156.255,140.53745,0.23230832081010874,164.24691402875865,157.1180859712413,52.9175050003684
2019-12-09,AAPL,163.87,163.87,161.78,162.6,54755047,162.6,0.013399813025864793,160.74200000000002,156.6188,140.67785,0.22238924181276593,164.3961460230655,157.08785397693453,53.77321213935896
2019-12-10,AAPL,158.93,162.53,156.97,159.75,57299816,159.75,-0.017527675276752697,160.7135,156.91719999999998,140.81855,0.23017697868333803,164.3903251464933,157.03667485350672,51.43612998034369
2019-12-11,AAPL,158.54,160.93,157.08,159.01,108596431,159.01,-0.004632237871674549,160.51299999999998,157.183,140.9624,0.22170658095239734,164.0963950382271,156.92960496177287,48.96733005311516
2019-12-12,AAPL,156.68,161.23,154.63,157.93,43159649,157.93,-0.0067920256587634675,160.248,157.46460000000002,141.1051,0.22238128571150698,163.76872719761,156.72727280239,46.751361137767006
2019-12-13,AAPL,155.57,157.52,155.37,156.44,62111094,156.44,-0.009434559615019378,160.0365,157.7088,141.22979999999998,0.21818273353714907,163.93810169538926,156.13489830461072,46.76833694064063
2019-12-16,AAPL,160.76,163.39,158.0,160.7,101555260,160.7,0.027230887241114665,160.12150000000003,158.03459999999998,141.37215,0.23729324795524206,164.00203862240681,156.24096137759324,44.824990567273225
2019-12-17,AAPL,162.08,164.09,159.36,161.73,62073073,161.73,0.006409458618543917,160.17350000000002,158.4292,141.5367,0.2354020479455509,164.11353085747888,156.23346914252116,43.57197842147773
2019-12-18,AAPL,157.94,161.59,155.92,158.75,72794371,158.75,-0.018425771347307163,160.1615,158.74800000000002,141.68300000000002,0.24182765872563908,164.1181348008578,156.20486519914218,47.029497272188884
2019-12-19,AAPL,159.58,162.02,159.58,161.01,107737845,161.01,0.014236220472440886,160.23399999999998,159.0868,141.8441,0.24680607475018548,164.1973606154893,156.27063938451067,50.61967464335106
2019-12-20,AAPL,165.91,169.03,163.51,166.27,94693472,166.27,0.032668778336749416,160.5615,159.4826,142.0378,0.2718709253819093,165.34388115102453,155.77911884897546,62.051455623943134
2019-12-23,AAPL,168.03,171.67,166.18,168.92,89010469,168.92,0.015937932278823563,161.0965,159.88379999999998,142.23865,0.2724754565242346,167.03115212034066,155.16184787965932,62.74509801002222
2019-12-24,AAPL,164.25,167.85,162.5,165.17,69851930,165.17,-0.022199857920909283,161.1825,160.27,142.41049999999998,0.2631931801449173,167.3075473682371,155.0574526317629,59.0184432376912
2019-12-25,AAPL,165.54,166.83,161.23,164.03,92763299,164.03,-0.006901979778410006,161.13049999999998,160.673,142.56724999999997,0.2621140571697624,167.1330169282289,155.12798307177107,57.36858095402127
2019-12-26,AAPL,167.63,170.34,164.14,167.24,76136940,167.24,0.019569590928488756,161.4835,161.117,142.7481,0.24654130917697228,168.0541501320558,154.91284986794417,59.74175033468054
2019-12-27,AAPL,165.72,169.02,162.03,165.53,96076896,165.53,-0.01022482659650803,161.72549999999998,161.5034,142.9232,0.2504476280651875,168.5256098288337,154.92539017116627,54.257483267666245
2019-12-30,AAPL,166.41,168.42,164.96,166.69,65578888,166.69,0.007007793149278019,162.1025,161.8892,143.10065,0.24752644089325415,169.13352261035755,155.07147738964244,60.60513444839634
2019-12-31,AAPL,168.45,172.32,165.07,168.69,74366014,168.69,0.011998320235167004,162.47449999999998,162.1386,143.2782,0.2468718332789815,170.07946091550153,154.86953908449843,64.24367272220687
2020-01-01,AAPL,166.56,168.91,163.93,166.42,53841444,166.42,-0.01345663643369499,162.82549999999998,162.3148,143.44895,0.248442843561336,170.4808207502667,155.17017924973325,62.069945951976685
2020-01-02,AAPL,166.98,167.42,165.24,166.33,78887563,166.33,-0.0005408003845690512,163.183,162.43380000000002,143.62085000000002,0.24829696404111878,170.78915291098292,155.57684708901706,64.64317438836237
2020-01-03,AAPL,159.13,159.47,157.51,158.49,57836860,158.49,-0.04713521313052371,163.085,162.3488,143.7642,0.3027282677039734,170.88739234567066,155.28260765432935,47.041499313023294
2020-01-06,AAPL,155.1,157.95,154.3,156.12,51234239,156.12,-0.014953624834374457,162.761,162.1832,143.90705,0.3022650988154737,171.1633026918998,154.3586973081002,42.750064600710765
2020-01-07,AAPL,155.59,158.81,152.37,155.59,88720510,155.59,-0.0033948244939789873,162.553,162.0216,144.0392,0.29665898886866376,171.4599531679937,153.6460468320063,45.640176582810085
2020-01-08,AAPL,152.48,155.68,149.83,152.75,87105719,152.75,-0.018253101099042324,162.24,161.7646,144.14365,0.3026578536812715,172.06394711112065,152.41605288887936,38.7832699472307
2020-01-09,AAPL,157.75,159.85,153.34,156.59,109418078,156.59,0.025139116202945955,162.173,161.62140000000002,144.2678,0.3166197927118416,172.13797888660667,152.20802111339333,36.32768360145231
2020-01-10,AAPL,153.72,155.67,150.97,153.32,67328014,153.32,-0.0208825595504184,162.017,161.4232,144.36535,0.32356253977547206,172.4467188739421,151.5872811260579,28.345363675823577
2020-01-13,AAPL,152.46,154.47,150.26,152.36,94183760,152.36,-0.006261414036002999,161.6,161.2284,144.45425,0.3064564586747532,172.88339068113606,150.31660931886393,30.725248256691174
2020-01-14,AAPL,151.54,153.93,151.5,152.71,99717946,152.71,0.002297190863743692,161.149,161.0356,144.55115,0.30521893629963226,173.11115946003727,149.18684053996273,32.55240442491575
2020-01-15,AAPL,156.43,157.91,154.3,156.1,95577377,156.1,0.022198939165738896,161.0165,160.7948,144.66115,0.31143967348168033,173.14805133916218,148.88494866083784,32.9245861293395
2020-01-16,AAPL,151.66,154.92,150.74,152.83,57498862,152.83,-0.020948110185778246,160.60750000000002,160.5804,144.73895000000002,0.3141530919250966,173.27949294756544,147.9355070524346,31.421884129903248
2020-01-17,AAPL,155.07,156.63,154.52,155.57,84925298,155.57,0.017928417195576696,160.07250000000002,160.3858,144.83055000000002,0.29616070237390757,172.6409665982597,147.50403340174034,34.45190155250761
2020-01-20,AAPL,154.54,157.11,154.18,155.65,92543865,155.65,0.0005142379636178251,159.409,160.2706,144.90605,0.28791928465634425,171.39860760518482,147.41939239481516,30.73286050738001
2020-01-21,AAPL,154.01,156.03,150.82,153.43,80230041,153.43,-0.014262769033087097,158.822,160.13279999999997,144.9973,0.2825661947435041,170.77351362358453,146.87048637641547,30.778336773279165
2020-01-22,AAPL,153.64,157.59,151.5,154.54,34724155,154.54,0.007234569510525812,158.34750000000003,159.9632,145.08545,0.28477446443318233,170.1813762168522,146.51362378314786,33.06521113292402
2020-01-23,AAPL,154.72,158.93,151.19,155.06,85304097,155.06,0.0033648246408697347,157.7385,159.7998,145.17510000000001,0.2734600629456335,168.87881517082226,146.5981848291777,43.761367747811576
2020-01-24,AAPL,154.94,157.36,150.08,153.72,193841157,153.72,-0.008641816071198294,157.148,159.6608,145.2609,0.273011205588855,167.79025460876989,146.5057453912301,45.46485258365425
2020-01-27,AAPL,153.02,156.68,151.19,153.93,69269931,153.93,0.001366120218579292,156.51000000000002,159.55939999999998,145.34654999999998,0.27084275646832273,166.2339628049252,146.78603719507484,46.82478956941289
2020-01-28,AAPL,153.12,155.15,151.04,153.1,59787451,153.1,-0.005392061326577102,155.7305,159.4076,145.44795,0.2643154456959896,163.68115962175727,147.77984037824274,50.72523826315153
2020-01-29,AAPL,153.16,156.13,150.69,153.41,92885361,153.41,0.002024820378837333,155.07999999999998,159.296,145.55285,0.2632264157209618,161.2855662619593,148.87443373804066,42.28155336932319
2020-01-30,AAPL,153.5,158.21,151.78,155.0,90647460,155.0,0.010364383025878388,154.5135,159.2048,145.6619,0.2678935543096691,157.75609334159182,151.27090665840817,54.439746259928334
2020-01-31,AAPL,159.71,159.95,157.61,158.78,128910801,158.78,0.024387096774193484,154.528,159.18599999999998,145.7747,0.2306879008692108,157.84715398224955,151.20884601775043,64.76540934191739
2020-02-03,AAPL,154.57,157.97,153.85,155.91,48369979,155.91,-0.01807532434815473,154.51749999999998,159.1398,145.8782,0.23365319932377795,157.81671761060005,151.21828238939992,56.59521843395163
2020-02-04,AAPL,160.95,164.55,157.53,161.04,107187403,161.04,0.032903598229747866,154.79,159.0916,146.01525,0.2605617849477725,159.1816331933862,150.39836680661378,59.499999967961536
2020-02-05,AAPL,156.63,158.42,154.46,156.44,101311047,156.44,-0.02856433184302032,154.97449999999998,158.91899999999998,146.1341,0.27336927040808795,159.31502373749734,150.6339762625026,56.6044639300233
2020-02-06,AAPL,156.54,158.7,153.57,156.14,75578210,156.14,-0.0019176681155715913,154.952,158.8382,146.24205,0.2585924175840889,159.26182036504258,150.64217963495742,51.14503813917112
2020-02-07,AAPL,158.17,160.22,154.94,157.58,91606438,157.58,0.009222492634815005,155.16500000000002,158.776,146.35365,0.2482493344037935,159.5555328773803,150.77446712261974,53.67619044756319
2020-02-10,AAPL,157.51,159.67,156.92,158.29,120760546,158.29,0.004505647924863521,155.4615,158.7588,146.47395,0.2467293483828909,159.85537264745966,151.06762735254034,59.82215032993084
2020-02-11,AAPL,155.34,158.8,154.95,156.88,113403560,156.88,-0.008907701055025585,155.67,158.6714,146.58175,0.24975297194811458,159.90707943107657,151.4329205689234,54.672523931093636
2020-02-12,AAPL,157.14,158.27,154.61,156.44,50643906,156.44,-0.0028046914839368053,155.68699999999998,158.6122,146.68615,0.2377017882283682,159.93406015968563,151.43993984031434,52.76442304732763
2020-02-13,AAPL,155.45,156.2,154.48,155.34,111062144,155.34,-0.007031449757095354,155.8125,158.5354,146.7749,0.22611914495201685,159.8471179627385,151.7778820372615,53.27669899895333
2020-02-14,AAPL,155.06,155.06,153.18,154.02,77956516,154.02,-0.008497489378138212,155.73499999999999,158.4068,146.86405000000002,0.21908867814424998,159.84801656490063,151.62198343509934,50.17421600067988
2020-02-17,AAPL,157.06,159.43,152.68,156.05,82366291,156.05,0.013180106479677933,155.75500000000002,158.2758,146.96645,0.22434759792753875,159.87016578933017,151.63983421066987,55.456899712305
2020-02-18,AAPL,158.02,158.58,155.3,156.94,82376930,156.94,0.005703300224287,155.9305,158.2196,147.07704999999999,0.21836382016225803,159.92581027712686,151.93518972287313,56.39261134409647
2020-02-19,AAPL,155.33,157.76,152.99,155.37,75333840,155.37,-0.010003823117114785,155.972,158.1468,147.1942,0.22062926237109703,159.92349858314802,152.020501416852,50.67053277602801
2020-02-20,AAPL,157.01,159.27,155.81,157.54,128857820,157.54,0.013966660230417594,156.096,158.139,147.31904999999998,0.22569610962321207,160.08248981594346,152.10951018405655,47.61354885809891
2020-02-21,AAPL,159.24,162.09,154.55,158.32,77365384,158.32,0.004951123524184364,156.326,158.1766,147.44494999999998,0.2232266488570096,160.26581778899933,152.38618221100066,55.04395141186206
2020-02-24,AAPL,160.16,161.95,158.68,160.31,51121654,160.31,0.012569479535118777,156.645,158.1688,147.58055000000002,0.2266083061525006,160.79549775074472,152.4945022492553,48.24096382287359
2020-02-25,AAPL,160.86,164.09,159.69,161.89,68348163,161.89,0.009855904185640307,157.0845,158.172,147.72615,0.2263596352626687,161.50708069457073,152.66191930542925,65.36943029243248
2020-02-26,AAPL,161.08,163.53,156.35,159.94,85927551,159.94,-0.012045215887330873,157.411,158.1958,147.87574999999998,0.23250067196148302,161.6518087609981,153.1701912390019,59.80392152542551
2020-02-27,AAPL,159.87,162.12,155.19,158.66,130805638,158.66,-0.008003001125422071,157.594,158.1488,148.0228,0.233074387757761,161.71080714299583,153.47719285700416,52.80957332261527
2020-02-28,AAPL,160.39,161.9,159.1,160.5,101825901,160.5,0.011597125929661,157.68,158.0334,148.18215,0.22032197977350515,161.96936996968464,153.39063003031538,55.42997539184182
2020-03-02,AAPL,160.66,165.44,158.62,162.03,56929435,162.03,0.009532710280373946,157.98600000000002,157.8956,148.3566,0.2108239059346443,162.60428585197116,153.36771414802888,62.57938442227112
2020-03-03,AAPL,161.67,164.33,159.74,162.04,216178099,162.04,6.171696599399645e-05,158.036,157.833,148.53245,0.1764193762266373,162.81244836121556,153.25955163878444,63.97205584353252
2020-03-04,AAPL,163.36,164.76,160.0,162.38,88937756,162.38,0.0020982473463342366,158.333,157.8,148.7059,0.13941750614699294,163.42018969052256,153.24581030947743,68.25726136122401
2020-03-05,AAPL,166.9,166.9,164.3,165.57,133244119,165.57,0.019645276511885745,158.80450000000002,157.7666,148.87679999999997,0.1520234726825979,164.71695420589737,152.89204579410267,77.30496448783599
2020-03-06,AAPL,163.19,165.25,163.08,164.17,75289513,164.17,-0.008455638098689433,159.134,157.7394,149.03875,0.1553107538006768,165.47790017841356,152.7900998215864,69.78557500112093
2020-03-09,AAPL,164.14,168.81,162.34,165.58,99024800,165.58,0.008588658098312774,159.49849999999998,157.71720000000002,149.20495,0.15681988400696034,166.44711523500922,152.54988476499074,70.53231934470287
2020-03-10,AAPL,166.38,167.59,162.66,165.13,111923324,165.13,-0.0027177195313444757,159.911,157.646,149.36945,0.1524302132282598,167.17735476555748,152.64464523444252,74.49799191551341
2020-03-11,AAPL,164.28,166.91,162.39,164.65,130230312,164.65,-0.0029068007024767306,160.32150000000001,157.6106,149.55005,0.15247874024857844,167.68913412715182,152.9538658728482,69.50082276615407
2020-03-12,AAPL,167.58,170.72,164.16,167.44,122116310,167.44,0.01694503492256305,160.92649999999998,157.63279999999997,149.74465,0.1560917621898384,168.55438313050382,153.29861686949613,72.52964421860598
2020-03-13,AAPL,171.17,173.03,166.14,169.58,113398190,169.58,0.012780697563306243,161.7045,157.8546,149.94915,0.15207393445826753,169.5376884346431,153.8713115653569,72.73173119086591
2020-03-16,AAPL,170.23,173.13,170.23,171.72,70526740,171.72,0.012619412666587948,162.488,158.1666,150.1399,0.15167993786540263,171.04141015403528,153.93458984596472,73.46062047596905
2020-03-17,AAPL,175.7,178.19,172.16,175.18,63645474,175.18,0.020149079897507693,163.39999999999998,158.5584,150.34965,0.16114376254895627,173.25351233130374,153.54648766869622,83.92698124777478
2020-03-18,AAPL,173.8,176.64,173.8,175.29,91383929,175.29,0.0006279255622787527,164.39600000000002,159.0092,150.5567,0.15166346564829256,174.84121023446176,153.95078976553827,89.0558947277227
2020-03-19,AAPL,176.71,180.7,173.61,177.15,116195935,177.15,0.01061098750641798,165.3765,159.4204,150.7732,0.14980931050316387,176.75208470446339,154.0009152955366,89.06616606067915
2020-03-20,AAPL,177.46,179.59,173.19,176.39,73181185,176.39,-0.004290149590742365,166.28000000000003,159.8818,150.99730000000002,0.1541352593404177,178.15518775474848,154.40481224525158,84.95618299954289
2020-03-23,AAPL,177.07,181.59,173.03,177.31,122498087,177.31,0.0052157151765974685,167.13,160.3808,151.21439999999998,0.1518316395763699,179.62349641339773,154.63650358660226,85.59440553853969
2020-03-24,AAPL,178.78,178.78,175.9,177.02,143032708,177.02,-0.0016355535502791119,167.8865,160.86700000000002,151.42225,0.1525307395697844,180.86684185747225,154.90615814252777,84.20560742154767
2020-03-25,AAPL,177.55,178.43,176.25,177.34,55450917,177.34,0.0018077053440288537,168.7565,161.2918,151.62335,0.13998607081812628,181.82641607914124,155.68658392085874,81.75930916650665
2020-03-26,AAPL,178.35,180.9,177.09,178.99,57240309,178.99,0.00930416149768809,169.773,161.815,151.8418,0.13153939105321835,182.6981091413495,156.8478908586505,89.45686894289683
2020-03-27,AAPL,175.88,178.68,175.06,176.87,75631783,176.87,-0.011844237108218358,170.5915,162.241,152.035,0.14420469396687152,183.11102290162125,158.07197709837874,78.96357100536216
2020-03-30,AAPL,182.02,184.38,180.76,182.57,90474831,182.57,0.03222705942217452,171.61849999999998,162.77939999999998,152.27085,0.1734046276665955,184.544184385831,158.69281561416898,85.24656422015148
2020-03-31,AAPL,179.44,184.06,175.74,179.9,64857971,179.9,-0.014624527578462998,172.5115,163.30880000000002,152.48715,0.18739368261433118,185.11463123164705,159.90836876835297,78.31414774985524
2020-04-01,AAPL,175.18,178.47,174.94,176.71,137401556,176.71,-0.017732073374096657,173.228,163.75220000000002,152.66445,0.2043508313106191,185.008425512823,161.447574487177,66.95938525658869
2020-04-02,AAPL,179.4,181.74,177.99,179.87,94789000,179.87,0.017882406202252232,173.943,164.2484,152.8677,0.20268589781450808,185.50012785299796,162.38587214700206,68.14814811449473
2020-04-03,AAPL,181.95,185.75,178.4,182.08,81272316,182.08,0.012286651470506449,174.8385,164.8156,153.08765000000002,0.1988066862462385,185.97502175690963,163.7019782430904,68.22660095161253
2020-04-06,AAPL,184.67,186.42,181.28,183.85,45045037,183.85,0.00972100175746915,175.752,165.41400000000002,153.3152,0.19909820442949627,186.68627946270072,164.8177205372993,66.21773284971759
2020-04-07,AAPL,186.24,189.47,181.84,185.65,47261703,185.65,0.009790590155017709,176.778,166.065,153.55675000000002,0.1973426180296949,187.36093283397568,166.1950671660243,68.22660095161253
2020-04-08,AAPL,186.46,186.85,184.51,185.68,89517159,185.68,0.0001615943980608492,177.8295,166.71040000000002,153.81400000000002,0.1958114377907137,187.47628179225538,168.1827182077446,66.03986457598504
2020-04-09,AAPL,181.46,185.97,180.56,183.26,34089464,183.26,-0.013033175355450344,178.62050000000002,167.27560000000003,154.0582,0.20258749811009003,187.21758512413376,170.02341487586628,62.15929200459364
2020-04-10,AAPL,182.5,184.57,182.49,183.53,119950792,183.53,0.0014733165993670028,179.31799999999998,167.77059999999997,154.31414999999998,0.20049769481446397,187.04647530411657,171.5895246958834,61.268115910950954
2020-04-13,AAPL,182.33,182.88,180.6,181.74,75095834,181.74,-0.009753173868032428,179.81900000000002,168.28719999999998,154.55625,0.20349948987729677,186.72941593690842,172.9085840630916,58.109965607782144
2020-04-14,AAPL,184.42,188.75,180.21,184.48,292733846,184.48,0.015076482887641518,180.28400000000002,168.75600000000003,154.82094999999998,0.19853863447362788,187.13137183543128,173.43662816456876,61.32614210474092
2020-04-15,AAPL,182.31,185.57,182.31,184.14,201379892,184.14,-0.0018430182133565287,180.72650000000002,169.31,155.06824999999998,0.1990677024158513,187.3553596304362,174.09764036956383,58.523667632594105
2020-04-16,AAPL,183.04,184.78,179.08,181.93,74399335,181.93,-0.012001737808189361,180.96550000000002,169.82580000000002,155.31215,0.20305070663769603,187.393040988428,174.53795901157204,58.34983495653805
2020-04-17,AAPL,182.11,183.51,178.72,181.12,76668569,181.12,-0.004452261858956752,181.202,170.2966,155.55495,0.20311186637003292,187.25802127508132,175.14597872491868,47.14679257536188
2020-04-20,AAPL,182.48,184.48,180.13,182.3,119135230,182.3,0.006515017667844569,181.45149999999998,170.7768,155.7953,0.20348750905239774,187.2375277256623,175.66547227433767,55.016722375826355
2020-04-21,AAPL,179.26,184.99,176.67,180.83,158110740,180.83,-0.008063631376851288,181.642,171.25580000000002,156.04035,0.20605026003241145,187.05238611327923,176.23161388672077,59.27927924189597
2020-04-22,AAPL,179.63,179.65,177.7,178.67,41546571,178.67,-0.011944920643698675,181.70850000000002,171.7004,156.27215,0.2111824192615056,186.9254855179754,176.49151448202463,47.16981128960481
2020-04-23,AAPL,179.69,182.67,176.11,179.39,39152976,179.39,0.004029775563888727,181.7285,172.1814,156.4942,0.20907120199447438,186.90451055477922,176.55248944522077,43.17605273442587
2020-04-24,AAPL,181.13,184.48,175.74,180.11,62378003,180.11,0.00401360165003628,181.8905,172.7032,156.7357,0.20448864076034245,186.60882474731034,177.17217525268967,39.97856374278144
2020-04-27,AAPL,179.71,181.7,175.91,178.81,101000116,178.81,-0.007217811337515978,181.70250000000001,173.1584,156.96865,0.16950521963595663,186.60294412595502,176.802055874045,31.16740085702959
2020-04-28,AAPL,178.68,181.82,173.39,177.61,97590101,177.61,-0.006711034058497822,181.588,173.5718,157.19279999999998,0.1632730478418321,186.76498388111176,176.41101611888823,29.125711308444963
2020-04-29,AAPL,178.35,179.36,177.21,178.29,122723666,178.29,0.003828613253758162,181.66699999999997,174.0302,157.4123,0.15070316153046076,186.5716190903148,176.76238090968513,35.87265488901551
2020-04-30,AAPL,173.26,176.85,172.18,174.51,49508660,174.51,-0.021201413427561877,181.399,174.3696,157.62505,0.15467635378500738,187.21765565953496,175.58034434046505,28.625592398068306
2020-05-01,AAPL,171.51,172.67,169.18,170.93,31676310,170.93,-0.02051458369147896,180.8415,174.6218,157.8326,0.15973419395641877,188.2929520661924,173.39004793380758,26.387068572764562
2020-05-04,AAPL,169.56,172.47,165.83,169.15,112756690,169.15,-0.010413619610366798,180.1065,174.7986,158.02595,0.15418184777609886,189.05753939862936,171.15546060137066,15.047879607356634
2020-05-05,AAPL,169.48,172.82,164.51,168.67,57440413,168.67,-0.0028377180017736814,179.2575,174.93419999999998,158.21375,0.14534075192468748,189.16467310575484,169.35032689424514,14.95242409563511
2020-05-06,AAPL,168.39,171.23,167.8,169.51,35681469,169.51,0.00498013873243619,178.449,175.12560000000002,158.40305,0.1484707782238279,188.7794779529732,168.11852204702683,19.999999986473455
2020-05-07,AAPL,172.31,176.5,170.23,173.36,84779361,173.36,0.022712524334847606,177.954,175.4196,158.60795,0.17336518509332435,188.26256445159333,167.64543554840668,33.65627630702669
2020-05-08,AAPL,177.04,177.24,174.09,175.67,109869896,175.67,0.013324873096446588,177.561,175.72299999999998,158.8309,0.18205051763742455,187.56943623097513,167.55256376902489,36.67068755474909
2020-05-11,AAPL,176.18,178.17,172.45,175.31,76187985,175.31,-0.002049296977286841,177.2395,175.98860000000002,159.04955,0.17980843042124448,187.09463486249254,167.38436513750744,38.38383836122163
2020-05-12,AAPL,176.75,177.82,172.81,175.32,66612169,175.32,5.704181164789546e-05,176.7815,176.25419999999997,159.26515,0.16874288152370776,186.05400440252026,167.50899559747972,42.24895878799235
2020-05-13,AAPL,173.65,176.98,168.54,172.76,75059545,172.76,-0.014601870864704547,176.2125,176.4618,159.47475,0.1740876310214417,184.96586416531076,167.45913583468925,35.86353942421793
2020-05-14,AAPL,173.1,175.73,169.8,172.77,68978408,172.77,5.7883769391198214e-05,175.75449999999998,176.60580000000002,159.66559999999998,0.17117273635638808,184.20145267381696,167.307547326183,33.86103779797472
2020-05-15,AAPL,172.61,174.14,170.02,172.08,46656291,172.08,-0.0039937489147421346,175.30249999999998,176.764,159.848,0.17111197245012474,183.50448403468832,167.10051596531164,34.79439672448615
2020-05-18,AAPL,174.32,174.32,171.71,172.97,60108686,172.97,0.005172013017201271,174.836,176.9118,160.0466,0.17023753934167,182.39861831573512,167.2733816842649,39.36755267868254
2020-05-19,AAPL,171.17,172.27,169.53,170.9,98547493,170.9,-0.011967393189570408,174.3395,177.02719999999997,160.22805,0.17245826553448632,181.54039899358455,167.13860100641543,34.08013785105034
2020-05-20,AAPL,172.75,173.93,170.65,172.29,90985308,172.29,0.008133411351667563,174.02050000000003,177.18,160.42600000000002,0.17300731771050545,180.97468836310114,167.06631163689892,44.66858786621708
2020-05-21,AAPL,175.15,178.13,174.59,176.36,85562795,176.36,0.02362296128620356,173.86899999999997,177.3584,160.6362,0.19436485282672433,180.452810766611,167.28518923338893,62.74049737783357
2020-05-22,AAPL,176.04,180.01,172.25,176.13,53729770,176.13,-0.0013041506010433856,173.67000000000002,177.4894,160.83325,0.19354012360458347,179.67466835930847,167.66533164069156,67.66194327189939
2020-05-25,AAPL,178.02,180.13,174.38,177.26,74397725,177.26,0.006415715664565891,173.59250000000003,177.6002,161.04405,0.19382419594191386,179.35288330230645,167.8321166976936,71.04360602672169
2020-05-26,AAPL,178.34,181.93,176.39,179.16,33488450,179.16,0.010718718266952587,173.67000000000002,177.6798,161.2543,0.19611563465612597,179.69365861897168,167.64634138102835,72.47321839708314
2020-05-27,AAPL,177.08,179.44,176.85,178.15,85920057,178.15,-0.0056374190667559665,173.663,177.737,161.455,0.19686625520036383,179.66433704400998,167.66166295599004,62.85560918518634
2020-05-28,AAPL,178.14,182.78,174.84,178.81,141679819,178.81,0.003704743193937654,173.878,177.77019999999996,161.6502,0.18039661226436038,180.30042649668178,167.4555735033182,59.24617191817164
2020-05-29,AAPL,177.97,182.38,175.42,178.9,44361580,178.9,0.0005033275543873117,174.2765,177.8204,161.82545,0.1611163755058483,180.9141859474413,167.6388140525587,60.742070565506346
2020-06-01,AAPL,178.2,180.36,178.08,179.22,63285457,179.22,0.0017887087758523545,174.78,177.8586,162.00469999999999,0.15397962808764007,181.30713526264472,168.25286473735528,61.45710923264398
2020-06-02,AAPL,176.95,180.61,173.82,177.22,91256054,177.22,-0.011159468809284645,175.2075,177.8626,162.18175,0.1608033113823621,181.14281757674857,169.27218242325145,63.54799508568216
2020-06-03,AAPL,178.79,180.16,174.53,177.34,132047761,177.34,0.0006771244780499064,175.599,177.8626,162.36860000000001,0.16065692333845358,180.95679962691065,170.24120037308933,63.78998184109476
2020-06-04,AAPL,178.76,179.92,177.55,178.73,66869087,178.73,0.007838051201082497,175.8675,177.8574,162.57065,0.14334502270112026,181.29068172293896,170.44431827706106,69.25303989753658
2020-06-05,AAPL,181.59,185.31,180.14,182.73,60650416,182.73,0.022380126447714366,176.2205,177.97459999999998,162.7933,0.15622324341059748,182.44886457372056,169.99213542627942,73.94504411014569
2020-06-08,AAPL,183.87,188.16,182.71,185.44,36395945,185.44,0.014830624418540994,176.727,178.032,163.02570000000003,0.16178609052746878,184.17229268450305,169.28170731549696,84.58610841178847
2020-06-09,AAPL,192.34,193.18,189.99,191.59,83379450,191.59,0.033164365832614395,177.5405,178.26579999999998,163.2857,0.1937068291979553,187.47711273430738,167.60388726569263,87.43211787338828
2020-06-10,AAPL,189.02,193.99,184.93,189.46,181065175,189.46,-0.011117490474450653,178.37550000000002,178.5208,163.5261,0.18949453608756117,189.3709449420524,167.38005505794763,77.47483216926813
2020-06-11,AAPL,193.26,196.24,187.8,192.02,89386531,192.02,0.013512086984059923,179.33800000000002,178.7638,163.77895,0.19114213571793992,191.56821900221448,167.10778099778557,80.3591898691239
2020-06-12,AAPL,193.23,196.15,189.07,192.61,79290239,192.61,0.0030725966045204167,180.3645,178.97439999999997,164.0189,0.18817650833779534,193.44634837254003,167.28265162745996,79.94537646823122
2020-06-15,AAPL,200.29,201.95,196.28,199.11,91000004,199.11,0.03374694979492232,181.67149999999998,179.2796,164.294,0.21280323591580147,196.71837591285532,166.62462408714464,82.99702278657105
2020-06-16,AAPL,195.88,199.38,194.17,196.78,79645842,196.78,-0.011702074230324988,182.9655,179.50220000000002,164.52715,0.21248902115172671,198.55357300470538,167.3774269952946,79.52456414854693
2020-06-17,AAPL,195.13,197.88,190.88,194.38,57790296,194.38,-0.012196361418843393,184.07,179.6762,164.74099999999999,0.22323513470720285,199.60345591398143,168.53654408601855,73.38540099046571
2020-06-18,AAPL,191.8,195.77,189.64,192.71,111200913,192.71,-0.008591418870254053,184.8875,179.86520000000002,164.9559,0.2190265120453352,200.4334155238188,169.34158447618117,69.80212214002782
2020-06-19,AAPL,188.37,188.37,185.56,186.73,87560610,186.73,-0.03103108297441759,185.4175,179.9292,165.1526,0.2524071593201246,200.41954600081448,170.4154539991855,59.26474214582514
2020-06-22,AAPL,185.83,188.15,182.5,185.32,80565614,185.32,-0.007551009478926729,185.82049999999998,180.00080000000003,165.33665000000002,0.2547916338156156,200.32464165896022,171.31635834103975,60.140210294392496
2020-06-23,AAPL,182.64,187.16,179.41,183.29,54156620,183.29,-0.010954025469458228,186.027,179.977,165.51280000000003,0.2569523881298169,200.24667813685727,171.8073218631427,57.10872160574617
2020-06-24,AAPL,182.92,186.37,181.16,183.76,134751158,183.76,0.002564242457308019,186.3075,179.96939999999998,165.68304999999998,0.2556768336139122,200.08746237868314,172.52753762131687,56.144637166234425
2020-06-25,AAPL,183.63,185.89,183.63,184.77,104366394,184.77,0.005496299521114523,186.6055,180.0262,165.85275000000001,0.25594451137041846,199.95379218329276,173.25720781670725,52.68845543654092
2020-06-26,AAPL,190.85,194.05,186.17,190.11,64126538,190.11,0.028900795583698624,187.166,180.20600000000002,166.04975000000002,0.2733479736932903,200.08651718045974,174.24548281954026,55.755484328800186
2020-06-29,AAPL,191.82,194.64,191.16,192.9,119433123,192.9,0.014675714060280898,187.85,180.418,166.26995000000002,0.2762876632103912,200.4436207744459,175.2563792255541,51.76027947528503
2020-06-30,AAPL,191.67,193.25,189.36,191.3,65562133,191.3,-0.00829445308449972,188.554,180.62739999999997,166.49864999999997,0.27440716155050304,200.18281973465415,176.92518026534586,52.50817882401541
2020-07-01,AAPL,187.92,190.37,187.24,188.81,58511612,188.81,-0.013016204913748108,189.1275,180.8302,166.7195,0.2808172846948041,199.4901208328948,178.7648791671052,45.6159519082594
2020-07-02,AAPL,190.89,192.48,188.06,190.27,59035879,190.27,0.0077326412795932775,189.7045,181.04780000000002,166.93805,0.28079487229638606,198.84218708498972,180.56681291501027,46.87833509454917
2020-07-03,AAPL,187.78,190.36,182.84,186.6,39393436,186.6,-0.01928837967099395,189.898,181.17759999999998,167.13565,0.2821565653578716,198.56563757044913,181.23036242955087,31.948051935143653
2020-07-06,AAPL,192.93,194.82,188.91,191.86,96606264,191.86,0.02818863879957134,190.219,181.4386,167.37290000000002,0.29443387490433254,198.66414909033136,181.77385090966862,43.453964858745216
2020-07-07,AAPL,196.37,197.13,193.58,195.35,38458074,195.35,0.01819034712811418,190.40699999999998,181.7934,167.6255,0.27764086053404174,199.14305017336832,181.67094982663164,51.25420220539025
2020-07-08,AAPL,192.84,198.43,189.67,194.05,48942644,194.05,-0.006654722293319648,190.6365,182.1086,167.86715,0.27547609156294217,199.50791423485265,181.76508576514738,51.749347239569424
2020-07-09,AAPL,187.63,193.47,184.92,189.19,34875739,189.19,-0.02504509147127032,190.495,182.40220000000002,168.09385000000003,0.28665241425515725,199.3637778781894,181.6262221218106,53.308230211234125
2020-07-10,AAPL,193.91,197.47,188.81,193.14,77292641,193.14,0.020878481949363037,190.5215,182.8464,168.3384,0.2964681099820885,199.42000436871444,181.62299563128556,59.84390733036719
2020-07-13,AAPL,192.36,194.76,190.99,192.87,75331505,192.87,-0.0013979496738116826,190.2095,183.32080000000002,168.5807,0.26884436548821605,198.2348190787544,182.18418092124557,62.618545814629634
2020-07-14,AAPL,196.29,199.31,193.8,196.55,70199988,196.55,0.019080209467517095,190.198,183.8784,168.85345,0.2754071151788076,198.18423974491049,182.21176025508953,65.53315518781969
2020-07-15,AAPL,190.17,196.71,187.23,191.97,52720035,191.97,-0.02330195878911223,190.0775,184.32760000000002,169.09924999999998,0.2846416488678178,197.8683931316957,182.28660686830426,58.04649081777712
2020-07-16,AAPL,189.4,194.21,186.43,190.32,50055537,190.32,-0.008595092983278652,189.95800000000003,184.6668,169.3305,0.28464303937927987,197.65158885525568,182.26441114474437,50.25578561014417
2020-07-17,AAPL,188.62,191.45,188.62,190.4,96329497,190.4,0.0004203446826398505,190.1415,184.9614,169.55010000000001,0.26074816275728707,197.68450868354466,182.59849131645535,46.739697426855614
2020-07-20,AAPL,192.04,192.04,189.39,190.6,64187331,190.6,0.0010504201680672232,190.40550000000002,185.2672,169.7588,0.25874240158821943,197.59950474079332,183.2114952592067,49.05251757751121
2020-07-21,AAPL,188.41,192.08,186.67,189.38,90791889,189.38,-0.0064008394543546565,190.71,185.54840000000002,169.97639999999998,0.25632177699607034,197.10731851720365,184.31268148279636,50.79899072859023
2020-07-22,AAPL,191.44,195.65,186.79,191.22,56144412,191.22,0.009715915091350835,191.083,185.91760000000002,170.21310000000003,0.2578721120477266,196.58078941221683,185.58521058778317,51.31761440448135
2020-07-23,AAPL,186.51,191.21,185.28,188.24,86008981,188.24,-0.015584143918000115,191.25650000000002,186.227,170.4291,0.2649669472513623,196.0949132892846,186.41808671071544,52.319004504172355
2020-07-24,AAPL,188.53,190.72,185.1,187.91,134738767,187.91,-0.001753081172970794,191.1465,186.5436,170.63760000000002,0.24374395357895048,196.19033427667455,186.10266572332546,43.509694360527874
2020-07-27,AAPL,187.64,189.65,186.97,188.31,101138711,188.31,0.002128678622745017,190.917,186.8504,170.84215,0.2373896065445173,196.0419404617881,185.7920595382119,37.125091422101285
2020-07-28,AAPL,191.34,193.28,186.39,189.83,67833834,189.83,0.00807179650576173,190.8435,187.229,171.0102,0.23791647073558048,195.9874418634708,185.69955813652922,42.34397675642904
2020-07-29,AAPL,193.42,196.05,187.82,191.93,88668635,191.93,0.011062529631775675,190.9995,187.6218,171.1818,0.23616526947462685,196.07253075613212,185.9264692438679,55.52419351704281
2020-07-30,AAPL,188.13,191.17,186.41,188.79,72657786,188.79,-0.016360131297869063,190.9255,187.87039999999996,171.32385000000002,0.24235737914611488,196.0857630491936,185.7652369508064,40.933722360438864
2020-07-31,AAPL,186.03,188.34,180.77,184.55,80252563,184.55,-0.022458816674611914,190.823,188.0388,171.43289999999996,0.2458909928571069,196.4089112247293,185.2370887752707,35.12160227139836
2020-08-03,AAPL,190.06,192.76,183.62,188.19,70230466,188.19,0.019723652126794722,190.6395,188.25740000000002,171.55185,0.23438692327130695,196.32225868886053,184.95674131113947,35.028653277564416
2020-08-04,AAPL,190.43,190.91,187.48,189.19,74910386,189.19,0.005313778627982435,190.3315,188.458,171.67945,0.22476408769967768,195.59128296530713,185.07171703469288,44.28923580032666
2020-08-05,AAPL,188.44,190.04,184.25,187.14,87083199,187.14,-0.010835667847137853,189.986,188.63780000000003,171.78715,0.22651764601890206,195.12370950399082,184.84829049600916,43.57316084842262
2020-08-06,AAPL,190.65,193.67,189.56,191.61,53768250,191.61,0.023885860852837615,190.107,188.8938,171.92645000000002,0.22626383213350293,195.27964505278825,184.93435494721174,52.07689664507119
2020-08-07,AAPL,192.31,196.02,188.01,192.01,53286078,192.01,0.0020875737174468334,190.0505,189.15599999999998,172.07035,0.21354712133932474,195.1070370925615,184.9939629074385,52.40368221160409
2020-08-10,AAPL,193.81,198.74,192.27,195.5,45906632,195.5,0.01817613665954898,190.18200000000002,189.4816,172.23734999999996,0.22318557982153062,195.6659923989379,184.69800760106213,59.68354427735539
2020-08-11,AAPL,194.18,199.23,192.31,195.77,42178819,195.77,0.0013810741687980688,190.143,189.85260000000002,172.40445,0.21251587366087474,195.44436467038918,184.84163532961082,57.57575754891574
2020-08-12,AAPL,204.0,206.22,197.75,201.98,49161635,201.98,0.031720896970935275,190.6435,190.3454,172.57365,0.22240734132814147,198.11643861736982,183.17056138263015,70.65544194259839
2020-08-13,AAPL,206.72,210.12,204.76,207.44,85269057,207.44,0.027032379443509225,191.49949999999998,190.9196,172.7931,0.23418547820806784,202.08872883728802,180.91027116271195,75.4363115119534
2020-08-14,AAPL,207.76,211.56,201.92,206.74,55975361,206.74,-0.0033744697261858247,192.3165,191.3998,173.00029999999998,0.23542895345027828,204.8849655932398,179.74803440676018,73.81752388127566
2020-08-17,AAPL,211.13,213.13,206.56,209.84,98245792,209.84,0.014994679307342551,193.2785,191.8878,173.24245,0.23811966750530816,208.04658689459637,178.51041310540364,74.84479759007134
2020-08-18,AAPL,213.47,213.69,210.23,211.96,81118588,211.96,0.010102935569958005,194.40749999999997,192.2952,173.50064999999998,0.23489149003365684,211.23019879469032,177.58480120530962,74.85728466001484
2020-08-19,AAPL,218.58,220.52,212.33,216.43,36402044,216.43,0.021088884695225518,195.668,192.8346,173.7677,0.24083132020744216,215.06587465297855,176.27012534702146,83.20518978460186
2020-08-20,AAPL,212.29,217.84,208.94,213.39,103961108,213.39,-0.014046111906852232,196.9255,193.262,174.0185,0.23903110471075495,217.519757222011,176.331242777989,85.67540818408071
2020-08-21,AAPL,213.69,218.11,213.22,215.67,110647126,215.67,0.010684661886686264,198.3135,193.7232,174.2935,0.23747858530915464,220.059074044535,176.567925955465,85.17665127515426
2020-08-24,AAPL,218.8,224.05,214.34,219.19,53757412,219.19,0.016321231511104983,199.85750000000002,194.1248,174.59445,0.23894137971830043,222.95551529409738,176.75948470590265,86.07503604605455
2020-08-25,AAPL,211.98,218.5,208.62,213.56,94642179,213.56,-0.025685478352114544,201.044,194.46039999999996,174.85879999999997,0.266728476358697,224.40958008335383,177.6784199166462,79.25155001971831
2020-08-26,AAPL,207.87,212.08,207.66,209.87,56793809,209.87,-0.01727851657613788,201.94099999999997,194.77020000000002,175.1132,0.2783690340106009,225.21061054115182,178.67138945884813,70.572329856061
2020-08-27,AAPL,203.05,208.64,198.6,203.62,83187307,203.62,-0.029780340210606604,202.68249999999998,194.9884,175.33350000000002,0.29534491878024777,225.11780570563516,180.2471942943648,61.556838525546574
2020-08-28,AAPL,204.02,204.45,201.28,202.87,48241867,202.87,-0.0036833316962969764,203.5985,195.31119999999999,175.54925,0.2802074957684746,224.3493805393395,182.8476194606605,57.759528304724505
2020-08-31,AAPL,205.4,206.99,203.28,205.13,39047703,205.13,0.01114013900527433,204.44549999999998,195.7074,175.7838,0.27580327689413964,223.89000075146515,185.0009992485348,59.45836700015324
2020-09-01,AAPL,209.09,211.7,208.05,209.88,68641668,209.88,0.02315604738458532,205.48000000000002,196.23919999999998,176.01595,0.2836927963076363,223.6680272938588,187.29197270614122,58.22573925832653
2020-09-02,AAPL,210.83,214.99,205.37,210.18,76137053,210.18,0.0014293882218410214,206.632,196.76760000000002,176.2415,0.2776862354595155,222.72719653744542,190.5368034625546,53.19645355238567
2020-09-03,AAPL,214.3,219.35,211.56,215.45,68234803,215.45,0.02507374631268422,207.82399999999998,197.38119999999998,176.51785,0.27873290209789603,222.7214902866944,192.92650971330556,59.18195233336393
2020-09-04,AAPL,209.06,212.81,209.06,211.11,49819895,211.11,-0.020143884892086183,208.779,197.8012,176.76995,0.29367094630835056,221.7296511114529,195.82834888854708,51.304705142423146
2020-09-07,AAPL,206.94,208.69,203.01,205.85,68174255,205.85,-0.02491592061010861,209.29649999999998,198.0602,177.00345,0.30737925434767877,220.7540468578597,197.83895314214027,44.10345491956284
2020-09-08,AAPL,206.26,209.31,202.19,205.75,89098681,205.75,-0.0004857906242409227,209.7955,198.34920000000002,177.22594999999998,0.30756178203222967,219.5091853540737,200.0818146459263,38.743676211163326
2020-09-09,AAPL,208.1,208.39,205.63,207.01,78576244,207.01,0.0061239368165249,210.04700000000003,198.7132,177.46400000000003,0.2883102654116616,219.14993671526707,200.94406328473298,43.013578611428166
2020-09-10,AAPL,205.07,211.67,202.29,206.98,86058478,206.98,-0.00014492053523984527,210.02400000000003,199.04739999999998,177.70300000000003,0.27192213513558844,219.15694648944137,200.8910535105587,39.99078552038998
2020-09-11,AAPL,202.08,204.95,196.5,200.72,61189802,200.72,-0.03024446806454728,209.723,199.3298,177.90434999999997,0.29234322379150457,219.67201338668679,199.77398661331324,29.989165754716154
2020-09-14,AAPL,201.0,203.55,197.5,200.52,127831603,200.52,-0.0009964129135112687,209.25699999999998,199.503,178.09395,0.28595174158731723,220.02251042621262,198.49148957378733,33.988212169061015
2020-09-15,AAPL,196.95,201.49,191.92,196.71,49976720,196.71,-0.019000598444045447,208.49449999999996,199.5302,178.27875,0.2881129000735722,220.53827887017746,196.45072112982245,33.888344748422185
2020-09-16,AAPL,199.25,201.41,196.1,198.76,97227223,198.76,0.010421432565705713,207.61100000000002,199.62440000000004,178.4775,0.2783259734402216,219.79534526241497,195.42665473758507,43.36790391356026
2020-09-17,AAPL,201.38,204.86,194.99,199.92,128352844,199.92,0.0058361843429262095,206.9375,199.83900000000003,178.68744999999998,0.2778525416028991,219.26512729550547,194.60987270449453,46.01889336992535
2020-09-18,AAPL,197.53,200.81,193.57,197.19,96968857,197.19,-0.013655462184873901,206.01349999999996,199.92,178.89120000000003,0.2752473405056708,218.35547847314712,193.6715215268528,39.41897653113362
2020-09-21,AAPL,196.06,199.2,192.28,195.74,73774780,195.74,-0.007353314062579219,204.84099999999998,199.9774,179.0664,0.26430472485594003,216.33901429080805,193.3429857091919,29.33956749238004
2020-09-22,AAPL,194.61,194.61,191.12,192.72,64761274,192.72,-0.01542862981506088,203.799,199.9008,179.22135000000003,0.2563066598711703,215.73878735595028,191.85921264404973,26.36708174420299
2020-09-23,AAPL,193.59,196.97,188.24,192.6,121081236,192.6,-0.0006226650062266526,202.9355,199.9134,179.3906,0.25251169912678784,215.5078246186151,190.36317538138488,14.0610254735182
2020-09-24,AAPL,195.22,198.1,192.8,195.45,45278697,195.45,0.014797507788161912,202.527,200.016,179.56279999999998,0.24188719295834538,215.52924774090368,189.5247522590963,24.158415830421774
2020-09-25,AAPL,193.45,194.23,191.06,192.65,54270289,192.65,-0.014325914556152397,202.016,200.06099999999998,179.69469999999998,0.245825463969324,215.74451569391024,188.28748430608974,26.293103435053695
2020-09-28,AAPL,193.74,195.19,193.15,194.17,68238131,194.17,0.007889955878536137,201.46800000000002,200.1324,179.82094999999998,0.24370087863463652,215.54372991470157,187.39227008529846,30.211893355332563
2020-09-29,AAPL,191.66,195.82,189.58,192.7,131247931,192.7,-0.007570685481794293,200.60899999999998,200.1988,179.95860000000002,0.2242080339541958,214.6199564645914,186.59804353540855,25.721072264672642
2020-09-30,AAPL,190.86,193.45,187.53,190.49,93124163,190.49,-0.011468604047742526,199.62449999999998,200.18419999999998,180.0909,0.22461306846859322,213.57073582491898,185.67826417508098,23.949447066815353
2020-10-01,AAPL,191.87,193.93,186.56,190.25,54315429,190.25,-0.0012599086566223994,198.3645,200.22439999999997,180.20595,0.1957378325425822,210.75758716477566,185.97141283522433,29.57471711221038
2020-10-02,AAPL,188.99,191.65,183.1,187.38,70661689,187.38,-0.015085413929040725,197.178,200.21379999999996,180.31519999999998,0.19171578505037615,208.9620366598226,185.3939633401774,26.784452283569436
2020-10-05,AAPL,185.3,187.12,184.67,185.89,62570716,185.89,-0.00795175579037255,196.18,200.1654,180.41120000000004,0.1783603696887514,208.2490731340825,184.11092686591752,29.176289437703204
2020-10-06,AAPL,182.74,186.23,179.06,182.64,60226414,182.64,-0.017483457959007964,195.0245,200.0216,180.48095,0.1827719428657148,207.6481210919738,182.4008789080262,20.3458425207931
2020-10-07,AAPL,187.08,189.81,186.52,188.17,118342440,188.17,0.03027814279456864,194.0825,199.94639999999998,180.58970000000002,0.22010332456136364,205.71299326917185,182.45200673082817,31.378763852953924
2020-10-08,AAPL,190.2,192.51,184.16,188.33,46216153,188.33,0.0008502949460595932,193.15,199.93720000000002,180.6997,0.2204027487354798,203.32612686117747,182.97387313882254,34.713595566390964
2020-10-09,AAPL,188.22,190.41,182.44,186.43,152252294,186.43,-0.010088674135825482,192.4355,199.9748,180.8394,0.19998786254982387,202.37767698283102,182.49332301716896,34.18280664360995
2020-10-12,AAPL,187.65,190.05,184.13,187.09,111421299,187.09,0.0035402027570670125,191.76399999999998,199.9528,180.99425,0.20141770215203292,201.20879450056665,182.3192054994333,39.60103433489419
2020-10-13,AAPL,187.98,190.43,183.25,186.84,123763353,186.84,-0.0013362552782083537,191.2705,199.90580000000003,181.15050000000002,0.1928295092669236,200.6584171503104,181.88258284968958,39.4117646855969
2020-10-14,AAPL,187.08,188.39,184.18,186.28,66476654,186.28,-0.0029972168700492796,190.6465,199.88859999999997,181.31815000000003,0.18668777465908246,199.58673024547716,181.70626975452285,31.593737437081018
2020-10-15,AAPL,188.42,190.78,185.36,188.07,75342949,188.07,0.0096091904659652,190.054,199.81780000000003,181.47555,0.18956066699431956,197.91162894463832,182.19637105536168,40.41841001816492
2020-10-16,AAPL,188.58,194.36,186.21,190.28,45094753,190.28,0.011750943797522284,189.70850000000002,199.7832,181.66035,0.19202570539799593,196.8169420530164,182.60005794698364,42.09028057790715
2020-10-19,AAPL,188.67,191.52,186.16,188.84,64855496,188.84,-0.007567794828673535,189.3635,199.65,181.84274999999997,0.19211075487617166,195.88491500628885,182.84208499371113,42.14169378705282
2020-10-20,AAPL,187.93,189.55,185.0,187.28,97464535,187.28,-0.008260961660665145,189.0915,199.4802,182.0156,0.18694410565197797,195.47581062099127,182.70718937900872,43.28732745269667
2020-10-21,AAPL,187.23,189.35,183.79,186.57,134350473,186.57,-0.0037911149081589768,188.79000000000002,199.172,182.16795000000002,0.18711543716662227,195.04489450456177,182.53510549543827,42.45283016430108
2020-10-22,AAPL,179.84,184.19,176.41,180.3,51375628,180.3,-0.033606689178324434,188.0325,198.62919999999997,182.3053,0.20875232938666205,194.55510805119488,181.50989194880512,37.25701941966893
2020-10-23,AAPL,177.86,178.37,174.24,176.31,69118626,176.31,-0.022129783693843663,187.2155,198.0206,182.40900000000002,0.21562481852875126,195.2264385086588,179.2045614913412,34.180977527129045
2020-10-26,AAPL,178.82,181.55,178.49,180.02,75302018,180.02,0.021042481991946138,186.50799999999998,197.42419999999998,182.53085,0.2300836980083083,194.43172745885065,178.58427254114932,45.73845150812176
2020-10-27,AAPL,184.58,188.13,181.03,184.58,45773757,184.58,0.025330518831240934,186.10200000000003,196.8766,182.6866,0.2513545358852196,193.50485179757646,178.6991482024236,43.97044001963101
2020-10-28,AAPL,184.66,187.91,179.99,183.95,101348627,183.95,-0.003413154187886125,185.775,196.227,182.83364999999998,0.2489581133284172,192.93554246695678,178.61445753304324,42.75793648814114
2020-10-29,AAPL,186.35,186.92,184.31,185.61,59885266,185.61,0.009024191356346911,185.543,195.6714,182.9864,0.2518199939688649,192.38672351713495,178.69927648286506,48.633333310637795
2020-10-30,AAPL,187.1,188.37,184.72,186.55,73985601,186.55,0.0050643823069878025,185.5015,195.08900000000003,183.15055,0.2471063316626817,192.30828693812956,178.69471306187043,49.10832230226168
2020-11-02,AAPL,194.55,196.96,193.9,195.43,66769533,195.43,0.04760117930849628,185.9785,194.6138,183.35805,0.2972984272341746,194.1083961604061,177.8486038395939,61.03829347585359
2020-11-03,AAPL,197.44,201.18,196.43,198.81,58340190,198.81,0.01729519521056133,186.787,194.3188,183.5866,0.2916049095518238,196.56754588940595,177.00645411059406,65.0131799446397
2020-11-04,AAPL,199.03,201.27,195.71,198.49,79774877,198.49,-0.001609576983049088,187.303,194.0912,183.812,0.27561623249107636,198.39214139336966,176.21385860663034,62.94088423047262
2020-11-05,AAPL,196.12,199.64,191.82,195.73,73389641,195.73,-0.013904982618771822,187.673,193.9334,184.01565000000002,0.2819161096981626,199.38286646514888,175.96313353485112,56.67728495972842
2020-11-06,AAPL,189.91,194.58,187.69,191.14,68943234,191.14,-0.023450671843866622,187.9085,193.6988,184.17745,0.2933233808472778,199.70225798329184,176.11474201670816,52.616014541933005
2020-11-09,AAPL,192.57,195.13,188.44,191.79,59778256,191.79,0.00340064873914403,188.14350000000002,193.43199999999996,184.35685,0.29331035373113923,200.0552991482147,176.23170085178535,55.23809522013161
2020-11-10,AAPL,189.52,191.97,187.4,189.69,90906954,189.69,-0.010949475989363355,188.286,193.0282,184.50009999999997,0.29646884934362006,200.20032998315088,176.37167001684912,53.51035101824607
2020-11-11,AAPL,186.37,189.8,181.69,185.74,155007506,185.74,-0.020823448784859422,188.259,192.5394,184.6466,0.30618773954012124,200.19489879313824,176.32310120686174,56.457739772307484
2020-11-12,AAPL,185.26,186.67,181.36,184.01,84603998,184.01,-0.009314094971465625,188.05599999999998,191.91060000000002,184.78594999999999,0.30570367075040034,200.1425830790325,175.96941692096746,59.65880579941734
2020-11-13,AAPL,179.92,185.57,176.66,181.11,119160809,181.11,-0.015760013042769305,187.5975,191.31060000000002,184.9036,0.30618210183972205,200.0199107754382,175.1750892245618,51.39564658848812
2020-11-16,AAPL,184.03,189.1,182.53,185.82,45875805,185.82,0.0260062945171442,187.44650000000001,190.91,185.04125,0.32132707435671604,199.87873361394156,175.01426638605847,51.58163263463918
2020-11-17,AAPL,189.41,189.77,186.94,188.36,85211057,188.36,0.013669142180604998,187.50050000000002,190.56220000000002,185.19865,0.3238232120567664,199.93906900722138,175.06193099277866,55.36365845840209
2020-11-18,AAPL,188.81,191.89,184.91,188.4,51577178,188.4,0.00021235931195584534,187.59199999999998,190.19,185.35845,0.3234337820650465,200.02867174973133,175.15532825026864,53.532539864536446
2020-11-19,AAPL,193.46,194.91,190.47,192.69,44312050,192.69,0.022770700636942642,188.2115,189.90420000000003,185.5452,0.30557462174561795,200.34953985736522,176.0734601426348,57.16619979457686
2020-11-20,AAPL,194.29,196.59,189.37,192.98,59517957,192.98,0.001505008044008438,189.04500000000002,189.74940000000004,185.74,0.2904201681911524,199.97083129440156,178.11916870559847,46.423357645257575
2020-11-23,AAPL,191.72,191.79,189.35,190.57,128867709,190.57,-0.0124883407607006,189.57250000000002,189.5504,185.9126,0.28976017670286097,199.64941864975225,179.4955813502478,37.62019229186648
2020-11-24,AAPL,196.83,196.83,193.38,195.04,116983507,195.04,0.02345594794563688,190.0955,189.51699999999997,186.10309999999998,0.2879153585275255,200.16717257316742,180.02382742683255,45.39139725793533
2020-11-25,AAPL,196.83,201.04,192.34,196.69,88166627,196.69,0.008459803117309317,190.73250000000002,189.4756,186.30970000000002,0.28753878138973504,200.77910901158293,180.6858909884171,51.32158588330116
2020-11-26,AAPL,193.67,195.56,191.87,193.72,43334384,193.72,-0.015099903401291415,191.13799999999998,189.3516,186.4906,0.29407752986671815,200.96636625070184,181.30963374929811,53.717579229047686
2020-11-27,AAPL,192.85,197.43,189.03,193.23,73959258,193.23,-0.0025294239107991334,191.472,189.2724,186.66514999999998,0.29436668110425385,201.09576794575415,181.84823205424587,52.08453964304623
2020-11-30,AAPL,189.45,192.79,188.75,190.77,90261105,190.77,-0.012730942400248302,191.23899999999998,189.17300000000003,186.81745000000004,0.2437444492953251,200.68325840615054,181.7947415938494,51.54727791628478
2020-12-01,AAPL,187.19,190.26,183.58,186.92,85819060,186.92,-0.020181370236410423,190.6445,189.05699999999996,186.94259999999997,0.2425421656629059,199.564456277922,181.72454372207798,51.69540227805354
2020-12-02,AAPL,188.75,193.18,186.02,189.6,38263988,189.6,0.014337684570939535,190.2,188.99699999999996,187.0909,0.2502114415507435,198.32435195796452,182.07564804203545,57.81818179553974
2020-12-03,AAPL,196.82,198.15,192.19,195.17,56030685,195.17,0.02937763713080166,190.172,188.9914,187.27344999999997,0.2696998646584829,198.21960206194422,182.12439793805578,68.29776155762183
2020-12-04,AAPL,191.5,193.31,189.06,191.18,77975566,191.18,-0.020443715735000145,190.174,188.96200000000002,187.42684999999997,0.26642440740549633,198.2226347976103,182.1253652023897,57.108753294442394
2020-12-07,AAPL,193.23,194.66,191.09,192.87,99140991,192.87,0.008839836803012924,190.228,188.93600000000004,187.58105,0.26800120742062666,198.33655454702907,182.11944545297095,56.11940296375381
2020-12-08,AAPL,190.51,192.14,189.98,191.06,33234068,191.06,-0.009384559547881977,190.2965,188.9032,187.72615,0.2671773187159846,198.409064069979,182.18393593002102,53.443811477260134
2020-12-09,AAPL,188.03,191.84,187.63,189.74,74976673,189.74,-0.00690882445305141,190.4965,188.88819999999998,187.86295,0.2568169915009227,198.32845955852403,182.66454044147596,45.86255257665988
2020-12-10,AAPL,186.36,191.52,184.72,188.12,84711057,188.12,-0.008537999367555615,190.702,188.84560000000002,187.9757,0.2564104444666871,198.0158875831522,183.3881124168478,43.42888045949152
2020-12-11,AAPL,185.48,190.18,181.35,185.76,112378364,185.76,-0.012545183925154246,190.9345,188.8132,188.08365,0.25382632323144594,197.18248569646238,184.68651430353765,43.487679376961076
2020-12-14,AAPL,184.41,190.13,181.79,185.96,105548405,185.96,0.0010766580534022907,190.9415,188.81459999999998,188.18555,0.23659980466969968,197.1656271634992,184.71737283650077,36.09920390369296
2020-12-15,AAPL,184.11,187.45,179.98,183.72,100993399,183.72,-0.012045601204560219,190.7095,188.8362,188.27849999999998,0.2347010622650093,197.6441315501894,183.77486844981058,30.496240588663255
2020-12-16,AAPL,185.93,188.36,180.69,184.53,58093305,184.53,0.004408883082952286,190.51600000000002,188.7634,188.3779,0.23549386923536209,197.92192764011148,183.11007235988856,35.220328063908525
2020-12-17,AAPL,185.86,187.82,181.07,184.45,37293751,184.45,-0.0004335338427357005,190.10399999999998,188.68580000000003,188.46295,0.21829195786966438,197.90686155337212,182.30113844662785,35.69100389505627
2020-12-18,AAPL,184.44,185.73,181.98,183.85,68361208,183.85,-0.0032529140688533076,189.64749999999998,188.6342,188.5343,0.21790470444109933,197.8022580557248,181.49274194427517,37.994448281335096
2020-12-21,AAPL,180.38,185.63,177.23,181.43,119423901,181.43,-0.013162904541745957,189.1905,188.521,188.58285,0.21833446992161737,198.1156235580442,180.26537644195577,39.97809417452748
2020-12-22,AAPL,181.23,183.24,176.61,179.92,139687592,179.92,-0.008322769112054318,188.4345,188.3826,188.60655,0.19654046338093897,197.82284097782085,179.04615902217918,31.54080852625586
2020-12-23,AAPL,183.44,184.99,179.09,182.04,106297979,182.04,0.011783014673188097,187.702,188.29780000000002,188.64030000000002,0.19965372409238033,196.65420901877462,178.74979098122537,21.168203763884335
2020-12-24,AAPL,182.36,184.8,182.15,183.47,94989177,183.47,0.007855416392001713,187.1895,188.20579999999998,188.67190000000002,0.19903007124310534,195.86026266906194,178.51873733093808,30.9252844911948
2020-12-25,AAPL,181.72,183.38,178.34,180.86,93119395,180.86,-0.0142257589796696,186.571,188.0174,188.69425000000004,0.20322988451315224,195.1921390137717,177.9498609862283,21.58069094642083
2020-12-28,AAPL,180.42,183.77,178.62,181.19,64044562,181.19,0.0018246157248700268,186.092,187.8644,188.71364999999997,0.20075238929109498,194.79498097750286,177.38901902249717,24.885496165476013
2020-12-29,AAPL,184.42,187.39,179.22,183.31,75944477,183.31,0.011700424968265288,185.9115,187.785,188.7451,0.19532805271160164,194.69157618957695,177.13142381042303,34.27872858288988
2020-12-30,AAPL,180.61,181.68,175.99,178.84,155968559,178.84,-0.024384921717309438,185.3735,187.6304,188.75259999999997,0.20344844877040785,194.5132161651217,176.23378383487832,30.085836891793946
2020-12-31,AAPL,178.66,182.63,178.09,180.36,54872012,180.36,0.008499217177365237,184.63299999999998,187.6316,188.75945,0.1704147731934043,192.77626224556465,176.4897377544353,37.97862864952364
2021-01-01,AAPL,180.06,183.02,174.25,178.64,152618012,178.64,-0.009536482590374984,184.00600000000003,187.6782,188.76829999999998,0.16046403588459718,191.95552074027353,176.05647925972653,34.73728104727596
2021-01-04,AAPL,180.67,181.53,178.93,180.23,70331190,180.23,0.008900582176444294,183.374,187.68240000000003,188.7566,0.1605253112208367,190.30030196767416,176.44769803232583,42.520360025920056
2021-01-05,AAPL,179.93,180.64,175.84,178.24,135938078,178.24,-0.011041447039893404,182.733,187.55560000000003,188.74830000000003,0.16145856160789143,189.0064296839957,176.45957031600432,37.16850263074833
2021-01-06,AAPL,173.42,174.55,172.52,173.54,45572325,173.54,-0.026368940754039616,181.923,187.34740000000002,188.73245000000003,0.18067288197324768,188.55992731695656,175.28607268304344,31.273601083493645
2021-01-07,AAPL,170.59,172.76,166.06,169.41,101128128,169.41,-0.02379854788521374,180.9875,187.0234,188.68015,0.1930180647756114,189.06477123020846,172.91022876979156,27.893447630419246
2021-01-08,AAPL,168.11,173.55,165.63,169.59,59579918,169.59,0.0010625110678237348,180.179,186.68420000000003,188.6177,0.19214836370365715,189.40087080004207,170.95712919995793,30.53911898660266
2021-01-11,AAPL,169.75,172.11,168.5,170.31,45418511,170.31,0.004245533345126562,179.3965,186.1818,188.55,0.1936853812164899,189.19107266470812,169.6019273352919,33.78332769244126
2021-01-12,AAPL,166.62,171.8,164.35,168.07,87307838,168.07,-0.013152486642005856,178.614,185.567,188.4621,0.19431020684455214,189.40420686597633,167.82379313402367,26.521008390880894
2021-01-13,AAPL,171.36,171.59,167.91,169.75,119799001,169.75,0.009995835068721481,177.875,184.99220000000003,188.38244999999998,0.1986222508478088,188.9791452667596,166.7708547332404,27.133333320671127
2021-01-14,AAPL,166.67,169.47,161.78,165.62,57056959,165.62,-0.02432989690721643,176.9335,184.39,188.29425,0.21054133744074516,188.85350225185576,165.01349774814426,25.824873084976275
2021-01-15,AAPL,166.68,168.84,162.19,165.52,43922215,165.52,-0.0006037918125829655,176.017,183.87759999999997,188.2042,0.21108982010224994,188.5031288931709,163.5308711068291,24.960051123380026
2021-01-18,AAPL,164.02,166.02,159.16,162.59,77114299,162.59,-0.01770178830352831,175.075,183.2936,188.10845,0.21396933714226143,188.63793478565884,161.51206521434113,17.725856690088477
2021-01-19,AAPL,159.73,161.93,159.73,161.06,77250431,161.06,-0.009410172827357122,174.132,182.72099999999998,187.99134999999998,0.21420238130289912,188.84997268648215,159.41402731351786,19.513031540700254
2021-01-20,AAPL,160.86,165.14,157.32,161.23,99619157,161.23,0.0010555072643734231,173.0915,182.23080000000002,187.8768,0.20599336101270924,188.38657148002196,157.79642851997804,15.605897151438953
2021-01-21,AAPL,157.85,162.33,156.11,159.22,116963797,159.22,-0.012466662531786854,171.879,181.735,187.76324999999997,0.20045857603936684,187.55004859958515,156.20795140041483,15.44483984995631
2021-01-22,AAPL,157.44,160.11,156.6,158.36,78121129,158.36,-0.005401331491018624,170.754,181.28,187.64945,0.1986713991989978,186.93264661570376,154.57535338429622,10.04749725463411
2021-01-25,AAPL,159.95,164.29,157.35,160.82,168044354,160.82,0.015534225814599623,169.7355,180.78,187.54205,0.21185490431378445,185.71135872825923,153.75964127174078,18.714080450359248
2021-01-26,AAPL,159.39,161.18,157.79,159.49,87507152,159.49,-0.008270115657256438,168.5445,180.2026,187.43535,0.20150694564541285,183.7944656255016,153.2945343744984,21.29137718438578
2021-01-27,AAPL,160.81,165.18,157.93,161.55,69648142,161.55,0.012916170292808449,167.68,179.66559999999998,187.34974999999997,0.20197718644121798,182.42445765631885,152.93554234368116,32.455357122572536
2021-01-28,AAPL,157.62,160.04,157.62,158.89,41988664,158.89,-0.016465490560198193,166.6065,178.9896,187.24724999999998,0.19927951745095052,180.5694513921298,152.64354860787023,28.496784549881156
2021-01-29,AAPL,159.15,163.27,157.16,160.21,72021366,160.21,0.008307634212348258,165.685,178.33419999999998,187.14774999999997,0.2053407938734906,178.70487064371144,152.66512935628856,30.180533735379612
2021-02-01,AAPL,162.62,166.36,161.18,163.77,69928399,163.77,0.02222083515386064,164.862,177.7982,187.07255,0.22234113580891146,175.9479752081547,153.7760247918453,41.97761191836994
2021-02-02,AAPL,159.36,159.36,156.77,157.86,117465955,157.86,-0.03608719545704342,163.84300000000002,177.05460000000002,186.9738,0.24811970201613617,173.3913194443084,154.29468055569163,30.84112148141233
2021-02-03,AAPL,156.85,157.58,154.51,156.04,96256844,156.04,-0.011529203091346862,162.96800000000002,176.2416,186.86255,0.23726525081759636,171.96626790350174,153.9697320964983,33.321727003255404
2021-02-04,AAPL,158.92,158.92,156.62,157.45,49912875,157.45,0.009036144578313143,162.37,175.5162,186.77724999999998,0.231678123085429,171.15274384652744,153.58725615347257,36.56343654639064
2021-02-05,AAPL,156.84,159.28,154.77,157.03,85706476,157.03,-0.002667513496347973,161.74200000000002,174.79219999999998,186.70774999999998,0.2310702528806926,170.1387201616891,153.34527983831094,39.898255793656396
2021-02-08,AAPL,157.25,159.7,156.21,157.96,104651847,157.96,0.00592243520346436,161.1245,174.136,186.6518,0.23191387912435685,168.6382081041065,153.61079189589353,44.242199085460975
2021-02-09,AAPL,157.52,159.24,153.93,156.58,147413148,156.58,-0.008736388959230124,160.55,173.52920000000003,186.59134999999998,0.23003736854685575,167.56842087502446,153.53157912497556,41.734802680970986
2021-02-10,AAPL,156.29,158.56,155.12,156.84,114094633,156.84,0.0016604930387023042,159.9045,172.87400000000002,186.52800000000002,0.22543998845473082,165.6126160132818,154.19638398671822,45.489006799209776
2021-02-11,AAPL,155.9,158.25,154.81,156.53,108458248,156.53,-0.0019765365978067218,159.45,172.10120000000003,186.44385000000003,0.21207531741863578,164.66851360164537,154.2314863983546,46.45760740803689
2021-02-12,AAPL,158.49,162.51,156.18,159.35,81946044,159.35,0.018015715837219615,159.1415,171.4646,186.36225,0.22449027411680988,163.50927324937163,154.77372675062838,47.19358531268766
2021-02-15,AAPL,158.82,160.96,158.82,160.01,93442982,160.01,0.004141826168810869,159.0125,170.80739999999997,186.28575,0.21724447257057833,163.09448029857154,154.93051970142844,51.01880874944106
2021-02-16,AAPL,160.09,164.59,157.17,160.88,131871583,160.88,0.005437160177488964,159.0035,170.2038,186.21355,0.21574572773977693,163.06722541032954,154.93977458967046,48.62309902668622
2021-02-17,AAPL,159.48,163.47,156.41,159.94,46942135,159.94,-0.005842864246643487,158.93900000000002,169.6078,186.14945,0.21669933667050095,162.89340806669298,154.98459193330706,52.32198139175112
2021-02-18,AAPL,159.38,161.74,155.91,158.83,69564258,158.83,-0.006940102538451787,158.91950000000003,169.02199999999996,186.07975,0.2134517651454695,162.87191951215098,154.96708048784907,46.91964282781809
2021-02-19,AAPL,156.47,160.52,155.19,157.85,58732846,157.85,-0.006170118995152185,158.894,168.46380000000002,186.0086,0.21372532520727036,162.86813956262102,154.919860437379,35.065590288046465
2021-02-22,AAPL,157.92,162.47,155.22,158.84,93101275,158.84,0.006271777003484358,158.79500000000002,167.9214,185.93794999999997,0.20718211234205916,162.6643913570116,154.92560864298844,53.288590553956986
2021-02-23,AAPL,158.87,159.27,156.52,157.9,130858358,157.9,-0.0059179048098715326,158.7155,167.405,185.87295000000003,0.2061836038345042,162.59010001331615,154.84089998668384,56.63338082789825
2021-02-24,AAPL,157.52,159.68,157.52,158.64,63006438,158.64,0.004686510449651626,158.57,166.8872,185.80470000000003,0.20113102269889377,162.20773787430278,154.9322621256972,54.45692878184292
2021-02-25,AAPL,163.2,165.31,162.11,163.71,30750457,163.71,0.031959152798789914,158.811,166.47240000000002,185.74145000000001,0.2234231388864959,163.1155381193671,154.5064618806329,68.55555550223458
2021-02-26,AAPL,167.13,169.39,162.45,165.92,67839073,165.92,0.01349948078920038,159.0965,166.1138,185.69039999999998,0.22623604451475474,164.4269182713367,153.7660817286633,70.64315347567404
2021-03-01,AAPL,164.03,166.11,164.03,165.17,115286014,165.17,-0.004520250723240138,159.16649999999998,165.7886,185.62995000000004,0.21387461378039835,164.78435227738836,153.5486477226116,73.02949056180088
2021-03-02,AAPL,166.82,171.03,165.42,168.23,99194105,168.23,0.01852636677362729,159.685,165.5548,185.5753,0.17407558633489498,166.56708199832073,152.80291800167927,76.55011650015375
2021-03-03,AAPL,167.2,171.42,163.09,167.26,94945318,167.26,-0.0057659157106342285,160.246,165.25920000000002,185.52085,0.16870832115414588,167.68380782644923,152.8081921735508,74.26503839711847
2021-03-04,AAPL,161.63,165.86,158.69,162.27,71523732,162.27,-0.029833791701542434,160.48700000000002,164.83520000000001,185.43814999999998,0.20450729347110624,167.85538224050143,153.11861775949862,56.013179539366405
2021-03-05,AAPL,160.1,162.36,157.43,159.89,47962254,159.89,-0.014666913169409157,160.63,164.41580000000002,185.34309999999996,0.21211273959232319,167.8248607389346,153.4351392610654,49.769230742431944
2021-03-08,AAPL,156.47,156.5,154.55,155.52,98311829,155.52,-0.027331290262055052,160.50799999999998,163.90240000000003,185.22459999999998,0.23360635431056612,167.97123085110417,153.0447691488958,40.915254217870746
2021-03-09,AAPL,153.63,158.1,151.41,154.76,57300761,154.76,-0.004886831275720316,160.417,163.3314,185.11230000000003,0.2322401393958025,168.12234769870417,152.71165230129583,41.166439270930056
2021-03-10,AAPL,155.1,157.48,152.22,154.85,191648952,154.85,0.0005815456190230162,160.3175,162.8516,184.99985,0.23213963695213077,168.26492427655717,152.37007572344282,42.968197858602274
2021-03-11,AAPL,158.86,160.01,157.69,158.85,100507215,158.85,0.02583144979011953,160.4335,162.4214,184.90044999999998,0.25014009540749366,168.21413256798095,152.65286743201906,51.596423987153585
2021-03-12,AAPL,158.55,160.78,158.55,159.68,63419241,159.68,0.005225055083412089,160.45,162.0422,184.7852,0.2425047874666597,168.22235316260407,152.6776468373959,51.347881876801345
2021-03-15,AAPL,159.61,162.9,155.52,159.21,62644289,159.21,-0.0029433867735471075,160.41,161.6218,184.65404999999998,0.24228685909926667,168.20010168165715,152.61989831834285,52.13424565885046
2021-03-16,AAPL,160.53,164.22,158.29,161.26,77080393,161.26,0.012876075623390326,160.429,161.2822,184.50240000000002,0.24596891495901704,168.22577909207112,152.63222090792888,54.09374997633399
2021-03-17,AAPL,156.01,159.42,152.68,156.05,72691602,156.05,-0.032308073917896474,160.23449999999997,160.9324,184.33535,0.2712756426931532,168.27297714040867,152.19602285959127,38.08338517320573
2021-03-18,AAPL,155.35,160.19,153.12,156.66,125055813,156.66,0.00390900352451129,160.126,160.6774,184.15855,0.270906518822449,168.3017057316514,151.9502942683486,34.83955466641278
2021-03-19,AAPL,158.4,161.14,155.93,158.53,86193356,158.53,0.011936678156517333,160.16,160.4562,183.98815,0.2735350463584983,168.30143657309418,152.0185634269058,39.513581789223316
2021-03-22,AAPL,154.51,157.49,152.73,155.11,59702502,155.11,-0.021573203810004382,159.9735,160.1522,183.76815,0.2832340484144565,168.40787396672437,151.53912603327564,29.512804484285468
2021-03-23,AAPL,158.86,159.99,155.7,157.84,170409252,157.84,0.017600412610405458,159.97050000000002,159.9476,183.57344999999998,0.29007759898248553,168.40802139958487,151.53297860041516,36.05683835095334
2021-03-24,AAPL,157.29,160.5,156.9,158.7,81593529,158.7,0.005448555499239616,159.9735,159.7266,183.39505,0.29024857037188956,168.40907198634883,151.53792801365117,43.979763891544074
2021-03-25,AAPL,157.51,159.93,155.61,157.77,108805567,157.77,-0.005860113421549906,159.67649999999998,159.5696,183.22035,0.2652982158637005,167.9753198907422,151.37768010925774,46.24113472881648
2021-03-26,AAPL,159.19,162.59,156.06,159.33,62723490,159.33,0.009887811370983046,159.347,159.4458,183.08335,0.26284996124955173,167.1079253382116,151.58607466178842,57.5029538871587
2021-03-29,AAPL,165.65,167.71,162.09,164.9,92505942,164.9,0.034958890353354644,159.33350000000002,159.49200000000002,182.98125,0.2932192006107319,167.05260350671634,151.6143964932837,66.78807943923739
2021-03-30,AAPL,165.66,169.19,161.63,165.41,90601487,165.41,0.003092783505154628,159.1925,159.579,182.89184999999998,0.285354418938993,166.3066841267643,152.07831587323568,67.24363158257972
2021-03-31,AAPL,166.64,168.39,163.78,166.08,37568536,166.08,0.004050541079741343,159.1335,159.67600000000002,182.80345,0.2851663594855223,165.9805301668165,152.2864698331835,63.24661044758335
2021-04-01,AAPL,165.91,167.83,162.17,165.0,179134456,165.0,-0.006502890173410436,159.27,159.7916,182.7046,0.26427017528407787,166.47955798338714,152.06044201661288,59.65867825580171
2021-04-02,AAPL,164.14,165.84,160.09,162.96,134059592,162.96,-0.012363636363636354,159.42350000000002,159.8836,182.56885,0.26258411961275313,166.81701999353277,152.02998000646727,56.4410855104715
2021-04-05,AAPL,164.45,167.84,162.28,165.06,68248025,165.06,0.012886597938144284,159.90050000000002,159.9684,182.42965,0.24293825827861643,167.4626898109525,152.33831018904755,56.51577500715981
2021-04-06,AAPL,163.13,166.12,159.9,163.01,51476157,163.01,-0.012419726160184275,160.313,160.0388,182.2882,0.24764567497987594,167.58917626591483,153.03682373408515,63.3846153504852
2021-04-07,AAPL,164.35,164.83,161.65,163.24,91932193,163.24,0.0014109563830440042,160.73250000000002,160.0726,182.16035,0.24756836180537423,167.64063974503068,153.82436025496935,62.841530020305214
2021-04-08,AAPL,163.72,164.6,159.66,162.13,82822992,162.13,-0.006799803969615326,160.8965,160.13739999999999,182.01965,0.2339525140787283,167.7721267465537,154.0208732534463,57.24054703132068
2021-04-09,AAPL,164.63,164.63,162.2,163.35,92230807,163.35,0.007524825757108555,161.08,160.2002,181.9034,0.2346284358749497,168.01456635459968,154.14543364540035,68.18181813969346
2021-04-12,AAPL,163.81,166.31,162.14,164.23,86371485,164.23,0.005387205387205274,161.33100000000002,160.20940000000002,181.76525,0.2345215278604322,168.34353884500194,154.3184611549981,65.35319553508191
2021-04-13,AAPL,165.84,169.32,164.4,166.86,97956453,166.86,0.01601412652986678,161.611,160.3894,181.6228,0.23676633642720077,169.04607165576397,154.175928344236,68.06908764601565
2021-04-14,AAPL,165.61,168.63,162.66,165.64,142729169,165.64,-0.007311518638379644,162.09050000000002,160.5814,181.48075,0.20323851036113436,169.24725749866974,154.9337425013303,67.20594661386593
2021-04-15,AAPL,165.83,168.99,161.07,165.03,100410613,165.03,-0.0036826853417047944,162.509,160.733,181.35995,0.20460177316133815,169.2981334227283,155.71986657727166,63.001824777279786
2021-04-16,AAPL,162.66,165.45,159.91,162.68,52570989,162.68,-0.014239835181482086,162.7165,160.846,181.20765,0.2099308979822882,169.242145844224,156.19085415577598,44.06417109000546
2021-04-19,AAPL,161.6,164.87,158.44,161.66,137972139,161.66,-0.00626997787066641,163.044,160.92,181.0516,0.1941803764261914,168.53823583116417,157.54976416883585,40.23945858597858
2021-04-20,AAPL,163.73,165.09,160.17,162.63,154203392,162.63,0.006000247432883743,163.2835,161.041,180.882,0.18613005511744068,168.21095381030187,158.35604618969813,41.15838028825129
2021-04-21,AAPL,164.08,167.45,161.63,164.54,282265841,164.54,0.01174445059337148,163.5755,161.195,180.74485,0.1891907830190703,168.0286265184699,159.1223734815301,48.86922317186974
2021-04-22,AAPL,163.5,163.5,161.29,162.33,51040989,162.33,-0.013431384465783291,163.8035,161.311,180.6049,0.1951128483439384,167.38714280997695,160.21985719002308,48.46416378944427
2021-04-23,AAPL,164.21,166.18,162.86,164.52,88162300,164.52,0.01349103677693586,164.06300000000002,161.4144,180.47549999999998,0.19757181731242507,166.9705661733926,161.15543382660744,48.68932035525971
2021-04-26,AAPL,167.38,170.01,165.9,167.96,34785031,167.96,0.020909311937758357,164.216,161.5734,180.3623,0.17064036993871276,167.59313924405097,160.83886075594904,61.25511592280258
2021-04-27,AAPL,168.9,171.5,166.62,169.06,99811788,169.06,0.006549178375803821,164.3985,161.737,180.26069999999999,0.17164753621589693,168.38655202415828,160.41044797584175,62.72965875423378
2021-04-28,AAPL,174.86,174.97,172.92,173.95,64247737,173.95,0.02892464213888557,164.79199999999997,162.0172,180.17435,0.19792508152864707,170.61126962319085,158.9727303768091,72.18468464674979
2021-04-29,AAPL,170.71,173.34,170.65,172.0,172673918,172.0,-0.011210117849956847,165.142,162.2806,180.09315000000004,0.20140525024285513,171.79609284418018,158.4879071558198,65.80197292944001
2021-04-30,AAPL,167.85,170.65,167.09,168.87,58684793,168.87,-0.018197674418604648,165.4375,162.501,179.99794999999997,0.20794199979558778,172.2074953354583,158.6675046645417,57.832545549977894
2021-05-03,AAPL,165.97,168.5,160.46,164.48,40705101,164.48,-0.025996328536744273,165.4085,162.6138,179.8788,0.2256560303264744,172.19026277348388,158.62673722651613,46.20777563266698
2021-05-04,AAPL,167.18,170.23,166.31,168.27,66255676,168.27,0.02304231517509736,165.6715,162.82119999999998,179.771,0.23485803888577753,172.46957178544193,158.8734282145581,53.873343129477895
2021-05-05,AAPL,170.22,172.48,167.5,169.99,36300500,169.99,0.010221667558091063,166.009,163.0482,179.6613,0.2367921307720268,172.96713919468792,159.05086080531206,57.073588111835996
2021-05-06,AAPL,170.17,171.42,168.39,169.9,108036206,169.9,-0.0005294429084063967,166.3975,163.172,179.56685,0.2346913776856267,173.31124184619367,159.48375815380635,61.00609753493643
2021-05-07,AAPL,170.64,173.61,167.74,170.68,35022594,170.68,0.004590935844614563,166.76399999999998,163.2672,179.4975,0.23407972318786818,173.77399707185296,159.754002928147,63.851351323896864
2021-05-10,AAPL,168.36,169.66,166.09,167.88,80915845,167.88,-0.016404968361846795,166.9465,163.32139999999998,179.39595,0.24288394606181216,173.86821951560088,160.0247804843991,57.63303283492694
2021-05-11,AAPL,173.27,175.8,172.62,174.21,34844730,174.21,0.037705503931379614,167.31400000000002,163.44099999999997,179.32104999999999,0.27099610634905874,174.95906417996656,159.66893582003348,62.45812932557554
2021-05-12,AAPL,174.79,177.28,171.93,174.6,70379886,174.6,0.0022386774582399127,167.762,163.58780000000002,179.25834999999998,0.2686156856183059,176.0195989883651,159.5044010116349,66.58556364065427
2021-05-13,AAPL,174.5,175.84,174.06,174.95,154373948,174.95,0.002004581901489111,168.25799999999998,163.8414,179.17504999999997,0.26755942895663276,177.00203158852185,159.51396841147812,64.83641533690724
2021-05-14,AAPL,177.5,177.84,176.01,176.92,92414675,176.92,0.011260360102886446,168.96999999999997,164.18200000000002,179.09960000000004,0.2609237342448809,178.11161335524838,159.82838664475156,63.30166268152541
2021-05-17,AAPL,176.99,179.94,176.59,178.27,56635114,178.27,0.007630567488130291,169.8005,164.637,179.01345,0.2580823638473705,179.1612522752131,160.4397477247869,63.572060097553525
2021-05-18,AAPL,179.18,179.95,177.9,178.93,79007693,178.93,0.003702249396982049,170.6155,165.12040000000002,178.92925,0.25809635553914106,180.18364556085422,161.04735443914578,58.3838383563174
2021-05-19,AAPL,175.76,178.14,175.61,176.88,80578622,176.88,-0.011456994355334538,171.2325,165.56100000000004,178.80375,0.263042857356866,180.74236385424757,161.7226361457524,58.18791943575062
2021-05-20,AAPL,177.4,180.29,176.09,178.19,96648315,178.19,0.007406151062867572,172.0255,165.9478,178.6575,0.25527316955481494,181.04190020360596,163.00909979639403,66.65475336193109
2021-05-21,AAPL,182.32,187.22,179.5,183.36,46306543,183.36,0.02901397384813964,172.9675,166.4214,178.5406,0.2679209208679557,182.5979842202142,163.33701577978582,82.82336574549623
2021-05-24,AAPL,185.97,190.23,184.08,187.16,101398017,187.16,0.020724258289703146,173.92749999999998,166.9804,178.4272,0.26778116992469847,185.15213995437114,162.70286004562882,82.82933607370134
2021-05-25,AAPL,193.0,194.67,188.82,191.75,27119959,191.75,0.024524471040820783,175.06199999999998,167.5902,178.32615,0.27613248268288804,188.56967205000646,161.5543279499935,84.38685204862776
2021-05-26,AAPL,189.53,192.42,188.28,190.35,62182450,190.35,-0.0073011734028683994,175.882,168.2762,178.19575,0.26682744719958124,191.0005499165411,160.7634500834589,81.03186642991052
2021-05-27,AAPL,189.21,192.04,183.17,187.61,65806399,187.61,-0.01439453638035193,176.6625,168.89520000000002,178.06685000000002,0.2695630623236403,192.53039260706882,160.79460739293117,74.2480664268269
2021-05-28,AAPL,189.08,189.74,184.89,187.32,103064743,187.32,-0.0015457598209052126,177.58499999999998,169.47100000000003,177.92510000000001,0.2571710121795049,193.6888844611117,161.48111553888825,79.99999996543207
2021-05-31,AAPL,187.8,188.8,186.27,187.54,80727474,187.54,0.0011744608157164826,178.738,170.1196,177.76685,0.22992743724552972,194.17966966701638,163.29633033298362,75.3518447677852
2021-06-01,AAPL,189.34,194.01,187.4,190.7,45595152,190.7,0.016849738722405805,179.85949999999997,170.7768,177.65255000000002,0.22508241871919163,195.35802077831224,164.3609792216877,77.70130760193325
2021-06-02,AAPL,185.52,187.34,184.63,185.99,53948472,185.99,-0.024698479286837882,180.6595,171.3226,177.53314999999998,0.2499192196136529,195.65666250354982,165.6623374964502,66.51705562743155
2021-06-03,AAPL,191.5,192.63,188.1,190.37,86617219,190.37,0.023549653207161736,181.683,171.97460000000004,177.46689999999998,0.25782360233887136,196.37937706876602,166.98662293123397,68.76918780455574
2021-06-04,AAPL,189.48,192.86,187.1,189.98,77509437,189.98,-0.0020486421179808367,182.648,172.5876,177.40245,0.2593192333411558,196.82783237967823,168.46816762032176,66.79093774203974
2021-06-07,AAPL,187.27,193.08,184.59,188.83,63457918,188.83,-0.006053268765133013,183.69549999999998,173.06619999999998,177.32094999999998,0.25016518041714136,196.28830910093575,171.1026908990642,63.99886875294164
2021-06-08,AAPL,186.26,188.82,183.28,186.05,66002532,186.05,-0.014722236932690813,184.2875,173.47899999999998,177.2018,0.23052633992249788,196.09123870298723,172.48376129701276,62.704350211198125
2021-06-09,AAPL,182.8,185.01,178.09,181.55,105688261,181.55,-0.024187046492878284,184.63500000000002,173.7884,177.05864999999997,0.25050009334605655,195.61862704928893,173.6513729507111,54.276985724035725
2021-06-10,AAPL,184.95,188.44,179.3,183.87,65036562,183.87,0.012778848801982878,185.081,174.1658,176.90075000000002,0.25336496801592107,195.08992212504614,175.07207787495383,50.69997253061213
2021-06-11,AAPL,182.93,185.54,182.73,184.13,77230166,184.13,0.0014140425300483983,185.44150000000002,174.5892,176.76585,0.2513087846319343,194.7043432033853,176.17865679661475,45.39373667876216
2021-06-14,AAPL,181.29,182.56,178.77,180.66,190566510,180.66,-0.018845380980828774,185.561,174.90120000000002,176.6399,0.26099211263969274,194.48993557633213,176.63206442366788,32.54642743293512
2021-06-15,AAPL,176.26,179.53,174.96,177.25,45265881,177.25,-0.018875235248533184,185.477,175.18600000000004,176.49740000000003,0.2698110981463815,194.69551021186666,176.25848978813335,30.609828288083534
2021-06-16,AAPL,175.42,178.79,174.05,176.42,38140989,176.42,-0.004682651622002876,185.454,175.44960000000003,176.34445,0.26716586377200424,194.764658069341,176.143341930659,32.444304974765544
2021-06-17,AAPL,182.3,183.34,178.56,180.95,109449417,180.95,0.025677360843441743,185.592,175.826,176.2143,0.28137431013956093,194.52342435743626,176.66057564256377,41.17972859106849
2021-06-18,AAPL,179.41,184.48,176.13,180.31,60981431,180.31,-0.0035368886432715074,185.4395,176.1652,176.11225000000002,0.26127001221208046,194.63173579698338,176.24726420301664,40.10402407441948
2021-06-21,AAPL,175.51,179.75,172.95,176.35,70437910,176.35,-0.021962176252010468,184.899,176.40759999999997,175.9914,0.25874825243347155,194.9008711933516,174.8971288066484,30.77953387541082
2021-06-22,AAPL,174.0,178.77,172.74,175.76,58531442,175.76,-0.0033456195066629,184.0995,176.58559999999997,175.88665,0.2377060497063164,194.34880185042036,173.85019814957965,34.59801263220797
2021-06-23,AAPL,176.4,177.06,173.14,175.1,72103787,175.1,-0.0037551206190259423,183.337,176.7748,175.76835,0.23743303816446212,193.89284667126933,172.78115332873065,24.109867740334366
2021-06-24,AAPL,169.2,171.83,164.6,168.21,151629778,168.21,-0.03934894346087947,182.36700000000002,176.83839999999998,175.6098,0.2665734141338874,194.68748033923416,170.04651966076588,19.755487627769455
2021-06-25,AAPL,168.56,172.19,164.08,168.13,110264058,168.13,-0.0004755959812140498,181.4075,176.94740000000002,175.46449999999996,0.2668007133360991,195.02459278037927,167.79040721962073,20.36082473410501
2021-06-28,AAPL,168.45,171.2,164.02,167.61,112946701,167.61,-0.0030928448224587513,180.411,177.06640000000004,175.32385,0.265865220279775,195.0193824530549,165.8026175469451,21.7697489190209
2021-06-29,AAPL,168.25,170.28,168.25,169.43,45401076,169.43,0.010858540659865135,179.34750000000003,177.20239999999998,175.20739999999998,0.2599802840840598,193.89883327224652,164.79616672775353,29.786524335656694
2021-06-30,AAPL,174.1,177.34,171.16,174.25,50479390,174.25,0.028448326742607444,178.7605,177.3966,175.11565,0.27656993139914815,193.12962988612045,164.39137011387956,35.19088668433888
2021-07-01,AAPL,176.75,178.35,176.21,177.28,25697537,177.28,0.01738880918220942,178.106,177.6956,175.02480000000003,0.269466681315048,191.40091774682068,164.8110822531793,40.283687927263216
2021-07-02,AAPL,175.19,178.42,174.83,176.62,57874351,176.62,-0.0037229241877255737,177.43800000000002,177.93760000000003,174.94465,0.26941934517388716,189.50690148927762,165.3690985107224,43.77311958653442
2021-07-05,AAPL,173.73,174.85,172.7,173.78,117296850,173.78,-0.016079719171101847,176.6855,178.05399999999997,174.8427,0.273005504466275,187.58364561724747,165.7873543827525,44.556008766119106
2021-07-06,AAPL,182.2,183.76,177.59,180.68,98376823,180.68,0.03970537461157786,176.417,178.2864,174.78259999999997,0.31045486090784824,186.5837758176479,166.2502241823521,55.61412754932534
2021-07-07,AAPL,179.23,184.29,177.51,180.9,73216538,180.9,0.0012176223156963317,176.38449999999997,178.42539999999997,174.73465,0.29846047086404065,186.48613400018422,166.28286599981573,49.92566159087248
2021-07-08,AAPL,180.24,182.32,179.68,181.0,79289564,181.0,0.0005527915975676034,176.24099999999999,178.60539999999997,174.6884,0.2946420229711936,185.96955352476436,166.5124464752356,51.04261103914788
2021-07-09,AAPL,179.93,183.29,178.7,180.99,60732101,180.99,-5.5248618784475845e-05,176.084,178.84779999999998,174.65645,0.29455343971149045,185.3676730480534,166.8003269519466,57.96156483145296
2021-07-12,AAPL,180.64,184.16,179.03,181.59,86828090,181.59,0.0033151002817835007,176.1305,179.19,174.63495,0.2868463803585831,185.51939932453806,166.74160067546197,59.99999997118357
2021-07-13,AAPL,182.74,183.5,179.02,181.26,108676757,181.26,-0.0018172806872626124,176.331,179.44979999999998,174.62805,0.2778851235561584,185.98799942501455,166.67400057498543,60.687022871283204
2021-07-14,AAPL,179.65,181.1,178.43,179.77,41916180,179.77,-0.008220236124903302,176.49849999999998,179.6454,174.58605,0.279170010571525,186.2774403688148,166.71955963118515,74.67976084348781
2021-07-15,AAPL,178.24,180.75,175.97,178.36,90187037,178.36,-0.007843355398564844,176.369,179.81460000000004,174.53619999999998,0.2650074683575702,185.9666464220193,166.7713535779807,70.66666662669368
2021-07-16,AAPL,179.26,181.9,174.76,178.33,116163720,178.33,-0.00016819914779098166,176.27,179.96760000000003,174.4957,0.2647800528565806,185.73643266328008,166.80356733671994,72.09398182154514
2021-07-19,AAPL,175.72,178.08,175.72,176.94,67760980,176.94,-0.007794538215667668,176.29950000000002,180.14879999999997,174.44494999999998,0.2540506015710485,185.7706583796612,166.82834162033885,65.75744855557681
2021-07-20,AAPL,175.08,176.28,173.96,175.12,105880053,175.12,-0.010285972646094654,176.26749999999998,180.167,174.38635,0.25654951134894327,185.75065043143667,166.7843495685633,52.08833409845241
2021-07-21,AAPL,175.21,177.58,173.34,175.46,246629796,175.46,0.0019415258108725908,176.2855,180.18420000000003,174.33225,0.2562576238991774,185.76068304225336,166.81031695774666,44.98346192779669
2021-07-22,AAPL,175.19,179.02,170.68,174.85,76729750,174.85,-0.003476575857745412,176.6175,180.18219999999997,174.26614999999998,0.2102946281796967,185.33642285718068,167.89857714281933,45.10779432661638
2021-07-23,AAPL,180.69,182.19,175.61,178.9,93629869,178.9,0.02316271089505295,177.156,180.2218,174.20925,0.2229341459598124,184.94892094417094,169.36307905582908,63.264248658772054
2021-07-26,AAPL,172.91,175.18,168.79,171.98,59549255,171.98,-0.03868082727780897,177.3745,180.09600000000003,174.12495,0.2675812954846067,184.22901361090615,170.51998638909387,27.48447202977313
2021-07-27,AAPL,174.52,177.02,172.74,174.88,86015464,174.88,0.01686242586347264,177.647,180.015,174.06294999999997,0.2712135000755439,183.53718845199296,171.75681154800702,36.31818179507024
2021-07-28,AAPL,179.41,181.25,175.23,178.24,96171714,178.24,0.01921317474839901,177.8465,180.04219999999998,174.02129999999997,0.2609295726924563,183.51848201689594,172.17451798310404,44.5368170774539
2021-07-29,AAPL,171.7,173.74,171.7,172.84,86484358,172.84,-0.030296229802513452,177.6245,179.9352,173.984,0.2762867636696407,183.72147932111443,171.5275206788856,36.70473081520829
2021-07-30,AAPL,170.4,175.06,168.96,172.01,53204794,172.01,-0.004802129136773914,177.394,179.7082,173.9625,0.27644794233434594,183.9798457475497,170.80815425245032,34.488341953276034
2021-08-02,AAPL,170.1,175.1,167.13,171.11,86883778,171.11,-0.005232253938724396,177.2605,179.3872,173.91795,0.27132647464268794,184.250638843587,170.270361156413,33.863275024671424
2021-08-03,AAPL,167.06,170.49,164.71,167.6,143581814,167.6,-0.02051312021506646,176.6065,178.90420000000003,173.83305000000001,0.234243791652649,184.62191482001,168.59108517999002,31.819539873155875
2021-08-04,AAPL,165.74,169.43,161.98,165.71,95725138,165.71,-0.011276849642004705,175.847,178.4114,173.74185,0.2350004068202947,184.9537981547619,166.74020184523812,31.36966125363257
2021-08-05,AAPL,163.4,166.2,159.85,163.03,117545031,163.03,-0.016172832056001507,174.94850000000002,177.9198,173.62895,0.2379284309940417,185.36621219454727,164.53078780545277,29.09836064460721
2021-08-06,AAPL,168.8,168.8,166.18,167.42,72764037,167.42,0.02692755934490587,174.27,177.5218,173.53329999999997,0.2634378175144866,184.79798576226838,163.74201423773164,37.97979796637078
2021-08-09,AAPL,169.88,173.76,165.93,169.85,107984395,169.85,0.01451439493489426,173.683,177.16800000000003,173.4054,0.27033506248341765,183.79339506750617,163.57260493249382,43.44690374015775
2021-08-10,AAPL,173.18,174.27,172.08,173.18,89454826,173.18,0.019605534294966143,173.279,176.81759999999997,173.27724999999998,0.28222018316778924,182.7394237136667,163.8185762863333,47.3611110957626
2021-08-11,AAPL,173.55,177.87,172.37,175.12,54688986,175.12,0.01120221734611393,173.0465,176.6002,173.1604,0.2850648526300926,182.052910056469,164.04008994353103,50.30316638885596
2021-08-12,AAPL,170.64,173.59,170.64,172.24,90870465,172.24,-0.016445865692096828,172.7405,176.2376,173.04295,0.2893449383608647,181.3958019345919,164.0851980654081,42.32011068744278
2021-08-13,AAPL,171.12,171.84,170.05,170.95,53804008,170.95,-0.007489549465861667,172.37150000000003,175.857,172.942,0.2900354669534131,180.6442562389737,164.09874376102636,48.6350384129104
2021-08-16,AAPL,172.05,174.58,169.95,172.26,62107982,172.26,0.0076630593740860675,172.1375,175.52559999999997,172.84434999999996,0.291093611797849,180.12603092350489,164.1489690764951,46.37520750832172
2021-08-17,AAPL,170.34,171.04,167.35,169.19,86293817,169.19,-0.017821897132241915,171.841,175.1884,172.74185,0.2954175645843971,179.80358593277634,163.87841406722367,37.37796372319967
2021-08-18,AAPL,169.91,173.59,168.55,171.07,90100376,171.07,0.011111767834978359,171.62150000000003,174.97879999999998,172.6685,0.2986332899385169,179.40402908426142,163.83897091573863,47.26260437173903
2021-08-19,AAPL,168.89,173.33,167.69,170.51,49716339,170.51,-0.003273513766294478,171.4045,174.7116,172.60100000000003,0.2986127011273169,179.04879329630978,163.76020670369024,47.66063628611201
2021-08-20,AAPL,169.44,170.61,168.62,169.61,121951197,169.61,-0.0052782827986627145,170.94,174.4212,172.54350000000002,0.2847220603241787,177.75005139481397,164.12994860518603,47.66063628611201
2021-08-23,AAPL,170.59,172.77,170.21,171.49,100567500,171.49,0.011084252107776527,170.9155,174.2378,172.47185000000002,0.2540112227808412,177.71331226417408,164.11768773582594,56.391718672708414
2021-08-24,AAPL,171.14,175.49,169.9,172.69,60348449,172.69,0.006997492565164132,170.80599999999998,174.1466,172.39350000000002,0.2476486587194666,177.4024979544578,164.20950204554217,61.73503695816104
2021-08-25,AAPL,172.59,173.86,169.78,171.82,43249804,171.82,-0.005037929237361793,170.485,174.0546,172.31060000000002,0.2367481343476672,176.11188097205667,164.85811902794336,65.73576795845682
2021-08-26,AAPL,173.53,178.32,171.47,174.89,75494877,174.89,0.01786753579327205,170.5875,173.9334,172.2216,0.22085714957168578,176.4641509438453,164.7108490561547,64.03607662921816
2021-08-27,AAPL,172.51,175.24,169.03,172.14,66930123,172.14,-0.015724169477957628,170.594,173.77,172.1174,0.22774912943248146,176.47755925216129,164.7104407478387,54.25176380395377
2021-08-30,AAPL,173.03,177.6,169.98,173.79,83703669,173.79,0.009585221331474436,170.728,173.71880000000002,172.03350000000003,0.22918622905205627,176.78068657183323,164.6753134281668,51.207920763686666
2021-08-31,AAPL,174.26,178.71,172.1,175.4,69184715,175.4,0.00926405431843036,171.118,173.7116,171.9353,0.21634113674177327,177.32525416029773,164.91074583970226,50.56179772440349
2021-09-01,AAPL,174.23,177.03,172.28,174.65,35839258,174.65,-0.004275940706955583,171.565,173.7026,171.8251,0.2118669921676206,177.4094737730797,165.7205262269203,55.287406723386404
2021-09-02,AAPL,176.63,178.81,172.33,175.57,68490007,175.57,0.005267678213569882,172.192,173.8498,171.73434999999998,0.19984362383111867,176.72448206661815,167.65951793338186,60.30330058678655
2021-09-03,AAPL,171.99,174.17,170.55,172.36,70794335,172.36,-0.018283305803952765,172.439,173.93439999999998,171.63,0.19478299686478848,176.37579484913988,168.5022051508601,50.20559207636196
2021-09-06,AAPL,175.7,176.77,172.88,174.83,103078521,174.83,0.014330471106985376,172.68800000000002,174.07879999999997,171.5503,0.19462136868894084,176.56481692547993,168.8111830745201,61.888701481178735
2021-09-07,AAPL,173.09,178.02,170.78,174.4,60506256,174.4,-0.002459532116913632,172.749,174.17820000000003,171.48770000000002,0.182824926146988,176.69616633868733,168.80183366131266,57.47642564864531
2021-09-08,AAPL,174.04,175.51,170.69,173.1,156568952,173.1,-0.0074541284403670804,172.648,174.1552,171.4052,0.18019898919584942,176.440044858718,168.85595514128198,55.62798779753187
2021-09-09,AAPL,174.98,179.59,172.21,175.9,37239514,175.9,0.016175621028307496,172.831,174.12760000000003,171.30885,0.1791586664558649,176.88439052360428,168.7776094763957,62.6254515906561
2021-09-10,AAPL,174.73,177.85,170.38,174.11,135164645,174.11,-0.010176236498010138,172.989,174.07739999999998,171.22350000000003,0.1811127393577098,176.97953564535447,168.99846435464553,55.27800158042338
2021-09-13,AAPL,170.75,174.31,166.75,170.53,73134414,170.53,-0.020561713859054698,172.9025,174.0124,171.11180000000002,0.19451078385231968,177.0321457092847,168.77285429071532,46.029411741014286
2021-09-14,AAPL,168.08,170.54,162.76,166.65,112827554,166.65,-0.02275259485134573,172.7755,173.7318,170.98975000000002,0.20103508904956663,177.49934533371334,168.05165466628665,41.44323069909949
2021-09-15,AAPL,167.85,170.52,165.94,168.23,82594841,168.23,0.009480948094809483,172.63349999999997,173.4784,170.88219999999998,0.1998462524483733,177.72930746145434,167.5376925385456,38.4052924603874
2021-09-16,AAPL,163.65,166.96,163.21,165.08,126197589,165.08,-0.018724365452059577,172.36200000000002,173.16,170.767,0.20970500352229463,178.42163903736537,166.30236096263468,37.877747234536834
2021-09-17,AAPL,167.91,172.37,166.72,169.54,68516997,169.54,0.0270172037799854,172.3585,172.931,170.6859,0.23218548274726167,178.42490889176696,166.29209110823302,43.34481676771601
2021-09-20,AAPL,165.46,166.43,162.34,164.39,51551353,164.39,-0.030376312374660874,172.0035,172.58700000000002,170.57805,0.25192841102915814,179.03767903787266,164.96932096212734,34.47984210649226
2021-09-21,AAPL,168.76,171.55,165.81,168.68,141207204,168.68,0.026096477887949554,171.803,172.33540000000002,170.50285,0.2694779213301441,178.98189919724578,164.6241008027542,42.348115852528224
2021-09-22,AAPL,170.2,172.51,166.04,169.27,76449804,169.27,0.0034977472136590304,171.6755,172.1254,170.42655,0.2695004247492585,178.94315719146394,164.40784280853606,41.856256448138915
2021-09-23,AAPL,168.19,172.26,165.91,169.08,87413525,169.08,-0.001122467064453181,171.385,171.9398,170.34969999999998,0.2605117675248457,178.5757147730511,164.1942852269489,45.40100951666814
2021-09-24,AAPL,167.24,169.86,165.67,167.76,131095675,167.76,-0.007806955287438022,171.166,171.7284,170.26925,0.2562839198058702,178.52472815097877,163.80727184902122,39.756592275960784
2021-09-27,AAPL,167.24,170.24,167.24,168.83,52944518,168.83,0.00637815927515506,170.918,171.56619999999998,170.20625,0.2547481046020562,178.23859991789627,163.59740008210375,42.07681363900214
2021-09-28,AAPL,170.35,171.09,166.49,168.79,101516667,168.79,-0.00023692471717129404,170.5875,171.43959999999998,170.15060000000003,0.25172495130445155,177.6483419805072,163.5266580194928,43.64119207403433
2021-09-29,AAPL,172.24,173.01,170.32,171.66,63185113,171.66,0.017003376977309026,170.43800000000002,171.36359999999996,170.09869999999998,0.2601401248414269,177.25921952362503,163.616780476375,43.7573615838456
2021-09-30,AAPL,173.51,175.94,168.09,172.02,75880436,172.02,0.002097168822090323,170.2605,171.30700000000002,170.04145,0.2594121734383835,176.69311582218302,163.827884177817,46.78758067460725
2021-10-01,AAPL,171.65,174.52,170.41,172.46,82346686,172.46,0.0025578421113823246,170.26550000000003,171.1782,169.99945,0.2513045404541424,176.70513867897878,163.82586132102128,53.28342971262445
2021-10-04,AAPL,171.97,172.97,170.2,171.58,43901034,171.58,-0.005102632494491499,170.103,171.1702,169.9514,0.24617371983607184,176.2132609126831,163.99273908731692,59.34065930917889
2021-10-05,AAPL,172.11,172.44,170.55,171.49,58585769,171.49,-0.0005245366592843137,169.9575,171.10240000000002,169.8923,0.2460989655663484,175.76817574655388,164.14682425344614,56.54618470716281
2021-10-06,AAPL,171.72,175.43,169.26,172.35,137339476,172.35,0.00501486967170095,169.92000000000002,170.98460000000003,169.85985,0.24555765406226834,175.65446459667658,164.18553540332346,66.07695705771431
2021-10-07,AAPL,169.21,171.02,165.06,168.04,114034736,168.04,-0.02500725268349291,169.527,170.8886,169.79825,0.25275479141537605,174.5717350355553,164.48226496444468,46.660730157914074
2021-10-08,AAPL,166.2,166.68,162.78,164.73,78020436,164.73,-0.019697691025946207,169.058,170.743,169.7287,0.25894269953797505,174.05257642690785,164.06342357309214,50.824442254532386
2021-10-11,AAPL,167.92,167.92,165.56,166.63,88170815,166.63,0.011534025374855927,168.863,170.6534,169.6607,0.25450251457245265,173.91973953618887,163.80626046381113,44.37739985621044
2021-10-12,AAPL,167.92,169.32,164.91,167.12,71117229,167.12,0.0029406469423274295,168.8865,170.64379999999997,169.6051,0.24142675089245932,173.90415420133994,163.8688457986601,44.070601179427015
2021-10-13,AAPL,165.97,168.58,164.84,166.71,137642533,166.71,-0.0024533269506941124,168.8105,170.6638,169.57094999999998,0.23908052675431649,173.91531083726167,163.7056891627383,43.54223429920485
2021-10-14,AAPL,166.09,169.91,163.72,166.81,73838893,166.81,0.0005998440405494687,168.897,170.7394,169.55795,0.22900605451894998,173.7898824783947,164.00411752160528,47.2270869433054
2021-10-15,AAPL,169.3,170.61,164.87,167.74,87773836,167.74,0.005575205323421928,168.807,170.74579999999997,169.5487,0.20790111914827256,173.71627414508424,163.89772585491573,46.792230685397804
2021-10-18,AAPL,164.82,168.49,164.4,166.45,126524845,166.45,-0.0076904733516157675,168.91,170.6778,169.52939999999998,0.17804383568816273,173.50548977975177,164.31451022024822,43.58552628233568
2021-10-19,AAPL,165.28,166.11,163.03,164.57,58620123,164.57,-0.011294683088014401,168.7045,170.50560000000002,169.51190000000003,0.15527060332377407,173.6939856817547,163.7150143182453,29.449275338418005
2021-10-20,AAPL,165.79,169.2,161.02,165.11,149237994,165.11,0.0032812784833202713,168.49650000000003,170.30540000000002,169.4887,0.15518585909528906,173.72771109053144,163.2652889094686,30.17785425000062
2021-10-21,AAPL,163.16,165.05,160.47,162.76,43373214,162.76,-0.014232935618678555,168.1805,170.1158,169.47439999999997,0.1619327670075717,173.9943907164801,162.3666092835199,24.92244051970458
2021-10-22,AAPL,165.42,166.89,160.74,163.82,153528080,163.82,0.006512656672401196,167.9835,169.9732,169.4659,0.16292443874078386,174.1156800879944,161.85131991200558,30.122950798067578
2021-10-25,AAPL,159.14,160.99,158.49,159.74,68920688,159.74,-0.02490538395800257,167.529,169.72280000000003,169.45164999999997,0.18066241456072255,174.66267964399685,160.39532035600314,25.010633757969046
2021-10-26,AAPL,161.76,164.67,159.89,162.28,72598708,162.28,0.015900838863152522,167.20350000000002,169.5846,169.45775,0.19228961110850185,174.6807279552489,159.72627204475114,30.011909471212178
2021-10-27,AAPL,162.11,164.4,162.11,163.49,37563114,163.49,0.007456248459452919,166.795,169.43300000000002,169.46904999999998,0.1825865555562376,174.13859298264524,159.45140701735474,39.70122224736009
2021-10-28,AAPL,163.98,166.65,161.69,164.17,66693583,164.17,0.004159275796684625,166.40249999999997,169.30620000000002,169.49380000000002,0.18340089523829237,173.40127545680366,159.4037245431963,48.561151044200614
2021-10-29,AAPL,165.87,170.71,162.62,166.67,52778505,166.67,0.015228117195589919,166.113,169.24740000000003,169.53535,0.19308251392817027,172.5098844390326,159.7161155609674,50.099700862343155
2021-11-01,AAPL,170.4,173.11,168.77,170.94,62738048,170.94,0.025619487610247793,166.081,169.2364,169.58595000000003,0.2152850727305158,172.36819634612746,159.79380365387252,58.01174493237563
2021-11-02,AAPL,174.78,174.78,172.62,173.62,75724537,173.62,0.015678015678015633,166.1875,169.255,169.6566,0.22242445211758935,172.9170792470352,159.4579207529648,63.23247794388145
2021-11-03,AAPL,170.42,170.42,168.0,168.95,117347929,168.95,-0.02689782283147113,166.0175,169.1976,169.6936,0.24220102720207168,172.2446286785299,159.79037132147013,53.48761405642674
2021-11-04,AAPL,164.75,167.91,163.68,165.79,86926938,165.79,-0.01870375850843442,165.90500000000003,169.0156,169.7281,0.2347945710119063,172.05915135883015,159.7508486411699,47.03737463814876
2021-11-05,AAPL,163.88,165.65,162.95,164.3,90477146,164.3,-0.00898727305627589,165.8835,168.85879999999997,169.74855000000002,0.2261402451570958,172.05790651313922,159.70909348686078,46.75324673347797
2021-11-08,AAPL,165.83,165.83,163.52,164.42,51615338,164.42,0.0007303712720632127,165.773,168.6714,169.7518,0.22202452792844043,171.97021533390276,159.57578466609723,49.76076552801751
2021-11-09,AAPL,164.31,169.09,162.42,165.76,56245441,165.76,0.008149860114341267,165.705,168.4786,169.7913,0.22388051942718493,171.86974355978558,159.54025644021445,51.01088644746023
2021-11-10,AAPL,162.68,166.34,161.69,164.02,164270858,164.02,-0.01049710424710415,165.5705,168.26600000000002,169.8312,0.2267030386839424,171.76024865572714,159.38075134427288,51.997463515283336
2021-11-11,AAPL,163.43,166.31,162.76,164.53,59617325,164.53,0.0031093769052554787,165.4565,168.0452,169.8666,0.22707093069359305,171.63410053913137,159.27889946086864,51.14553079328695
2021-11-12,AAPL,163.05,166.48,158.99,162.74,155168238,162.74,-0.010879474867805161,165.2065,167.85280000000003,169.89515,0.2286515867735618,171.39967204669983,159.01332795330018,55.22648080929719
2021-11-15,AAPL,160.18,162.49,160.12,161.3,72588184,161.3,-0.008848469952070781,164.949,167.5822,169.91185000000002,0.2291097259886996,171.34926940222658,158.54873059777344,48.22463765669766
2021-11-16,AAPL,159.47,161.8,154.18,157.99,80073247,157.99,-0.020520768753874763,164.62,167.254,169.9189,0.23657548437346004,171.73848002699754,157.50151997300247,40.740740721536326
2021-11-17,AAPL,155.7,157.63,154.11,155.87,122752814,155.87,-0.013418570795620033,164.158,166.90939999999998,169.91404999999997,0.2391073783686153,172.27230342050547,156.0436965794945,36.67308925775777
2021-11-18,AAPL,152.8,156.27,149.31,152.79,133057797,152.79,-0.019760056457304276,163.6595,166.4472,169.89535,0.2433891358008011,173.22980599521946,154.08919400478055,28.121059256188673
2021-11-19,AAPL,149.86,153.19,148.05,150.62,76531437,150.62,-0.014202500163623233,162.99949999999998,165.9774,169.8517,0.2437087512817428,174.20426303796165,151.79473696203831,15.698852119521092
2021-11-22,AAPL,152.99,156.37,149.78,153.07,68492853,153.07,0.01626610011950591,162.666,165.6282,169.81699999999998,0.24084757513042615,174.6492609567649,150.6827390432351,15.039128948262999
2021-11-23,AAPL,151.45,154.69,147.23,150.96,78230410,150.96,-0.013784543019533468,162.1,165.31439999999998,169.7674,0.2345177684337362,175.1792515478778,149.02074845212218,16.47409615241746
2021-11-24,AAPL,157.88,158.79,155.4,157.09,91579701,157.09,0.04060678325384215,161.78000000000003,165.0916,169.75314999999998,0.28015086629000796,175.02813710836884,148.53186289163122,35.40268454712623
2021-11-25,AAPL,159.12,162.15,154.48,158.31,114268176,158.31,0.007766248647272267,161.48700000000002,164.9562,169.75055,0.28146612179695213,174.7717298171933,148.20227018280676,39.857771738638334
2021-11-26,AAPL,159.05,160.84,156.78,158.81,80135470,158.81,0.003158360179394748,161.094,164.7416,169.75535,0.27504434652862786,174.19693723600025,147.99106276399974,40.62186557777647
2021-11-29,AAPL,158.1,158.82,154.84,156.83,102471135,156.83,-0.012467728732447503,160.3885,164.59040000000002,169.74530000000001,0.2564166240380136,172.75821220360592,148.01878779639407,35.38461536839985
2021-11-30,AAPL,159.54,160.41,156.67,158.54,154064373,158.54,0.010903526111075479,159.6345,164.38760000000002,169.74849999999998,0.252036338601365,170.3339391884532,148.9350608115468,41.02228045300414
2021-12-01,AAPL,158.04,159.72,154.74,157.23,93181618,157.23,-0.00826289895294563,159.0485,164.1468,169.74145000000001,0.23829314539403787,168.8454453348877,149.25155466511228,38.34610470827437
2021-12-02,AAPL,156.17,158.84,156.17,157.57,90621163,157.57,0.0021624371939197307,158.6375,163.9166,169.71075000000002,0.2320439952806608,167.91980206247297,149.355197937527,41.34583191902099
2021-12-03,AAPL,162.18,166.43,161.16,163.79,43574072,163.79,0.03947451926128065,158.61200000000002,163.8372,169.70010000000002,0.27389407009696504,167.8313928330758,149.39260716692425,53.59307357141981
2021-12-06,AAPL,162.67,166.2,161.02,163.61,27930927,163.61,-0.0010989681909761018,158.57150000000001,163.7328,169.6923,0.2739049514746665,167.69003006390608,149.45296993609395,58.91497459312155
2021-12-07,AAPL,167.06,169.88,163.14,166.51,93445364,166.51,0.017725077929221733,158.60899999999998,163.6872,169.68370000000002,0.27977920457713035,167.85725081612395,149.360749183876,66.47058820648337
2021-12-08,AAPL,164.53,168.39,161.25,164.82,77022450,164.82,-0.010149540568133997,158.649,163.5504,169.6715,0.2796027910648019,168.00211690237626,149.29588309762374,69.45972174142887
2021-12-09,AAPL,164.47,167.07,162.52,164.79,65112306,164.79,-0.0001820167455406363,158.662,163.4058,169.6841,0.27942208767841764,168.0501910145863,149.27380898541372,74.62634685280617
2021-12-10,AAPL,170.59,171.15,167.41,169.28,88185161,169.28,0.027246798956247487,158.98899999999998,163.34220000000002,169.73105000000004,0.29182588837886675,169.37755017492253,148.60044982507742,76.30639399323964
2021-12-13,AAPL,169.08,169.47,166.05,167.76,78090244,167.76,-0.008979206049149369,159.312,163.2658,169.79225,0.2918914860514444,170.38242071182856,148.24157928817147,77.7961614464214
2021-12-14,AAPL,173.85,173.97,170.9,172.44,125604582,172.44,0.027896995708154515,160.0345,163.2848,169.88064999999997,0.29266820293511686,172.5353555075679,147.5336444924321,76.67709415802994
2021-12-15,AAPL,173.69,175.41,173.26,174.34,82803553,174.34,0.01101832521456747,160.958,163.3246,169.97809999999998,0.2855425181626713,174.81848013142834,147.09751986857165,77.21561965769041
2021-12-16,AAPL,173.59,174.98,170.88,172.93,59338439,172.93,-0.00808764483193758,161.965,163.4224,170.0485,0.2744948308516444,176.2468832607509,147.6831167392491,73.25428191615418
2021-12-17,AAPL,173.84,176.45,172.82,174.64,118877449,174.64,0.009888394147921087,163.166,163.6206,170.12329999999997,0.263677532288373,177.470702796818,148.861297203182,79.59454964724748
2021-12-20,AAPL,176.17,181.58,172.95,177.26,73344990,177.26,0.015002290426019194,164.3755,163.8332,170.21355,0.2631614235740768,179.168245697239,149.58275430276097,80.19354835088035
2021-12-21,AAPL,177.86,181.88,176.09,178.99,98754928,178.99,0.009759675053593764,165.777,164.07059999999998,170.30219999999997,0.25089938495592895,180.52930023099057,151.0246997690094,84.62762567839638
2021-12-22,AAPL,174.33,176.97,172.79,174.88,66092967,174.88,-0.02296217665791389,166.66649999999998,164.23399999999998,170.39635,0.24497404880212043,181.35857201180346,151.9744279881965,74.59505538379283
2021-12-23,AAPL,172.8,175.91,170.17,173.04,61688398,173.04,-0.01052150045745659,167.403,164.3586,170.47825,0.25124157699855837,181.8052105028512,153.0007894971488,65.01135991852777
2021-12-24,AAPL,173.6,173.8,171.11,172.46,82739235,172.46,-0.0033518261673600724,168.0855,164.453,170.5479,0.2527868758370149,182.06051450898462,154.11048549101537,64.17814800068905
2021-12-27,AAPL,171.01,174.71,169.93,172.32,80411571,172.32,-0.0008117824423055087,168.85999999999999,164.5704,170.63395,0.24585338423314015,181.89378282529114,155.82621717470883,60.21089627968531
2021-12-28,AAPL,174.81,177.04,170.94,173.99,96926935,173.99,0.00969127205199638,169.6325,164.7588,170.71470000000002,0.24549381286658695,181.8997604499692,157.3652395500308,66.12733025234671
2021-12-29,AAPL,174.63,177.09,171.94,174.52,71849117,174.52,0.003046152077705644,170.497,164.947,170.7938,0.2407656640460974,181.45073447493485,159.54326552506518,66.81645347613444
2021-12-30,AAPL,170.39,173.34,168.88,171.11,38377936,171.11,-0.019539307815723106,171.174,165.114,170.86050000000003,0.25637969983194314,180.28185987918968,162.06614012081033,53.28545778290859
2021-12-31,AAPL,172.12,176.43,167.87,172.15,67283637,172.15,0.006077961545204902,171.59199999999998,165.28060000000002,170.9246,0.22041244492473455,180.01455018263184,163.16944981736813,58.01972960130524
2022-01-03,AAPL,173.1,177.72,169.86,173.79,109898149,173.79,0.009526575660760983,172.10099999999997,165.5616,170.96904999999998,0.2212833028749817,179.68074003164824,164.5212599683517,52.77435262068059
2022-01-04,AAPL,175.65,178.38,172.25,175.32,71028144,175.32,0.008803728638011377,172.54149999999998,165.82240000000002,171.0186,0.2156654644388032,179.76894848331338,165.3140515166866,52.04507509479835
2022-01-05,AAPL,178.01,181.16,175.32,178.24,72491787,178.24,0.01665525895505371,173.2125,166.1174,171.07940000000002,0.21552378340761613,179.89267609285702,166.532323907143,60.42402823533818
2022-01-06,AAPL,179.33,183.69,177.4,180.55,118697380,180.55,0.012960053859964127,174.0005,166.445,171.15715,0.21717665609163891,180.1981072632485,167.8028927367515,61.33486763104383
2022-01-07,AAPL,180.46,183.5,180.21,181.86,60173818,181.86,0.00725560786485735,174.6295,166.74880000000002,171.25165,0.20056627476464237,181.34201611778877,167.91698388221124,59.28917605694476
2022-01-10,AAPL,181.9,184.07,179.38,181.73,43159620,181.73,-0.0007148355878149326,175.328,166.9646,171.335,0.1957426563507972,181.9373063574258,168.7186936425742,55.91537129607874
2022-01-11,AAPL,178.74,178.74,176.29,177.31,75021458,177.31,-0.024321796071094415,175.5715,167.0384,171.40650000000002,0.19920287710714138,182.09103913450238,169.0519608654976,55.1768214413091
2022-01-12,AAPL,177.96,181.11,175.93,178.52,65914408,178.52,0.006824206192544091,175.78050000000002,167.22979999999998,171.48289999999997,0.19708118018806364,182.40103098522374,169.1599690147763,61.99649733502844
2022-01-13,AAPL,179.97,181.98,176.3,179.14,54354538,179.14,0.003473000224064382,176.09099999999998,167.4968,171.56795,0.19405850588882523,182.73110114063672,169.45089885936324,64.59790205837535
2022-01-14,AAPL,180.5,181.65,178.21,179.93,74580214,179.93,0.004409958691526272,176.3555,167.80939999999998,171.65085,0.19200736242851904,183.17135296048392,169.5396470395161,66.17084568948611
2022-01-17,AAPL,178.1,180.86,172.29,176.58,97380783,176.58,-0.018618351581170423,176.32150000000001,168.05259999999998,171.71259999999998,0.19779720084787034,183.1251283663468,169.51787163365324,55.13685042554876
2022-01-18,AAPL,174.91,177.83,169.76,173.8,79703317,173.8,-0.01574357231849588,176.062,168.2134,171.7473,0.20158550225403107,182.83290866948576,169.29109133051426,48.689002160173125
2022-01-19,AAPL,176.86,180.06,173.19,176.62,90451976,176.62,0.016225546605293406,176.149,168.46540000000002,171.80219999999997,0.1938170211046889,182.9006482198202,169.3973517801798,60.25307030727416
2022-01-20,AAPL,177.13,179.34,173.81,176.58,165238471,176.58,-0.00022647491790284136,176.326,168.7064,171.85995,0.1894004186932035,182.91819442738236,169.73380557261763,58.56204094240942
2022-01-21,AAPL,179.87,182.45,174.45,178.45,69747047,178.45,0.010590100804168001,176.6255,169.0206,171.93880000000001,0.19152614559885328,183.01944936021874,170.23155063978123,58.927203033525636
2022-01-24,AAPL,178.23,179.95,177.23,178.59,89421942,178.59,0.0007845334827683015,176.93900000000002,169.3664,172.02345000000003,0.1913235540971846,183.05280801309962,170.82519198690042,56.61675431838793
2022-01-25,AAPL,178.11,182.45,175.01,178.73,65257520,178.73,0.0007839184724787174,177.176,169.78119999999998,172.10395,0.18908610195670394,183.174882001102,171.17711799889798,51.1171910298385
2022-01-26,AAPL,179.55,182.68,179.55,181.32,57024599,181.32,0.014491131874895036,177.51600000000002,170.2902,172.18785,0.19467903955048557,183.65033271796727,171.38166728203277,51.733453366759605
2022-01-27,AAPL,181.16,183.74,176.23,179.98,63311283,179.98,-0.007390249283035555,177.9595,170.83399999999997,172.2761,0.18117145059306408,183.38542790997042,172.53357209002957,45.7733812661498
2022-01-28,AAPL,181.39,182.2,178.41,180.3,66057343,180.3,0.0017779753305924295,178.36700000000002,171.4276,172.355,0.18071658600229865,183.14082821113814,173.5931717888619,46.812304919510865
2022-01-31,AAPL,177.7,183.16,175.08,179.12,92371358,179.12,-0.006544647809206938,178.6335,171.9486,172.4108,0.1812872368096551,182.89958300558135,174.36741699441865,54.71599787566316
2022-02-01,AAPL,178.29,182.27,173.76,178.02,204722816,178.02,-0.006141134435015627,178.7685,172.4898,172.4556,0.18114376776429386,182.75479375419323,174.78220624580675,48.68972742758615
2022-02-02,AAPL,177.12,178.67,175.84,177.25,60075929,177.25,-0.004325356701494254,178.719,172.893,172.47209999999998,0.17190143917784767,182.75717520018037,174.68082479981962,45.08580339931355
2022-02-03,AAPL,176.55,180.44,175.37,177.9,67719658,177.9,0.003667136812411931,178.5865,173.2848,172.5016,0.16549509013178265,182.5448264672127,174.62817353278732,44.683080113904495
2022-02-04,AAPL,178.39,181.04,172.34,176.69,78005351,176.69,-0.006801573917931458,178.328,173.6424,172.5407,0.16406308833912914,182.05469233898617,174.60130766101383,50.32448373424522
2022-02-07,AAPL,179.08,182.75,177.47,180.11,93723239,180.11,0.019355934121908502,178.247,174.108,172.61884999999998,0.17986634156802994,181.72444068018353,174.7695593198165,67.93632740471239
2022-02-08,AAPL,176.23,181.73,173.81,177.77,88894205,177.77,-0.01299206040752876,178.27,174.4926,172.66635000000002,0.16363327158993324,181.72737350873928,174.81262649126074,53.36060778801588
2022-02-09,AAPL,177.67,180.31,174.36,177.33,133708887,177.33,-0.002475108285987515,178.2105,174.89460000000003,172.70305,0.16194595179488736,181.69064201161927,174.73035798838072,52.14163331068058
2022-02-10,AAPL,177.07,178.43,174.02,176.23,30309761,176.23,-0.006203124118874581,178.065,175.26780000000002,172.7347,0.1626088319243853,181.62395017045404,174.50604982954596,43.36917559096967
2022-02-11,AAPL,178.47,182.08,178.22,180.15,30791992,180.15,0.022243658854905535,178.076,175.595,172.78205000000003,0.18138028867250586,181.66048939327646,174.49151060672352,53.80116955393681
2022-02-14,AAPL,181.32,182.38,179.11,180.75,65606538,180.75,0.0033305578684428294,178.2845,175.93779999999998,172.8464,0.1675031590166999,181.98580830354342,174.5831916964566,54.81410863835093
2022-02-15,AAPL,183.75,187.34,179.91,183.63,124082505,183.63,0.015933609958506123,178.776,176.2802,172.8935,0.16262308074822787,182.57920308216558,174.97279691783444,55.430183320356235
2022-02-16,AAPL,178.22,181.93,177.35,179.64,42767027,179.64,-0.02172847573925829,178.927,176.57659999999998,172.9187,0.17630750183258412,182.60761264922934,175.24638735077065,49.289297630014616
2022-02-17,AAPL,179.24,183.17,177.68,180.42,24022086,180.42,0.004342017368069495,179.119,176.88920000000002,172.94605000000004,0.1766635484014722,182.6828884736498,175.5551115263502,50.246103334559194
2022-02-18,AAPL,183.16,185.62,180.19,182.91,100534243,182.91,0.01380113069504496,179.342,177.1618,172.976,0.17929106057537716,183.26925215305383,175.4147478469462,57.37641102361733
2022-02-21,AAPL,182.45,186.23,180.17,183.2,88189642,183.2,0.0015854791974194704,179.5725,177.4706,173.00064999999998,0.17928332757730908,183.8402930941785,175.3047069058215,60.40996781166634
2022-02-22,AAPL,187.84,190.37,182.06,186.21,51725105,186.21,0.016430131004366855,179.9465,177.746,173.03705000000002,0.18707778626901242,185.11860849806627,174.7743915019337,66.51917400695909
2022-02-23,AAPL,186.01,189.38,180.28,184.83,53936681,184.83,-0.007410987594651197,180.122,177.9558,173.0768,0.18399373387330495,185.71168825041448,174.53231174958555,62.441651674176526
2022-02-24,AAPL,190.67,191.33,186.36,188.85,54278551,188.85,0.02174971595520203,180.5655,178.2742,173.13010000000003,0.19506354103961313,187.38089889553362,173.75010110446635,69.83039788070363
2022-02-25,AAPL,194.6,199.75,191.32,195.54,83616491,195.54,0.035424940428911755,181.32750000000001,178.6922,173.19099999999997,0.22735022674203884,190.87723876743715,171.77776123256288,72.7379899493565
2022-02-28,AAPL,196.37,198.49,190.6,194.54,62271292,194.54,-0.005114043162524284,182.0985,179.03780000000003,173.22789999999998,0.22651182438145956,193.25288507116204,170.94411492883796,75.72875111812813
2022-03-01,AAPL,193.05,196.5,190.13,193.31,97480484,193.31,-0.006322607175902051,182.863,179.32420000000002,173.2357,0.2266229546410913,194.9012794714008,170.8247205285992,73.93648888450832
2022-03-02,AAPL,197.04,202.41,192.87,197.64,25538215,197.64,0.02239925508250984,183.8825,179.77939999999998,173.27215,0.23301474215801274,197.29449129608588,170.4705087039141,79.2406446023117
2022-03-03,AAPL,200.63,204.27,200.62,202.45,56785776,202.45,0.024337178708763396,185.11,180.3676,173.34634999999997,0.24215892243126372,200.5560950609383,169.66390493906172,79.73333330356621
2022-03-04,AAPL,199.14,202.38,199.14,200.93,50988751,200.93,-0.007508026673252566,186.322,180.937,173.4144,0.24268964725844727,202.75855054091855,169.88544945908146,76.26236332463114
2022-03-07,AAPL,200.51,204.15,195.33,199.74,72203633,199.74,-0.005922460558403397,187.30349999999999,181.4854,173.47539999999998,0.24159617537485306,204.50477201538666,170.1022279846133,71.93030217786489
2022-03-08,AAPL,198.8,201.7,196.22,198.96,64509179,198.96,-0.0039050765995795045,188.363,181.9848,173.5167,0.2345232097589008,205.70162994648092,171.02437005351908,78.81861571887057
2022-03-09,AAPL,193.99,199.34,190.78,195.06,110075241,195.06,-0.019601930036188153,189.2495,182.3956,173.56205000000003,0.24986706910941892,206.0165635473225,172.48243645267752,69.97816591212629
2022-03-10,AAPL,192.89,196.85,188.05,192.45,38026828,192.45,-0.013380498308212974,190.0605,182.8224,173.57245,0.2553335654983387,205.70772874404182,174.41327125595816,62.97606091181543
2022-03-11,AAPL,188.7,190.82,188.45,189.64,81469052,189.64,-0.014601195115614418,190.535,183.1722,173.57075,0.25493483159325275,205.4764696663153,175.5935303336847,58.19755598740414
2022-03-14,AAPL,187.82,191.78,183.28,187.53,100019103,187.53,-0.011126344653026754,190.874,183.447,173.56425,0.2595771365122468,205.17461522415798,176.57338477584202,51.71964562990945
2022-03-15,AAPL,186.97,190.11,184.88,187.5,168121277,187.5,-0.00015997440409531993,191.0675,183.6906,173.5715,0.25432701621940107,205.05674831508102,177.07825168491897,53.60518496488056
2022-03-16,AAPL,189.44,191.08,185.36,188.22,65977926,188.22,0.0038400000000000656,191.4965,183.8902,173.60485,0.2395675877298529,204.5018450954819,178.49115490451808,49.06611323193224
2022-03-17,AAPL,193.95,196.09,189.33,192.71,91086542,192.71,0.023855063223886974,192.111,184.1334,173.64905,0.25134284584681554,204.02862763392926,180.19337236607072,45.512210572877564
2022-03-18,AAPL,189.83,194.38,185.44,189.91,38880059,189.91,-0.014529604068289181,192.46099999999998,184.2944,173.67795,0.25589785169528523,203.6284129313323,181.29358706866768,43.05430541245844
2022-03-21,AAPL,192.23,193.84,191.77,192.8,30730146,192.8,0.015217734716444609,192.941,184.5158,173.73865,0.2601435612820741,203.2224967167617,182.6595032832383,49.271220328956936
2022-03-22,AAPL,191.72,195.04,189.46,192.25,112161117,192.25,-0.0028526970954357855,193.243,184.81460000000004,173.81365000000002,0.2555940069484945,203.0352162428792,183.4507837571208,41.364947113774164
2022-03-23,AAPL,193.35,195.78,188.57,192.17,79822268,192.17,-0.0004161248374513482,193.60999999999999,185.08759999999998,173.8924,0.2534771425771216,202.59120376411587,184.6287962358841,30.58912385089701
2022-03-24,AAPL,193.53,197.97,190.42,194.19,128179510,194.19,0.010511526252797054,193.877,185.3886,173.95859999999996,0.24489809674875274,202.57542841219276,185.17857158780726,37.50926610359046
2022-03-25,AAPL,189.9,194.62,187.41,191.01,46185480,191.01,-0.016375714506411287,193.6505,185.6102,174.0121,0.21720756571016256,202.40235027053322,184.89864972946677,34.93268897172739
2022-03-28,AAPL,190.58,193.66,190.58,192.18,98493198,192.18,0.006125333752159623,193.5325,185.9222,174.09125,0.21810301499822862,202.29748266128175,184.76751733871825,38.45367845577825
2022-03-29,AAPL,192.6,194.84,190.61,192.72,168941714,192.72,0.00280986575085862,193.503,186.30059999999997,174.17605,0.21728851859395118,202.27510435054097,184.730895649459,45.4999999755
2022-03-30,AAPL,194.15,196.58,191.85,194.22,94623785,194.22,0.007783312577833046,193.33200000000002,186.6526,174.27165000000002,0.20296982517742368,201.89539971838178,184.76860028161826,53.55564480716035
2022-03-31,AAPL,196.46,199.24,191.01,195.13,89358756,195.13,0.0046854082998661895,192.96599999999998,187.02360000000002,174.40625,0.18155343491675444,200.4456830779992,185.48631692200075,61.939973863977386
2022-04-01,AAPL,201.39,204.66,200.38,202.52,80274263,202.52,0.03787218777225454,193.0455,187.505,174.57820000000004,0.22806026241346575,200.90571420626438,185.18528579373563,76.51220371166704
2022-04-04,AAPL,200.18,202.51,198.81,200.66,42677593,200.66,-0.009184278095990539,193.09150000000002,187.94639999999998,174.74345000000002,0.22956588772235548,201.12552049182707,185.05747950817297,71.86046508285551
2022-04-05,AAPL,200.36,203.94,194.32,199.13,137586912,199.13,-0.007624838034486214,193.1,188.3544,174.89195,0.23085180763876417,201.16047928573286,185.03952071426713,67.64801032199695
2022-04-06,AAPL,198.62,198.62,196.32,197.35,62657512,197.35,-0.008938884146035275,193.2145,188.675,175.00745000000003,0.221676532297397,201.45525232896287,184.9737476710371,58.22695032570288
2022-04-07,AAPL,195.32,200.66,190.89,195.77,97887605,195.77,-0.008006080567519502,193.3805,188.9908,175.0999,0.21794621733110142,201.68987954488728,185.07112045511275,60.859896187841414
2022-04-08,AAPL,193.82,197.57,190.38,193.98,42811763,193.98,-0.009143382540736655,193.59750000000003,189.2644,175.18670000000003,0.21360074676112972,201.72016193079853,185.47483806920152,52.279752676510135
2022-04-11,AAPL,196.76,201.79,193.27,197.53,49911067,197.53,0.01830085575832574,194.0975,189.63260000000002,175.30545,0.21656667083373418,201.87119078501257,186.32380921498742,59.14127420955753
2022-04-12,AAPL,203.6,204.06,199.66,201.86,142033308,201.86,0.021920720903154,194.8155,190.1094,175.41135000000003,0.22666262141511212,202.67562849767322,186.95537150232676,64.62420763945853
2022-04-13,AAPL,198.68,201.26,198.68,200.2,69623748,200.2,-0.00822352125235326,195.4145,190.5684,175.50785,0.23063913384100082,202.9786661452944,187.8503338547056,59.16997251057733
2022-04-14,AAPL,199.5,201.69,193.88,197.79,143070401,197.79,-0.012037962037962036,195.6685,190.96620000000001,175.5918,0.22304948946204847,203.19133897978168,188.1456610202183,60.59374997349021
2022-04-15,AAPL,199.99,203.58,194.94,199.26,77535381,199.26,0.007432124981040511,196.13600000000002,191.4176,175.68315,0.2157576359102588,203.30588849652239,188.96611150347766,60.9597522955592
2022-04-18,AAPL,197.8,201.6,193.76,197.68,38293015,197.68,-0.00792933855264466,196.38,191.76899999999998,175.7636,0.21328166217906713,203.40250517602516,189.35749482397483,57.43851227342114
2022-04-19,AAPL,197.77,201.2,197.77,199.63,114303098,199.63,0.009864427357345162,196.749,192.20620000000002,175.85545,0.21474168372626898,203.6319519370944,189.86604806290558,58.00532699579535
2022-04-20,AAPL,200.21,204.33,196.29,200.31,63185175,200.31,0.0034063016580674343,197.156,192.6658,175.95815,0.21460665827203745,203.85921022856596,190.45278977143406,57.71752083408685
2022-04-21,AAPL,195.51,199.86,191.88,195.87,105794883,195.87,-0.02216564325295789,197.23999999999998,193.0586,176.0457,0.22863334017828452,203.82782609299215,190.6521739070078,39.137536734794985
2022-04-22,AAPL,199.18,204.18,196.9,200.54,80810829,200.54,0.023842344412110084,197.7165,193.4664,176.15675,0.23370819121696512,203.76339489694217,191.66960510305782,49.82046676548513
2022-04-25,AAPL,206.73,210.27,201.9,206.08,43154182,206.08,0.02762541138924912,198.4115,193.97299999999998,176.30245000000002,0.249978010041394,204.9539646088322,191.86903539116778,59.28399677184143
2022-04-26,AAPL,206.19,208.75,199.79,204.27,85434033,204.27,-0.008782996894409978,198.989,194.38580000000002,176.44819999999999,0.25383025574280055,205.45473120381027,192.52326879618974,59.23651893141189
2022-04-27,AAPL,203.4,206.66,199.64,203.15,192580816,203.15,-0.005482939247074992,199.4355,194.856,176.58665000000002,0.25490448158139545,205.74606415860933,193.12493584139065,59.97297295028048
2022-04-28,AAPL,204.97,205.48,202.71,204.09,97438481,204.09,0.004627122815653362,199.8835,195.3294,176.73284999999998,0.25489754804027726,206.1792505300612,193.58774946993879,63.98340246484737
2022-04-29,AAPL,203.42,208.22,202.16,205.19,78180443,205.19,0.005389779019060237,200.017,195.775,176.86430000000001,0.21834795172646723,206.65222688303854,193.38177311696145,61.36498513771187
2022-05-02,AAPL,206.96,208.66,205.94,207.3,122997495,207.3,0.010283152200399659,200.349,196.257,177.0409,0.21754032632927514,207.74101247435198,192.956987525648,58.64040658129079
2022-05-03,AAPL,212.07,216.53,210.9,213.71,87033579,213.71,0.03092136999517603,201.07800000000003,196.80700000000002,177.23505,0.237680930065511,210.5476225679205,191.60837743207955,68.64476950148978
2022-05-04,AAPL,213.7,216.02,210.42,213.22,86994102,213.22,-0.0022928267278087278,201.8715,197.3748,177.40995000000004,0.23415862395711698,212.6015625887184,191.1414374112816,72.48615561017762
2022-05-05,AAPL,212.6,212.6,209.42,210.75,51695801,210.75,-0.011584279148297516,202.6205,197.81279999999998,177.5995,0.2369156365493388,213.64456071902546,191.59643928097452,66.2701783934358
2022-05-06,AAPL,207.18,208.98,204.03,206.51,87844292,206.51,-0.02011862396204034,203.24699999999999,198.03220000000002,177.77199999999996,0.24781965104416254,213.6077256400983,192.88627435990168,61.62760071470141
2022-05-09,AAPL,202.6,205.8,202.6,204.32,121050038,204.32,-0.0106048133262312,203.5865,198.2278,177.93805,0.24576772249032416,213.5975365938861,193.5754634061139,56.13713685459512
2022-05-10,AAPL,203.7,208.62,199.97,204.29,57259969,204.29,-0.00014682850430702832,203.708,198.44740000000002,178.12149999999997,0.23401330463063272,213.68975092751083,193.72624907248917,55.298189542753576
2022-05-11,AAPL,210.15,214.97,204.91,209.94,141432838,209.94,0.02765676244554305,204.195,198.6934,178.34265,0.24997837110180174,214.40393622995478,193.9860637700452,68.14547327949349
2022-05-12,AAPL,207.98,209.73,207.04,208.38,77118579,208.38,-0.007430694484138356,204.7245,198.812,178.56939999999997,0.24694230212493387,214.6286628143193,194.8203371856807,60.992708893609134
2022-05-13,AAPL,210.55,214.2,204.11,209.15,56087828,209.15,0.0036951722814089205,205.219,198.97639999999998,178.77805,0.24635320161039556,214.96063911420927,195.47736088579072,54.96924568567271
2022-05-16,AAPL,210.49,212.41,205.94,209.17,119232988,209.17,9.562514941419131e-05,205.7935,199.165,178.97465,0.2434604542087219,215.00385635632185,196.58314364367814,58.419243958148776
2022-05-17,AAPL,213.48,215.35,210.67,213.01,71329425,213.01,0.01835827317492944,206.4625,199.44600000000003,179.1738,0.2484797683671332,215.73139052577807,197.19360947422194,65.49340034830583
2022-05-18,AAPL,220.75,222.76,219.86,221.31,108400487,221.31,0.03896530679310839,207.5125,199.97099999999998,179.40474999999998,0.27877145805269304,218.45376496102153,196.57123503897844,71.97549767719097
2022-05-19,AAPL,218.56,222.93,216.33,219.63,71187922,219.63,-0.007591161718855988,208.7005,200.5146,179.64170000000001,0.2642582462733538,219.47754866346276,197.92345133653725,68.15895369833434
2022-05-20,AAPL,216.38,222.65,213.54,218.1,78108288,218.1,-0.0069662614396940326,209.5785,201.08379999999997,179.87744999999998,0.25904689876930354,220.41728858058605,198.73971141941394,63.78254209053198
2022-05-23,AAPL,220.97,225.86,217.37,221.61,97460845,221.61,0.016093535075653476,210.35499999999996,201.7654,180.12420000000003,0.24830450097671278,222.3065275394495,198.40347246055043,60.887541321597965
2022-05-24,AAPL,223.58,225.31,222.62,223.97,89871912,223.97,0.01064933892874853,211.34,202.4948,180.3981,0.24484798974590638,224.3777734618304,198.3022265381696,64.08912186376807
2022-05-25,AAPL,231.15,231.82,228.85,230.34,36010620,230.34,0.02844130910389797,212.6995,203.33719999999997,180.69445,0.2554693060367663,227.66880821450857,197.73019178549143,73.29369795419471
2022-05-26,AAPL,233.18,235.48,229.41,232.44,51086952,232.44,0.009116957541026371,214.11700000000002,204.1318,181.0041,0.2555480184342676,230.91147666096475,197.32252333903529,82.48559255437738
2022-05-27,AAPL,229.28,233.79,228.75,231.27,116023253,231.27,-0.005033557046979831,215.421,204.959,181.31239999999997,0.2588845645992513,233.31121714439436,197.53078285560562,84.64900999781214
2022-05-30,AAPL,232.92,235.66,231.16,233.41,75881430,233.41,0.00925325377264663,216.7265,205.7712,181.622,0.25869092527131704,235.887047486956,197.56595251304398,85.51219509275194
2022-05-31,AAPL,235.89,239.92,234.88,237.4,64879656,237.4,0.017094383274067093,217.91099999999997,206.67419999999998,181.94555,0.24539030072703888,239.1072498172597,196.71475018274023,84.90086423008104
2022-06-01,AAPL,238.77,245.49,235.36,240.42,46460246,240.42,0.012721145745576923,219.27100000000002,207.63920000000002,182.28855,0.24494866711113636,242.58461644144555,195.95738355855448,89.2647058517229
2022-06-02,AAPL,243.93,248.06,236.63,242.34,51942228,242.34,0.00798602445719987,220.8505,208.6022,182.62579999999997,0.23585577505313712,245.94575975368963,195.7552402463104,89.5589987782163
2022-06-03,AAPL,244.08,249.56,243.11,246.33,35634247,246.33,0.016464471403812908,222.8415,209.70860000000002,182.99675,0.21463003360301378,249.42083766154084,196.26216233845915,90.46167244628782
2022-06-06,AAPL,250.37,256.57,244.98,250.78,76823789,250.78,0.0180651970933301,225.1645,210.88060000000002,183.3817,0.2038581668945117,253.0185477829457,197.31045221705432,90.58671821903688
2022-06-07,AAPL,254.42,259.04,253.19,256.12,62969570,256.12,0.021293564080070215,227.756,212.14860000000002,183.78529999999998,0.20338745670104494,257.04030037444863,198.47169962555137,89.9472113550778
2022-06-08,AAPL,260.67,262.47,254.95,258.71,54347112,258.71,0.01011244729033245,230.1945,213.4384,184.2056,0.19416671661797116,261.2979717811691,199.0910282188309,93.92985608554368
2022-06-09,AAPL,258.44,260.6,255.69,258.15,77849483,258.15,-0.0021645858296934772,232.683,214.6988,184.6185,0.18850920380023706,264.39571775436934,200.97028224563064,96.02390252024055
2022-06-10,AAPL,257.41,263.41,254.19,258.8,92537585,258.8,0.0025179159403447837,235.1655,215.8244,185.0507,0.18914563112664767,266.8949407368544,203.43605926314564,95.74415740859982
2022-06-13,AAPL,263.63,270.1,257.14,263.62,184805848,263.62,0.018624420401854636,237.888,217.08360000000002,185.49465,0.18669117189813,269.56980656730747,206.20619343269257,95.98700994331206
2022-06-14,AAPL,261.7,264.94,256.05,260.5,43696729,260.5,-0.011835217358318828,240.2625,218.31100000000004,185.92515,0.20250349515122068,271.2034378791588,209.32156212084118,87.83241341621542
2022-06-15,AAPL,264.43,265.21,258.84,262.03,127202340,262.03,0.005873320537427951,242.29849999999996,219.6046,186.3698,0.17189192013398324,273.3471669092565,211.24983309074344,87.65589205326592
2022-06-16,AAPL,259.12,265.25,255.9,260.57,118068770,260.57,-0.005571881082318764,244.34550000000004,220.90060000000003,186.79315,0.1695121868553402,274.48648903486503,214.20451096513506,87.01364322339084
2022-06-17,AAPL,262.79,262.79,258.83,260.78,58579777,260.78,0.0008059254710826025,246.4795,222.2366,187.2265,0.16210696043506115,274.7840977109514,218.1749022890486,86.34794153495696
2022-06-20,AAPL,268.22,271.97,259.86,265.91,86775213,265.91,0.019671753968862893,248.6945,223.6042,187.7034,0.16465381468410745,275.70869313113315,221.6803068688669,86.74916212388536
2022-06-21,AAPL,268.99,270.79,262.75,266.77,66617901,266.77,0.0032341769771726536,250.83450000000002,224.90240000000003,188.20399999999998,0.16588987948561548,276.3408347962165,225.32816520378358,85.96778593492907
2022-06-22,AAPL,267.77,270.78,263.31,267.04,86168274,267.04,0.0010121078082243606,252.66950000000003,226.2392,188.69805,0.15077361297824513,277.2307938755665,228.1082061244335,85.30588904533215
2022-06-23,AAPL,262.42,266.12,257.36,261.74,146302886,261.74,-0.01984721390053934,254.13450000000003,227.5182,189.18135,0.17897390907218716,277.05582215805885,231.21317784194122,71.23174425469153
2022-06-24,AAPL,264.26,269.41,260.14,264.78,101928249,264.78,0.01161457935355692,255.81,228.8286,189.65755000000001,0.17505764982949432,276.48280746345023,235.13719253654978,70.06880731132557
2022-06-27,AAPL,268.79,269.16,265.72,267.44,98049257,267.44,0.010046075987612424,257.51149999999996,230.2238,190.1728,0.1752247720458395,275.8967255042447,239.12627449575518,67.5776397221712
2022-06-28,AAPL,276.53,281.51,271.2,276.36,67350000,276.36,0.03335327550104705,259.45950000000005,231.7584,190.7112,0.19605442853730543,277.113948641686,241.80505135831407,72.90423044327386
2022-06-29,AAPL,276.15,277.88,272.47,275.18,44185822,275.18,-0.0042697930235924275,261.19750000000005,233.25580000000002,191.24075000000002,0.19952765628147356,277.7707604866307,244.6242395133694,71.74968068954037
2022-06-30,AAPL,275.78,281.5,270.85,276.17,73599582,276.17,0.0035976451777020024,262.889,234.86180000000002,191.77620000000002,0.19980394093866238,278.2172922453126,247.56070775468743,71.99290957184348
2022-07-01,AAPL,278.59,283.25,271.36,277.3,129628140,277.3,0.004091682659231655,264.4375,236.39700000000002,192.32389999999998,0.1965267147636598,278.95835958742475,249.91664041257522,69.1061452243719
2022-07-04,AAPL,285.88,290.03,278.05,284.04,43430392,284.04,0.02430580598629639,266.10049999999995,237.9562,192.89995,0.20275322589094041,281.61946832571493,250.581531674285,79.85794010355123
2022-07-05,AAPL,281.72,288.28,279.18,283.73,52456847,283.73,-0.0010913955780875728,267.481,239.5454,193.47465,0.19629915674412754,284.13257226652104,250.82942773347895,78.40314133252244
2022-07-06,AAPL,286.91,289.41,280.62,285.02,84144346,285.02,0.00454657597011221,268.7965,241.1828,194.04145,0.1954456646444094,286.6445773253123,250.94842267468766,82.14567443728527
2022-07-07,AAPL,287.95,289.98,285.46,287.72,53955774,287.72,0.009473019437232555,270.275,242.8554,194.61995,0.19420778884574466,289.2717448735111,251.27825512648883,83.24284301171272
2022-07-08,AAPL,290.62,294.55,282.71,288.63,58265913,288.63,0.0031627971639092145,271.7665,244.52419999999998,195.2008,0.19408957227128382,291.6339632449457,251.8990367550543,81.29476580886698
2022-07-11,AAPL,286.4,289.79,283.81,286.8,67531030,286.8,-0.0063402972663964,272.9255,246.1142,195.7769,0.19198614951272638,293.48440891534045,252.36659108465955,76.87147837198283
2022-07-12,AAPL,287.03,292.03,283.43,287.73,46329535,287.73,0.0032426778242677923,274.287,247.59459999999999,196.35809999999998,0.18240911550365252,294.9872823270805,253.58671767291946,77.27392562399591
2022-07-13,AAPL,294.93,295.63,289.38,292.5,54183579,292.5,0.016578041914294683,275.8105,249.1802,196.95884999999998,0.18695450288031876,297.186538208084,254.43446179191594,91.12299461829622
2022-07-14,AAPL,286.69,290.34,285.92,288.13,105995623,288.13,-0.014940170940170971,277.1885,250.7278,197.5593,0.19705158822125834,297.97291144096096,256.404088559039,80.14459072754909
2022-07-15,AAPL,290.79,293.88,283.72,288.8,47421642,288.8,0.0023253392565856235,278.5895,252.3736,198.17965,0.19668464198752772,298.4749238867989,258.7040761132011,79.06913442822625
2022-07-18,AAPL,285.79,287.62,284.14,285.88,42219313,285.88,-0.010110803324099749,279.588,254.0048,198.7759,0.1960072553904147,298.786325146242,260.38967485375804,65.48471044512729
2022-07-19,AAPL,291.23,296.96,285.33,291.15,62178957,291.15,0.0184343081013012,280.80699999999996,255.74199999999996,199.39605,0.20283613319966845,299.6715812374123,261.94241876258764,72.92563878779902
2022-07-20,AAPL,283.58,287.9,281.44,284.67,107212070,284.67,-0.022256568778979746,281.6885,257.2366,199.98585000000003,0.22381285914661683,299.4604214078299,263.91657859217,60.54067458215355
2022-07-21,AAPL,282.8,283.8,280.97,282.39,73940292,282.39,-0.008009273896090296,282.721,258.7168,200.56375,0.2111649312225384,297.8100268947784,267.6319731052216,56.136966462842565
2022-07-22,AAPL,283.09,288.41,279.76,284.09,66433018,284.09,0.006020043202662917,283.6865,260.2156,201.1455,0.20937598298972374,296.1918660482116,271.18113395178847,50.06862474057197
2022-07-25,AAPL,288.25,292.66,288.25,290.93,81432149,290.93,0.024076877046006695,284.861,261.8508,201.7679,0.22071465282616645,295.15924083085486,274.5627591691451,58.37988824913131
2022-07-26,AAPL,289.42,293.81,287.69,290.75,39795094,290.75,-0.000618705530539998,285.5805,263.4056,202.39879999999997,0.19257131100565025,295.37647226574967,275.7845277342503,56.845878117184185
2022-07-27,AAPL,285.58,293.95,282.91,288.43,97505510,288.43,-0.00797936371453134,286.243,264.748,203.0154,0.19476695084292234,294.78991350875106,277.69608649124893,50.856040494044244
2022-07-28,AAPL,299.63,299.63,294.93,296.79,93260872,296.79,0.02898450230558547,287.274,266.2912,203.68555,0.21643515431856114,295.6782705935899,278.8697294064101,58.34014716237201
2022-07-29,AAPL,293.21,296.84,284.18,290.51,67918146,290.51,-0.021159742578927943,287.9345,267.73940000000005,204.31900000000002,0.2336931688814575,295.0095368419918,280.8594631580082,53.47573541786281
2022-08-01,AAPL,280.59,282.6,279.75,281.18,119629137,281.18,-0.03211593404702073,287.7915,268.93080000000003,204.92620000000002,0.24897008290631678,295.30028580133154,280.28271419866843,44.69807348833134
2022-08-02,AAPL,284.43,285.95,280.32,283.13,50959346,283.13,0.006935059392559895,287.76149999999996,270.11400000000003,205.53044999999997,0.25029637466377797,295.3430517783744,280.1799482216255,42.052586928096076
2022-08-03,AAPL,280.24,286.68,275.53,281.11,125611050,281.11,-0.007134531840497282,287.56600000000003,271.12940000000003,206.11855,0.2509234631401755,295.63141518491244,279.5005848150876,43.79858656160461
2022-08-04,AAPL,277.87,280.06,273.79,276.93,85099750,276.93,-0.01486962399060865,287.0265,272.01919999999996,206.68235,0.25286924049564213,296.3879152663594,277.6650847336406,40.126434860060385
2022-08-05,AAPL,281.69,281.95,278.01,279.98,69923766,279.98,0.011013613548550127,286.594,272.9934,207.24890000000002,0.25641887090714804,296.430690500354,276.757309499646,45.102921636264284
2022-08-08,AAPL,283.61,284.53,277.67,281.1,79366564,281.1,0.004000285734695241,286.309,273.9472,207.7997,0.2564015981911781,296.4462619577357,276.17173804226434,41.04118380148736
2022-08-09,AAPL,278.27,281.73,275.92,278.82,76640122,278.82,-0.008110992529349104,285.86350000000004,274.7756,208.32569999999998,0.2571470458976541,296.5082501762863,275.2187498237138,44.36307572516701
2022-08-10,AAPL,275.16,279.59,267.63,273.61,130339136,273.61,-0.018685890538698735,284.919,275.4394,208.84900000000002,0.25481827877020935,296.40344604899997,273.434553951,41.99197372149059
2022-08-11,AAPL,276.01,280.44,274.19,277.31,52005786,277.31,0.013522897554913982,284.37800000000004,276.1388,209.4066,0.2574562873025767,296.23879006864195,272.51720993135814,44.03379090784105
2022-08-12,AAPL,282.87,285.94,274.3,280.12,58969416,280.12,0.010133064079910659,283.944,276.8146,209.9857,0.26058306704288325,295.75863392308906,272.12936607691097,39.76131842097635
2022-08-15,AAPL,277.15,286.19,273.41,279.8,121091661,279.8,-0.0011423675567613367,283.64,277.395,210.56259999999997,0.258541812808319,295.557327499763,271.72267250023697,39.65614962109984
2022-08-16,AAPL,288.35,291.69,283.82,287.76,63042724,287.76,0.02844889206576129,283.4705,278.0278,211.1726,0.2706593586326398,295.02911487785207,271.91188512214796,49.428034818303
2022-08-17,AAPL,284.17,289.84,276.7,283.27,114690806,283.27,-0.015603280511537476,283.4005,278.519,211.76885,0.26450935955353255,294.94547744520503,271.855522554795,37.6416818916456
2022-08-18,AAPL,278.0,280.43,273.48,276.96,157874596,276.96,-0.02227556747978965,283.129,278.8952,212.33100000000002,0.2748039214998683,295.024116910546,271.233883089454,37.621048775320745
2022-08-19,AAPL,272.11,280.85,267.53,274.19,68122572,274.19,-0.010001444251877434,282.63399999999996,279.203,212.88825,0.275392613542931,295.1675531148984,270.1004468851015,42.74444673866674
2022-08-22,AAPL,276.5,276.5,272.23,274.09,105064197,274.09,-0.0003647106021372748,281.79200000000003,279.4124,213.4522,0.2582670399292553,294.2412597116533,269.34274028834676,40.241796188182505
2022-08-23,AAPL,273.43,280.35,270.03,275.19,50428158,275.19,0.0040132803093875236,281.014,279.70619999999997,214.0382,0.2593193111693179,293.0438687922051,268.9841312077949,43.48017619804574
2022-08-24,AAPL,274.96,278.37,270.21,274.29,108193355,274.29,-0.003270467676877664,280.307,279.95140000000004,214.63029999999998,0.2585660584848293,292.1625109992109,268.45148900078914,46.866096850519355
2022-08-25,AAPL,274.3,279.35,272.32,275.83,86643000,275.83,0.005614495606839354,279.259,280.2566,215.2455,0.2330062837285797,288.3667246566218,270.15127534337824,44.89042106307639
2022-08-26,AAPL,269.75,275.58,266.01,270.79,96664086,270.79,-0.018272124134430467,278.273,280.4568,215.84635000000003,0.23032222052897272,286.47711475706893,270.0688852429311,38.423534683630564
2022-08-29,AAPL,277.07,282.1,271.54,276.82,61793476,276.82,0.022268178293142205,278.055,280.675,216.46509999999998,0.22113460460444628,286.16504185853296,269.94495814146705,47.92874895047633
2022-08-30,AAPL,276.11,277.98,275.16,276.57,41165201,276.57,-0.0009031139368542718,277.727,280.871,217.09314999999998,0.219293018833929,285.49628662984134,269.9577133701586,53.41643580914518
2022-08-31,AAPL,279.43,283.68,278.99,281.34,97839409,281.34,0.01724698991213791,277.7385,281.157,217.71439999999998,0.22729816071330533,285.5295212153951,269.94747878460487,54.539310638352084
2022-09-01,AAPL,281.02,288.33,277.43,282.88,35046136,282.88,0.00547380393829533,278.036,281.5798,218.33725,0.22086265754561876,286.1449460668806,269.9270539331194,53.20037104024105
2022-09-02,AAPL,284.46,290.15,279.7,284.92,70462907,284.92,0.007211538461538547,278.283,281.98260000000005,218.96779999999998,0.21901642244694733,286.9247154729589,269.64128452704114,55.70918820740571
2022-09-05,AAPL,288.95,294.46,280.48,287.47,116570866,287.47,0.008949880668257748,278.6015,282.3832,219.62099999999998,0.2206249484886134,288.1067678469305,269.0962321530695,49.63225968311312
2022-09-06,AAPL,291.81,295.36,283.65,289.5,86382553,289.5,0.007061606428496736,279.1355,282.64599999999996,220.2758,0.21868577601032968,289.81937368148317,268.4516263185168,58.42575058647664
2022-09-07,AAPL,289.97,299.43,285.38,292.4,174402124,292.4,0.010017271157167551,280.075,282.99039999999997,220.95165,0.2060973119193403,291.95113351929825,268.1988664807017,73.00357565488535
2022-09-08,AAPL,297.76,304.08,292.71,298.39,120550686,298.39,0.020485636114911054,281.129,283.4348,221.65575,0.21202691713487265,295.4598851601518,266.7981148398482,82.89831426969619
2022-09-09,AAPL,296.98,302.66,296.09,299.38,61588014,299.38,0.0033178055564864195,282.092,283.8764,222.3337,0.21068348041397147,298.5656556515573,265.6183443484427,83.56782582506119
2022-09-12,AAPL,299.75,304.83,299.75,302.68,80878820,302.68,0.011022780412853317,283.236,284.24920000000003,223.02904999999998,0.2116174587673714,302.05088257512,264.42111742488,84.47454223269025
2022-09-13,AAPL,303.35,308.61,296.13,302.37,78498408,302.37,-0.0010241839566539346,283.9665,284.62199999999996,223.70835000000002,0.19138941737200524,304.5703823883618,263.3626176116382,85.74338082483693
2022-09-14,AAPL,309.71,314.61,303.55,309.08,42485206,309.08,0.02219135496246305,285.257,285.1032,224.42965,0.19086684662092723,308.7129601672619,261.8010398327381,87.40157477562161
2022-09-15,AAPL,304.0,307.89,304.0,306.06,54919422,306.06,-0.00977093309175614,286.712,285.47,225.13600000000002,0.17187022067102148,311.5692722388769,261.85472776112306,91.56257362050731
2022-09-16,AAPL,312.88,318.39,310.71,314.55,63925751,314.55,0.027739658890413743,288.73,285.9884,225.86234999999996,0.18001336477033023,315.7646997296701,261.69530027032994,92.02494984877818
2022-09-19,AAPL,311.47,322.06,306.88,314.47,35429274,314.47,-0.00025433158480359097,290.749,286.5418,226.5959,0.17995429039235614,319.1756256953017,262.32237430469837,92.3747763574856
2022-09-20,AAPL,309.96,312.52,303.27,307.89,81534318,307.89,-0.020924094508220303,292.38399999999996,286.945,227.27315,0.2053429146306884,320.80420734025137,263.96379265974855,78.52998063401203
2022-09-21,AAPL,311.52,312.8,304.38,308.59,72413872,308.59,0.0022735392510311314,294.099,287.2668,227.94440000000003,0.20305771172499912,322.057732672124,266.14026732787596,78.1352593325915
2022-09-22,AAPL,303.33,309.88,301.23,305.56,40971187,305.56,-0.009818853494928503,295.5855,287.6154,228.60755,0.21067941152238542,322.5998645804213,268.57113541957875,72.10796913004475
2022-09-23,AAPL,307.88,312.38,306.7,309.54,94039206,309.54,0.013025265087053262,297.523,288.0302,229.28205000000003,0.19294830871558535,322.53360246753715,272.5123975324629,72.93701930947583
2022-09-26,AAPL,308.89,310.42,302.83,306.63,106524577,306.63,-0.00940104671447961,299.0135,288.4452,229.9289,0.1919753685597287,322.32448704134595,275.7025129586541,67.48315980925159
2022-09-27,AAPL,307.28,308.46,300.91,304.68,87605206,304.68,-0.006359456021915677,300.419,288.7158,230.55735,0.1952240626865508,321.2948232362022,279.54317676379776,62.78101580185401
2022-09-28,AAPL,295.79,298.06,294.48,296.27,70273822,296.27,-0.02760273073388486,301.1655,288.94780000000003,231.1643,0.2208975549703092,320.1508721807551,282.18012781924494,47.89932618567993
2022-09-29,AAPL,291.72,300.36,288.38,294.37,101352394,294.37,-0.006413069159887819,301.74,289.18739999999997,231.77094999999997,0.22292461078539336,319.0138256512928,284.4661743487072,45.12361299140101
2022-09-30,AAPL,281.34,287.74,280.17,283.95,105016216,283.95,-0.03539762883446007,301.6915,289.1846,232.3284,0.2584152071614895,319.16842406393425,284.2145759360658,33.988716011696994
2022-10-03,AAPL,277.79,283.33,271.43,277.38,90467264,277.38,-0.02313787638668774,301.187,288.91360000000003,232.8537,0.26850753680939315,320.8395676372459,281.5344323627541,30.70270269606428
2022-10-04,AAPL,280.05,286.83,274.48,280.66,57522819,280.66,0.011824933304492191,300.745,288.7118,233.38705000000002,0.27107698228848615,321.8483831161512,279.6416168838488,26.826484012140128
2022-10-05,AAPL,281.4,286.7,281.4,284.08,89359444,284.08,0.012185562602436972,300.329,288.6248,233.93484999999998,0.2723953855967213,322.4294776323643,278.2285223676357,32.19377834655357
2022-10-06,AAPL,286.47,291.18,280.8,285.99,129052447,285.99,0.006723458180794228,299.709,288.4088,234.50924999999998,0.2619769186383153,322.7156671343606,276.7023328656394,24.102285086372305
2022-10-07,AAPL,279.21,286.04,277.9,281.97,63015139,281.97,-0.014056435539704148,298.83849999999995,288.238,235.05835000000002,0.2645546564408129,323.17653804313665,274.50046195686326,22.494922134141362
2022-10-10,AAPL,283.48,288.24,275.49,281.86,185156677,281.86,-0.00039011242330744267,297.7975,288.25160000000005,235.59870000000004,0.2596687500171966,323.2014125664515,272.39358743354853,25.261357149711884
2022-10-11,AAPL,280.85,284.57,279.32,281.94,64830376,281.94,0.0002838288512025944,296.77599999999995,288.2278,236.1318,0.25987086885711075,323.03438204018147,270.51761795981844,24.370071160969815
2022-10-12,AAPL,274.63,282.32,272.04,277.18,81043774,277.18,-0.01688302475704051,295.181,288.1492,236.62649999999996,0.24552511816533126,322.15807322894227,268.2039267710577,23.5852568814186
2022-10-13,AAPL,284.1,288.46,278.73,283.6,61131812,283.6,0.023161844288909883,294.058,288.2826,237.14175,0.2646843988288633,320.9981524631276,267.1178475368724,26.905270648563516
2022-10-14,AAPL,286.86,290.59,284.32,287.45,87473419,287.45,0.013575458392101503,292.70300000000003,288.432,237.6697,0.24654401188566172,317.9780728875984,267.4279271124017,33.204903669616996
2022-10-17,AAPL,289.31,289.31,284.38,286.6,39850619,286.6,-0.0029570360062618484,291.30949999999996,288.542,238.19404999999998,0.2461305787741706,314.52041710017744,268.0985828998225,33.85714284867856
2022-10-18,AAPL,287.06,291.98,281.64,286.81,64303233,286.81,0.0007327285415212881,290.25550000000004,288.7018,238.74155,0.23887842543220672,312.1747820425966,268.3362179574035,40.10460249871413
2022-10-19,AAPL,286.51,293.5,282.11,287.81,51685545,287.81,0.0034866287786339267,289.2165,288.98580000000004,239.28800000000004,0.23930112090222427,309.37584969188595,269.05715030811405,43.006396575648395
2022-10-20,AAPL,280.39,282.38,276.06,279.22,84450196,279.22,-0.029846079010458215,287.8995,289.024,239.7884,0.2564063859852089,306.97567580013464,268.82332419986534,44.752607041789766
2022-10-21,AAPL,277.01,283.26,273.3,278.28,119081196,278.28,-0.0033665210228495113,286.3365,288.98720000000003,240.28015000000002,0.2481230819421681,302.9046460704052,269.7683539295948,51.140973612678124
2022-10-24,AAPL,277.77,279.1,271.98,275.54,103588788,275.54,-0.009846198073882206,284.782,288.902,240.77495,0.24822824980437336,299.00059657001407,270.5634034299859,43.41902312062037
2022-10-25,AAPL,270.84,276.75,266.29,271.52,30980652,271.52,-0.014589533280104705,283.124,288.5772,241.26355,0.2504411395805501,295.13514640217613,271.1128535978239,34.101265810698266
2022-10-26,AAPL,270.74,272.9,268.04,270.47,181064712,270.47,-0.003867118444313311,281.834,288.32120000000003,241.73280000000003,0.236605436345589,293.4352311506281,270.2327688493719,29.91718425417075
2022-10-27,AAPL,275.46,284.3,271.62,277.96,90029609,277.96,0.027692535216474745,281.0135,288.3412,242.2397,0.2623971226528353,291.1045367210235,270.9224632789765,45.23866063563656
2022-10-28,AAPL,280.32,283.75,277.72,280.74,58640581,280.74,0.010001439055979278,280.853,288.4722,242.75114999999997,0.23555339954615576,290.8490457444981,270.85695425550193,48.74944169981035
2022-10-31,AAPL,280.29,281.88,275.0,278.44,85189467,278.44,-0.00819263375365109,280.906,288.55920000000003,243.2504,0.22206011208125187,290.835531498981,270.976468501019,46.276595730896325
2022-11-01,AAPL,282.65,282.66,279.2,280.93,85841499,280.93,0.008942680649332013,280.9195,288.67400000000004,243.76139999999998,0.22030200645130818,290.84835741026967,270.9906425897304,54.191817555137824
2022-11-02,AAPL,285.41,289.06,284.91,286.99,61269805,286.99,0.02157120990994188,281.065,288.928,244.28975,0.22943836260145295,291.27030615336906,270.85969384663093,53.82014873217304
2022-11-03,AAPL,289.5,295.55,286.64,291.1,86590776,291.1,0.01432105648280424,281.3205,289.2334,244.84535,0.23366983670677371,292.2734548524487,270.36754514755125,54.08917766620554
2022-11-04,AAPL,293.3,294.47,288.44,291.45,62742416,291.45,0.0012023359670214617,281.7945,289.6466,245.4011,0.2268161888609025,293.649196559849,269.9398034401511,55.49512801321248
2022-11-07,AAPL,291.22,295.01,282.47,288.74,68052661,288.74,-0.009298335906673505,282.13849999999996,289.885,245.94920000000002,0.2301121118462379,294.39372148653325,269.8832785134667,52.069483149711075
2022-11-08,AAPL,289.51,293.42,289.51,291.88,60795451,291.88,0.01087483549213819,282.6355,290.19120000000004,246.5185,0.23254607200220473,295.6401299042742,269.63087009572575,54.17264710357971
2022-11-09,AAPL,293.41,297.4,290.01,293.7,45103421,293.7,0.0062354392215979715,283.4615,290.4384,247.10075,0.22210950005222568,297.09070281870714,269.83229718129286,67.23809521568252
2022-11-10,AAPL,296.81,301.27,294.28,297.77,84805569,297.77,0.013857677902621601,284.17,290.7362,247.7001,0.21317901429526132,299.22786453021456,269.11213546978547,71.59317524922886
2022-11-11,AAPL,302.95,302.95,299.11,300.73,101103668,300.73,0.00994055814890693,284.83399999999995,291.0524,248.32030000000003,0.2110602429628817,301.5776956242538,268.0903043757461,77.77287759451335
2022-11-14,AAPL,303.05,307.89,303.05,305.6,98295679,305.6,0.016193928108269917,285.784,291.415,248.94775,0.21557886411745175,304.93287315634143,266.63512684365855,86.88311685678876
2022-11-15,AAPL,301.51,307.28,299.23,303.26,111051797,303.26,-0.007657068062827288,286.6065,291.6902,249.5752,0.2189360872644436,307.2923947874548,265.9206052125452,84.52305746086913
2022-11-16,AAPL,310.98,314.01,304.82,309.42,91082229,309.42,0.02031260304689053,287.687,292.0306,250.23565,0.22752962038679075,310.75765769143874,264.6163423085613,84.07712302475996
2022-11-17,AAPL,307.65,314.5,306.38,310.44,64646659,310.44,0.0032964902074850144,289.248,292.2716,250.90670000000003,0.18999125673244405,314.06517113527724,264.43082886472274,83.44594591963413
2022-11-18,AAPL,320.31,325.37,315.36,320.36,111932071,320.36,0.031954645019971695,291.352,292.6912,251.60774999999998,0.20885422615208218,319.2035240818872,263.5004759181127,90.29219528519624
2022-11-21,AAPL,316.81,322.54,311.81,317.17,46479884,317.17,-0.009957547758771335,293.4335,292.981,252.28985,0.20897472988208557,322.5051249975767,264.3618750024233,84.37025794421123
2022-11-22,AAPL,324.57,327.35,323.96,325.65,55799119,325.65,0.026736450483967555,296.14,293.44660000000005,252.99995,0.20338823089151004,326.66421161531537,265.6157883846846,85.05622050796539
2022-11-23,AAPL,326.04,331.4,322.06,326.73,54399045,326.73,0.0033164440350070823,298.953,293.7996,253.7354,0.19881010363320495,329.8832965765847,268.02270342341524,84.18729608177657
2022-11-24,AAPL,323.86,331.52,315.81,323.66,123229572,323.66,-0.00939613748354906,301.23799999999994,294.1516,254.45159999999998,0.1975487234946984,332.3897532496327,270.0862467503672,79.37260621719467
2022-11-25,AAPL,319.25,326.37,316.49,321.43,116645805,321.43,-0.006889946239881373,303.2725,294.2892,255.1442,0.2039486601888319,334.1007706037937,272.44422939620625,80.07359703549157
2022-11-28,AAPL,320.46,325.93,314.06,320.0,97217304,320.0,-0.004448869116137288,305.3505,294.39979999999997,255.82820000000004,0.20068877845170416,334.698180962802,276.00281903719804,76.70972642336743
2022-11-29,AAPL,324.12,325.77,318.53,322.15,122829667,322.15,0.0067187499999998845,307.4115,294.685,256.50789999999995,0.20056662060011496,335.291008622863,279.531991377137,76.85482346467869
2022-11-30,AAPL,326.48,331.45,318.14,324.79,56278553,324.79,0.008194940245227489,309.30150000000003,295.009,257.2077,0.19310988211962352,336.4678524661564,282.1351475338437,76.21265034794376
2022-12-01,AAPL,319.89,328.71,315.53,322.12,91970206,322.12,-0.008220696450013887,310.8525,295.3402,257.87405,0.19718768315205473,337.1722271422359,284.53277285776414,70.86829266356762
2022-12-02,AAPL,319.85,327.08,317.14,322.11,76093044,322.11,-3.104433130507456e-05,312.3855,295.59159999999997,258.50690000000003,0.19756328328880957,337.4904615351995,287.2805384648005,67.79478333802265
2022-12-05,AAPL,331.2,340.9,324.58,332.74,112255719,332.74,0.03300114867591808,314.5855,296.1138,259.1979,0.2131550677652392,338.65612719755836,290.5148728024417,76.95683977546824
2022-12-06,AAPL,340.64,344.16,339.03,341.59,76396504,341.59,0.026597343271022256,317.071,296.85200000000003,259.9393,0.22378944588924332,341.5326812263725,292.60931877362754,78.0373017065971
2022-12-07,AAPL,343.32,345.79,342.12,343.95,68583328,343.95,0.0069088673556017,319.5835,297.80559999999997,260.67085,0.22373226776935615,344.25950434685313,294.9074956531469,78.53857943962628
2022-12-08,AAPL,345.5,351.29,337.24,344.26,99324278,344.26,0.0009012937927024289,321.908,298.8034,261.3799,0.22397640569302546,346.69056823698145,297.1254317630186,74.33808551851864
2022-12-09,AAPL,341.94,352.3,337.71,345.0,113578508,345.0,0.002149538139778029,324.1215,300.0244,262.10025,0.22449887774865535,348.8476875027395,299.39531249726053,79.82851015825078
2022-12-12,AAPL,345.07,350.89,345.07,348.31,61233140,348.31,0.00959420289855073,326.257,301.44300000000004,262.8431,0.22211757565027468,351.61716777297124,300.89683222702877,77.31436834420438
2022-12-13,AAPL,342.38,346.66,339.58,343.12,78069258,343.12,-0.014900519652034094,328.25,302.6922,263.56390000000005,0.22966732686259864,352.22790122942325,304.27209877057675,67.97543318816281
2022-12-14,AAPL,343.26,343.74,340.09,341.91,52386576,341.91,-0.0035264630449988177,329.8745,303.8488,264.29814999999996,0.2259236707030932,352.8628746134425,306.8861253865575,70.86668188904336
2022-12-15,AAPL,331.53,337.2,329.95,333.58,29453190,333.58,-0.024363136497908888,331.0315,304.80060000000003,265.0038,0.24900683962077957,352.15503865389735,309.90796134610264,62.19145091569974
2022-12-16,AAPL,336.64,342.56,328.82,335.69,86678900,335.69,0.006325319263744911,331.798,305.875,265.73405,0.2260164568856203,352.3971247642264,311.1988752357736,65.53157788720168
2022-12-19,AAPL,337.45,344.29,333.87,339.08,102062847,339.08,0.01009860287765485,332.8935,307.01939999999996,266.4918,0.22261734670709735,352.5247610796779,313.26223892032215,66.35748790475351
2022-12-20,AAPL,339.35,340.77,332.72,336.75,88841453,336.75,-0.006871534741064056,333.44849999999997,308.11560000000003,267.23805,0.20741247888722864,352.84372054526636,314.05327945473357,61.62519438447213
2022-12-21,AAPL,347.64,349.2,340.62,344.91,36678910,344.91,0.02423162583518934,334.3575,309.4702,268.0215,0.22225306040896906,354.12739404437554,314.5876059556245,70.0158088708902
2022-12-22,AAPL,337.37,340.44,337.04,338.74,69525032,338.74,-0.017888724594821936,335.11150000000004,310.573,268.75165,0.23033349957427857,354.30541819793416,315.9175818020659,63.17958470622104
2022-12-23,AAPL,329.7,335.14,327.85,331.49,32939993,331.49,-0.021402845840467588,335.6145,311.4538,269.45955,0.24346601637896653,353.79952851536876,317.4294714846313,48.95327414695451
2022-12-26,AAPL,332.13,338.69,326.76,332.72,138366654,332.72,0.003710519171015836,336.2505,312.37620000000004,270.15914999999995,0.2424743080333204,352.9665691362511,319.53443086374887,41.48588979495491
2022-12-27,AAPL,336.35,346.38,329.82,338.1,51811120,338.1,0.016169752344313615,337.04800000000006,313.402,270.8884,0.24715753959995615,352.39764096955497,321.69835903044515,44.6924333038343
2022-12-28,AAPL,348.06,354.48,339.26,346.87,132183099,346.87,0.025939071280686177,338.152,314.5832,271.6619,0.26022794329366783,352.955920675548,323.348079324452,52.05285510887621
2022-12-29,AAPL,346.85,346.85,342.72,344.61,116789654,344.61,-0.006515409231124036,339.2765,315.891,272.414,0.259284797259699,352.2573121958007,326.2956878041993,49.70041479957282
2022-12-30,AAPL,351.56,358.39,342.3,350.34,55800927,350.34,0.01662749194741875,340.688,317.3322,273.21065000000004,0.2629867696380036,351.81641521792926,329.5595847820707,51.503480955102205
2023-01-02,AAPL,352.53,357.5,343.02,350.26,50851654,350.26,-0.00022834960324247255,341.564,318.82660000000004,274.00105,0.24043876249484158,352.81569161548623,330.3123083845138,55.721153833652295
2023-01-03,AAPL,348.75,356.67,342.27,349.47,92035532,349.47,-0.0022554673670985848,341.95799999999997,320.3856,274.7848,0.22359136398950116,353.7523083507749,330.16369164922503,56.09874151685411
2023-01-04,AAPL,351.82,359.27,349.24,354.26,57071052,354.26,0.013706469797121201,342.4735,322.0614,275.585,0.2271527285336751,355.47397331120146,329.47302668879854,67.69336069562449
2023-01-05,AAPL,359.56,362.5,353.22,357.86,83347656,357.86,0.010162027889121017,343.1535,323.6594,276.39865000000003,0.22915810578236273,357.85840970639237,328.44859029360765,68.49657932656517
2023-01-06,AAPL,348.64,353.48,345.75,349.61,65949915,349.61,-0.023053708154026742,343.384,325.0368,277.1341,0.2458505784613156,358.35293259913215,328.4150674008679,58.126254038991114
2023-01-09,AAPL,358.79,359.82,355.31,357.57,39234767,357.57,0.022768227453447976,343.847,326.6194,277.91865,0.2563400346041995,359.98467882609515,327.7093211739048,64.78273216547916
2023-01-10,AAPL,363.49,368.66,361.67,365.17,32780683,365.17,0.02125457952289067,344.9495,328.3042,278.74885,0.257900122422839,363.6822402384585,326.2167597615415,64.50042941736322
2023-01-11,AAPL,358.85,365.47,358.29,361.88,87592934,361.88,-0.009009502423528826,345.948,329.80199999999996,279.57149999999996,0.26053035030746413,366.0755517898249,325.8204482101751,67.27381306446951
2023-01-12,AAPL,367.74,369.5,358.81,364.16,63905378,364.16,0.006300431082126856,347.477,331.2632,280.41345,0.23977181778501025,368.2831975584571,326.67080244154283,76.34252538189335
2023-01-13,AAPL,364.47,374.31,359.67,366.99,64122204,366.99,0.007771309314587027,349.04200000000003,332.774,281.2785,0.23997239768272663,370.80195414080555,327.2820458591945,76.93758841255897
2023-01-16,AAPL,372.15,373.89,363.22,368.55,105675404,368.55,0.004250797024442088,350.51550000000003,334.37020000000007,282.1336,0.23908349866919423,373.3973507486531,327.633649251347,75.46412441785422
2023-01-17,AAPL,369.14,369.14,363.39,365.65,127919805,365.65,-0.007868674535341347,351.9605,335.8456,282.95255000000003,0.23972588243955464,374.8322444390153,329.08875556098474,67.41468840979587
2023-01-18,AAPL,364.23,370.85,353.36,362.1,71737150,362.1,-0.009708737864077555,352.82,337.2136,283.76205000000004,0.23233265224781277,375.86745402081357,329.7725459791864,65.83952180906083
2023-01-19,AAPL,363.24,370.72,353.45,362.09,69810690,362.09,-2.7616680475128774e-05,353.9875,338.5,284.58355,0.21982007605034196,376.3884152773399,331.5865847226601,61.871085050188015
2023-01-20,AAPL,369.21,376.27,361.0,368.64,97717811,368.64,0.018089425281007543,355.845,339.8582,285.43045,0.20483731264763008,376.48276252660776,335.2072374733923,66.42244458667057
2023-01-23,AAPL,374.5,381.01,362.55,371.78,46490705,371.78,0.00851779513888884,357.798,341.1818,286.30095,0.20502083086296485,376.5258645198288,339.0701354801712,69.13050932999775
2023-01-24,AAPL,368.29,375.72,363.97,369.84,87469298,369.84,-0.005218139760073126,359.385,342.5134,287.152,0.20451378778327467,376.38412381641143,342.38587618358855,64.04615937799048
2023-01-25,AAPL,374.03,383.35,365.2,374.28,99761368,374.28,0.0120051914341337,360.7555,343.81059999999997,288.02185000000003,0.19072436698595077,377.9251114353665,343.5858885646335,64.58259323438438
2023-01-26,AAPL,359.6,361.08,356.41,358.74,105016629,358.74,-0.041519717858287786,361.462,344.77660000000003,288.83619999999996,0.24792258943846185,376.9109387814517,346.0130612185483,57.17880168579173
2023-01-27,AAPL,364.45,369.6,360.6,365.1,36867321,365.1,0.01772871717678548,362.2,345.6714,289.659,0.24880602062159832,376.7986617987795,347.60133820122047,56.07356023898969
2023-01-30,AAPL,355.3,359.2,352.43,355.82,58996877,355.82,-0.025417693782525452,362.47799999999995,346.4444,290.4077,0.26741458483073693,376.31098514038416,348.64501485961574,42.65745248001876
2023-01-31,AAPL,352.8,357.16,350.85,354.01,56301508,354.01,-0.005086841661514296,362.70500000000004,347.01160000000004,291.1564,0.2680491579958317,375.7666989303352,349.64330106966486,43.67261616640269
2023-02-01,AAPL,348.67,350.95,345.51,348.23,83261096,348.23,-0.016327222394847518,362.4035,347.44160000000005,291.8818,0.2700357411870795,376.5216291066854,348.2853708933146,37.8748667905275
2023-02-02,AAPL,344.04,347.61,335.68,341.65,96962515,341.65,-0.018895557533814,361.59299999999996,347.80140000000006,292.56960000000004,0.2741727033735344,378.4121846601117,344.77381533988824,31.754032251662494
2023-02-03,AAPL,345.69,354.94,340.59,347.76,145577821,347.76,0.01788379920971761,361.5005,348.32800000000003,293.28245,0.27131391281061423,378.6149266321348,344.38607336786515,35.95080415592227
2023-02-06,AAPL,348.45,351.17,339.73,345.45,65630494,345.45,-0.0066425120772947155,360.8945,348.83700000000005,293.9732,0.25816548580276566,379.3969441912952,342.3920558087048,36.23978200943657
2023-02-07,AAPL,348.68,350.12,344.61,347.37,65562090,347.37,0.005557967867998226,360.0045,349.3414,294.64149999999995,0.24543731863944973,379.3349085234528,340.67409147654723,39.738052103158246
2023-02-08,AAPL,349.48,354.61,339.87,347.24,126709294,347.24,-0.00037424072314817813,359.2725,349.79040000000003,295.3116,0.24425531360900263,379.3963574046199,339.14864259538007,39.671720676653194
2023-02-09,AAPL,350.24,356.05,343.65,349.85,90076328,349.85,0.007516415159543932,358.557,350.345,296.0071,0.24483745918914884,378.9647530158827,338.1492469841173,36.17365709335646
2023-02-10,AAPL,352.33,354.84,345.9,350.37,132832274,350.37,0.0014863512934113476,357.726,350.9102,296.7264,0.2425544786090495,378.0412163867748,337.4107836132252,33.61395988870973
2023-02-13,AAPL,340.48,350.16,337.46,343.81,89793971,343.81,-0.0187230641892856,356.489,351.13160000000005,297.42385,0.24809313288639404,377.04063346048486,335.9373665395151,31.393852745682466
2023-02-14,AAPL,351.33,352.66,345.54,349.1,50359132,349.1,0.015386405281987203,355.6615,351.2818,298.1479,0.2560811901869072,375.9915868820319,335.33141311796805,32.217514117923145
2023-02-15,AAPL,343.46,350.77,342.52,346.65,46935545,346.65,-0.007018046405041667,354.889,351.3358,298.83145,0.2552098052189716,375.36261218224246,334.41538781775756,39.525212258649226
2023-02-16,AAPL,341.4,346.67,330.85,338.76,43009530,338.76,-0.022760709649502386,353.72249999999997,351.22579999999994,299.48335000000003,0.2653709204594521,375.1068404338051,332.33815956619486,27.768399723349816
2023-02-17,AAPL,340.02,340.34,333.06,336.7,104255786,336.7,-0.0060810012988546935,352.1255,351.05979999999994,300.1211,0.25325685993153774,373.58956100290084,330.66143899709914,31.62245289421928
2023-02-20,AAPL,343.07,349.45,339.53,344.49,128697586,344.49,0.0231363231363233,350.761,350.9834,300.7977,0.2680308456234621,370.35217620926755,331.1698237907325,41.793103438187906
2023-02-21,AAPL,347.0,356.98,341.07,349.03,167632065,349.03,0.013178902145200011,349.7205,351.10159999999996,301.4778,0.2744970471156382,367.1346666164875,332.30633338351254,50.7047216224477
2023-02-22,AAPL,349.17,353.98,340.67,347.32,112086261,347.32,-0.004899292324441973,348.3725,351.2098,302.10785,0.2689489642566412,361.4044766646852,335.3405233353148,55.4634804244269
2023-02-23,AAPL,343.92,347.78,343.47,345.62,127378384,345.62,-0.00489462167453647,347.7165,351.45059999999995,302.7378,0.22888597604761765,359.8403213100212,335.5926786899788,47.746419530993066
2023-02-24,AAPL,346.59,346.81,341.34,344.08,63435275,344.08,-0.00445576066199882,346.66549999999995,351.61840000000007,303.3677,0.21707134475139273,355.69334575337894,337.63765424662097,48.53350458832222
2023-02-27,AAPL,352.26,356.91,352.26,355.08,50373251,355.08,0.03196930946291565,346.6285,351.93839999999994,304.03505,0.23301046911268924,355.50313630089244,337.7538636991075,56.90984045892204
2023-02-28,AAPL,354.57,363.54,350.95,357.24,112399373,357.24,0.006083136194660499,346.79,352.3482,304.7014,0.23315098263739037,356.3233409397293,337.25665906027075,58.64752679313272
2023-03-01,AAPL,363.12,364.7,354.66,359.68,94547176,359.68,0.0068301422013212765,347.3625,352.6436,305.3481,0.22526668771828912,358.50015708138784,336.2248429186122,58.52558541510218
2023-03-02,AAPL,366.67,368.21,362.59,365.4,83513173,365.4,0.015903024911031904,348.55,353.1768,306.0129,0.21674530302423362,361.95652472725806,335.14347527274197,61.957040558991245
2023-03-03,AAPL,369.38,375.7,357.98,366.84,93407834,366.84,0.003940886699507429,349.504,353.88380000000006,306.69075,0.20997893542688092,365.1946843297627,333.81331567023733,69.94630173256107
2023-03-06,AAPL,364.25,371.24,359.84,365.54,91040169,365.54,-0.003543779304328698,350.5085,354.54019999999997,307.3514,0.20842149882440456,367.61483280702436,333.4021671929757,65.29586898187306
2023-03-07,AAPL,365.87,368.17,361.0,364.59,133693969,364.59,-0.002598894785796446,351.36949999999996,355.07,307.98735,0.209058185133472,369.51272257104745,333.22627742895247,67.17075036484705
2023-03-08,AAPL,365.0,369.79,358.85,364.32,134292582,364.32,-0.0007405578869414953,352.2235,355.4189999999999,308.60685,0.20912910906687732,371.1397411699419,333.3072588300581,78.64186461001827
2023-03-09,AAPL,364.99,371.01,357.47,364.24,99455944,364.24,-0.0002195871761089263,352.943,355.81160000000006,309.21635000000003,0.20846273355529088,372.5607901003261,333.3252098996739,82.29362098611381
2023-03-10,AAPL,369.7,370.76,365.96,368.36,112207269,368.36,0.011311223369207202,353.8425,356.172,309.8265,0.2109817747581104,374.58125383251627,333.1037461674837,80.62612262949031
2023-03-13,AAPL,369.33,372.64,364.9,368.77,98263402,368.77,0.0011130415897491197,355.0905,356.54220000000004,310.41645,0.19559257691132595,376.28625277712166,333.8947472228784,78.32950628310533
2023-03-14,AAPL,372.44,380.86,365.09,372.97,66523731,372.97,0.011389212788458947,356.284,357.0122,311.0007,0.1928889410677808,378.7118317697925,333.85616823020746,84.35574601711818
2023-03-15,AAPL,370.98,377.94,367.36,372.65,108272641,372.65,-0.0008579778534467675,357.584,357.38,311.5704,0.1896966955054162,380.66517610793886,334.50282389206114,87.59388035531802
2023-03-16,AAPL,375.22,379.16,367.27,373.21,45797458,373.21,0.0015027505702400745,359.3065,357.68699999999995,312.1457,0.16241411016690627,381.60121051261865,337.0117894873814,91.64998566533883
2023-03-17,AAPL,360.33,367.26,357.37,362.31,121946601,362.31,-0.02920607700758282,360.587,357.941,312.66325,0.19963585005097878,380.1946280537471,340.97937194625285,60.36707769299862
2023-03-20,AAPL,368.87,369.61,365.29,367.45,49611241,367.45,0.01418674615660609,361.735,358.1386,313.18240000000003,0.19042235569943022,380.0182100141195,343.4517899858805,63.487450438868564
2023-03-21,AAPL,367.52,372.56,366.42,369.49,89688983,369.49,0.005551775751803101,362.758,358.225,313.72735,0.18706917497867165,380.3235303603804,345.19246963961956,63.09746326079134
2023-03-22,AAPL,376.13,380.41,369.97,375.19,57052109,375.19,0.015426669192670994,364.1515,358.49119999999994,314.29315,0.18969844725581259,380.9662069398493,347.3367930601507,63.07774510063886
2023-03-23,AAPL,361.14,362.66,356.06,359.36,99821363,359.36,-0.042191956075588344,364.8385,358.3952,314.7871,0.24949643224677795,379.4426872510074,350.23431274899264,42.7827093670599
2023-03-24,AAPL,368.84,373.15,368.7,370.92,78921725,370.92,0.03216829919857522,366.18050000000005,358.47380000000004,315.3378,0.269832656480167,377.2605047026094,355.1004952973907,54.33311854444806
2023-03-27,AAPL,367.01,378.37,362.17,370.27,42271971,370.27,-0.0017523994392322217,366.94,358.5082,315.8596,0.24905867265236425,376.83531521262506,357.04468478737493,54.59695693162257
2023-03-28,AAPL,373.83,385.88,367.33,376.6,94661416,376.6,0.017095632916520387,367.908,358.72720000000004,316.40875,0.2543389771039225,377.59349778626427,358.22250221373577,59.05070753498365
2023-03-29,AAPL,371.69,378.64,363.16,370.9,63488470,370.9,-0.015135422198619297,368.469,358.90319999999997,316.92805,0.26153252035434926,377.41973981060784,359.51826018939215,54.53307921639715
2023-03-30,AAPL,377.07,382.72,366.19,374.45,113804870,374.45,0.009571313022378014,368.9215,359.15039999999993,317.4916,0.2579018854209713,378.13028590771006,359.7127140922899,54.177527771182774
2023-03-31,AAPL,365.35,372.33,365.08,368.71,80042433,368.71,-0.015329149419148091,369.015,359.1518,318.01125,0.2643257603275663,378.17263127263914,359.85736872736084,49.96164662874632
2023-04-03,AAPL,367.11,374.24,356.55,365.4,93709074,365.4,-0.008977244989286981,369.008,359.0242,318.50105,0.26609517180174835,378.1770224468523,359.8389775531477,45.10539246564752
2023-04-04,AAPL,374.97,379.53,372.8,376.17,54543527,376.17,0.029474548440065806,369.58700000000005,359.1508,319.00010000000003,0.2854103414858413,379.03946077675766,360.1345392232424,52.00501252303409
2023-04-05,AAPL,375.06,384.23,366.2,375.22,63199332,375.22,-0.0025254539171118973,370.13199999999995,359.1696,319.50030000000004,0.2856845441468258,379.5627081834505,360.70129181654937,51.139843476058125
2023-04-06,AAPL,379.8,385.95,367.2,376.57,66591116,376.57,0.003597889238313501,370.74850000000004,359.5262,320.0023,0.2856781490729756,380.1695006731506,361.3274993268495,59.06893919070254
2023-04-07,AAPL,380.36,388.99,374.31,381.65,112697543,381.65,0.013490187747297933,371.413,359.85720000000003,320.52405,0.28674096527298504,381.9350972493893,360.89090275061073,59.03767819721831
2023-04-10,AAPL,384.36,394.09,375.15,384.62,156487708,384.62,0.007781999213939628,372.2055,360.4332,321.02695,0.2874653216822149,384.1771533176157,360.23384668238424,59.5169203568595
2023-04-11,AAPL,381.87,391.94,379.3,385.62,57971872,385.62,0.002599968800374386,372.83799999999997,361.0654,321.5364,0.2854504241371366,386.2319147219261,359.4440852780738,56.972857323203364
2023-04-12,AAPL,384.63,391.82,383.92,387.87,123071549,387.87,0.00583475960790425,373.599,361.8582,322.05064999999996,0.28560508025069964,388.5830531372633,358.6149468627367,73.28867830377315
2023-04-13,AAPL,400.3,407.77,396.72,402.24,33587556,402.24,0.03704849562997903,375.0505,363.07,322.62325,0.3112431534644422,394.7562154145509,355.3447845854491,74.46110588812152
2023-04-14,AAPL,398.24,408.82,395.25,402.03,49617861,402.03,-0.0005220763723151611,377.03650000000005,364.1554,323.19025,0.28639555287381513,399.1899669022421,354.883033097758,74.97640765886011
2023-04-17,AAPL,404.44,405.99,400.78,403.38,54517145,403.38,0.00335795836131636,378.83299999999997,365.314,323.77315,0.2845474528011699,403.40820025081524,354.2577997491847,72.84982933413136
2023-04-18,AAPL,409.33,417.08,402.78,409.93,46573101,409.93,0.01623779066884823,380.855,366.56520000000006,324.38415000000003,0.28742153400011944,408.63867297910355,353.0713270208965,82.8259041016053
2023-04-19,AAPL,417.33,427.19,406.66,416.92,42461223,416.92,0.017051691752250298,382.9415,367.9588,325.00625,0.28823294709256936,414.88948949278046,350.9935105072196,83.76530448127339
2023-04-20,AAPL,421.8,428.3,420.82,424.56,94370280,424.56,0.018324858486040485,386.2015,369.45300000000003,325.6884,0.2296820412502968,421.180176376499,351.22282362350103,93.10078713839461
2023-04-21,AAPL,427.04,437.73,419.85,428.79,73434918,428.79,0.009963256076879645,389.09499999999997,371.02139999999997,326.38835,0.21214979175959314,428.0942477660145,350.0957522339854,98.23466745738415
2023-04-24,AAPL,423.02,431.41,411.88,421.64,93110670,421.64,-0.016674829170456484,391.6635,372.57800000000003,327.06715,0.22675997984542035,432.17944580174225,351.14755419825775,86.61620226747252
2023-04-25,AAPL,436.27,442.57,421.93,432.25,105447764,432.25,0.025163646712835552,394.446,374.24100000000004,327.77265,0.23341728644050388,438.1262561203116,350.76574387968844,89.7421602612349
2023-04-26,AAPL,421.2,435.31,414.74,425.02,88967704,425.02,-0.016726431463273572,397.152,375.80839999999995,328.4744,0.23547913736860157,441.3923467198653,352.91165328013466,81.20571942371653
2023-04-27,AAPL,430.43,433.69,420.51,427.1,104077093,427.1,0.004893887346477888,399.78450000000004,377.57520000000005,329.19795,0.23537047080029525,444.599065524582,354.9699344754181,80.4502210756223
2023-04-28,AAPL,423.09,432.81,412.07,422.44,77805624,422.44,-0.010910793725122936,402.471,379.29,329.8897,0.2303540166219194,445.86137385362144,359.08062614637856,74.77725365504602
2023-05-01,AAPL,422.71,430.68,413.67,422.17,49760887,422.17,-0.00063914402045262,405.30949999999996,380.8436,330.54589999999996,0.22454822640757918,445.82094476368655,364.79805523631336,74.17647835641652
2023-05-02,AAPL,424.41,427.9,420.91,424.4,122138092,424.4,0.005282232276097254,407.721,382.351,331.21415,0.20878823449595002,446.6395967724423,368.8024032275577,74.16964402489903
2023-05-03,AAPL,422.92,432.8,420.4,426.6,63204896,426.6,0.005183788878416751,410.2900000000001,383.93660000000006,331.905,0.20632752699572152,446.88947655649787,373.6905234435023,69.21135645159366
2023-05-04,AAPL,425.93,437.77,421.14,429.45,55025026,429.45,0.006680731364275605,412.934,385.6132,332.56829999999997,0.20603904185351718,446.8160880484868,379.05191195151326,70.76014535144391
2023-05-05,AAPL,441.01,444.5,435.74,440.12,74504496,440.12,0.024845732914192675,415.85749999999996,387.534,333.31635,0.21478102319064782,448.439165412494,383.2758345875059,74.3763269500893
2023-05-08,AAPL,441.87,451.17,435.38,443.28,55528825,443.28,0.007179860038171393,418.79049999999995,389.298,334.12685000000005,0.21477146289375426,450.0671793734668,387.5138206265331,73.16937611470925
2023-05-09,AAPL,445.49,449.9,433.71,441.81,67697854,441.81,-0.0033161884136436726,421.6,390.98940000000005,334.92025,0.21746509979787826,450.32132968625274,392.8786703137473,68.72836717889844
2023-05-10,AAPL,447.55,452.09,444.69,448.39,91803296,448.39,0.014893279916706303,424.62600000000003,392.7636,335.75665000000004,0.21923937827185835,451.04450579461474,398.20749420538533,68.22144057263952
2023-05-11,AAPL,453.36,464.06,449.17,456.62,91960885,456.62,0.01835455741653469,427.34499999999997,394.58799999999997,336.6551,0.1942938297207074,455.21623285848074,399.4737671415192,70.05332179016071
2023-05-12,AAPL,450.36,457.6,439.28,448.44,55862572,448.44,-0.01791423941132675,429.66549999999995,396.22,337.49739999999997,0.2115876234637978,456.365715236646,402.9652847633539,69.02868501893778
2023-05-15,AAPL,450.76,459.41,445.85,452.63,65821365,452.63,0.009343501917759234,432.128,397.9618,338.35505000000006,0.21182743002842086,457.68060711796977,406.5753928820302,65.92187498557959
2023-05-16,AAPL,457.8,459.97,455.17,457.57,122947795,457.57,0.01091399156043571,434.50999999999993,399.8214,339.24879999999996,0.20919498459352778,460.23121958308155,408.7887804169183,76.37335924373318
2023-05-17,AAPL,457.49,458.04,453.32,455.68,97571620,455.68,-0.0041305155495333645,436.448,401.6486,340.15915,0.20731243214263786,462.42837445536713,410.4676255446328,73.22821844887525
2023-05-18,AAPL,469.07,470.99,459.69,465.34,183470272,465.34,0.02119908707865159,438.48699999999997,403.6706,341.0993,0.21008062467065708,466.8323403577903,410.1416596422096,82.2459410530451
2023-05-19,AAPL,467.17,475.38,453.53,464.45,128262366,464.45,-0.001912580048996415,440.27,405.5924,342.02095,0.21034814791656725,470.4724425641549,410.06755743584506,81.48644621476308
2023-05-22,AAPL,467.13,469.94,461.03,465.48,126436962,465.48,0.002217676822047654,442.462,407.5266,342.94935,0.1958050610766648,473.32761950402715,411.5963804959728,81.14952985841538
2023-05-23,AAPL,466.1,472.65,456.22,464.43,45919011,464.43,-0.0022557360144367378,444.071,409.35580000000004,343.8327,0.18212290274724907,476.03081417505774,412.1111858249423,79.19432009401577
2023-05-24,AAPL,468.84,469.09,460.31,464.7,108589071,464.7,0.0005813577934241643,446.05499999999995,411.1968,344.73985,0.16608415482997724,477.96170973815276,414.14829026184714,78.3314579473294
2023-05-25,AAPL,455.41,462.5,452.05,457.28,78318505,457.28,-0.01596729072519909,447.564,412.8782,345.64144999999996,0.1812813567349866,478.5371567311709,416.59084326882913,64.55223879064226
2023-05-26,AAPL,443.19,457.49,437.82,447.65,64176295,447.65,-0.021059307207837663,448.8245,414.585,346.50875,0.19502581436116198,477.4559618815145,420.1930381184855,53.33944672555782
2023-05-29,AAPL,456.55,467.62,449.67,458.65,85561273,458.65,0.024572768904277842,450.64849999999996,416.40899999999993,347.43155,0.208872490206574,476.65822067271404,424.6387793272859,61.23265740585301
2023-05-30,AAPL,450.45,456.14,449.88,453.01,116758914,453.01,-0.012296958465060515,452.079,418.0794,348.32064999999994,0.21687084454641609,474.97035796479986,429.18764203520016,53.12077815801553
2023-05-31,AAPL,447.92,452.53,440.41,446.47,97744728,446.47,-0.014436767400278105,453.07250000000005,419.505,349.18155,0.2256813596103515,472.8161645401152,433.3288354598849,42.98354762060322
2023-06-01,AAPL,433.58,434.84,430.01,432.43,56296767,432.43,-0.03144668174793386,453.22149999999993,420.9664,349.96455000000003,0.2547422340597362,472.2464401686304,434.1965598313695,39.76211791077286
2023-06-02,AAPL,429.25,434.71,422.18,428.45,107663454,428.45,-0.009203801771385023,452.63800000000003,422.11699999999996,350.75285,0.23975768595358676,473.93501298549126,431.3409870145088,34.49602461550468
2023-06-05,AAPL,416.1,427.84,412.5,420.17,61991149,420.17,-0.01932547555140618,451.48249999999996,423.115,351.4696,0.2458044542365374,477.00573348181695,425.959266518183,27.00442695058949
2023-06-06,AAPL,432.76,433.97,427.62,430.79,87243222,430.79,0.025275483732774884,450.9315,424.19879999999995,352.24070000000006,0.26485128335494557,477.775566893214,424.0874331067861,36.17990004989984
2023-06-07,AAPL,435.97,442.23,432.8,437.51,70858618,437.51,0.015599247893405055,450.3875,425.531,353.02155,0.26542898004094906,477.88152758110397,422.893472418896,34.02594420300352
2023-06-08,AAPL,434.6,438.78,427.56,433.17,73294101,433.17,-0.009919773262325404,449.215,426.7054,353.773,0.2567846071168987,477.57631724353445,420.8536827564655,32.72968197373879
2023-06-09,AAPL,448.71,458.69,437.72,448.2,108692611,448.2,0.03469769374610432,449.203,428.29519999999997,354.58939999999996,0.28162881606434503,477.5659009725359,420.840099027464,41.73680183067791
2023-06-12,AAPL,453.58,466.32,443.69,455.01,52770332,455.01,0.015194109772423081,449.322,430.08740000000006,355.42710000000005,0.2849160733461923,477.76529879452664,420.87870120547336,45.730601879620835
2023-06-13,AAPL,449.64,455.62,449.64,452.95,174182685,452.95,-0.004527373024768688,449.091,431.62299999999993,356.24435000000005,0.2826322252925867,477.3265378165249,420.85546218347514,44.75961109065529
2023-06-14,AAPL,432.89,445.25,427.6,436.43,38613123,436.43,-0.03647201677889389,448.1285,432.8472,356.9645,0.3103181040612509,476.7283691752434,419.52863082475653,41.399224481646826
2023-06-15,AAPL,454.84,457.46,446.22,451.84,62988965,451.84,0.035309213390463556,447.45349999999996,434.35259999999994,357.73175,0.3278406574734774,474.9592944325802,419.94770556741975,51.64973619400664
2023-06-16,AAPL,446.37,448.36,436.98,442.67,92768894,442.67,-0.020294794617563672,446.36449999999996,435.57300000000004,358.4482,0.33474022758556876,472.7382664515527,419.9907335484472,43.6161712958563
2023-06-19,AAPL,433.32,440.7,423.34,432.02,101063830,432.02,-0.024058553775950564,444.6915,436.5210000000001,359.0949,0.34304491655063635,470.1901796561994,419.19282034380063,41.93746638559479
2023-06-20,AAPL,435.37,449.1,428.59,438.85,76848530,438.85,0.015809453266052653,443.4125,437.5856,359.7773,0.34984128322078983,467.2548134474252,419.57018655257485,47.07956461245505
2023-06-21,AAPL,454.47,466.3,444.42,455.36,78184416,455.36,0.03762105503019253,442.9455,438.9354,360.50870000000003,0.37788837765334404,465.355032252781,420.535967747219,58.624840135253535
2023-06-22,AAPL,467.2,472.76,457.38,465.07,94277887,465.07,0.02132378777231203,443.33500000000004,440.19199999999995,361.30375,0.38113666149755027,467.0276384302895,419.64236156971054,63.20496177062695
2023-06-23,AAPL,471.8,474.88,463.48,469.18,72937203,469.18,0.008837379319242222,444.4115,441.535,362.0769,0.3727458143982737,470.7395441034791,418.0834558965209,68.22068554572765
2023-06-26,AAPL,469.93,483.37,463.72,473.54,139672324,473.54,0.009292808730124946,445.15600000000006,442.9382,362.87225,0.3646648563921405,473.909716757445,416.40228324255514,66.66926615508564
2023-06-27,AAPL,475.01,484.61,475.0,479.81,111917979,479.81,0.013240697723529093,446.496,444.3358,363.73184999999995,0.3627880035298243,479.03905481728856,413.9529451827114,66.55188604686396
2023-06-28,AAPL,487.52,493.37,477.56,485.46,113426650,485.46,0.011775494466559566,448.4455,445.7066,364.61620000000005,0.35785594301950363,485.35982782736676,411.5311721726332,70.25331163542066
2023-06-29,AAPL,486.28,493.62,481.74,487.68,54356486,487.68,0.004572982326041419,451.2080000000001,446.96899999999994,365.5268,0.3318480836191078,491.21561169681513,411.20038830318504,66.97626418182261
2023-06-30,AAPL,486.21,497.47,479.75,488.61,77499482,488.61,0.0019069881889763884,454.216,448.16540000000003,366.42215,0.32730362410808633,496.0248746056192,412.40712539438084,65.21739129607752
2023-07-03,AAPL,483.56,493.1,483.52,488.31,70940411,488.31,-0.0006139866150918216,457.62300000000005,449.49879999999996,367.33055,0.3139671768212543,498.8515854334224,416.3944145665777,66.27393224477325
2023-07-04,AAPL,483.37,487.25,478.72,482.99,53505587,482.99,-0.010894718518973612,460.233,450.51359999999994,368.2221,0.3134072238207879,500.9147300775686,419.5512699224314,73.89162560514694
2023-07-05,AAPL,484.5,492.36,469.88,481.12,92396796,481.12,-0.003871715770512818,462.4135,451.63560000000007,369.14635000000004,0.31305224663281705,502.6394551062421,422.1875448937579,67.44934444643278
2023-07-06,AAPL,473.51,473.51,465.91,469.21,64519553,469.21,-0.024754738942467602,464.2155000000001,452.4778,370.02055,0.326534493412374,502.0855589828864,426.3454410171137,65.31625114364692
2023-07-07,AAPL,469.3,475.77,461.59,468.68,103978917,468.68,-0.0011295581935593102,465.2395,453.4026,370.9442000000001,0.3062981378590555,502.386818370296,428.09218162970404,73.95452168014424
2023-07-10,AAPL,462.07,466.29,457.59,461.94,52140917,461.94,-0.014380814201587433,465.58599999999996,454.198,371.86699999999996,0.3079168188454646,502.4598340547006,428.7121659452993,65.10532512218401
2023-07-11,AAPL,450.73,457.13,450.73,454.51,159117493,454.51,-0.016084339957570304,465.66400000000004,454.8002,372.73625,0.31332108755075994,502.4317372305055,428.89626276949457,49.3689680669463
2023-07-12,AAPL,456.33,458.5,453.28,455.89,55896041,455.89,0.0030362368264724715,466.637,455.38599999999997,373.5953,0.2814971275122275,501.10540084542606,432.16859915457394,42.22297525260722
2023-07-13,AAPL,464.55,469.62,461.7,465.66,87334674,465.66,0.021430608260764705,467.3280000000001,456.1102,374.49365000000006,0.26367999451958396,501.09434674687867,433.5616532531215,47.27891155439234
2023-07-14,AAPL,473.29,482.83,461.73,472.28,109812059,472.28,0.014216381050551785,468.8085,456.75339999999994,375.44520000000006,0.2538805616624781,500.55903105231647,437.0579689476835,49.05885866915408
2023-07-17,AAPL,460.42,466.36,456.53,461.44,63673627,461.44,-0.0229524858135004,470.2795,457.11660000000006,376.34310000000005,0.25232159188364695,497.21443640137676,443.3445635986232,37.155642560198864
2023-07-18,AAPL,452.43,465.72,443.88,454.8,112506848,454.8,-0.014389736477115056,471.07699999999994,457.3764,377.2074,0.25540492006104826,494.85298354817417,447.3010164518257,28.855172408221094
2023-07-19,AAPL,457.68,469.09,453.74,461.42,48928164,461.42,0.01455584872471416,471.38,457.63699999999994,378.1286,0.22379702456284667,494.45680539778544,448.30319460221455,32.92587775733469
2023-07-20,AAPL,453.14,461.06,448.57,454.82,143004159,454.82,-0.014303671275627483,470.86749999999995,457.601,378.98470000000003,0.21596400290848974,494.9669622128007,446.7680377871992,29.538573326710164
2023-07-21,AAPL,449.78,460.97,445.91,453.44,80454060,453.44,-0.003034167362912843,470.08050000000003,457.7010000000001,379.81465000000003,0.2128621744416419,495.4086914703111,444.75230852968895,29.157202625126104
2023-07-24,AAPL,454.4,464.37,450.34,457.35,63020626,457.35,0.00862297106563159,469.271,457.79540000000003,380.66839999999996,0.2124195670431456,495.1622656680508,443.37973433194924,34.411478593363825
2023-07-25,AAPL,455.3,460.01,441.81,450.91,70976861,450.91,-0.014081119492729832,467.826,457.6622,381.4889,0.20912646106014462,494.4559952763779,441.19600472362214,32.59993087828133
2023-07-26,AAPL,451.27,456.59,446.96,451.78,110563978,451.78,0.0019294315938878093,466.142,457.5842,382.30875,0.20271024830715428,492.33277025050336,439.95122974949663,38.498086306731224
2023-07-27,AAPL,443.26,448.32,437.63,442.97,63322740,442.97,-0.019500641905352056,463.90649999999994,457.1368,383.1275,0.2079214932198556,489.9889605514879,437.824039448512,34.705532415397045
2023-07-28,AAPL,442.43,449.19,429.1,439.15,59280686,439.15,-0.00862360882226798,461.4335,456.6308,383.93185000000005,0.20683067260216592,487.02834674693094,435.838653253069,35.954640693906484
2023-07-31,AAPL,445.78,451.97,430.84,441.41,73215854,441.41,0.005146305362632386,459.08849999999995,456.1494,384.7612,0.20953291153902567,482.84303709568906,435.33396290431085,41.37704054003058
2023-08-01,AAPL,431.84,440.98,421.28,431.13,49960954,431.13,-0.023289005686323416,456.4955,455.48339999999996,385.55925,0.21861624222081588,480.5841245046332,432.40687549536676,35.41126560811034
2023-08-02,AAPL,436.85,439.95,428.32,434.13,165710816,434.13,0.006958458005705825,454.146,454.87199999999996,386.37755000000004,0.22306875712610524,477.2689677570516,431.02303224294843,29.811755661193914
2023-08-03,AAPL,432.65,443.1,425.21,434.15,63781858,434.15,4.6069149793881436e-05,452.3929999999999,454.4094,387.1585,0.2110312645680301,476.0179022052884,428.7680977947114,23.331934531729658
2023-08-04,AAPL,436.21,444.27,431.55,437.91,111572360,437.91,0.008660601174709237,450.8544999999999,454.2146,387.94435,0.21548347149102995,474.01661650630297,427.69238349369687,31.7342027566484
2023-08-07,AAPL,438.68,446.11,432.96,439.53,86991870,439.53,0.0036993902856750083,449.73400000000004,453.8322,388.74980000000005,0.21269343181387185,472.80616541291766,426.6618345870824,37.14430037851454
2023-08-08,AAPL,450.32,452.85,444.69,448.77,53958380,448.77,0.021022455805064455,449.447,453.74739999999997,389.589,0.2216210460112662,472.4115705151718,426.48242948482823,39.80003224387677
2023-08-09,AAPL,451.41,457.33,442.2,449.77,79809676,449.77,0.00222831294426995,449.1410000000001,453.81340000000006,390.40289999999993,0.22146651244119353,471.9063197926603,426.3756802073398,45.52384327889853
2023-08-10,AAPL,445.38,450.93,443.13,447.03,109467504,447.03,-0.006092002579096034,448.20949999999993,454.10540000000003,391.18255,0.20620469945668948,469.6126925557352,426.8063074442647,44.45213777700656
2023-08-11,AAPL,444.72,453.21,442.79,448.0,74196879,448.0,0.002169876742053267,446.9955,454.4964,391.9653,0.19793946514639194,465.1593049282804,428.8316950717196,41.47364580374554
2023-08-14,AAPL,453.02,461.81,441.84,451.82,128930282,451.82,0.008526785714285667,446.51449999999994,455.1294,392.7807,0.18611482888761868,463.54168009842505,429.48731990157484,50.87148054563872
2023-08-15,AAPL,448.94,456.44,448.17,452.31,120377518,452.31,0.0010845026780577083,446.39000000000004,455.55980000000005,393.58284999999995,0.17931674842236361,463.19708747738963,429.58291252261046,50.511286885835304
2023-08-16,AAPL,453.44,455.64,449.83,452.73,115537202,452.73,0.0009285666909863988,445.95550000000003,455.8642,394.37799999999993,0.17074965930414493,461.530718474399,430.38028152560105,61.23388579978644
2023-08-17,AAPL,449.88,451.0,445.28,448.14,66564002,448.14,-0.01013849314160764,445.6215,456.16360000000003,395.1298499999999,0.16701066133758546,460.6740525374829,430.56894746251714,60.1673829259818
2023-08-18,AAPL,445.64,454.43,433.29,443.86,51940023,443.86,-0.009550586870174405,445.14250000000004,456.0768,395.84549999999996,0.16980390986686728,459.75062301062957,430.5343769893705,52.64979448978806
2023-08-21,AAPL,436.97,441.35,428.18,434.76,62589128,434.76,-0.020501960077501935,444.01300000000003,455.6718,396.4913,0.17910123609895276,458.13200413958754,429.89399586041253,54.028856808958835
2023-08-22,AAPL,449.8,452.36,440.59,446.48,86532754,446.48,0.02695740178489281,443.7915,455.54240000000004,397.2074,0.20163463916330313,457.5902875515818,429.99271244841816,61.48409892392082
2023-08-23,AAPL,438.37,447.67,429.07,438.37,99518277,438.37,-0.01816430747177933,443.121,455.5812,397.85214999999994,0.21093424146506706,456.584527183078,429.65747281692194,53.41092788962573
2023-08-24,AAPL,435.98,443.41,424.56,433.98,33562120,433.98,-0.010014371421401935,442.67150000000004,455.224,398.46985,0.20267655008240837,456.7428239940784,428.6001760059217,46.85549686900341
2023-08-25,AAPL,430.5,434.48,424.48,429.48,79740798,429.48,-0.010369141435089158,442.188,454.9602,399.01545,0.20364579117739728,457.3880659278006,426.9879340721994,42.31298759993302
2023-08-28,AAPL,432.7,443.65,427.21,435.43,85222230,435.43,0.013853962931917652,441.889,455.0284,399.60675,0.20941501924698136,457.38587085558726,426.39212914441276,39.25579896021941
2023-08-29,AAPL,429.54,442.51,424.8,433.65,71593832,433.65,-0.004087913097398088,442.015,454.92440000000005,400.14675000000005,0.19220648989626393,457.1809889572553,426.8490110427447,37.17785554374024
2023-08-30,AAPL,440.09,449.99,434.0,441.99,134093346,441.99,0.019232099619509002,442.408,454.657,400.72304999999994,0.2024584660026382,457.11405117125565,427.7019488287444,46.31901839543582
2023-08-31,AAPL,437.2,441.22,434.18,437.7,94702335,437.7,-0.009706101948007917,442.5855,454.1096,401.29325000000006,0.2059804423267666,456.95369070758335,428.2173092924167,42.8252995179778
2023-09-01,AAPL,440.71,449.58,429.78,439.68,135111909,439.68,0.004523646333104869,442.6740000000001,453.51959999999997,401.88449999999995,0.2043199033524773,456.9423918615501,428.4056081384501,41.32113239092803
2023-09-04,AAPL,437.4,441.21,427.5,434.36,73379340,434.36,-0.012099708879184878,442.41549999999995,452.736,402.4563,0.2084675849780764,457.10484232338854,427.72615767661136,37.99652266240539
2023-09-05,AAPL,445.98,453.49,443.93,448.71,116398265,448.71,0.033037112072934915,442.4125,452.11400000000003,403.08910000000003,0.22834187645550014,457.0964014964298,427.72859850357025,47.733934603514356
2023-09-06,AAPL,437.63,446.89,434.98,440.94,153861553,440.94,-0.01731630674600515,441.971,451.22360000000003,403.66985,0.23631540504600926,456.24882660738456,427.69317339261545,46.081845878916575
2023-09-07,AAPL,447.25,447.25,440.59,443.14,135193084,443.14,0.004989340953417631,441.77650000000006,450.3328000000001,404.27495000000005,0.23635146386778175,455.86893212354977,427.68406787645034,49.59910912367051
2023-09-08,AAPL,444.02,450.91,444.02,447.52,51685123,447.52,0.00988400956808233,441.75250000000005,449.51099999999997,404.902,0.23900590665207727,455.80187440071956,427.70312559928055,57.49882462617555
2023-09-11,AAPL,450.27,459.61,441.31,450.46,72280631,450.46,0.006569538791562302,441.6845,448.754,405.4906,0.23818515315888417,455.54054101576423,427.8284589842358,52.60812580948211
2023-09-12,AAPL,450.13,451.61,447.12,449.36,69683304,449.36,-0.0024419482306974327,441.537,448.0814000000001,406.02945,0.23829237054818558,454.9732339648004,428.10076603519957,57.93043728083381
2023-09-13,AAPL,449.01,454.62,442.66,448.64,97293136,448.64,-0.0016022787965106478,441.3325,447.4318,406.5529,0.23829981188001798,454.16224976164114,428.50275023835883,61.170374872654875
2023-09-14,AAPL,445.37,456.03,442.15,449.09,105274166,449.09,0.0010030313837374738,441.38,447.0294,407.07705000000004,0.23549343716690838,454.3224100903321,428.4375899096679,65.9249634412384
2023-09-15,AAPL,444.28,450.98,444.28,448.25,57195176,448.25,-0.0018704491304637472,441.5995,446.62080000000003,407.5933,0.2328345475405269,454.86390662664013,428.3350933733598,61.353170370900735
2023-09-18,AAPL,451.34,466.06,443.8,454.93,82200553,454.93,0.01490239821528161,442.608,446.48060000000004,408.1264,0.22403933380849833,456.722705433435,428.493294566565,67.34028681644781
2023-09-19,AAPL,471.23,474.91,465.95,470.43,35660930,470.43,0.03407117578528562,443.80550000000005,446.7989999999999,408.76295,0.23552512646619336,462.593567293645,425.0174327063551,70.75306478414271
2023-09-20,AAPL,467.08,471.84,461.49,466.67,142423446,466.67,-0.00799268754118565,445.2205,447.0146,409.38674999999995,0.2261434861536153,466.39598580189636,424.0450141981037,71.30460360349667
2023-09-21,AAPL,454.9,462.4,452.26,457.33,65175063,457.33,-0.020014142756123232,446.38800000000003,446.84799999999996,410.00550000000004,0.236460405513535,467.5288097240483,425.24719027595177,61.71201060565404
2023-09-22,AAPL,458.14,461.27,452.49,456.88,81807768,456.88,-0.0009839721863861284,447.758,446.54,410.61145000000005,0.23186783649864728,467.80845908383685,427.7075409161631,65.97616343751892
2023-09-25,AAPL,478.11,478.11,472.68,475.07,70680289,475.07,0.03981351777271924,449.73999999999995,446.8126,411.2914,0.26380285840502776,472.334822881615,427.1451771183849,67.73412269983481
2023-09-26,AAPL,465.23,478.73,460.33,469.53,126524715,469.53,-0.011661439366830173,451.534,447.10720000000003,411.95529999999997,0.26840092154578593,474.4452056242532,428.62279437574676,69.8293799281785
2023-09-27,AAPL,481.36,493.1,469.67,481.38,25713703,481.38,0.025238003961408184,453.5035,447.5064,412.63765,0.2736816176550353,479.521724604647,427.48527539535297,73.39124050614782
2023-09-28,AAPL,495.69,498.5,489.13,493.82,79470230,493.82,0.02584236985333832,456.30949999999996,448.2864,413.41305,0.2783996765113095,486.86126761186534,425.75773238813457,75.77951001045754
2023-09-29,AAPL,487.47,498.84,480.95,489.9,76684463,489.9,-0.007938115102669063,458.8205,449.01559999999995,414.2051,0.28287002011543705,491.7778213493634,425.86317865063654,71.72284643088653
2023-10-02,AAPL,492.36,504.07,484.46,494.26,66724491,494.26,0.008899775464380477,461.81550000000004,449.75379999999996,415.01279999999997,0.2751876433142823,496.2664429860847,427.3645570139154,73.87282006556548
2023-10-03,AAPL,507.81,517.79,495.53,506.66,159575514,506.66,0.025088010358920387,464.713,450.86879999999996,415.8556,0.2663726586580958,503.9396971924791,425.48630280752093,77.44040861630566
2023-10-04,AAPL,507.96,510.73,497.17,503.95,56097702,503.95,-0.005348754588876292,467.86349999999993,451.9122,416.64099999999996,0.2555112665006417,509.11971881032196,426.6072811896779,75.4028523702941
2023-10-05,AAPL,505.7,508.14,497.03,502.59,108934317,502.59,-0.0026986804246453833,470.83599999999996,453.1046,417.43089999999995,0.2576908170459943,513.1451934267234,428.52680657327653,75.04147464469506
2023-10-06,AAPL,499.22,504.12,492.65,498.39,92252349,498.39,-0.008356712230645269,473.3794999999999,454.28939999999994,418.17115000000007,0.2625442440248122,515.902611969584,430.85638803041587,70.496132795822
2023-10-09,AAPL,493.29,500.48,481.57,491.02,132506849,491.02,-0.01478761612391899,475.40749999999997,455.28159999999997,418.87494999999996,0.2721864484017076,517.1905224272576,433.62447757274225,60.51690672339115
2023-10-10,AAPL,485.11,496.81,476.05,486.43,61261464,486.43,-0.009347888069732302,477.26099999999997,456.38759999999996,419.55975,0.2755909852669799,517.4368334796964,437.0851665203036,60.00810371920466
2023-10-11,AAPL,479.09,481.87,473.62,477.74,59670578,477.74,-0.01786485208560329,478.716,457.25980000000004,420.17715,0.28591629106679173,516.5680412576024,440.86395874239764,60.40583255995022
2023-10-12,AAPL,477.82,484.09,472.21,478.15,124021457,478.15,0.0008582073931426848,480.169,458.1398,420.7786,0.28593218175346957,515.3709352936718,444.9670647063282,60.848719770969254
2023-10-13,AAPL,469.88,483.71,461.92,472.82,94836576,472.82,-0.011147129561852931,481.39750000000004,458.83799999999997,421.39464999999996,0.2900206615684722,513.4864821228878,449.3085178771123,48.67911235550654
2023-10-16,AAPL,476.55,484.67,464.61,474.64,43122792,474.64,0.003849244955797193,482.383,459.5402,421.98,0.28655072016966343,512.1780869139413,452.58791308605856,53.13689379074382
2023-10-17,AAPL,464.37,475.3,452.39,463.85,64476745,463.85,-0.022733018708916197,482.054,459.8418,422.4734,0.2736030969965841,512.5420728361429,451.56592716385705,39.0969025930171
2023-10-18,AAPL,464.99,475.68,456.94,466.31,93370896,466.31,0.005303438611620193,482.03599999999994,460.17260000000005,422.99555,0.2728849511990409,512.5627160989889,451.50928390101103,30.464422661177366
2023-10-19,AAPL,476.22,478.41,466.26,472.34,111847051,472.34,0.012931311788295208,482.7865,460.6788,423.53644999999995,0.2656381822763478,511.4360810752665,454.1369189247335,37.892995028536916
2023-10-20,AAPL,454.18,466.28,450.87,458.57,60967099,458.57,-0.029152728966422403,482.871,460.89020000000005,423.99435,0.2874068248487008,511.2071111620537,454.53488883794626,28.219211517208947
2023-10-23,AAPL,459.61,469.72,452.91,461.31,24936291,461.31,0.005975096495627774,482.183,461.08,424.45815000000005,0.2481890698951966,511.9487394719934,452.4172605280066,18.62460218263803
2023-10-24,AAPL,465.88,473.13,465.88,470.04,98624125,470.04,0.018924367561943267,482.2085,461.4346,424.98009999999994,0.25499240999001827,511.9294387646391,452.48756123536094,28.343338863241684
2023-10-25,AAPL,464.21,469.08,454.41,461.75,49101930,461.75,-0.017636796868351623,481.22700000000003,461.615,425.47835,0.2442961222334425,512.3276326555867,450.1263673444133,26.038488613417726
2023-10-26,AAPL,475.55,482.73,464.55,473.64,35697873,473.64,0.02574986464537088,480.218,462.125,426.0360999999999,0.2441566379354941,510.90505099787487,449.53094900212517,36.680658696442464
2023-10-27,AAPL,475.18,480.76,472.81,476.79,25767042,476.79,0.006650620724601097,479.5625,462.7836,426.57685,0.244918765496468,509.9372408045925,449.1877591954075,41.97767504129342
2023-10-30,AAPL,473.59,481.66,462.2,471.93,110788056,471.93,-0.01019316680299509,478.4459999999999,463.527,427.07759999999996,0.24380698390716873,508.1808821561632,448.71111784383663,41.850269777586504
2023-10-31,AAPL,470.71,479.56,463.83,471.69,84223469,471.69,-0.0005085499968215945,476.69749999999993,464.03119999999996,427.58684999999997,0.22174583478780405,503.4054486492588,449.98955135074107,46.242702761801034
2023-11-01,AAPL,478.26,487.26,464.38,475.82,73095300,475.82,0.008755750598910206,475.291,464.7802,428.09455,0.22578176612245876,498.7172577823056,451.8647422176944,48.616882337876824
2023-11-02,AAPL,476.09,479.31,473.74,476.52,139440275,476.52,0.0014711445504602683,473.9875,465.631,428.68344999999994,0.22628419746440404,493.6104896053446,454.36451039465544,52.32412059381233
2023-11-03,AAPL,479.71,485.51,475.6,480.55,103229690,480.55,0.008457147653823549,473.0955000000001,466.6524,429.2607,0.2284350386188115,489.3870172954611,456.80398270453907,53.61202786027909
2023-11-06,AAPL,478.24,482.2,466.05,474.12,152710909,474.12,-0.01338050150868797,472.2505,467.42620000000005,429.85220000000004,0.22741997130172695,486.2143306838509,458.2866693161491,56.6300839148764
2023-11-07,AAPL,473.12,480.69,470.29,475.49,45829704,475.49,0.0028895638235046928,471.70349999999996,468.263,430.45959999999997,0.22607197285473127,484.09745145344755,459.3095485465524,56.01100051356529
2023-11-08,AAPL,462.13,474.65,456.69,465.67,78901984,465.67,-0.020652379650465846,471.1,468.7366,431.0468,0.22902077734871473,483.43162131308634,458.7683786869137,45.83905176990962
2023-11-09,AAPL,465.84,474.43,455.67,465.05,41902323,465.05,-0.001331414950501486,470.44500000000005,469.2836,431.6638,0.2288942450638397,482.59014587890545,458.29985412109465,54.83582088406416
2023-11-10,AAPL,463.25,463.25,455.71,458.94,72986442,458.94,-0.01313837221804115,469.7509999999999,469.6688,432.2197,0.23013745808747213,482.87180212562834,456.6301978743715,48.31604375903901
2023-11-13,AAPL,452.95,461.0,447.12,454.06,72427082,454.06,-0.010633198239421215,468.72200000000004,470.0628,432.76275000000004,0.23150342844350139,483.3677590052872,454.07624099471286,37.98857485670716
2023-11-14,AAPL,458.66,469.74,455.69,462.71,102788357,462.71,0.01905034576928144,468.66499999999996,470.3428,433.33945,0.22964474928838693,483.39920295913385,453.9307970408661,50.71770333866554
2023-11-15,AAPL,469.0,476.34,464.68,470.51,81471412,470.51,0.016857210779970266,468.875,470.93420000000003,433.9558,0.23675145554855107,483.58758322871967,454.16241677128033,47.507564888276704
2023-11-16,AAPL,475.04,486.23,463.75,474.99,102656605,474.99,0.00952158296316763,469.0075,471.5712,434.5815,0.23468759884728813,483.89812845511625,454.11687154488374,48.59638177354414
2023-11-17,AAPL,464.27,477.5,457.35,467.43,105996141,467.43,-0.015916124549990585,469.45050000000003,471.9694,435.1668,0.2165988827582814,483.5392674183111,455.36173258168895,46.63274467744899
2023-11-20,AAPL,466.84,474.19,456.55,465.37,189425935,465.37,-0.004407076995485926,469.6535,472.26759999999996,435.7746000000001,0.21660018312827367,483.3602179456261,455.9467820543739,45.396270387011256
2023-11-21,AAPL,478.8,483.22,464.93,474.08,70520819,474.08,0.018716290263661062,469.8555,472.76199999999994,436.3995,0.21636690457137414,483.7045394498338,456.0064605501662,48.811800045296835
2023-11-22,AAPL,474.79,482.01,468.48,475.24,54905721,475.24,0.002446844414444982,470.53000000000003,473.2939999999999,437.04245000000003,0.2054897007326969,484.0263948402176,457.03360515978244,49.13137892660372
2023-11-23,AAPL,490.81,503.76,480.71,492.24,88275277,492.24,0.0357713997138287,471.46000000000004,474.157,437.80985,0.22345582836028458,488.0642429580323,454.85575704196776,56.74552797698283
2023-11-24,AAPL,494.33,504.67,485.96,495.32,58038966,495.32,0.006257110352673401,472.38649999999996,475.09839999999997,438.60294999999996,0.22335204569321135,492.0323210635746,452.7406789364253,62.72509002547236
2023-11-27,AAPL,493.09,506.64,487.18,496.91,144721461,496.91,0.0032100460308488454,473.6355,475.93799999999993,439.36505,0.21866400609077508,496.1289867531608,451.14201324683916,62.82327585153825
2023-11-28,AAPL,498.57,505.78,483.78,494.78,71431533,494.78,-0.004286490511360319,474.7900000000001,476.425,440.0938,0.2198010638135988,499.15538960339336,450.4246103966068,69.1942502839414
2023-11-29,AAPL,495.09,501.14,490.74,495.94,63802736,495.94,0.0023444763329156793,475.796,477.0104,440.8369,0.21854890323931545,501.93717091564434,449.65482908435564,70.22390989939586
2023-11-30,AAPL,493.86,505.44,484.51,494.97,66254298,494.97,-0.0019558817598902545,476.71850000000006,477.7632,441.58365,0.2190306865644577,504.23332607037594,449.2036739296242,75.29130982656073
2023-12-01,AAPL,502.03,504.88,495.97,500.43,106633060,500.43,0.011030971574034654,477.7125,478.63419999999996,442.3654,0.22022574657304214,507.1773978491692,448.24760215083074,82.28658959543219
2023-12-04,AAPL,507.24,513.88,501.79,507.83,75108057,507.83,0.014787282936674417,479.398,479.2894,443.12915,0.21659859267124112,511.71614064477814,447.0798593552219,81.9727890993818
2023-12-05,AAPL,503.54,507.93,496.17,502.05,61890079,502.05,-0.011381761613138197,480.726,479.93979999999993,443.8532,0.2229863963317293,514.5171993525389,446.93480064746115,73.00846219693437
2023-12-06,AAPL,487.97,504.39,480.19,492.29,155736799,492.29,-0.01944029479135545,482.0570000000001,480.158,444.51625,0.22132991735693122,515.4458611113737,448.66813888862646,61.7176916707661
2023-12-07,AAPL,482.08,489.68,468.48,479.08,56801270,479.08,-0.02683377683885524,482.7585,479.8632,445.08464999999995,0.2450046345193212,515.2195167982729,450.2974832017272,57.329809981092
2023-12-08,AAPL,487.16,492.09,473.72,482.91,81146248,482.91,0.00799448943808967,483.95700000000005,479.72339999999997,445.665,0.23956710012867846,514.4240058639604,453.48999413603974,60.79517478026671
2023-12-11,AAPL,476.55,484.42,465.85,475.14,103850160,475.14,-0.0160899546499349,485.01099999999997,479.34100000000007,446.21299999999997,0.24431793406432162,512.4291007442137,457.5928992557863,50.66002489776786
2023-12-12,AAPL,464.38,467.67,452.72,460.2,41657965,460.2,-0.031443364061118806,484.88550000000004,478.4118,446.69104999999996,0.2636153859821822,512.7527012266988,457.0182987733012,42.00680271483742
2023-12-13,AAPL,459.81,474.13,451.96,463.04,96943742,463.04,0.0061712299000435955,484.512,477.5936,447.18465000000003,0.2571256551261719,513.3729739048363,455.65102609516373,31.73173172617315
2023-12-14,AAPL,480.63,488.02,473.67,480.85,52456463,480.85,0.038463199723566044,484.805,477.15880000000004,447.7677,0.29068154133025625,513.3764797067001,456.2335202932999,42.356048593840654
2023-12-15,AAPL,481.95,487.03,474.9,480.97,111178803,480.97,0.0002495580742434278,485.48199999999997,476.8104,448.33074999999997,0.2839584519369608,512.9399675714844,458.0240324285155,41.44666236767276
2023-12-18,AAPL,488.01,491.24,483.19,487.22,54432762,487.22,0.01299457346612054,486.57450000000006,476.73440000000005,448.92299999999994,0.2858044054871099,512.3503430154417,460.7986569845584,46.11510790703383
2023-12-19,AAPL,487.02,498.09,477.87,487.98,105544667,487.98,0.001559870284471021,487.2695,476.7654,449.4980499999999,0.2792673960974689,512.3675154174296,462.17148458257043,45.892672851986624
2023-12-20,AAPL,485.84,497.02,477.83,487.42,124506741,487.42,-0.0011475880159023122,487.8785,476.959,450.0719,0.2794129709842225,512.3302589723295,463.4267410276704,46.08767747284457
2023-12-21,AAPL,490.67,500.63,488.08,494.36,112911152,494.36,0.014238233966599623,487.9845,477.2832,450.6776500000001,0.25355164398681534,512.5340541603606,463.43494583963945,46.9021128849992
2023-12-22,AAPL,491.31,495.08,489.66,492.37,88460249,492.37,-0.004025406586293356,487.837,477.67420000000004,451.32795,0.2529933525078925,512.2359681403657,463.43803185963424,41.64866032213614
2023-12-25,AAPL,491.18,505.29,483.75,494.52,72930450,494.52,0.004366634847777107,487.71750000000003,478.0718,451.9633,0.2532319839457916,511.95222226283374,463.4827777371663,45.76633306374981
2023-12-26,AAPL,499.41,499.68,494.48,497.08,63526605,497.08,0.0051767370379358635,487.8325,478.7364,452.60125,0.25339486998059385,512.229615338517,463.43538466148306,52.930380512161655
2023-12-27,AAPL,489.42,501.68,482.9,492.29,144090346,492.29,-0.0096362758509696,487.65,479.256,453.18675,0.25570418543301093,511.8455324279603,463.4544675720397,59.009684888471774
2023-12-28,AAPL,495.42,512.04,487.64,499.84,60474908,499.84,0.015336488655060876,487.89349999999996,479.806,453.88915000000003,0.26147287857617785,512.4938459752918,463.29315402470814,60.989224966196915
2023-12-29,AAPL,499.22,505.55,491.84,498.7,52836392,498.7,-0.0022807298335466575,487.80699999999996,480.6086,454.52805,0.25869686277581927,512.2332922191997,463.38070778080015,66.73295453218381
2024-01-01,AAPL,494.18,498.03,488.46,493.24,104394209,493.24,-0.010948466011630242,487.0775,481.2472,455.1429,0.2552300765774447,509.7978195631449,464.35718043685506,77.11753117072158
