Date,Ticker,Open,High,Low,Close,Volume,Adj_Close,Return,SMA_20,SMA_50,SMA_200,Volatility,BB_upper,BB_lower,RSI,MACD,Signal,MACD_hist,ATR,Return_lag1,Close_lag1,Return_lag2,Close_lag2,Return_lag3,Close_lag3,Return_lag5,Close_lag5,Return_lag10,Close_lag10,Roll_mean_5,Roll_std_5,Roll_vol_5,Roll_max_5,Roll_min_5,Roll_mean_10,Roll_std_10,Roll_vol_10,Roll_max_10,Roll_min_10,Roll_mean_20,Roll_std_20,Roll_vol_20,Roll_max_20,Roll_min_20,Roll_mean_50,Roll_std_50,Roll_vol_50,Roll_max_50,Roll_min_50,DayOfWeek,Month,Quarter,Price_to_SMA20,Price_to_SMA50,High_Low_Ratio,Close_Open_Ratio,Target_Price,Target_Return
2019-10-08,AMZN,3304.46,3350.94,3294.75,3322.84,7159628,3322.84,-0.007728326046967,3370.6935,3282.3538,3388.00205,0.2593443787007301,3469.1045520696944,3272.2824479303054,44.95579637703305,6.34942242974239,20.89401700891787,-14.544594579175481,109.91928571428568,0.0026708186118928,3348.72,-0.003859529817403,3339.8,-0.0199532300496931,3352.74,-0.0056035288289545,3352.2,-0.0030116560636701,3446.16,3357.0199999999995,37.56810349217885,0.23641599184481393,3421.0,3322.84,3346.8849999999998,37.48647852522476,0.28737880184264386,3421.0,3273.72,3370.6935,49.20552603484733,0.25934437870072957,3456.57,3273.72,3282.3538,180.67972407945854,0.29457077397561976,3621.41,2917.74,1,10,4,0.9858030699020882,1.0123345021487287,0.016910233414784686,0.005562179599690887,3329.5,0.0020043095665154276
2019-10-09,AMZN,3358.95,3386.49,3272.51,3329.5,3928352,3329.5,0.0020043095665154,3369.875,3290.369,3387.5878,0.2395720448482478,3469.4211189070884,3270.328881092912,43.65215487243891,3.400093771959746,17.395232361526247,-13.995138589566501,110.32999999999993,-0.007728326046967,3322.84,0.0026708186118928,3348.72,-0.003859529817403,3339.8,0.0205238350933716,3421.0,-0.034397706432667,3327.62,3338.72,12.598706282746402,0.14625862517354563,3352.74,3322.84,3347.0730000000003,37.383699968478886,0.23015773686120317,3421.0,3273.72,3369.875,49.773059453544114,0.2395720448482473,3456.57,3273.72,3290.369,173.41591181436834,0.29362450079484276,3621.41,2917.74,2,10,4,0.9880188434286173,1.0118925871228996,0.03423336837361926,-0.00876762083388888,3318.9,-0.0031836612103919304
2019-10-10,AMZN,3331.95,3354.66,3283.13,3318.9,5973459,3318.9,-0.0031836612103919,3369.959,3297.9618,3387.0843999999997,0.2378173153172487,3469.3207018033286,3270.597298196671,39.636404867044185,0.20503463811928668,13.957192816844856,-13.75215817872557,106.12999999999991,0.0020043095665154,3329.5,-0.007728326046967,3322.84,0.0026708186118928,3348.72,-0.0199532300496931,3352.74,-0.0161977629657232,3273.72,3331.952,12.269397703182344,0.06897734329608249,3348.72,3318.9,3351.5909999999994,29.41428468165154,0.21289920078369676,3421.0,3318.9,3369.959,49.68085090166436,0.23781731531724823,3456.57,3273.72,3297.9618,165.87644790675927,0.2939167171822423,3621.41,2917.74,3,10,4,0.9848487770916546,1.0063488303591004,0.02155232155231498,-0.0039166253995395525,3236.95,-0.024691915996263858
2019-10-11,AMZN,3219.92,3304.73,3169.17,3236.95,4626638,3236.95,-0.0246919159962638,3365.34,3304.0966000000003,3386.23695,0.2530479486903974,3480.0566093604075,3250.623390639593,31.16854163733645,-8.83787533441182,9.398179186593522,-18.236054521005343,104.49714285714276,-0.0031836612103919,3318.9,0.0020043095665154,3329.5,-0.007728326046967,3322.84,-0.003859529817403,3339.8,0.0260865315298803,3359.12,3311.382,43.15760906258226,0.1773734108899441,3348.72,3236.95,3339.374,46.4041705980056,0.20063058260917419,3421.0,3236.95,3365.34,57.35830468020378,0.2530479486903968,3456.57,3236.95,3304.0966000000003,157.4564447273079,0.30000627209443026,3621.41,2917.74,4,10,4,0.961849322802165,0.9796777733432551,0.04187892923893111,0.005288951278290907,3248.15,0.0034600472667172255
2019-10-14,AMZN,3236.61,3316.26,3180.05,3248.15,4593802,3248.15,0.0034600472667172,3356.409000000001,3310.7048000000004,3385.5068,0.2269578264943167,3478.5600050629355,3234.2579949370656,33.04447603147298,-14.928612488567069,4.532820851561404,-19.461433340128472,108.23428571428563,-0.0246919159962638,3236.95,-0.0031836612103919,3318.9,0.0020043095665154,3329.5,0.0026708186118928,3348.72,0.0035634332801448,3371.09,3291.268,44.80962921067865,0.17992621462669908,3329.5,3236.95,3327.0800000000004,52.89886850291615,0.20052749747989435,3421.0,3236.95,3356.4090000000006,61.07550253146747,0.22695782649431614,3456.57,3236.95,3310.7048000000004,147.53133542265618,0.29965653457164787,3621.41,2954.6,0,10,4,0.9677455876202904,0.9811052921417273,0.04193463971798042,0.0035654589215248045,3172.01,-0.023441035666456278
2019-10-15,AMZN,3198.77,3237.06,3106.95,3172.01,4992796,3172.01,-0.0234410356664562,3344.2095,3314.54,3383.69585,0.2387608687751524,3488.102348361077,3200.3166516389224,35.631844286349605,-25.60427706816381,-1.4945987323836394,-24.10967833578017,104.4028571428571,0.0034600472667172,3248.15,-0.0246919159962638,3236.95,-0.0031836612103919,3318.9,-0.007728326046967,3322.84,-0.0056035288289545,3352.2,3261.102,64.62846331144053,0.21950660148364032,3329.5,3172.01,3309.061,70.98783893503588,0.22404146071527606,3421.0,3172.01,3344.2095,71.94642418053874,0.2387608687751518,3456.57,3172.01,3314.54,141.11868549529078,0.3018673601922818,3621.41,2954.6,1,10,4,0.9485081601493721,0.9569985578689783,0.04101815568045469,-0.008365715571920269,3182.08,0.0031746432073038733
2019-10-16,AMZN,3206.74,3231.39,3132.76,3182.08,5528497,3182.08,0.0031746432073038,3334.3415,3319.0896,3381.67255,0.2383592828323122,3494.2406190225915,3174.4423809774084,40.79328082187128,-32.87331026222773,-7.770341038352458,-25.102969223875274,104.64214285714282,-0.0234410356664562,3172.01,0.0034600472667172,3248.15,-0.0246919159962638,3236.95,0.0020043095665154,3329.5,0.0205238350933716,3421.0,3231.618,59.00638075664297,0.22338315293459107,3318.9,3172.01,3285.1690000000003,69.31331240581856,0.18048243080151624,3352.74,3172.01,3334.3415,79.94955951129569,0.2383592828323115,3456.57,3172.01,3319.0896000000002,132.6929547206263,0.3010113962122642,3621.41,2967.9,2,10,4,0.9543353612696976,0.9587207287200206,0.030995449517287013,-0.0076900528262323,3262.38,0.02523506637168138
2019-10-17,AMZN,3256.19,3297.26,3227.5,3262.38,3507003,3262.38,0.0252350663716813,3327.5064999999995,3324.617,3379.2283500000003,0.2570125975871201,3487.440531699885,3167.5724683001145,40.18027528409088,-31.78809911498729,-12.573892653679426,-19.214206461307864,102.26142857142852,0.0031746432073038,3182.08,-0.0234410356664562,3172.01,0.0034600472667172,3248.15,-0.0031836612103919,3318.9,-0.0199532300496931,3352.74,3220.314,40.67020690871643,0.3334717469617413,3262.38,3172.01,3276.1330000000003,65.29933044577564,0.2272549872133937,3348.72,3172.01,3327.5064999999995,79.96701584994241,0.2570125975871195,3456.57,3172.01,3324.617,124.00707210329983,0.3050087082658351,3621.41,2967.9,3,10,4,0.980427836879964,0.981279948938184,0.021383161986028246,0.0019009947208234635,3246.53,-0.004858416248260444
2019-10-18,AMZN,3216.55,3315.32,3177.74,3246.53,6050942,3246.53,-0.0048584162482604,3318.404,3330.1896,3376.8684000000003,0.25407995880013,3474.800244321547,3162.007755678453,37.45518269241354,-31.839992385781443,-16.42711260009983,-15.412879785681614,103.91857142857141,0.0252350663716813,3262.38,0.0031746432073038,3182.08,-0.0234410356664562,3172.01,-0.0246919159962638,3236.95,-0.003859529817403,3339.8,3222.2300000000005,41.85818259310632,0.2783018790272804,3262.38,3172.01,3266.8059999999996,61.76023931300727,0.22746080282093617,3348.72,3172.01,3318.404,78.19812216077345,0.2540799588001294,3456.57,3172.01,3330.1896,113.46201473441299,0.3048575949873105,3621.41,3073.95,4,10,4,0.9783407927422405,0.9748784273421024,0.04237755388059189,0.009320545304749094,3179.38,-0.02068362220586295
2019-10-21,AMZN,3150.67,3207.11,3150.67,3179.38,2592197,3179.38,-0.0206836222058629,3304.5445,3332.2982,3374.19765,0.2584641377984492,3458.4960262705854,3150.5929737294146,34.13680422881865,-36.87449574739276,-20.516589229558413,-16.357906517834344,107.8635714285714,-0.0048584162482604,3246.53,0.0252350663716813,3262.38,0.0031746432073038,3182.08,0.0034600472667172,3248.15,0.0026708186118928,3348.72,3208.476,42.5054211836289,0.31381104192434456,3262.38,3172.01,3249.8720000000003,59.99513217290533,0.2416860565174827,3329.5,3172.01,3304.5445,76.97576313529282,0.25846413779844857,3446.16,3172.01,3332.2982,109.51379595675351,0.2989841108635237,3621.41,3115.89,0,10,4,0.962123524134427,0.9541102894089868,0.01775188873301785,0.00911234753242673,3172.72,-0.0020947480326354295
2019-10-22,AMZN,3159.01,3206.97,3138.47,3172.72,3991480,3172.72,-0.0020947480326354,3290.8725,3333.4348000000005,3371.9301,0.2585332216719374,3440.37298151653,3141.3720184834697,24.275767747648302,-40.92996709056524,-24.59926480175978,-16.330702288805462,106.23714285714284,-0.0206836222058629,3179.38,-0.0048584162482604,3246.53,0.0252350663716813,3262.38,-0.0234410356664562,3172.01,-0.007728326046967,3322.84,3208.618,42.35405789293041,0.2635564968408777,3262.38,3172.72,3234.86,58.47054681157339,0.24160646725640392,3329.5,3172.01,3290.8725,74.75024075826504,0.2585332216719367,3421.0,3172.01,3333.4348000000005,107.49830598076876,0.29760469317237354,3621.41,3154.37,1,10,4,0.964096907430791,0.951787027602594,0.021590307370325277,0.004339967268224931,3126.15,-0.014678257142136664
2019-10-23,AMZN,3134.22,3153.28,3099.02,3126.15,5588340,3126.15,-0.0146782571421366,3280.799,3332.2152,3369.68865,0.2363002276296522,3446.180846251225,3115.417153748775,25.41821258791498,-47.35587806210424,-29.150587453828678,-18.20529060827556,105.32928571428569,-0.0020947480326354,3172.72,-0.0206836222058629,3179.38,-0.0048584162482604,3246.53,0.0031746432073038,3182.08,0.0020043095665154,3329.5,3197.432,56.22841247979175,0.28059276996594407,3262.38,3126.15,3214.525,57.24727635442555,0.2435223923434612,3318.9,3126.15,3280.799,82.69092312561243,0.2363002276296515,3421.0,3126.15,3332.2152,109.51897852939805,0.2950410891427401,3621.41,3126.15,2,10,4,0.9528623972389187,0.9381596962882415,0.01735681269292352,-0.0025748033003417546,3160.38,0.010949570558034694
2019-10-24,AMZN,3165.7,3218.79,3101.96,3160.38,5955417,3160.38,0.0109495705580346,3275.132,3332.3354000000004,3366.9924,0.235857911559573,3449.080759617945,3101.183240382055,31.394914761210444,-49.1201572784139,-33.144501418745726,-15.975655859668173,107.74999999999997,-0.0146782571421366,3126.15,-0.0020947480326354,3172.72,-0.0206836222058629,3179.38,0.0252350663716813,3262.38,-0.0031836612103919,3318.9,3177.032,43.932748263652016,0.19351118741671366,3246.53,3126.15,3198.673,45.97092947359945,0.25827365518889145,3262.38,3126.15,3275.132,86.97437980897254,0.2358579115595723,3421.0,3126.15,3332.3354000000004,109.32292780434753,0.2951670487095029,3621.41,3126.15,3,10,4,0.964962633566841,0.9483979313724097,0.03696707357974768,-0.001680512998704245,3152.56,-0.0024743859915580257
2019-10-25,AMZN,3161.0,3211.59,3093.53,3152.56,4809580,3152.56,-0.002474385991558,3264.804,3331.074,3364.42665,0.2118711227687736,3442.249541819368,3087.3584581806326,29.61253845428085,-50.56647111138136,-36.62889535727285,-13.937575754108508,106.65571428571427,0.0109495705580346,3160.38,-0.0146782571421366,3126.15,-0.0020947480326354,3172.72,-0.0048584162482604,3246.53,-0.0246919159962638,3236.95,3158.2380000000003,20.75560213526097,0.1953406902012056,3179.38,3126.15,3190.234,45.909391486564836,0.23312896163126226,3262.38,3126.15,3264.804,88.72277090968383,0.21187112276877307,3421.0,3126.15,3331.074,111.04725159009834,0.2919121930687241,3621.41,3126.15,4,10,4,0.9656199882133918,0.9464094763427812,0.037448930393065474,-0.0026700411262250505,3251.7,0.03144745857334996
2019-10-28,AMZN,3265.83,3310.4,3193.01,3251.7,3417596,3251.7,0.0314474585733499,3258.8345,3332.1442,3361.70875,0.2441363239291982,3429.113017293195,3088.555982706805,43.58336039143813,-43.21476290517239,-37.94606886685276,-5.26869403831963,113.91642857142857,-0.002474385991558,3152.56,0.0109495705580346,3160.38,-0.0146782571421366,3126.15,-0.0206836222058629,3179.38,0.0034600472667172,3248.15,3172.702,47.3426469475183,0.27810039977997353,3251.7,3126.15,3190.589,46.417903502372404,0.28895283610925676,3262.38,3126.15,3258.8345,85.1392586465975,0.24413632392919757,3421.0,3126.15,3332.1441999999997,109.99331336059078,0.3001584839758916,3621.41,3126.15,0,10,4,0.9978107203661315,0.9758581276281572,0.036101116339134535,-0.004326618348167474,3321.12,0.021348832918165916
2019-10-29,AMZN,3289.17,3365.33,3276.9,3321.12,5725772,3321.12,0.0213488329181659,3257.2805,3334.4637999999995,3359.75445,0.2568210574422778,3424.511347377889,3090.049652622111,49.32101766214471,-31.4246238501064,-36.64177986350349,5.217156013397087,113.8914285714286,0.0314474585733499,3251.7,-0.002474385991558,3152.56,0.0109495705580346,3160.38,-0.0020947480326354,3172.72,-0.0234410356664562,3172.01,3202.382,81.53020188861069,0.29184891158033427,3321.12,3126.15,3205.5,61.33820578472166,0.27314193390304203,3321.12,3126.15,3257.2805,83.61542368894447,0.2568210574422772,3421.0,3126.15,3334.4637999999995,108.47273325945001,0.3037713664755167,3621.41,3126.15,1,10,4,1.0195990182604724,0.9959982171643322,0.026626559714786942,0.009713696768482659,3312.6,-0.002565399624223197
2019-10-30,AMZN,3286.44,3335.8,3286.44,3312.6,3060406,3312.6,-0.0025653996242231,3251.8605,3334.686,3358.10275,0.244734055483618,3403.002041814602,3100.7189581853977,49.48782153313252,-22.508878164796897,-33.815199523762175,11.306321358965278,112.3078571428572,0.0213488329181659,3321.12,0.0314474585733499,3251.7,-0.002474385991558,3152.56,-0.0146782571421366,3126.15,0.0031746432073038,3182.08,3239.6719999999996,80.58018441278199,0.23652904750948014,3321.12,3152.56,3218.552,69.18553634973095,0.2755701211488125,3321.12,3126.15,3251.8605,75.57077090730112,0.24473405548361737,3352.74,3126.15,3334.6859999999997,108.41517372525782,0.29639956189427996,3621.41,3126.15,2,10,4,1.0186783842661706,0.99337688765869,0.014900682243550453,0.007959981012886861,3356.18,0.013155829257984752
2019-10-31,AMZN,3346.74,3434.12,3278.23,3356.18,8059552,3356.18,0.0131558292579847,3252.0325000000003,3336.9954,3356.7771,0.2397849196461809,3403.664450372189,3100.400549627811,60.338160060964654,-11.790628660183302,-29.410285351046404,17.619656690863103,112.7478571428572,-0.0025653996242231,3312.6,0.0213488329181659,3321.12,0.0314474585733499,3251.7,0.0109495705580346,3160.38,0.0252350663716813,3262.38,3278.832,79.98754478041137,0.23658243386282257,3356.18,3152.56,3227.932,81.11752431571752,0.25565910389183305,3356.18,3126.15,3252.0325000000003,75.8159751860947,0.23978491964618026,3356.18,3126.15,3336.9954,107.59926426442311,0.2946525345957709,3621.41,3126.15,3,10,4,1.032025356449841,1.0057490639630473,0.04644864101447283,0.0028206553242848967,3333.13,-0.006867927226787529
2019-11-01,AMZN,3310.12,3383.64,3282.62,3333.13,3866795,3333.13,-0.0068679272267875,3251.699,3338.594,3355.35355,0.2406897546081797,3402.54547181468,3100.852528185319,57.22005097569911,-5.0975200322354794,-24.547732287284223,19.450212255048744,110.23428571428576,0.0131558292579847,3356.18,-0.0025653996242231,3312.6,0.0213488329181659,3321.12,-0.002474385991558,3152.56,-0.0048584162482604,3246.53,3314.946,38.96979317367052,0.2550646212747168,3356.18,3251.7,3236.592,87.68076715499684,0.2575705092549634,3356.18,3126.15,3251.6989999999996,75.42323590734036,0.24068975460817915,3356.18,3126.15,3338.5939999999996,106.92052913739558,0.2950767957023779,3621.41,3126.15,4,11,4,1.025042600806217,0.9983633829087939,0.030307848778766407,0.006951409616567758,3335.8,0.0008010488639806912
2019-11-04,AMZN,3307.46,3379.63,3291.96,3335.8,2160725,3335.8,0.0008010488639806,3251.053,3339.7188,3353.6368,0.2405069315744137,3400.2516900040923,3101.8543099959074,65.90101547303533,0.4174513433035827,-19.55469556116666,19.972146904470243,106.41071428571432,-0.0068679272267875,3333.13,0.0131558292579847,3356.18,-0.0025653996242231,3312.6,0.0314474585733499,3251.7,-0.0206836222058629,3179.38,3331.7659999999996,16.544258218451848,0.18603742017852948,3356.18,3312.6,3252.234,90.25491371049407,0.22310581261472098,3356.18,3126.15,3251.053,74.5993450020462,0.24050693157441314,3356.18,3126.15,3339.7188,106.58210522237253,0.2945838340865684,3621.41,3126.15,0,11,4,1.026067554112152,0.9988266077967406,0.026281551651769826,0.008568508765031648,3314.79,-0.006298339228970606
2019-11-05,AMZN,3324.13,3370.4,3259.18,3314.79,2480402,3314.79,-0.0062983392289706,3250.6505,3339.794,3351.6616500000005,0.2399570864166426,3399.075192863313,3102.225807136687,62.61573853855425,3.057529186323791,-15.032250611668571,18.089779797992364,107.31000000000007,0.0008010488639806,3335.8,-0.0068679272267875,3333.13,0.0131558292579847,3356.18,0.0213488329181659,3321.12,-0.0020947480326354,3172.72,3330.5,17.760091497478292,0.12957584061945052,3356.18,3312.6,3266.441,87.48709967760846,0.22774674962749925,3356.18,3126.15,3250.6505,74.21234643165657,0.23995708641664198,3356.18,3126.15,3339.794,106.56277517529966,0.29422312301302217,3621.41,3126.15,1,11,4,1.0197312814770398,0.9925133107009018,0.03355265341091493,-0.00280975774112244,3361.47,0.014082340057741227
2019-11-06,AMZN,3382.67,3391.24,3331.7,3361.47,4070442,3361.47,0.0140823400577412,3252.2490000000003,3341.3256,3350.05495,0.2450791870972956,3404.8782989600704,3099.61970103993,60.062963337380125,8.814883289131103,-10.262823831508637,19.07770712063974,104.54357142857147,-0.0062983392289706,3314.79,0.0008010488639806,3335.8,-0.0068679272267875,3333.13,-0.0025653996242231,3312.6,-0.0146782571421366,3126.15,3340.274,18.859738333256058,0.1616213549831359,3361.47,3314.79,3289.9730000000004,76.51966298496788,0.20458294974012742,3361.47,3152.56,3252.2490000000003,76.31464948003516,0.24507918709729506,3361.47,3126.15,3341.3256,106.30757623010032,0.29525212984990035,3621.41,3126.15,2,11,4,1.033583221948555,1.0060288647113569,0.017712488881347223,-0.006267238601458021,3449.95,0.02632181753816032
2019-11-07,AMZN,3467.38,3476.34,3423.55,3449.95,4230095,3449.95,0.0263218175381603,3258.8015,3342.1,3348.9313,0.2609191892033205,3433.181130181094,3084.421869818906,68.00240716317029,20.283409913391097,-4.153577082528691,24.43698699591979,102.9214285714286,0.0140823400577412,3361.47,-0.0062983392289706,3314.79,0.0008010488639806,3335.8,0.0131558292579847,3356.18,0.0109495705580346,3160.38,3359.028,53.47901569773945,0.22748135561741387,3449.95,3314.79,3318.9300000000003,76.8190845789977,0.2256124246404065,3449.95,3152.56,3258.8015,87.18981509054703,0.2609191892033199,3449.95,3126.15,3342.1,106.96617697350294,0.28843191400975177,3621.41,3126.15,3,11,4,1.058656073405803,1.0322701295589503,0.015301671038706261,-0.005026850244275292,3500.56,0.014669777822867047
2019-11-08,AMZN,3522.76,3546.45,3454.67,3500.56,8794768,3500.56,0.014669777822867,3271.982,3345.446,3348.1625,0.2442578836101585,3476.6302918364304,3067.3337081635696,79.28123404363295,33.074837782388386,3.2921058904547245,29.78273189193366,102.96714285714289,0.0263218175381603,3449.95,0.0140823400577412,3361.47,-0.0062983392289706,3314.79,-0.0068679272267875,3333.13,-0.002474385991558,3152.56,3392.514,79.363184348912,0.20315257950004925,3500.56,3314.79,3353.7299999999996,71.73301254574807,0.217697598819205,3500.56,3251.7,3271.982,102.32414591821524,0.24425788361015793,3500.56,3126.15,3345.446,109.27572578069731,0.2851640449552514,3621.41,3126.15,4,11,4,1.06985918626659,1.0463657162599407,0.026218662156904476,-0.006301876937399644,3559.81,0.016925863290444987
2019-11-11,AMZN,3571.61,3593.78,3525.83,3559.81,2640305,3559.81,0.0169258632904449,3287.565,3348.1901999999995,3347.9849,0.2484784843306209,3528.770211386466,3046.359788613534,82.20221952123718,47.446186252031566,12.122921962770093,35.32326428926147,104.73285714285718,0.014669777822867,3500.56,0.0263218175381603,3449.95,0.0140823400577412,3361.47,0.0008010488639806,3335.8,0.0314474585733499,3251.7,3437.316,99.91175846715855,0.1893613763478245,3559.81,3314.79,3384.541,87.48097830703003,0.18910513308958313,3559.81,3312.6,3287.565,120.6026056932331,0.24847848433062042,3559.81,3126.15,3348.1901999999995,112.9150557646176,0.2814301529218273,3621.41,3126.15,0,11,4,1.0828105299815873,1.0632042349323336,0.019088097398451374,-0.0033038321653251273,3620.12,0.01694191543930712
2019-11-12,AMZN,3637.16,3655.91,3584.34,3620.12,4063640,3620.12,0.0169419154393071,3309.9705000000004,3350.6138,3348.3906,0.2283339545964965,3586.625148060853,3033.315851939148,90.1751874664306,62.976146605717986,22.293566891359674,40.68257971435831,106.3328571428572,0.0169258632904449,3559.81,0.014669777822867,3500.56,0.0263218175381603,3449.95,-0.0062983392289706,3314.79,0.0213488329181659,3321.12,3498.382,99.61028797268087,0.0784706666418324,3620.12,3361.47,3414.441,111.26117226797446,0.182322414844883,3620.12,3312.6,3309.9705000000004,138.32732403042615,0.22833395459649605,3620.12,3126.15,3350.6138,117.4271205313571,0.2795879579409459,3621.41,3126.15,1,11,4,1.093701590391487,1.0804348743501622,0.01977006287083852,-0.00468497399069474,3656.91,0.010162646542103637
2019-11-13,AMZN,3640.22,3740.47,3573.35,3656.91,2618301,3656.91,0.0101626465421036,3333.7119999999995,3351.3238,3348.6464,0.2282394763396345,3643.6499846695824,3023.7740153304167,90.21592988958412,77.3606323915892,33.30697999140558,44.05365240018362,109.92500000000005,0.0169419154393071,3620.12,0.0169258632904449,3559.81,0.014669777822867,3500.56,0.0140823400577412,3361.47,-0.0025653996242231,3312.6,3557.47,84.58444035400936,0.09360724736499694,3656.91,3449.95,3448.8720000000003,128.22555004539393,0.17112100711253336,3656.91,3314.79,3333.7119999999995,154.96899233479132,0.22823947633963404,3656.91,3126.15,3351.3238,119.19191165357154,0.26934966748415307,3656.91,3126.15,2,11,4,1.0969483866629461,1.0911837286504242,0.04569978479097221,0.004584887726564732,3583.36,-0.020112608732509085
2019-11-14,AMZN,3618.69,3639.31,3527.4,3583.36,3284559,3583.36,-0.020112608732509,3349.761,3352.5908,3349.1148,0.2369819531601703,3676.910360635476,3022.6116393645243,81.53456504385932,81.88168954699677,43.02192190252382,38.859767644472946,110.74285714285718,0.0101626465421036,3656.91,0.0169419154393071,3620.12,0.0169258632904449,3559.81,0.0263218175381603,3449.95,0.0131558292579847,3356.18,3584.1519999999996,59.51513731817484,0.2508362698714299,3656.91,3500.56,3471.59,130.08982588964952,0.2264387366957032,3656.91,3314.79,3349.761,163.57468031773772,0.2369819531601698,3656.91,3126.15,3352.5908,121.33899031546144,0.2656386428276832,3656.91,3126.15,3,11,4,1.0697360199724488,1.0688330946917026,0.03123046526164511,-0.009763201600576497,3695.46,0.031283488122878955
2019-11-15,AMZN,3672.04,3749.67,3641.25,3695.46,7845053,3695.46,0.0312834881228789,3372.2074999999995,3357.1792,3349.6249,0.2516964208007474,3729.7285253000073,3014.686474699992,81.87839429736749,93.43315381921684,53.10416828586243,40.32898553335441,111.34785714285717,-0.020112608732509,3583.36,0.0101626465421036,3656.91,0.0169419154393071,3620.12,0.014669777822867,3500.56,-0.0068679272267875,3333.13,3623.132,54.71026567292057,0.3022968140096446,3695.46,3559.81,3507.8229999999994,137.4888147410114,0.24299396072137278,3695.46,3314.79,3372.2074999999995,178.76051265000388,0.2516964208007469,3695.46,3126.15,3357.1792,129.76197004028106,0.27189625069235135,3695.46,3126.15,4,11,4,1.0958578319984476,1.1007634027992605,0.029338702083088638,0.006377926166379913,3818.18,0.03320831506767763
2019-11-18,AMZN,3796.37,3889.92,3746.43,3818.18,2538973,3818.18,0.0332083150676776,3404.1475,3362.3218,3350.8558000000003,0.2468194086077877,3801.0982064120712,3007.196793587929,83.16740511241616,111.2083106841269,64.72499676551533,46.48331391861157,117.1214285714286,0.0312834881228789,3695.46,-0.020112608732509,3583.36,0.0101626465421036,3656.91,0.0169258632904449,3559.81,0.0008010488639806,3335.8,3674.8059999999996,90.35470092918241,0.3417896421148023,3818.18,3583.36,3556.061,154.0523273616947,0.26067308648999243,3818.18,3314.79,3404.1475,198.4753532060357,0.24681940860778728,3818.18,3126.15,3362.3217999999997,142.47852629739546,0.27503858941851733,3818.18,3126.15,0,11,4,1.1216258989949401,1.1355783970466076,0.03758073218129126,0.005744961634401863,3802.85,-0.004015001911905625
2019-11-19,AMZN,3786.8,3894.24,3711.46,3802.85,5058709,3802.85,-0.0040150019119056,3435.654,3369.511,3352.2534,0.2480871347919025,3854.6775907640895,3016.6304092359096,82.41836721046138,122.64447847647443,76.30889310770715,46.33558536876728,126.65142857142857,0.0332083150676776,3818.18,0.0312834881228789,3695.46,-0.020112608732509,3583.36,0.0169419154393071,3620.12,-0.0062983392289706,3314.79,3711.352,99.2251791129768,0.3632777317081061,3818.18,3583.36,3604.8669999999997,146.2349459716536,0.2559733340463848,3818.18,3361.47,3435.654,209.5117953820452,0.248087134791902,3818.18,3126.15,3369.511,155.15727402430431,0.2637566457364252,3818.18,3126.15,1,11,4,1.1068780500012205,1.1286059015681715,0.04806395203596032,0.004238407098340416,3778.27,-0.0064635733726020606
2019-11-20,AMZN,3814.19,3814.19,3750.9,3778.27,4680745,3778.27,-0.006463573372602,3468.26,3378.159,3353.2886,0.2391467373100174,3887.366475203956,3049.1535247960437,78.6306350289626,128.24598340237117,86.69631116663996,41.54967223573121,120.03714285714285,-0.0040150019119056,3802.85,0.0332083150676776,3818.18,0.0312834881228789,3695.46,0.0101626465421036,3656.91,0.0140823400577412,3361.47,3735.624,97.40505905753847,0.38181520248771433,3818.18,3583.36,3646.547,127.3299352120708,0.27568869000228113,3818.18,3449.95,3468.2599999999998,209.5532376019782,0.2391467373100169,3818.18,3152.56,3378.1589999999997,165.51717541126172,0.25520789469836086,3818.18,3126.15,2,11,4,1.0893848788726654,1.1184405470550325,0.016751052730478028,-0.009417464782821688,3820.87,0.011275001521860561
2019-11-21,AMZN,3858.18,3903.67,3738.07,3820.87,3961512,3820.87,0.0112750015218605,3501.2845,3388.2319999999995,3354.04955,0.2391734307732712,3922.328314220888,3080.240685779112,82.22894750601152,134.57142477277557,96.27133388786709,38.300090884908485,124.64999999999999,-0.006463573372602,3778.27,-0.0040150019119056,3802.85,0.0332083150676776,3818.18,-0.020112608732509,3583.36,0.0263218175381603,3449.95,3783.1259999999993,51.844326883498354,0.2984620593733683,3820.87,3695.46,3683.639,117.32962820380622,0.2637253249708854,3820.87,3500.56,3501.2845,210.52190711044415,0.23917343077327072,3820.87,3152.56,3388.2319999999995,176.681832901832,0.25464669336233897,3820.87,3126.15,3,11,4,1.0912766443283624,1.1276884227523005,0.043340914503753485,-0.00967036270987623,3859.67,0.010154755330592291
2019-11-22,AMZN,3882.43,3924.05,3795.28,3859.67,4923742,3859.67,0.0101547553305922,3536.6400000000003,3398.8388,3354.6282,0.2348504647742789,3953.1167400341383,3120.163259965862,83.03881131524258,141.0888341111522,105.23483393252413,35.854000178628084,127.58571428571427,0.0112750015218605,3820.87,-0.006463573372602,3778.27,-0.0040150019119056,3802.85,0.0312834881228789,3695.46,0.014669777822867,3500.56,3815.968,29.71535158808247,0.2511137788468085,3859.67,3778.27,3719.55,109.7821926462627,0.26264433009209626,3859.67,3559.81,3536.6400000000003,208.23837001706923,0.23485046477427846,3859.67,3251.7,3398.8388,188.59124169332028,0.2551559674740566,3859.67,3126.15,4,11,4,1.0913381062248089,1.1355848944642106,0.033362955900366253,-0.00586230788449345,3846.38,-0.0034432995566978652
2019-11-25,AMZN,3856.31,3876.86,3815.91,3846.38,2515033,3846.38,-0.0034432995566978,3566.374,3407.231,3354.967,0.2256012228494927,3982.108481326965,3150.639518673035,83.85535416172166,143.5270455972177,112.89327626546284,30.63376933175485,123.99499999999999,0.0101547553305922,3859.67,0.0112750015218605,3820.87,-0.006463573372602,3778.27,0.0332083150676776,3818.18,0.0169258632904449,3559.81,3821.608,32.76033150020627,0.13486919420610824,3859.67,3778.27,3748.207,100.45779280097351,0.26732851850074074,3859.67,3583.36,3566.374,207.86724066348228,0.22560122284949213,3859.67,3312.6,3407.2309999999998,198.91325606342787,0.2483724296312712,3859.67,3126.15,0,11,4,1.078512797591874,1.1288873575049274,0.01584606825118278,-0.002575000453800981,3761.51,-0.022064902583728063
2019-11-26,AMZN,3763.02,3802.67,3720.35,3761.51,7758766,3761.51,-0.022064902583728,3588.3935,3414.1412,3354.50455,0.2447029915119815,3996.004865849216,3180.782134150784,74.29550092187336,137.03143299402427,117.72090761117514,19.310525382849136,127.53642857142859,-0.0034432995566978,3846.38,0.0101547553305922,3859.67,0.0112750015218605,3820.87,-0.0040150019119056,3802.85,0.0169419154393071,3620.12,3813.34,42.45899551335767,0.21715489826991044,3859.67,3761.51,3762.346,89.81307145646068,0.30009051533318,3859.67,3583.36,3588.3934999999997,203.80568292460802,0.24470299151198088,3859.67,3312.6,3414.1412,205.12847441263926,0.25412308729816474,3859.67,3126.15,1,11,4,1.0482434549050854,1.1017441223575928,0.021884828167405716,-0.00040127344526453814,3782.98,0.005707814149104928
2019-11-27,AMZN,3818.59,3838.39,3727.57,3782.98,8638531,3782.98,0.0057078141491049,3611.9125,3422.212,3354.7322000000004,0.2424536134554562,4006.597545807667,3217.227454192332,72.01793010299467,132.09337260127722,120.59540060919556,11.49797199208166,127.24714285714283,-0.022064902583728,3761.51,-0.0034432995566978,3846.38,0.0101547553305922,3859.67,-0.006463573372602,3778.27,0.0101626465421036,3656.91,3814.282,41.52846337156402,0.2189602132532644,3859.67,3761.51,3774.953,81.86515851623167,0.2983565767467023,3859.67,3583.36,3611.9124999999995,197.3425229038336,0.24245361345545563,3859.67,3314.79,3422.212,211.57272384092659,0.25255211447518716,3859.67,3126.15,2,11,4,1.0473620277343243,1.10541953566842,0.029294365817416537,-0.009325431638377202,3821.43,0.010163944826565352
2019-11-28,AMZN,3836.38,3893.37,3749.5,3821.43,4076082,3821.43,0.0101639448265653,3635.175,3430.659,3355.32335,0.2416398935691739,4021.1428057749454,3249.207194225054,71.56065635322489,129.78642075395328,122.43360463814712,7.352816115806164,130.63071428571425,0.0057078141491049,3782.98,-0.022064902583728,3761.51,-0.0034432995566978,3846.38,0.0112750015218605,3820.87,-0.020112608732509,3583.36,3814.3940000000002,41.55142151603643,0.21557594555582274,3859.67,3761.51,3798.7599999999998,47.26008299234441,0.26831323728900247,3859.67,3695.46,3635.175,192.98390288747316,0.2416398935691733,3859.67,3314.79,3430.6589999999997,218.93341583314063,0.25304457467435776,3859.67,3126.15,3,11,4,1.0512368730525898,1.1139055207757127,0.03764821022495826,-0.0038969028094183516,3872.41,0.01334055576053994
2019-11-29,AMZN,3906.86,3910.57,3834.26,3872.41,10543787,3872.41,0.0133405557605399,3662.139,3439.5356,3356.4672,0.2372852340389964,4034.364473824939,3289.913526175061,71.24103065748349,130.56671294475154,124.06022629946801,6.50648664528353,130.3392857142857,0.0101639448265653,3821.43,0.0057078141491049,3782.98,-0.022064902583728,3761.51,0.0101547553305922,3859.67,0.0312834881228789,3695.46,3816.942,45.248096866093206,0.22587415088128873,3872.41,3761.51,3816.4550000000004,36.092383391620466,0.23512463076162246,3872.41,3761.51,3662.139,186.11273691246956,0.23728523403899587,3872.41,3314.79,3439.5356,227.67055101758885,0.2538480244906836,3872.41,3126.15,4,11,4,1.057417536581474,1.125852571492173,0.019706074511733066,-0.008817823008756765,3897.57,0.006497245901131432
2019-12-02,AMZN,3883.27,3958.75,3836.39,3897.57,3409900,3897.57,0.0064972459011314,3690.2275,3448.3556,3357.3272500000003,0.2359681074314553,4043.042466317877,3337.412533682123,69.79834163327985,131.6971787586849,125.5876167913114,6.109561967373509,132.21499999999997,0.0133405557605399,3872.41,0.0101639448265653,3821.43,0.0057078141491049,3782.98,-0.0034432995566978,3846.38,0.0332083150676776,3818.18,3827.1799999999994,57.66228490099448,0.22529698310494006,3897.57,3761.51,3824.3940000000002,44.30993322293609,0.175354483222752,3897.57,3761.51,3690.2275,176.40748315893856,0.23596810743145474,3897.57,3314.79,3448.3556,236.70682077340413,0.2536864387443519,3897.57,3126.15,0,12,4,1.0561869153050711,1.130269163655532,0.03139391980130408,0.003682463490819979,3879.33,-0.004679838976593187
2019-12-03,AMZN,3866.43,3951.84,3806.81,3879.33,4694854,3879.33,-0.0046798389765931,3718.4545,3457.019,3358.2208,0.2347416745590105,4033.0615466955824,3403.8474533044173,66.30310493311018,129.62700606294948,126.39549464563902,3.2315114173104575,130.63714285714286,0.0064972459011314,3897.57,0.0133405557605399,3872.41,0.0101639448265653,3821.43,-0.022064902583728,3761.51,-0.0040150019119056,3802.85,3850.744,47.2507130105323,0.10807547432511248,3897.57,3782.98,3832.0420000000004,46.713348984333805,0.17603570146898956,3897.57,3761.51,3718.4545,157.30352334779118,0.23474167455900977,3897.57,3361.47,3457.0190000000002,244.42590876273556,0.25390137844163024,3897.57,3126.15,1,12,4,1.043264076513228,1.1221604509546745,0.03738532169213828,0.0033364111079204214,3950.1,0.018242840902939372
2019-12-04,AMZN,3978.13,4005.3,3894.9,3950.1,7092585,3950.1,0.0182428409029393,3747.886,3469.4686,3359.18095,0.2366289543952623,4030.371588372017,3465.400411627983,76.99158030929422,132.17331513537374,127.55105874358597,4.622256391787772,130.38428571428577,-0.0046798389765931,3879.33,0.0064972459011314,3897.57,0.0133405557605399,3872.41,0.0057078141491049,3782.98,-0.006463573372602,3778.27,3884.168,46.43370456903065,0.13715957940757093,3950.1,3821.43,3849.225,55.510700920322385,0.18599325481009266,3950.1,3761.51,3747.886,141.2427941860086,0.23662895439526166,3950.1,3449.95,3469.4685999999997,253.38896305079749,0.24177665783899427,3950.1,3126.15,2,12,4,1.0539541490853632,1.1385317048261687,0.027948659527599843,-0.007046024136967156,3955.53,0.0013746487430699172
2019-12-05,AMZN,3927.83,4043.58,3867.48,3955.53,3329068,3955.53,0.0013746487430699,3773.165,3483.1048,3359.98255,0.2276985873145078,4032.966796963095,3513.363203036905,72.70600149990767,133.09520041849373,128.65988707856752,4.435313339926211,131.08357142857147,0.0182428409029393,3950.1,-0.0046798389765931,3879.33,0.0064972459011314,3897.57,0.0101639448265653,3821.43,0.0112750015218605,3820.87,3910.988,39.320071464892884,0.14525608671617835,3955.53,3872.41,3862.6910000000003,63.61023388137521,0.1825324256611058,3955.53,3761.51,3773.165,129.90089848154744,0.22769858731450715,3955.53,3500.56,3483.1047999999996,260.875028171398,0.23757769646366783,3955.53,3126.15,3,12,4,1.0483321031545008,1.1356333579164384,0.04451995055023104,0.00705224004093691,3923.3,-0.008148086349996086
2019-12-06,AMZN,3958.29,4011.14,3835.46,3923.3,2301761,3923.3,-0.008148086349996,3794.3020000000006,3494.3884000000003,3360.91175,0.231817711336799,4028.217055171273,3560.386944828728,60.900041474797625,129.72966666118327,128.87384299509068,0.85582366609259,129.74214285714288,0.0013746487430699,3955.53,0.0182428409029393,3950.1,-0.0046798389765931,3879.33,0.0133405557605399,3872.41,0.0101547553305922,3859.67,3921.1659999999997,32.8999882979368,0.16456924114471688,3955.53,3879.33,3869.054,66.39595322339494,0.1870005159327742,3955.53,3761.51,3794.3020000000006,116.95752758563627,0.2318177113367982,3955.53,3559.81,3494.3884000000003,267.5194762267826,0.23353306011242186,3955.53,3126.15,4,12,4,1.0339978209428151,1.1227429669806817,0.0447786302347399,-0.008839675718552946,3911.3,-0.0030586496061988377
2019-12-09,AMZN,3911.89,3967.68,3854.93,3911.3,2099307,3911.3,-0.0030586496061988,3811.8765,3505.1926000000003,3361.9738500000003,0.2299629947417515,4023.3510100254784,3600.4019899745213,61.32353248092693,124.65718674692425,128.0305117454574,-3.3733249985331497,124.74000000000004,-0.008148086349996,3923.3,0.0013746487430699,3955.53,0.0182428409029393,3950.1,0.0064972459011314,3897.57,-0.0034432995566978,3846.38,3923.9120000000003,30.953598660000853,0.16450511691960315,3955.53,3879.33,3875.546,67.10270489662281,0.18671409233625538,3955.53,3761.51,3811.8765,105.7372550127394,0.2299629947417508,3955.53,3583.36,3505.1926000000003,273.28474675961763,0.23395514489983382,3955.53,3126.15,0,12,4,1.0260825606493218,1.1158587976018448,0.028826732799829,-0.00015082223682146993,3791.0,-0.030757037302175827
2019-12-10,AMZN,3823.33,3883.73,3698.28,3791.0,9121415,3791.0,-0.0307570373021758,3820.4204999999993,3513.9686,3361.99515,0.2573144246115828,4012.161690201766,3628.6793097982327,51.10774639183504,109.66584565459107,124.35757852728415,-14.69173287269308,135.43500000000003,-0.0030586496061988,3911.3,-0.008148086349996,3923.3,0.0013746487430699,3955.53,-0.0046798389765931,3879.33,-0.022064902583728,3761.51,3906.246,66.98900715792291,0.2813598796744067,3955.53,3791.0,3878.495,61.987281715229706,0.21989126308363313,3955.53,3782.98,3820.4204999999993,95.87059510088328,0.2573144246115821,3955.53,3583.36,3513.9685999999997,275.30952203381685,0.24529826522178877,3955.53,3126.15,1,12,4,0.9922991461277648,1.0788371871048936,0.048918491163268504,-0.008455979473388766,3779.3,-0.003086256924294317
2019-12-11,AMZN,3766.96,3803.91,3754.69,3779.3,3237121,3779.3,-0.0030862569242943,3826.54,3521.1346000000003,3362.2169,0.2563318885741964,4003.555310310155,3649.5246896898448,46.17704942035633,95.73740638675645,118.63354409917861,-22.89613771242216,127.12214285714289,-0.0307570373021758,3791.0,-0.0030586496061988,3911.3,-0.008148086349996,3923.3,0.0182428409029393,3950.1,0.0057078141491049,3782.98,3872.0860000000002,81.09823351962696,0.20261756388787394,3955.53,3779.3,3878.1270000000004,62.6249740829303,0.21890121672475812,3955.53,3779.3,3826.54,88.50765515507761,0.25633188857419575,3955.53,3583.36,3521.1346000000003,277.494670904592,0.24212214063394552,3955.53,3126.15,2,12,4,0.9876546436203496,1.0733188103626958,0.013023575794455792,0.003275851084162526,3827.14,0.012658428809567912
2019-12-12,AMZN,3843.67,3846.54,3807.75,3827.14,3713592,3827.14,0.0126584288095679,3838.729,3530.6226,3362.6323,0.2453862490757756,3973.855380283093,3703.602619716907,47.057333597490974,87.55008324088249,112.41685192751939,-24.866768686636902,122.72714285714288,-0.0030862569242943,3779.3,-0.0307570373021758,3791.0,-0.0030586496061988,3911.3,0.0013746487430699,3955.53,0.0101639448265653,3821.43,3846.4080000000004,67.20888572208085,0.2486856578874939,3923.3,3779.3,3878.6980000000003,62.07419428034775,0.22247675505826983,3955.53,3779.3,3838.7290000000003,67.56319014154663,0.24538624907577505,3955.53,3695.46,3530.6226,279.7208077074878,0.23787230207904947,3955.53,3126.15,3,12,4,0.9969810320027809,1.0839844507874945,0.010135505886899834,-0.004300577312827558,3851.35,0.006325872583704761
2019-12-13,AMZN,3850.03,3899.92,3802.77,3851.35,2563026,3851.35,0.0063258725837047,3846.5235,3540.8536,3363.4271000000003,0.2227312914656351,3963.6371265656494,3729.40987343435,50.44087642915608,82.0690741295466,106.34729636792484,-24.278222238378234,125.31285714285715,0.0126584288095679,3827.14,-0.0030862569242943,3779.3,-0.0307570373021758,3791.0,-0.008148086349996,3923.3,0.0133405557605399,3872.41,3832.018,52.78451591142609,0.2633589663718596,3911.3,3779.3,3876.5919999999996,62.6656668005245,0.21351596646411497,3955.53,3779.3,3846.5235000000002,58.556813282825054,0.22273129146563453,3955.53,3761.51,3540.8536,281.94520799847754,0.23751335909926385,3955.53,3126.15,4,12,4,1.0012547694038523,1.0876897028442272,0.025224921131544748,0.0003428544712636956,3958.96,0.02794085190907092
2019-12-16,AMZN,3969.0,4026.35,3891.58,3958.96,5845254,3958.96,0.0279408519090709,3853.5625,3553.0584,3364.86055,0.2135902382863016,3980.0509179220026,3727.074082077997,66.8360647334782,85.42384962203823,102.16260701874754,-16.738757396709303,128.81071428571428,0.0063258725837047,3851.35,0.0126584288095679,3827.14,-0.0030862569242943,3779.3,-0.0030586496061988,3911.3,0.0064972459011314,3897.57,3841.55,71.6225544085357,0.34618048971682247,3958.96,3779.3,3882.7309999999998,67.74987485842414,0.25599803641980834,3958.96,3779.3,3853.5625,63.24420896100137,0.21359023828630103,3958.96,3761.51,3553.0584,286.6275297483325,0.24403864830163927,3958.96,3126.15,0,12,4,1.0273506657797746,1.1142400586488772,0.034041768545265916,-0.0025296044343656927,3941.01,-0.00453401903530215
2019-12-17,AMZN,3941.35,4010.31,3871.71,3941.01,2926099,3941.01,-0.0045340190353021,3860.4705,3565.4218,3366.21605,0.2137886705100876,3990.3430429390833,3730.5979570609175,63.55619606277595,85.6468349837105,98.85945261174014,-13.212617628029633,130.79500000000002,0.0279408519090709,3958.96,0.0063258725837047,3851.35,0.0126584288095679,3827.14,-0.0307570373021758,3791.0,-0.0046798389765931,3879.33,3871.5520000000006,76.41261394563,0.21030747337101438,3958.96,3779.3,3888.899,70.17030290656298,0.2558976087100352,3958.96,3779.3,3860.4705000000004,64.93627146954142,0.213788670510087,3958.96,3761.51,3565.4218,289.80904863755126,0.2433893698313882,3958.96,3126.15,1,12,4,1.0208626124714537,1.1053418700695932,0.03516864966086479,-8.626485848747371e-05,3976.48,0.009000230905275464
2019-12-18,AMZN,4013.63,4034.25,3918.7,3976.48,3286388,3976.48,0.0090002309052754,3870.381,3578.3614,3368.0022499999995,0.212836231555831,4004.037739747722,3736.724260252278,63.368914792655225,87.67502197665954,96.62256648472403,-8.947544508064496,128.77214285714288,-0.0045340190353021,3941.01,0.0279408519090709,3958.96,0.0063258725837047,3851.35,-0.0030862569242943,3779.3,0.0182428409029393,3950.1,3910.988,67.22911103089343,0.18686977700288446,3976.48,3827.14,3891.5370000000003,73.15897560942899,0.24304696803943765,3976.48,3779.3,3870.381,66.82836987386106,0.21283623155583048,3976.48,3761.51,3578.3614000000002,293.4806267152604,0.24366996199567917,3976.48,3126.15,2,12,4,1.027413063468163,1.1112572363425586,0.02905836317546451,-0.009255960315223584,4034.38,0.014560616424576622
2019-12-19,AMZN,4049.89,4064.63,4004.14,4034.38,4509122,4034.38,0.0145606164245766,3881.0565,3592.671,3370.38475,0.2149125119693592,4031.157936758056,3730.955063241945,63.80088955387058,92.8837152392075,95.87479623562074,-2.991080996413231,128.70142857142858,0.0090002309052754,3976.48,-0.0045340190353021,3941.01,0.0279408519090709,3958.96,0.0126584288095679,3827.14,0.0013746487430699,3955.53,3952.436,66.49140643725706,0.18887334943770673,4034.38,3851.35,3899.422,84.23341100114433,0.25278181731443616,4034.38,3779.3,3881.0565,75.05071837902776,0.21491251196935862,4034.38,3761.51,3592.671,297.97984959437093,0.2443573516729923,4034.38,3126.15,3,12,4,1.0395056088461894,1.1229472445428144,0.014993629752275502,-0.003829733647085707,4208.95,0.04327058928509464
2019-12-20,AMZN,4188.02,4244.35,4173.55,4208.95,2613462,4208.95,0.0432705892850946,3898.5205,3612.111,3373.54485,0.2577933421736013,4107.768041792745,3689.272958207256,71.14721143001266,109.8319083624092,98.66621866097843,11.165689701430765,134.95928571428573,0.0145606164245766,4034.38,0.0090002309052754,3976.48,-0.0045340190353021,3941.01,0.0063258725837047,3851.35,-0.008148086349996,3923.3,4023.9559999999997,109.19012011168877,0.2903363603974196,4208.95,3941.01,3927.9869999999996,129.5012824518178,0.31787395505681154,4208.95,3779.3,3898.5205,104.62377089637228,0.25779334217360084,4208.95,3761.51,3612.111,305.900285322198,0.2508254575551921,4208.95,3126.15,4,12,4,1.0796275151044916,1.1652327406325096,0.01682129747323759,0.0049975883591755485,4220.73,0.0027987977999262004
2019-12-23,AMZN,4255.31,4313.76,4127.69,4220.73,3724234,4220.73,0.0027987977999262,3917.238,3631.5626,3377.03045,0.2562007030596009,4169.41586927399,3665.0601307260094,73.39125191703097,122.7984766684799,103.49267026247874,19.305806406001167,137.89071428571432,0.0432705892850946,4208.95,0.0145606164245766,4034.38,0.0090002309052754,3976.48,0.0279408519090709,3958.96,-0.0030586496061988,3911.3,4076.31,130.84413418264262,0.2912276519842083,4220.73,3941.01,3958.9300000000003,158.73827340765448,0.31389954818518984,4220.73,3779.3,3917.238,126.08893463699508,0.2562007030596004,4220.73,3761.51,3631.5626,313.121397986106,0.2508559762648541,4220.73,3126.15,0,12,4,1.0774760175406555,1.1622352317426214,0.04408479101955267,-0.00812631747158085,4142.92,-0.018435199598173635
2019-12-24,AMZN,4125.85,4235.54,4050.29,4142.92,7008881,4142.92,-0.0184351995981736,3936.3085,3650.9808,3380.37895,0.2514365265276374,4196.461266882909,3676.155733117092,63.08496199662979,125.35099056447825,107.86433432287865,17.486656241599604,142.12500000000003,0.0027987977999262,4220.73,0.0432705892850946,4208.95,0.0145606164245766,4034.38,-0.0045340190353021,3941.01,-0.0307570373021758,3791.0,4116.692,107.7706155220696,0.3539751089924736,4220.73,3976.48,3994.1220000000003,156.36411266300118,0.27521165912309364,4220.73,3779.3,3936.3085,130.07638344145434,0.2514365265276369,4220.73,3779.3,3650.9808000000003,314.14444739959623,0.248135797575997,4220.73,3126.15,1,12,4,1.0524886451351432,1.1347416562691497,0.04471483880933141,0.004137329277602329,4207.42,0.01556872930203812
2019-12-25,AMZN,4196.62,4285.17,4129.68,4207.42,4747395,4207.42,0.0155687293020381,3957.5305,3671.4876,3384.3378,0.2542466273934022,4233.769068096856,3681.291931903143,65.82482063537822,131.06762121730344,112.5049917017636,18.56262951553984,140.65285714285716,-0.0184351995981736,4142.92,0.0027987977999262,4220.73,0.0432705892850946,4208.95,0.0090002309052754,3976.48,-0.0030862569242943,3779.3,4162.879999999999,78.0441070805873,0.35559477667234246,4220.73,4034.38,4036.9339999999997,149.468128613126,0.26801639026554813,4220.73,3827.14,3957.5305,138.11928404842834,0.2542466273934017,4220.73,3779.3,3671.4876,316.3690733650731,0.2491033030643367,4220.73,3126.15,2,12,4,1.0631427856333482,1.1459714585441754,0.036956139391827486,0.0025734996258888363,4351.94,0.034348840857342466
2019-12-26,AMZN,4317.31,4431.51,4272.37,4351.94,4214417,4351.94,0.0343488408573424,3984.056,3693.2788,3389.03995,0.2739232551656109,4303.735201200189,3664.37679879981,73.59936574939397,145.5814757604885,119.1202885135086,26.461187246979904,144.11071428571432,0.0155687293020381,4207.42,-0.0184351995981736,4142.92,0.0027987977999262,4220.73,0.0145606164245766,4034.38,0.0126584288095679,3827.14,4226.392,76.5279254259955,0.3920237702751278,4351.94,4142.92,4089.4139999999998,159.42265517240983,0.29292629316171903,4351.94,3851.35,3984.0559999999996,159.83960060009494,0.2739232551656104,4351.94,3779.3,3693.2788,325.0206825107478,0.25357499651334137,4351.94,3126.15,3,12,4,1.0923390635068653,1.1783405032944767,0.0365675997371204,0.008021198385103496,4327.56,-0.005602099293648188
2019-12-27,AMZN,4362.18,4400.93,4254.19,4327.56,4358989,4327.56,-0.0056020992936481,4006.8134999999993,3714.8994,3393.32475,0.2760417161752944,4356.429034116808,3657.197965883191,72.60955525993823,153.34883785830607,125.9659983824681,27.38283947583797,146.53857142857152,0.0343488408573424,4351.94,0.0155687293020381,4207.42,-0.0184351995981736,4142.92,0.0432705892850946,4208.95,0.0063258725837047,3851.35,4250.114,87.38301883093179,0.32112090789628417,4351.94,4142.92,4137.035,151.328083480889,0.30644043187174086,4351.94,3941.01,4006.8134999999993,174.80776705840427,0.2760417161752939,4351.94,3779.3,3714.8994000000002,330.60363443814606,0.2537427688944975,4351.94,3126.15,4,12,4,1.0800502693721385,1.164919836052313,0.033908253149573145,-0.007936398773088674,4394.4,0.0154451931342372
2019-12-30,AMZN,4375.6,4434.21,4354.59,4394.4,3423420,4394.4,0.0154451931342372,4031.655,3739.1998,3397.46335,0.2781972116991189,4417.331303681008,3645.9786963189927,84.79494394843957,163.018778671601,133.37655444029468,29.64222423130633,138.94071428571436,-0.0056020992936481,4327.56,0.0343488408573424,4351.94,0.0155687293020381,4207.42,0.0027987977999262,4220.73,0.0279408519090709,3958.96,4284.848,105.43474816210863,0.3263421515752072,4394.4,4142.92,4180.579,156.93839481004784,0.29429580838021546,4394.4,3941.01,4031.655,192.8381518405038,0.2781972116991184,4394.4,3779.3,3739.1998,335.06179624056807,0.24716244927828104,4394.4,3126.15,0,12,4,1.0899742165435558,1.1752247098426847,0.018118514472961443,0.00429655361550301,4493.52,0.022555980338613058
2019-12-31,AMZN,4471.85,4554.47,4432.56,4493.52,8888473,4493.52,0.022555980338613,4062.3645000000006,3765.6158,3402.32575,0.2809049335268498,4492.248060267678,3632.4809397323233,87.41330539421303,176.6441878139649,142.03008111502874,34.614106698936155,146.85857142857157,0.0154451931342372,4394.4,-0.0056020992936481,4327.56,0.0343488408573424,4351.94,-0.0184351995981736,4142.92,-0.0045340190353021,3941.01,4354.968,104.02201555443906,0.2308270220227298,4493.52,4207.42,4235.83,160.4434727732933,0.28649714811943533,4493.52,3976.48,4062.3645000000006,214.94178013383865,0.28090493352684937,4493.52,3779.3,3765.6157999999996,341.4932187816227,0.24888612851025393,4493.52,3126.15,1,12,4,1.1061341245963758,1.1933028324341552,0.027130178568243315,0.00484586915929542,4577.4,0.018666880307642852
2020-01-01,AMZN,4615.88,4664.0,4490.81,4577.4,2890505,4577.4,0.0186668803076428,4093.7295,3794.6408,3406.90935,0.2811234967929212,4577.308784719131,3610.150215280869,87.87126213860108,191.9976087908717,152.02358665019733,39.97402214067438,154.4264285714287,0.022555980338613,4493.52,0.0154451931342372,4394.4,-0.0056020992936481,4327.56,0.0155687293020381,4207.42,0.0090002309052754,3976.48,4428.964,104.41606811218593,0.23111827777541336,4577.4,4327.56,4295.922,164.98354441848997,0.2864962555444945,4577.4,4034.38,4093.7295,241.7896423595657,0.28112349679292076,4577.4,3779.3,3794.6407999999997,347.6515336017801,0.2451063367778665,4577.4,3152.56,2,1,1,1.1181491107311516,1.2062801833572214,0.037835889369502725,-0.008336438555593328,4588.62,0.0024511731550662663
2020-01-02,AMZN,4616.66,4660.87,4516.37,4588.62,4352127,4588.62,0.0024511731550662,4125.384,3823.2056,3411.8737,0.2808359464572371,4651.853822133079,3598.914177866921,87.71009155416313,202.73367811704156,162.1656049435662,40.56807317347537,157.80857142857153,0.0186668803076428,4577.4,0.022555980338613,4493.52,0.0154451931342372,4394.4,0.0343488408573424,4351.94,0.0145606164245766,4034.38,4476.3,113.97885593393646,0.18788904093004538,4588.62,4327.56,4351.346,160.3904378695906,0.2925931630027068,4588.62,4142.92,4125.384,263.23491106653944,0.2808359464572367,4588.62,3779.3,3823.2056,353.10681362616094,0.2452821714745997,4588.62,3152.56,3,1,1,1.1122891832612156,1.2002022595904338,0.031490949348599036,-0.006073654980005868,4532.14,-0.012308711551621054
2020-01-03,AMZN,4499.61,4556.49,4499.61,4532.14,4188340,4532.14,-0.012308711551621,4155.825999999999,3850.7972,3416.1981,0.284297094969085,4703.094421176333,3608.557578823666,80.93521296913606,204.32924607210862,170.5983331692747,33.73091290283392,151.6664285714287,0.0024511731550662,4588.62,0.0186668803076428,4577.4,0.022555980338613,4493.52,-0.0056020992936481,4327.56,0.0432705892850946,4208.95,4517.216,78.40382822292197,0.22660080421944948,4588.62,4394.4,4383.665,161.0695174451051,0.2637656222548534,4588.62,4142.92,4155.825999999999,273.6342105881665,0.28429709496908456,4588.62,3779.3,3850.7971999999995,353.53302281479597,0.24833449722634868,4588.62,3251.7,4,1,1,1.0905509518442087,1.1769355187021595,0.0125503625218964,0.007229515446892825,4526.37,-0.0012731292501997338
2020-01-06,AMZN,4550.75,4635.32,4417.41,4526.37,5988250,4526.37,-0.0012731292501997,4186.579500000001,3876.2906,3420.7269,0.283496210886163,4745.004404982045,3628.1545950179566,82.01347567252787,202.79051160873314,177.0367688571664,25.753742751566733,157.3314285714287,-0.012308711551621,4532.14,0.0024511731550662,4588.62,0.0186668803076428,4577.4,0.0154451931342372,4394.4,0.0027987977999262,4220.73,4543.61,39.0686920693503,0.22939215094857746,4588.62,4493.52,4414.229,155.62270146093402,0.26659576811332947,4588.62,4142.92,4186.579500000001,279.21245249102213,0.2834962108861626,4588.62,3779.3,3876.2906,355.40375986210074,0.24284662137284144,4588.62,3312.6,0,1,1,1.0811618410683275,1.1677065697806126,0.04814233038835793,-0.0053573586771399765,4564.75,0.00847920077236286
2020-01-07,AMZN,4602.45,4664.7,4464.79,4564.75,6218718,4564.75,0.0084792007723628,4225.267000000001,3901.1632,3425.72585,0.2448897036604145,4775.449287881883,3675.084712118118,82.07054462067393,202.33559985983447,182.09653505770004,20.239064802134436,163.35714285714295,-0.0012731292501997,4526.37,-0.012308711551621,4532.14,0.0024511731550662,4588.62,0.022555980338613,4493.52,-0.0184351995981736,4142.92,4557.856,27.516357498947176,0.18241599661563124,4588.62,4526.37,4456.412,128.76324957067132,0.22533982752022236,4588.62,4207.42,4225.267000000001,275.0911439409412,0.24488970366041407,4588.62,3779.3,3901.1632,359.2540296306677,0.24057606823003785,4588.62,3312.6,1,1,1,1.0803459284345625,1.170099728203842,0.043794293225249144,-0.008191289421936495,4640.86,0.016673421326468985
2020-01-08,AMZN,4601.73,4688.24,4593.47,4640.86,3949096,4640.86,0.0166734213264689,4268.345,3927.7284,3431.3393999999994,0.2415037861610688,4806.283424748641,3730.40657525136,82.41960314621771,205.7448217105857,186.82619238827718,18.918629322308533,165.88142857142864,0.0084792007723628,4564.75,-0.0012731292501997,4526.37,-0.012308711551621,4532.14,0.0186668803076428,4577.4,0.0155687293020381,4207.42,4570.548000000001,46.719539488419336,0.1720225191091575,4640.86,4526.37,4499.756,106.69624342027669,0.22619373515796923,4640.86,4327.56,4268.345,268.9692123743202,0.24150378616106846,4640.86,3827.14,3927.7284000000004,363.9233114850992,0.2407274841172354,4640.86,3314.79,2,1,1,1.0872738731285572,1.1815633687906777,0.020420784078808474,0.00850332374997916,4669.71,0.006216520213925936
2020-01-09,AMZN,4700.09,4750.64,4588.79,4669.71,4493181,4669.71,0.0062165202139259,4310.4735,3953.999,3437.1105,0.2417976227728994,4834.723361652967,3786.2236383470336,79.1753203977656,208.37261863968615,191.135477638559,17.237141001127156,162.4442857142858,0.0166734213264689,4640.86,0.0084792007723628,4564.75,-0.0012731292501997,4526.37,0.0024511731550662,4588.62,0.0343488408573424,4351.94,4586.7660000000005,65.04277231184213,0.17360510284048492,4669.71,4526.37,4531.533,105.08927961499643,0.1807192204357926,4669.71,4327.56,4310.4735,262.1249308264833,0.241797622772899,4669.71,3851.35,3953.9990000000003,369.19467116043245,0.24030052346454067,4669.71,3314.79,3,1,1,1.083340380122721,1.1810094033910528,0.03465953988576714,-0.006463706014138802,4638.76,-0.006627820571298848
2020-01-10,AMZN,4643.16,4747.61,4529.91,4638.76,4561758,4638.76,-0.0066278205712988,4349.844,3980.1116,3442.5390500000003,0.2487564310689161,4846.455045573153,3853.232954426847,75.84228681512135,205.58787129194843,194.0259563692369,11.561914922711537,164.70357142857145,0.0062165202139259,4669.71,0.0166734213264689,4640.86,0.0084792007723628,4564.75,-0.012308711551621,4532.14,-0.0056020992936481,4327.56,4608.089999999999,59.933421811292874,0.14285791470219095,4669.71,4526.37,4562.653,81.37834206142061,0.1828040258558937,4669.71,4394.4,4349.844,248.30552278657666,0.24875643106891573,4669.71,3941.01,3980.1116,370.55547034346114,0.24023119430505785,4669.71,3314.79,4,1,1,1.0664198532174793,1.165484907508331,0.04693064525863654,-0.0009476304930260185,4686.25,0.010237649716734687
2020-01-13,AMZN,4702.11,4718.68,4653.82,4686.25,1611938,4686.25,0.0102376497167346,4386.208500000001,4007.1206,3447.98615,0.239060515396782,4868.612169894174,3903.804830105828,84.8964020074908,204.8515835261478,196.1910818006191,8.660501725528718,157.18000000000004,-0.0066278205712988,4638.76,0.0062165202139259,4669.71,0.0166734213264689,4640.86,-0.0012731292501997,4526.37,0.0154451931342372,4394.4,4640.066000000001,46.600870485545805,0.1357657335087829,4686.25,4564.75,4591.838000000001,65.02257314023083,0.17789327776360878,4686.25,4493.52,4386.208500000001,241.2018349470866,0.23906051539678153,4686.25,3941.01,4007.1206,371.8480096425647,0.23996455348758386,4686.25,3314.79,0,1,1,1.0684056628860508,1.1694806490223504,0.013840490797543181,-0.00337295384412451,4760.26,0.015793011469725338
2020-01-14,AMZN,4759.58,4831.95,4688.57,4760.26,2118479,4760.26,0.0157930114697253,4427.171,4036.03,3454.1030000000005,0.2351337803927646,4889.098875568651,3965.243124431349,85.07868020153423,207.84416053555105,198.5216975476055,9.322462987945556,156.48071428571433,0.0102376497167346,4686.25,-0.0066278205712988,4638.76,0.0062165202139259,4669.71,0.0084792007723628,4564.75,0.022555980338613,4493.52,4679.168,49.53743604599326,0.14998446952728692,4760.26,4638.76,4618.512,74.26374422735225,0.16346401247784678,4760.26,4526.37,4427.171,230.96393778432562,0.2351337803927642,4760.26,3976.48,4036.03,373.11118322142494,0.23882248998370523,4760.26,3361.47,1,1,1,1.075237437180295,1.1794411835389778,0.03012020351828891,0.00014286974901149853,4793.8,0.007045833630936027
2020-01-15,AMZN,4812.76,4861.51,4726.08,4793.8,3140144,4793.8,0.007045833630936,4468.037,4064.6766,3460.6965,0.2353011886942477,4906.079612111268,4029.994387888732,82.63271395061182,210.49573328610313,200.91650469530504,9.579228590798095,150.1478571428572,0.0157930114697253,4760.26,0.0102376497167346,4686.25,-0.0066278205712988,4638.76,0.0166734213264689,4640.86,0.0186668803076428,4577.4,4709.755999999999,64.82803043445828,0.13115518923592454,4793.8,4638.76,4640.152,90.66956108124491,0.14754754299928607,4793.8,4526.37,4468.037,219.02130605563408,0.23530118869424724,4793.8,4034.38,4064.6766000000002,375.24246833110186,0.2383280410833533,4793.8,3449.95,2,1,1,1.0729096468983865,1.179380421064451,0.028251074304303896,-0.003939527422933222,4723.07,-0.01475447452960088
2020-01-16,AMZN,4679.06,4785.44,4660.71,4723.07,3195216,4723.07,-0.0147544745296008,4502.4715,4090.139,3467.21745,0.2495081061226911,4903.707763055231,4101.235236944768,77.3380151221605,204.53208534666555,201.63962082557717,2.8924645210883853,149.17285714285714,0.007045833630936,4793.8,0.0157930114697253,4760.26,0.0102376497167346,4686.25,0.0062165202139259,4669.71,0.0024511731550662,4588.62,4720.428,60.85806577612463,0.2005070557154709,4793.8,4638.76,4653.597,92.13570378643206,0.1771072546699702,4793.8,4526.37,4502.4715,200.61813152761573,0.24950810612269056,4793.8,4142.92,4090.139,375.8721824012179,0.23924768657470374,4793.8,3500.56,3,1,1,1.0489949797569957,1.1547455966652587,0.02640867063159622,0.00940573534000203,4708.56,-0.0030721543402911777
2020-01-17,AMZN,4733.3,4810.79,4606.33,4708.56,2475844,4708.56,-0.0030721543402911,4527.451999999999,4114.299,3473.6969,0.2144534875604063,4913.673139414361,4141.230860585638,73.4084406279392,196.37136875198667,200.58597041085906,-4.214601658872397,156.15928571428574,-0.0147544745296008,4723.07,0.007045833630936,4793.8,0.0157930114697253,4760.26,-0.0066278205712988,4638.76,-0.012308711551621,4532.14,4734.388,42.753935140653255,0.19189342266571285,4793.8,4686.25,4671.239,82.70269247934007,0.16007911525916577,4793.8,4526.37,4527.451999999999,193.11056970718073,0.2144534875604057,4793.8,4142.92,4114.299,376.0256947812307,0.2394139894674614,4793.8,3559.81,4,1,1,1.040002191077666,1.1444379710854402,0.04342304228892837,-0.0052267973718113266,4790.48,0.01739810048082613
2020-01-20,AMZN,4745.77,4850.9,4730.06,4790.48,5398533,4790.48,0.0173981004808261,4555.9395,4138.9124,3480.64715,0.2180557290866275,4930.78451804992,4181.094481950081,72.70891961180422,194.2747233430282,199.3237209972929,-5.048997654264696,154.89285714285708,-0.0030721543402911,4708.56,-0.0147544745296008,4723.07,0.007045833630936,4793.8,0.0102376497167346,4686.25,-0.0012731292501997,4526.37,4755.234,38.62597157368686,0.2142242743732244,4793.8,4708.56,4697.65,72.88773544140838,0.17038465233881198,4793.8,4564.75,4555.9395,187.4225090249595,0.21805572908662685,4793.8,4142.92,4138.9124,379.2539011224066,0.2395265594753761,4793.8,3583.36,0,1,1,1.0514801612266684,1.1574248346011966,0.02522502964211812,0.00942102124628663,4673.58,-0.024402565087423334
2020-01-21,AMZN,4669.4,4702.89,4644.26,4673.58,4003390,4673.58,-0.0244025650874233,4582.472500000001,4159.9816,3487.2981,0.2278916094160792,4905.807398559247,4259.137601440754,57.00142678158869,181.09273935204237,195.67752466824282,-14.584785316200453,152.96642857142848,0.0173981004808261,4790.48,-0.0030721543402911,4708.56,-0.0147544745296008,4723.07,0.0157930114697253,4760.26,0.0084792007723628,4564.75,4737.897999999999,52.69557211010427,0.2646443310628311,4793.8,4673.58,4708.533,57.29665087167035,0.22634388898940083,4793.8,4638.76,4582.472500000001,161.6674492796235,0.22789160941607867,4793.8,4207.42,4159.9816,379.10665353771367,0.24771668728517499,4793.8,3583.36,1,1,1,1.0198817341509367,1.1234616999264795,0.012544986926507637,0.000895189960166059,4501.61,-0.03679620333876821
2020-01-22,AMZN,4470.19,4530.05,4470.19,4501.61,3670825,4501.61,-0.0367962033387682,4597.182,4176.8756,3493.0047000000004,0.2709070980448387,4871.767964804051,4322.596035195948,44.86733285281184,154.98283463714415,187.5385866620231,-32.555752024878956,157.17285714285708,-0.0244025650874233,4673.58,0.0173981004808261,4790.48,-0.0030721543402911,4708.56,0.007045833630936,4793.8,0.0166734213264689,4640.86,4679.46,108.09634522041424,0.3291509031102434,4790.48,4501.61,4694.607999999999,85.53400399840382,0.2840624081042466,4793.8,4501.61,4597.182,137.29298240202553,0.27090709804483815,4793.8,4327.56,4176.8756,375.03005186337475,0.2647637453506361,4793.8,3583.36,2,1,1,0.9792107425807854,1.0777457676735502,0.013297464684854371,0.007028784011416303,4626.35,0.027710085947028062
2020-01-23,AMZN,4656.29,4656.29,4599.27,4626.35,2420156,4626.35,0.027710085947028,4610.9025,4197.7354,3498.63335,0.2617587097341928,4860.145559798861,4361.65944020114,55.143197177795976,142.71093966521948,178.5730572626624,-35.862117597442904,161.86357142857136,-0.0367962033387682,4501.61,-0.0244025650874233,4673.58,0.0173981004808261,4790.48,-0.0147544745296008,4723.07,0.0062165202139259,4669.71,4660.116,106.98968141840078,0.4315402966807153,4790.48,4501.61,4690.272,87.9998912625531,0.3214057008538452,4793.8,4501.61,4610.9025,124.62152989943007,0.26175870973419224,4793.8,4327.56,4197.7354,370.3208580170473,0.26385139509480676,4793.8,3695.46,3,1,1,1.0033502118075575,1.1021061499014202,0.01232505106617251,-0.006430011876406574,4670.01,0.009437245344602108
2020-01-24,AMZN,4652.61,4731.58,4608.45,4670.01,3929359,4670.01,0.0094372453446021,4628.025,4217.2264000000005,3504.63535,0.2604981609998008,4839.49957863897,4416.550421361029,57.5301962749482,134.9527206454477,169.84898993921945,-34.89626929377175,155.09357142857138,0.027710085947028,4626.35,-0.0367962033387682,4501.61,-0.0244025650874233,4673.58,-0.0030721543402911,4708.56,-0.0066278205712988,4638.76,4652.406,103.972372917092,0.44194161962321804,4790.48,4501.61,4693.397,86.5096231063282,0.3232872184351512,4793.8,4501.61,4628.025,105.7372893194853,0.2604981609998003,4793.8,4394.4,4217.2264000000005,368.9894396628256,0.2572445844057396,4793.8,3761.51,4,1,1,1.00907190432182,1.1073652578858209,0.026366110565068112,0.003739836349919036,4722.18,0.01117128228847486
2020-01-27,AMZN,4717.85,4813.64,4630.72,4722.18,1398808,4722.18,0.0111712822884748,4644.414,4235.3064,3511.0298,0.2584289407626054,4828.71332728553,4460.11467271447,58.13549687270541,131.4981305798674,162.17881806734903,-30.680687487481634,153.87999999999997,0.0094372453446021,4670.01,0.027710085947028,4626.35,-0.0367962033387682,4501.61,0.0173981004808261,4790.48,0.0102376497167346,4686.25,4638.746,83.83319885350213,0.42728487927006664,4722.18,4501.61,4696.99,86.92494783176184,0.3240785482941381,4793.8,4501.61,4644.414,92.14966364276489,0.2584289407626048,4793.8,4493.52,4235.3064,371.17856727334623,0.24937479209849212,4793.8,3761.51,0,1,1,1.0167439853550917,1.1149559332941967,0.03873634634850034,0.0009177909429081061,4632.41,-0.01901028762139534
2020-01-28,AMZN,4625.81,4674.44,4590.37,4632.41,3747585,4632.41,-0.0190102876213953,4651.3585,4251.8976,3516.7978,0.2603800566993306,4821.652502648065,4481.064497351936,49.56940919813908,120.13184912586621,153.7694242790525,-33.637575153186276,154.47428571428574,0.0111712822884748,4722.18,0.0094372453446021,4670.01,0.027710085947028,4626.35,-0.0244025650874233,4673.58,0.0157930114697253,4760.26,4630.512000000001,81.54717113432443,0.4113493597781593,4722.18,4501.61,4684.205,85.98219470073158,0.32653939363719564,4793.8,4501.61,4651.3585,85.1470013240322,0.26038005669933,4793.8,4501.61,4251.8976,369.99206408233965,0.2541964988145467,4793.8,3761.51,1,1,1,0.9959262439132575,1.0894923715940172,0.01814822090444964,0.0014267771482179394,4695.2,0.013554499709654388
2020-01-29,AMZN,4720.79,4779.38,4611.02,4695.2,4102382,4695.2,0.0135544997096543,4657.2485,4270.2362,3523.0506,0.2565533608638441,4824.900144005954,4489.596855994046,51.255479485083406,114.86650782571269,145.98884098838454,-31.12233316267185,154.9392857142857,-0.0190102876213953,4632.41,0.0111712822884748,4722.18,0.0094372453446021,4670.01,-0.0367962033387682,4501.61,0.007045833630936,4793.8,4669.2300000000005,40.844701614909255,0.2702607741812955,4722.18,4626.35,4674.344999999999,77.22555006817552,0.3334438303310923,4790.48,4501.61,4657.2485,83.82582200297685,0.25655336086384356,4793.8,4501.61,4270.2362,368.7593914010616,0.253898818855137,4793.8,3761.51,2,1,1,1.0081489102415282,1.0995176332397958,0.035857897427151945,-0.005420702890828595,4719.4,0.005154200034077405
2020-01-30,AMZN,4717.62,4807.85,4630.95,4719.4,4406410,4719.4,0.0051542000340774,4663.7875,4288.206800000001,3529.2125,0.2568800007179183,4830.366937522365,4497.208062477635,53.99841332729472,111.36270472359047,139.06361373542572,-27.70090901183525,152.02500000000003,0.0135544997096543,4695.2,-0.0190102876213953,4632.41,0.0111712822884748,4722.18,0.027710085947028,4626.35,-0.0147544745296008,4723.07,4687.839999999999,37.482771375807886,0.21045940694403562,4722.18,4632.41,4673.978,76.97658428956068,0.32682627272034676,4790.48,4501.61,4663.7875,83.28971876118251,0.25688000071791767,4793.8,4501.61,4288.206800000001,368.30726865018937,0.25342780464775627,4793.8,3761.51,3,1,1,1.0119243211657878,1.1005532662274817,0.03748357842097789,0.000377308897282818,4587.58,-0.0279315167182268
2020-01-31,AMZN,4614.09,4633.93,4541.23,4587.58,2139674,4587.58,-0.0279315167182268,4666.5595,4302.765,3534.9361,0.2734925066049405,4825.588929183155,4507.530070816845,45.48516101815013,96.83291363533317,130.61747371540721,-33.784560080074044,159.04285714285717,0.0051542000340774,4719.4,0.0135544997096543,4695.2,-0.0190102876213953,4632.41,0.0094372453446021,4670.01,-0.0030721543402911,4708.56,4671.354,59.150338798784475,0.29893296826263005,4722.18,4587.58,4661.88,80.3697250904222,0.3561247191540241,4790.48,4501.61,4666.5595,79.51471459157764,0.27349250660493996,4793.8,4501.61,4302.765,365.3973355199695,0.2631835334561766,4793.8,3761.51,4,1,1,0.9830754327677631,1.0661934825627086,0.020206732089681382,-0.005745444930635178,4707.6,0.02616194159011953
2020-02-03,AMZN,4667.44,4787.68,4627.52,4707.6,4376376,4707.6,0.0261619415901195,4675.621,4319.9894,3540.6793,0.2877664292907139,4821.091719050458,4530.150280949542,47.68779528191895,93.91991020567002,123.27796101345979,-29.358050807789766,162.9285714285715,-0.0279315167182268,4587.58,0.0051542000340774,4719.4,0.0135544997096543,4695.2,0.0111712822884748,4722.18,0.0173981004808261,4790.48,4668.438,56.30946918601668,0.35809597768063367,4719.4,4587.58,4653.592,69.1207344353908,0.3721058113571043,4722.18,4501.61,4675.621,72.73535952522879,0.2877664292907134,4793.8,4501.61,4319.9894,363.739521587811,0.2674685281164901,4793.8,3761.51,0,2,1,1.0068395192850303,1.0897248960839834,0.03402158212251801,0.008604288432200983,4721.95,0.0030482623842296164
2020-02-04,AMZN,4692.83,4810.24,4633.66,4721.95,2637210,4721.95,0.0030482623842296,4683.481,4339.1982,3546.3800999999994,0.2868192903276098,4820.468608798077,4546.493391201922,46.79112143213336,91.71205953906065,116.96478071857997,-25.252721179519327,165.8678571428572,0.0261619415901195,4707.6,-0.0279315167182268,4587.58,0.0051542000340774,4719.4,-0.0190102876213953,4632.41,-0.0244025650874233,4673.58,4686.346,56.22512854597157,0.31791648163304276,4721.95,4587.58,4658.428999999999,72.29447012046596,0.3496251917227523,4722.18,4501.61,4683.481,68.49380439903884,0.2868192903276093,4793.8,4501.61,4339.1982,358.97358559346304,0.2606465872294023,4793.8,3779.3,1,2,1,1.0082137623701242,1.0882079551007628,0.037395567509177885,0.0062052109281592735,4689.29,-0.006916634017725687
2020-02-05,AMZN,4694.12,4756.5,4622.08,4689.29,2890144,4689.29,-0.0069166340177256,4685.902499999999,4357.3244,3552.113,0.28284526653579,4821.42219767491,4550.382802325088,48.4382512846487,86.33175420722546,110.83817541630907,-24.506421209083612,165.9628571428572,0.0030482623842296,4721.95,0.0261619415901195,4707.6,-0.0279315167182268,4587.58,0.0135544997096543,4695.2,-0.0367962033387682,4501.61,4685.164,56.054323026962194,0.3123153113853171,4721.95,4587.58,4677.197,46.994370833100845,0.2847368917432809,4722.18,4587.58,4685.902499999999,67.75984883745575,0.2828452665357895,4793.8,4501.61,4357.3244,353.1490218091012,0.2619308984759765,4793.8,3779.3,2,2,1,1.0007229130352155,1.076185651910361,0.028665320336334794,-0.0010289468526579843,4658.37,-0.0065937487338169065
2020-02-06,AMZN,4700.02,4713.03,4603.7,4658.37,5330616,4658.37,-0.0065937487338169,4685.3355,4374.0632000000005,3557.87475,0.2831689815404988,4821.234810168283,4549.4361898317175,47.71425188254923,78.6660249106917,104.4037453151856,-25.7377204044939,159.16785714285717,-0.0069166340177256,4689.29,0.0030482623842296,4721.95,0.0261619415901195,4707.6,0.0051542000340774,4719.4,0.027710085947028,4626.35,4672.958,53.31329824735075,0.3110049855507149,4721.95,4587.58,4680.398999999999,44.14968036878276,0.2562008487693052,4722.18,4587.58,4685.3355,67.94965508414151,0.28316898154049835,4793.8,4501.61,4374.0632000000005,347.0115454965562,0.26274735264595556,4793.8,3779.3,3,2,1,0.9942447024335834,1.064998329242004,0.023469582708109584,-0.008861664418447513,4493.26,-0.03544372817101249
2020-02-07,AMZN,4455.05,4571.37,4415.16,4493.26,8952562,4493.26,-0.0354437281710124,4678.0605000000005,4386.4802,3562.96905,0.3094131941945762,4837.92304944402,4518.197950555981,37.41744843658024,58.59246463664658,95.24148917947781,-36.64902454283123,166.3728571428572,-0.0065937487338169,4658.37,-0.0069166340177256,4689.29,0.0030482623842296,4721.95,-0.0279315167182268,4587.58,0.0094372453446021,4670.01,4654.094,92.99455215232136,0.35169737822859837,4721.95,4493.26,4662.724,74.03585185569833,0.3077497431418406,4722.18,4493.26,4678.0605000000005,79.9312747220095,0.3094131941945757,4793.8,4493.26,4386.4802,339.72607429676634,0.2763974857612705,4793.8,3779.3,4,2,1,0.9604963424476958,1.0243429344555062,0.03476540418314659,0.008576783650013233,4542.36,0.010927478044893801
2020-02-10,AMZN,4500.85,4653.91,4430.81,4542.36,4083023,4542.36,0.0109274780448938,4670.866,4399.376,3567.8709,0.3097671137562953,4841.748234659164,4499.983765340836,44.10660390861463,46.11440499588116,85.41607234275848,-39.30166734687732,171.8642857142858,-0.0354437281710124,4493.26,-0.0065937487338169,4658.37,-0.0069166340177256,4689.29,0.0261619415901195,4707.6,0.0111712822884748,4722.18,4621.046,98.4285148217254,0.27854894672968156,4721.95,4493.26,4644.742,79.61764151241111,0.30742255832393206,4721.95,4493.26,4670.866,85.4411173295823,0.3097671137562948,4793.8,4493.26,4399.376,332.9591112299079,0.27685386077434565,4793.8,3779.3,0,2,1,0.9724877570880918,1.0325009728650079,0.04911543779003653,0.009222702378437423,4564.68,0.004913745277785209
2020-02-11,AMZN,4533.32,4626.47,4502.89,4564.68,2884801,4564.68,0.0049137452777852,4661.087,4413.083,3573.2832,0.3041253674698634,4832.812060930498,4489.361939069501,53.27252161021784,37.59313997823392,75.85148586985358,-38.258345891619655,166.1635714285715,0.0109274780448938,4542.36,-0.0354437281710124,4493.26,-0.0065937487338169,4658.37,0.0030482623842296,4721.95,-0.0190102876213953,4632.41,4589.592,81.85570884190321,0.2830649127133042,4689.29,4493.26,4637.969,83.56622782093844,0.29736648606465704,4721.95,4493.26,4661.0869999999995,85.86253046524921,0.3041253674698629,4793.8,4493.26,4413.083,325.1282382995754,0.27628394178449733,4793.8,3779.3,1,2,1,0.979316627215716,1.0343517219139013,0.02707309165154465,0.006917667404902734,4549.62,-0.0032992455111859886
2020-02-12,AMZN,4562.46,4608.01,4491.22,4549.62,4313555,4549.62,-0.0032992455111859,4648.878,4425.0734,3578.82505,0.3022918167549316,4815.520426341092,4482.235573658907,45.50734820465235,29.287155819357395,66.53861985975435,-37.251464040396954,163.45714285714288,0.0049137452777852,4564.68,0.0109274780448938,4542.36,-0.0354437281710124,4493.26,-0.0069166340177256,4689.29,0.0135544997096543,4695.2,4561.658,60.32817766193753,0.283991594415391,4658.37,4493.26,4623.411,85.15387033024923,0.28557518924982506,4721.95,4493.26,4648.878,83.32121317054637,0.30229181675493116,4790.48,4493.26,4425.0734,318.6966699723403,0.2745624811633552,4793.8,3779.3,2,2,1,0.9786490417685775,1.0281456574254726,0.02567027575928853,-0.00281427124840488,4656.4,0.023470092007684018
2020-02-13,AMZN,4647.0,4722.92,4589.89,4656.4,5823526,4656.4,0.023470092007684,4645.5445,4439.0908,3585.07065,0.3119314390747766,4808.565938625671,4482.523061374329,49.25796285922597,30.96392428953186,59.42368074570986,-28.459756456178,167.04071428571433,-0.0032992455111859,4549.62,0.0049137452777852,4564.68,0.0109274780448938,4542.36,-0.0065937487338169,4658.37,0.0051542000340774,4719.4,4561.264,59.53993516968498,0.35152969277753576,4656.4,4493.26,4617.111,79.39921682372484,0.3136377414450525,4721.95,4493.26,4645.5445,81.5107193128354,0.31193143907477616,4790.48,4493.26,4439.0908,312.9852125791468,0.27835412867197745,4793.8,3779.3,3,2,1,1.0023367551422653,1.048953537962988,0.028569280989599512,0.002022810415321199,4542.7,-0.024418005326002912
2020-02-14,AMZN,4572.28,4572.34,4513.06,4542.7,5127885,4542.7,-0.0244180053260029,4637.2515,4451.4788,3590.7494,0.3232399712036292,4803.616040031837,4470.886959968164,40.82975679483789,22.854681076255474,52.10988081181898,-29.255199735563508,164.2135714285714,0.023470092007684,4656.4,-0.0032992455111859,4549.62,0.0049137452777852,4564.68,-0.0354437281710124,4493.26,-0.0279315167182268,4587.58,4571.152,48.505749350054835,0.2833765760971333,4656.4,4542.36,4612.623,82.46320136210763,0.305636211491874,4721.95,4493.26,4637.2515,83.18227001591808,0.3232399712036287,4790.48,4493.26,4451.4788,304.2907112643844,0.28416690543129397,4793.8,3779.3,4,2,1,0.9796104438154841,1.0204923361645526,0.013049508001846191,-0.006469420070510436,4495.01,-0.010498161886102864
2020-02-17,AMZN,4456.53,4567.22,4422.81,4495.01,11983605,4495.01,-0.0104981618861028,4622.478,4463.153,3596.2694,0.3166008552331491,4783.95477422695,4461.0012257730505,42.664331780851136,12.436502706010288,44.17520519065725,-31.738702484646964,165.11357142857136,-0.0244180053260029,4542.7,0.023470092007684,4656.4,-0.0032992455111859,4549.62,0.0109274780448938,4542.36,0.0261619415901195,4707.6,4561.682000000001,59.01578449881254,0.283193561540968,4656.4,4495.01,4591.364,82.66018297153315,0.26813925505010494,4721.95,4493.26,4622.478,80.73838711347486,0.3166008552331487,4722.18,4493.26,4463.153,294.1725334800489,0.28548296715804017,4793.8,3779.3,0,2,1,0.9724243144043145,1.0071377790541782,0.03212673609179239,0.00863452057991124,4427.59,-0.014998854285085073
2020-02-18,AMZN,4400.71,4478.84,4376.35,4427.59,3004644,4427.59,-0.014998854285085,4610.1785,4475.8848,3601.89825,0.3098524796013242,4791.5182045123765,4428.838795487623,35.78281889124905,-1.2458478998059945,35.090994572564604,-36.3368424723706,161.56357142857138,-0.0104981618861028,4495.01,-0.0244180053260029,4542.7,0.023470092007684,4656.4,0.0049137452777852,4564.68,0.0030482623842296,4721.95,4534.264,83.88145522110419,0.28795970768388424,4656.4,4427.59,4561.928,83.399168234584,0.2692524894127005,4689.29,4427.59,4610.1785,90.66985225618825,0.3098524796013237,4722.18,4427.59,4475.8848,277.8087224886292,0.2780100311187273,4793.8,3779.3,1,2,1,0.9603944836407179,0.9892099993277331,0.023148033128626774,0.006108105283009787,4406.26,-0.004817519237327761
2020-02-19,AMZN,4388.64,4438.99,4373.53,4406.26,4424631,4406.26,-0.0048175192373277,4605.411,4488.424,3607.53575,0.2825177368364684,4803.049944798481,4407.772055201519,33.31308351401887,-13.652979025163404,25.342199853019004,-38.99517887818241,153.60357142857134,-0.014998854285085,4427.59,-0.0104981618861028,4495.01,-0.0244180053260029,4542.7,-0.0032992455111859,4549.62,-0.0069166340177256,4689.29,4505.592,100.22873026238479,0.2872805249254329,4656.4,4406.26,4533.625,83.39973384581948,0.26932095268522577,4658.37,4406.26,4605.411,98.81947239924054,0.28251773683646786,4722.18,4406.26,4488.424,259.25569604273056,0.278240339840468,4793.8,3827.14,2,2,1,0.9567571710752945,0.9816942427896781,0.014856136496708132,0.004014911225344497,4412.44,0.0014025500083969522
2020-02-20,AMZN,4423.63,4475.65,4349.23,4412.44,7432494,4412.44,0.0014025500083969,4594.7155,4500.13,3613.230450000001,0.2618358676018286,4809.951950197657,4379.479049802343,39.2240106313384,-22.725084846737445,15.728742913067716,-38.453827759805165,149.9071428571428,-0.0048175192373277,4406.26,-0.014998854285085,4427.59,-0.0104981618861028,4495.01,0.023470092007684,4656.4,-0.0065937487338169,4658.37,4456.8,59.611532860760505,0.15630024502029405,4542.7,4406.26,4509.032,78.65252214644987,0.2718697253088249,4656.4,4406.26,4594.7155,107.61822509882873,0.2618358676018281,4722.18,4406.26,4500.13,241.3857865047544,0.2774240025993715,4793.8,3851.35,3,2,1,0.9603293174515459,0.980513896265001,0.02865081451531838,-0.002529596733903599,4447.56,0.007959315027513236
2020-02-21,AMZN,4464.04,4470.1,4425.03,4447.56,7248235,4447.56,0.0079593150275132,4583.593,4512.0542,3619.2817,0.2610133538120319,4805.33882149746,4361.84717850254,32.133729078448496,-26.772289295587143,7.228536471336745,-34.00082576692389,139.73285714285709,0.0014025500083969,4412.44,-0.0048175192373277,4406.26,-0.014998854285085,4427.59,-0.0244180053260029,4542.7,-0.0354437281710124,4493.26,4437.772,35.743471711759746,0.14547072116043716,4495.01,4406.26,4504.4619999999995,80.96444690245202,0.2192284868788114,4656.4,4406.26,4583.593,110.87291074872999,0.2610133538120314,4722.18,4406.26,4512.0542,222.68430053885223,0.2775489231732206,4793.8,3941.01,4,2,1,0.9703217541345904,0.985706244397289,0.010133646313931792,-0.003691723192443587,4420.7,-0.006039266474201721
2020-02-24,AMZN,4387.48,4478.33,4363.08,4420.7,1833566,4420.7,-0.0060392664742017,4568.519,4521.289000000001,3624.99425,0.256332400962832,4791.582129029959,4345.455870970041,29.65214454520077,-31.780756720803765,-0.5733221670913577,-31.207434553712407,135.3521428571428,0.0079593150275132,4447.56,0.0014025500083969,4412.44,-0.0048175192373277,4406.26,-0.0104981618861028,4495.01,0.0109274780448938,4542.36,4422.91,15.978519956780115,0.13645517281374772,4447.56,4406.26,4492.296,83.73030358105397,0.20986581148865271,4656.4,4406.26,4568.519,111.53156451497937,0.25633240096283155,4721.95,4406.26,4521.289000000001,208.394979514197,0.27229972961664295,4793.8,3941.01,0,2,1,0.9676440001670195,0.9777521410374389,0.0260705318162223,0.0075715444856712015,4352.26,-0.015481711041237745
2020-02-25,AMZN,4390.89,4390.89,4321.29,4352.26,3994631,4352.26,-0.0154817110412377,4554.5115,4529.513999999999,3630.08795,0.2537329499644348,4795.172082937888,4313.850917062111,28.284988981874434,-40.80219693462459,-8.619097120598004,-32.18309981402658,132.8514285714285,-0.0060392664742017,4420.7,0.0079593150275132,4447.56,0.0014025500083969,4412.44,-0.014998854285085,4427.59,0.0049137452777852,4564.68,4407.843999999999,34.841967223580724,0.13908126563680262,4447.56,4352.26,4471.053999999999,90.03412059385408,0.21425981706330524,4656.4,4352.26,4554.5115,120.33029146894442,0.25373294996443435,4721.95,4352.26,4529.513999999999,192.53727233115785,0.27482122192780356,4793.8,3976.48,1,2,1,0.9555931519766817,0.9608668832901366,0.01599169167282845,-0.008797760818419797,4487.21,0.031006879184607428
2020-02-26,AMZN,4472.94,4511.82,4462.59,4487.21,7243486,4487.21,0.0310068791846074,4544.111999999999,4539.7286,3635.87675,0.2754605083597218,4777.025558720384,4311.198441279615,40.275663022335,-36.64005240773713,-14.22328817802583,-22.416764229711298,136.43928571428563,-0.0154817110412377,4352.26,-0.0060392664742017,4420.7,0.0079593150275132,4447.56,-0.0048175192373277,4406.26,-0.0032992455111859,4549.62,4424.034,49.60272956208391,0.27857984449995943,4487.21,4352.26,4464.813,86.05823933049166,0.2796476688136463,4656.4,4352.26,4544.111999999999,116.45677936019229,0.2754605083597214,4721.95,4352.26,4539.7285999999995,175.38212398153146,0.28199598598748044,4793.8,4034.38,2,2,1,0.987477861460944,0.9884313348597559,0.010971182538813335,0.0031902954209082272,4687.17,0.04456221126267779
2020-02-27,AMZN,4707.15,4787.89,4586.44,4687.17,12712065,4687.17,0.0445622112626777,4542.5005,4552.7844000000005,3642.593,0.3210139336037398,4770.7059556730665,4314.295044326934,60.59721721169474,-17.010337437580347,-14.780698029936735,-2.229639407643612,140.54428571428565,0.0310068791846074,4487.21,-0.0154817110412377,4352.26,-0.0060392664742017,4420.7,0.0014025500083969,4412.44,0.023470092007684,4656.4,4478.9800000000005,126.34530284110198,0.39826826194124193,4687.17,4352.26,4467.89,93.86548448591392,0.34438641862625446,4687.17,4352.26,4542.5005,114.1027278365333,0.3210139336037393,4721.95,4352.26,4552.7844000000005,160.67616337898852,0.2962382465198709,4793.8,4142.92,3,2,1,1.0318479876884918,1.0295172334536573,0.04297902572340191,-0.004244606609093681,4700.15,0.002769261622684871
2020-02-28,AMZN,4702.43,4809.79,4590.52,4700.15,5300561,4700.15,0.0027692616226848,4548.129,4562.6084,3650.009,0.3038102651522365,4786.349075507379,4309.908924492621,58.97768522533747,-0.40163952719922236,-11.904886329389234,11.503246802190011,140.2707142857142,0.0445622112626777,4687.17,0.0310068791846074,4487.21,-0.0154817110412377,4352.26,0.0079593150275132,4447.56,-0.0244180053260029,4542.7,4529.498,157.33813355321806,0.40358414086649125,4700.15,4352.26,4483.635,117.92920844961706,0.3142153704197774,4700.15,4352.26,4548.129,119.11003775368954,0.30381026515223597,4721.95,4352.26,4562.6084,154.1066170208788,0.28163972010683025,4793.8,4142.92,4,2,1,1.0334249534256759,1.030145387887983,0.04665170260522598,-0.00048485570226460993,4637.43,-0.01334425497058589
2020-03-02,AMZN,4611.72,4679.88,4594.99,4637.43,3452674,4637.43,-0.0133442549705858,4544.6205,4570.9424,3657.2298500000006,0.2932604358766631,4774.885472355087,4314.355527644913,53.95728848142887,7.612145325972961,-8.001479998316796,15.613625324289757,138.95499999999993,0.0027692616226848,4700.15,0.0445622112626777,4687.17,0.0310068791846074,4487.21,-0.0060392664742017,4420.7,-0.0104981618861028,4495.01,4572.844,149.5318413583232,0.426130997202651,4700.15,4352.26,4497.877,127.65441612676179,0.318088432642363,4700.15,4352.26,4544.6205,115.13248617754327,0.2932604358766625,4721.95,4352.26,4570.9424,146.31098238183634,0.2838347687811824,4793.8,4142.92,0,3,1,1.0204218372026839,1.0145457094359767,0.018305397601684988,0.005574926491633156,4763.14,0.027107686800663222
2020-03-03,AMZN,4796.12,4838.33,4687.95,4763.14,2671427,4763.14,0.0271076868006632,4546.68,4583.3468,3664.7848,0.30921991992976,4784.244168660983,4309.115831339018,60.36665889764905,23.832151745683404,-1.6347536495167558,25.46690539520016,144.96285714285705,-0.0133442549705858,4637.43,0.0027692616226848,4700.15,0.0445622112626777,4687.17,-0.0154817110412377,4352.26,-0.014998854285085,4427.59,4655.02,103.95897989116523,0.3698482811712771,4763.14,4487.21,4531.432000000001,149.37858918420912,0.3204783815094046,4763.14,4352.26,4546.68,118.78208433049102,0.3092199199297594,4763.14,4352.26,4583.3468,135.14780724000929,0.2853487111108224,4793.8,4207.42,1,3,1,1.0476083647846235,1.0392274920149966,0.03157161032427527,-0.00687639174999639,4641.58,-0.025520979857824977
2020-03-04,AMZN,4671.12,4690.59,4592.56,4641.58,9716171,4641.58,-0.0255209798578249,4544.2945,4592.03,3671.8524,0.3220158410521992,4776.731961105708,4311.857038894292,49.290651145210646,26.571448493368734,4.006486779060342,22.564961714308392,144.7685714285713,0.0271076868006632,4763.14,-0.0133442549705858,4637.43,0.0027692616226848,4700.15,0.0310068791846074,4487.21,-0.0048175192373277,4406.26,4685.893999999999,51.196425949591735,0.45627647135926147,4763.14,4637.43,4554.964,145.96524252939426,0.3574958980879868,4763.14,4352.26,4544.2945,116.21873055285424,0.3220158410521986,4763.14,4352.26,4592.03,123.98829839449428,0.2908625215632127,4793.8,4327.56,2,3,1,1.021408273605282,1.0107904347312602,0.02111996346071351,-0.006323965130417038,4614.56,-0.005821293611227074
2020-03-05,AMZN,4604.97,4683.18,4545.93,4614.56,5353716,4614.56,-0.005821293611227,4542.104,4597.2824,3678.99465,0.3218277540672931,4770.81072016455,4313.397279835451,53.75075683158395,26.259371033653224,8.457063629978919,17.802307403674305,144.33357142857136,-0.0255209798578249,4641.58,0.0271076868006632,4763.14,-0.0133442549705858,4637.43,0.0445622112626777,4687.17,0.0014025500083969,4412.44,4671.372,60.242769441750085,0.3136880453465617,4763.14,4614.56,4575.176,137.80260094303378,0.3615971794158242,4763.14,4352.26,4542.104,114.35336008227489,0.32182775406729247,4763.14,4352.26,4597.2824,119.0752477158826,0.28181866820050105,4793.8,4327.56,3,3,1,1.015952078595951,1.0037582202909694,0.02974281404943705,0.0020825325680727696,4557.95,-0.012267691827606675
2020-03-06,AMZN,4566.03,4620.55,4495.36,4557.95,2849283,4557.95,-0.0122676918276066,4545.3385,4601.8902,3685.18405,0.2978624442302962,4772.963883773205,4317.713116226794,53.254866267354544,21.19971637394883,11.005594178772903,10.194122195175929,142.96071428571426,-0.005821293611227,4614.56,-0.0255209798578249,4641.58,0.0271076868006632,4763.14,0.0027692616226848,4700.15,0.0079593150275132,4447.56,4642.932,75.01495497573498,0.31454335374638964,4763.14,4557.95,4586.215,130.6812525234953,0.37066586795595513,4763.14,4352.26,4545.3385,113.812691886603,0.2978624442302957,4763.14,4352.26,4601.8902,112.71257376006969,0.2830560856086344,4793.8,4352.26,4,3,1,1.0027746008353386,0.9904517061269756,0.027466295154614035,-0.0017695897749244217,4464.65,-0.02046972871576036
2020-03-09,AMZN,4443.02,4510.99,4418.3,4464.65,3687806,4464.65,-0.0204697287157603,4541.453,4603.2952000000005,3690.35115,0.3045904900734582,4771.927598769364,4310.978401230635,51.86655116070054,9.551272223196065,10.714729787657536,-1.1634575644614706,144.45999999999998,-0.0122676918276066,4557.95,-0.005821293611227,4614.56,-0.0255209798578249,4641.58,-0.0133442549705858,4637.43,-0.0060392664742017,4420.7,4608.376,109.87787279525902,0.32881263537409416,4763.14,4464.65,4590.61,125.11682611773784,0.38691172850201644,4763.14,4352.26,4541.4529999999995,115.23729938468205,0.3045904900734576,4763.14,4352.26,4603.2952000000005,110.48927162319067,0.28523161444211415,4793.8,4352.26,0,3,1,0.9830884520876944,0.9698813145850452,0.020760865913336733,0.004868310293447774,4443.04,-0.0048402450360049976
2020-03-10,AMZN,4459.91,4527.49,4358.58,4443.04,4528401,4443.04,-0.0048402450360049,4535.371000000001,4602.2856,3695.26195,0.3041782874380628,4769.653276338439,4301.088723661563,51.85192644586621,-1.4077227350662724,8.290239283112774,-9.697962018179046,151.84928571428568,-0.0204697287157603,4464.65,-0.0122676918276066,4557.95,-0.005821293611227,4614.56,0.0271076868006632,4763.14,-0.0154817110412377,4352.26,4544.356,88.29479446722905,0.14378271441103815,4641.58,4443.04,4599.688,108.02780668779836,0.37759919385207497,4763.14,4443.04,4535.371000000001,117.14113816921926,0.30417828743806224,4763.14,4352.26,4602.2856,111.73641067274045,0.2809230548962382,4793.8,4352.26,1,3,1,0.9796420182602523,0.9653985836948132,0.03801676329719332,-0.0037825875410033177,4375.28,-0.015250819258885828
2020-03-11,AMZN,4358.57,4408.23,4342.34,4375.28,4971974,4375.28,-0.0152508192588858,4526.654,4598.2432,3699.47225,0.3082159154500157,4771.4418786472825,4281.866121352718,48.23819457550225,-15.383143597122398,3.55556270706574,-18.938706304188138,150.0121428571428,-0.0048402450360049,4443.04,-0.0204697287157603,4464.65,-0.0122676918276066,4557.95,-0.0255209798578249,4641.58,0.0310068791846074,4487.21,4491.096,95.04595272819078,0.10392944445947774,4614.56,4375.28,4588.495,125.3815867439988,0.3495531224677284,4763.14,4375.28,4526.654,122.39393932364086,0.3082159154500151,4763.14,4352.26,4598.2432,116.22123936412605,0.27960370958572384,4793.8,4352.26,2,3,1,0.9665594056888449,0.9515112206329251,0.015059607613680578,0.003833826231997238,4377.1,0.00041597337770404863
2020-03-12,AMZN,4407.22,4407.22,4350.57,4377.1,2791131,4377.1,0.000415973377704,4512.689,4594.0128,3704.3823,0.2936932744293678,4758.177643184642,4267.200356815359,46.55047488431244,-26.01205574150117,-2.3579609826476426,-23.654094758853528,149.9399999999999,-0.0152508192588858,4375.28,-0.0048402450360049,4443.04,-0.0204697287157603,4464.65,-0.005821293611227,4614.56,0.0445622112626777,4687.17,4443.604,75.1817978636366,0.13193050280147164,4557.95,4375.28,4557.487999999999,136.1460125339226,0.23543239106703537,4763.14,4375.28,4512.689,122.74432159232092,0.29369327442936727,4763.14,4352.26,4594.0127999999995,120.35477676413916,0.27952115995078897,4793.8,4352.26,3,3,1,0.9699538346203405,0.9527835882388153,0.012942359096202416,-0.006834240178614422,4380.07,0.0006785314477619764
2020-03-13,AMZN,4355.31,4469.22,4290.92,4380.07,3128701,4380.07,0.0006785314477619,4504.557500000001,4590.9714,3709.543,0.2826391103444154,4756.548274423871,4252.566725576131,47.96322475143472,-33.80619425072746,-8.647607636263606,-25.15858661446385,154.44357142857137,0.000415973377704,4377.1,-0.0152508192588858,4375.28,-0.0048402450360049,4443.04,-0.0122676918276066,4557.95,0.0027692616226848,4700.15,4408.028,42.55147905782122,0.15146250378009066,4464.65,4375.28,4525.48,136.50446081436334,0.23329657941645468,4763.14,4375.28,4504.557500000001,125.99538721193494,0.2826391103444148,4763.14,4352.26,4590.9714,123.82172131502291,0.27828705149309674,4793.8,4352.26,4,3,1,0.9723641001361457,0.9540617046751902,0.04070711198678548,0.005685014384738083,4332.17,-0.010935898284730516
2020-03-16,AMZN,4290.13,4411.53,4252.81,4332.17,2064979,4332.17,-0.0109358982847305,4496.4155,4587.0874,3714.60205,0.2828246127683033,4759.963105405061,4232.86789459494,48.97171578543141,-43.34853987190763,-15.587794083392414,-27.76074578851522,158.6799999999999,0.0006785314477619,4380.07,0.000415973377704,4377.1,-0.0152508192588858,4375.28,-0.0204697287157603,4464.65,-0.0133442549705858,4637.43,4381.532,39.62546113306187,0.1114194730576433,4443.04,4332.17,4494.954,142.68021635032414,0.23175106019123737,4763.14,4332.17,4496.4155,131.7738027025304,0.2828246127683027,4763.14,4332.17,4587.0874,128.8338326842337,0.2792631963748097,4793.8,4332.17,0,3,1,0.9634719033414586,0.9444271761639107,0.0366375280748361,0.009799236852960204,4304.18,-0.006460965289912357
2020-03-17,AMZN,4284.25,4368.61,4239.74,4304.18,6062966,4304.18,-0.0064609652899123,4490.245,4581.876,3719.58845,0.279096838315192,4766.070422705252,4214.419577294748,39.47994620069579,-52.563556642097865,-22.982946595133505,-29.58061004696436,156.48785714285708,-0.0109358982847305,4332.17,0.0006785314477619,4380.07,0.000415973377704,4377.1,-0.0048402450360049,4443.04,0.0271076868006632,4763.14,4353.76,34.00142129393073,0.11096220308920296,4380.07,4304.18,4449.057999999999,118.61485646128126,0.13627196811424863,4641.58,4304.18,4490.245,137.91271135262605,0.27909683831519144,4763.14,4304.18,4581.876,134.8838781609642,0.27874444897321476,4793.8,4304.18,1,3,1,0.95856239470208,0.9393925108403327,0.029940662332888012,0.004651922740268574,4287.14,-0.003958942237545782
2020-03-18,AMZN,4260.65,4348.68,4225.59,4287.14,3489110,4287.14,-0.0039589422375457,4484.289,4574.8016,3724.6317,0.2789685998598257,4772.611584390259,4195.966415609741,20.885311285037037,-60.54360047467253,-30.49507737104131,-30.04852310363122,143.80285714285705,-0.0064609652899123,4304.18,-0.0109358982847305,4332.17,0.0006785314477619,4380.07,-0.0152508192588858,4375.28,-0.0255209798578249,4641.58,4336.1320000000005,41.9695385965473,0.0775825636799743,4380.07,4287.14,4413.614,107.0904625071563,0.10771265763820052,4614.56,4287.14,4484.289,144.16129219512973,0.2789685998598251,4763.14,4287.14,4574.8016,140.87026956158692,0.27584099465253387,4793.8,4287.14,2,3,1,0.9560356167943334,0.9371204206973834,0.028711448658073076,0.006217361200754456,4350.91,0.014874718343697468
2020-03-19,AMZN,4351.63,4415.95,4285.87,4350.91,4820236,4350.91,0.0148747183436974,4481.2125,4568.4256,3730.7263,0.2846913787877598,4774.040981133858,4188.384018866142,26.331697795591296,-61.01875048053989,-36.59981199294103,-24.418938487598865,137.4321428571428,-0.0039589422375457,4287.14,-0.0064609652899123,4304.18,-0.0109358982847305,4332.17,0.000415973377704,4377.1,-0.005821293611227,4614.56,4330.894,36.907308625893805,0.15714858533442286,4380.07,4287.14,4387.249,81.52482163936136,0.1574632366300214,4557.95,4287.14,4481.2125,146.41424056692918,0.28469137878775924,4763.14,4287.14,4568.4256,143.67369384365662,0.2777546217398454,4793.8,4287.14,3,3,1,0.9709224902856155,0.9523871856420398,0.029897193920345403,-0.00016545524320773805,4340.11,-0.0024822393476308102
2020-03-20,AMZN,4314.39,4399.75,4280.48,4340.11,7065316,4340.11,-0.0024822393476308,4475.84,4562.4526000000005,3736.65475,0.2829589992232714,4775.139398279601,4176.5406017204,28.32502259878608,-61.55718708934728,-41.59128701222228,-19.965900077125,138.44,0.0148747183436974,4350.91,-0.0039589422375457,4287.14,-0.0064609652899123,4304.18,0.0006785314477619,4380.07,-0.0122676918276066,4557.95,4322.902,26.43810261737481,0.1564186236736521,4350.91,4287.14,4365.465,55.93100536471012,0.15386774839693965,4464.65,4287.14,4475.84,149.6496991398002,0.2829589992232708,4763.14,4287.14,4562.4526000000005,146.86253698830083,0.2774986632102013,4793.8,4287.14,4,3,1,0.9696749660396773,0.9512668690517568,0.027480870300516106,0.005961445302810682,4405.85,0.015147081525583639
2020-03-23,AMZN,4429.04,4462.5,4349.2,4405.85,4367725,4405.85,0.0151470815255836,4475.0975,4556.844599999999,3742.7538,0.2879763757731887,4775.045836244417,4175.149163755583,21.45744459841123,-56.03331620349218,-44.47969285047627,-11.553623353015908,132.83214285714288,-0.0024822393476308,4340.11,0.0148747183436974,4350.91,-0.0039589422375457,4287.14,-0.0109358982847305,4332.17,-0.0204697287157603,4464.65,4337.638000000001,46.11024690898026,0.1694289781420615,4405.85,4287.14,4359.585,46.66909071081029,0.15644389083447766,4443.04,4287.14,4475.0975,149.97416812220862,0.28797637577318813,4763.14,4287.14,4556.844599999999,147.39144941287418,0.2787535987868142,4793.8,4287.14,0,3,1,0.9845260354660464,0.9668642200348534,0.025715809662147926,-0.00523589762115365,4453.39,0.01079019939398762
2020-03-24,AMZN,4430.36,4520.16,4386.62,4453.39,3823270,4453.39,0.0107901993939876,4480.154,4550.707200000001,3748.62145,0.2843367986742122,4774.745089042359,4185.562910957642,32.94978889872384,-47.27457615100138,-45.03866951058129,-2.2359066404200902,130.18642857142862,0.0151470815255836,4405.85,-0.0024822393476308,4340.11,0.0148747183436974,4350.91,-0.0064609652899123,4304.18,-0.0048402450360049,4443.04,4367.4800000000005,63.896366093915795,0.1490606656050807,4453.39,4287.14,4360.62,48.79203600767095,0.16587990803332806,4453.39,4287.14,4480.154,147.29554452117898,0.2843367986742116,4763.14,4287.14,4550.707200000001,145.11989230635308,0.2774190821270269,4793.8,4287.14,1,3,1,0.9940260982097949,0.9786149282465416,0.029986145385867833,0.005198223169222243,4500.29,0.010531303119645896
2020-03-25,AMZN,4518.92,4570.36,4430.22,4500.29,4322625,4500.29,0.0105313031196458,4480.807999999999,4544.837,3754.9516,0.2645654917036712,4775.52309465031,4186.092905349688,40.006996063733936,-36.132263276246704,-43.257388263714375,7.125124987467672,130.39285714285714,0.0107901993939876,4453.39,0.0151470815255836,4405.85,-0.0024822393476308,4340.11,-0.0039589422375457,4287.14,-0.0152508192588858,4375.28,4410.110000000001,67.8755817655255,0.11411686992108885,4500.29,4340.11,4373.121,65.95959056705844,0.14778737248430981,4500.29,4287.14,4480.807999999999,147.35754732515522,0.26456549170367055,4763.14,4287.14,4544.837,140.9627390518771,0.2780603570690971,4790.48,4287.14,2,3,1,1.0043478765434708,0.9901983283446708,0.0311402154083333,-0.004122666477830097,4614.99,0.025487246377455586
2020-03-26,AMZN,4622.24,4701.93,4528.06,4614.99,4102398,4614.99,0.0254872463774555,4477.199,4542.6754,3762.1036,0.228410259840992,4762.903936044172,4191.494063955827,54.52813412809064,-17.840909733048647,-38.174092557581226,20.333182824532578,135.85357142857143,0.0105313031196458,4500.29,0.0107901993939876,4453.39,0.0151470815255836,4405.85,0.0148747183436974,4350.91,0.000415973377704,4377.1,4462.9259999999995,103.62420508746744,0.15975593571506197,4614.99,4340.11,4396.91,101.09490799352189,0.18506669279032512,4614.99,4287.14,4477.199,142.8524680220861,0.22841025984099134,4763.14,4287.14,4542.6754,138.9886951533692,0.28254695421590714,4790.48,4287.14,3,3,1,1.0307761616133142,1.0159189450337973,0.03767505455048921,-0.0015685035826781886,4523.79,-0.019761689624462897
2020-03-27,AMZN,4567.78,4610.75,4436.82,4523.79,6584776,4523.79,-0.0197616896244628,4468.380999999999,4538.98,3769.5466,0.2377131134931913,4735.387073331289,4201.37492666871,54.71054895216821,-10.581975649539345,-32.655669175972854,22.07369352643351,138.60500000000002,0.0254872463774555,4614.99,0.0105313031196458,4500.29,0.0107901993939876,4453.39,-0.0024822393476308,4340.11,0.0006785314477619,4380.07,4499.662,78.77958441125602,0.26808958798899635,4614.99,4405.85,4411.282,108.38769341784621,0.2239309992140777,4614.99,4287.14,4468.380999999999,133.5030366656448,0.2377131134931907,4763.14,4287.14,4538.98,136.9292361858352,0.28585163273700764,4790.48,4287.14,4,3,1,1.0124002407133563,0.9966534331499596,0.038447850143344814,-0.009630498841886026,4486.26,-0.008296141067556162
2020-03-30,AMZN,4531.12,4542.58,4429.95,4486.26,4529582,4486.26,-0.0082961410675561,4460.8225,4532.8956,3776.8791,0.2351240064331799,4715.974727410689,4205.670272589311,53.35736258156948,-7.7680304200148385,-27.678141424781252,19.910111004766414,134.58500000000004,-0.0197616896244628,4523.79,0.0254872463774555,4614.99,0.0105313031196458,4500.29,0.0151470815255836,4405.85,-0.0109358982847305,4332.17,4515.744000000001,61.05460736103826,0.2824109552600131,4614.99,4453.39,4426.691000000001,106.83302022313478,0.21957422511153968,4614.99,4287.14,4460.8225,127.57611370534461,0.23512400643317924,4763.14,4287.14,4532.8956,132.20325435428927,0.2833212386702243,4763.14,4287.14,0,3,1,1.0057024237119934,0.9897117418717983,0.025105544484709977,-0.009900421970724627,4631.81,0.03244350528056783
2020-03-31,AMZN,4666.04,4693.28,4570.34,4631.81,3217272,4631.81,0.0324435052805678,4454.255999999999,4532.0602,3784.68955,0.24433270359637,4681.928944965971,4226.583055034028,67.77877884683784,6.135978297362271,-20.91531748035255,27.05129577771482,142.17928571428573,-0.0082961410675561,4486.26,-0.0197616896244628,4523.79,0.0254872463774555,4614.99,0.0107901993939876,4453.39,-0.0064609652899123,4304.18,4551.428,67.31867512073693,0.35013450007117997,4631.81,4486.26,4459.454,115.01225308634312,0.2538963766980205,4631.81,4287.14,4454.255999999999,113.83647248298557,0.24433270359636938,4641.58,4287.14,4532.0602,131.42580634493342,0.2880363941265882,4763.14,4287.14,1,3,1,1.0398616514180956,1.0220098135499123,0.02654253952557921,-0.0073359851179998934,4611.27,-0.004434551503623818
2020-04-01,AMZN,4635.25,4668.79,4553.75,4611.27,6082610,4611.27,-0.0044345515036238,4452.740500000001,4534.2534000000005,3792.56255,0.2274743234551788,4675.514063250137,4229.9669367498645,65.81866327881241,15.320988223543281,-13.668056339573383,28.989044563116664,146.34999999999997,0.0324435052805678,4631.81,-0.0082961410675561,4486.26,-0.0197616896244628,4523.79,0.0105313031196458,4500.29,-0.0039589422375457,4287.14,4573.624,64.47843422425667,0.3595299369315217,4631.81,4486.26,4491.867,106.40609987212827,0.25450671920236895,4631.81,4340.11,4452.740500000001,111.38678162506802,0.22747432345517823,4631.81,4287.14,4534.2534000000005,131.8216836334088,0.27568342097974324,4763.14,4287.14,2,4,2,1.0356026810902104,1.0169855085732489,0.024947574095634174,-0.005173399493014269,4384.26,-0.049229387999401464
2020-04-02,AMZN,4374.3,4453.22,4315.29,4384.26,6543604,4384.26,-0.0492293879994014,4441.2255,4529.4116,3798.7003,0.2862232344497208,4652.280699113018,4230.170300886981,50.21727631874486,4.2335630862371545,-10.087732454411277,14.321295540648432,154.75571428571428,-0.0044345515036238,4611.27,0.0324435052805678,4631.81,-0.0082961410675561,4486.26,0.0254872463774555,4614.99,0.0148747183436974,4350.91,4527.478000000001,100.16260015600042,0.4675210862751736,4631.81,4384.26,4495.202,101.92562166162374,0.37630236780855475,4631.81,4340.11,4441.2255,105.52759955650926,0.2862232344497202,4631.81,4287.14,4529.4116,132.81219996144804,0.2905251978454384,4763.14,4287.14,3,4,2,0.9871734727270689,0.9679535416916033,0.03146026923585025,0.002276935738289042,4369.09,-0.0034601050120203203
2020-04-03,AMZN,4391.22,4430.55,4307.63,4369.09,2341898,4369.09,-0.0034601050120203,4431.782499999999,4523.3932,3804.83195,0.2838943130250197,4637.685352706405,4225.879647293594,51.98179241558838,-5.7115541932626,-9.212496802181542,3.500942608918942,152.19857142857148,-0.0492293879994014,4384.26,-0.0044345515036238,4611.27,0.0324435052805678,4631.81,-0.0197616896244628,4523.79,-0.0024822393476308,4340.11,4496.5380000000005,122.89927286200741,0.46002429274420376,4631.81,4369.09,4498.1,97.3345977086692,0.3765890698065741,4631.81,4369.09,4431.782499999999,102.95142635320283,0.2838943130250191,4631.81,4287.14,4523.3932,133.12867727123074,0.28960417956670764,4763.14,4287.14,4,4,2,0.9858538861054247,0.965887732244686,0.028134005021634236,-0.005039601750765179,4380.54,0.002620683025527093
2020-04-06,AMZN,4420.55,4480.38,4280.7,4380.54,7384682,4380.54,0.002620683025527,4427.577,4516.560399999999,3810.97625,0.275639228393605,4634.088232889347,4221.065767110654,54.17295123094582,-12.524833495511302,-9.874964140847494,-2.6498693546638084,157.25642857142864,-0.0034601050120203,4369.09,-0.0492293879994014,4384.26,-0.0044345515036238,4611.27,-0.0082961410675561,4486.26,0.0151470815255836,4405.85,4475.394,133.72684857578037,0.4639928686133466,4631.81,4369.09,4495.569,100.28428850576975,0.3685033402013217,4631.81,4369.09,4427.577,103.25561644467317,0.2756392283936044,4631.81,4287.14,4516.560399999999,131.47479606306428,0.288364060414081,4763.14,4287.14,0,4,2,0.9893763564132279,0.9698840737298742,0.045583421222030775,-0.009050909954641653,4179.75,-0.04583681463929101
2020-04-07,AMZN,4139.91,4258.86,4100.64,4179.75,4628251,4179.75,-0.045836814639291,4414.4125,4507.5072,3816.49565,0.3186552026880045,4648.500095199574,4180.324904800426,45.11281617141177,-33.73757558706802,-14.6474864300916,-19.090089156976422,168.45714285714288,0.002620683025527,4380.54,-0.0034601050120203,4369.09,-0.0492293879994014,4384.26,0.0324435052805678,4631.81,0.0107901993939876,4453.39,4384.982000000001,152.96996525464616,0.40076621581967187,4611.27,4179.75,4468.205,141.80860906712502,0.4258347832410549,4631.81,4179.75,4414.4125,117.04379759978715,0.31865520268800396,4631.81,4179.75,4507.5072,138.7199183943484,0.30274896263374373,4763.14,4179.75,1,4,2,0.9468417371505387,0.9272863723876187,0.037853938632684124,0.009623397610090683,4282.13,0.024494287935881376
2020-04-08,AMZN,4285.38,4380.5,4183.75,4282.13,4479907,4282.13,0.0244942879358813,4409.754999999999,4499.245800000001,3822.44435,0.3292069049186611,4650.7263770729305,4168.783622927068,46.97617163399485,-41.80570599399107,-20.079130342871494,-21.726575651119575,173.50500000000005,-0.045836814639291,4179.75,0.002620683025527,4380.54,-0.0034601050120203,4369.09,-0.0044345515036238,4611.27,0.0105313031196458,4500.29,4319.154,88.46593711709676,0.5096830137536357,4384.26,4179.75,4446.389,152.68784943653017,0.44628426577362335,4631.81,4179.75,4409.754999999999,120.48568853646579,0.32920690491866067,4631.81,4179.75,4499.245800000001,139.61107280346644,0.3065882776495725,4763.14,4179.75,2,4,2,0.9710584828406633,0.9517439567313809,0.045946760140386685,-0.0007583924879472161,4228.26,-0.012580187897144657
2020-04-09,AMZN,4204.42,4309.37,4147.15,4228.26,5983132,4228.26,-0.0125801878971446,4402.313,4489.423,3828.66205,0.3317566335559598,4656.3687918087735,4148.257208191227,45.26207883914904,-51.94779442113486,-26.452863158524167,-25.49493126261069,176.57285714285717,0.0244942879358813,4282.13,-0.045836814639291,4179.75,0.002620683025527,4380.54,-0.0492293879994014,4384.26,0.0254872463774555,4614.99,4287.954,87.26484991109217,0.4075456381554943,4380.54,4179.75,4407.716,154.20771289255347,0.4141910115316808,4631.81,4179.75,4402.313,127.02789590438671,0.3317566335559592,4631.81,4179.75,4489.423,141.07548947857902,0.3071466811252909,4763.14,4179.75,3,4,2,0.960463283732674,0.9418270454797996,0.038365663417094,0.005670223241254316,4254.14,0.006120721053104683
2020-04-10,AMZN,4259.07,4358.03,4150.26,4254.14,3188350,4254.14,0.0061207210531046,4396.0165,4482.754199999999,3834.8188,0.3327954403363632,4658.495856202798,4133.537143797202,43.34902806585923,-57.23737601595076,-32.609765730009485,-24.627610285941273,182.67142857142855,-0.0125801878971446,4228.26,0.0244942879358813,4282.13,-0.045836814639291,4179.75,-0.0034601050120203,4369.09,-0.0197616896244628,4523.79,4264.964,74.79681096146375,0.41825309488310614,4380.54,4179.75,4380.751,155.22795799510402,0.4146971255539832,4631.81,4179.75,4396.0165,131.23967810139905,0.3327954403363627,4631.81,4179.75,4482.754199999999,144.1875225727301,0.3018356009692451,4763.14,4179.75,4,4,2,0.967726122046865,0.949001397399628,0.04883948342084432,-0.0011575296954495287,4237.67,-0.0038715227989676304
2020-04-13,AMZN,4234.83,4312.74,4162.6,4237.67,5858890,4237.67,-0.0038715227989676,4391.2915,4473.3556,3840.69195,0.3310073600257504,4661.88691951817,4120.696080481831,40.27797807852259,-62.04320346469831,-38.49645327694725,-23.54675018775106,183.8571428571428,0.0061207210531046,4254.14,-0.0125801878971446,4228.26,0.0244942879358813,4282.13,0.002620683025527,4380.54,-0.0082961410675561,4486.26,4236.389999999999,37.69295358557561,0.4132752463700343,4282.13,4179.75,4355.892,156.35493637517533,0.41455093395253023,4631.81,4179.75,4391.2915,135.29770975908485,0.3310073600257499,4631.81,4179.75,4473.3556,144.54756923611635,0.29522535363108815,4763.14,4179.75,0,4,2,0.9650167837865089,0.947313466427541,0.03542984706217425,0.000670629045321648,4141.31,-0.02273891076936141
2020-04-14,AMZN,4147.58,4241.82,4040.79,4141.31,3440387,4141.31,-0.0227389107693614,4383.148,4461.7428,3845.701,0.3395712981033891,4673.838625967311,4092.4573740326896,34.51203727631102,-72.7882454434639,-45.35481171025058,-27.433433733213313,188.20642857142852,-0.0038715227989676,4237.67,0.0061207210531046,4254.14,-0.0125801878971446,4228.26,-0.045836814639291,4179.75,0.0324435052805678,4631.81,4228.701999999999,52.96136582457238,0.2876127263007795,4282.13,4141.31,4306.842000000001,135.7601897792009,0.36294185115468913,4611.27,4141.31,4383.148,145.3453129836552,0.3395712981033887,4631.81,4141.31,4461.7428,147.46277547629458,0.2986448683398918,4763.14,4141.31,1,4,2,0.9448254998460136,0.9281821444299908,0.04854261091296019,-0.0015117249094648,4063.04,-0.01889981672465968
2020-04-15,AMZN,4067.18,4096.2,4029.87,4063.04,2217352,4063.04,-0.0188998167246596,4371.943000000001,4449.2178,3850.6014,0.3449838407197853,4693.819241408343,4050.066758591659,25.413596799597528,-86.62099063544883,-53.608047495290236,-33.0129431401586,181.7635714285714,-0.0227389107693614,4141.31,-0.0038715227989676,4237.67,0.0061207210531046,4254.14,0.0244942879358813,4282.13,-0.0044345515036238,4611.27,4184.884,80.94579439355272,0.18526371556604024,4254.14,4063.04,4252.019,106.76290288399541,0.36300025785755174,4384.26,4063.04,4371.943000000001,160.93812070417107,0.34498384071978483,4631.81,4063.04,4449.2178,154.18387185418504,0.30077134571302555,4763.14,4063.04,2,4,2,0.9293442297850336,0.9132032151806743,0.016325214617622177,-0.0010179042973261214,3995.97,-0.016507344254548362
2020-04-16,AMZN,4032.74,4032.74,3971.8,3995.97,2683687,3995.97,-0.0165073442545483,4354.196000000001,4435.969800000001,3855.1189,0.3420488110285508,4717.437165265119,3990.9548347348814,25.971921262665845,-101.82179110625839,-63.25079621748387,-38.57099488877452,175.55428571428567,-0.0188998167246596,4063.04,-0.0227389107693614,4141.31,-0.0038715227989676,4237.67,-0.0125801878971446,4228.26,-0.0492293879994014,4384.26,4138.426,110.93261436566975,0.19021498991488967,4254.14,3995.97,4213.1900000000005,122.73791083259647,0.3019118747979285,4380.54,3995.97,4354.196000000001,181.62058263255926,0.3420488110285502,4631.81,3995.97,4435.969800000001,163.99191747737788,0.3022534339474608,4763.14,3995.97,3,4,2,0.9177285542495287,0.9008109117422526,0.015250364742474131,-0.009117870232147588,4075.6,0.01992757703386161
2020-04-17,AMZN,4079.85,4143.18,4008.01,4075.6,5018359,4075.6,0.0199275770338616,4340.9705,4427.6166,3859.8739,0.352478541120221,4725.035659903346,3956.905340096656,31.995545578506608,-106.21863716052485,-71.84436440609207,-34.37427275443278,178.0242857142857,-0.0165073442545483,3995.97,-0.0188998167246596,4063.04,-0.0227389107693614,4141.31,0.0061207210531046,4254.14,-0.0034601050120203,4369.09,4102.718,91.38688346804311,0.2754737899400794,4237.67,3995.97,4183.841,116.23439579380161,0.3350772102517304,4380.54,3995.97,4340.9705,192.0325799516725,0.3524785411202205,4631.81,3995.97,4427.6166,171.48032130339442,0.29709647589942423,4763.14,3995.97,4,4,2,0.9388683935997861,0.9204952389055273,0.033165668858564853,-0.0010417049646430526,4065.55,-0.0024658945922072517
2020-04-20,AMZN,4093.7,4165.85,3965.25,4065.55,2740408,4065.55,-0.0024658945922072,4323.9555,4418.080400000001,3864.45085,0.3460012535258094,4725.665167688916,3922.245832311084,21.826178677029915,-109.2547001698731,-79.32643155884828,-29.92826861102482,177.56571428571434,0.0199275770338616,4075.6,-0.0165073442545483,3995.97,-0.0188998167246596,4063.04,-0.0038715227989676,4237.67,0.002620683025527,4380.54,4068.2940000000003,51.600893693821206,0.2771111909403018,4141.31,3995.97,4152.342,98.30468902569551,0.3320632972760059,4282.13,3995.97,4323.9555,200.85483384445814,0.34600125352580896,4631.81,3995.97,4418.080400000001,178.09930436740126,0.2956690225061704,4763.14,3995.97,0,4,2,0.940238631040273,0.9202073371048383,0.049341417520372646,-0.006876419864668334,4028.3,-0.009162351957299752
2020-04-21,AMZN,4013.78,4082.08,3974.51,4028.3,7616559,4028.3,-0.0091623519572997,4302.701,4407.3528,3869.08205,0.3420813897009773,4720.246315732949,3885.15568426705,21.469191993049904,-113.3598241781101,-86.13311008270065,-27.22671409540945,177.03214285714287,-0.0024658945922072,4065.55,0.0199275770338616,4075.6,-0.0165073442545483,3995.97,-0.0227389107693614,4141.31,-0.045836814639291,4179.75,4045.692,33.032335218700545,0.247187324928863,4075.6,3995.97,4137.197,105.04803980927905,0.25472106355788937,4282.13,3995.97,4302.701,208.77265786647484,0.3420813897009768,4631.81,3995.97,4407.3528,185.10515467124802,0.29565390329317737,4763.14,3995.97,1,4,2,0.9362258730037396,0.9139953579389165,0.026703572226490828,0.003617537583025568,3961.84,-0.01649827470645182
2020-04-22,AMZN,3956.94,3998.45,3925.23,3961.84,6436646,3961.84,-0.0164982747064518,4275.7785,4395.5972,3874.0318,0.3394795841820137,4708.829565192331,3842.727434807669,25.47207060694855,-120.58589200019833,-93.02366646620018,-27.562225533998145,163.25285714285715,-0.0091623519572997,4028.3,-0.0024658945922072,4065.55,0.0199275770338616,4075.6,-0.0188998167246596,4063.04,0.0244942879358813,4282.13,4025.452,47.556433529021454,0.2394030263676167,4075.6,3961.84,4105.168000000001,104.77581917808247,0.20690224095872828,4254.14,3961.84,4275.7785,216.52553259616548,0.33947958418201324,4631.81,3961.84,4395.5972,194.32058448670475,0.29735717516892207,4763.14,3961.84,2,4,2,0.9265774641972386,0.9013200754607584,0.018481311713744453,0.001238330629223302,4048.83,0.02195696948892434
2020-04-23,AMZN,4046.43,4111.3,3986.35,4048.83,6818708,4048.83,0.0219569694889243,4247.4705,4383.4458,3879.32055,0.3353242999441617,4660.7238673426045,3834.217132657396,32.835612913797846,-117.93376972975148,-98.00568711891044,-19.92808261084103,165.14857142857142,-0.0164982747064518,3961.84,-0.0091623519572997,4028.3,-0.0024658945922072,4065.55,-0.0165073442545483,3995.97,-0.0125801878971446,4228.26,4036.0240000000003,45.180095506765134,0.27536467209420074,4075.6,3961.84,4087.225,96.38151496926892,0.2517263205511086,4254.14,3961.84,4247.4705,206.62668367130223,0.3353242999441613,4631.81,3961.84,4383.4458,196.66144910383954,0.2966938305637757,4763.14,3961.84,3,4,2,0.9532332243388261,0.9236637532963394,0.030860767184586513,0.000593115412845273,4157.74,0.026899128884146695
2020-04-24,AMZN,4139.34,4232.48,4083.0,4157.74,4204711,4157.74,0.0268991288841466,4229.168000000001,4375.7466,3885.19205,0.3510335253683395,4622.854118124848,3835.481881875152,39.18845474431894,-105.82394436424875,-99.56933856797812,-6.254605796270624,164.00357142857138,0.0219569694889243,4048.83,-0.0164982747064518,3961.84,-0.0091623519572997,4028.3,0.0199275770338616,4075.6,0.0061207210531046,4254.14,4052.452,70.82388911942562,0.3055534503095371,4157.74,3961.84,4077.5850000000005,81.50461462732703,0.2937197600119663,4237.67,3961.84,4229.168000000001,196.8430590624241,0.3510335253683391,4631.81,3961.84,4375.7465999999995,197.83150305873767,0.2996575572621042,4763.14,3961.84,4,4,2,0.9831106260141512,0.9501784221232209,0.03595222404478481,0.004445153092037665,4248.15,0.021744986458989812
2020-04-27,AMZN,4237.94,4296.17,4200.13,4248.15,4434607,4248.15,0.0217449864589898,4217.2625,4370.8094,3891.6642,0.362150453891189,4592.166223606055,3842.358776393945,53.71739130353037,-87.91802484011623,-97.23907582240575,9.32105098228952,153.89857142857142,0.0268991288841466,4157.74,0.0219569694889243,4048.83,-0.0164982747064518,3961.84,-0.0024658945922072,4065.55,-0.0038715227989676,4237.67,4088.972,113.4919498026239,0.3205244449192938,4248.15,3961.84,4078.6330000000003,83.82604263191044,0.31673031172182037,4248.15,3961.84,4217.2625,187.45186180302764,0.36215045389118866,4631.81,3961.84,4370.8094,197.87473944863999,0.303449446139375,4763.14,3961.84,0,4,2,1.0073240638919185,0.9719366852279184,0.022607487965344293,0.002409189370306712,4286.78,0.0090933700552005
2020-04-28,AMZN,4295.23,4369.5,4204.07,4286.78,2481367,4286.78,0.0090933700552005,4200.011,4367.9932,3898.1222,0.3411674916496794,4522.715550350384,3877.306449649617,50.27153284589335,-69.80566025750431,-91.75239270942548,21.946732451921164,151.3757142857143,0.0217449864589898,4248.15,0.0268991288841466,4157.74,0.0219569694889243,4048.83,-0.0091623519572997,4028.3,-0.0227389107693614,4141.31,4140.668,135.65233307983385,0.2788956195919264,4286.78,3961.84,4093.1799999999994,105.68394390820995,0.29079177017312713,4286.78,3961.84,4200.011,161.3522751751917,0.341167491649679,4611.27,3961.84,4367.9932,198.052073521777,0.30253187719919944,4763.14,3961.84,1,4,2,1.020659231606531,0.981407205487183,0.03859073710336469,-0.0019672986079902243,4310.01,0.00541898581219491
2020-04-29,AMZN,4316.93,4415.62,4204.41,4310.01,5957242,4310.01,0.0054189858121949,4184.947999999999,4366.0682,3904.70565,0.3426533223662186,4449.755581748672,3920.140418251327,54.95088479939764,-52.96644971263686,-83.99520411006776,31.0287543974309,154.875,0.0090933700552005,4286.78,0.0217449864589898,4248.15,0.0268991288841466,4157.74,-0.0164982747064518,3961.84,-0.0188998167246596,4063.04,4210.302000000001,107.30681651229509,0.1467235919781842,4310.01,4048.83,4117.8769999999995,124.95744840631217,0.26231615432927313,4310.01,3961.84,4184.947999999999,132.4037908743361,0.34265332236621826,4384.26,3961.84,4366.0682,198.14028166713737,0.30264781386938244,4763.14,3961.84,2,4,2,1.0298837643858347,0.9871604845748889,0.04900452667162048,-0.0016029910144474125,4217.5,-0.021463987322535294
2020-04-30,AMZN,4229.01,4314.25,4120.75,4217.5,4656330,4217.5,-0.0214639873225352,4176.61,4362.1694,3911.175,0.3052634827319817,4424.985109948855,3928.234890051144,47.94674078647979,-46.54944487306693,-76.5060522626676,29.956607389600663,153.85571428571433,0.0054189858121949,4310.01,0.0090933700552005,4286.78,0.0217449864589898,4248.15,0.0219569694889243,4048.83,-0.0165073442545483,3995.97,4244.036,59.89094697868717,0.29925789108047773,4310.01,4157.74,4140.03,120.50133544670209,0.27511378823701055,4310.01,3961.84,4176.61,124.1875549744276,0.30526348273198134,4380.54,3961.84,4362.1694,199.1246724573704,0.30633185714106276,4763.14,3961.84,3,4,2,1.009790236579185,0.9668354466011873,0.04588026081800927,-0.002721677177400265,4199.67,-0.004227622999407266
2020-05-01,AMZN,4187.22,4245.16,4154.18,4199.67,5018929,4199.67,-0.0042276229994072,4168.139,4357.2116000000005,3918.05205,0.3053323121653773,4399.8722785223945,3936.405721477606,47.87376902342186,-42.413735156901566,-69.68758884151438,27.273853684612817,149.63000000000005,-0.0214639873225352,4217.5,0.0054189858121949,4310.01,0.0090933700552005,4286.78,0.0268991288841466,4157.74,0.0199275770338616,4075.6,4252.4220000000005,46.14493330804631,0.25610996349204085,4310.01,4199.67,4152.437,119.51360443710944,0.26633816266380544,4310.01,3961.84,4168.139,115.86663926119697,0.30533231216537693,4380.54,3961.84,4357.2116000000005,200.03911022044093,0.3057772304898097,4763.14,3961.84,4,5,2,1.0075647669137213,0.9638434819183523,0.02166360690244183,0.002973333142275028,4149.07,-0.012048565720640059
2020-05-04,AMZN,4133.79,4196.93,4101.21,4149.07,7858683,4149.07,-0.01204856572064,4156.5655,4351.779,3924.95755,0.306951886620123,4365.647205356392,3947.4837946436073,50.45763351492447,-42.726626574072725,-64.29539638802605,21.568769813953324,142.3035714285715,-0.0042276229994072,4199.67,-0.0214639873225352,4217.5,0.0054189858121949,4310.01,0.0217449864589898,4248.15,-0.0024658945922072,4065.55,4232.606,65.6076141160747,0.19888990039402515,4310.01,4149.07,4160.789,115.62196143272243,0.2761389920192451,4310.01,3961.84,4156.5655,104.54085267819625,0.3069518866201226,4310.01,3961.84,4351.7789999999995,201.9589333305925,0.30658668921772547,4763.14,3961.84,0,5,2,0.9981967083157961,0.9534192797931709,0.02307023019615894,0.00369636580474481,4015.7,-0.03214455287570461
2020-05-05,AMZN,4024.67,4065.62,3965.79,4015.7,3139015,4015.7,-0.0321445528757046,4148.362999999999,4345.0478,3930.58435,0.2843470469911778,4366.299231919243,3930.426768080756,47.378563358957074,-53.12405857813519,-62.061128826047884,8.937070247912693,147.435,-0.01204856572064,4149.07,-0.0042276229994072,4199.67,-0.0214639873225352,4217.5,0.0090933700552005,4286.78,-0.0091623519572997,4028.3,4178.39,107.97448008674546,0.23211749207169424,4310.01,4015.7,4159.529,117.28291932566287,0.32272173544834126,4310.01,3961.84,4148.362999999999,108.9681159596218,0.2843470469911774,4310.01,3961.84,4345.0478,207.47591633323734,0.31282946925358185,4763.14,3961.84,1,5,2,0.9680203974432884,0.9242015703484493,0.024859924795172714,-0.0022287541587255664,4093.61,0.019401349702418136
2020-05-06,AMZN,4063.55,4146.38,4040.84,4093.61,3803180,4093.61,0.0194013497024181,4138.937,4337.1758,3936.4087,0.2786060808867793,4348.665770618777,3929.208229381223,55.34264264836745,-54.44974965165238,-60.53885299116878,6.089103339516399,150.2521428571429,-0.0321445528757046,4015.7,-0.01204856572064,4149.07,-0.0042276229994072,4199.67,0.0054189858121949,4310.01,-0.0164982747064518,3961.84,4135.11,82.35894820845104,0.30982893757306773,4217.5,4015.7,4172.706,98.50301125682003,0.32204673070077305,4310.01,4015.7,4138.937,104.86438530938848,0.2786060808867789,4310.01,3961.84,4337.1758,209.42969177333904,0.3076857741536989,4763.14,3961.84,2,5,2,0.9890486373672783,0.9438423040170647,0.025781645051671794,0.0073974726532201026,4043.42,-0.01226057196459851
2020-05-07,AMZN,4023.45,4071.75,4015.09,4043.42,4558359,4043.42,-0.0122605719645985,4129.695,4324.3008,3941.9295,0.2784489207225434,4339.14081236155,3920.249187638449,48.18056403569384,-58.87164722034322,-60.205411837003666,1.3337646166604458,145.3457142857143,0.0194013497024181,4093.61,-0.0321445528757046,4015.7,-0.01204856572064,4149.07,-0.0214639873225352,4217.5,0.0219569694889243,4048.83,4100.294,75.31626670249801,0.29509509516746146,4199.67,4015.7,4172.165,99.27082409580974,0.3127002762327028,4310.01,4015.7,4129.695,104.7229061807753,0.2784489207225431,4310.01,3961.84,4324.3008,207.25057508438078,0.2897146303268228,4763.14,3961.84,3,5,2,0.9791086266658968,0.935045961649815,0.014012890078197626,0.0049634020554487545,4132.18,0.02195171414297792
2020-05-08,AMZN,4094.34,4215.81,4048.55,4132.18,2751428,4132.18,0.0219517141429779,4123.597,4312.9414,3947.93935,0.290065620198417,4324.723699852815,3922.470300147184,53.459321945123904,-54.584625119228804,-59.0812544934487,4.496629374219893,143.3307142857143,-0.0122605719645985,4043.42,0.0194013497024181,4093.61,-0.0321445528757046,4015.7,-0.0042276229994072,4199.67,0.0268991288841466,4157.74,4086.7960000000007,56.83376575594499,0.3673024765507597,4149.07,4015.7,4169.609,100.00980890223303,0.3015910572582671,4310.01,4015.7,4123.597,100.56334992640777,0.29006562019841664,4310.01,3961.84,4312.9414,201.72132853961256,0.2947630751022007,4763.14,3961.84,4,5,2,1.0020814352127518,0.9580886028266097,0.04047742353913908,0.009242026797967658,4199.08,0.01619000140361737
2020-05-11,AMZN,4163.19,4250.76,4147.4,4199.08,3710827,4199.08,0.0161900014036173,4121.6675000000005,4304.1744,3954.34605,0.2963745564818968,4318.888900661662,3924.4460993383386,58.60179308872726,-45.26704797312232,-56.31841318938342,11.051365216261104,144.11714285714288,0.0219517141429779,4132.18,-0.0122605719645985,4043.42,0.0194013497024181,4093.61,-0.01204856572064,4149.07,0.0217449864589898,4248.15,4096.798000000001,72.71477373960377,0.378123236442847,4199.08,4015.7,4164.702,96.8829313942864,0.2912547004764688,4310.01,4015.7,4121.6675000000005,98.61070033083087,0.2963745564818965,4310.01,3961.84,4304.1744,196.79637136979184,0.29657661606344016,4763.14,3961.84,0,5,2,1.018781840116647,0.9755831455154382,0.02461491564818388,0.008620793189835609,4242.17,0.010261771626165705
2020-05-12,AMZN,4220.39,4338.02,4146.31,4242.17,4871852,4242.17,0.0102617716261657,4126.7105,4293.755,3960.65565,0.2861989712843814,4331.075355303348,3922.345644696653,64.45998782571215,-34.01370920653517,-51.85747239281377,17.8437631862786,150.44857142857146,0.0161900014036173,4199.08,0.0219517141429779,4132.18,-0.0122605719645985,4043.42,-0.0321445528757046,4015.7,0.0090933700552005,4286.78,4142.092,79.76238756458092,0.21867080976358974,4242.17,4043.42,4160.241,91.51561450858155,0.2924460717013857,4310.01,4015.7,4126.7105,102.18242765167388,0.286198971284381,4310.01,3961.84,4293.755,185.4656966054304,0.2904771615066684,4641.58,3961.84,1,5,2,1.027978580033412,0.9879860401906982,0.045191493975949765,0.005160660507676916,4290.03,0.01128196182614083
2020-05-13,AMZN,4248.81,4391.01,4189.05,4290.03,3511789,4290.03,0.0112819618261408,4138.06,4286.723999999999,3967.3328,0.2777926893238607,4352.500189379353,3923.6198106206457,62.96495377243439,-20.991478444035238,-45.68427360305807,24.69279515902283,154.19857142857146,0.0102617716261657,4242.17,0.0161900014036173,4199.08,0.0219517141429779,4132.18,0.0194013497024181,4093.61,0.0054189858121949,4310.01,4181.376,96.52349211462978,0.20653313568658696,4290.03,4043.42,4158.243,88.03438747945759,0.29742739509068733,4290.03,4015.7,4138.0599999999995,107.22009468967681,0.27779268932386036,4310.01,3961.84,4286.723999999999,178.54506109329103,0.28697749736755074,4631.81,3961.84,2,5,2,1.0367249387391584,1.000771218300735,0.04707659386996197,0.009701539960598294,4243.58,-0.010827430111211345
2020-05-14,AMZN,4221.97,4266.87,4220.28,4243.58,6752346,4243.58,-0.0108274301112113,4150.4405,4279.3044,3973.62065,0.2732327376090327,4358.846072253517,3942.034927746482,54.94618203520728,-14.255069972628917,-39.398432876972244,25.143362904343327,146.06285714285718,0.0112819618261408,4290.03,0.0102617716261657,4242.17,0.0161900014036173,4199.08,-0.0122605719645985,4043.42,-0.0214639873225352,4217.5,4221.408,59.35447051405318,0.19706022242309595,4290.03,4132.18,4160.851000000001,90.34100538758054,0.2805553530918194,4290.03,4015.7,4150.4405,104.20278612675892,0.2732327376090324,4310.01,3961.84,4279.3044,172.2404016360444,0.28759240267833075,4631.81,3961.84,3,5,2,1.0224408710350088,0.99165182079569,0.010978937595141168,0.005118463655590767,4388.71,0.034199897256561806
2020-05-15,AMZN,4402.31,4497.42,4280.0,4388.71,2185674,4388.71,0.0341998972565618,4166.096,4275.9196,3980.7247,0.2890917758007365,4396.690450419369,3935.50154958063,57.618758536081074,2.762515809499746,-30.966243139677847,33.72875894917759,154.3064285714286,-0.0108274301112113,4243.58,0.0112819618261408,4290.03,0.0102617716261657,4242.17,0.0219517141429779,4132.18,-0.0042276229994072,4199.67,4272.714,72.38544004151912,0.25532498882994836,4388.71,4199.08,4179.755,115.61078008653354,0.32433801838528314,4388.71,4015.7,4166.096,115.29722520968473,0.2890917758007362,4388.71,3961.84,4275.9196,168.26997338409697,0.2974083309871278,4631.81,3961.84,4,5,2,1.0534346784133026,1.0263780450874176,0.049540753433229924,-0.0030892872151205325,4392.94,0.0009638367538524761
2020-05-18,AMZN,4354.38,4477.29,4308.6,4392.94,6267658,4392.94,0.0009638367538524,4182.4655,4274.4854,3987.31965,0.2883509880996769,4428.941737477477,3935.989262522524,55.97707362026926,16.40133639880878,-21.492727231980524,37.894063630789304,154.53928571428568,0.0341998972565618,4388.71,-0.0108274301112113,4243.58,0.0112819618261408,4290.03,0.0161900014036173,4199.08,-0.01204856572064,4149.07,4311.486,74.95764290587634,0.2631754809703773,4392.94,4242.17,4204.142000000001,132.8540090809597,0.31197749111750356,4392.94,4015.7,4182.4655,123.23811873873808,0.28835098809967663,4392.94,3961.84,4274.4854,166.928811470061,0.29390985820156795,4631.81,3961.84,0,5,2,1.0503230690125116,1.0277120141757816,0.038400251312324135,0.0088554512927192,4417.72,0.005640869212873545
2020-05-19,AMZN,4412.13,4485.78,4349.65,4417.72,5210983,4417.72,0.0056408692128735,4201.9365,4273.979,3993.8288,0.2841206215985806,4458.455844035126,3945.417155964874,56.05377637303453,28.87686436594504,-11.418808912395411,40.29567327834045,149.17642857142854,0.0009638367538524,4392.94,0.0341998972565618,4388.71,-0.0108274301112113,4243.58,0.0102617716261657,4242.17,-0.0321445528757046,4015.7,4346.5960000000005,75.48507686957308,0.26401769514385387,4417.72,4243.58,4244.344,130.2966087390004,0.2297901221193908,4417.72,4043.42,4201.9365,128.2596720175629,0.2841206215985804,4417.72,3961.84,4273.979,166.44474797223813,0.293992464619749,4631.81,3961.84,1,5,2,1.0513533462485567,1.0336316579933982,0.030814537815879974,0.0012669617622324994,4367.22,-0.01143123602220153
2020-05-20,AMZN,4403.31,4423.08,4311.36,4367.22,3185989,4367.22,-0.0114312360222015,4222.2055,4273.817800000001,3999.72925,0.2796220049764061,4462.387880130733,3982.0231198692672,58.83199622366253,34.2935673103857,-2.2763336678391886,36.56990097822489,143.335,0.0056408692128735,4417.72,0.0009638367538524,4392.94,0.0341998972565618,4388.71,0.0112819618261408,4290.03,0.0194013497024181,4093.61,4362.034,68.6038721939625,0.2950158239022649,4417.72,4243.58,4271.705,123.68705386757338,0.24489855448495385,4417.72,4043.42,4222.2055,120.09119006536646,0.27962200497640594,4417.72,4015.7,4273.817800000001,166.34851197984676,0.2930934852381835,4631.81,3961.84,2,5,2,1.0343456755003908,1.021854511439158,0.025581491200345908,-0.008196107019490325,4295.44,-0.01643608519836437
2020-05-21,AMZN,4320.47,4361.46,4229.42,4295.44,2763591,4295.44,-0.0164360851983643,4234.536,4272.1846000000005,4005.4346,0.281997119200684,4462.238200752143,4006.833799247857,55.31140812958306,32.420573123717986,4.663047690472246,27.75752543324574,146.67928571428575,-0.0114312360222015,4367.22,0.0056408692128735,4417.72,0.0009638367538524,4392.94,-0.0108274301112113,4243.58,-0.0122605719645985,4043.42,4372.406,46.614064186741636,0.3144720335062528,4417.72,4295.44,4296.907,94.15370802278716,0.2546058190403016,4417.72,4132.18,4234.536,113.85110037607137,0.28199711920068377,4417.72,4015.7,4272.1846000000005,165.7134534487446,0.2954415677176692,4631.81,3961.84,3,5,2,1.0143826856115958,1.0054434445550393,0.030739574991146244,-0.005793351186328075,4333.32,0.0088186542007338
2020-05-22,AMZN,4316.46,4383.12,4283.52,4333.32,1740515,4333.32,0.0088186542007338,4243.3150000000005,4271.2496,4011.02305,0.2687602688481003,4472.08683498895,4014.543165011051,60.36474916368134,33.60542869685651,10.451523891749098,23.15390480510741,146.7607142857143,-0.0164360851983643,4295.44,-0.0114312360222015,4367.22,0.0056408692128735,4417.72,0.0341998972565618,4388.71,0.0219517141429779,4132.18,4361.3279999999995,48.321238808680306,0.173962565357772,4417.72,4295.44,4317.021,74.48301722164894,0.23993931725836629,4417.72,4199.08,4243.3150000000005,114.38591749447478,0.26876026884810006,4417.72,4015.7,4271.2496,165.22347577377252,0.2961312854040066,4631.81,3961.84,4,5,2,1.021211010730756,1.0145321406641712,0.022984686106721053,0.003905978510167073,4351.14,0.0041123203456012725
2020-05-25,AMZN,4388.1,4427.08,4275.19,4351.14,2910207,4351.14,0.0041123203456012,4248.4645,4271.629,4016.7878,0.2588643810071502,4482.275548631381,4014.6534513686192,71.6894268557267,35.57230495846761,15.4756801050928,20.096624853374813,144.51857142857148,0.0088186542007338,4333.32,-0.0164360851983643,4295.44,-0.0114312360222015,4367.22,0.0009638367538524,4392.94,0.0161900014036173,4199.08,4352.968,44.98554567864435,0.17925477824266478,4417.72,4295.44,4332.227,62.24617882958789,0.2314907582954599,4417.72,4242.17,4248.4645,116.90552431569036,0.2588643810071499,4417.72,4015.7,4271.629,165.38791963198207,0.2952101815618538,4631.81,3961.84,0,5,2,1.0241676728142546,1.0186137419703305,0.03490809305146821,-0.008422779790795927,4290.56,-0.013922788050947599
2020-05-26,AMZN,4275.94,4319.99,4261.13,4290.56,6080974,4290.56,-0.0139227880509475,4248.6535,4271.3566,4022.2149,0.2625690781242043,4482.601028914635,4014.705971085366,63.02665520089639,31.875329893251546,18.75561006272455,13.119719830526996,141.61357142857148,0.0041123203456012,4351.14,0.0088186542007338,4333.32,-0.0164360851983643,4295.44,0.0056408692128735,4417.72,0.0102617716261657,4242.17,4327.536,33.7742546920733,0.18147902182372436,4367.22,4290.56,4337.066000000001,56.038674581801835,0.24368867267422076,4417.72,4243.58,4248.6535,116.97376445731727,0.262569078124204,4417.72,4015.7,4271.3566,165.34442339982155,0.29655578854398357,4631.81,3961.84,1,5,2,1.0098634779228266,1.0044958550168805,0.013718488961810566,0.0034191312319624178,4181.68,-0.025376640811455853
2020-05-27,AMZN,4145.93,4254.53,4108.82,4181.68,3911261,4181.68,-0.0253766408114558,4242.237,4269.2474,4026.61585,0.2767802920548687,4476.138360235465,4008.3356397645352,58.48595698613031,19.93000378924171,18.990488808027983,0.9395149812137262,148.98642857142866,-0.0139227880509475,4290.56,0.0041123203456012,4351.14,0.0088186542007338,4333.32,-0.0114312360222015,4367.22,0.0112819618261408,4290.03,4290.428,65.91080275648683,0.22952212830439564,4351.14,4181.68,4326.231,73.80262633836624,0.2695075293983774,4417.72,4181.68,4242.237,116.95068011773242,0.2767802920548683,4417.72,4015.7,4269.2474,165.81096193308386,0.30191608277558973,4631.81,3961.84,2,5,2,0.9857252199721548,0.9794887970181865,0.03484484704711149,0.008622914520985972,4087.94,-0.022416827686480123
2020-05-28,AMZN,4128.34,4130.9,4044.99,4087.94,6369281,4087.94,-0.0224168276864801,4235.759,4263.988,4030.852,0.2777170446339042,4479.513892152797,3992.0041078472022,47.30118835477145,2.8661727528897245,15.765625597000332,-12.899452844110607,146.43642857142868,-0.0253766408114558,4181.68,-0.0139227880509475,4290.56,0.0041123203456012,4351.14,-0.0164360851983643,4295.44,-0.0108274301112113,4243.58,4248.928,111.51452335908505,0.24580013113938107,4351.14,4087.94,4310.6669999999995,103.57524415180974,0.28543247206239986,4417.72,4087.94,4235.759,121.87744607639864,0.27771704463390384,4417.72,4015.7,4263.988,167.33145698866713,0.30386521372986836,4631.81,3961.84,3,5,2,0.9651021221932208,0.9587128293979815,0.02101547478680676,-0.009786015686690122,4177.7,0.0219572694315473
2020-05-29,AMZN,4208.62,4208.62,4155.34,4177.7,3121600,4177.7,0.0219572694315473,4234.6605,4260.739799999999,4035.4745,0.2895017601255463,4479.296609093961,3990.024390906039,48.73112714760916,-3.3752466944270054,11.937451138714865,-15.31269783314187,146.58642857142868,-0.0224168276864801,4087.94,-0.0253766408114558,4181.68,-0.0139227880509475,4290.56,0.0088186542007338,4333.32,0.0341998972565618,4388.71,4217.803999999999,103.50103516392234,0.31602114273287524,4351.14,4087.94,4289.566000000001,107.33513044042162,0.24360627594710732,4417.72,4087.94,4234.6605,122.31805454698049,0.289501760125546,4417.72,4015.7,4260.739799999999,167.39995661725965,0.30820173854326693,4631.81,3961.84,4,5,2,0.9865489807267933,0.9805104737911993,0.012753428920216145,-0.007346826275594547,4132.61,-0.010793020082820681
2020-06-01,AMZN,4129.8,4198.96,4066.27,4132.61,5307584,4132.61,-0.0107930200828206,4233.8375,4255.275,4039.73975,0.2888482756437689,4479.793185856749,3987.88181414325,43.51316786589476,-11.82370641304351,7.18521962836319,-19.0089260414067,142.3707142857144,0.0219572694315473,4177.7,-0.0224168276864801,4087.94,-0.0253766408114558,4181.68,0.0041123203456012,4351.14,0.0009638367538524,4392.94,4174.098,75.46243052011233,0.29992339670400664,4290.56,4087.94,4263.532999999999,110.98513574646857,0.24295363733633826,4417.72,4087.94,4233.8375,122.97784292837467,0.2888482756437687,4417.72,4015.7,4255.275,167.0256977570086,0.3068946473277585,4631.81,3961.84,0,6,2,0.9760908395749774,0.9711734259240656,0.03210803826152672,0.0006804203593391471,4108.25,-0.005894579938585998
2020-06-02,AMZN,4121.92,4176.32,4040.18,4108.25,3002048,4108.25,-0.0058945799385859,4238.465,4248.3722,4043.72585,0.2641242874313528,4470.212332148389,4006.717667851612,38.92908475170531,-20.25137478047236,1.6979007465960807,-21.94927552706844,137.6692857142858,-0.0107930200828206,4132.61,0.0219572694315473,4177.7,-0.0224168276864801,4087.94,-0.0139227880509475,4290.56,0.0056408692128735,4417.72,4137.636,41.54361599574793,0.29890800464803097,4181.68,4087.94,4232.586,106.26032720527841,0.23424297530865387,4367.22,4087.94,4238.465,115.87366607419422,0.26412428743135247,4417.72,4043.42,4248.3722,165.79837563872624,0.30585548293599485,4631.81,3961.84,1,6,2,0.9692777927856029,0.9670174378786851,0.03313819752935355,-0.003316415650957989,4217.71,0.026643948153106667
2020-06-03,AMZN,4232.15,4274.78,4160.64,4217.71,2718456,4217.71,0.0266439481531066,4244.67,4242.7206,4048.38995,0.2718561449383047,4466.521150572917,4022.818849427084,48.53674815249097,-17.891612107882793,-2.220001824299694,-15.6716102835831,144.58214285714294,-0.0058945799385859,4108.25,-0.0107930200828206,4132.61,0.0219572694315473,4177.7,-0.0253766408114558,4181.68,-0.0114312360222015,4367.22,4144.842,52.71581233370404,0.3393334676355922,4217.71,4087.94,4217.635,95.14957327513005,0.286791300574959,4351.14,4087.94,4244.67,110.92557528645837,0.2718561449383043,4417.72,4043.42,4242.7206,161.8040216877127,0.31118851339709686,4631.81,3961.84,2,6,2,0.9936485050661196,0.9941050560809981,0.027062078710952706,-0.003411977363750384,4134.15,-0.019811698765443864
2020-06-04,AMZN,4108.89,4160.79,4107.5,4134.15,3832216,4134.15,-0.0198116987654438,4249.2065,4233.1038,4052.00455,0.2782214446345711,4456.995204953653,4041.417795046347,34.523722671526315,-22.50465716943927,-6.27693289332761,-16.22772427611166,134.3228571428572,0.0266439481531066,4217.71,-0.0058945799385859,4108.25,-0.0107930200828206,4132.61,-0.0224168276864801,4087.94,-0.0164360851983643,4295.44,4154.084,43.489182333109966,0.32788344752045856,4217.71,4108.25,4201.505999999999,94.16041421127672,0.29157117851792286,4351.14,4087.94,4249.2065,103.89435247682667,0.2782214446345707,4417.72,4087.94,4233.1038,153.29213521218165,0.3078785113056055,4631.81,3961.84,3,6,2,0.972922826885214,0.9766238191463726,0.012890195082420104,0.006147645714534377,4081.17,-0.012815209898044189
2020-06-05,AMZN,4056.68,4174.49,3987.84,4081.17,3065797,4081.17,-0.0128152098980441,4246.656,4224.2514,4055.7441,0.2712020087540672,4461.621189681347,4031.690810318653,32.10624791894874,-30.088727720009956,-11.039291858664079,-19.049435861345877,135.60571428571436,-0.0198116987654438,4134.15,0.0266439481531066,4217.71,-0.0058945799385859,4108.25,0.0219572694315473,4177.7,0.0088186542007338,4333.32,4134.778,51.13795967773909,0.2878365527852978,4217.71,4081.17,4176.291,88.5334290222567,0.2857971569506079,4351.14,4081.17,4246.656,107.48259484067349,0.27120200875406675,4417.72,4081.17,4224.2514,148.87966792843588,0.3062094830604642,4631.81,3961.84,4,6,2,0.9610314562797266,0.9661285784267085,0.045734433998082386,0.006036956328819182,4025.84,-0.013557386729785792
2020-06-08,AMZN,4023.39,4095.2,3956.48,4025.84,2157964,4025.84,-0.0135573867297857,4237.994,4215.043000000001,4058.7603,0.2674772538077589,4473.9660237120015,4002.021976287998,28.270416536845403,-40.10156102635392,-16.851745692202048,-23.249815334151872,135.79071428571433,-0.0128152098980441,4081.17,-0.0198116987654438,4134.15,0.0266439481531066,4217.71,-0.0107930200828206,4132.61,0.0041123203456012,4351.14,4113.424000000001,70.78697747468512,0.2922585592073842,4217.71,4025.84,4143.761,76.02984362147065,0.2823265059275993,4290.56,4025.84,4237.994,117.98601185600094,0.2674772538077584,4417.72,4025.84,4215.043000000001,146.5641509088233,0.30700372594166164,4631.81,3961.84,0,6,2,0.9499399951956161,0.9551124389476083,0.034457405162640675,0.0006089392278649756,4145.6,0.029747829024501682
2020-06-09,AMZN,4179.72,4179.72,4115.27,4145.6,3718678,4145.6,0.0297478290245016,4233.1655,4205.3188,4061.9936,0.2874908079840265,4472.702863262912,3993.628136737088,38.58781849210055,-37.93587132589619,-21.068570818940877,-16.86730050695531,138.80214285714288,-0.0135573867297857,4025.84,-0.0128152098980441,4081.17,-0.0198116987654438,4134.15,-0.0058945799385859,4108.25,-0.0139227880509475,4290.56,4120.894,72.06369564490673,0.3818578563869095,4217.71,4025.84,4129.265,56.15151076422705,0.3351146550171153,4217.71,4025.84,4233.1655,119.7686816314559,0.2874908079840259,4417.72,4025.84,4205.3188,133.93350931297874,0.3055052694046124,4611.27,3961.84,1,6,2,0.9793144161264237,0.9857992216901639,0.015546603627939082,-0.008163226244818246,4297.85,0.0367256850636819
2020-06-10,AMZN,4255.73,4363.26,4232.45,4297.85,4173973,4297.85,0.0367256850636819,4233.556500000001,4199.0504,4065.3758,0.3147929636805864,4473.509855315923,3993.6031446840784,50.11460364192157,-23.661489123818683,-21.58715447991644,-2.074334643902244,144.5064285714286,0.0297478290245016,4145.6,-0.0135573867297857,4025.84,-0.0128152098980441,4081.17,0.0266439481531066,4217.71,-0.0253766408114558,4181.68,4136.9220000000005,101.76972668727242,0.42683792738078785,4297.85,4025.84,4140.8820000000005,76.52229345458541,0.36397290533043763,4297.85,4025.84,4233.556500000001,119.97667765796113,0.3147929636805859,4417.72,4025.84,4199.0504,121.28327990082593,0.31757749276666425,4417.72,3961.84,2,6,2,1.0151866403575773,1.0235290340880348,0.030436148306704502,0.00989724442104901,4357.21,0.01381155694126135
2020-06-11,AMZN,4381.83,4422.33,4292.09,4357.21,6643492,4357.21,0.0138115569412613,4239.237999999999,4198.5094,4069.5618,0.3154149249568077,4485.488958478499,3992.9870415215,51.11330655241668,-7.4729390894408425,-18.76431140182132,11.291372312380478,146.69500000000002,0.0367256850636819,4297.85,0.0297478290245016,4145.6,-0.0135573867297857,4025.84,-0.0198116987654438,4134.15,-0.0224168276864801,4087.94,4181.534000000001,141.4180640158926,0.3715440130880898,4357.21,4025.84,4167.809,99.69133891386397,0.33768208648363734,4357.21,4025.84,4239.237999999999,123.12547923924978,0.3154149249568072,4417.72,4025.84,4198.5094,120.49805606710456,0.29958056037917585,4417.72,3961.84,3,6,2,1.0278285861749146,1.0377992722843403,0.029890686930391208,-0.005618657045114546,4419.92,0.014392237234376992
2020-06-12,AMZN,4380.8,4447.35,4380.8,4419.92,5818349,4419.92,0.0143922372343769,4240.7985,4199.526,4074.3312,0.2953864489097672,4491.39492214231,3990.202077857689,53.076523947734806,10.298066653613205,-12.951835790734416,23.24990244434762,142.28428571428574,0.0138115569412613,4357.21,0.0367256850636819,4297.85,0.0297478290245016,4145.6,-0.0128152098980441,4081.17,0.0219572694315473,4177.7,4249.284,161.09074718929259,0.30733876138695976,4419.92,4025.84,4192.031,127.81946430195656,0.3300999980646729,4419.92,4025.84,4240.7985,125.29821107115525,0.2953864489097665,4419.92,4025.84,4199.526,122.16938168133635,0.30118120651880126,4419.92,3961.84,4,6,2,1.0422376823607529,1.0524806847246444,0.015056833607844738,0.008929875821765649,4374.81,-0.010206067078137093
2020-06-15,AMZN,4372.9,4449.78,4299.83,4374.81,6516071,4374.81,-0.010206067078137,4239.892,4199.4114,4078.4,0.2978138624688106,4488.292696464828,3991.491303535173,53.82138159318412,20.505343897844796,-6.260399853018574,26.76574375086337,146.56571428571428,0.0143922372343769,4419.92,0.0138115569412613,4357.21,0.0367256850636819,4297.85,-0.0135573867297857,4025.84,-0.0107930200828206,4132.61,4319.078,106.38897814156354,0.2871367362661995,4419.92,4145.6,4216.251,137.86126790281858,0.32928378545244746,4419.92,4025.84,4239.892,124.20034823241373,0.2978138624688099,4419.92,4025.84,4199.4114,121.99868592480674,0.3020718003070616,4419.92,3961.84,0,6,2,1.0318210935559133,1.0417674248345752,0.03427577426218865,0.0004367810834915793,4531.72,0.03586670049670726
2020-06-16,AMZN,4544.22,4627.64,4435.8,4531.72,5335792,4531.72,0.0358667004967072,4245.592,4206.4508000000005,4083.84165,0.3236660664253375,4515.476882874553,3975.707117125447,65.21410316511675,40.78585633822149,3.14885138522944,37.63700495299205,151.6435714285714,-0.010206067078137,4374.81,0.0143922372343769,4419.92,0.0138115569412613,4357.21,0.0297478290245016,4145.6,-0.0058945799385859,4108.25,4396.302000000001,87.43387713013644,0.3069924045668612,4531.72,4297.85,4258.598,163.63080141993044,0.3532492813404169,4531.72,4025.84,4245.592,134.94244143727664,0.32366606642533674,4531.72,4025.84,4206.4508000000005,130.68618483015405,0.2936738408936884,4531.72,3961.84,1,6,2,1.0673941349048455,1.0773262818143319,0.042332712524153694,-0.0027507471029125457,4554.47,0.005020168942476477
2020-06-17,AMZN,4571.48,4645.47,4463.47,4554.47,4569206,4554.47,0.0050201689424764,4254.9545,4211.8976,4089.88465,0.3202179564022852,4554.019325887563,3955.889674112436,71.61081721990891,58.025165442924845,14.124114196768522,43.90105124615632,154.8799999999999,0.0358667004967072,4531.72,-0.010206067078137,4374.81,0.0143922372343769,4419.92,0.0367256850636819,4297.85,0.0266439481531066,4217.71,4447.626000000001,90.46033180355327,0.2656553432462136,4554.47,4357.21,4292.274,187.23218937397903,0.3413358578993308,4554.47,4025.84,4254.9545,149.53241294378182,0.32021795640228445,4554.47,4025.84,4211.8976,139.29646164482156,0.2891487028077595,4554.47,3961.84,2,6,2,1.0703921745811686,1.081334455994115,0.039960741864577,-0.0037208956399230855,4625.82,0.015665928198012047
2020-06-18,AMZN,4584.97,4667.72,4583.91,4625.82,2446641,4625.82,0.015665928198012,4271.4735,4219.8488,4096.4276500000005,0.3155556342672927,4613.38253808962,3929.56446191038,71.11821146393369,76.56222909540793,26.611737176496405,49.950491918911524,154.34928571428563,0.0050201689424764,4554.47,0.0358667004967072,4531.72,-0.010206067078137,4374.81,0.0138115569412613,4357.21,-0.0198116987654438,4134.15,4501.348,102.3231018392726,0.2668735022011134,4625.82,4374.81,4341.441000000001,204.82481145548272,0.30518483012719544,4625.82,4025.84,4271.4735,170.95451904481,0.3155556342672919,4625.82,4025.84,4219.8488,151.09631021897107,0.2890806661615618,4625.82,3961.84,3,6,2,1.0829565020124592,1.096205153132241,0.018117868831900568,0.008909545754931993,4617.91,-0.0017099670977253068
2020-06-19,AMZN,4610.39,4720.63,4515.18,4617.91,4247129,4617.91,-0.0017099670977253,4285.703,4227.1242,4102.87055,0.3155914085003428,4660.550952226528,3910.855047773471,73.70091814706802,89.58206837760554,39.20580341671824,50.3762649608873,159.5464285714285,0.015665928198012,4625.82,0.0050201689424764,4554.47,0.0358667004967072,4531.72,0.0143922372343769,4419.92,-0.0128152098980441,4081.17,4540.946000000001,101.23764285092298,0.2823747969686,4625.82,4374.81,4395.115000000001,199.29430003834676,0.2848610354374093,4625.82,4025.84,4285.7029999999995,187.42397611326425,0.31559140850034206,4625.82,4025.84,4227.1242,161.20116178099508,0.28903567317912265,4625.82,3961.84,4,6,2,1.0775151707896982,1.0924472008650483,0.044489823318331304,0.0016310984537095331,4596.54,-0.004627634579279394
2020-06-22,AMZN,4604.25,4651.02,4542.07,4596.54,5078479,4596.54,-0.0046276345792793,4297.973,4234.3016,4108.7194,0.3168418685739101,4697.117815091888,3898.828184908112,73.91679156646703,97.05718954311487,50.77608064199757,46.28110890111731,157.60428571428568,-0.0017099670977253,4617.91,0.015665928198012,4625.82,0.0050201689424764,4554.47,-0.010206067078137,4374.81,-0.0135573867297857,4025.84,4585.2919999999995,40.78273249810616,0.2604906392955063,4625.82,4531.72,4452.1849999999995,159.5487101692273,0.26473952084725905,4625.82,4145.6,4297.973,199.57240754594406,0.3168418685739094,4625.82,4025.84,4234.3016,169.4580785719511,0.28911700424550685,4625.82,3961.84,0,6,2,1.0694669324351107,1.0855485589403726,0.0237026110944269,-0.001674539827333086,4737.11,0.03058169840793279
2020-06-23,AMZN,4696.0,4850.47,4623.75,4737.11,7165440,4737.11,0.0305816984079327,4320.300499999999,4246.2176,4115.32495,0.3247209359615678,4765.052300279189,3875.5486997208095,74.68818921491595,113.02126237030188,63.22511698765844,49.796145382643445,163.84714285714287,-0.0046276345792793,4596.54,-0.0017099670977253,4617.91,0.015665928198012,4625.82,0.0358667004967072,4531.72,0.0297478290245016,4145.6,4626.37,67.81345847258495,0.2281816533324336,4737.11,4554.47,4511.336,141.93175341221132,0.26620428324116313,4737.11,4297.85,4320.300499999999,222.37590013959448,0.32472093596156704,4737.11,4025.84,4246.2176,183.17802625947735,0.2906298311972905,4737.11,3961.84,1,6,2,1.0964769695994303,1.1156069816108538,0.047860404339344534,0.008754258943780008,4784.26,0.009953325973008909
2020-06-24,AMZN,4749.34,4815.04,4749.34,4784.26,5263571,4784.26,0.0099533259730089,4350.4295,4260.642,4122.34905,0.3042248518422213,4835.459595668518,3865.399404331483,82.00903979168295,128.00198880333664,76.18049135079409,51.82149745254256,161.5414285714286,0.0305816984079327,4737.11,-0.0046276345792793,4596.54,-0.0017099670977253,4617.91,0.0050201689424764,4554.47,0.0367256850636819,4297.85,4672.3279999999995,83.05662809200781,0.22545133989005328,4784.26,4596.54,4559.977,143.97274912287628,0.23277435917609066,4784.26,4357.21,4350.4295,242.5150478342587,0.3042248518422206,4784.26,4025.84,4260.642,196.37987454553902,0.2867143258358153,4784.26,3961.84,2,6,2,1.0997213033791031,1.1228965024517144,0.01373253125874975,0.0073526005718674,4911.81,0.026660340366117197
2020-06-25,AMZN,4927.89,4984.14,4839.49,4911.81,6569565,4911.81,0.0266603403661171,4391.623,4278.9588,4129.9127,0.2910330760270764,4920.726842045556,3862.519157954443,88.09995596540314,148.45524183430916,90.6354414474971,57.81980038681206,162.48642857142863,0.0099533259730089,4784.26,0.0305816984079327,4737.11,-0.0046276345792793,4596.54,0.015665928198012,4625.82,0.0138115569412613,4357.21,4729.526,128.86445603817788,0.2545728964800879,4911.81,4596.54,4615.437,162.77703223530216,0.24588065280804866,4911.81,4374.81,4391.623,264.55192102277823,0.2910330760270756,4911.81,4025.84,4278.9588,213.18196403626206,0.28765151972136016,4911.81,3961.84,3,6,2,1.118449830506599,1.1478984093043503,0.029449429029211445,-0.0032630598491436825,4935.37,0.004796602474444134
2020-06-26,AMZN,4937.5,5018.98,4851.75,4935.37,2647180,4935.37,0.0047966024744441,4429.5065,4296.1542,4137.446650000001,0.2875513343082211,5000.92416788355,3858.088832116451,92.97086864784276,164.6675028490663,105.44185372781095,59.225649121255344,164.5228571428572,0.0266603403661171,4911.81,0.0099533259730089,4784.26,0.0305816984079327,4737.11,-0.0017099670977253,4617.91,0.0143922372343769,4419.92,4793.018000000001,138.00511102860256,0.23571298412671549,4935.37,4596.54,4666.982,175.12808549427095,0.24814901793028862,4935.37,4374.81,4429.5065,285.7088339417746,0.28755133430822033,4935.37,4025.84,4296.1542,230.42187186335192,0.28541981950522444,4935.37,3961.84,4,6,2,1.1142031284972456,1.1487879089625905,0.03388398438211637,-0.00043139240506322586,4861.49,-0.014969495701436797
2020-06-29,AMZN,4828.61,4909.87,4813.1,4861.49,3510390,4861.49,-0.0149694957014367,4465.9505,4312.073,4144.47125,0.2916255349377375,5050.46291540909,3881.43808459091,85.35503689025913,169.59930275693569,118.27334353363591,51.325959223299776,162.26500000000001,0.0047966024744441,4935.37,0.0266603403661171,4911.81,0.0099533259730089,4784.26,-0.0046276345792793,4596.54,-0.010206067078137,4374.81,4846.008,84.00409585263152,0.290753157423782,4935.37,4737.11,4715.65,150.85377732537438,0.2604992705606629,4935.37,4531.72,4465.9505,292.2562077045451,0.29162553493773663,4935.37,4025.84,4312.073,241.39786671400387,0.288241432259452,4935.37,3961.84,0,6,2,1.0885678199968654,1.1274136592768425,0.019905419943264228,0.006809413060900197,4811.61,-0.01026022885987632
2020-06-30,AMZN,4815.0,4909.9,4713.32,4811.61,4749477,4811.61,-0.0102602288598763,4501.1185,4327.7392,4151.298500000001,0.2948405983898018,5079.620231909339,3922.61676809066,78.22671032558824,167.55146162769506,128.12896715244773,39.42249447524733,160.7592857142857,-0.0149694957014367,4861.49,0.0047966024744441,4935.37,0.0266603403661171,4911.81,0.0305816984079327,4737.11,0.0358667004967072,4531.72,4860.908,64.11152486112333,0.2644244580816801,4935.37,4784.26,4743.639,138.38593164287786,0.23776213863124068,4935.37,4554.47,4501.1185,289.25086595466985,0.2948405983898011,4935.37,4025.84,4327.7392,247.93482440019892,0.2885046494891877,4935.37,3961.84,1,6,2,1.0689809655086686,1.1118068297643462,0.040855347794180964,-0.0007040498442366819,4821.44,0.00204297522035235
2020-07-01,AMZN,4861.24,4906.0,4736.89,4821.44,6364116,4821.44,0.0020429752203523,4531.305,4344.9312,4158.767599999999,0.287145126147391,5110.545191157893,3952.064808842108,76.97349307859386,164.82176887255991,135.46752749647018,29.354241376089732,163.53571428571428,-0.0102602288598763,4811.61,-0.0149694957014367,4861.49,0.0047966024744441,4935.37,0.0099533259730089,4784.26,0.0050201689424764,4554.47,4868.343999999999,54.42308131683313,0.25764108263092717,4935.37,4811.61,4770.336,122.69962493830559,0.2386128205519428,4935.37,4596.54,4531.305,289.6200955789461,0.28714512614739035,4935.37,4025.84,4344.9312,251.817564045453,0.2848008436580064,4935.37,4015.7,2,7,3,1.0640290159234338,1.109670044947752,0.035074583526905775,-0.008187211493362186,4768.28,-0.011025751642662729
2020-07-02,AMZN,4722.08,4793.84,4722.08,4768.28,3774254,4768.28,-0.0110257516426627,4563.0115,4359.3202,4166.2404,0.2778626067292931,5119.700056840215,4006.322943159784,70.46816611320295,156.56412618551713,139.68684723427958,16.877278951237543,164.19428571428566,0.0020429752203523,4821.44,-0.0102602288598763,4811.61,-0.0149694957014367,4861.49,0.0266603403661171,4911.81,0.015665928198012,4625.82,4839.638,62.95003153309698,0.13862895677657974,4935.37,4768.28,4784.582,111.84644700064305,0.2452809285707885,4935.37,4596.54,4563.0115,278.3442784201076,0.27786260672929247,4935.37,4025.84,4359.3202,255.08655242987845,0.2837844810653824,4935.37,4015.7,3,7,3,1.0449853128792146,1.0938127463082215,0.015049451793935164,0.009783824077523047,4675.04,-0.019554220809180678
2020-07-03,AMZN,4688.38,4755.3,4594.78,4675.04,3870237,4675.04,-0.0195542208091806,4592.705,4369.6662,4172.82,0.2852656650554208,5102.561591622636,4082.848408377364,66.69595488768476,140.872307827457,139.92393935291508,0.9483684745419225,165.87642857142853,-0.0110257516426627,4768.28,0.0020429752203523,4821.44,-0.0102602288598763,4811.61,0.0047966024744441,4935.37,-0.0017099670977253,4617.91,4787.572,71.10620556615714,0.12781062113751743,4861.49,4675.04,4790.295,103.53751861577591,0.27025451342292717,4935.37,4596.54,4592.705,254.92829581131818,0.2852656650554201,4935.37,4025.84,4369.6662,257.2254130007728,0.2831906676814298,4935.37,4015.7,4,7,3,1.0179273434716538,1.0698849262213508,0.03433553509701865,-0.0028453325029108773,4778.14,0.022053287244601094
2020-07-06,AMZN,4737.4,4849.0,4707.28,4778.14,5265365,4778.14,0.022053287244601,4630.320000000001,4380.2660000000005,4179.8552500000005,0.2792246261947356,5070.303906547787,4190.336093452214,64.57589021542168,135.19726714433455,138.978604911199,-3.7813377668644534,160.2428571428571,-0.0195542208091806,4675.04,-0.0110257516426627,4768.28,0.0020429752203523,4821.44,-0.0149694957014367,4861.49,-0.0046276345792793,4596.54,4770.902,58.008657285065645,0.256418313798867,4821.44,4675.04,4808.455,78.73235100291146,0.2864100362792427,4935.37,4675.04,4630.320000000001,219.99195327389324,0.279224626194735,4935.37,4145.6,4380.2660000000005,262.9715438939138,0.28329922439066013,4935.37,4015.7,0,7,3,1.0319243594392973,1.0908332964251277,0.029660076933696076,0.00859965381854859,4732.4,-0.009572762623112907
2020-07-07,AMZN,4685.69,4774.61,4685.69,4732.4,2549624,4732.4,-0.0095727626231129,4659.66,4389.178400000001,4186.75625,0.2748529840188334,5037.404794551195,4281.915205448805,60.246000759143286,125.56152567300705,136.2951890635606,-10.733663390553545,153.8464285714286,0.022053287244601,4778.14,-0.0195542208091806,4675.04,-0.0110257516426627,4768.28,-0.0102602288598763,4811.61,0.0305816984079327,4737.11,4755.0599999999995,54.841670288347544,0.2552949216194538,4821.44,4675.04,4807.984,79.21916395531436,0.25090317756315034,4935.37,4675.04,4659.66,188.87239727559762,0.2748529840188328,4935.37,4297.85,4389.178400000001,267.25493409360485,0.2841662091198459,4935.37,4015.7,1,7,3,1.015610581029299,1.0781972316274318,0.01878962048854308,0.009968649227753024,4745.08,0.0026794015721409714
2020-07-08,AMZN,4711.92,4863.3,4626.85,4745.08,7608424,4745.08,0.0026794015721409,4682.021500000001,4397.8798,4193.37665,0.2512107252401862,5020.492437337468,4343.550562662534,57.36518366541944,117.59276496842722,132.55470424453392,-14.961939276106705,162.64642857142857,-0.0095727626231129,4732.4,0.022053287244601,4778.14,-0.0195542208091806,4675.04,0.0020429752203523,4821.44,0.0099533259730089,4784.26,4739.788,40.48938527584081,0.25615864101431246,4778.14,4675.04,4804.066,81.46005240471516,0.24543105827382117,4935.37,4675.04,4682.021500000001,169.2354686687334,0.2512107252401854,4935.37,4357.21,4397.8798,271.67084620831184,0.28406998267426925,4935.37,4015.7,2,7,3,1.013468220938111,1.0789471781377291,0.04983056133931356,0.007037470924801952,4771.33,0.005532045824306442
2020-07-09,AMZN,4763.98,4880.8,4661.86,4771.33,2814092,4771.33,0.0055320458243064,4702.7275,4408.9564,4200.469599999999,0.24910414255155,5006.413959561585,4399.041040438415,59.264940334279785,112.10336253642436,128.46443590291202,-16.36107336648766,163.61000000000007,0.0026794015721409,4745.08,-0.0095727626231129,4732.4,0.022053287244601,4778.14,-0.0110257516426627,4768.28,0.0266603403661171,4911.81,4740.398,41.04511079307126,0.2507313870643773,4778.14,4675.04,4790.018,72.427031755346,0.19772644046879295,4935.37,4675.04,4702.7275,151.84322978079268,0.2491041425515492,4935.37,4374.81,4408.9564,275.4306835852425,0.27898193930766807,4935.37,4015.7,3,7,3,1.0145878110094588,1.0821903342021975,0.04588657669873067,0.0015428276357161072,4721.98,-0.010343028044591418
2020-07-10,AMZN,4750.53,4773.21,4670.74,4721.98,1856807,4721.98,-0.0103430280445914,4717.8305,4419.4026,4207.3805,0.2517542421411087,4990.78683994237,4444.87416005763,57.32761642077409,102.58826533144838,123.2892017886193,-20.70093645717091,163.14714285714288,0.0055320458243064,4771.33,0.0026794015721409,4745.08,-0.0095727626231129,4732.4,-0.0195542208091806,4675.04,0.0047966024744441,4935.37,4749.786,24.3191607588694,0.21019881895991574,4778.14,4721.98,4768.679,53.913006769143344,0.19597874661017162,4861.49,4675.04,4717.8305,136.4781699711848,0.251754242141108,4935.37,4374.81,4419.4026,277.2300243539561,0.28008965176787487,4935.37,4015.7,4,7,3,1.0008795356253257,1.068465679048777,0.021700642527070966,-0.006009855742410673,4847.82,0.026649837568138768
2020-07-13,AMZN,4826.67,4924.52,4771.12,4847.82,4016139,4847.82,0.0266498375681387,4741.481000000001,4433.3776,4214.876,0.2591621141218077,4967.171430914369,4515.790569085632,56.58040203897703,104.00283857163595,119.43192914522263,-15.429090573586677,159.47642857142864,-0.0103430280445914,4721.98,0.0055320458243064,4771.33,0.0026794015721409,4745.08,0.022053287244601,4778.14,-0.0149694957014367,4861.49,4763.722,50.5008457356515,0.2383739881685535,4847.82,4721.98,4767.312,51.41361683013897,0.2393501358786335,4847.82,4675.04,4741.481000000001,112.84521545718395,0.25916211412180706,4935.37,4531.72,4433.3776,280.91194627758034,0.28320918617805985,4935.37,4015.7,0,7,3,1.022427380811813,1.093482314702656,0.031643089058580744,0.004381903051170942,4752.21,-0.019722266915850772
2020-07-14,AMZN,4764.15,4806.05,4698.36,4752.21,7890644,4752.21,-0.0197222669158507,4752.5055,4448.107800000001,4222.022849999999,0.2469546126873772,4955.44777994289,4549.563220057111,48.19877032981354,96.29889636868756,114.80532258991562,-18.506426221228054,164.58571428571435,0.0266498375681387,4847.82,-0.0103430280445914,4721.98,0.0055320458243064,4771.33,-0.0095727626231129,4732.4,-0.0102602288598763,4811.61,4767.683999999999,48.15161710696915,0.2794254196148881,4847.82,4721.98,4761.372,49.10664308987423,0.254727271037702,4847.82,4675.04,4752.5055,101.47113997144486,0.24695461268737645,4935.37,4554.47,4448.107800000001,277.8567807069782,0.27651368357426453,4935.37,4025.84,1,7,3,0.9999378222705896,1.0683666434520607,0.022661035602378227,-0.0025062183180624233,4775.54,0.004909294833351119
2020-07-15,AMZN,4767.05,4873.48,4677.59,4775.54,5057516,4775.54,0.0049092948333511,4763.559,4461.7464,4229.25305,0.2469398744170488,4943.909760219013,4583.208239780987,41.32535489136346,91.02670351602228,110.04959877513696,-19.022895259114676,164.3007142857143,-0.0197222669158507,4752.21,0.0266498375681387,4847.82,-0.0103430280445914,4721.98,0.0026794015721409,4745.08,0.0020429752203523,4821.44,4773.776,46.474526678776705,0.2807356317937879,4847.82,4721.98,4756.782,44.82688697150689,0.2561282740812782,4847.82,4675.04,4763.559,90.17538010950665,0.24693987441704804,4935.37,4596.54,4461.7464,276.8355337118765,0.2741372428222821,4935.37,4025.84,2,7,3,1.0025151362666016,1.0703297704232875,0.04101944492140332,0.0017809756558034842,4797.64,0.00462774890378892
2020-07-16,AMZN,4772.15,4910.9,4684.39,4797.64,5401791,4797.64,0.0046277489037889,4772.15,4476.8308,4236.646750000001,0.2421893363182859,4940.868863762978,4603.431136237021,41.21608693914848,87.62168970249877,105.56401696060934,-17.942327258110566,168.535,0.0049092948333511,4775.54,-0.0197222669158507,4752.21,0.0266498375681387,4847.82,0.0055320458243064,4771.33,-0.0110257516426627,4768.28,4779.038,47.604072515032556,0.27997051345704166,4847.82,4721.98,4759.718,46.59043697775876,0.2506934383969639,4847.82,4675.04,4772.15,84.35943188148947,0.24218933631828515,4935.37,4596.54,4476.8308,274.1111163403923,0.27184113989918196,4935.37,4025.84,3,7,3,1.0053414079605618,1.0716598894018796,0.0472127962915,0.005341407960771424,4793.86,-0.000787887377960983
2020-07-17,AMZN,4795.23,4852.23,4735.49,4793.86,4066768,4793.86,-0.0007878873779609,4780.9475,4490.0644,4244.4313,0.2420273382067503,4933.364647519207,4628.530352480793,45.26327585393592,83.65386760127603,101.18198708874269,-17.528119487466654,168.14000000000001,0.0046277489037889,4797.64,0.0049092948333511,4775.54,-0.0197222669158507,4752.21,-0.0103430280445914,4721.98,-0.0195542208091806,4675.04,4793.414,35.33879001913998,0.2627899642027632,4847.82,4752.21,4771.6,36.69621930270155,0.22452016587684356,4847.82,4721.98,4780.9475,76.20857375960327,0.2420273382067495,4935.37,4596.54,4490.0644,273.1029271557692,0.2687084210592182,4935.37,4025.84,4,7,3,1.0027008244702533,1.0676595195380563,0.024351983578989673,-0.00028570058161956886,4684.13,-0.02288969640331584
2020-07-20,AMZN,4711.99,4783.02,4585.24,4684.13,3763477,4684.13,-0.0228896964033158,4785.326999999999,4499.7654,4251.6112,0.2568673543843167,4919.358488381989,4651.295511618009,41.76209062400207,70.83846432993323,95.1132825369808,-24.274818207047574,169.0,-0.0007878873779609,4793.86,0.0046277489037889,4797.64,0.0049092948333511,4775.54,0.0266498375681387,4847.82,0.022053287244601,4778.14,4760.6759999999995,46.42040747360996,0.2144096146262628,4797.64,4684.13,4762.199,45.757760592550746,0.2288151294439604,4847.82,4684.13,4785.326999999999,67.01574419099495,0.25686735438431596,4935.37,4675.04,4499.7654,271.1637542090822,0.27321338837373804,4935.37,4025.84,0,7,3,0.9788526468513064,1.0409720471202695,0.04222342249253509,-0.005912576215143445,4759.02,0.015988027659352033
2020-07-21,AMZN,4790.67,4830.26,4687.79,4759.02,2156163,4759.02,0.015988027659352,4786.4225,4510.1024,4259.54625,0.239246974750515,4919.146405097036,4653.698594902963,46.279208392169934,65.96476131870986,89.28357829332661,-23.31881697461675,167.35857142857145,-0.0228896964033158,4684.13,-0.0007878873779609,4793.86,0.0046277489037889,4797.64,-0.0197222669158507,4752.21,-0.0095727626231129,4732.4,4762.0380000000005,46.20933585344003,0.2279817255137879,4797.64,4684.13,4764.861,44.59100194484551,0.2404708366638965,4847.82,4684.13,4786.4225,66.36195254851843,0.23924697475051432,4935.37,4675.04,4510.1024,270.99492341473723,0.2743680312985676,4935.37,4025.84,1,7,3,0.9942749516991043,1.0551911193854369,0.029936835735082074,-0.006606591562347861,4824.05,0.013664578001353123
2020-07-22,AMZN,4857.48,4886.43,4761.67,4824.05,1620184,4824.05,0.0136645780013531,4788.412,4520.7828,4267.7561,0.2415765124671585,4922.188133753753,4654.635866246247,53.278004395657696,66.58217620942014,84.74329787654531,-18.161121667125173,169.3621428571429,0.015988027659352,4759.02,-0.0228896964033158,4684.13,-0.0007878873779609,4793.86,0.0049092948333511,4775.54,0.0026794015721409,4745.08,4771.74,54.16121998271712,0.24667230673971485,4824.05,4684.13,4772.758,47.590429430025026,0.24921238140646865,4847.82,4684.13,4788.412,66.88806687687641,0.24157651246715772,4935.37,4675.04,4520.7828,272.6626780626829,0.27481436465881487,4935.37,4025.84,2,7,3,1.0074425508914002,1.0670828954664517,0.025862086835744726,-0.006882169355302029,4766.64,-0.011900788756335379
2020-07-23,AMZN,4751.25,4879.93,4653.34,4766.64,4326692,4766.64,-0.0119007887563353,4781.1535,4531.244,4275.2774,0.2244112124156628,4901.852772622397,4660.454227377603,55.62073535813328,61.72741948607927,80.1401221984521,-18.412702712372834,173.15428571428578,0.0136645780013531,4824.05,0.015988027659352,4759.02,-0.0228896964033158,4684.13,0.0046277489037889,4797.64,0.0055320458243064,4771.33,4765.54,52.19375202087037,0.2634286595675199,4824.05,4684.13,4772.289,47.62915994081273,0.2570711280912407,4847.82,4684.13,4781.1535,60.34963631119845,0.2244112124156621,4935.37,4675.04,4531.244,271.8430819725125,0.275092394687718,4935.37,4025.84,3,7,3,0.9969644354649987,1.0519495308570777,0.047536629575540126,0.0032391475927381398,4828.64,0.013007065773794624
2020-07-24,AMZN,4856.98,4902.07,4755.2,4828.64,6761968,4828.64,0.0130070657737946,4775.817,4540.0426,4283.18795,0.2292602343620352,4875.397348536916,4676.236651463084,53.263370123367416,62.16625772863517,76.54534930448872,-14.37909157585355,171.21928571428575,-0.0119007887563353,4766.64,0.0136645780013531,4824.05,0.015988027659352,4759.02,-0.0007878873779609,4793.86,-0.0103430280445914,4721.98,4772.496,58.80988207789838,0.282269957826198,4828.64,4684.13,4782.955,47.05037023116662,0.25743946674788,4847.82,4684.13,4775.817,49.79017426845798,0.22926023436203447,4861.49,4675.04,4540.0426,274.2444935975921,0.2665026615512287,4935.37,4025.84,4,7,3,1.011060515928267,1.063567112784126,0.030416431955989566,-0.005834901523167359,4862.25,0.006960552039497525
2020-07-27,AMZN,4834.26,4932.01,4792.48,4862.25,4590311,4862.25,0.0069605520394975,4775.8550000000005,4549.4288,4291.6023,0.2246994127130356,4875.57348722646,4676.136512773541,58.52470424387898,64.48276908415664,74.1328332604223,-9.650064176265658,174.58214285714288,0.0130070657737946,4828.64,-0.0119007887563353,4766.64,0.0136645780013531,4824.05,-0.0228896964033158,4684.13,0.0266498375681387,4847.82,4808.12,43.97809852662181,0.18048282019438583,4862.25,4759.02,4784.397999999999,49.422264843117006,0.22193776942413956,4862.25,4684.13,4775.8550000000005,49.85924361322998,0.22469941271303498,4862.25,4675.04,4549.4288,277.1231755650412,0.2667169468994395,4935.37,4025.84,0,7,3,1.0180899545733657,1.068760544180608,0.02869659108436875,0.005789924414490322,4752.34,-0.02260476117024013
2020-07-28,AMZN,4775.0,4840.02,4664.67,4752.34,5133225,4752.34,-0.0226047611702401,4772.8915,4556.1212,4299.5004,0.236227367732932,4871.654190435721,4674.128809564279,50.422663126186585,56.79510397427657,70.66528740319316,-13.87018342891659,171.80571428571434,0.0069605520394975,4862.25,0.0130070657737946,4828.64,-0.0119007887563353,4766.64,0.015988027659352,4759.02,-0.0197222669158507,4752.21,4806.784000000001,45.90197849785171,0.258028538792389,4862.25,4752.34,4784.411,49.4128735924925,0.2295900044008076,4862.25,4684.13,4772.8915,49.38134521786066,0.23622736773293132,4862.25,4675.04,4556.1212,277.91687949587003,0.27230580625783823,4935.37,4025.84,1,7,3,0.9956941195916572,1.0430670720522002,0.036897612544549305,-0.0047455497382188705,4680.73,-0.015068366320591609
2020-07-29,AMZN,4722.71,4728.59,4632.87,4680.73,7536677,4680.73,-0.0150683663205916,4765.856,4562.3914,4307.2733,0.2415199098755577,4869.959842772479,4661.752157227521,44.99004644920385,44.412288244606316,65.4146875714758,-21.00239932686948,164.70071428571433,-0.0226047611702401,4752.34,0.0069605520394975,4862.25,0.0130070657737946,4828.64,0.0136645780013531,4824.05,0.0049092948333511,4775.54,4778.12,70.55377062933319,0.24100856008207047,4862.25,4680.73,4774.929999999999,59.39215268030699,0.23955328723192382,4862.25,4680.73,4765.856,52.051921386239385,0.24151990987555708,4862.25,4675.04,4562.3914,277.10344796392803,0.2733218040118235,4935.37,4025.84,2,7,3,0.9821383608734753,1.0259378447888037,0.02044980163350157,-0.008888964175228118,4778.52,0.02089204034413461
2020-07-30,AMZN,4732.05,4833.46,4723.59,4778.52,4562182,4778.52,0.0208920403441346,4766.368,4572.053,4315.364,0.250983683186732,4870.6226539362415,4662.113346063759,52.96754282757232,42.005440727119094,60.73283820260446,-18.72739747548537,168.29071428571433,-0.0150683663205916,4680.73,-0.0226047611702401,4752.34,0.0069605520394975,4862.25,-0.0119007887563353,4766.64,0.0046277489037889,4797.64,4780.496,70.26998100196569,0.2959340481844339,4862.25,4680.73,4773.018,58.885422417897374,0.26457070766344143,4862.25,4680.73,4766.368,52.12732696812056,0.2509836831867314,4862.25,4675.04,4572.053,276.0253951215863,0.273548335601066,4935.37,4025.84,3,7,3,1.0025495303759586,1.0451584878825673,0.022992474657420475,0.009820268171297943,4806.12,0.00577584691494426
2020-07-31,AMZN,4800.38,4919.74,4692.49,4806.12,3808488,4806.12,0.0057758469149442,4772.9220000000005,4581.509,4323.6318,0.2403882822857747,4869.176296658696,4676.667703341305,47.55969101045667,41.84274890313827,56.95482034271122,-15.11207143957295,170.05571428571426,0.0208920403441346,4778.52,-0.0150683663205916,4680.73,-0.0226047611702401,4752.34,0.0130070657737946,4828.64,-0.0007878873779609,4793.86,4775.992,67.06115768473204,0.28096601227974544,4862.25,4680.73,4774.244000000001,59.49207177805569,0.26626006810212965,4862.25,4680.73,4772.9220000000005,48.1271483293475,0.24038828228577422,4862.25,4680.73,4581.509,275.77845431112235,0.27325934324476886,4935.37,4025.84,4,7,3,1.0069554876444644,1.0490255503151802,0.047283463583920646,0.0011957386706882758,4758.44,-0.00992068446064609
2020-08-03,AMZN,4772.5,4846.81,4670.07,4758.44,2883152,4758.44,-0.009920684460646,4771.937,4589.655,4331.1655,0.2307147301345582,4868.3694929078265,4675.504507092173,50.38625119259808,37.43491059200642,53.05083839257027,-15.615927800563853,172.00428571428574,0.0057758469149442,4806.12,0.0208920403441346,4778.52,-0.0150683663205916,4680.73,0.0069605520394975,4862.25,-0.0228896964033158,4684.13,4755.2300000000005,46.63990351636664,0.27708972394926956,4806.12,4680.73,4781.675,51.0237365786296,0.24131143182361195,4862.25,4680.73,4771.937,48.21624645391316,0.23071473013455765,4862.25,4680.73,4589.655,274.8487849207919,0.27457186626961344,4935.37,4025.84,0,8,3,0.9971715888116297,1.0367750952956079,0.03714242482829742,-0.002946045049763741,4686.35,-0.015149923084035732
2020-08-04,AMZN,4705.27,4787.27,4585.44,4686.35,8981612,4686.35,-0.0151499230840357,4769.6345,4597.5708,4337.99165,0.2345670592341051,4872.054946247176,4667.214053752824,44.78561322611815,27.804098119273476,48.001490337910916,-20.19739221863744,172.42857142857156,-0.009920684460646,4758.44,0.0057758469149442,4806.12,0.0208920403441346,4778.52,-0.0226047611702401,4752.34,0.015988027659352,4759.02,4742.032,56.04972943748863,0.24955558648476867,4806.12,4680.73,4774.407999999999,59.13854633167031,0.24023742480237623,4862.25,4680.73,4769.6345,51.21022312358789,0.23456705923410456,4862.25,4680.73,4597.5708,271.7407972482776,0.2749499626613026,4935.37,4025.84,1,8,3,0.9825385991314465,1.0193100234582533,0.04306763259252035,-0.004021023235647699,4643.95,-0.009047552999669417
2020-08-05,AMZN,4613.87,4692.35,4595.55,4643.95,4937768,4643.95,-0.0090475529996694,4764.578,4606.8162,4344.6484,0.236222794103411,4881.115374461212,4648.040625538787,41.22303062079296,16.55939777033109,41.71307182439495,-25.153674054063863,163.16357142857163,-0.0151499230840357,4686.35,-0.009920684460646,4758.44,0.0057758469149442,4806.12,-0.0150683663205916,4680.73,0.0136645780013531,4824.05,4734.676,67.37558630554184,0.23391813288588162,4806.12,4643.95,4756.398,68.95060193114695,0.22695611172704142,4862.25,4643.95,4764.5779999999995,58.2686872306061,0.23622279410341043,4862.25,4643.95,4606.8162,265.0845835430469,0.2689943345888143,4935.37,4025.84,2,8,3,0.97468233283179,1.0080606211289678,0.020844324335959546,0.006519472806991399,4607.81,-0.007782168197331907
2020-08-06,AMZN,4651.33,4680.97,4534.66,4607.81,2742455,4607.81,-0.0077821681973319,4756.402,4617.2136,4350.906550000001,0.2360888024503081,4892.283709485231,4620.520290514769,39.75371465644899,4.677773305827941,34.30601212068155,-29.62823881485361,165.2757142857145,-0.0090475529996694,4643.95,-0.0151499230840357,4686.35,-0.009920684460646,4758.44,0.0208920403441346,4778.52,-0.0119007887563353,4766.64,4700.534000000001,81.39745591856513,0.12365958290382974,4806.12,4607.81,4740.515,83.15879578653974,0.22371052153198928,4862.25,4607.81,4756.402,67.94085474261533,0.23608880245030756,4862.25,4607.81,4617.2136,254.29314457648803,0.2640567666832729,4935.37,4025.84,3,8,3,0.9687595791943219,0.9979633604126528,0.03175261132728316,-0.009356463635130203,4539.03,-0.014926830750400022
2020-08-07,AMZN,4549.5,4649.91,4428.15,4539.03,2503844,4539.03,-0.0149268307504,4747.2545,4624.4402,4356.93605,0.2388749244263747,4914.016487524601,4580.492512475399,41.63148545391509,-10.171223335088143,25.410565029527614,-35.58178836461576,166.21428571428598,-0.0077821681973319,4607.81,-0.0090475529996694,4643.95,-0.0151499230840357,4686.35,0.0057758469149442,4806.12,0.0130070657737946,4828.64,4647.116,82.41648548690773,0.05459167541346237,4758.44,4539.03,4711.554,98.13893906090819,0.21026320386378053,4862.25,4539.03,4747.2545,83.38099376230028,0.23887492442637415,4862.25,4539.03,4624.4402,246.56474286985176,0.26308356626612855,4935.37,4025.84,4,8,3,0.9561379108701763,0.9815306942446824,0.04885625342858526,-0.0023013517969003084,4399.76,-0.030682767022910062
2020-08-10,AMZN,4370.22,4449.8,4349.72,4399.76,6602972,4399.76,-0.03068276702291,4724.8515,4629.7832,4362.2558500000005,0.2347547447358882,4946.185509018989,4503.51749098101,30.712322294775177,-32.79899878497872,13.768652266626347,-46.56765105160507,169.29857142857165,-0.0149268307504,4539.03,-0.0077821681973319,4607.81,-0.0090475529996694,4643.95,-0.009920684460646,4758.44,0.0069605520394975,4862.25,4575.38,112.06203371352949,0.14465956105916397,4686.35,4399.76,4665.305,124.63180272306269,0.22894221725260785,4806.12,4399.76,4724.8515,110.66700450949494,0.23475474473588767,4862.25,4399.76,4629.7832,238.45041041330154,0.2716282026105545,4935.37,4025.84,0,8,3,0.9311954037071999,0.9503166368565702,0.022746695274282497,0.006759385111045485,4491.82,0.02092386857464934
2020-08-11,AMZN,4448.75,4528.7,4448.75,4491.82,2641422,4491.82,0.0209238685746493,4711.832,4637.4546,4368.141,0.2444687409847299,4955.860288575855,4467.803711424146,32.666562320178045,-42.809717456146245,2.4529783220718304,-45.262695778218074,169.40785714285735,-0.03068276702291,4399.76,-0.0149268307504,4539.03,-0.0077821681973319,4607.81,-0.0151499230840357,4686.35,-0.0226047611702401,4752.34,4536.474,96.60634829042766,0.29695987670937857,4643.95,4399.76,4639.253,131.45876548687664,0.26282061737597473,4806.12,4399.76,4711.832,122.01414428792722,0.24446874098472932,4862.25,4399.76,4637.4546,227.23563963254227,0.2745826248680063,4935.37,4025.84,1,8,3,0.9533064846113032,0.9685960052307641,0.017799021332106365,0.009681371171675194,4571.85,0.017816831484787965
2020-08-12,AMZN,4597.75,4641.42,4502.28,4571.85,8396609,4571.85,0.0178168314847879,4701.6475,4644.5374,4374.1929,0.2539089132574929,4951.415117038418,4451.879882961582,40.07156182089055,-43.78085353804545,-6.793788049951626,-36.98706548809382,163.90857142857163,0.0209238685746493,4491.82,-0.03068276702291,4399.76,-0.0149268307504,4539.03,-0.0090475529996694,4643.95,-0.0150683663205916,4680.73,4522.054,80.6099170698689,0.34934032449544167,4607.81,4399.76,4628.365,132.14890618372823,0.2805415549511183,4806.12,4399.76,4701.6475,124.88380851920914,0.25390891325749226,4862.25,4399.76,4644.5374,219.2648148049646,0.27119128315049257,4935.37,4025.84,2,8,3,0.9723931877068682,0.9843499160969218,0.030434069359224356,-0.005633190147353379,4469.1,-0.02247449063289475
2020-08-13,AMZN,4431.53,4526.11,4412.09,4469.1,1328046,4469.1,-0.0224744906328947,4685.2205,4651.2364,4379.28865,0.2625267182492256,4951.10143896368,4419.33956103632,32.40515992595461,-52.23936923140718,-15.882904286242738,-36.35646494516445,164.82928571428596,0.0178168314847879,4571.85,0.0209238685746493,4491.82,-0.03068276702291,4399.76,-0.0077821681973319,4607.81,0.0208920403441346,4778.52,4494.312,66.32076726041858,0.37669659198036654,4571.85,4399.76,4597.423,129.2777987341819,0.26455976782816804,4806.12,4399.76,4685.2205,132.94046948183973,0.26252671824922497,4862.25,4399.76,4651.2364,208.19021153406368,0.2723438343795474,4935.37,4025.84,3,8,3,0.9538718615269112,0.960841293725479,0.025512966816579174,0.008477884613213076,4480.92,0.0026448278176813833
2020-08-14,AMZN,4448.75,4517.63,4444.22,4480.92,7066267,4480.92,0.0026448278176813,4669.5735,4659.231400000001,4384.19045,0.2632632620306068,4945.189472822212,4393.9575271777885,30.93216525113453,-57.328185011318965,-24.171960431257986,-33.15622458006098,160.10642857142875,-0.0224744906328947,4469.1,0.0178168314847879,4571.85,0.0209238685746493,4491.82,-0.0149268307504,4539.03,0.0057758469149442,4806.12,4482.6900000000005,61.43709872715669,0.370684466227443,4571.85,4399.76,4564.903,110.48265344488331,0.2609181843079243,4758.44,4399.76,4669.5735,137.8079864111059,0.2632632620306062,4862.25,4399.76,4659.231400000001,192.97091983526292,0.27030936492755425,4935.37,4025.84,4,8,3,0.9595994152354684,0.9617294388939424,0.01638279639002336,0.007231244731664589,4409.57,-0.01592306936968313
2020-08-17,AMZN,4416.17,4509.98,4309.16,4409.57,4860067,4409.57,-0.0159230693696831,4655.8455,4666.906,4388.43925,0.2574637689379213,4954.773602566835,4356.917397433166,32.17283668051799,-66.35357418348485,-32.60828318170336,-33.745291001781496,160.3378571428573,0.0026448278176813,4480.92,-0.0224744906328947,4469.1,0.0178168314847879,4571.85,-0.03068276702291,4399.76,-0.009920684460646,4758.44,4484.652,58.197875133122075,0.30935992232340354,4571.85,4409.57,4530.0160000000005,96.81511202056954,0.264603583358027,4686.35,4399.76,4655.8455,149.46405128341726,0.2574637689379206,4862.25,4399.76,4666.906,173.96059804868204,0.27106126131112585,4935.37,4145.6,0,8,3,0.9471040222445207,0.9448593993534591,0.0455418555550664,-0.0014945076842600871,4389.68,-0.004510643894982791
2020-08-18,AMZN,4398.77,4498.61,4280.75,4389.68,4194323,4389.68,-0.0045106438949827,4637.378500000001,4671.7876,4392.28705,0.2476223687123483,4954.546575666677,4320.210424333324,34.00208871491674,-74.25524861542635,-40.93767626844796,-33.317572346978395,167.3657142857144,-0.0159230693696831,4409.57,0.0026448278176813,4480.92,-0.0224744906328947,4469.1,0.0209238685746493,4491.82,-0.0151499230840357,4686.35,4464.224,71.46634753511685,0.2513313505622806,4571.85,4389.68,4500.349,88.70115725788838,0.2613158515511874,4643.95,4389.68,4637.378500000001,158.58403783333833,0.24762236871234766,4862.25,4389.68,4671.7876,162.0503198815107,0.2638169472671449,4935.37,4297.85,1,8,3,0.9465865251238502,0.9396146348774633,0.04963004136974677,-0.0020664867678914962,4363.34,-0.006000437389513613
2020-08-19,AMZN,4379.65,4434.78,4291.91,4363.34,3728891,4363.34,-0.0060004373895136,4614.343,4673.0974,4395.8192,0.2387865847294965,4941.199546489673,4287.486453510327,25.23383440664125,-81.70100210352484,-49.090341435463344,-32.6106606680615,166.66142857142864,-0.0045106438949827,4389.68,-0.0159230693696831,4409.57,0.0026448278176813,4480.92,0.0178168314847879,4571.85,-0.0090475529996694,4643.95,4422.522,50.81509834694139,0.1575350063920211,4480.92,4363.34,4472.288,82.38600161569856,0.26089754919766617,4607.81,4363.34,4614.343,163.42827324483625,0.23878658472949588,4862.25,4363.34,4673.0974,159.20592601018703,0.2514410034325087,4935.37,4357.21,2,8,3,0.9456037403372602,0.9337147562982673,0.03274326548010632,-0.0037240418754913673,4330.68,-0.007485091695811019
2020-08-20,AMZN,4321.46,4419.44,4241.93,4330.68,8521448,4330.68,-0.007485091695811,4592.545,4672.5668,4399.5558,0.2375805712392511,4934.4389431430345,4250.651056856966,21.809406351178367,-89.20886022549803,-57.11404519347029,-32.09481503202774,163.10857142857145,-0.0060004373895136,4363.34,-0.0045106438949827,4389.68,-0.0159230693696831,4409.57,-0.0224744906328947,4469.1,-0.0077821681973319,4607.81,4394.838000000001,56.48477777250066,0.10568751109630498,4480.92,4330.68,4444.575,78.24007842673593,0.2608479031012932,4571.85,4330.68,4592.545,170.94697157151717,0.23758057123925047,4862.25,4330.68,4672.5668,160.32050593167963,0.25015222881804616,4935.37,4330.68,3,8,3,0.942980417175892,0.926831051403925,0.04098894399954702,0.0021335382023663575,4490.51,0.03690644425355827
2020-08-21,AMZN,4515.11,4590.11,4390.91,4490.51,5307484,4490.51,0.0369064442535582,4575.6385,4673.9786,4403.5310500000005,0.2735926401296339,4901.437331071209,4249.839668928791,35.97827110821147,-81.32448855210987,-61.95613386519821,-19.36835468691166,169.01499999999993,-0.007485091695811,4330.68,-0.0060004373895136,4363.34,-0.0045106438949827,4389.68,0.0026448278176813,4480.92,-0.0149268307504,4539.03,4396.755999999999,60.180453055862245,0.32977574086617706,4490.51,4330.68,4439.723,73.06499922823366,0.3316834615324876,4571.85,4330.68,4575.6385,162.89941553560448,0.27359264012963325,4862.25,4330.68,4673.9785999999995,158.3489546437271,0.26165612987229514,4935.37,4330.68,4,8,3,0.981395274123823,0.9607468035902087,0.04436021743631691,-0.005448372243421313,4455.9,-0.0077073650877073074
2020-08-24,AMZN,4498.17,4540.65,4371.15,4455.9,2787131,4455.9,-0.0077073650877073,4555.321,4675.6004,4406.71965,0.2711096228763527,4855.539626435711,4255.102373564288,37.44729990247154,-76.98141116068564,-64.9611893242957,-12.020221836389936,166.70571428571415,0.0369064442535582,4490.51,-0.007485091695811,4330.68,-0.0060004373895136,4363.34,-0.0159230693696831,4409.57,-0.03068276702291,4399.76,4406.022,65.93797858600915,0.3083054455653158,4490.51,4330.68,4445.337,71.79904905745713,0.29149497128296575,4571.85,4330.68,4555.321,150.10931321785574,0.27110962287635204,4806.12,4330.68,4675.6004,155.61399740247487,0.2611925356248834,4935.37,4330.68,0,8,3,0.9781747543145743,0.9530112966880245,0.03803945330908727,-0.009397154842967482,4392.37,-0.014257501290423913
2020-08-25,AMZN,4372.26,4418.21,4366.53,4392.37,2011197,4392.37,-0.0142575012904239,4537.3225,4672.8134,4409.66725,0.2651541531556537,4830.896102131424,4243.748897868577,36.60468979563344,-77.76935438779583,-67.52282233699573,-10.246532050800099,166.17499999999987,-0.0077073650877073,4455.9,0.0369064442535582,4490.51,-0.007485091695811,4330.68,-0.0045106438949827,4389.68,0.0209238685746493,4491.82,4406.5599999999995,65.78209672858578,0.32883356963013954,4490.51,4330.68,4435.392,71.53222627288423,0.2788056816777584,4571.85,4330.68,4537.3225,146.7868010657115,0.2651541531556531,4806.12,4330.68,4672.8134,159.44416300624232,0.25030012566863485,4935.37,4330.68,1,8,3,0.9680532957485458,0.939984036169529,0.011765857612174867,0.0045994519996512264,4333.3,-0.013448320610513154
2020-08-26,AMZN,4350.9,4368.63,4297.97,4333.3,4293976,4333.3,-0.0134483206105131,4519.951,4668.39,4412.4424,0.2643019104638612,4818.863070711172,4221.0389292888285,35.73218016767299,-82.21256512826312,-70.46077089524921,-11.75179423301391,162.46714285714265,-0.0142575012904239,4392.37,-0.0077073650877073,4455.9,0.0369064442535582,4490.51,-0.0060004373895136,4363.34,0.0178168314847879,4571.85,4400.552000000001,71.81176066640418,0.3418062963598173,4490.51,4330.68,4411.537,59.78025966449986,0.2598002360215461,4490.51,4330.68,4519.951,149.45603535558553,0.2643019104638605,4806.12,4330.68,4668.39,165.73802045540282,0.2516346990269174,4935.37,4330.68,2,8,3,0.9587050833071069,0.928221506771943,0.016306279279067578,-0.004045140085958172,4416.31,0.01915630120231704
2020-08-27,AMZN,4454.16,4454.16,4387.96,4416.31,3998286,4416.31,0.019156301202317,4501.8405,4664.199799999999,4415.4196,0.2622219549830809,4777.799592504283,4225.881407495717,43.714531559882026,-78.13493747332177,-71.99560421086372,-6.139333262458052,155.25999999999976,-0.0134483206105131,4333.3,-0.0142575012904239,4392.37,-0.0077073650877073,4455.9,-0.007485091695811,4330.68,-0.0224744906328947,4469.1,4417.678,60.264904131751656,0.362629652975851,4490.51,4333.3,4406.258,56.36559151349445,0.26637946095588017,4490.51,4330.68,4501.8405,137.97954625214146,0.26222195498308015,4806.12,4330.68,4664.199799999999,169.44324873172522,0.2529331247108079,4935.37,4330.68,3,8,3,0.9810009928159424,0.9468526627009104,0.014989889749583887,-0.00849767408444936,4287.72,-0.029117068321743766
2020-08-28,AMZN,4303.7,4310.01,4265.44,4287.72,2177869,4287.72,-0.0291170683217437,4475.9205,4657.596,4417.55985,0.2742873330211813,4727.88265041361,4223.958349586391,44.198065330676336,-84.30768005166283,-74.45801937902354,-9.849660672639288,152.51428571428556,0.019156301202317,4416.31,-0.0134483206105131,4333.3,-0.0142575012904239,4392.37,0.0369064442535582,4490.51,0.0026448278176813,4480.92,4377.12,66.87162963476025,0.280236274462685,4455.9,4287.72,4386.938,60.862265594805756,0.2996433863233564,4490.51,4287.72,4475.9205,125.98107520680476,0.2742873330211806,4758.44,4287.72,4657.596,177.52570943440833,0.2608001945794154,4935.37,4287.72,4,8,3,0.9579526714111749,0.9205864999882084,0.010394801899375476,-0.0037130840904328485,4230.06,-0.013447706473370458
2020-08-31,AMZN,4245.38,4277.1,4183.02,4230.06,3912345,4230.06,-0.0134477064733704,4449.5015,4650.2664,4419.47825,0.2753166671221831,4687.132014279711,4211.870985720289,35.944111518672614,-92.78276121644103,-78.12296774650704,-14.659793469933987,150.782857142857,-0.0291170683217437,4287.72,0.019156301202317,4416.31,-0.0134483206105131,4333.3,-0.0077073650877073,4455.9,-0.0159230693696831,4409.57,4331.952,76.004725971533,0.28143221259578616,4416.31,4230.06,4368.987,77.61303857384978,0.2971882829230155,4490.51,4230.06,4449.5015,118.81525713985529,0.27531666712218233,4686.35,4230.06,4650.2664,187.3895071633542,0.2621184890782925,4935.37,4230.06,0,8,3,0.9506817786215038,0.9096382091140176,0.022240819279153883,-0.0036086286739929283,4342.49,0.02657881921296612
2020-09-01,AMZN,4318.5,4398.28,4286.7,4342.49,3179489,4342.49,0.0265788192129661,4432.3085,4642.374,4422.38315,0.2954786901649022,4646.375142577044,4218.241857422956,38.09805508797413,-89.3966537390852,-80.37770494502267,-9.018948794062524,152.11285714285694,-0.0134477064733704,4230.06,-0.0291170683217437,4287.72,0.019156301202317,4416.31,-0.0142575012904239,4392.37,-0.0045106438949827,4389.68,4321.976000000001,69.04705880779913,0.37748063960898365,4416.31,4230.06,4364.268,77.64967980186738,0.33432557642979766,4490.51,4230.06,4432.3085,107.03332128852213,0.2954786901649015,4643.95,4230.06,4642.374,191.91284932145632,0.25973998043746716,4935.37,4230.06,1,9,3,0.9797355035189945,0.935402877923895,0.025694935394203377,0.005555169619079362,4362.42,0.0045895327335239156
2020-09-02,AMZN,4365.49,4405.26,4319.58,4362.42,4014891,4362.42,0.0045895327335239,4418.232,4633.937199999999,4425.28035,0.2961324902305617,4609.513454968155,4226.950545031845,43.94359160616856,-84.13509769569646,-81.12918349515743,-3.0059142005390243,146.82142857142838,0.0265788192129661,4342.49,-0.0134477064733704,4230.06,-0.0291170683217437,4287.72,-0.0134483206105131,4333.3,-0.0060004373895136,4363.34,4327.800000000001,71.4280662625536,0.3646874649160695,4416.31,4230.06,4364.176,77.65144646287649,0.33401256250928124,4490.51,4230.06,4418.232,95.64072748407747,0.29613249023056104,4607.81,4230.06,4633.937199999999,194.7987014585709,0.2587896044709032,4935.37,4230.06,2,9,3,0.9873677977976286,0.941406801973721,0.01964047478234114,-0.0007032429349280391,4378.34,0.0036493505898103074
2020-09-03,AMZN,4383.81,4405.89,4350.79,4378.34,5347685,4378.34,0.0036493505898103,4406.758500000001,4623.2678,4428.0649,0.2964421588876749,4576.473155791785,4237.043844208217,44.20334079177817,-77.78401991018563,-80.46015077816307,2.6761308679774345,145.51357142857128,0.0045895327335239,4362.42,0.0265788192129661,4342.49,-0.0134477064733704,4230.06,0.019156301202317,4416.31,-0.007485091695811,4330.68,4320.206,60.90936282713548,0.33274576467491773,4378.34,4230.06,4368.942000000001,76.82535284656511,0.3315285350795667,4490.51,4230.06,4406.758500000001,84.85732789589198,0.29644215888767417,4571.85,4230.06,4623.2678,193.87588083234334,0.2508483322222684,4935.37,4230.06,3,9,3,0.993551155571381,0.9470227962998494,0.012584678211374122,-0.0012477730558575772,4550.5,0.039320838491300414
2020-09-04,AMZN,4568.71,4621.47,4479.52,4550.5,7266962,4550.5,0.0393208384913004,4407.332,4615.5704,4431.45535,0.3269722888145472,4578.994978824629,4235.669021175372,57.14923449894984,-58.188115435381405,-76.00574370960673,17.817628274225328,148.53571428571416,0.0036493505898103,4378.34,0.0045895327335239,4362.42,0.0265788192129661,4342.49,-0.0291170683217437,4287.72,0.0369064442535582,4490.51,4372.762000000001,115.1185502862522,0.3302421215405629,4550.5,4230.06,4374.941000000001,88.78429684102262,0.33893007246425283,4550.5,4230.06,4407.332,85.83148941231417,0.32697228881454654,4571.85,4230.06,4615.5704,188.80558364664364,0.26722225881135575,4862.25,4230.06,4,9,3,1.0324840515756395,0.9859019808253849,0.03119437424458161,-0.003985807810081193,4571.58,0.00463245797165146
2020-09-07,AMZN,4617.0,4619.43,4523.73,4571.58,5753739,4571.58,0.0046324579716514,4415.923,4609.7722,4434.8254,0.3059021078996626,4602.5370467550965,4229.308953244903,59.21647311482434,-40.49049095585906,-68.9026931588572,28.412202202998145,139.80999999999995,0.0393208384913004,4550.5,0.0036493505898103,4378.34,0.0045895327335239,4362.42,-0.0134477064733704,4230.06,-0.0077073650877073,4455.9,4441.066,110.50642144241839,0.2593222638259842,4571.58,4342.49,4386.509,106.31097606654527,0.33515125744338264,4571.58,4230.06,4415.923,93.30702337754816,0.305902107899662,4571.85,4230.06,4609.7722,185.5222975683726,0.26575437322839046,4862.25,4230.06,0,9,3,1.0352490294778611,0.9917149485171973,0.02093368157179351,-0.009837556855098599,4514.52,-0.012481461551586026
2020-09-08,AMZN,4472.41,4608.97,4420.07,4514.52,2997318,4514.52,-0.012481461551586,4417.058,4603.8304,4438.0013500000005,0.3015786402571019,4605.878750933671,4228.237249066329,57.42870059083281,-30.715195526536263,-61.26519363239302,30.54999810585676,143.09785714285712,0.0046324579716514,4571.58,0.0393208384913004,4550.5,0.0036493505898103,4378.34,0.0265788192129661,4342.49,-0.0142575012904239,4392.37,4475.472,98.24214329914568,0.30144518331749315,4571.58,4362.42,4398.724,113.8120357040965,0.33273526972128376,4571.58,4230.06,4417.058,94.41037546683549,0.3015786402571013,4571.85,4230.06,4603.8304,183.67433783578812,0.2661948826005154,4862.25,4230.06,1,9,3,1.022064912889751,0.9806008492404541,0.04184276512230728,0.009415505286856788,4492.5,-0.004877594960261633
2020-09-09,AMZN,4453.44,4515.69,4453.44,4492.5,4636039,4492.5,-0.0048775949602616,4413.0905,4597.2516,4440.71335,0.2949025767159141,4591.250198848201,4234.9308011518,58.03555467195102,-24.46303875966987,-53.904762657848394,29.441723898178523,134.86500000000004,-0.012481461551586,4514.52,0.0046324579716514,4571.58,0.0393208384913004,4550.5,0.0045895327335239,4362.42,-0.0134483206105131,4333.3,4501.487999999999,75.38420205858945,0.31525475973454126,4571.58,4378.34,4414.644,114.77407258513266,0.323568484716307,4571.58,4230.06,4413.0905,89.0798494241005,0.29490257671591347,4571.58,4230.06,4597.2516,181.60021948153548,0.26622315848975836,4862.25,4230.06,2,9,3,1.0179940792057134,0.9772142990823088,0.013856427378961856,0.008770748006033904,4402.44,-0.020046744574290565
2020-09-10,AMZN,4365.28,4498.64,4306.25,4402.44,4102256,4402.44,-0.0200467445742905,4409.7575,4589.9348,4442.9479,0.2926437196750892,4585.989024257446,4233.525975742554,45.30107882509978,-26.470117774123537,-48.41783368110343,21.947715906979894,130.0764285714287,-0.0048775949602616,4492.5,-0.012481461551586,4514.52,0.0046324579716514,4571.58,0.0036493505898103,4378.34,0.019156301202317,4416.31,4506.308,65.68870922776858,0.36721822201407045,4571.58,4402.44,4413.2570000000005,114.8354929695304,0.331230886154306,4571.58,4230.06,4409.7575,88.11576212872289,0.29264371967508856,4571.58,4230.06,4589.9348,181.93839582242072,0.26868133734128674,4862.25,4230.06,3,9,3,0.9983406117000767,0.959150879441477,0.04370076593887858,0.008512626910528382,4503.95,0.023057668020461497
2020-09-11,AMZN,4525.84,4612.47,4395.43,4503.95,2347715,4503.95,0.0230576680204614,4410.909,4586.513000000001,4445.85115,0.3043728197975913,4589.384986755693,4232.4330132443065,52.392856786417255,-19.64329799599909,-42.662926544082566,23.019628548083475,133.47214285714296,-0.0200467445742905,4402.44,-0.0048775949602616,4492.5,-0.012481461551586,4514.52,0.0393208384913004,4550.5,-0.0291170683217437,4287.72,4496.998,60.99031250953056,0.26511932797671184,4571.58,4402.44,4434.88,108.76828306082467,0.30592497227754717,4571.58,4230.06,4410.909,89.23799337784676,0.3043728197975906,4571.58,4230.06,4586.513000000001,181.9140001371672,0.2709401727712622,4862.25,4230.06,4,9,3,1.02109338460598,0.9819987428355739,0.04818881204275175,-0.004836671203576681,4551.63,0.010586263168996135
2020-09-14,AMZN,4518.52,4639.58,4463.68,4551.63,4690726,4551.63,0.0105862631689961,4418.012000000001,4581.9828,4449.0528,0.2999973482986351,4607.246760643458,4228.777239356543,58.05824849641482,-10.267262010334889,-36.18379363733303,25.916531626998143,139.65285714285724,0.0230576680204614,4503.95,-0.0200467445742905,4402.44,-0.0048775949602616,4492.5,0.0046324579716514,4571.58,-0.0134477064733704,4230.06,4493.008,55.276245078787184,0.2775026157836147,4551.63,4402.44,4467.036999999999,86.80339100519043,0.2884204394869869,4571.58,4342.49,4418.012000000001,94.61738032172912,0.2999973482986345,4571.58,4230.06,4581.9828,179.85324231600273,0.26720599781092075,4862.25,4230.06,0,9,3,1.0302439196631807,0.9933756189567116,0.03864549622881495,0.007327620548319436,4645.56,0.020636563165283617
2020-09-15,AMZN,4656.94,4736.95,4554.17,4645.56,8406147,4645.56,0.0206365631652836,4430.806,4580.246,4453.3256,0.3062465023102428,4644.937384105518,4216.674615894482,65.26137785334527,4.688632417298322,-28.009308426406765,32.697940843705084,146.14714285714294,0.0105862631689961,4551.63,0.0230576680204614,4503.95,-0.0200467445742905,4402.44,-0.012481461551586,4514.52,0.0265788192129661,4342.49,4519.216,88.87758902001424,0.2886912373469793,4645.56,4402.44,4497.344,91.2790727141541,0.27879685640052226,4645.56,4362.42,4430.806,107.06569205275902,0.30624650231024214,4645.56,4230.06,4580.246,178.78719264267284,0.2707078998987967,4862.25,4230.06,1,9,3,1.048468382501728,1.0142599327632154,0.039345095101550806,-0.0024436647240455656,4749.0,0.022266422132100283
2020-09-16,AMZN,4732.35,4861.42,4636.59,4749.0,4052220,4749.0,0.0222664221321002,4450.089,4580.3244,4458.1741,0.3116033721946631,4704.340125166475,4195.837874833524,65.94152203616471,24.604405744734322,-17.486565592178547,42.09097133691287,153.57357142857154,0.0206365631652836,4645.56,0.0105862631689961,4551.63,0.0230576680204614,4503.95,-0.0048775949602616,4492.5,0.0045895327335239,4362.42,4570.5160000000005,132.78308939775172,0.2893348875281081,4749.0,4402.44,4536.002,108.0990641135383,0.28863164644210987,4749.0,4378.34,4450.089,127.1255625832377,0.3116033721946625,4749.0,4230.06,4580.3244,178.8617930723278,0.2753219689355382,4862.25,4230.06,2,9,3,1.0671696678423583,1.0368261252410336,0.04734259844176723,0.0035183365558329616,4714.61,-0.007241524531480414
2020-09-17,AMZN,4710.59,4757.9,4671.32,4714.61,2114083,4714.61,-0.0072415245314804,4469.2855,4579.19,4462.611449999999,0.3114810666180593,4742.819872898252,4195.751127101748,72.48517281593769,37.184177944352086,-6.55241688487242,43.73659482922451,148.9814285714286,0.0222664221321002,4749.0,0.0206365631652836,4645.56,0.0105862631689961,4551.63,-0.0200467445742905,4402.44,0.0036493505898103,4378.34,4632.95,104.34188109293501,0.20347542099283075,4749.0,4503.95,4569.628999999999,105.88485837088886,0.29893466926556717,4749.0,4402.44,4469.2855,136.76718644912594,0.31148106661805863,4749.0,4230.06,4579.19,177.80238112770277,0.27553433528626836,4862.25,4230.06,3,9,3,1.054891212476568,1.0295729157337805,0.01836419131168465,0.0008533962836924192,4635.99,-0.016675822602505774
2020-09-18,AMZN,4609.62,4751.38,4520.59,4635.99,4048724,4635.99,-0.0166758226025057,4476.5595,4577.4702,4466.53465,0.2950368971895301,4760.027382482205,4193.091617517795,70.91926656463632,40.344692597108406,2.8270050115237453,37.51768758558466,157.9878571428572,-0.0072415245314804,4714.61,0.0222664221321002,4749.0,0.0206365631652836,4645.56,0.0230576680204614,4503.95,0.0393208384913004,4550.5,4659.358,76.53470108396937,0.2737321178272391,4749.0,4551.63,4578.178,107.60598845376668,0.2624175353763271,4749.0,4402.44,4476.5595,141.7339412411025,0.2950368971895294,4749.0,4230.06,4577.4702,176.8061327485481,0.27710830740574427,4862.25,4230.06,4,9,3,1.035614516013685,1.0127843104252185,0.049782247157554305,0.005720645085710789,4632.54,-0.0007441776190197924
2020-09-21,AMZN,4666.46,4727.37,4537.72,4632.54,2461594,4632.54,-0.0007441776190197,4485.3915,4573.1646,4469.90255,0.2931027927121825,4777.038261413796,4193.744738586203,66.838896951018,42.08589703904454,10.678783417027905,31.407113622016634,159.5185714285715,-0.0166758226025057,4635.99,-0.0072415245314804,4714.61,0.0222664221321002,4749.0,0.0105862631689961,4551.63,0.0046324579716514,4571.58,4675.54,52.99726266528071,0.27336755886730124,4749.0,4632.54,4584.274,108.90950373794547,0.2622870753590903,4749.0,4402.44,4485.3915,145.82338070689812,0.29310279271218176,4749.0,4230.06,4573.1646,172.66085545057933,0.27018606699471603,4862.25,4230.06,0,9,3,1.0328061664180188,1.0129834382079723,0.04093866431805417,-0.0072688933367033685,4561.19,-0.015401917738433024
2020-09-22,AMZN,4569.05,4650.28,4472.11,4561.19,5650457,4561.19,-0.015401917738433,4493.8325,4569.3442,4473.00345,0.2939770793902808,4783.911295964854,4203.753704035147,60.8894781236893,37.27873929937596,15.998774593497517,21.27996470587844,166.12500000000006,-0.0007441776190197,4632.54,-0.0166758226025057,4635.99,-0.0072415245314804,4714.61,0.0206365631652836,4645.56,-0.012481461551586,4514.52,4658.665999999999,74.1422654766667,0.25109115802242066,4749.0,4561.19,4588.941,106.56295045653141,0.2669972603387461,4749.0,4402.44,4493.8325,145.03939798242666,0.29397707939028006,4749.0,4230.06,4569.3442,170.72074956186992,0.26879776062767247,4862.25,4230.06,1,9,3,1.0149888764209578,0.9982154550753698,0.03906217456408547,-0.001720270078024723,4575.62,0.0031636480830661284
2020-09-23,AMZN,4616.3,4631.54,4519.69,4575.62,4934445,4575.62,0.0031636480830661,4505.9485,4565.3458,4475.999150000001,0.2882192996082303,4787.924488098648,4223.972511901353,60.82552294733029,34.2387297962232,19.646765634042655,14.591964162180542,170.1785714285715,-0.015401917738433,4561.19,-0.0007441776190197,4632.54,-0.0166758226025057,4635.99,0.0222664221321002,4749.0,-0.0048775949602616,4492.5,4623.99,60.6477200726621,0.13884190504996421,4714.61,4561.19,4597.253,101.3172414909456,0.2649529434982996,4749.0,4402.44,4505.9485,140.98799404932367,0.28821929960822956,4749.0,4230.06,4565.3458,168.11417766198886,0.2686395976500465,4862.25,4230.06,2,9,3,1.0154621163555206,1.0022504757468749,0.02444477469719424,-0.008812252236637886,4670.69,0.020777512118576258
2020-09-24,AMZN,4677.66,4745.03,4596.36,4670.69,3735681,4670.69,0.0207775121185762,4518.6675000000005,4562.8068,4479.1807,0.2894882235901979,4806.506605925512,4230.828394074489,57.20485798798583,39.05070263795642,23.52755303482541,15.52314960313101,164.91285714285718,0.0031636480830661,4575.62,-0.015401917738433,4561.19,-0.0007441776190197,4632.54,-0.0072415245314804,4714.61,-0.0200467445742905,4402.44,4615.206,45.54035605934406,0.24358396979743777,4670.69,4561.19,4624.0779999999995,76.4720228871054,0.2487727776594551,4749.0,4503.95,4518.6675000000005,143.91955296275597,0.2894882235901972,4749.0,4230.06,4562.8068,165.4721715852247,0.2727072722509788,4862.25,4230.06,3,9,3,1.0336432145093581,1.0236440429603495,0.031830414778109495,-0.0014900612699509507,4657.45,-0.0028346989416980772
2020-09-25,AMZN,4622.42,4741.65,4573.25,4657.45,3503731,4657.45,-0.002834698941698,4537.154,4560.078600000001,4481.4232,0.264844972312473,4809.621376194885,4264.686623805116,55.19636913673494,41.31956224172973,27.085954876206273,14.233607365523454,170.10571428571424,0.0207775121185762,4670.69,0.0031636480830661,4575.62,-0.015401917738433,4561.19,-0.0166758226025057,4635.99,0.0230576680204614,4503.95,4619.498,48.877834137898425,0.2073737311091175,4670.69,4561.19,4639.428,64.0819454206142,0.23261720681981843,4749.0,4551.63,4537.154,136.23368809744218,0.26484497231247234,4749.0,4230.06,4560.078600000001,162.68603412090178,0.27276125601223766,4862.25,4230.06,4,9,3,1.0265135368997773,1.0213530091343113,0.0361571246068049,0.007578281506222317,4670.92,0.0028921405490129892
2020-09-28,AMZN,4640.18,4752.23,4589.62,4670.92,3674439,4670.92,0.0028921405490129,4559.196999999999,4559.8144,4483.67415,0.2565640699749347,4796.06315301962,4322.330846980379,59.99156721840912,43.70081050973931,30.40892600291288,13.291884506826431,168.22785714285706,-0.002834698941698,4657.45,0.0207775121185762,4670.69,0.0031636480830661,4575.62,-0.0007441776190197,4632.54,0.0105862631689961,4551.63,4627.174,54.16570437105044,0.20706227412992767,4670.92,4561.19,4651.357,56.58691290593647,0.22919244160726898,4749.0,4561.19,4559.196999999999,118.43307650981043,0.25656406997493403,4749.0,4342.49,4559.8144,162.49107449468173,0.2679433819934713,4862.25,4230.06,0,9,3,1.0245049731342988,1.0243662549069925,0.03481327019087564,0.006624743005657787,4663.92,-0.0014986341020613025
2020-09-29,AMZN,4709.54,4753.0,4574.84,4663.92,4013261,4663.92,-0.0014986341020613,4575.2685,4557.9124,4486.27915,0.2444490161605581,4793.076043852242,4357.460956147758,61.16539002545942,44.51004136917891,33.22914907616609,11.280892293012819,176.50714285714275,0.0028921405490129,4670.92,-0.002834698941698,4657.45,0.0207775121185762,4670.69,-0.015401917738433,4561.19,0.0206365631652836,4645.56,4647.719999999999,40.68594290430477,0.1504125052640753,4670.92,4575.62,4653.192999999999,56.67570830809315,0.2064525008963248,4749.0,4561.19,4575.2685,108.90377192612088,0.24444901616055753,4749.0,4362.42,4557.9124,160.6579799723735,0.26546940005045727,4862.25,4230.06,1,9,3,1.0193762398860264,1.0232579283443395,0.03819962606561897,-0.009686720996103695,4732.68,0.014742963001080689
2020-09-30,AMZN,4754.03,4764.15,4701.22,4732.68,2937034,4732.68,0.0147429630010806,4593.7815,4556.085,4488.90545,0.2475822346205799,4797.927924362512,4389.635075637488,72.12396494759798,50.12194541723966,36.607708344380804,13.514237072858855,169.92428571428556,-0.0014986341020613,4663.92,0.0028921405490129,4670.92,-0.002834698941698,4657.45,0.0031636480830661,4575.62,0.0222664221321002,4749.0,4679.132,30.44505986219799,0.1656256655062767,4732.68,4657.45,4651.561,53.77090383181886,0.18672442052302068,4732.68,4561.19,4593.7815,102.0732121812563,0.24758223462057927,4749.0,4378.34,4556.085,158.06778849655407,0.2657713187149548,4862.25,4230.06,2,9,3,1.0302362008290924,1.0387602513998226,0.013296905770089268,-0.004490926645392428,4677.02,-0.011760778248265269
2020-10-01,AMZN,4634.86,4733.67,4620.36,4677.02,2296056,4677.02,-0.0117607782482652,4608.7155,4554.2926,4490.53085,0.2539933728794488,4788.781565709226,4428.649434290775,62.35349540910944,49.50743211680674,39.187653098865994,10.319779017940746,162.51499999999987,0.0147429630010806,4732.68,-0.0014986341020613,4663.92,0.0028921405490129,4670.92,0.0207775121185762,4670.69,-0.0072415245314804,4714.61,4680.398,30.13629904306159,0.15346672389563418,4732.68,4657.45,4647.802000000001,50.05938069490427,0.1927225372140346,4732.68,4561.19,4608.7155,90.03303285461286,0.25399337287944806,4749.0,4402.44,4554.2926,156.12770110481034,0.2657399253467314,4862.25,4230.06,3,10,4,1.0148207239086433,1.0269476317790767,0.02422696503328533,0.009096283382883553,4496.56,-0.03858439775754652
2020-10-02,AMZN,4514.89,4558.07,4435.05,4496.56,6307717,4496.56,-0.0385843977575465,4606.0185,4547.651,4491.37585,0.2584687375558726,4791.296287832783,4420.740712167218,46.695548860928966,34.06611905103364,38.163346289299525,-4.097227238265887,167.23428571428562,-0.0117607782482652,4677.02,0.0147429630010806,4732.68,-0.0014986341020613,4663.92,-0.002834698941698,4657.45,-0.0166758226025057,4635.99,4648.22,89.05822140606875,0.3195658962379184,4732.68,4496.56,4633.8589999999995,69.39742317503575,0.26229058413909995,4732.68,4496.56,4606.0185,92.6388939163914,0.2584687375558718,4749.0,4402.44,4547.651,151.20455858108787,0.2774913707740951,4862.25,4230.06,4,10,4,0.9762357663129281,0.9887654087789524,0.02735869197786133,-0.004059899576732958,4535.68,0.008699983987759508
2020-10-05,AMZN,4527.72,4582.01,4489.36,4535.68,3428538,4535.68,0.0086999839877595,4604.2235,4541.1196,4492.08225,0.2599327741555535,4791.589947850193,4416.857052149807,42.94247617012923,24.700690078691878,35.470815047178,-10.770124968486122,160.61499999999998,-0.0385843977575465,4496.56,-0.0117607782482652,4677.02,0.0147429630010806,4732.68,0.0028921405490129,4670.92,-0.0007441776190197,4632.54,4621.1720000000005,100.27145316595352,0.333084895073365,4732.68,4496.56,4624.173,76.04327087623939,0.2686955230421943,4732.68,4496.56,4604.2235,93.68322392509656,0.25993277415555277,4749.0,4402.44,4541.1196,144.23025263561857,0.2777841754824759,4806.12,4230.06,0,10,4,0.9851129077463365,0.9988021456204327,0.020426926061798915,0.0017580592439458,4617.92,0.018131790602511577
2020-10-06,AMZN,4600.12,4656.96,4578.89,4617.92,4276400,4617.92,0.0181317906025115,4609.3935,4538.4312,4492.70425,0.2635411581737911,4791.983452254252,4426.803547745749,41.345112642185214,23.642069771829483,33.1050659921083,-9.462996220278818,153.21857142857138,0.0086999839877595,4535.68,-0.0385843977575465,4496.56,-0.0117607782482652,4677.02,-0.0014986341020613,4663.92,-0.015401917738433,4561.19,4611.972,97.43900820519414,0.37511348279475587,4732.68,4496.56,4629.8460000000005,72.87250955532198,0.27446467329686086,4732.68,4496.56,4609.3935,91.29497612712558,0.26354115817379037,4749.0,4402.44,4538.4312,141.43858495051404,0.27672326022049215,4806.12,4230.06,1,10,4,1.0018498095246149,1.0175145984363456,0.016905879703412532,0.003869464274844202,4656.05,0.008256964174346848
2020-10-07,AMZN,4623.84,4692.27,4619.83,4656.05,4483514,4656.05,0.0082569641743468,4617.571,4537.9376,4493.0975,0.2636051948401013,4792.611439947006,4442.530560052994,46.15243101097752,25.584950502671745,31.601042894220992,-6.016092391549247,152.345,0.0181317906025115,4617.92,0.0086999839877595,4535.68,-0.0385843977575465,4496.56,0.0147429630010806,4732.68,0.0031636480830661,4575.62,4596.646000000001,77.74229659594356,0.3596503580031039,4677.02,4496.56,4637.889,70.62649478458641,0.2765779171636495,4732.68,4496.56,4617.571,87.52021997350289,0.26360519484010053,4749.0,4402.44,4537.9376,140.9741504682059,0.2753265429400264,4806.12,4230.06,2,10,4,1.0083331691053568,1.0260277708532117,0.015558252166532779,0.006966071490361489,4603.57,-0.011271356622029494
2020-10-08,AMZN,4634.86,4660.32,4546.82,4603.57,4549887,4603.57,-0.0112713566220294,4627.6275000000005,4534.4386,4493.1722500000005,0.255625373570396,4770.8446749293225,4484.410325070679,47.79413765796326,22.629145371533923,29.806663389683578,-7.177518018149655,143.96714285714285,0.0082569641743468,4656.05,0.0181317906025115,4617.92,0.0086999839877595,4535.68,-0.0117607782482652,4677.02,0.0207775121185762,4670.69,4581.956,64.58413141021116,0.3589197169905174,4656.05,4496.56,4631.177,70.35173109298309,0.2616621151610677,4732.68,4496.56,4627.6275000000005,71.60858746466106,0.2556253735703953,4749.0,4496.56,4534.4385999999995,136.99600877557154,0.27225102593143824,4806.12,4230.06,3,10,4,0.9948013317837281,1.0152458564548617,0.024654778791237092,-0.006751012975579243,4511.32,-0.020038795977904145
2020-10-09,AMZN,4471.97,4578.4,4444.24,4511.32,2501191,4511.32,-0.0200387959779041,4627.996,4528.5426,4493.06815,0.2551174674211571,4769.90523776911,4486.086762230891,42.641381151692464,12.69648727310414,26.384628166367694,-13.688140893263554,141.8014285714286,-0.0112713566220294,4603.57,0.0082569641743468,4656.05,0.0181317906025115,4617.92,-0.0385843977575465,4496.56,-0.002834698941698,4657.45,4584.908,59.870352178782994,0.2507933976912484,4656.05,4511.32,4616.564,78.94043242288878,0.27817724736151994,4732.68,4496.56,4627.996,70.95461888455493,0.2551174674211563,4749.0,4496.56,4528.5426,131.28975280290834,0.275292263705709,4758.44,4230.06,4,10,4,0.974789087976529,0.9961968779975711,0.029738524423000387,0.008799254020038293,4552.51,0.009130365391947448
2020-10-12,AMZN,4533.37,4581.01,4524.01,4552.51,2046146,4552.51,0.0091303653919474,4628.04,4524.424,4493.19885,0.2543830055199283,4769.850052646412,4486.229947353588,49.45305607978285,8.055612839598325,22.71882510101382,-14.663212261415495,134.0528571428572,-0.0200387959779041,4511.32,-0.0112713566220294,4603.57,0.0082569641743468,4656.05,0.0086999839877595,4535.68,0.0028921405490129,4670.92,4588.273999999999,56.805415498978256,0.2516693584333711,4656.05,4511.32,4604.723,78.76164761129576,0.2836135398448707,4732.68,4496.56,4628.04,70.90502632320606,0.25438300551992754,4749.0,4496.56,4524.424,127.09360513139018,0.2754817146843412,4749.0,4230.06,0,10,4,0.9836799163358606,1.006207641016623,0.012520565578106907,0.004222024674799565,4564.98,0.002739148294017779
2020-10-13,AMZN,4547.3,4674.21,4455.74,4564.98,3160775,4564.98,0.0027391482940177,4624.011,4521.9966,4493.2,0.2429244113555758,4768.282592403828,4479.739407596173,49.32789246192157,5.322556085830001,19.239571297977058,-13.917015212147057,141.66857142857148,0.0091303653919474,4552.51,-0.0200387959779041,4511.32,-0.0112713566220294,4603.57,0.0181317906025115,4617.92,-0.0014986341020613,4663.92,4577.686,54.79648100025579,0.2043169838329423,4656.05,4511.32,4594.829,76.6861446923706,0.284794073149345,4732.68,4496.56,4624.011,72.13579620191362,0.242924411355575,4749.0,4496.56,4521.9965999999995,125.08091951599661,0.2735892764045089,4749.0,4230.06,1,10,4,0.9872338106459979,1.0095054029892436,0.04785782194006379,0.0038880214632849145,4555.51,-0.0020744888257997474
2020-10-14,AMZN,4524.61,4648.01,4463.01,4555.51,4685998,4555.51,-0.0020744888257997,4614.336499999999,4520.2278,4492.77325,0.2271745741595568,4748.94400479977,4479.728995200229,41.84208289573368,2.3651747991361844,15.864691998208883,-13.499517199072699,142.7821428571429,0.0027391482940177,4564.98,0.0091303653919474,4552.51,-0.0200387959779041,4511.32,0.0082569641743468,4656.05,0.0147429630010806,4732.68,4557.5779999999995,32.938645540019685,0.1829337624292823,4603.57,4511.32,4577.112,59.93612132930605,0.2692045236955748,4677.02,4496.56,4614.336499999999,67.30375239988521,0.22717457415955608,4732.68,4496.56,4520.2278,123.94128534679727,0.27290006815436973,4749.0,4230.06,2,10,4,0.9872513632239464,1.0078054030814536,0.040610162199174044,0.006829317885960053,4708.31,0.03354179883262254
2020-10-15,AMZN,4709.08,4800.67,4615.95,4708.31,2989524,4708.31,0.0335417988326225,4614.0215,4522.2378,4492.96625,0.2585983329768676,4747.667037507949,4480.37596249205,53.00768775784498,12.210358408716274,15.133825280310361,-2.923466871594087,148.26500000000007,-0.0020744888257997,4555.51,0.0027391482940177,4564.98,0.0091303653919474,4552.51,-0.0112713566220294,4603.57,-0.0117607782482652,4677.02,4578.526,75.4165030348888,0.30875979049004576,4708.31,4511.32,4580.241,66.21886949101429,0.3219967845714804,4708.31,4496.56,4614.0215,66.82276875397464,0.25859833297686685,4732.68,4496.56,4522.2378,126.18523278339616,0.2826221712854001,4749.0,4230.06,3,10,4,1.0204352103688679,1.0411460449954575,0.03923276079951426,-0.00016351389231004007,4629.62,-0.016713003179484875
2020-10-16,AMZN,4584.41,4668.77,4584.41,4629.62,3470594,4629.62,-0.0167130031794848,4613.703,4524.049599999999,4492.92055,0.2586302780799231,4747.158323034771,4480.2476769652285,47.732563245928205,13.507407009855342,14.808541626219359,-1.301134616364017,145.50000000000014,0.0335417988326225,4708.31,-0.0020744888257997,4555.51,0.0027391482940177,4564.98,-0.0200387959779041,4511.32,-0.0385843977575465,4496.56,4602.186,67.16689683178546,0.2924725883988373,4708.31,4552.51,4593.5470000000005,60.671911504063935,0.2596797541456955,4708.31,4511.32,4613.7029999999995,66.72766151738534,0.25863027807992234,4732.68,4496.56,4524.049599999999,127.07845588786776,0.28315434768502773,4749.0,4230.06,4,10,4,1.0034499403188708,1.0233353763404753,0.018221797901335823,0.009861683400915313,4780.83,0.032661427935770204
2020-10-19,AMZN,4761.8,4862.46,4699.19,4780.83,9367191,4780.83,0.0326614279357702,4621.1175,4531.671,4493.39345,0.2832663523434518,4774.037252450339,4468.1977475496615,55.54112595074784,26.43201879695971,17.13323706036743,9.298781736592279,149.40571428571442,-0.0167130031794848,4629.62,0.0335417988326225,4708.31,-0.0020744888257997,4555.51,0.0091303653919474,4552.51,0.0086999839877595,4535.68,4647.85,96.26206080285422,0.3531720892637111,4780.83,4555.51,4618.062,80.86079104788978,0.2991599064450677,4780.83,4511.32,4621.1175,76.45987622516945,0.28326635234345116,4780.83,4496.56,4531.671,130.8435540238011,0.2829299515033159,4780.83,4230.06,0,10,4,1.0345614453644523,1.0549817054236603,0.03415097378487967,0.003996387920533358,4784.46,0.0007592823840212315
2020-10-20,AMZN,4825.96,4859.07,4709.85,4784.46,1911952,4784.46,0.0007592823840212,4632.281,4537.5238,4493.51445,0.2760203084790659,4798.7762240061,4465.7857759939,52.61567993459626,36.546492205125105,21.015888089318967,15.530604115806138,152.90500000000014,0.0326614279357702,4780.83,-0.0167130031794848,4629.62,0.0335417988326225,4708.31,0.0027391482940177,4564.98,0.0181317906025115,4617.92,4691.746000000001,99.02789824091496,0.3560156291011486,4784.46,4555.51,4634.715999999999,96.47159906764475,0.2911206852856483,4784.46,4511.32,4632.281,83.24761200305001,0.2760203084790652,4784.46,4496.56,4537.5238,135.48726566995938,0.27952804116134483,4784.46,4230.06,1,10,4,1.0328518498767598,1.0544209156542486,0.03118847268029582,-0.008599325315583096,4629.83,-0.03231921679771599
2020-10-21,AMZN,4612.29,4743.96,4515.71,4629.83,2957312,4629.83,-0.0323192167977159,4634.9915,4538.6834,4492.6946,0.3024240654024097,4799.354215361642,4470.628784638358,47.83287562968333,31.719296246222257,23.156569720699625,8.562726525522631,164.00785714285726,0.0007592823840212,4784.46,0.0326614279357702,4780.83,-0.0167130031794848,4629.62,-0.0020744888257997,4555.51,0.0082569641743468,4656.05,4706.61,76.47671116106669,0.4663401714399088,4784.46,4629.62,4632.094,96.18322182169668,0.3404182686724581,4784.46,4511.32,4634.9915,82.18135768082072,0.30242406540240896,4784.46,4496.56,4538.6834,136.03406474050598,0.2869601395010903,4784.46,4230.06,2,10,4,0.9988864057245845,1.0200821674406677,0.049299866301775803,0.0038028831664956367,4615.79,-0.0030325087530211903
2020-10-22,AMZN,4602.91,4707.89,4523.69,4615.79,8541494,4615.79,-0.0030325087530211,4632.2465,4541.6172,4492.1582,0.2931923733488593,4795.931273850611,4468.561726149389,56.46338157880359,26.455831648833737,23.81642210632645,2.6394095425072877,159.8814285714287,-0.0323192167977159,4629.83,0.0007592823840212,4784.46,0.0326614279357702,4780.83,0.0335417988326225,4708.31,-0.0112713566220294,4603.57,4688.106,86.49875970216524,0.38320399935523025,4784.46,4615.79,4633.316000000001,95.85763659372711,0.3354999356279601,4784.46,4511.32,4632.2465,81.84238692530545,0.2931923733488585,4784.46,4496.56,4541.6172,136.08455435810689,0.28226677333406386,4784.46,4230.06,3,10,4,0.996447404083311,1.0163318035696587,0.03990649487952459,0.0027982298154857056,4697.09,0.01761345295171579
2020-10-23,AMZN,4694.57,4774.66,4619.51,4697.09,3929274,4697.09,0.0176134529517157,4634.2285,4545.9406,4492.10085,0.2998750827194682,4800.14302856976,4468.313971430241,58.36728769367759,28.516013726107303,24.75634043028262,3.7596732958246832,164.61142857142866,-0.0030325087530211,4615.79,-0.0323192167977159,4629.83,0.0007592823840212,4784.46,-0.0167130031794848,4629.62,-0.0200387959779041,4511.32,4701.6,80.1214727773594,0.38739322532046544,4784.46,4615.79,4651.893,87.19787727412258,0.324117895759216,4784.46,4552.51,4634.2285,82.95726428487994,0.2998750827194675,4784.46,4496.56,4545.9406,137.54289445080659,0.28475909264166177,4784.46,4230.06,4,10,4,1.013564609513533,1.0332493125842794,0.03303108946176603,0.0005367903769674113,4667.2,-0.006363514431275585
2020-10-26,AMZN,4672.96,4769.96,4564.45,4667.2,3015906,4667.2,-0.0063635144312755,4634.0425000000005,4551.0932,4491.48445,0.3007327518761834,4799.792094252101,4468.2929057479,52.70122124938297,27.42076021142293,25.289224386510682,2.1315358249122482,170.62785714285727,0.0176134529517157,4697.09,-0.0030325087530211,4615.79,-0.0323192167977159,4629.83,0.0326614279357702,4780.83,0.0091303653919474,4552.51,4678.874000000001,67.08467283972367,0.2857475276684333,4784.46,4615.79,4663.361999999999,79.91187657526062,0.32688015472791604,4784.46,4555.51,4634.0425000000005,82.87479712605061,0.3007327518761826,4784.46,4496.56,4551.0932,137.15504261990853,0.2826207762453264,4784.46,4230.06,0,10,4,1.0071551998064308,1.025511848449725,0.04403282482001118,-0.001232623433540836,4545.79,-0.02601345560507362
2020-10-27,AMZN,4573.86,4582.62,4508.96,4545.79,6384045,4545.79,-0.0260134556050736,4628.136,4554.2154,4490.845499999999,0.3147574282641688,4797.776183844325,4458.495816155676,44.46185682938293,16.56504010491517,23.54438753019158,-6.979347425276412,176.6200000000001,-0.0063635144312755,4667.2,0.0176134529517157,4697.09,-0.0030325087530211,4615.79,0.0007592823840212,4784.46,0.0027391482940177,4564.98,4631.14,57.383985570993254,0.3153845940372363,4697.09,4545.79,4661.443,82.71806453921054,0.35719817958937683,4784.46,4545.79,4628.136,84.8200919221621,0.314757428264168,4784.46,4496.56,4554.2154,135.16809461128165,0.28894297122022117,4784.46,4230.06,1,10,4,0.9822075237199203,0.9981499777105407,0.01620400414449054,-0.0061370483574035,4533.2,-0.002769595603844488
2020-10-28,AMZN,4505.12,4557.25,4505.12,4533.2,4089352,4533.2,-0.0027695956038444,4618.162,4557.6126,4491.00345,0.3091589157375575,4785.360775190677,4450.963224809324,46.3179044961139,6.866740419133748,20.208858107980014,-13.342117688846265,172.23642857142866,-0.0260134556050736,4545.79,-0.0063635144312755,4667.2,0.0176134529517157,4697.09,-0.0323192167977159,4629.83,-0.0020744888257997,4555.51,4611.814,72.27507059845489,0.24588912277827601,4697.09,4533.2,4659.212,86.12342355274978,0.3573176660401133,4784.46,4533.2,4618.162,83.59938759533813,0.3091589157375568,4784.46,4496.56,4557.6126,132.37866655316995,0.2886392757719813,4784.46,4230.06,2,10,4,0.9816026375859092,0.9946435552681692,0.011499602929495412,0.00623290833540365,4464.63,-0.015126180181770033
2020-10-29,AMZN,4497.83,4548.59,4380.68,4464.63,3479786,4464.63,-0.01512618018177,4607.5425,4560.2916,4490.19485,0.3107988910433085,4785.626235345864,4429.458764654135,47.49487600396516,-6.279867487607589,14.911112988862493,-21.19098047647008,172.8492857142858,-0.0027695956038444,4533.2,-0.0260134556050736,4545.79,-0.0063635144312755,4667.2,-0.0030325087530211,4615.79,0.0335417988326225,4708.31,4581.582,97.43227837842608,0.2572667159295298,4697.09,4464.63,4634.843999999999,103.424015930116,0.3085946381989509,4784.46,4464.63,4607.5425,89.04186767293214,0.3107988910433078,4784.46,4464.63,4560.2916,129.00482220629178,0.29028939938405157,4784.46,4230.06,3,10,4,0.9689829231090177,0.9790229203761929,0.037608939598569695,-0.007381337222614557,4505.18,0.009082499557634183
2020-10-30,AMZN,4528.39,4536.56,4473.8,4505.18,4319941,4505.18,0.0090824995576341,4607.9735,4560.585,4489.3707,0.2813215059229186,4784.964656873946,4430.982343126054,47.45879194559526,-13.273593141178026,9.27417176285439,-22.547764904032416,173.0092857142858,-0.01512618018177,4464.63,-0.0027695956038444,4533.2,-0.0260134556050736,4545.79,0.0176134529517157,4697.09,-0.0167130031794848,4629.62,4543.2,75.9958442943455,0.20952406506363982,4667.2,4464.63,4622.4,111.30821822509851,0.30865385763350595,4784.46,4464.63,4607.9735,88.49557843697326,0.2813215059229178,4784.46,4464.63,4560.585,128.8594770179287,0.27897799900959663,4784.46,4230.06,4,10,4,0.9776922545233869,0.9878513392468317,0.013930630962577805,-0.005125441934107907,4569.19,0.014208089354920128
2020-11-02,AMZN,4589.54,4602.59,4535.8,4569.19,3074218,4569.19,0.0142080893549201,4609.649,4562.850799999999,4488.60575,0.2841820876161461,4784.378592215482,4434.919407784519,50.21418614281485,-13.495530982110722,4.720231213861368,-18.21576219597209,164.3621428571429,0.0090824995576341,4505.18,-0.01512618018177,4464.63,-0.0027695956038444,4533.2,-0.0063635144312755,4667.2,0.0326614279357702,4780.83,4523.598,40.2484828286737,0.26474136426391487,4569.19,4464.63,4601.236,97.04395638633416,0.2597318120242413,4784.46,4464.63,4609.649,87.36479610774084,0.2841820876161452,4784.46,4464.63,4562.850799999999,127.97415877285448,0.2801128875202756,4784.46,4230.06,0,11,4,0.9912229759790838,1.0013893068778401,0.01461747049257863,-0.004433995563824681,4483.98,-0.0186488195938449
2020-11-03,AMZN,4446.93,4573.19,4394.78,4483.98,2662586,4483.98,-0.0186488195938449,4602.951999999999,4564.683,4487.8636,0.2839401747548421,4786.396720668247,4419.507279331751,46.62125778140183,-20.31299759843023,-0.2864145485969516,-20.026583049833278,163.8914285714286,0.0142080893549201,4569.19,0.0090824995576341,4505.18,-0.01512618018177,4464.63,-0.0260134556050736,4545.79,0.0007592823840212,4784.46,4511.236,41.209123140511316,0.22914871663577552,4569.19,4464.63,4571.188,78.81545079770811,0.2671135473103525,4697.09,4464.63,4602.951999999999,91.72236033412409,0.28394017475484135,4784.46,4464.63,4564.683,126.12602479908632,0.28148529503849573,4784.46,4230.06,1,11,4,0.9741531087004657,0.9823201304447684,0.0397883130611555,0.008331590557978412,4428.21,-0.012437611229309531
2020-11-04,AMZN,4385.85,4474.31,4382.11,4428.21,3822312,4428.21,-0.0124376112293095,4591.56,4566.5812,4486.52865,0.2841856635740359,4788.89308843038,4394.226911569619,35.43421736817878,-29.871719333741567,-6.203475505625875,-23.668243828115692,153.65642857142862,-0.0186488195938449,4483.98,0.0142080893549201,4569.19,0.0090824995576341,4505.18,-0.0027695956038444,4533.2,-0.0323192167977159,4629.83,4490.237999999999,52.438265322276315,0.23950941633777234,4569.19,4428.21,4551.026,87.46150863857069,0.22887279605978458,4697.09,4428.21,4591.5599999999995,98.6665442151904,0.28418566357403513,4784.46,4428.21,4566.5812,123.25413942027244,0.28123552368251165,4784.46,4230.06,2,11,4,0.9644238559441747,0.9696991701360813,0.0208210541053789,0.009658333048323588,4489.78,0.013904037974711958
2020-11-05,AMZN,4498.22,4568.67,4410.88,4489.78,2669511,4489.78,0.0139040379747119,4585.8705,4568.0506,4485.380550000001,0.2877360291578044,4788.242836415614,4383.498163584386,42.59620068129741,-32.108760928828815,-11.384532590266463,-20.72422833856235,156.07714285714286,-0.0124376112293095,4428.21,-0.0186488195938449,4483.98,0.0142080893549201,4569.19,-0.01512618018177,4464.63,-0.0030325087530211,4615.79,4495.267999999999,50.53964354850098,0.2475474781345538,4569.19,4428.21,4538.425,86.16165959018404,0.24669756716818708,4697.09,4428.21,4585.8705,101.1861682078071,0.2877360291578037,4784.46,4428.21,4568.0506,121.85610410555128,0.2796949849159846,4784.46,4230.06,3,11,4,0.979046399151267,0.9828656451395299,0.03514426096600831,-0.001876297735548424,4421.73,-0.015156644646285633
2020-11-06,AMZN,4453.85,4524.97,4318.5,4421.73,4017145,4421.73,-0.0151566446462856,4581.3910000000005,4570.7308,4484.5513,0.2839700761258459,4794.398131276716,4368.383868723286,29.151668562727124,-38.924007068240826,-16.892427485861337,-22.03157958237949,154.19357142857143,0.0139040379747119,4489.78,-0.0124376112293095,4428.21,-0.0186488195938449,4483.98,0.0090824995576341,4505.18,0.0176134529517157,4697.09,4478.5779999999995,59.44289587502645,0.2586183819875011,4569.19,4421.73,4510.889,72.7822567587064,0.22522453792860678,4667.2,4421.73,4581.3910000000005,106.50356563835729,0.2839700761258452,4784.46,4421.73,4570.7308,116.9390120452086,0.27379065900331456,4784.46,4230.06,4,11,4,0.9651501039747609,0.967401099185065,0.04669439337090993,-0.00721173815911932,4337.25,-0.019105644170946623
2020-11-09,AMZN,4344.58,4386.39,4288.11,4337.25,4609212,4337.25,-0.0191056441709466,4570.628,4572.8746,4482.69955,0.2884593700280084,4809.912482845262,4331.343517154737,26.26450263741789,-50.55915424791419,-23.625772838271907,-26.933381409642287,153.07928571428576,-0.0151566446462856,4421.73,0.0139040379747119,4489.78,-0.0124376112293095,4428.21,0.0142080893549201,4569.19,-0.0063635144312755,4667.2,4432.19,61.51761495708651,0.21899247221002008,4489.78,4337.25,4477.894,68.72326586471597,0.2347880693509917,4569.19,4337.25,4570.628,119.64224142263126,0.2884593700280077,4784.46,4337.25,4572.8746,111.41838693762747,0.2755894955118857,4784.46,4337.25,0,11,4,0.9489396205508414,0.9484734175739372,0.022659519280645107,-0.001687159633381878,4247.0,-0.02080811574154129
2020-11-10,AMZN,4222.64,4286.68,4207.32,4247.0,5626674,4247.0,-0.0208081157415412,4554.729,4570.9648,4480.3248,0.2950779662388028,4834.435113129663,4275.022886870338,28.19104695234684,-66.29826780181247,-32.16027183098002,-34.13799597083245,143.1635714285715,-0.0191056441709466,4337.25,-0.0151566446462856,4421.73,0.0139040379747119,4489.78,-0.0186488195938449,4483.98,-0.0260134556050736,4545.79,4384.794,94.23228708891376,0.22464901586696495,4489.78,4247.0,4448.015,95.61532388227528,0.2243345436798263,4569.19,4247.0,4554.729,139.85305656483106,0.295077966238802,4784.46,4247.0,4570.9648,116.16522492811363,0.2731815167855779,4784.46,4247.0,1,11,4,0.9324374732281694,0.9291255097827642,0.018686131386857048,0.005768902866451769,4274.8,0.006545797033199907
2020-11-11,AMZN,4239.79,4305.29,4239.79,4274.8,6280592,4274.8,0.0065457970331999,4540.6935,4569.2124,4478.25235,0.2971860142323518,4847.129172327383,4234.257827672618,30.87441808241377,-75.65628249159818,-40.85947396310365,-34.79680852849452,134.685,-0.0208081157415412,4247.0,-0.0191056441709466,4337.25,-0.0151566446462856,4421.73,-0.0124376112293095,4428.21,-0.0027695956038444,4533.2,4354.112,101.27401083203372,0.2540144683027785,4489.78,4247.0,4422.175,104.53628155388138,0.23357159597217653,4569.19,4247.0,4540.6935,153.21783616369098,0.29718601423235097,4784.46,4247.0,4569.2124,119.97386828664182,0.2733967942449077,4784.46,4247.0,2,11,4,0.9414420946930371,0.9355660507266118,0.015322354262184118,0.008257484450878925,4299.46,0.005768690932909104
2020-11-12,AMZN,4316.63,4332.18,4266.75,4299.46,3400762,4299.46,0.0057686909329091,4520.250999999999,4567.634800000001,4476.4578,0.2666663032129459,4834.065828196161,4206.436171803837,26.184401240561783,-80.15870103782254,-48.71931937804743,-31.43938165977511,128.01071428571433,0.0065457970331999,4274.8,-0.0208081157415412,4247.0,-0.0191056441709466,4337.25,0.0139040379747119,4489.78,-0.01512618018177,4464.63,4316.048,67.75395833459623,0.2156595523239837,4421.73,4247.0,4405.658,109.98936249575884,0.23364865924477626,4569.19,4247.0,4520.250999999999,156.90741409808115,0.26666630321294504,4784.46,4247.0,4567.634800000001,123.01504534226075,0.27359399825503883,4784.46,4247.0,3,11,4,0.9511551460303972,0.9412880381765761,0.015218190191322879,-0.003977639964508446,4247.65,-0.012050350509133834
2020-11-13,AMZN,4266.49,4274.17,4221.12,4247.65,4884467,4247.65,-0.0120503505091338,4501.152499999999,4561.5778,4475.22975,0.2643135135828562,4832.920798468099,4169.3842015319,25.51445612928549,-86.90573891833628,-56.3566032861052,-30.549135632231085,118.9271428571429,0.0057686909329091,4299.46,0.0065457970331999,4274.8,-0.0208081157415412,4247.0,-0.0151566446462856,4421.73,0.0090824995576341,4505.18,4281.232000000001,38.115703719144165,0.21073685858664973,4337.25,4247.0,4379.905000000001,114.16784342459755,0.22530051747035953,4569.19,4247.0,4501.152499999999,165.88414923404994,0.26431351358285543,4784.46,4247.0,4561.5778,131.06819194582005,0.2593496793559667,4784.46,4247.0,4,11,4,0.9436805351516209,0.931179996535205,0.012489258766609229,-0.004415807842042458,4248.84,0.000280154909185093
2020-11-16,AMZN,4221.01,4277.53,4220.14,4248.84,4871021,4248.84,0.000280154909185,4474.553,4555.123,4473.7621500000005,0.2268072886388764,4797.08407366251,4152.02192633749,29.840735359441467,-91.10657214189268,-63.30659705726269,-27.799975084629992,111.72357142857143,-0.0120503505091338,4247.65,0.0057686909329091,4299.46,0.0065457970331999,4274.8,-0.0191056441709466,4337.25,0.0142080893549201,4569.19,4263.55,23.23352749810621,0.18987594701716595,4299.46,4247.0,4347.87,99.10459065497461,0.20015075147359873,4489.78,4247.0,4474.553,161.26553683125505,0.22680728863887553,4784.46,4247.0,4555.123,138.31244882137992,0.25902623024516047,4784.46,4247.0,0,11,4,0.9495563020482829,0.9327607618936015,0.013507216087211074,0.00659320873440085,4368.07,0.02806177686144906
2020-11-17,AMZN,4326.85,4427.65,4308.49,4368.07,4560452,4368.07,0.028061776861449,4453.7335,4552.194,4472.7791,0.2560711094261786,4744.196702871038,4163.270297128963,40.20755500140791,-83.84834663736274,-67.4149469732827,-16.433399664080042,120.77214285714282,0.000280154909185,4248.84,-0.0120503505091338,4247.65,0.0057686909329091,4299.46,-0.0208081157415412,4247.0,-0.0186488195938449,4483.98,4287.764,49.69438127198769,0.23075667675753195,4368.07,4247.65,4336.279,87.51766430588033,0.25498960567521295,4489.78,4247.0,4453.7335,145.23160143551897,0.2560711094261777,4697.09,4247.0,4552.194,140.71955106895604,0.2659508540578635,4784.46,4247.0,1,11,4,0.9807659124640076,0.9595526904167615,0.02727978260421023,0.009526560893026061,4292.96,-0.01719523725581318
2020-11-18,AMZN,4285.08,4341.97,4243.95,4292.96,3301941,4292.96,-0.0171952372558131,4436.89,4548.2032,4471.4958,0.2392929334146181,4723.399378628522,4150.380621371479,39.89808047575164,-83.19784692142366,-70.5715269629109,-12.626319958512767,117.64428571428569,0.028061776861449,4368.07,0.000280154909185,4248.84,-0.0120503505091338,4247.65,0.0065457970331999,4274.8,-0.0124376112293095,4428.21,4291.396,49.170880915494564,0.2814059351419151,4368.07,4247.65,4322.754,82.00951492222715,0.2612236692527399,4489.78,4247.0,4436.89,143.2546893142608,0.23929293341461716,4697.09,4247.0,4548.2032,145.20500493759207,0.2684146330388282,4784.46,4247.0,2,11,4,0.9675606111485819,0.9438804317272051,0.022832730796461555,0.0018389388296130456,4145.54,-0.034339942603704654
2020-11-19,AMZN,4152.4,4224.85,4066.23,4145.54,2651345,4145.54,-0.0343399426037046,4413.3775,4543.0652,4468.9415,0.2628462670208251,4714.861225169537,4111.893774830463,31.20138830764733,-93.50007253518743,-75.1572360773662,-18.34283645782122,128.70142857142852,-0.0171952372558131,4292.96,0.028061776861449,4368.07,0.000280154909185,4248.84,0.0057686909329091,4299.46,0.0139040379747119,4489.78,4260.611999999999,80.84208909970805,0.36882518347611376,4368.07,4145.54,4288.33,76.14827947280212,0.28510941251166644,4421.73,4145.54,4413.3775,150.74186258476877,0.26284626702082414,4697.09,4145.54,4543.0652,154.70254337759815,0.27551829271204703,4784.46,4145.54,3,11,4,0.9393123520476235,0.9124984602904416,0.038262807740357604,-0.0016520566419415328,4180.42,0.00841386164408009
2020-11-20,AMZN,4197.65,4274.08,4086.76,4180.42,4889524,4180.42,0.00841386164408,4387.544,4536.594599999999,4467.1301,0.2541271635360839,4674.8795248632105,4100.208475136789,29.040466665509456,-97.72363878488522,-79.67051661887001,-18.053122166015214,135.12357142857135,-0.0343399426037046,4145.54,-0.0171952372558131,4292.96,0.028061776861449,4368.07,-0.0120503505091338,4247.65,-0.0151566446462856,4421.73,4247.165999999999,88.74196064999273,0.3797921403586223,4368.07,4145.54,4264.199,66.84393157033135,0.29253590387224593,4368.07,4145.54,4387.544,143.6677624316053,0.25412716353608295,4667.2,4145.54,4536.594599999999,162.91972973074363,0.2708493506966394,4784.46,4145.54,4,11,4,0.9527927241297288,0.921488554432234,0.04480889480003322,-0.004104677617237135,4172.91,-0.0017964702111271658
2020-11-23,AMZN,4198.77,4259.27,4086.55,4172.91,2020912,4172.91,-0.0017964702111271,4362.8295,4529.0202,4465.5196000000005,0.2544828656417847,4633.428149662083,4092.2308503379168,31.69595047786504,-100.51812927926494,-83.840039150949,-16.678090128315944,134.71714285714282,0.00841386164408,4180.42,-0.0343399426037046,4145.54,-0.0171952372558131,4292.96,0.000280154909185,4248.84,-0.0191056441709466,4337.25,4231.98,94.68186283552184,0.37896265010763436,4368.07,4145.54,4247.765,67.08988170938429,0.28263736363417463,4368.07,4145.54,4362.8295,135.29932483104162,0.2544828656417838,4569.19,4145.54,4529.0202,170.8186128735053,0.26946669968781795,4784.46,4145.54,0,11,4,0.9564687320462657,0.9213714701469157,0.04139078005515548,-0.0061589465486307695,4120.69,-0.012514048949054835
2020-11-24,AMZN,4129.8,4185.03,4056.35,4120.69,3593614,4120.69,-0.0125140489490548,4341.574500000001,4518.5228,4463.9851,0.2443305105663153,4618.373393782007,4064.7756062179938,31.82892528723721,-105.72773716769098,-88.21757875429739,-17.510158413393583,136.6321428571428,-0.0017964702111271,4172.91,0.00841386164408,4180.42,-0.0343399426037046,4145.54,0.028061776861449,4368.07,-0.0208081157415412,4247.0,4182.504,66.11396168740505,0.2566872147071995,4292.96,4120.69,4235.134,78.21730331441513,0.271434751488469,4368.07,4120.69,4341.574500000001,138.3994468910034,0.24433051056631433,4569.19,4120.69,4518.5228,179.42158673890435,0.26565161780486735,4784.46,4120.69,1,11,4,0.9491234113336185,0.9119551194915045,0.031227779813567294,-0.002205917962128523,4170.13,0.011997990627783395
2020-11-25,AMZN,4137.67,4199.52,4137.67,4170.13,1440286,4170.13,0.0119979906277833,4323.421,4506.9454,4462.80445,0.2514645144557013,4594.875415744824,4051.9665842551767,30.837479766882467,-104.66053266810832,-91.50616953705958,-13.15436313104874,130.99214285714288,-0.0125140489490548,4120.69,-0.0017964702111271,4172.91,0.00841386164408,4180.42,-0.0171952372558131,4292.96,0.0065457970331999,4274.8,4157.938,24.59354529146217,0.29638193152481457,4180.42,4120.69,4224.6669999999995,79.31517047689695,0.27803709800223564,4368.07,4120.69,4323.421,135.72720787241178,0.2514645144557002,4569.19,4120.69,4506.9454,182.88890223310102,0.2617480304481349,4784.46,4120.69,2,11,4,0.9645440497233637,0.9252674771695869,0.014831671914301358,0.007844994888425657,4234.39,0.015409591547505874
2020-11-26,AMZN,4249.86,4315.67,4153.11,4234.39,2343705,4234.39,0.0154095915475058,4311.909000000001,4497.340999999999,4461.9142,0.256920112495244,4577.616254255893,4046.201745744108,38.71799195367475,-97.50553731751552,-92.70604309315077,-4.79949422436475,127.85571428571431,0.0119979906277833,4170.13,-0.0125140489490548,4120.69,-0.0017964702111271,4172.91,-0.0343399426037046,4145.54,0.0057686909329091,4299.46,4175.7080000000005,40.409476858820966,0.1809076058694229,4234.39,4120.69,4218.16,75.05198183778516,0.28986767560508025,4368.07,4120.69,4311.909000000001,132.85362712794623,0.25692011249524294,4569.19,4120.69,4497.340999999999,184.36425859126405,0.26454597933873747,4784.46,4120.69,3,11,4,0.9820221159581562,0.9415318962913996,0.03839041750995113,-0.003640119909831313,4070.15,-0.038787168872021716
2020-11-27,AMZN,4109.56,4120.03,4020.26,4070.15,2816347,4070.15,-0.0387871688720217,4290.157499999999,4486.024200000001,4460.02715,0.2831063952849123,4560.433311630685,4019.881688369313,35.32449836212993,-103.89036389676676,-94.94290725387397,-8.947456642892789,133.6064285714286,0.0154095915475058,4234.39,0.0119979906277833,4170.13,-0.0125140489490548,4120.69,0.00841386164408,4180.42,-0.0120503505091338,4247.65,4153.654,61.68487886024514,0.34722053977175293,4234.39,4070.15,4200.41,87.29380454025701,0.34354630873065845,4368.07,4070.15,4290.157499999999,135.13790581534315,0.2831063952849113,4569.19,4070.15,4486.024200000001,192.85100094015823,0.2752892781710925,4784.46,4070.15,4,11,4,0.9487180831936943,0.907295595953114,0.02451261010035871,-0.009589834434827745,4023.37,-0.011493433902927452
2020-11-30,AMZN,4056.01,4056.01,3996.36,4023.37,6202696,4023.37,-0.0114934339029274,4262.866499999999,4473.8408,4458.0405,0.2746572553709763,4524.602919707015,4001.130080292984,37.09653222489258,-111.44052302413729,-98.24243040792663,-13.198092616210658,129.5964285714286,-0.0387871688720217,4070.15,0.0154095915475058,4234.39,0.0119979906277833,4170.13,-0.0017964702111271,4172.91,0.000280154909185,4248.84,4123.746,82.69035905111592,0.3481644808607057,4234.39,4023.37,4177.862999999999,101.37712837059553,0.34447681205790753,4368.07,4023.37,4262.866499999999,130.86820985350772,0.27465725537097535,4489.78,4023.37,4473.8408,202.41118924097947,0.2760030966831346,4784.46,4023.37,0,11,4,0.9438179684958599,0.8993100514437394,0.014825879797280703,-0.008047317437578378,4195.55,0.0427949703855226
2020-12-01,AMZN,4226.73,4287.22,4103.88,4195.55,5267403,4195.55,0.0427949703855226,4248.445,4466.528,4457.25695,0.3204869554277562,4489.881061798639,4007.0089382013607,46.08034186279454,-102.35075569630317,-99.06409546560195,-3.286660230701216,143.76428571428576,-0.0114934339029274,4023.37,-0.0387871688720217,4070.15,0.0154095915475058,4234.39,-0.0125140489490548,4120.69,0.028061776861449,4368.07,4138.718000000001,88.56699904593579,0.48734890761444377,4234.39,4023.37,4160.611,77.21090272034444,0.38935503181140885,4292.96,4023.37,4248.445,120.71803089931956,0.3204869554277554,4489.78,4023.37,4466.528,205.7681586898244,0.29261669823467495,4784.46,4023.37,1,12,4,0.9875495622513678,0.939331400138779,0.04369868074506475,-0.0073768610722691075,4240.63,0.010744717617475752
2020-12-02,AMZN,4223.86,4290.52,4190.75,4240.63,3205026,4240.63,0.0107447176174757,4239.066000000001,4459.8282,4456.02405,0.3221131963994104,4465.186751569865,4012.945248430136,47.147912929015305,-90.46662738308532,-97.34460184909864,6.877974466013313,146.21714285714293,0.0427949703855226,4195.55,-0.0114934339029274,4023.37,-0.0387871688720217,4070.15,0.0119979906277833,4170.13,-0.0171952372558131,4292.96,4152.818,99.72680843185084,0.48613030535370555,4240.63,4023.37,4155.378,68.52951607398779,0.3876004656568094,4240.63,4023.37,4239.066000000001,113.06037578493226,0.3221131963994096,4489.78,4023.37,4459.8282,207.58920862486758,0.2937313289100636,4784.46,4023.37,2,12,4,1.0003689491975352,0.9508505282779837,0.023527164595821114,0.003970302045995006,4293.36,0.012434473179692596
2020-12-03,AMZN,4314.9,4333.57,4253.16,4293.36,5355061,4293.36,0.0124344731796925,4229.245000000001,4452.281599999999,4454.055,0.3211938103692521,4424.467739562018,4034.0222604379833,52.21405252430954,-75.91836015896206,-93.05935351107132,17.140993352109263,147.26000000000002,0.0107447176174757,4240.63,0.0427949703855226,4195.55,-0.0114934339029274,4023.37,0.0154095915475058,4234.39,-0.0343399426037046,4145.54,4164.612,114.21943319769747,0.4820704429320185,4293.36,4023.37,4170.16,80.98272929733828,0.3434030200059602,4293.36,4023.37,4229.245000000001,97.61136978100868,0.32119381036925126,4421.73,4023.37,4452.281599999999,206.6235906119542,0.2910840558395104,4784.46,4023.37,3,12,4,1.0151599162495868,0.9643055821085161,0.018728920938374867,-0.004992004449696394,4385.79,0.021528592990105677
2020-12-04,AMZN,4416.59,4484.16,4287.43,4385.79,5705003,4385.79,0.0215285929901056,4227.447999999999,4446.8484,4452.4832,0.3276557060642973,4415.749487441351,4039.146512558648,56.0947388089244,-56.2816452664556,-85.70381186214819,29.422166595692588,157.2128571428572,0.0124344731796925,4293.36,0.0107447176174757,4240.63,0.0427949703855226,4195.55,-0.0387871688720217,4070.15,0.00841386164408,4180.42,4227.74,134.4016666563498,0.31163912624580475,4385.79,4023.37,4190.697,106.03834086992232,0.3545516855448703,4385.79,4023.37,4227.447999999999,94.15074372067595,0.3276557060642964,4385.79,4023.37,4446.8484,204.6810948605046,0.29562079526449664,4784.46,4023.37,4,12,4,1.0374556943098916,0.986269286805238,0.04485622886639686,-0.0069737059586679325,4387.97,0.0004970598227458378
2020-12-07,AMZN,4403.62,4489.08,4286.86,4387.97,3751022,4387.97,0.0004970598227458,4229.984,4441.1894,4451.2359,0.3199565110975494,4425.730934199274,4034.237065800725,50.98861355571626,-40.08146527641202,-76.57934254500096,36.49787726858894,158.88500000000008,0.0215285929901056,4385.79,0.0124344731796925,4293.36,0.0107447176174757,4240.63,-0.0114934339029274,4023.37,-0.0017964702111271,4172.91,4300.660000000001,85.98714438801937,0.25304887993750513,4387.97,4195.55,4212.2029999999995,122.55264012297884,0.3535002602321498,4387.97,4023.37,4229.9839999999995,97.87346709963728,0.31995651109754863,4387.97,4023.37,4441.1894,202.25668421039822,0.2955062041563784,4784.46,4023.37,0,12,4,1.0373490774430736,0.9880168587268563,0.046085091739449933,-0.0035538942960555366,4452.18,0.014633190290726628
2020-12-08,AMZN,4429.97,4504.63,4399.74,4452.18,2299158,4452.18,0.0146331902907266,4240.243,4436.9546,4449.6811,0.3129030397261049,4459.803169055737,4020.682830944264,57.99650447907514,-21.810082489039814,-65.62549053380873,43.815408044768915,158.35214285714295,0.0004970598227458,4387.97,0.0215285929901056,4385.79,0.0124344731796925,4293.36,0.0427949703855226,4195.55,-0.0125140489490548,4120.69,4351.986,84.13317258969384,0.12084574353779326,4452.18,4240.63,4245.352000000001,138.80366460100296,0.34133750143413005,4452.18,4023.37,4240.243,109.78008452786837,0.31290303972610417,4452.18,4023.37,4436.9546,199.69853533035973,0.29760019475990135,4784.46,4023.37,1,12,4,1.0499822769588794,1.0034314978113583,0.02355924513383932,0.005013577970052849,4510.95,0.013200274921499
2020-12-09,AMZN,4551.89,4565.51,4456.38,4510.95,3680797,4510.95,0.013200274921499,4252.050499999999,4432.52,4449.02795,0.3149161479848127,4502.641979123828,4001.459020876172,70.14587996495564,-2.558143467719674,-53.01202112059092,50.45387765287125,150.25214285714293,0.0146331902907266,4452.18,0.0004970598227458,4387.97,0.0215285929901056,4385.79,0.0107447176174757,4240.63,0.0119979906277833,4170.13,4406.05,81.49904447297716,0.12053726205284564,4510.95,4293.36,4279.433999999999,158.69825905367554,0.3417872270078816,4510.95,4023.37,4252.050499999999,125.29573956191403,0.314916147984812,4510.95,4023.37,4432.52,195.41344285634122,0.2972068853522087,4784.46,4023.37,2,12,4,1.0608881526686804,1.0176942236016941,0.024192243319029454,-0.008994066201070655,4555.79,0.009940256486992816
2020-12-10,AMZN,4551.31,4631.38,4480.19,4555.79,3846399,4555.79,0.0099402564869928,4264.867,4430.0954,4448.734100000001,0.3157707384390453,4549.566728955549,3980.167271044452,70.4701866120752,16.13141722952787,-39.18333345056717,55.31475068009504,147.67142857142872,0.013200274921499,4510.95,0.0146331902907266,4452.18,0.0004970598227458,4387.97,0.0124344731796925,4293.36,0.0154095915475058,4234.39,4458.536,75.02917352609815,0.1218621982505989,4555.79,4385.79,4311.574,179.71586142822648,0.3396062048253882,4555.79,4023.37,4264.867,142.34986447777425,0.3157707384390446,4555.79,4023.37,4430.0954,193.05574839564144,0.29707916240358817,4784.46,4023.37,3,12,4,1.068213850513728,1.0283728878612797,0.0331863408980588,0.000984331983538493,4530.31,-0.005592882902855423
2020-12-11,AMZN,4496.77,4619.41,4441.2,4530.31,2443209,4530.31,-0.0055928829028554,4279.000000000001,4430.7704,4448.595899999999,0.3124795548515458,4587.195058466474,3970.804941533529,69.11557057788754,28.55780903244795,-25.635104953964145,54.192913986412094,148.06357142857155,0.0099402564869928,4555.79,0.013200274921499,4510.95,0.0146331902907266,4452.18,0.0215285929901056,4385.79,-0.0387871688720217,4070.15,4487.4400000000005,67.45336907827463,0.13865103858342043,4555.79,4387.97,4357.59,169.66152087809115,0.23867412628179335,4555.79,4023.37,4279.000000000001,154.09752923323623,0.3124795548515451,4555.79,4023.37,4430.7704,193.3516527370589,0.28419771426495455,4784.46,4023.37,4,12,4,1.058731011918425,1.022465528793588,0.039337263895839504,0.007458687013121084,4545.22,0.0032911655052303423
2020-12-14,AMZN,4509.74,4573.68,4509.74,4545.22,4632575,4545.22,0.0032911655052303,4293.819,4430.9612,4448.99875,0.3122621517626948,4623.650321923949,3963.987678076051,73.64990585158036,39.15754267824104,-12.676575427523108,51.83411810576415,143.4392857142859,-0.0055928829028554,4530.31,0.0099402564869928,4555.79,0.013200274921499,4510.95,0.0004970598227458,4387.97,-0.0114934339029274,4023.37,4518.890000000001,40.92237468684554,0.13225611339438448,4555.79,4452.18,4409.775,131.37501506501613,0.2096644845171558,4555.79,4195.55,4293.819,164.91566096197462,0.312262151762694,4555.79,4023.37,4430.9612,193.46196618918376,0.2836350396199385,4784.46,4023.37,0,12,4,1.0585495103540556,1.0257864591545,0.014067525884332646,0.007867415859892722,4498.18,-0.010349334025635759
2020-12-15,AMZN,4511.45,4574.05,4422.31,4498.18,4473714,4498.18,-0.0103493340256357,4300.324500000001,4428.5664,4449.27445,0.3018846394407737,4641.2674975801565,3959.3815024198448,68.32415403242375,43.2634588659339,-1.4885685688317079,44.75202743476561,148.64714285714294,0.0032911655052303,4545.22,-0.0055928829028554,4530.31,0.0099402564869928,4555.79,0.0146331902907266,4452.18,0.0427949703855226,4195.55,4528.090000000001,23.7383813688036,0.15879883320307597,4555.79,4498.18,4440.0380000000005,109.59478543961497,0.15657873522607213,4555.79,4240.63,4300.324500000001,170.47149879007785,0.30188463944077293,4555.79,4023.37,4428.5664,191.8347027910429,0.28157345139002565,4784.46,4023.37,1,12,4,1.0460094348691484,1.015719217848689,0.03373364338465024,-0.002941404648172225,4500.06,0.0004179468140448339
2020-12-16,AMZN,4494.46,4608.32,4391.81,4500.06,4779382,4500.06,0.0004179468140448,4310.6795,4425.446599999999,4449.89835,0.2936710470286576,4663.068525366771,3958.29047463323,65.95136595506057,46.137285407676245,8.036602226469883,38.100683181206364,152.5007142857143,-0.0103493340256357,4498.18,0.0032911655052303,4545.22,-0.0055928829028554,4530.31,0.013200274921499,4510.95,0.0107447176174757,4240.63,4525.912,26.08747726421073,0.12478230908400863,4555.79,4498.18,4465.981000000001,85.11942622639452,0.15829610441848346,4555.79,4293.36,4310.6795,176.1945126833851,0.2936710470286569,4555.79,4023.37,4425.446599999999,189.31148048466355,0.2808872237551472,4784.46,4023.37,2,12,4,1.0439328648763972,1.0168600836803643,0.048112691830764734,0.001245978382274871,4407.23,-0.02062861384070458
2020-12-17,AMZN,4371.49,4452.37,4362.09,4407.23,4472124,4407.23,-0.0206286138407045,4323.764,4421.5198,4450.049,0.2742345025393174,4669.709685265302,3977.818314734698,72.13728426063261,40.457835713512395,14.520848923878386,25.93698678963401,147.0607142857143,0.0004179468140448,4500.06,-0.0103493340256357,4498.18,0.0032911655052303,4545.22,0.0099402564869928,4555.79,0.0124344731796925,4293.36,4496.2,53.621202429730474,0.15038042562813536,4545.22,4407.23,4477.368,64.60554083564416,0.20172253783926375,4555.79,4385.79,4323.764,172.9728426326509,0.27423450253931675,4555.79,4023.37,4421.5198,187.56962824168463,0.2835012123243209,4784.46,4023.37,3,12,4,1.0193040138173544,0.9967681248422776,0.02048452202403307,0.008175702106144954,4345.77,-0.013945267208654633
2020-12-18,AMZN,4366.66,4446.49,4245.05,4345.77,5356075,4345.77,-0.0139452672086546,4332.0315,4418.2088,4449.8775,0.280027739015565,4671.393815947511,3992.669184052489,70.77266049716401,30.64427443502518,17.745534026107748,12.898740408917433,156.17857142857142,-0.0206286138407045,4407.23,0.0004179468140448,4500.06,-0.0103493340256357,4498.18,-0.0055928829028554,4530.31,0.0215285929901056,4385.79,4459.2919999999995,80.86350208845367,0.15842824424608584,4545.22,4345.77,4473.366,71.7528370635343,0.18704936322726035,4555.79,4345.77,4332.0315,169.68115797375555,0.2800277390155643,4555.79,4023.37,4418.2088,187.4132031334074,0.2816894384561039,4784.46,4023.37,4,12,4,1.0031713758311769,0.9836044869583837,0.04635312039062196,-0.004783976769428953,4324.56,-0.004880608039541934
2020-12-21,AMZN,4350.45,4428.36,4220.75,4324.56,3723124,4324.56,-0.0048806080395419,4339.614,4413.6498,4449.83945,0.2808082449464351,4670.681968051076,4008.5460319489225,60.3199744006968,20.914398511024956,18.379306923091193,2.5350915879337634,152.16142857142853,-0.0139452672086546,4345.77,-0.0206286138407045,4407.23,0.0004179468140448,4500.06,0.0032911655052303,4545.22,0.0004970598227458,4387.97,4415.16,82.44171789821263,0.12879914783925656,4500.06,4324.56,4467.025,82.1819746727383,0.18790815414399423,4555.79,4324.56,4339.614,165.5339840255385,0.2808082449464344,4555.79,4023.37,4413.6498,186.85123341996066,0.2809573549664703,4784.46,4023.37,0,12,4,0.9965310278745999,0.9798149368350475,0.04800719610780094,-0.005951108506015117,4252.52,-0.01665834212035444
2020-12-22,AMZN,4271.69,4296.67,4208.36,4252.52,4336243,4252.52,-0.0166583421203544,4346.2055,4407.400600000001,4449.58115,0.2840036903902215,4663.900218440925,4028.510781559075,50.91179583025912,7.306154997793783,16.164676538031713,-8.85852154023793,153.33499999999998,-0.0048806080395419,4324.56,-0.0139452672086546,4345.77,-0.0206286138407045,4407.23,-0.0103493340256357,4498.18,0.0146331902907266,4452.18,4366.028,93.10777287642279,0.13773400673773475,4500.06,4252.52,4447.059,106.76584040163004,0.1786169801507374,4555.79,4252.52,4346.2055,158.8473592204624,0.2840036903902208,4555.79,4023.37,4407.400600000001,186.91180644736664,0.2830417397039906,4784.46,4023.37,1,12,4,0.978444300436098,0.9648589692525418,0.020766510210411617,-0.0044876852018743574,4214.83,-0.008862980068289006
2020-12-23,AMZN,4189.73,4299.48,4130.18,4214.83,3411657,4214.83,-0.008862980068289,4348.4405,4400.587,4449.219599999999,0.2836514853965742,4661.514973364768,4035.3660266352313,43.835659449246144,-6.44544496269009,11.642652237887354,-18.088097200577444,158.78928571428565,-0.0166583421203544,4252.52,-0.0048806080395419,4324.56,-0.0139452672086546,4345.77,0.0004179468140448,4500.06,0.013200274921499,4510.95,4308.982000000001,76.32374643586688,0.0989811174264981,4407.23,4214.83,4417.447,126.34610542738015,0.14925229296269935,4555.79,4214.83,4348.4405,156.53723668238413,0.28365148539657353,4555.79,4023.37,4400.587,187.6106982312195,0.28355186857308756,4784.46,4023.37,2,12,4,0.9692739270547752,0.9577881314467913,0.040167693596173296,0.005990839505169635,4203.2,-0.0027593046457390358
2020-12-24,AMZN,4219.15,4244.29,4162.11,4203.2,3166081,4203.2,-0.002759304645739,4346.880999999999,4390.4848,4448.481049999999,0.2784255877093468,4662.646692073286,4031.115307926713,33.58505492840284,-18.07378743927802,5.6993643024542795,-23.7731517417323,150.60714285714286,-0.008862980068289,4214.83,-0.0166583421203544,4252.52,-0.0048806080395419,4324.56,-0.0206286138407045,4407.23,0.0099402564869928,4555.79,4268.176,64.25101345508723,0.09329324313700861,4345.77,4203.2,4382.188,132.49782629663665,0.1203628937833692,4545.22,4203.2,4346.880999999999,157.88284603664334,0.2784255877093461,4555.79,4023.37,4390.4848,184.27222493528905,0.27202503347186574,4784.46,4023.37,3,12,4,0.966946185092031,0.9573430250798367,0.01955177007993451,-0.003780382304491672,4234.54,0.007456223829463315
2020-12-25,AMZN,4193.1,4318.18,4150.9,4234.54,6831841,4234.54,0.0074562238294633,4355.1005000000005,4382.5832,4447.9532,0.2390833446434484,4648.2870289843495,4061.913971015652,36.89371807268289,-24.478286103963,-0.33616577882917653,-24.142120325133824,148.1114285714286,-0.002759304645739,4203.2,-0.008862980068289,4214.83,-0.0166583421203544,4252.52,-0.0139452672086546,4345.77,-0.0055928829028554,4530.31,4245.93,47.82494119186547,0.13995983600882922,4324.56,4203.2,4352.611,128.71712373780724,0.14330017508321102,4545.22,4203.2,4355.1005000000005,146.59326449217434,0.23908334464344766,4555.79,4023.37,4382.5832,182.26845887246853,0.27076695722003696,4784.46,4023.37,4,12,4,0.9723174011711158,0.9662201050738828,0.03950370052000008,0.009882902864226875,4308.33,0.01742574163899735
2020-12-28,AMZN,4291.53,4398.58,4218.07,4308.33,1766123,4308.33,0.0174257416389973,4369.3485,4373.1332,4447.4656,0.2393315109368968,4619.141830851508,4119.5551691484925,37.90993595580717,-23.330719119268906,-4.935076446917122,-18.395642672351784,152.67214285714292,0.0074562238294633,4234.54,-0.002759304645739,4203.2,-0.008862980068289,4214.83,-0.0048806080395419,4324.56,0.0032911655052303,4545.22,4242.683999999999,41.253183271176965,0.21306879324983852,4308.33,4203.2,4328.9220000000005,109.72884476442006,0.18295223656817913,4500.06,4203.2,4369.3485,124.89666542575365,0.2393315109368961,4555.79,4195.55,4373.1332,173.22367649875383,0.2628865135936602,4784.46,4023.37,0,12,4,0.9860348745354172,0.9851815169954151,0.04189790475658975,0.003914687768697007,4273.31,-0.008128439557786749
2020-12-29,AMZN,4264.66,4315.81,4230.82,4273.31,5680267,4273.31,-0.0081284395577867,4373.236500000001,4362.9102,4446.5652,0.1921462334663623,4613.893280129091,4132.579719870911,29.196722458840384,-24.95936926950344,-8.939935011434386,-16.019434258069055,150.64785714285725,0.0174257416389973,4308.33,0.0074562238294633,4234.54,-0.002759304645739,4203.2,-0.0166583421203544,4252.52,-0.0103493340256357,4498.18,4246.842,43.48005485283325,0.17858354380538766,4308.33,4203.2,4306.435,92.9465477513282,0.18156307667165505,4500.06,4203.2,4373.236500000001,120.32839006454499,0.19214623346636137,4555.79,4203.2,4362.9102,163.24922172502605,0.2631734511017922,4697.09,4023.37,1,12,4,0.9771504468141665,0.9794632032534202,0.01988856413412104,0.002028297683754043,4378.07,0.024514954449829096
2020-12-30,AMZN,4407.43,4462.65,4293.5,4378.07,3120764,4378.07,0.024514954449829,4380.1085,4357.875,4445.9541,0.2070583998003331,4612.530031231502,4147.686968768498,35.91937630648586,-17.594016888410806,-10.670751386829672,-6.923265501581135,153.37285714285716,-0.0081284395577867,4273.31,0.0174257416389973,4308.33,0.0074562238294633,4234.54,-0.008862980068289,4214.83,0.0004179468140448,4500.06,4279.49,67.87602853737025,0.2155265841660175,4378.07,4203.2,4294.236,69.84452833099319,0.23448910711103982,4407.23,4203.2,4380.1085,116.21076561575096,0.2070583998003321,4555.79,4203.2,4357.875,158.666708135003,0.26055239205634545,4697.09,4023.37,2,12,4,0.9995346005695976,1.0046341393452072,0.03863574588801938,-0.006661478457966188,4453.51,0.017231337096026422
2020-12-31,AMZN,4443.75,4548.11,4358.91,4453.51,2963227,4453.51,0.0172313370960264,4388.116,4354.6294,4445.1467,0.2110259645789353,4618.983460577883,4157.248539422117,44.361564664893294,-5.604934346091795,-9.657587978682097,4.052653632590301,154.15785714285715,0.024514954449829,4378.07,-0.0081284395577867,4273.31,0.0174257416389973,4308.33,-0.002759304645739,4203.2,-0.0206286138407045,4407.23,4329.552000000001,87.12117721889858,0.20060685315821514,4453.51,4234.54,4298.8640000000005,79.08553909112877,0.23017743448297476,4453.51,4203.2,4388.116,115.43373028894155,0.2110259645789344,4555.79,4203.2,4354.6294,154.89827466934918,0.26368627888361923,4697.09,4023.37,3,12,4,1.0149025230871256,1.022707006938174,0.04248334459784694,0.002196343178621214,4494.95,0.00930502008528089
2021-01-01,AMZN,4451.01,4549.66,4440.24,4494.95,4441203,4494.95,0.0093050200852808,4393.5740000000005,4350.5866000000005,4445.0025,0.2001386071356249,4629.319747823452,4157.828252176549,46.44770128658608,7.1578503733453545,-6.294500308276607,13.452350681621962,157.40642857142853,0.0172313370960264,4453.51,0.024514954449829,4378.07,-0.0081284395577867,4273.31,0.0074562238294633,4234.54,-0.0139452672086546,4345.77,4381.634,93.71091547950876,0.19856184697260906,4494.95,4273.31,4313.782,100.17472610949393,0.216711265842253,4494.95,4203.2,4393.5740000000005,117.87287391172576,0.20013860713562398,4555.79,4203.2,4350.5866000000005,148.27399457688495,0.2613877581616093,4667.2,4023.37,4,1,1,1.0230736980870188,1.0331825138244497,0.024342873669334637,0.00987191671103631,4508.24,0.0029566513531851246
2021-01-04,AMZN,4494.93,4545.9,4470.58,4508.24,2204389,4508.24,0.0029566513531851,4399.5875,4347.4074,4445.1124,0.2001972767085742,4640.80368029651,4158.3713197034895,50.7464901595226,18.135783126484057,-1.4084436213244742,19.54422674780853,151.94785714285712,0.0093050200852808,4494.95,0.0172313370960264,4453.51,0.024514954449829,4378.07,0.0174257416389973,4308.33,-0.0048806080395419,4324.56,4421.616,97.19792168564278,0.20053351526196053,4508.24,4273.31,4332.15,117.68068660575065,0.21177612941534976,4508.24,4203.2,4399.5875,120.60809014825507,0.20019727670857332,4555.79,4203.2,4347.4074,142.9556003401143,0.2611951126164657,4569.19,4023.37,0,1,1,1.0246960652558847,1.0369950605501022,0.016707185065565053,0.002961113966178901,4535.07,0.005951324685464776
2021-01-05,AMZN,4534.97,4566.08,4504.05,4535.07,2886039,4535.07,0.0059513246854647,4403.732,4347.193,4444.6287,0.1949041424456604,4651.51200255744,4155.95199744256,52.505116131581055,28.670336900293478,4.6073124829991166,24.06302441729436,140.91357142857143,0.0029566513531851,4508.24,0.0093050200852808,4494.95,0.0172313370960264,4453.51,-0.0081284395577867,4273.31,-0.0166583421203544,4252.52,4473.968,61.16213060390654,0.13966459000718284,4535.07,4378.07,4360.405,129.7394120064467,0.1768072425670259,4535.07,4203.2,4403.732,123.89000127871991,0.1949041424456595,4555.79,4203.2,4347.193,142.65973337820756,0.2549586492338635,4569.19,4023.37,1,1,1,1.0298242490685103,1.0432180029731728,0.013677848412480086,2.205086251936225e-05,4633.88,0.021787976811824317
2021-01-06,AMZN,4675.49,4710.37,4557.39,4633.88,2848061,4633.88,0.0217879768118243,4409.878500000001,4349.2066,4444.74175,0.204199386843753,4674.391052305869,4145.365947694132,66.08017027183386,44.479456388032304,12.581741264005755,31.897715124026547,143.57999999999998,0.0059513246854647,4535.07,0.0029566513531851,4508.24,0.0093050200852808,4494.95,0.024514954449829,4378.07,-0.008862980068289,4214.83,4525.13,67.54793668210924,0.12481212583451975,4633.88,4453.51,4402.31,144.34797462305565,0.1689684737420546,4633.88,4203.2,4409.878500000001,132.25627615293445,0.2041993868437521,4633.88,4203.2,4349.2066,146.00994371516103,0.25946833580683776,4633.88,4023.37,2,1,1,1.0507953903943041,1.0654540991451025,0.033013371084267724,-0.008899601966850699,4737.96,0.022460659317893317
2021-01-07,AMZN,4779.75,4854.33,4621.59,4737.96,3660995,4737.96,0.0224606593178933,4418.987,4354.6732,4446.51025,0.2156411633038672,4715.290805123261,4122.683194876739,76.2380079464424,64.66130833554325,22.997654678313257,41.66365365723,145.81571428571428,0.0217879768118243,4633.88,0.0059513246854647,4535.07,0.0029566513531851,4508.24,0.0172313370960264,4453.51,-0.002759304645739,4203.2,4582.0199999999995,102.75665306933324,0.14411078579584788,4737.96,4494.95,4455.786,160.53602733066288,0.16480279497172157,4737.96,4234.54,4418.987,148.15190256163027,0.21564116330386635,4737.96,4203.2,4354.6732,155.24429323288464,0.2614876161795038,4737.96,4023.37,3,1,1,1.0721823802602106,1.0880173511066022,0.04912240711191117,-0.008743135101206384,4854.1,0.024512659456812802
2021-01-08,AMZN,4823.12,4958.27,4749.94,4854.1,2899792,4854.1,0.0245126594568128,4435.1765,4361.6516,4448.9353,0.2276352101158292,4787.228904189755,4083.124095810245,81.43416834721586,89.0011489401677,36.198353530684145,52.80279540948355,146.7228571428572,0.0224606593178933,4737.96,0.0217879768118243,4633.88,0.0059513246854647,4535.07,0.0093050200852808,4494.95,0.0074562238294633,4234.54,4653.85,143.94818164885842,0.1622240584383614,4854.1,4508.24,4517.742,183.56504610385653,0.17337625738997467,4854.1,4273.31,4435.1765,176.02620209487762,0.22763521011582846,4854.1,4203.2,4361.6516,169.34921454428275,0.26609659606134783,4854.1,4023.37,4,1,1,1.0944547528151147,1.1129041118274754,0.04291835767700663,0.006423228117897553,4858.63,0.0009332317010362079
2021-01-11,AMZN,4828.03,4925.27,4791.98,4858.63,7589318,4858.63,0.0009332317010362,4450.847,4367.4404,4451.32575,0.2278252429166829,4848.474505143084,4053.2194948569154,89.11446972567067,107.41793404133932,50.44226963281518,56.97566440852414,147.9435714285715,0.0245126594568128,4854.1,0.0224606593178933,4737.96,0.0217879768118243,4633.88,0.0029566513531851,4508.24,0.0174257416389973,4308.33,4723.928,140.59006177541164,0.172422629312206,4858.63,4535.07,4572.771999999999,195.88357345911027,0.1832124086380173,4858.63,4273.31,4450.847,198.81375257154212,0.2278252429166821,4858.63,4203.2,4367.4404,181.12564695122583,0.2645339766606084,4858.63,4023.37,0,1,1,1.0916191906841346,1.112466239951182,0.02743365928254949,0.006337988786315334,4908.33,0.010229220994395494
2021-01-12,AMZN,4875.28,4985.55,4831.11,4908.33,8207931,4908.33,0.0102292209943954,4471.3545,4375.9274,4454.968650000001,0.2229675688886159,4918.4857976355615,4024.223202364438,94.070920181346,124.58757554178555,65.27133081460926,59.3162447271763,146.882142857143,0.0009332317010362,4858.63,0.0245126594568128,4854.1,0.0224606593178933,4737.96,0.0059513246854647,4535.07,-0.0081284395577867,4273.31,4798.58,111.28163572672445,0.16032749979806155,4908.33,4633.88,4636.273999999999,190.88391208620112,0.14563601038943974,4908.33,4378.07,4471.3544999999995,223.56564881778084,0.22296756888861513,4908.33,4203.2,4375.9274,196.02671214067647,0.26122115628732623,4908.33,4023.37,1,1,1,1.0977277690683889,1.121666232396561,0.03146487705593736,0.006779097815918963,5029.42,0.024670305378815316
2021-01-13,AMZN,5058.48,5082.69,4976.16,5029.42,1781573,5029.42,0.0246703053788153,4497.8225,4387.9516,4458.7051,0.2334981123258541,5010.042104091632,3985.602895908368,96.09265168439376,146.27937357727114,81.47293936714163,64.80643421012951,153.46642857142868,0.0102292209943954,4908.33,0.0009332317010362,4858.63,0.0245126594568128,4854.1,0.0217879768118243,4633.88,0.024514954449829,4378.07,4877.688,105.36252545386732,0.16802142408292764,5029.42,4737.96,4701.409,203.68788773512992,0.14595216304022085,5029.42,4453.51,4497.8225,256.10980204581597,0.2334981123258534,5029.42,4203.2,4387.9516,216.65297939102976,0.2639845273186802,5029.42,4023.37,2,1,1,1.118189968590108,1.1461885769202316,0.02118136882582456,-0.005744808717241888,4974.21,-0.010977408925880172
2021-01-14,AMZN,4925.07,5015.3,4925.07,4974.21,4973000,4974.21,-0.0109774089258801,4526.1715,4397.6402,4462.43485,0.2212692351761994,5078.471402599646,3973.8715974003535,90.19377696492596,157.2031541056176,96.61898231483683,60.584171790780786,148.97142857142867,0.0246703053788153,5029.42,0.0102292209943954,4908.33,0.0009332317010362,4858.63,0.0224606593178933,4737.96,0.0172313370960264,4453.51,4924.938,75.88612699313164,0.2443934203928348,5029.42,4854.1,4753.478999999999,199.79223177257248,0.19041026266642394,5029.42,4494.95,4526.1715,276.14995129982293,0.22126923517619873,5029.42,4203.2,4397.6402,231.6147223342881,0.2644556597143742,5029.42,4023.37,3,1,1,1.0989884055429406,1.131108906999456,0.018139563870440197,0.009977523162105381,4946.71,-0.005528516085971491
2021-01-15,AMZN,4909.83,5019.14,4874.28,4946.71,5639298,4946.71,-0.0055285160859714,4556.218500000001,4408.1398,4465.8977,0.2129873543024485,5132.078241888048,3980.358758111953,86.52728188088054,161.77645048417344,109.65047594870416,52.12597453546928,146.42500000000013,-0.0109774089258801,4974.21,0.0246703053788153,5029.42,0.0102292209943954,4908.33,0.0245126594568128,4854.1,0.0093050200852808,4494.95,4943.460000000001,64.76011967266622,0.22316172793789044,5029.42,4858.63,4798.655000000001,185.39587932912826,0.20823277020188335,5029.42,4508.24,4556.218500000001,287.9298709440238,0.2129873543024478,5029.42,4203.2,4408.1398,244.28190670789832,0.26208090067581447,5029.42,4023.37,4,1,1,1.0857051741480161,1.1221762975844998,0.029284110044852294,0.007511461700301761,4949.07,0.00047708476947305734
2021-01-18,AMZN,4952.83,5019.69,4878.45,4949.07,4970340,4949.07,0.000477084769473,4587.444,4420.3762,4469.454699999999,0.209991029360156,5177.953967736186,3996.934032263815,90.1673839115738,163.70417328236636,120.46121541543661,43.24295786692974,150.4428571428572,-0.0055285160859714,4946.71,-0.0109774089258801,4974.21,0.0246703053788153,5029.42,0.0009332317010362,4858.63,0.0029566513531851,4508.24,4961.548000000001,44.65130703594681,0.2235624444592244,5029.42,4908.33,4842.738,159.23266686064719,0.21083671643862437,5029.42,4535.07,4587.444,295.2549838680927,0.20999102936015535,5029.42,4203.2,4420.3762,255.71438509884177,0.2574713391702524,5029.42,4023.37,0,1,1,1.0788295181366616,1.1196038020471832,0.028538695148779717,-0.0007591619336822501,5030.81,0.016516234363223914
2021-01-19,AMZN,5005.41,5108.47,4953.14,5030.81,3074213,5030.81,0.0165162343632239,4626.3585,4436.0524,4473.9022,0.1930698945875345,5226.436944425571,4026.280055574429,89.8907304179397,169.86949258827462,130.34287085000423,39.52662173827039,148.30428571428587,0.000477084769473,4949.07,-0.0055285160859714,4946.71,-0.0109774089258801,4974.21,0.0102292209943954,4908.33,0.0059513246854647,4535.07,4986.044,41.65259871867364,0.23892632124534396,5030.81,4946.71,4892.312,126.6364191779772,0.21258871173172927,5030.81,4633.88,4626.3585,300.03922221278543,0.19306989458753385,5030.81,4203.2,4436.0524,268.5708755963701,0.25349624371958357,5030.81,4023.37,1,1,1,1.0874232941521744,1.1340736191481566,0.03087574366751458,0.005074509380849015,5115.33,0.01680047547015273
2021-01-20,AMZN,5073.62,5238.38,4992.27,5115.33,3627907,5115.33,0.0168004754701527,4671.3835,4452.863,4479.16365,0.1837081509308384,5276.56108532517,4066.2059146748297,90.00169237312022,179.50637247081522,140.17557117416644,39.33080129664879,152.36928571428584,0.0165162343632239,5030.81,0.000477084769473,4949.07,-0.0055285160859714,4946.71,0.0246703053788153,5029.42,0.0217879768118243,4633.88,5003.226000000001,71.23384504587108,0.2018254197981842,5115.33,4946.71,4940.457,107.54924629622867,0.20656804374349874,5115.33,4737.96,4671.3835,302.5887926625851,0.1837081509308378,5115.33,4203.2,4452.863,284.12670906673026,0.25516603304735425,5115.33,4023.37,2,1,1,1.0950353358911562,1.1487732723865185,0.048112243002885746,0.00822095466353251,5095.07,-0.00396064379033223
2021-01-21,AMZN,5080.79,5182.08,5008.06,5095.07,2965318,5095.07,-0.0039606437903322,4715.977000000001,4468.7752,4484.65915,0.184842732229206,5307.172475237301,4124.7815247627,87.22551670939983,183.39479548453346,148.81941603623983,34.57537944829363,156.98357142857154,0.0168004754701527,5115.33,0.0165162343632239,5030.81,0.000477084769473,4949.07,-0.0109774089258801,4974.21,0.0224606593178933,4737.96,5027.397999999999,79.00792188141409,0.17450729581839367,5115.33,4946.71,4976.168,90.82887020226602,0.20454657529851833,5115.33,4854.1,4715.977000000001,295.5977376186503,0.1848427322292054,5115.33,4234.54,4468.7752,297.3319727327199,0.2556992037146049,5115.33,4023.37,3,1,1,1.080384828000416,1.140149094991142,0.03415458472601267,0.0028105865426433555,4959.51,-0.026606111397880605
2021-01-22,AMZN,4937.11,5044.39,4874.62,4959.51,3381058,4959.51,-0.0266061113978806,4752.2255,4483.0124,4489.0787,0.2254814852266591,5306.9051304923805,4197.545869507619,74.30547326808328,173.53740843847663,153.7630145166872,19.774393921789425,167.3500000000001,-0.0039606437903322,5095.07,0.0168004754701527,5115.33,0.0165162343632239,5030.81,-0.0055285160859714,4946.71,0.0245126594568128,4854.1,5029.9580000000005,75.88554882202318,0.28361205449001153,5115.33,4949.07,4986.709,80.63271908955828,0.24209266858229972,5115.33,4858.63,4752.2255,277.3398152461903,0.22548148522665845,5115.33,4273.31,4483.0124,303.5066551101492,0.2622638389662674,5115.33,4023.37,4,1,1,1.0436184057341042,1.1062896011616863,0.034231204292352706,0.004537067231638754,4982.47,0.004629489606836179
2021-01-25,AMZN,4983.58,5020.14,4944.8,4982.47,2465287,4982.47,0.0046294896068361,4785.9325,4497.685,4493.6633,0.2229693471466163,5308.008551563176,4263.856448436824,74.19791013019628,165.6683170669121,156.1440750267322,9.5242420401799,168.3007142857144,-0.0266061113978806,4959.51,-0.0039606437903322,5095.07,0.0168004754701527,5115.33,0.000477084769473,4949.07,0.0009332317010362,4858.63,5036.638,68.05070844612708,0.2849855269580499,5115.33,4959.51,4999.093,67.16052313506484,0.24223847164829024,5115.33,4908.33,4785.9325,261.0380257815882,0.22296934714661573,5115.33,4273.31,4497.685,309.62634218108207,0.26219337476357263,5115.33,4023.37,0,1,1,1.0410656648414827,1.1077854496255055,0.01512101427604883,-0.0002227314500819591,4901.71,-0.016208828151499155
2021-01-26,AMZN,4948.69,5023.91,4779.51,4901.71,3820490,4901.71,-0.0162088281514991,4817.352499999999,4508.3578,4498.03035,0.2320862403860349,5282.009575854992,4352.695424145006,64.77421917133876,151.17272334768768,155.1498046909233,-3.977081343235625,173.23642857142866,0.0046294896068361,4982.47,-0.0266061113978806,4959.51,-0.0039606437903322,5095.07,0.0165162343632239,5030.81,0.0102292209943954,4908.33,5010.817999999999,91.32610973877749,0.27050856021741015,5115.33,4901.71,4998.431,68.17947466469182,0.2550201336681584,5115.33,4901.71,4817.352499999999,232.32853792749665,0.2320862403860343,5115.33,4378.07,4508.3578,314.2303794227914,0.25953594689488896,5115.33,4023.37,1,1,1,1.017511174446749,1.0872495523755707,0.049860150845307,-0.009493421491342167,4772.9,-0.026278584412378625
2021-01-27,AMZN,4737.03,4870.54,4675.26,4772.9,2192787,4772.9,-0.0262785844123786,4837.094,4517.9566,4502.08565,0.2505039565881344,5254.294397305164,4419.893602694836,51.87619477121992,127.81756902809411,149.68335755835747,-21.86578853026336,172.78714285714295,-0.0162088281514991,4901.71,0.0046294896068361,4982.47,-0.0266061113978806,4959.51,0.0168004754701527,5115.33,0.0246703053788153,5029.42,4942.332,117.89019136475154,0.21908932032908346,5095.07,4772.9,4972.779,97.2737429970933,0.24496482073731046,5115.33,4772.9,4837.094,208.60019865258224,0.2505039565881338,5115.33,4453.51,4517.9565999999995,314.84610272067107,0.26383544842312734,5115.33,4023.37,2,1,1,0.986728808660533,1.0564289174444355,0.04091432881475808,0.007572255189431419,4666.42,-0.022309287854344273
2021-01-28,AMZN,4654.54,4771.62,4561.22,4666.42,3692266,4666.42,-0.0223092878543442,4847.7395,4528.3742,4505.1736,0.2627560761419628,5233.401804011939,4462.07719598806,39.81638234084576,99.56862967196594,139.66041198107916,-40.09178230911323,172.1707142857143,-0.0262785844123786,4772.9,-0.0162088281514991,4901.71,0.0046294896068361,4982.47,-0.0039606437903322,5095.07,-0.0109774089258801,4974.21,4856.602000000001,133.83082555979362,0.2061226880819252,4982.47,4666.42,4942.0,137.2507641751574,0.25877551635284396,5115.33,4666.42,4847.7395,192.83115200596987,0.26275607614196206,5115.33,4494.95,4528.3742,310.8643739054375,0.2565344616472267,5115.33,4023.37,3,1,1,0.9625971032476142,1.030484627352344,0.04508809751371598,0.002552346741030812,4694.8,0.006081750035358935
2021-01-29,AMZN,4735.36,4757.17,4632.42,4694.8,2427499,4694.8,0.0060817500353589,4857.732,4538.6618,4507.8589,0.261891373691839,5214.154655290344,4501.309344709656,41.33477198377425,78.56551616306842,127.44143281747702,-48.8759166544086,171.56071428571425,-0.0223092878543442,4666.42,-0.0262785844123786,4772.9,-0.0162088281514991,4901.71,-0.0266061113978806,4959.51,-0.0055285160859714,4946.71,4803.66,135.2944135949994,0.24131952526573433,4982.47,4666.42,4916.808999999999,157.86060710850168,0.26613669303038406,5115.33,4666.42,4857.732,178.21132764517182,0.26189137369183824,5115.33,4508.24,4538.6618,307.608616129472,0.2563112038576782,5115.33,4023.37,4,1,1,0.9664592447667004,1.034401814208533,0.026571951946829132,-0.008565346668466796,4812.14,0.024993609951435625
2021-02-01,AMZN,4848.41,4884.52,4739.75,4812.14,4344978,4812.14,0.0249936099514356,4872.927000000001,4551.4464,4510.67885,0.2740179303232469,5190.398086332049,4555.455913667952,45.25208051508584,70.57520767418191,116.06818778881801,-45.4929801146361,174.08071428571424,0.0060817500353589,4694.8,-0.0223092878543442,4666.42,-0.0262785844123786,4772.9,0.0046294896068361,4982.47,0.000477084769473,4949.07,4769.594,94.22678218008947,0.3446301269378347,4901.71,4666.42,4903.116,160.665140532165,0.3059623101907119,5115.33,4666.42,4872.927000000001,158.73554316602426,0.2740179303232462,5115.33,4535.07,4551.4464,305.37276056807394,0.26104059573918587,5115.33,4023.37,0,2,1,0.9875255672820488,1.0572770888829852,0.030084328386117264,-0.0074808029848944385,4816.41,0.0008873391048471735
2021-02-02,AMZN,4806.23,4890.79,4742.04,4816.41,3048124,4816.41,0.0008873391048471,4886.994000000001,4565.3608,4513.327,0.2739842993524282,5163.7540859874825,4610.233914012519,38.11527088039544,63.85134538033435,105.62481930712129,-41.773473926786934,172.25142857142853,0.0249936099514356,4812.14,0.0060817500353589,4694.8,-0.0223092878543442,4666.42,-0.0162088281514991,4901.71,0.0165162343632239,5030.81,4752.534000000001,68.5503981025178,0.3363227798897482,4816.41,4666.42,4881.676,155.96830990086258,0.2881103062274599,5115.33,4666.42,4886.994000000001,138.3800429937411,0.2739842993524276,5115.33,4633.88,4565.3608,301.1660240738921,0.2586709139290254,5115.33,4023.37,1,2,1,0.9855567655697988,1.0549900021043122,0.030883998662898114,0.0021180842365009942,4835.68,0.004000905238549235
2021-02-03,AMZN,4854.92,4878.63,4792.73,4835.68,4493026,4835.68,0.0040009052385492,4897.084,4578.6718,4515.95535,0.2650707857108818,5148.547906494517,4645.620093505483,41.947896443208926,59.3929194192815,96.37843932955334,-36.98551991027185,170.9335714285714,0.0008873391048471,4816.41,0.0249936099514356,4812.14,0.0060817500353589,4694.8,-0.0262785844123786,4772.9,0.0168004754701527,5115.33,4765.09,78.27331282125455,0.26786075217603295,4835.68,4666.42,4853.711,132.76380501141628,0.2684874252334009,5095.07,4666.42,4897.084,125.73195324725828,0.2650707857108811,5115.33,4666.42,4578.6718,298.0327908728426,0.2579027240661823,5115.33,4023.37,2,2,1,0.9874611095090492,1.0561316056763326,0.01776378916718699,-0.003962990121360562,4940.68,0.021713595605995506
2021-02-04,AMZN,4899.95,5033.51,4847.84,4940.68,6165237,4940.68,0.0217135956059955,4907.22,4592.7976,4519.57125,0.2643281343506229,5147.783965101327,4666.656034898673,49.67847202152533,63.59907663590093,89.82256679082286,-26.223490154921933,174.7171428571428,0.0040009052385492,4835.68,0.0008873391048471,4816.41,0.0249936099514356,4812.14,-0.0223092878543442,4666.42,-0.0039606437903322,5095.07,4819.942,87.40597187844334,0.17472980578677078,4940.68,4694.8,4838.272,108.30095113975727,0.3014576245624604,4982.47,4666.42,4907.22,120.28198255066363,0.26432813435062225,5115.33,4666.42,4592.7976,298.11984801046344,0.2598318465543768,5115.33,4023.37,3,2,1,1.0068185245411847,1.075745205928283,0.03757984730846006,0.00831232971764858,4806.12,-0.02723511743322793
2021-02-05,AMZN,4826.55,4916.95,4695.29,4806.12,7553969,4806.12,-0.0272351174332279,4904.821,4607.517,4522.6035,0.2702249544640506,5148.551534026517,4661.090465973482,43.31953154881583,55.435592100365284,82.94517185273135,-27.509579752366065,182.15642857142853,0.0217135956059955,4940.68,0.0040009052385492,4835.68,0.0008873391048471,4816.41,0.0060817500353589,4694.8,-0.0266061113978806,4959.51,4842.206,56.150055031279805,0.33071041172368276,4940.68,4806.12,4822.933,99.74640812802625,0.3028553503689284,4982.47,4666.42,4904.821,121.86526701325886,0.2702249544640499,5115.33,4666.42,4607.517,289.8419569650547,0.25138354947236263,5115.33,4023.37,4,2,1,0.9798767376014373,1.0431041274506325,0.04612036320357247,-0.004232837119680943,4852.24,0.009596098307990575
2021-02-08,AMZN,4898.13,4898.13,4812.1,4852.24,1455126,4852.24,0.0095960983079905,4904.5015,4624.0944,4526.11935,0.2725141148711523,5148.50358551958,4660.4994144804205,41.3675081451245,52.087043337761315,76.77354614973734,-24.686502811976027,177.3428571428571,-0.0272351174332279,4806.12,0.0217135956059955,4940.68,0.0040009052385492,4835.68,0.0249936099514356,4812.14,0.0046294896068361,4982.47,4850.226000000001,53.58738079077908,0.2868463767411537,4940.68,4806.12,4809.910000000001,83.83513848287481,0.3073390999183503,4940.68,4666.42,4904.5015,122.00104275978971,0.27251411487115146,5115.33,4666.42,4624.0944,279.26034815135864,0.24938580670428262,5115.33,4195.55,0,2,1,0.9893441769768059,1.0493384391112237,0.01772995564934587,-0.00936888159358591,4852.14,-2.060903829970151e-05
2021-02-09,AMZN,4855.78,4884.78,4819.51,4852.14,2865138,4852.14,-2.060903829970151e-05,4901.692000000001,4637.2262,4530.30155,0.2698642971767243,5146.799940870761,4656.584059129241,36.14599892563611,48.861974725035,71.19123186479688,-22.32925713976188,164.42571428571424,0.0095960983079905,4852.24,-0.0272351174332279,4806.12,0.0217135956059955,4940.68,0.0008873391048471,4816.41,-0.0162088281514991,4901.71,4857.372,50.227593213453275,0.2870992009096289,4940.68,4806.12,4804.9529999999995,79.1379866716535,0.29767717250255077,4940.68,4666.42,4901.692000000001,122.5539704353801,0.26986429717672356,5115.33,4666.42,4637.2262,274.0870949309717,0.23300676862568753,5115.33,4203.2,1,2,1,0.9898908376942103,1.0463453346310674,0.013451796526890417,-0.0007496220998477419,4902.76,0.010432510191379363
2021-02-10,AMZN,4902.61,4999.66,4805.86,4902.76,3543305,4902.76,0.0104325101913793,4895.359,4650.4688,4534.3473,0.256706385769646,5133.00296127956,4657.715038720441,40.19056751929379,49.816442624181036,66.91627401667371,-17.099831392492675,165.8385714285714,-2.060903829970151e-05,4852.14,0.0095960983079905,4852.24,-0.0272351174332279,4806.12,0.0040009052385492,4835.68,-0.0262785844123786,4772.9,4870.7880000000005,51.915380380157906,0.29401961133779536,4940.68,4806.12,4817.939,83.8105276402175,0.26516349431025366,4940.68,4666.42,4895.359,118.82198063977974,0.2567063857696452,5115.33,4666.42,4650.4688,270.50649300469536,0.23295457097758057,5115.33,4203.2,2,2,1,1.0015118400916048,1.0542507026386128,0.03952875523173899,3.059594787276881e-05,4861.19,-0.008478897600535329
2021-02-11,AMZN,4830.79,4912.06,4810.32,4861.19,4808693,4861.19,-0.0084788976005353,4889.7080000000005,4661.825400000001,4538.43615,0.255588511523156,5124.818707593832,4654.597292406169,44.4529698494512,46.68041100528717,62.86910141439641,-16.188690409109242,157.35928571428576,0.0104325101913793,4902.76,-2.060903829970151e-05,4852.14,0.0095960983079905,4852.24,0.0217135956059955,4940.68,-0.0223092878543442,4666.42,4854.89,34.3668619460092,0.246595845989705,4902.76,4806.12,4837.416,65.26607698063914,0.2359530302559991,4940.68,4694.8,4889.7080000000005,117.5553537969158,0.2555885115231553,5115.33,4666.42,4661.825400000001,267.10628038526187,0.23333497964881847,5115.33,4203.2,3,2,1,0.9941677498940641,1.0427653511002268,0.020929031780280088,0.0062929665748238574,4791.04,-0.014430622954461736
2021-02-12,AMZN,4803.86,4874.78,4707.31,4791.04,2067112,4791.04,-0.0144306229544617,4881.924499999999,4669.9304,4541.73045,0.259591016827471,5119.3849462110375,4644.464053788961,39.745883461473866,38.09542428387067,57.914365988291266,-19.818941704420595,163.94,-0.0084788976005353,4861.19,0.0104325101913793,4902.76,-2.060903829970151e-05,4852.14,-0.0272351174332279,4806.12,0.0060817500353589,4694.8,4851.874000000001,39.92853966796158,0.17378301911493768,4902.76,4791.04,4847.04,46.21464823093823,0.25320358845157215,4940.68,4791.04,4881.924499999999,118.73022310551937,0.2595910168274703,5115.33,4666.42,4669.9304,264.6969312633405,0.23229016798254867,5115.33,4203.2,4,2,1,0.9813834687527467,1.025933919700168,0.034954832353719524,-0.002668687263991257,4804.08,0.00272174726155483
2021-02-15,AMZN,4812.77,4894.95,4713.21,4804.08,2700555,4804.08,0.0027217472615548,4874.675,4678.2526,4544.75545,0.2599363664805096,5112.357049761769,4636.992950238231,44.36127571516898,31.975387117133323,52.72657021405968,-20.751183096926354,159.46428571428572,-0.0144306229544617,4791.04,-0.0084788976005353,4861.19,0.0104325101913793,4902.76,0.0095960983079905,4852.24,0.0249936099514356,4812.14,4842.242,45.26977048777412,0.15416808666480805,4902.76,4791.04,4846.234,46.95529628153935,0.21935340948010715,4940.68,4791.04,4874.675,118.8410248808844,0.25993636648050894,5115.33,4666.42,4678.2526,262.1804294974244,0.23227603549926135,5115.33,4203.2,0,2,1,0.9855180088926982,1.0268962389929464,0.03783034420741577,-0.0018056129837907696,4949.76,0.030324224409252087
2021-02-16,AMZN,4964.8,5006.38,4893.14,4949.76,4214105,4949.76,0.030324224409252,4870.6225,4688.2042,4548.2934,0.2766153151375478,5099.703850098969,4641.541149901032,60.01948831738738,38.437290908241266,49.868714352896,-11.431423444654733,157.73928571428573,0.0027217472615548,4804.08,-0.0144306229544617,4791.04,-0.0084788976005353,4861.19,-2.060903829970151e-05,4852.14,0.0008873391048471,4816.41,4861.7660000000005,66.62136579218607,0.2785198026953505,4949.76,4791.04,4859.569,55.67079634380854,0.2674869275023955,4949.76,4791.04,4870.6225,114.54067504948442,0.276615315137547,5115.33,4666.42,4688.2042,262.8666936780879,0.2392594919714045,5115.33,4203.2,1,2,1,1.016247923134873,1.0557901893434898,0.022877876907158506,-0.0030293264582655762,5028.0,0.01580682699767255
2021-02-17,AMZN,4980.35,5135.12,4920.89,5028.0,4138153,5028.0,0.0158068269976725,4866.255999999999,4698.5452000000005,4551.98325,0.2758043854710129,5078.401108769316,4654.110891230683,71.16136432685316,49.30337175987006,49.75564583429082,-0.45227407442075673,157.9214285714286,0.030324224409252,4949.76,0.0027217472615548,4804.08,-0.0144306229544617,4791.04,0.0104325101913793,4902.76,0.0040009052385492,4835.68,4886.814,100.70979187753746,0.28863091596402995,5028.0,4791.04,4878.8009999999995,76.00640125818657,0.27534403905580057,5028.0,4791.04,4866.255999999999,106.07255438465832,0.2758043854710121,5095.07,4666.42,4698.5452000000005,265.903978136317,0.2399445738206042,5115.33,4203.2,2,2,1,1.0332378732230625,1.0701184698614645,0.042607398568010525,0.009567600670633601,4983.2,-0.008910103420843307
2021-02-18,AMZN,4988.06,5062.93,4903.47,4983.2,4652206,4983.2,-0.0089101034208433,4860.6625,4707.0934,4555.68135,0.2771327843696601,5052.31495780897,4669.010042191031,66.56024622062122,53.68103200818405,50.54072306906947,3.1403089391145755,160.40071428571432,0.0158068269976725,5028.0,0.030324224409252,4949.76,0.0027217472615548,4804.08,-0.0084788976005353,4861.19,0.0217135956059955,4940.68,4911.215999999999,107.50143292076412,0.289930615043487,5028.0,4791.04,4883.053,80.8854490484909,0.2629512304870569,5028.0,4791.04,4860.6625,95.82622890448462,0.2771327843696593,5028.0,4666.42,4707.0934,268.0822701823963,0.24058247371958166,5115.33,4203.2,3,2,1,1.0252100408121267,1.058657557124093,0.031999518381756305,-0.0009743266921407535,4865.28,-0.023663509391555593
2021-02-19,AMZN,4874.51,4974.16,4756.39,4865.28,4776770,4865.28,-0.0236635093915555,4855.951,4713.792799999999,4558.0642,0.27369726164134,5041.920542033685,4669.981457966315,53.04932632411835,47.092349501784156,49.85104835561241,-2.758698853828257,163.04999999999998,-0.0089101034208433,4983.2,0.0158068269976725,5028.0,0.030324224409252,4949.76,-0.0144306229544617,4791.04,-0.0272351174332279,4806.12,4926.064,90.54247887051662,0.3332863715430427,5028.0,4804.08,4888.969,76.68789944384545,0.25262894191492535,5028.0,4791.04,4855.951,92.98477101684259,0.2736972616413391,5028.0,4666.42,4713.792799999999,267.75954822462137,0.24681940806696556,5115.33,4203.2,4,2,1,1.0019211478861705,1.0321370086523463,0.044760013812145394,-0.001893523656736488,4721.06,-0.029642692712443908
2021-02-22,AMZN,4693.45,4816.74,4625.39,4721.06,4580151,4721.06,-0.0296426927124439,4842.8805,4717.3096,4559.7048,0.2911324562718023,5028.153527715734,4657.607472284267,45.2857241734478,29.88888201669306,45.85861508782854,-15.96973307113548,169.55999999999995,-0.0236635093915555,4865.28,-0.0089101034208433,4983.2,0.0158068269976725,5028.0,0.0027217472615548,4804.08,0.0095960983079905,4852.24,4909.46,120.9957040560426,0.4074918558834687,5028.0,4721.06,4875.851,93.12649634292782,0.2906454150129828,5028.0,4721.06,4842.8805,92.63651385786675,0.2911324562718014,5028.0,4666.42,4717.3096,266.65276805243315,0.25650587550963605,5115.33,4203.2,0,2,1,0.974845445804212,1.0007950294377541,0.04053115190231831,0.005882666268948151,4835.15,0.024166183018220266
2021-02-23,AMZN,4806.94,4943.32,4726.98,4835.15,4322165,4835.15,0.0241661830182202,4839.5525,4724.049,4561.79195,0.3010795797919559,5022.755745877379,4656.349254122621,49.97604216515564,25.17096439143188,41.72108494854921,-16.55012055711733,179.29999999999987,-0.0296426927124439,4721.06,-0.0236635093915555,4865.28,-0.0089101034208433,4983.2,0.030324224409252,4949.76,-2.060903829970151e-05,4852.14,4886.5380000000005,122.30150988445251,0.3767435947423398,5028.0,4721.06,4874.152,93.75997295694539,0.32045538394609707,5028.0,4721.06,4839.5525,91.60162293868962,0.30107957979195504,5028.0,4666.42,4724.049,265.25608879311426,0.26040407724440834,5115.33,4203.2,1,2,1,0.9990903084528994,1.023518172652099,0.044743182734755985,0.005868598318263629,4753.63,-0.016859869910964442
2021-02-24,AMZN,4732.35,4779.31,4727.94,4753.63,4090185,4753.63,-0.0168598699109644,4838.589,4729.120400000001,4563.724,0.2921114916096496,5023.463263262493,4653.714736737507,41.361314576005576,14.684721643530793,36.31381228754553,-21.629090644014738,172.82714285714272,0.0241661830182202,4835.15,-0.0296426927124439,4721.06,-0.0236635093915555,4865.28,0.0158068269976725,5028.0,0.0104325101913793,4902.76,4831.664,102.99016569564012,0.3351814102713735,4983.2,4721.06,4859.239,100.33363891979161,0.32444076122996934,5028.0,4721.06,4838.589,92.43713163124646,0.2921114916096487,5028.0,4666.42,4729.120400000001,263.3030708173781,0.26366825904627655,5115.33,4203.2,2,2,1,0.9824413687542003,1.0051826973994982,0.010806478417544063,0.004496708823310881,4726.75,-0.00565462604367617
2021-02-25,AMZN,4746.76,4773.4,4680.09,4726.75,5218445,4726.75,-0.0056546260436761,4841.6055,4735.5108,4565.880550000001,0.2810451530165246,5016.342387736382,4666.868612263617,45.929534847281374,4.157383631431912,29.88252655632281,-25.725142924890896,161.96428571428552,-0.0168598699109644,4753.63,0.0241661830182202,4835.15,-0.0296426927124439,4721.06,-0.0089101034208433,4983.2,-0.0084788976005353,4861.19,4780.374000000001,65.79962864647564,0.3372396694309624,4865.28,4721.06,4845.795,108.70125689244918,0.32338821117927297,5028.0,4721.06,4841.6055,87.36844386819106,0.2810451530165238,5028.0,4694.8,4735.5108,259.1763711423442,0.2593917151265807,5115.33,4203.2,3,2,1,0.9762773939345168,0.9981499778226672,0.019740836727133813,-0.004215506998457053,4841.41,0.02425768233987413
2021-02-26,AMZN,4851.7,4874.34,4808.49,4841.41,1633239,4841.41,0.0242576823398741,4848.936,4745.4236,4568.420999999999,0.2927450173172948,5009.464806059052,4688.407193940948,49.48106833731734,5.008758309913901,24.90777290704103,-19.899014597127128,165.93428571428552,-0.0056546260436761,4726.75,-0.0168598699109644,4753.63,0.0241661830182202,4835.15,-0.0236635093915555,4865.28,-0.0144306229544617,4791.04,4775.6,58.567852957181124,0.38596371461340223,4841.41,4721.06,4850.832,107.03637686941556,0.341611181023052,5028.0,4721.06,4848.936,80.26440302952577,0.292745017317294,5028.0,4721.06,4745.4236,253.3792328261635,0.26183619275891834,5115.33,4203.2,4,2,1,0.9984479069220549,1.0202271510595975,0.013601409506731874,-0.002120906074159128,4703.68,-0.028448323938687237
2021-03-01,AMZN,4736.2,4768.78,4638.57,4703.68,7418877,4703.68,-0.0284483239386872,4843.513,4753.006,4570.1837,0.2977661035624125,5016.147261904077,4670.878738095923,43.71528718452653,-5.368298660619075,18.85255859350901,-24.220857254128084,175.76071428571413,0.0242576823398741,4841.41,-0.0056546260436761,4726.75,-0.0168598699109644,4753.63,-0.0296426927124439,4721.06,0.0027217472615548,4804.08,4772.124000000001,62.96474315054344,0.3803831078413166,4841.41,4703.68,4840.7919999999995,116.22345305487278,0.37231825418966535,5028.0,4703.68,4843.513,86.31713095203857,0.2977661035624117,5028.0,4703.68,4753.006,246.0957364978763,0.2703649656694454,5115.33,4203.2,0,3,1,0.971129839023665,0.9896221464898235,0.02768258044764362,-0.006866264093575579,4832.64,0.027416831076944037
2021-03-02,AMZN,4812.89,4942.82,4722.46,4832.64,1656159,4832.64,0.027416831076944,4844.3245,4764.6084,4572.8941,0.3143900186606321,5016.574485834564,4672.074514165435,47.21626728863082,-3.149886900659112,14.452069494675385,-17.601956395334497,178.9992857142855,-0.0284483239386872,4703.68,0.0242576823398741,4841.41,-0.0056546260436761,4726.75,0.0241661830182202,4835.15,0.030324224409252,4949.76,4771.622,62.343574408385585,0.39411911669165584,4841.41,4703.68,4829.08,109.7430028141425,0.3655043899456762,5028.0,4703.68,4844.3245,86.12499291728217,0.3143900186606313,5028.0,4703.68,4764.6084,235.46380709236809,0.27296334521948623,5115.33,4203.2,1,3,1,0.9975880022073258,1.014278529164954,0.045598265130436785,0.0041035635553681666,4811.53,-0.004368212819494177
2021-03-03,AMZN,4851.19,4880.58,4742.48,4811.53,2597708,4811.53,-0.0043682128194941,4843.117,4776.5424,4576.04335,0.3145061696687808,5015.959711838819,4670.274288161181,47.99596448694759,-3.05990746592488,10.949674102555333,-14.009581568480213,181.59642857142833,0.027416831076944,4832.64,-0.0284483239386872,4703.68,0.0242576823398741,4841.41,-0.0168598699109644,4753.63,0.0158068269976725,5028.0,4783.202,63.53215618892677,0.3693694137949496,4841.41,4703.68,4807.433,84.6198361365469,0.3515102242122121,4983.2,4703.68,4843.117,86.42135591940956,0.31450616966878,5028.0,4703.68,4776.5424,221.7528200916393,0.27216899321358584,5115.33,4203.2,2,3,1,0.9934779605776622,1.0073248800217898,0.02870188900411546,-0.008175313685918647,4713.97,-0.020276294650558024
2021-03-04,AMZN,4736.94,4817.65,4610.28,4713.97,3653150,4713.97,-0.020276294650558,4831.781499999999,4786.757799999999,4579.173500000001,0.3112447776640916,5007.39764951217,4656.165350487829,46.95714657918258,-10.737104120011281,6.61231845804201,-17.349422578053293,184.44642857142838,-0.0043682128194941,4811.53,0.027416831076944,4832.64,-0.0284483239386872,4703.68,-0.0056546260436761,4726.75,-0.0089101034208433,4983.2,4780.646000000001,66.55620805014452,0.4031024879376253,4841.41,4703.68,4780.51,62.39432381589514,0.3603216871574313,4865.28,4703.68,4831.781499999999,87.80807475608509,0.31124477766409075,5028.0,4703.68,4786.757799999999,206.00759969423075,0.2768092166658554,5115.33,4234.54,3,3,1,0.9756173783932541,0.9847939246057145,0.04399052178948018,-0.004849122007032915,4693.91,-0.004255436500444465
2021-03-05,AMZN,4684.05,4748.09,4639.72,4693.91,5234856,4693.91,-0.0042554365004444,4826.171,4795.9452,4581.754550000001,0.2970589659315976,5012.105558708468,4640.236441291533,45.67428127133847,-18.22986954278531,1.643880857876546,-19.873750400661855,179.2057142857141,-0.020276294650558,4713.97,-0.0043682128194941,4811.53,0.027416831076944,4832.64,0.0242576823398741,4841.41,-0.0236635093915555,4865.28,4751.146,65.57159316360581,0.3395558463521217,4832.64,4693.91,4763.3730000000005,60.013243177360955,0.3455045335279324,4841.41,4693.91,4826.171,92.96727935423344,0.29705896593159675,5028.0,4693.91,4795.9452,190.54022152104383,0.2769675593608377,5115.33,4273.31,4,3,1,0.9725950448086126,0.9787246943520165,0.023087362135187254,0.0021050159584115385,4634.12,-0.012737781508380008
2021-03-08,AMZN,4596.61,4688.76,4579.48,4634.12,1207059,4634.12,-0.01273778150838,4815.264999999999,4802.460999999999,4584.2621,0.2970571110291253,5019.453026196718,4611.07697380328,36.7103423880341,-28.662094651308507,-4.4173142439604645,-24.244780407348042,172.92928571428553,-0.0042554365004444,4693.91,-0.020276294650558,4713.97,-0.0043682128194941,4811.53,-0.0284483239386872,4703.68,-0.0296426927124439,4721.06,4737.234,83.17583801809941,0.2885718633433667,4832.64,4634.12,4754.679,71.93700630874977,0.31890421806519564,4841.41,4634.12,4815.264999999999,102.09401309835941,0.29705711102912447,5028.0,4634.12,4802.460999999999,178.72960163040088,0.276724135616981,5115.33,4273.31,0,3,1,0.9623810942905608,0.964946930334059,0.023581607727028445,0.008160361657828717,4671.92,0.008156888470734591
2021-03-09,AMZN,4649.21,4778.95,4564.88,4671.92,3955253,4671.92,0.0081568884707345,4806.253999999999,4810.4332,4587.08045,0.299237868428807,5019.304339334469,4593.203660665529,34.47912126189284,-33.49347221894004,-10.23254583895638,-23.260926379983662,172.91785714285697,-0.01273778150838,4634.12,-0.0042554365004444,4693.91,-0.020276294650558,4713.97,0.027416831076944,4832.64,0.0241661830182202,4835.15,4705.089999999999,66.46485951246956,0.16891825905113309,4811.53,4634.12,4738.356,70.14545430744975,0.2915314124419249,4841.41,4634.12,4806.253999999999,106.52516966723485,0.2992378684288062,5028.0,4634.12,4810.4332,162.827793576409,0.27619198815837065,5115.33,4378.07,1,3,1,0.9720501663039508,0.9712056702084603,0.045820561995914715,0.004884700841647323,4618.6,-0.01141286665867558
2021-03-10,AMZN,4660.79,4681.02,4556.17,4618.6,5491779,4618.6,-0.0114128666586755,4792.046,4815.2438,4589.0849,0.2975112027694941,5015.63768334031,4568.45431665969,34.2249182252997,-41.150494846355286,-16.41613564043616,-24.734359205919127,170.44571428571413,0.0081568884707345,4671.92,-0.01273778150838,4634.12,-0.0042554365004444,4693.91,-0.0043682128194941,4811.53,-0.0168598699109644,4753.63,4666.504,39.92793420665997,0.1702005657405475,4713.97,4618.6,4724.853,79.28034449554269,0.2856483956633605,4841.41,4618.6,4792.046,111.79584167015473,0.2975112027694932,5028.0,4618.6,4815.2438,153.05305029176853,0.272842280254984,5115.33,4453.51,2,3,1,0.9638054392631114,0.9591622339037207,0.02703200103927019,-0.009052113482905376,4463.21,-0.03364439440523104
2021-03-11,AMZN,4446.29,4556.03,4370.4,4463.21,5954228,4463.21,-0.033644394405231,4772.147,4815.437800000001,4590.7302,0.3166604157548787,5036.881509400217,4507.412490599783,33.15005573723347,-59.07641861602406,-24.94819223555374,-34.128226380470316,171.97357142857138,-0.0114128666586755,4618.6,0.0081568884707345,4671.92,-0.01273778150838,4634.12,-0.020276294650558,4713.97,-0.0056546260436761,4726.75,4616.352,90.65907770328394,0.24181800268524842,4693.91,4463.21,4698.499,114.54086359121348,0.3254505143389505,4841.41,4463.21,4772.147,132.36725470010853,0.3166604157548778,5028.0,4463.21,4815.437800000001,152.59063191462448,0.28125955928485524,5115.33,4463.21,3,3,1,0.9352624720066386,0.9268544596296254,0.041591141801519196,0.0038054197994274474,4446.37,-0.0037730691587445353
2021-03-12,AMZN,4431.24,4489.64,4403.09,4446.37,3026365,4446.37,-0.0037730691587445,4754.913500000001,4814.4662,4592.5562,0.3142876583111326,5056.744596041975,4453.082403958027,37.11234763629917,-73.79107206957087,-34.71676820235717,-39.0743038672137,161.0207142857143,-0.033644394405231,4463.21,-0.0114128666586755,4618.6,0.0081568884707345,4671.92,-0.0042554365004444,4693.91,0.0242576823398741,4841.41,4566.844,104.28290861885654,0.2426605597875086,4671.92,4446.37,4658.995,127.19901443101358,0.2809946716804016,4832.64,4446.37,4754.913500000001,150.91554802098705,0.31428765831113176,5028.0,4446.37,4814.4662,154.81144272802638,0.2806133460784952,5115.33,4446.37,4,3,1,0.9351105966489325,0.9235437149811283,0.019465316651556375,0.00341439416506366,4339.93,-0.023938628589163624
2021-03-15,AMZN,4312.98,4443.98,4235.87,4339.93,3546496,4339.93,-0.0239386285891636,4731.706,4811.1,4594.12665,0.3214098646805595,5084.665442870682,4378.746557129318,26.597735477787324,-92.96966298537427,-46.3673471589606,-46.60231582641367,160.18071428571434,-0.0037730691587445,4446.37,-0.033644394405231,4463.21,-0.0114128666586755,4618.6,-0.01273778150838,4634.12,-0.0284483239386872,4703.68,4508.005999999999,135.2350288571981,0.2609756169385174,4671.92,4339.93,4622.62,160.62054047419144,0.2727468486904962,4832.64,4339.93,4731.706,176.47972143534133,0.3214098646805586,5028.0,4339.93,4811.1,163.2080249877137,0.28557650210381647,5115.33,4339.93,0,3,1,0.9172019563343713,0.9020660555796175,0.047952386328800625,0.00624857986821049,4356.74,0.003873334362535674
2021-03-16,AMZN,4383.47,4428.58,4284.89,4356.74,3126252,4356.74,0.0038733343625356,4702.054999999999,4807.5334,4595.18235,0.2956755661278593,5076.846188937608,4327.263811062391,30.022650626244182,-105.59517252926253,-58.21291223302099,-47.38226029624154,162.7864285714286,-0.0239386285891636,4339.93,-0.0037730691587445,4446.37,-0.033644394405231,4463.21,0.0081568884707345,4671.92,0.027416831076944,4832.64,4444.97,111.01798165164742,0.24011657169815975,4618.6,4339.93,4575.030000000001,161.9761008434388,0.2044948805800918,4811.53,4339.93,4702.054999999999,187.395594468804,0.2956755661278585,5028.0,4339.93,4807.5334,171.1199918258293,0.28536929608069167,5115.33,4339.93,1,3,1,0.9265608335077054,0.9062318735006798,0.03298108218529602,-0.0060979087344031945,4265.43,-0.020958331229313565
2021-03-17,AMZN,4246.29,4351.53,4179.32,4265.43,3418577,4265.43,-0.0209583312293135,4663.9265000000005,4800.1644,4595.0202500000005,0.2880930779037511,5053.946921882322,4273.906078117679,28.19395337367436,-121.56757832542189,-70.88384545150117,-50.68373287392072,168.79428571428576,0.0038733343625356,4356.74,-0.0239386285891636,4339.93,-0.0037730691587445,4446.37,-0.0114128666586755,4618.6,-0.0043682128194941,4811.53,4374.336,81.30404959166279,0.2437257531676552,4463.21,4265.43,4520.42,165.40311168643498,0.2080889859007352,4713.97,4265.43,4663.9265000000005,195.0102109411609,0.2880930779037504,4983.2,4265.43,4800.1644,186.03412093391816,0.2842224179081757,5115.33,4265.43,2,3,1,0.9145577229827881,0.8886008154218867,0.04037342073365631,0.004507464162832924,4228.92,-0.008559512171105843
2021-03-18,AMZN,4214.56,4257.63,4200.2,4228.92,2647362,4228.92,-0.0085595121711058,4626.2125,4789.9836,4594.3788,0.2880816193967801,5031.804682104401,4220.620317895598,18.73870747092029,-135.60866459505723,-83.8288092802124,-51.77985531484484,162.91142857142864,-0.0209583312293135,4265.43,0.0038733343625356,4356.74,-0.0239386285891636,4339.93,-0.033644394405231,4463.21,-0.020276294650558,4713.97,4327.478,84.72050855608872,0.18537127235960374,4446.37,4228.92,4471.915,173.27146378186774,0.20313134706556085,4693.91,4228.92,4626.2125,202.79609105220078,0.28808161939677934,4865.28,4228.92,4789.9836,202.6907947806183,0.2792626732237671,5115.33,4228.92,3,3,1,0.9141214330295216,0.8828673233868937,0.013580299461797977,0.0034072358680375323,4243.64,0.00348079415075242
2021-03-19,AMZN,4236.37,4306.67,4180.61,4243.64,2802728,4243.64,0.0034807941507524,4595.1305,4777.7744,4593.4974,0.2846193133306699,5018.471962302252,4171.789037697748,23.147953584641883,-143.88987275964337,-95.8410219760986,-48.048850783544765,157.42714285714297,-0.0085595121711058,4228.92,-0.0209583312293135,4265.43,0.0038733343625356,4356.74,-0.0037730691587445,4446.37,-0.0042554365004444,4693.91,4286.932,57.84433913531382,0.20813294032858584,4356.74,4228.92,4426.888,167.58427059575544,0.21347912974808597,4671.92,4228.92,4595.1305,211.67073115112578,0.28461931333066914,4841.41,4228.92,4777.7744,216.65459882604017,0.27286609700078385,5115.33,4228.92,4,3,1,0.923508048356641,0.8882043488698653,0.029705630072289515,0.0017160918427801914,4228.24,-0.0036289600437361402
2021-03-22,AMZN,4222.63,4325.57,4130.9,4228.24,4759036,4228.24,-0.0036289600437361,4570.4895,4765.1666,4592.76455,0.2714310841048393,5019.556906145338,4121.422093854661,9.330336715567212,-149.9667182132689,-106.66616122353267,-43.300556989736236,154.25071428571442,0.0034807941507524,4243.64,-0.0085595121711058,4228.92,-0.0209583312293135,4265.43,-0.0239386285891636,4339.93,-0.01273778150838,4634.12,4264.594,53.67704798142851,0.16261736114612513,4356.74,4228.24,4386.3,160.83202362161185,0.2150415310592193,4671.92,4228.24,4570.4895,224.53370307266923,0.27143108410483846,4841.41,4228.24,4765.1666,229.79689977310355,0.27275969454693977,5115.33,4228.24,0,3,1,0.9251175393793323,0.887322596443766,0.046040432898783894,0.0013285558999955817,4248.14,0.004706449964997361
2021-03-23,AMZN,4240.6,4343.89,4152.38,4248.14,4216226,4248.14,0.0047064499649973,4541.139,4751.9628,4591.34665,0.2514077598826431,4994.088927610217,4088.189072389783,12.028038012848484,-151.43129264886466,-115.61918750859908,-35.81210514026557,158.06571428571442,-0.0036289600437361,4228.24,0.0034807941507524,4243.64,-0.0085595121711058,4228.92,0.0038733343625356,4356.74,0.0081568884707345,4671.92,4242.874000000001,15.378220963427385,0.16561245834666186,4265.43,4228.24,4343.9220000000005,130.10803662939594,0.20789402708434282,4618.6,4228.24,4541.139,226.4749638051087,0.2514077598826423,4841.41,4228.24,4751.9628,240.13720021412132,0.27170031452857596,5115.33,4228.24,1,3,1,0.9354789624363105,0.89397585351449,0.04508090599649614,0.001778050275903925,4301.28,0.012509003940547991
2021-03-24,AMZN,4301.61,4326.82,4275.75,4301.28,4869196,4301.28,0.0125090039405479,4518.521500000001,4737.4,4590.0807,0.2566542859044802,4971.970542934143,4065.072457065858,20.41351820213383,-146.6139501964244,-121.81814004616416,-24.79581015026025,148.87357142857152,0.0047064499649973,4248.14,-0.0036289600437361,4228.24,0.0034807941507524,4243.64,-0.0209583312293135,4265.43,-0.0114128666586755,4618.6,4250.044,29.964153250178537,0.1286471744388662,4301.28,4228.24,4312.1900000000005,87.33972559303977,0.23436059621639707,4463.21,4228.24,4518.521500000001,226.72452146707127,0.2566542859044793,4841.41,4228.24,4737.4,244.9971512786981,0.2667163839735995,5115.33,4228.24,2,3,1,0.9519219948381449,0.9079410647188525,0.011873209835209016,-7.671546235010857e-05,4213.35,-0.020442751925008218
2021-03-25,AMZN,4239.86,4260.01,4166.69,4213.35,4357507,4213.35,-0.0204427519250082,4492.8515,4722.1828000000005,4588.018349999999,0.2625595619322735,4954.716762251591,4030.9862377484087,18.60316215829029,-148.18322377133336,-127.091156791198,-21.092066980135357,150.74642857142868,0.0125090039405479,4301.28,0.0047064499649973,4248.14,-0.0036289600437361,4228.24,-0.0085595121711058,4228.92,-0.033644394405231,4463.21,4246.93,33.32845330944863,0.19756245730732552,4301.28,4213.35,4287.204,74.06705088409831,0.1990324412417981,4446.37,4213.35,4492.8515,230.9326311257955,0.2625595619322726,4841.41,4213.35,4722.1828000000005,253.47092053182155,0.26901182537706814,5115.33,4213.35,3,3,1,0.9377897310870529,0.8922462722110435,0.02214864656389297,-0.006252564943180448,4209.26,-0.000970724008212076
2021-03-26,AMZN,4236.14,4267.63,4150.9,4209.26,5301712,4209.26,-0.000970724008212,4461.244000000001,4707.4338,4585.9751,0.2386930242771784,4908.9793899182605,4013.508610081741,20.06341600862332,-148.05028171439426,-131.28298177583727,-16.767299938556988,150.91071428571442,-0.0204427519250082,4213.35,0.0125090039405479,4301.28,0.0047064499649973,4248.14,0.0034807941507524,4243.64,-0.0037730691587445,4446.37,4240.054,37.466488759956015,0.19416140415634922,4301.28,4209.26,4263.493,52.16713376788708,0.20027480281412988,4356.74,4209.26,4461.244000000001,223.86769495912975,0.23869302427717748,4832.64,4209.26,4707.4338,261.4687149263737,0.2690012359958264,5115.33,4209.26,4,3,1,0.9435170997145764,0.8941729568239719,0.027731715313374018,-0.0063453993494062425,3965.15,-0.05799356656514454
2021-03-29,AMZN,3988.81,3998.64,3931.67,3965.15,5683572,3965.15,-0.0579935665651445,4424.3175,4687.7554,4582.81815,0.2913583503606681,4908.222855421134,3940.412144578866,11.417060628053136,-165.73210452774038,-138.1728063262179,-27.559298201522466,155.44785714285732,-0.000970724008212,4209.26,-0.0204427519250082,4213.35,0.0125090039405479,4301.28,-0.0036289600437361,4228.24,-0.0239386285891636,4339.93,4187.436,129.61898020736984,0.44809782979877877,4301.28,3965.15,4226.014999999999,101.98726197695869,0.3235791649561419,4356.74,3965.15,4424.3175,241.95267771056712,0.2913583503606673,4832.64,3965.15,4687.7554,279.32731771391366,0.29572236253232353,5115.33,3965.15,0,3,1,0.8962173261749645,0.8458525801067082,0.01688965108507444,-0.005931593633187323,3983.59,0.004650517634894102
2021-03-30,AMZN,3951.82,4061.67,3905.52,3983.59,1992933,3983.59,0.0046505176348941,4381.865,4666.811000000001,4579.05055,0.2642461572567682,4863.911085785417,3899.818914214583,13.962067125755652,-176.2257024068267,-145.7833855423397,-30.442316864487026,157.68357142857158,-0.0579935665651445,3965.15,-0.000970724008212,4209.26,-0.0204427519250082,4213.35,0.0047064499649973,4248.14,0.0038733343625356,4356.74,4134.526,150.89333626769996,0.4479631630452609,4301.28,3965.15,4188.7,116.12702680925314,0.3244536960001444,4301.28,3965.15,4381.865,241.0230428927085,0.2642461572567674,4811.53,3965.15,4666.811000000001,292.0509051255939,0.29262027284085845,5115.33,3965.15,1,3,1,0.9091083362903902,0.8536000279418099,0.039198311071159654,0.008039333775321735,3962.83,-0.0052113796851583905
2021-03-31,AMZN,3986.58,3997.27,3928.39,3962.83,2842177,3962.83,-0.0052113796851583,4339.43,4643.761,4574.9434,0.2640467325224827,4811.539213814355,3867.320786185646,16.48043944234894,-184.09498048979276,-153.4457045318303,-30.64927595796246,144.87500000000009,0.0046505176348941,3983.59,-0.0579935665651445,3965.15,-0.000970724008212,4209.26,0.0125090039405479,4301.28,-0.0209583312293135,4265.43,4066.8360000000002,132.13452909817133,0.4009621345706196,4213.35,3962.83,4158.4400000000005,132.2213906043003,0.31737589965185753,4301.28,3962.83,4339.43,236.05460690717732,0.2640467325224819,4713.97,3962.83,4643.7609999999995,301.2642632087648,0.2885280901643046,5095.07,3962.83,2,3,1,0.9132144083437423,0.8533664846229481,0.017381517753722146,-0.005957487370125281,3894.03,-0.017361330160516553
2021-04-01,AMZN,3864.45,3940.49,3847.56,3894.03,3646413,3894.03,-0.0173613301605165,4298.433,4619.7402,4569.8545,0.2626711456971815,4775.970463864009,3820.895536135992,15.407836063660852,-193.65073989394205,-161.48671160425266,-32.164028289689384,146.92642857142866,-0.0052113796851583,3962.83,0.0046505176348941,3983.59,-0.0579935665651445,3965.15,-0.0204427519250082,4213.35,-0.0085595121711058,4228.92,4002.972,120.25040964584616,0.39940175025347974,4209.26,3894.03,4124.951,153.14210963459766,0.3215221181158577,4301.28,3894.03,4298.433,238.76873193200421,0.26267114569718064,4693.91,3894.03,4619.7402,312.2274967070404,0.28986202561835467,5028.0,3894.03,3,4,2,0.9059185056505694,0.842911036425632,0.023864736532583457,0.007654388075920953,3916.96,0.005888501115810518
2021-04-02,AMZN,3887.56,3988.5,3845.41,3916.96,3963880,3916.96,0.0058885011158105,4259.5855,4598.8892,4564.76245,0.267713281101065,4727.984040762462,3791.186959237538,20.41547177689607,-197.1014261519631,-168.60965451379474,-28.49177163816836,142.11142857142866,-0.0173613301605165,3894.03,-0.0052113796851583,3962.83,0.0046505176348941,3983.59,-0.000970724008212,4209.26,0.0034807941507524,4243.64,3944.5119999999997,37.4035803098082,0.41754530847538673,3983.59,3894.03,4092.2830000000004,159.71284885694692,0.32415129765015455,4301.28,3894.03,4259.5855,234.19927038123126,0.2677132811010641,4671.92,3894.03,4598.8892,323.675724527362,0.28668156567805364,5028.0,3894.03,4,4,2,0.9195636523786364,0.8517187150321317,0.03653088109144939,0.007562584243070854,4001.27,0.021524345410726564
2021-04-05,AMZN,4037.11,4059.85,3942.68,4001.27,3059520,4001.27,0.0215243454107265,4227.943,4579.2652,4560.4613500000005,0.2880013342707884,4674.818118884322,3781.067881115679,27.28190707435043,-190.8332011273137,-173.05436383649854,-17.778837290815176,142.05428571428584,0.0058885011158105,3916.96,-0.0173613301605165,3894.03,-0.0052113796851583,3962.83,-0.0579935665651445,3965.15,-0.0036289600437361,4228.24,3951.736,45.08526344596927,0.22869196477402892,4001.27,3894.03,4069.5860000000002,154.280145276924,0.3561917378151682,4301.28,3894.03,4227.943,223.43755944216076,0.2880013342707875,4671.92,3894.03,4579.2652,329.6346823641176,0.29192408810208,5028.0,3894.03,0,4,2,0.9463869309494127,0.873779924342256,0.02928320258317254,-0.00887763771608682,3967.88,-0.008344850509963031
2021-04-06,AMZN,3993.22,4046.33,3889.43,3967.88,5760958,3967.88,-0.008344850509963,4192.741,4560.5886,4556.2427,0.2822644844949725,4601.666701083089,3783.815298916911,29.46316414227394,-186.41105102392976,-175.72570127398478,-10.685349749944976,140.58857142857156,0.0215243454107265,4001.27,0.0058885011158105,3916.96,-0.0173613301605165,3894.03,0.0046505176348941,3983.59,0.0047064499649973,4248.14,3948.594,42.79986717260196,0.23728620492805155,4001.27,3894.03,4041.5600000000004,143.30592055692927,0.3519565996109447,4301.28,3894.03,4192.741,204.46285054154458,0.28226448449497177,4618.6,3894.03,4560.5886,337.3568513171773,0.2907933783610552,5028.0,3894.03,1,4,2,0.9463689743771565,0.8700368193700107,0.039542526487686254,-0.006345756056514128,3901.7,-0.016678931822534993
2021-04-07,AMZN,3905.79,3996.22,3807.18,3901.7,8831048,3901.7,-0.0166789318225349,4156.896,4543.1646,4551.644,0.2837289874724831,4533.011263150427,3780.780736849572,28.30393846917352,-186.1013772845381,-177.80083647609544,-8.300540808442662,149.43214285714294,-0.008344850509963,3967.88,0.0215243454107265,4001.27,0.0058885011158105,3916.96,-0.0052113796851583,3962.83,0.0125090039405479,4301.28,3936.368,46.30421870620505,0.2635332332715011,4001.27,3894.03,4001.602,115.93542520636345,0.3378588308198026,4213.35,3894.03,4156.896,188.05763157521383,0.2837289874724823,4463.21,3894.03,4543.1646,348.4821571645656,0.2878031384718311,5028.0,3894.03,2,4,2,0.9386090005617319,0.8588066564876695,0.04845067534663135,-0.0010471633139516202,3914.04,0.003162723940846268
2021-04-08,AMZN,3943.4,3943.4,3885.35,3914.04,4309229,3914.04,0.0031627239408462,4129.4375,4528.117,4547.3728,0.269762834793719,4491.309582306178,3767.5654176938224,28.07694354228556,-182.75355452821077,-178.7913800865185,-3.9621744416922695,144.57428571428576,-0.0166789318225349,3901.7,-0.008344850509963,3967.88,0.0215243454107265,4001.27,-0.0173613301605165,3894.03,-0.0204427519250082,4213.35,3940.3700000000003,42.433112070553754,0.2313588403692749,4001.27,3901.7,3971.671,91.1899398021173,0.33721994322789306,4209.26,3894.03,4129.4375,180.9360411530888,0.2697628347937182,4446.37,3894.03,4528.117,359.132606816144,0.28507394791180113,5028.0,3894.03,3,4,2,0.9478385373308233,0.864385792151381,0.014831222981876871,-0.007445351726934291,3821.79,-0.023568997761903354
2021-04-09,AMZN,3859.19,3895.13,3748.44,3821.79,4137247,3821.79,-0.0235689977619033,4098.2085,4510.656800000001,4543.10655,0.2762760967579506,4452.64353885684,3743.77346114316,25.472802538884324,-185.40692924016867,-180.11448991724853,-5.292439322920131,142.49785714285719,0.0031627239408462,3914.04,-0.0166789318225349,3901.7,-0.008344850509963,3967.88,0.0058885011158105,3916.96,-0.000970724008212,4209.26,3921.3360000000002,68.74590627805912,0.28200434572121447,4001.27,3821.79,3932.924,53.58578505539391,0.3446556267108304,4001.27,3821.79,4098.2085,177.21751942842,0.27627609675794973,4356.74,3821.79,4510.656800000001,371.8598296891959,0.2877870179877283,5028.0,3821.79,4,4,2,0.932551381902377,0.8472801566279997,0.038382538025365516,-0.00969115280667456,3777.34,-0.011630675678150793
2021-04-12,AMZN,3785.69,3813.62,3741.05,3777.34,5618568,3777.34,-0.0116306756781507,4070.0789999999993,4489.9608,4538.10255,0.2698802424802679,4432.938076597855,3707.219923402144,22.407164290705023,-188.91875353882278,-181.8753426415634,-7.043410897259378,134.58571428571432,-0.0235689977619033,3821.79,0.0031627239408462,3914.04,-0.0166789318225349,3901.7,0.0215243454107265,4001.27,-0.0579935665651445,3965.15,3876.55,76.19132693417627,0.1582304995970555,3967.88,3777.34,3914.143,71.08956292360824,0.21627159246679262,4001.27,3777.34,4070.0789999999993,181.42953829892767,0.26988024248026704,4356.74,3777.34,4489.9608,383.3566065733275,0.28050082388117115,5028.0,3777.34,0,4,2,0.9280753518541219,0.8412857412918079,0.019211932206256385,-0.0022056745269680568,3862.1,0.022439070880566625
2021-04-13,AMZN,3870.82,3913.42,3810.77,3862.1,1896402,3862.1,0.0224390708805666,4045.347,4470.8746,4533.75105,0.2870955105468455,4393.050494077436,3697.643505922564,25.180278951610035,-182.7557810829103,-182.05143032983278,-0.7043507530775059,138.68571428571434,-0.0116306756781507,3777.34,-0.0235689977619033,3821.79,0.0031627239408462,3914.04,-0.008344850509963,3967.88,0.0046505176348941,3983.59,3855.3940000000002,56.67941672238682,0.2910254103135579,3914.04,3777.34,3901.994,68.22604556425938,0.2532170902756263,4001.27,3777.34,4045.347,173.85174703871806,0.2870955105468447,4301.28,3777.34,4470.8746,390.46226018581797,0.2868013927033876,5028.0,3777.34,1,4,2,0.9547017845438339,0.8638354562660147,0.02657880427745877,-0.0022527526467255006,3867.15,0.0013075787783849435
2021-04-14,AMZN,3886.83,3889.03,3845.27,3867.15,4045810,3867.15,0.0013075787783849,4025.433,4451.504,4529.3614,0.2823946435849587,4365.6033799166,3685.2626200833993,28.41269049410397,-175.44170544271765,-180.72948535240977,5.287779909692119,132.1978571428572,0.0224390708805666,3862.1,-0.0116306756781507,3777.34,-0.0235689977619033,3821.79,-0.0166789318225349,3901.7,-0.0052113796851583,3962.83,3848.4839999999995,51.49136461572767,0.27406510819428687,3914.04,3777.34,3892.4259999999995,65.39687287803099,0.2537214003126202,4001.27,3777.34,4025.4329999999995,170.08518995830002,0.28239464358495797,4301.28,3777.34,4451.504,395.9802474046945,0.2864666679577578,5028.0,3777.34,2,4,2,0.9606792610879474,0.86872886107687,0.011315826900944856,-0.005063252058874397,3739.21,-0.03308379556003782
2021-04-15,AMZN,3719.18,3768.07,3710.35,3739.21,5917468,3739.21,-0.0330837955600378,4000.9475,4427.4746000000005,4524.2008000000005,0.2996867371484761,4349.833340890191,3652.061659109809,24.611379373297723,-177.91800851159587,-180.16718998424702,2.249181472651145,135.06000000000003,0.0013075787783849,3867.15,0.0224390708805666,3862.1,-0.0116306756781507,3777.34,0.0031627239408462,3914.04,-0.0173613301605165,3894.03,3813.518,55.0807468176398,0.34541409932561723,3867.15,3739.21,3876.9440000000004,81.3540994255148,0.2895542054054307,4001.27,3739.21,4000.9474999999998,174.44292044509533,0.29968673714847543,4301.28,3739.21,4427.4746000000005,402.09696364976077,0.2872896846980394,5028.0,3739.21,3,4,2,0.9345811210967065,0.8445469116862138,0.015436415713475525,0.005385595749599324,3620.88,-0.031645721957311856
2021-04-16,AMZN,3596.77,3662.14,3579.62,3620.88,3092663,3620.88,-0.0316457219573118,3969.8095,4403.7698,4518.6953,0.3107410903886957,4338.11614326428,3601.502856735721,28.48124210818604,-187.2700065454842,-181.58775329649447,-5.682253248989724,126.63142857142861,-0.0330837955600378,3739.21,0.0013075787783849,3867.15,0.0224390708805666,3862.1,-0.0235689977619033,3821.79,0.0058885011158105,3916.96,3773.3360000000002,101.3700672288814,0.370835990316104,3867.15,3620.88,3847.3360000000002,112.92453755595201,0.31428073975049214,4001.27,3620.88,3969.8095000000003,184.15332163213975,0.31074109038869496,4301.28,3620.88,4403.7698,414.077363206874,0.28917849066730666,5028.0,3620.88,4,4,2,0.9121042206179133,0.8222228146437576,0.022790039990272307,0.0067032365149824495,3632.14,0.003109741278363165
2021-04-19,AMZN,3651.0,3675.15,3589.14,3632.14,2448976,3632.14,0.0031097412783631,3940.004500000001,4379.3678,4512.6169,0.3128310101209484,4316.638925263615,3563.370074736387,27.833491011807386,-191.56470578519293,-183.58314379423416,-7.981561990958767,121.62142857142862,-0.0316457219573118,3620.88,-0.0330837955600378,3739.21,0.0013075787783849,3867.15,-0.0116306756781507,3777.34,0.0215243454107265,4001.27,3744.296,119.17133938152762,0.38263875847525675,3867.15,3620.88,3810.4230000000002,117.26300307430151,0.2779038562129565,3967.88,3620.88,3940.0045000000005,188.3172126318068,0.3128310101209476,4301.28,3620.88,4379.3678,422.964687604483,0.28780233645382813,5028.0,3620.88,0,4,2,0.9218618912742554,0.8293754180681445,0.02368025461572972,-0.005165708025197196,3689.66,0.015836393971597973
2021-04-20,AMZN,3678.21,3774.49,3604.83,3689.66,3713489,3689.66,0.0158363939715979,3912.080500000001,4356.1182,4507.30415,0.3209251436433027,4275.089551850268,3549.071448149733,33.53425516212042,-188.15793503812483,-184.4981020430123,-3.659832995112538,128.82000000000002,0.0031097412783631,3632.14,-0.0316457219573118,3620.88,-0.0330837955600378,3739.21,0.0224390708805666,3862.1,-0.008344850509963,3967.88,3709.808,99.95928155997525,0.35162495879853756,3867.15,3620.88,3782.6009999999997,108.42604519519512,0.3058122024964293,3914.04,3620.88,3912.080500000001,181.50452592513378,0.3209251436433018,4301.28,3620.88,4356.1182,428.36217087350326,0.2915640958709118,5028.0,3620.88,1,4,2,0.9431452139083171,0.8470064012494318,0.04598255665832458,0.0031129272118766206,3584.45,-0.028514822503970527
2021-04-21,AMZN,3558.29,3655.55,3513.35,3584.45,3904072,3584.45,-0.0285148225039705,3876.239,4329.752,4501.3487,0.3211828659138224,4218.401533548277,3534.076466451723,32.12421470753678,-191.73738319881886,-185.94595827417362,-5.791424924645241,133.18000000000004,0.0158363939715979,3689.66,0.0031097412783631,3632.14,-0.0316457219573118,3620.88,0.0013075787783849,3867.15,-0.0166789318225349,3901.7,3653.268,61.11811736289866,0.3607306457234513,3739.21,3584.45,3750.876,115.86407565190652,0.32158472630119533,3914.04,3584.45,3876.239,171.08126677413867,0.3211828659138216,4213.35,3584.45,4329.752,434.5560495681979,0.2938603141496491,5028.0,3584.45,2,4,2,0.924723681898633,0.8278649677854923,0.039671358227890086,0.007351845970955853,3614.26,0.008316478120771853
2021-04-22,AMZN,3600.88,3702.61,3525.92,3614.26,2781063,3614.26,0.0083164781207718,3846.2845,4304.8134,4495.4318,0.323660528522721,4168.497546779147,3524.071453220853,32.659257561346,-189.97874704894866,-186.75251602912863,-3.226231019820034,135.58,-0.0285148225039705,3584.45,0.0158363939715979,3689.66,0.0031097412783631,3632.14,-0.0330837955600378,3739.21,0.0031627239408462,3914.04,3628.278,38.58365353338707,0.34849134328904174,3689.66,3584.45,3720.898,107.43214497224552,0.32769263226688455,3867.15,3584.45,3846.2845,161.1065233895736,0.32366052852272015,4209.26,3584.45,4304.8134,439.1902292582922,0.29556778341312706,5028.0,3584.45,3,4,2,0.9396756792169327,0.8395857530082861,0.04888690907680996,0.0037157583701751774,3702.55,0.024428237038840672
2021-04-23,AMZN,3692.08,3765.42,3639.68,3702.55,9251251,3702.55,0.0244282370388406,3820.949,4283.0436,4489.97525,0.3424063010504508,4099.7515399642,3542.1464600358,32.9649398931756,-179.39282132413337,-185.28057708812958,5.887755763996211,136.1707142857143,0.0083164781207718,3614.26,-0.0285148225039705,3584.45,0.0158363939715979,3689.66,-0.0316457219573118,3620.88,-0.0235689977619033,3821.79,3644.6119999999996,50.20556512962344,0.32065267011499954,3702.55,3584.45,3708.9739999999997,101.4399809630409,0.3505709876718455,3867.15,3584.45,3820.9489999999996,139.4012699820999,0.34240630105045,4001.27,3584.45,4283.0436,441.56778903042397,0.30248446096091186,5028.0,3584.45,4,4,2,0.9690131954127185,0.8644670346104194,0.033960378657942845,0.0028357998743248846,3831.25,0.03475982768632413
2021-04-26,AMZN,3866.9,3868.93,3793.57,3831.25,3302949,3831.25,0.0347598276863241,3814.254,4263.587,4485.71085,0.3132597322360537,4084.784585518561,3543.7234144814392,42.972358525855,-158.7879755702288,-179.98205678454943,21.19408121432062,136.84785714285712,0.0244282370388406,3702.55,0.0083164781207718,3614.26,-0.0285148225039705,3584.45,0.0031097412783631,3632.14,-0.0116306756781507,3777.34,3684.4339999999997,95.95784089893768,0.38369494239563506,3831.25,3584.45,3714.3650000000002,106.76948640778441,0.3931474524962458,3867.15,3584.45,3814.254,135.2652927592803,0.31325973223605286,4001.27,3584.45,4263.587,439.56922479250835,0.3149637081042492,5028.0,3584.45,0,4,2,1.0044559171987486,0.8985978238509266,0.019669820554644047,-0.009219271250870431,3854.88,0.006167699836867824
2021-04-27,AMZN,3870.15,3899.42,3810.35,3854.88,2521441,3854.88,0.0061676998368678,3807.8185,4241.6894,4481.190149999999,0.3137027796181384,4067.285470559918,3548.3515294400827,47.4815500132703,-138.95001407562813,-171.7756482427652,32.82563416713705,129.70714285714286,0.0347598276863241,3831.25,0.0244282370388406,3702.55,0.0083164781207718,3614.26,0.0158363939715979,3689.66,0.0224390708805666,3862.1,3717.478,122.87862617227889,0.3820982253129404,3854.88,3584.45,3713.643,105.67830178320462,0.3772733100572111,3867.15,3584.45,3807.8185000000003,129.73348527995887,0.3137027796181376,4001.27,3584.45,4241.6894,431.8934781624027,0.3058348020984014,5028.0,3584.45,1,4,2,1.0123591762577413,0.9088077028928829,0.0231057776117485,-0.003945583504514304,3890.94,0.00935437678993889
2021-04-28,AMZN,3893.34,3935.29,3846.6,3890.94,3852975,3890.94,0.0093543767899388,3804.224,4218.9482,4476.524600000001,0.3156442453709938,4056.542502515256,3551.905497484744,48.78836833530932,-118.9473945106206,-161.20999749633629,42.26260298571569,131.8957142857143,0.0061676998368678,3854.88,0.0347598276863241,3831.25,0.0244282370388406,3702.55,-0.0285148225039705,3584.45,0.0013075787783849,3867.15,3778.7760000000003,116.19167323861099,0.19779680948996772,3890.94,3614.26,3716.022,109.70888850855273,0.3801649400201188,3890.94,3584.45,3804.2239999999997,126.15925125762783,0.315644245370993,4001.27,3584.45,4218.9482,419.40067833822724,0.3039355878160245,4983.2,3584.45,2,4,2,1.0227946619334132,0.9222535607332362,0.02279397780484337,-0.0006164373006209256,3745.08,-0.037487085382966634
2021-04-29,AMZN,3780.2,3788.26,3701.9,3745.08,5751373,3745.08,-0.0374870853829666,3796.7765,4194.1858,4471.4168,0.3370689317139644,4046.71567864566,3546.83732135434,46.19067009579521,-113.55585616754524,-151.67916923057808,38.12331306303284,133.57,0.0093543767899388,3890.94,0.0061676998368678,3854.88,0.0347598276863241,3831.25,0.0083164781207718,3614.26,-0.0330837955600378,3739.21,3804.94,78.50024108236107,0.4389738930660614,3890.94,3702.55,3716.6089999999995,109.86233824910074,0.3916467217310768,3890.94,3584.45,3796.7765,124.9695893228299,0.3370689317139637,4001.27,3584.45,4194.1858,409.7973853518075,0.31250861186442386,4865.28,3584.45,3,4,2,0.9863841076763443,0.8929218157190619,0.02305958751214315,-0.009290513729429819,3890.06,0.03871212363954846
2021-04-30,AMZN,3921.43,3961.87,3818.26,3890.06,4027960,3890.06,0.0387121236395484,3795.4315,4174.6814,4466.7239,0.3658230996200812,4042.925093348156,3547.937906651843,55.08939859059846,-96.47227648373882,-140.63779068121025,44.165514197471424,143.28785714285715,-0.0374870853829666,3745.08,0.0093543767899388,3890.94,0.0061676998368678,3854.88,0.0244282370388406,3702.55,-0.0316457219573118,3620.88,3842.442,59.955928981125055,0.4832678106100184,3890.94,3745.08,3743.5269999999996,116.57282941007635,0.3895424941564267,3890.94,3584.45,3795.4314999999997,123.74679667407837,0.36582309962008036,4001.27,3584.45,4174.6814,400.3025628910939,0.3249933682755404,4841.41,3584.45,4,4,2,1.0249322112647732,0.9318220068240578,0.036917168372714755,-0.007999632787016953,3850.7,-0.010118095864845356
2021-05-03,AMZN,3851.62,3910.83,3790.57,3850.7,4857538,3850.7,-0.0101180958648453,3787.9030000000007,4157.274200000001,4461.66615,0.3581878452037954,4017.549720361065,3558.256279638936,49.463276835506136,-85.12813540401885,-129.53585962577196,44.407724221753114,142.15785714285715,0.0387121236395484,3890.06,-0.0374870853829666,3745.08,0.0093543767899388,3890.94,0.0347598276863241,3831.25,0.0031097412783631,3632.14,3846.332,59.6785700229974,0.4435669619242333,3890.94,3745.08,3765.3830000000003,113.82499325721024,0.3992259769428346,3890.94,3584.45,3787.9030000000007,114.82336018053222,0.3581878452037946,3967.88,3584.45,4157.274200000001,394.94636146836046,0.3200687360647551,4841.41,3584.45,0,5,2,1.016578302031225,0.9262559587719935,0.03123068532993184,-0.00023886053141271307,3787.25,-0.016477523567143604
2021-05-04,AMZN,3817.98,3835.38,3739.12,3787.25,2822689,3787.25,-0.0164775235671436,3778.8715,4136.3162,4456.8407,0.3613461172943488,3992.354408402432,3565.388591597569,46.43430917471432,-80.33169284407859,-119.6950262694333,39.36333342535471,147.00214285714284,-0.0101180958648453,3850.7,0.0387121236395484,3890.06,-0.0374870853829666,3745.08,0.0061676998368678,3854.88,0.0158363939715979,3689.66,3832.8059999999996,64.7089211777594,0.45692636860896413,3890.94,3745.08,3775.142,110.75346694349527,0.410071374748987,3890.94,3584.45,3778.8715,106.74145420121569,0.361346117294348,3914.04,3584.45,4136.3162,385.9414466950876,0.31472275905918623,4841.41,3584.45,1,5,2,1.0022171963240871,0.9156094014280349,0.025416859198620318,-0.008048758767723239,3770.6,-0.004396329790745335
2021-05-05,AMZN,3763.39,3800.7,3740.51,3770.6,7252670,3770.6,-0.0043963297907453,3772.3165,4116.6556,4452.29005,0.3573731348326121,3977.821392837033,3566.8116071629665,51.55533093446523,-76.98654049262586,-111.15332911407182,34.16678862144596,140.1014285714285,-0.0164775235671436,3787.25,-0.0101180958648453,3850.7,0.0387121236395484,3890.06,0.0093543767899388,3890.94,-0.0285148225039705,3584.45,3808.738,59.88042100711143,0.4433443865369242,3890.06,3745.08,3793.757,88.56195735192279,0.374657663073368,3890.94,3614.26,3772.3165,102.75244641851673,0.35737313483261146,3914.04,3584.45,4116.6556,378.8256360857202,0.3134834626039137,4841.41,3584.45,2,5,2,0.9995449745531693,0.9159376849496673,0.015962976714576894,0.0019158258910179707,3875.34,0.027778072455312275
2021-05-06,AMZN,3854.44,3896.43,3854.25,3875.34,5007710,3875.34,0.0277780724553122,3770.3815,4099.6274,4447.77415,0.3719848446584307,3970.936858549998,3569.826141450001,62.780255543958006,-65.13302750510456,-101.94926879227837,36.81624128717381,137.6899999999999,-0.0043963297907453,3770.6,-0.0164775235671436,3787.25,-0.0101180958648453,3850.7,-0.0374870853829666,3745.08,0.0083164781207718,3614.26,3834.79,53.227368899744775,0.3897698502755014,3890.06,3770.6,3819.8649999999993,65.15734703182663,0.39137214870862386,3890.94,3702.55,3770.3814999999995,100.27767927499919,0.37198484465842996,3890.94,3584.45,4099.6274,369.8718566670384,0.32168985425318075,4841.41,3584.45,3,5,2,1.0278376339367707,0.9452907842305508,0.010884206288993727,0.005422318157759537,4033.22,0.040739651230601526
2021-05-07,AMZN,4011.66,4071.04,3995.4,4033.22,6082251,4033.22,0.0407396512306015,3780.953,4083.463600000001,4443.9096500000005,0.388172202227677,4012.770876436979,3549.135123563021,67.55826781222457,-42.50941445214539,-90.06129792425178,47.55188347210638,145.5249999999999,0.0277780724553122,3875.34,-0.0043963297907453,3770.6,-0.0164775235671436,3787.25,0.0387121236395484,3890.06,0.0244282370388406,3702.55,3863.422,104.34719219983906,0.40025456221723066,4033.22,3770.6,3852.932,80.98875145491316,0.41898447154239454,4033.22,3745.08,3780.953,115.90893821848954,0.38817220222767634,4033.22,3584.45,4083.4636000000005,354.11745494535495,0.3310643755066509,4832.64,3584.45,4,5,2,1.0667204802595889,0.9876958374256137,0.01875424598707264,0.005374333816922315,4043.1,0.0024496556101576417
2021-05-10,AMZN,4056.22,4072.0,4014.19,4043.1,4629082,4043.1,0.0024496556101576,3794.241,4070.252,4440.33295,0.3843418960226751,4053.973386234196,3534.5086137658054,66.14618547197254,-23.51177557074243,-76.75139345354991,53.23961788280748,137.5357142857142,0.0407396512306015,4033.22,0.0277780724553122,3875.34,-0.0043963297907453,3770.6,-0.0101180958648453,3850.7,0.0347598276863241,3831.25,3901.9019999999996,130.6446788812733,0.3745093439221804,4043.1,3770.6,3874.1169999999997,100.13231114104875,0.3937910486962182,4043.1,3745.08,3794.2410000000004,129.8661931170975,0.3843418960226745,4043.1,3584.45,4070.2519999999995,342.64257993376947,0.3262896155404338,4832.64,3584.45,0,5,2,1.065588611793224,0.9933291599633159,0.01429843436966329,-0.0032345385605309024,4117.16,0.018317627563008587
2021-05-11,AMZN,4117.25,4202.43,4031.9,4117.16,5563614,4117.16,0.0183176275630085,3806.994,4055.9424,4437.487,0.3819453701745267,4103.236571545266,3510.7514284547347,75.04866694780581,-2.4517248736801776,-61.891459737575964,59.43973486389579,137.12285714285707,0.0024496556101576,4043.1,0.0407396512306015,4033.22,0.0277780724553122,3875.34,-0.0164775235671436,3787.25,0.0061676998368678,3854.88,3967.8839999999996,141.1514544026823,0.2917399202008317,4117.16,3770.6,3900.345,125.63575015364808,0.3989091773583229,4117.16,3745.08,3806.994,148.1212857726328,0.38194537017452607,4117.16,3584.45,4055.9424,324.61970236180326,0.32257219717523006,4811.53,3584.45,1,5,2,1.0814726789690023,1.0150933109895706,0.04141932788620281,-2.1859250713491687e-05,4121.14,0.0009666857736887469
2021-05-12,AMZN,4134.24,4151.02,4091.26,4121.14,2820948,4121.14,0.0009666857736887,3819.6935,4042.1346,4434.872950000001,0.3819729750579997,4146.947404212109,3492.439595787891,74.42748091502622,14.393747608333342,-46.63441826839411,61.02816587672745,128.7707142857142,0.0183176275630085,4117.16,0.0024496556101576,4043.1,0.0407396512306015,4033.22,-0.0043963297907453,3770.6,0.0093543767899388,3890.94,4037.9919999999997,99.60634879360903,0.26854882725531637,4121.14,3875.34,3923.3650000000002,143.53545804667846,0.39967811966685174,4121.14,3745.08,3819.6935000000003,163.6269521060546,0.38197297505799915,4121.14,3584.45,4042.1346000000003,305.97201905022297,0.32267782822897845,4713.97,3584.45,2,5,2,1.0789190284505605,1.0195454649132616,0.01450084200002565,-0.0031686597778542817,4045.63,-0.018322600057265714
2021-05-13,AMZN,4060.69,4124.46,3966.81,4045.63,3286194,4045.63,-0.0183226000572657,3835.0145,4028.7678,4432.06205,0.3665234676001208,4174.852497657035,3495.1765023429653,66.7398559625521,21.40414630383293,-33.0267053539487,54.43085165778163,129.23428571428568,0.0009666857736887,4121.14,0.0183176275630085,4117.16,0.0024496556101576,4043.1,0.0277780724553122,3875.34,-0.0374870853829666,3745.08,4072.05,43.26842959936113,0.3503239103097457,4121.14,4033.22,3953.4199999999996,133.14653923821717,0.3496786222126811,4121.14,3770.6,3835.0145,169.9189988285175,0.3665234676001201,4121.14,3584.45,4028.7678,290.21599245860216,0.32216583990950765,4693.91,3584.45,3,5,2,1.0549190883108643,1.0041854484636707,0.038967972849707246,-0.003708729304624642,4155.39,0.027130508721756597
2021-05-14,AMZN,4115.7,4208.22,4102.57,4155.39,6854371,4155.39,0.0271305087217565,3861.74,4017.9974,4430.14385,0.3492596598218176,4214.4971662146,3508.9828337854,66.11354145861443,35.40848549485008,-19.339667184188944,54.74815267903902,128.9635714285714,-0.0183226000572657,4045.63,0.0009666857736887,4121.14,0.0183176275630085,4117.16,0.0407396512306015,4033.22,0.0387121236395484,3890.06,4096.484,49.853066405141206,0.2781089294034944,4155.39,4043.1,3979.9530000000004,145.02467169800454,0.32513626034200155,4155.39,3770.6,3861.7400000000002,176.3785831073,0.349259659821817,4155.39,3584.45,4017.9973999999997,274.6002568172858,0.32909276982963764,4671.92,3584.45,4,5,2,1.0760408520508695,1.03419429788555,0.02542480970497958,0.00964356002623876,4109.89,-0.0109496340897004
2021-05-17,AMZN,4073.24,4136.47,4073.24,4109.89,7464744,4109.89,-0.0109496340897004,3885.6275,4007.5128,4428.6945,0.3549296265375957,4237.62292352732,3533.63207647268,62.40719296965592,42.347400980748716,-7.002253551201411,49.34965453195013,128.46928571428572,0.0271305087217565,4155.39,-0.0183226000572657,4045.63,0.0009666857736887,4121.14,0.0024496556101576,4043.1,-0.0101180958648453,3850.7,4109.842000000001,39.934325711043485,0.30425399993252167,4155.39,4045.63,4005.8720000000003,142.4970716892202,0.32637269790229284,4155.39,3770.6,3885.6275,175.99771176365994,0.3549296265375951,4155.39,3584.45,4007.5128000000004,260.2275535226914,0.32882331065791376,4671.92,3584.45,0,5,2,1.0577159030295473,1.025546318903579,0.01538483998354824,0.00899775117596595,4225.87,0.028219733374859057
2021-05-18,AMZN,4228.63,4315.69,4136.05,4225.87,2528100,4225.87,0.028219733374859,3912.438000000001,3998.5918,4427.36475,0.361933098703132,4282.790417064114,3542.0855829358866,65.1197645329845,56.55324757533299,5.7088466741054695,50.844400901227516,136.83428571428567,-0.0109496340897004,4109.89,0.0271305087217565,4155.39,-0.0183226000572657,4045.63,0.0183176275630085,4117.16,-0.0164775235671436,3787.25,4131.584000000001,66.00070514771907,0.3407182538136604,4225.87,4045.63,4049.7339999999995,135.03642703607503,0.31431084818743155,4225.87,3770.6,3912.4380000000006,185.176208532057,0.3619330987031314,4225.87,3584.45,3998.5918,244.13380106659062,0.3350940524426703,4618.6,3584.45,1,5,2,1.0801116848366463,1.056839560366963,0.04250958974127384,-0.0006526936620133625,4326.62,0.023841244524795968
2021-05-19,AMZN,4299.88,4398.41,4254.83,4326.62,4420216,4326.62,0.0238412445247959,3949.5465,3992.7522,4426.1386,0.3407874238935889,4330.112317381064,3568.980682618935,77.36710337975006,75.07573994914901,19.58222532911418,55.49351462003483,135.65571428571425,0.028219733374859,4225.87,-0.0109496340897004,4109.89,0.0271305087217565,4155.39,0.0009666857736887,4121.14,-0.0043963297907453,3770.6,4172.68,108.29350211345542,0.3600792439337229,4326.62,4045.63,4105.336,121.08205328069444,0.3069736004759109,4326.62,3875.34,3949.5464999999995,190.2829086905322,0.3407874238935883,4326.62,3614.26,3992.7522,232.20116251787002,0.3392065158861764,4463.21,3584.45,2,5,2,1.0954726067914138,1.0836184624728067,0.03318525777627033,0.006218778198459855,4375.53,0.01130443625740174
2021-05-20,AMZN,4387.13,4418.04,4333.02,4375.53,3366645,4375.53,0.0113044362574017,3987.61,3990.9986,4425.67075,0.3407948925244606,4379.101729024648,3596.1182709753507,75.11718628630533,92.63375260727707,34.192530784746765,58.44122182253031,126.70071428571426,0.0238412445247959,4326.62,0.028219733374859,4225.87,-0.0109496340897004,4109.89,-0.0183226000572657,4045.63,0.0277780724553122,3875.34,4238.660000000001,111.97047423315794,0.2612050237251906,4375.53,4109.89,4155.3550000000005,118.80675563003703,0.29728228585123456,4375.53,4033.22,3987.6099999999997,195.74586451232446,0.34079489252446,4375.53,3702.55,3990.9986,228.88309826071873,0.33194672684206605,4446.37,3584.45,3,5,2,1.097281328916043,1.096349670480692,0.019430788955847655,-0.0026440976219071965,4522.82,0.03366220777825779
2021-05-21,AMZN,4527.54,4626.37,4419.28,4522.82,3026726,4522.82,0.0336622077782577,4028.6235,3992.5276,4425.88025,0.3475535553279587,4463.803032910482,3593.4439670895185,81.28060018137839,117.08400466014245,50.77082555982591,66.31317910031655,136.02785714285713,0.0113044362574017,4375.53,0.0238412445247959,4326.62,0.028219733374859,4225.87,0.0271305087217565,4155.39,0.0407396512306015,4033.22,4312.146,155.6932883267605,0.2821583020409083,4522.82,4109.89,4204.3150000000005,157.47245214111277,0.2799910467824681,4522.82,4043.1,4028.6235,217.5897664552408,0.3475535553279581,4522.82,3745.08,3992.5276,232.21823647875578,0.3403950858956303,4522.82,3584.45,4,5,2,1.1226713044787822,1.1328212233270138,0.04578780495353659,-0.001042508735427895,4709.15,0.041197748307471915
2021-05-24,AMZN,4717.22,4736.96,4681.34,4709.15,4482721,4709.15,0.0411977483074719,4072.5185,3999.912,4427.3781500000005,0.3542538364015931,4592.67746781756,3552.35953218244,88.50169559375966,149.76982601597592,70.57062565105592,79.19920036492,143.35357142857146,0.0336622077782577,4522.82,0.0113044362574017,4375.53,0.0238412445247959,4326.62,-0.0109496340897004,4109.89,0.0024496556101576,4043.1,4431.998,188.31076514634617,0.17778326817501042,4709.15,4225.87,4270.92,212.8337899760208,0.310227113961932,4709.15,4045.63,4072.5184999999997,260.07948390877993,0.3542538364015925,4709.15,3745.08,3999.9120000000003,248.77138619172462,0.34761197798551907,4709.15,3584.45,0,5,2,1.1563237834275875,1.1773134008945254,0.011811048703054284,-0.0017107533674492405,4695.2,-0.002962318040410694
2021-05-25,AMZN,4676.65,4737.63,4652.77,4695.2,6313432,4695.2,-0.0029623180404106,4114.5345,4006.6812,4428.90575,0.357240279741518,4693.143407038415,3535.9255929615847,88.70173793553744,172.55877635440902,90.96825579172655,81.59052056268247,145.11571428571432,0.0411977483074719,4709.15,0.0336622077782577,4522.82,0.0113044362574017,4375.53,0.028219733374859,4225.87,0.0183176275630085,4117.16,4525.864,176.4767603113914,0.27991790574981934,4709.15,4326.62,4328.724,242.81734242476037,0.32301467222136243,4709.15,4045.63,4114.5345,289.3044535192076,0.35724027974151734,4709.15,3745.08,4006.6812,262.8835780468055,0.34774806710237893,4709.15,3584.45,1,5,2,1.1411254420150951,1.171842671186025,0.01807377747486403,0.003966514492210495,4628.21,-0.014267762821605023
2021-05-26,AMZN,4641.15,4720.96,4535.46,4628.21,4792055,4628.21,-0.014267762821605,4151.398,4013.9368,4430.2301,0.3676258867876927,4763.028080138729,3539.767919861272,82.54190547718598,183.10295366965602,109.39519536731245,73.70775830234356,149.37785714285718,-0.0029623180404106,4695.2,0.0411977483074719,4709.15,0.0336622077782577,4522.82,0.0238412445247959,4326.62,0.0009666857736887,4121.14,4586.181999999999,138.88971729399398,0.3739908643146074,4709.15,4375.53,4379.431,247.55046728787516,0.3475655877720801,4709.15,4045.63,4151.398,305.81504006936416,0.36762588678769204,4709.15,3745.08,4013.9368,274.9024289203037,0.34582187156634336,4709.15,3584.45,2,5,2,1.114855766659541,1.1530350951212902,0.04008029022018446,-0.0027881020867666015,4476.32,-0.03281830340455605
2021-05-27,AMZN,4505.82,4562.21,4390.43,4476.32,3520099,4476.32,-0.032818303404556,4187.96,4018.8848,4430.9583,0.360097651079222,4784.560603066181,3591.3593969338194,69.25215940408285,177.16083670958233,122.94832363576644,54.212513073815884,152.38357142857146,-0.014267762821605,4628.21,-0.0029623180404106,4695.2,0.0411977483074719,4709.15,0.0113044362574017,4375.53,-0.0183226000572657,4045.63,4606.339999999999,103.47111118571196,0.5017864705078312,4709.15,4476.32,4422.499999999999,218.82161375066482,0.38809610987612375,4709.15,4109.89,4187.96,298.30030153309036,0.36009765107922126,4709.15,3770.6,4018.8848000000003,281.00955892114786,0.3537800650154999,4709.15,3584.45,3,5,2,1.0688545258309368,1.1138214262819592,0.03837527254529644,-0.006547087988422407,4661.76,0.04142688637094771
2021-05-28,AMZN,4708.2,4712.04,4611.48,4661.76,4914739,4661.76,0.0414268863709477,4226.545,4027.2472,4431.81455,0.3631644258253639,4841.557933282909,3611.5320667170895,73.32207427882254,185.27933952764943,135.41452681414304,49.86481271350638,165.09142857142862,-0.032818303404556,4476.32,-0.014267762821605,4628.21,-0.0029623180404106,4695.2,0.0336622077782577,4522.82,0.0271305087217565,4155.39,4634.128,93.6215849577788,0.5318898534560488,4709.15,4476.32,4473.137,208.48730992823442,0.41126010684951947,4709.15,4109.89,4226.545,307.50646664145484,0.3631644258253632,4709.15,3770.6,4027.2472,293.7661632273241,0.36501608198284474,4709.15,3584.45,4,5,2,1.1029718126741574,1.1575549670749894,0.021571252059303526,-0.009863642156235872,4625.88,-0.007696663920922608
2021-05-31,AMZN,4657.2,4657.2,4597.02,4625.88,3463584,4625.88,-0.0076966639209226,4265.303999999999,4035.2,4432.66445,0.3615421179763963,4878.287744968638,3652.32025503136,69.74599428566603,186.66632219676012,145.66488589066648,41.00143630609364,157.53500000000003,0.0414268863709477,4661.76,-0.032818303404556,4476.32,-0.014267762821605,4628.21,0.0411977483074719,4709.15,-0.0109496340897004,4109.89,4617.474,83.83459178648286,0.4355777002498546,4695.2,4476.32,4524.736,168.64166436560217,0.40650387681442146,4709.15,4225.87,4265.303999999999,306.49187248431946,0.3615421179763957,4709.15,3770.6,4035.2,304.5046210030999,0.3654607067514192,4709.15,3584.45,0,5,2,1.0845369990038027,1.1463818398093908,0.013009416586678937,-0.006725070858024775,4722.25,0.02083279289562201
2021-06-01,AMZN,4727.68,4826.91,4617.6,4722.25,4716844,4722.25,0.020832792895622,4312.053999999999,4044.6822,4434.3138500000005,0.3501213465141558,4914.043833815184,3710.064166184815,71.77067110861265,193.3133733227387,155.19458337708093,38.11878994565777,168.21714285714282,-0.0076966639209226,4625.88,0.0414268863709477,4661.76,-0.032818303404556,4476.32,-0.0029623180404106,4695.2,0.028219733374859,4225.87,4622.884,90.69632533904752,0.4681540097819082,4722.25,4476.32,4574.374000000001,141.8182257680592,0.39998723384534446,4722.25,4326.62,4312.053999999999,300.994916907592,0.3501213465141551,4722.25,3770.6,4044.6821999999997,318.33844137056616,0.3678468634485423,4722.25,3584.45,1,6,2,1.095127751182825,1.1675206521785153,0.04432420985757957,-0.0011485548937320508,4660.54,-0.013067923129863934
2021-06-02,AMZN,4631.96,4713.08,4608.0,4660.54,6992797,4660.54,-0.0130679231298639,4356.551,4051.8674,4435.95005,0.3565784708905924,4920.378382688592,3792.723617311409,72.49533564952263,191.39544046334686,162.43475479433414,28.96068566901272,165.11714285714282,0.020832792895622,4722.25,-0.0076966639209226,4625.88,0.0414268863709477,4661.76,-0.014267762821605,4628.21,0.0238412445247959,4326.62,4629.35,92.30906781029964,0.46567978612206823,4722.25,4476.32,4607.766,113.48223592752834,0.41074562808783066,4722.25,4375.53,4356.551,281.9136913442956,0.3565784708905918,4722.25,3875.34,4051.8674,328.15146587879894,0.36870604018843306,4722.25,3584.45,2,6,2,1.0697774455065323,1.1502202663391328,0.02254674351040381,0.006170174181122841,4792.29,0.02826925635226818
2021-06-03,AMZN,4809.68,4835.01,4749.57,4792.29,1742691,4792.29,0.0282692563522681,4402.3985,4063.4462,4437.82995,0.3568911560184211,4950.370040262714,3854.4269597372863,72.93085818726252,198.2216134029868,169.59212651606467,28.629486886922138,165.96571428571426,-0.0130679231298639,4660.54,0.020832792895622,4722.25,-0.0076966639209226,4625.88,-0.032818303404556,4476.32,0.0113044362574017,4375.53,4692.544,65.66526958756684,0.37279241278269293,4792.29,4625.88,4649.442,93.48239166340936,0.4234748233255669,4792.29,4476.32,4402.3985,273.9857701313569,0.3568911560184204,4792.29,4033.22,4063.4462,343.8061689732124,0.36976167193292747,4792.29,3584.45,3,6,2,1.088563427413241,1.1793659283587465,0.017828637248576917,-0.0036156251559348457,4733.16,-0.012338568826177121
2021-06-04,AMZN,4774.59,4805.68,4660.65,4733.16,5502460,4733.16,-0.0123385688261771,4437.3955000000005,4073.9242,4440.057150000001,0.3476710476369987,4975.405565899768,3899.3854341002334,72.2220241441195,196.5938957528133,174.99248036341442,21.60141538939888,170.45714285714283,0.0282692563522681,4792.29,-0.0130679231298639,4660.54,0.020832792895622,4722.25,0.0414268863709477,4661.76,0.0336622077782577,4522.82,4706.824,65.05790367056203,0.3139194193642662,4792.29,4625.88,4670.476000000001,85.11554175876928,0.4126787899631209,4792.29,4476.32,4437.3955000000005,269.0050329498836,0.3476710476369981,4792.29,4043.1,4073.9242000000004,356.10411498684977,0.37124264740491353,4792.29,3584.45,4,6,2,1.0666527245540616,1.1618183764928267,0.030641262919480855,-0.008677184847283559,4633.59,-0.021036685850467696
2021-06-07,AMZN,4606.88,4741.11,4526.07,4633.59,2161218,4633.59,-0.0210366858504676,4466.92,4087.2930000000006,4442.074799999999,0.3625536453034829,4977.95607160768,3955.88392839232,64.70893820824128,185.1353261322747,177.02104951718647,8.114276615088244,171.11714285714288,-0.0123385688261771,4733.16,0.0282692563522681,4792.29,-0.0130679231298639,4660.54,-0.0076966639209226,4625.88,0.0411977483074719,4709.15,4708.366,62.70869580854133,0.3547246823408771,4792.29,4633.59,4662.92,84.65345461218757,0.37584059168264145,4792.29,4476.32,4466.92,255.5180358038403,0.362553645303482,4792.29,4045.63,4087.2930000000006,364.388070641049,0.3488050565050104,4792.29,3584.45,0,6,2,1.0373120628976928,1.1336574109071373,0.04640893993641076,0.005797850171915534,4617.1,-0.003558795663837322
2021-06-08,AMZN,4594.56,4644.2,4589.99,4617.1,6537961,4617.1,-0.0035587956638373,4491.917,4099.963199999999,4443.44785,0.3618800556358571,4979.278281839038,4004.555718160961,61.15771683117755,172.73256843946183,176.16335330164156,-3.4307848621797348,162.66500000000002,-0.0210366858504676,4633.59,-0.0123385688261771,4733.16,0.0282692563522681,4792.29,0.020832792895622,4722.25,-0.0029623180404106,4695.2,4687.336,73.57807914051388,0.30565196543989187,4792.29,4617.1,4655.110000000001,84.94663645162407,0.3759234495614591,4792.29,4476.32,4491.9169999999995,243.68064091951922,0.36188005563585623,4792.29,4045.63,4099.963199999999,371.6501833902906,0.3491351368857381,4792.29,3584.45,1,6,2,1.0278685024676484,1.1261320589411326,0.011741136211039026,0.004905801643681888,4573.97,-0.009341361460657116
2021-06-09,AMZN,4541.86,4666.9,4481.05,4573.97,3100254,4573.97,-0.0093413614606571,4514.5585,4112.186,4444.5056,0.3656090624649927,4970.450731276096,4058.666268723905,57.65633681029141,157.60627601985652,172.4519378452846,-14.845661825428067,169.41,-0.0035587956638373,4617.1,-0.0210366858504676,4633.59,-0.0123385688261771,4733.16,-0.0130679231298639,4660.54,-0.014267762821605,4628.21,4670.022,89.84693411579136,0.3000465735547314,4792.29,4573.97,4649.686,88.51193970934695,0.3720042296326283,4792.29,4476.32,4514.5585,227.94611563804784,0.36560906246499186,4792.29,4045.63,4112.186,377.05832850893887,0.34976890643050473,4792.29,3584.45,2,6,2,1.0131599800952822,1.1122964768614279,0.04063209859267962,0.007069790790555744,4624.2,0.010981707357066162
2021-06-10,AMZN,4646.09,4700.27,4548.13,4624.2,2457699,4624.2,0.0109817073570661,4543.487,4126.7894,4445.7349,0.3549513852133188,4944.175712152363,4142.798287847637,54.228183440302296,147.9660608646691,167.5547624491615,-19.588701584492412,162.35999999999999,-0.0093413614606571,4573.97,-0.0035587956638373,4617.1,-0.0210366858504676,4633.59,0.0282692563522681,4792.29,-0.032818303404556,4476.32,4636.404,58.713772915787594,0.18886282931680914,4733.16,4573.97,4664.474,65.75728775834074,0.32942891777059824,4792.29,4573.97,4543.487,200.3443560761818,0.3549513852133179,4792.29,4109.89,4126.7894,382.53663298185904,0.34701474439016106,4792.29,3584.45,3,6,2,1.0177645495626997,1.1205321017832601,0.032900826088829944,-0.0047114885850243135,4620.79,-0.0007374248518662307
2021-06-11,AMZN,4612.16,4683.21,4558.37,4620.79,5282513,4620.79,-0.0007374248518662,4566.757,4140.866,4446.08635,0.3476369810070696,4924.2765169115055,4209.237483088494,45.65131799059088,138.45494003522344,161.7347979663739,-23.279857931150445,155.98142857142855,0.0109817073570661,4624.2,-0.0093413614606571,4573.97,-0.0035587956638373,4617.1,-0.0123385688261771,4733.16,0.0414268863709477,4661.76,4613.93,23.161922416031054,0.18637213428544622,4633.59,4573.97,4660.377,67.20553880116928,0.2522829688111984,4792.29,4573.97,4566.757,178.75975845575314,0.34763698100706875,4792.29,4109.89,4140.866,387.57435587857105,0.34711632134796816,4792.29,3584.45,4,6,2,1.011831809750111,1.1158994278005816,0.02701702522728216,0.0018711406369246162,4674.18,0.011554301320769955
2021-06-14,AMZN,4633.3,4767.11,4581.25,4674.18,4627248,4674.18,0.0115543013207699,4594.9715,4154.3242,4446.59935,0.3426138208056271,4882.9908921304,4306.9521078696,49.004150163271966,133.68440445619672,156.12471926433847,-22.44031480814175,163.19571428571427,-0.0007374248518662,4620.79,0.0109817073570661,4624.2,-0.0093413614606571,4573.97,-0.0210366858504676,4633.59,-0.0076966639209226,4625.88,4622.048000000001,35.56661313656954,0.1460828313230461,4674.18,4573.97,4665.207,66.1785890266289,0.2559644643593325,4792.29,4573.97,4594.9715,144.00969606519973,0.34261382080562625,4792.29,4225.87,4154.3242,394.2536427799501,0.3451765375736411,4792.29,3584.45,0,6,2,1.0172380829780954,1.1251360690624181,0.039763124227128584,0.008823085058164004,4650.63,-0.0050383168812497825
2021-06-15,AMZN,4685.5,4763.72,4537.54,4650.63,2682152,4650.63,-0.0050383168812497,4616.2095,4167.9792,4447.2799,0.3351304859552371,4846.485287558739,4385.9337124412605,51.10777318742663,126.54470388053596,150.20871618757798,-23.664012307042015,166.10142857142858,0.0115543013207699,4674.18,-0.0007374248518662,4620.79,0.0109817073570661,4624.2,-0.0035587956638373,4617.1,0.020832792895622,4722.25,4628.753999999999,37.508438117396025,0.14981894485484654,4674.18,4573.97,4658.045,63.12429841194215,0.2321136579320245,4792.29,4573.97,4616.2095,115.1378937793696,0.33513048595523626,4792.29,4326.62,4167.9792,399.45360292421685,0.3446801297414382,4792.29,3584.45,1,6,2,1.007456442347123,1.115799714163373,0.04863427105573904,-0.007442108633015141,4596.15,-0.01171454190077481
2021-06-16,AMZN,4601.45,4640.2,4552.1,4596.15,2423213,4596.15,-0.0117145419007748,4629.686,4181.8682,4447.79815,0.3323866582272887,4815.943287292289,4443.428712707711,56.55145265787701,115.1628335847272,143.19953966700783,-28.03670608228063,156.155,-0.0050383168812497,4650.63,0.0115543013207699,4674.18,-0.0007374248518662,4620.79,-0.0093413614606571,4573.97,-0.0130679231298639,4660.54,4633.1900000000005,29.961956711914212,0.16114127463373848,4674.18,4596.15,4651.606000000001,66.05742639720513,0.23030627782858418,4792.29,4573.97,4629.686,93.12864364614481,0.33238665822728786,4792.29,4375.53,4181.8682,402.0705661777354,0.3433697532674318,4792.29,3584.45,2,6,2,0.9927563121989281,1.099066202038338,0.019168216877164645,-0.0011518108422343021,4548.98,-0.010262937458525134
2021-06-17,AMZN,4533.61,4584.79,4513.16,4548.98,3711001,4548.98,-0.0102629374585251,4638.3585,4194.567,4448.53085,0.3342511650382689,4787.178336011654,4489.538663988346,42.73568134310885,101.17016787052125,134.7936653077105,-33.62349743718926,145.24571428571426,-0.0117145419007748,4596.15,-0.0050383168812497,4650.63,0.0115543013207699,4674.18,0.0109817073570661,4624.2,0.0282692563522681,4792.29,4618.146,48.65637090871409,0.14838795221362347,4674.18,4548.98,4627.275,51.739072544623525,0.16327917566116565,4733.16,4548.98,4638.3585,74.40991800582692,0.334251165038268,4792.29,4476.32,4194.567,403.4633843247873,0.34475959117388955,4792.29,3584.45,3,6,2,0.980730575266879,1.0844933457968164,0.015746387102160125,0.003390234272466423,4720.43,0.03768976781608191
2021-06-18,AMZN,4705.7,4830.21,4610.64,4720.43,2471090,4720.43,0.0376897678160819,4648.239,4212.5398,4449.613249999999,0.3395503388451868,4790.871381781421,4505.606618218578,55.18462871283838,102.73123982810375,128.38118021178917,-25.64994038368542,160.70928571428573,-0.0102629374585251,4548.98,-0.0117145419007748,4596.15,-0.0050383168812497,4650.63,-0.0007374248518662,4620.79,-0.0123385688261771,4733.16,4638.074,66.9685928626752,0.3294815455960555,4720.43,4548.98,4626.0019999999995,48.924431706232646,0.26379926360759126,4720.43,4548.98,4648.239,71.31619089071097,0.3395503388451861,4792.29,4476.32,4212.5398,406.5225989174107,0.34767733742737367,4792.29,3584.45,4,6,2,1.015530827911169,1.1205662674092431,0.04651483021672881,0.0031302462970434456,4740.49,0.0042496128530662425
2021-06-21,AMZN,4720.6,4827.62,4653.36,4740.49,2616153,4740.49,0.0042496128530662,4649.806,4231.8028,4450.55755,0.3072886975080331,4795.902557746145,4503.709442253854,51.09153580917836,104.383803443553,123.58170485814195,-19.19790141458894,158.20571428571435,0.0376897678160819,4720.43,-0.0102629374585251,4548.98,-0.0117145419007748,4596.15,0.0115543013207699,4674.18,-0.0210366858504676,4633.59,4651.336,81.00179059753553,0.32358093774855734,4740.49,4548.98,4636.692,60.96407280795246,0.23689990647069603,4740.49,4548.98,4649.806,73.04827887307297,0.3072886975080324,4792.29,4476.32,4231.8027999999995,408.295359713312,0.3457184094767115,4792.29,3584.45,0,6,2,1.0195027491467343,1.1202057903073552,0.03675991300476606,0.00421344744312062,4575.06,-0.03489723636164177
2021-06-22,AMZN,4570.99,4638.02,4512.11,4575.06,4189337,4575.06,-0.0348972363616417,4643.799000000001,4246.062,4450.2050500000005,0.3319882397804974,4791.9025471198565,4495.695452880145,45.44951237102735,91.29229284661415,117.12382245583639,-25.831529609222244,166.35785714285723,0.0042496128530662,4740.49,0.0376897678160819,4720.43,-0.0102629374585251,4548.98,-0.0050383168812497,4650.63,-0.0035587956638373,4617.1,4636.222,87.92116508558486,0.4240559490843917,4740.49,4548.98,4632.487999999999,63.846590755584764,0.302153272534082,4740.49,4548.98,4643.799000000001,74.05177355992764,0.3319882397804967,4792.29,4476.32,4246.062,407.56942674386244,0.3545110196900552,4792.29,3584.45,1,6,2,0.9851976797443244,1.0774830890361287,0.027520950544905033,0.0008903979225506352,4533.28,-0.009132120671641597
2021-06-23,AMZN,4518.5,4607.92,4458.64,4533.28,2718134,4533.28,-0.0091321206716415,4639.0525,4259.384599999999,4449.12645,0.3297773832327466,4795.129731472818,4482.9752685271815,34.751021464921024,76.66216582226843,109.03149112912281,-32.36932530685438,164.55857142857147,-0.0348972363616417,4575.06,0.0042496128530662,4740.49,0.0376897678160819,4720.43,-0.0117145419007748,4596.15,-0.0093413614606571,4573.97,4623.647999999999,98.8955103632436,0.4210935411677659,4740.49,4533.28,4628.419,69.07305930036078,0.3019884989720133,4740.49,4533.28,4639.0525,78.03861573640933,0.3297773832327458,4792.29,4476.32,4259.384599999999,405.8142315385433,0.3556368015959068,4792.29,3584.45,2,6,2,0.9771995466744604,1.0643039841950257,0.03292979917410061,0.0032709970122820568,4542.04,0.0019323756750080356
2021-06-24,AMZN,4546.4,4632.48,4451.6,4542.04,4744139,4542.04,0.001932375675008,4642.3385,4275.4412,4448.2636,0.3073818991750821,4786.285923190439,4498.391076809561,38.03855300972272,65.02497609297006,100.23018812189227,-35.205212028922205,167.11928571428567,-0.0091321206716415,4533.28,-0.0348972363616417,4575.06,0.0042496128530662,4740.49,-0.0102629374585251,4548.98,0.0109817073570661,4624.2,4622.26,100.24496321514802,0.41574239367820565,4740.49,4533.28,4620.2029999999995,74.31785549621064,0.2955084980513362,4740.49,4533.28,4642.3385,71.97371159521947,0.3073818991750813,4792.29,4533.28,4275.4412,400.6626163766588,0.3456974169646188,4792.29,3584.45,3,6,2,0.9783948326902533,1.0623558569812483,0.039823515424778154,-0.0009590005278899159,4696.33,0.03396931775149481
2021-06-25,AMZN,4722.02,4792.42,4600.24,4696.33,7259796,4696.33,0.0339693177514948,4644.067,4296.9502,4448.5653,0.2952429702340301,4789.815320362296,4498.318679637704,53.67493732486181,67.47452857180451,93.67905621187472,-26.20452764007021,169.6435714285714,0.001932375675008,4542.04,-0.0091321206716415,4533.28,-0.0348972363616417,4575.06,0.0376897678160819,4720.43,-0.0007374248518662,4620.79,4617.4400000000005,94.77481812172618,0.39478665230875565,4740.49,4533.28,4627.757,78.12571010166204,0.3455805373744257,4740.49,4533.28,4644.067,72.87416018114816,0.29524297023402923,4792.29,4533.28,4296.9502,393.61125645763326,0.3421423114450384,4792.29,3584.45,4,6,2,1.0112537136089959,1.0929449449981772,0.040921315154590784,-0.005440468274169754,4785.0,0.018880700461850086
2021-06-28,AMZN,4801.7,4896.96,4673.04,4785.0,3769235,4785.0,0.01888070046185,4652.022999999999,4320.0074,4449.3276000000005,0.3004441925035671,4810.41465715672,4493.631342843279,59.067833224425385,75.69814343617054,90.0828736567339,-14.384730220563355,181.76571428571424,0.0339693177514948,4696.33,0.001932375675008,4542.04,-0.0091321206716415,4533.28,0.0042496128530662,4740.49,0.0115543013207699,4674.18,4626.342,110.07711805823445,0.4194158423243203,4785.0,4533.28,4638.839,92.05964135035252,0.35322253036819773,4785.0,4533.28,4652.022999999999,79.19582857836012,0.30044419250356624,4792.29,4533.28,4320.0074,387.593294127077,0.34341916436374176,4792.29,3584.45,0,6,2,1.028584768389789,1.1076369915474893,0.04679623824450434,-0.0034779348980561757,4707.15,-0.01626959247648907
2021-06-29,AMZN,4687.8,4770.87,4643.43,4707.15,4213757,4707.15,-0.016269592476489,4651.267999999999,4340.3572,4450.057400000001,0.298229027580513,4808.389046276963,4494.146953723035,56.93270311831394,75.06823321952015,87.07994556929114,-12.011712349770988,178.60285714285712,0.01888070046185,4785.0,0.0339693177514948,4696.33,0.001932375675008,4542.04,-0.0348972363616417,4575.06,-0.0050383168812497,4650.63,4652.76,110.54232605661531,0.3262568486094286,4785.0,4533.28,4644.491,94.56491720271053,0.36431952247638216,4785.0,4533.28,4651.267999999999,78.56052313848181,0.29822902758051206,4792.29,4533.28,4340.3572,380.46790073533407,0.34612607689205205,4792.29,3584.45,1,6,2,1.0120143582349992,1.0845075147268788,0.027073707020165604,0.004127735824906209,4917.51,0.04468946177623412
2021-06-30,AMZN,4920.33,4970.95,4864.06,4917.51,8966837,4917.51,0.0446894617762341,4664.1165,4367.0184,4451.76685,0.3330792242569105,4861.339597641145,4466.893402358855,63.086601525112016,90.50009007861718,87.76397447115635,2.7361156074608317,186.5785714285714,-0.016269592476489,4707.15,0.01888070046185,4785.0,0.0339693177514948,4696.33,-0.0091321206716415,4533.28,-0.0117145419007748,4596.15,4729.606,137.08480670741275,0.38815150213522864,4917.51,4542.04,4676.6269999999995,125.7678678315277,0.41392717969359205,4917.51,4533.28,4664.1165,98.6115488205723,0.3330792242569096,4917.51,4533.28,4367.0184,373.051510129131,0.3485548045811005,4917.51,3614.26,2,6,2,1.054328295615889,1.1260566248126809,0.02173661060170242,-0.0005731322899072086,4915.67,-0.0003741731079347499
2021-07-01,AMZN,4949.11,5003.14,4828.21,4915.67,2487439,4915.67,-0.0003741731079347,4670.2855,4393.0466,4452.99175,0.3193735912820818,4890.739624453211,4449.831375546789,63.1751081237405,101.41245553712906,90.49367068435089,10.918784852778174,190.15642857142853,0.0446894617762341,4917.51,-0.016269592476489,4707.15,0.01888070046185,4785.0,0.001932375675008,4542.04,-0.0102629374585251,4548.98,4804.332,108.03692572454244,0.3939597213743612,4917.51,4696.33,4713.296,137.33966524237772,0.4052076182565725,4917.51,4533.28,4670.2855,110.22706222660564,0.31937359128208104,4917.51,4533.28,4393.0466,364.7673018632624,0.3488778626359656,4917.51,3702.55,3,7,3,1.0525416486848496,1.1189660496655967,0.03558619679513977,-0.006756770409223647,5028.14,0.02287989226290632
2021-07-02,AMZN,4984.72,5095.09,4961.2,5028.14,6441673,5028.14,0.0228798922629063,4685.0345,4419.5584,4454.8452,0.3236275728660286,4956.717783136452,4413.351216863548,65.02172879667418,117.77829792727698,95.95059613293611,21.827701794340868,189.69642857142858,-0.0003741731079347,4915.67,0.0446894617762341,4917.51,-0.016269592476489,4707.15,0.0339693177514948,4696.33,0.0376897678160819,4720.43,4870.694,125.59251860684913,0.3695193972462785,5028.14,4707.15,4744.067,169.7602750318466,0.3809964664940106,5028.14,4533.28,4685.0345,135.84164156822573,0.32362757286602784,5028.14,4533.28,4419.5584,361.7169469567979,0.34848358292309545,5028.14,3745.08,4,7,3,1.073234359319857,1.1377019025246644,0.026628136845826423,0.008710619653659856,4925.61,-0.02039123811190635
2021-07-05,AMZN,4884.07,5008.82,4842.41,4925.61,6138849,4925.61,-0.0203912381119063,4699.6355,4441.4456,4456.11865,0.3229933329758523,4990.395784950031,4408.8752150499695,60.93672940097908,121.07930495172695,100.97633789669429,20.102967055032664,186.80714285714288,0.0228798922629063,5028.14,-0.0003741731079347,4915.67,0.0446894617762341,4917.51,0.01888070046185,4785.0,0.0042496128530662,4740.49,4898.816,117.05980727821287,0.4358130959313515,5028.14,4707.15,4762.579,179.16010322551438,0.40458917196840605,5028.14,4533.28,4699.6355,145.38014247501542,0.3229933329758515,5028.14,4533.28,4441.4456,358.48739220797324,0.3473732925012376,5028.14,3745.08,0,7,3,1.0480834098727339,1.1090105437740565,0.03378464799283055,0.00850520160439786,4718.4,-0.042067886008027466
2021-07-06,AMZN,4723.7,4781.63,4655.17,4718.4,5629503,4718.4,-0.0420678860080274,4704.7005,4458.715999999999,4456.39105,0.3605144451638567,4992.925282124194,4416.4757178758055,54.335506109952895,105.75617022784263,101.93230436292397,3.823865864918659,199.08642857142857,-0.0203912381119063,4925.61,0.0228798922629063,5028.14,-0.0003741731079347,4915.67,-0.016269592476489,4707.15,-0.0348972363616417,4575.06,4901.066000000001,112.4730622416425,0.5442549641369094,5028.14,4718.4,4776.913,167.86861807509933,0.42504031151587446,5028.14,4533.28,4704.7005,144.11239106209712,0.3605144451638559,5028.14,4533.28,4458.715999999999,350.36070360793104,0.3632487445034556,5028.14,3745.08,1,7,3,1.002911875049006,1.0582418795004978,0.02680145812139141,-0.0011220018206065288,4601.15,-0.02484952526280093
2021-07-07,AMZN,4613.95,4638.23,4564.06,4601.15,6705938,4601.15,-0.0248495252628009,4706.0595,4472.9202,4455.7334,0.3706628340994959,4991.935641268083,4420.183358731918,51.76255954544094,83.19239037035095,98.18432156440937,-14.991931194058424,204.1828571428571,-0.0420678860080274,4718.4,-0.0203912381119063,4925.61,0.0228798922629063,5028.14,0.0446894617762341,4917.51,-0.0091321206716415,4533.28,4837.794,173.39494724475395,0.39580993587414903,5028.14,4601.15,4783.7,158.0062643624514,0.4448879902968593,5028.14,4542.04,4706.0595,142.93807063404137,0.3706628340994951,5028.14,4533.28,4472.9202,341.1477746205035,0.3688765908305216,5028.14,3745.08,2,7,3,0.977707570420438,1.0286680276565119,0.016119883072706398,-0.002774195645812678,4340.49,-0.05665105462764741
2021-07-08,AMZN,4315.44,4402.95,4278.04,4340.49,4475080,4340.49,-0.0566510546276474,4691.874,4484.8284,4454.05075,0.4199035825218016,5019.901618246762,4363.846381753237,37.89352264872255,43.772763526214476,87.3020099567704,-43.52924643055593,207.17428571428562,-0.0248495252628009,4601.15,-0.0420678860080274,4718.4,-0.0203912381119063,4925.61,-0.0003741731079347,4915.67,0.001932375675008,4542.04,4722.758,271.7275388509754,0.47648491812187455,5028.14,4340.49,4763.545,199.62941345569757,0.533018678930634,5028.14,4340.49,4691.874,164.01380912338115,0.41990358252180093,5028.14,4340.49,4484.8284,325.24416392108526,0.38213105679116116,5028.14,3770.6,3,7,3,0.9251079632571281,0.9678162937068074,0.02877785687790343,0.005804738334907768,4509.53,0.038944911749595024
2021-07-09,AMZN,4531.65,4594.4,4424.67,4509.53,3168069,4509.53,0.038944911749595,4686.311,4497.2178,4454.1156,0.4453758630888334,5023.071893460363,4349.5501065396365,43.278778213297,25.874277952874763,75.01646355599128,-49.142185603116516,212.8635714285713,-0.0566510546276474,4340.49,-0.0248495252628009,4601.15,-0.0420678860080274,4718.4,0.0228798922629063,5028.14,0.0339693177514948,4696.33,4619.036,220.09098636701577,0.5791169374805388,4925.61,4340.49,4744.865,214.78243887710946,0.5434311559748691,5028.14,4340.49,4686.311,168.38044673018166,0.4453758630888328,5028.14,4340.49,4497.2178,313.7199583099407,0.3822425340823582,5028.14,3770.6,4,7,3,0.9622771514735231,1.0027377370958097,0.03763806871225203,-0.004881224278131588,4527.83,0.004058072570755744
2021-07-12,AMZN,4541.08,4622.85,4432.81,4527.83,6197361,4527.83,0.0040580725707557,4678.9935,4510.7604,4454.07635,0.4433988539048175,5023.143305831261,4334.843694168738,48.4968268816373,13.016213438687373,62.6164135325305,-49.60020009384313,210.12499999999986,0.038944911749595,4509.53,-0.0566510546276474,4340.49,-0.0248495252628009,4601.15,-0.0203912381119063,4925.61,0.01888070046185,4785.0,4539.4800000000005,138.24371631290953,0.606125769258089,4718.4,4340.49,4719.147999999999,224.61403848478344,0.5312808382503545,5028.14,4340.49,4678.9935,172.07490291563101,0.4433988539048168,5028.14,4340.49,4510.7604,299.5361086948824,0.38101698867666267,5028.14,3770.6,0,7,3,0.9676931587955897,1.003784195675522,0.041971540450935214,-0.002917808098513367,4453.93,-0.01632128414715206
2021-07-13,AMZN,4491.64,4520.15,4387.72,4453.93,6292958,4453.93,-0.016321284147152,4669.1585,4524.094,4453.2564,0.4464863682892683,5027.664234654287,4310.652765345712,47.52515391723359,-3.1012583423853357,49.47287915754734,-52.574137499932675,209.46999999999986,0.0040580725707557,4527.83,0.038944911749595,4509.53,-0.0566510546276474,4340.49,-0.0420678860080274,4718.4,-0.016269592476489,4707.15,4486.586,97.1633422644728,0.5626711084817329,4601.15,4340.49,4693.826,239.87214076577322,0.5313115939662707,5028.14,4340.49,4669.1585,179.25286732714375,0.44648636828926763,5028.14,4340.49,4524.094,280.9330405804673,0.38097496094263994,5028.14,3770.6,1,7,3,0.9539042206425519,0.9844910384264817,0.029733291722135197,-0.008395597153821686,4491.21,0.008370136037162634
2021-07-14,AMZN,4461.48,4528.51,4453.91,4491.21,6224044,4491.21,0.0083701360371626,4663.9115,4538.5062,4452.4322,0.4462521625914532,5029.909781806449,4297.913218193551,48.442374283284906,-12.71966206439538,37.0343709131588,-49.75403297755418,201.87857142857138,-0.016321284147152,4453.93,0.0040580725707557,4527.83,0.038944911749595,4509.53,-0.0248495252628009,4601.15,0.0446894617762341,4917.51,4464.598,74.56871140097985,0.560442881543798,4527.83,4340.49,4651.196,233.49835541652467,0.4630915730461434,5028.14,4340.49,4663.9115,182.99914090322468,0.4462521625914525,5028.14,4340.49,4538.5062,259.12678581357045,0.3806869097929435,5028.14,3875.34,2,7,3,0.962970673864424,0.9895789059402431,0.016610223080190806,0.006663708007206982,4507.39,0.003602592619806222
2021-07-15,AMZN,4530.05,4567.31,4447.47,4507.39,4071840,4507.39,0.0036025926198062,4661.832,4551.147199999999,4451.9513,0.4450558094072938,5031.038337893951,4292.625662106049,43.6747592962951,-18.819782791731086,25.863540172180826,-44.68332296391191,192.55428571428567,0.0083701360371626,4491.21,-0.016321284147152,4453.93,0.0040580725707557,4527.83,-0.0566510546276474,4340.49,-0.0003741731079347,4915.67,4497.978,27.83526755760316,0.3158751141663649,4527.83,4453.93,4610.368,217.2448058348502,0.4655031394612343,5028.14,4340.49,4661.832,184.60316894697556,0.4450558094072931,5028.14,4340.49,4551.147199999999,240.890225240627,0.37669894727813985,5028.14,4033.22,3,7,3,0.9668709640328165,0.9903854570994781,0.026587448612162147,-0.005002152294123652,4558.91,0.011430118094950537
2021-07-16,AMZN,4520.95,4653.4,4464.42,4558.91,3003614,4558.91,0.0114301180949505,4653.755999999999,4561.661,4452.18925,0.4247950709540076,5024.627816891253,4282.884183108746,42.23799943655798,-19.27475164885618,16.83588180797343,-36.11063345682961,190.05857142857135,0.0036025926198062,4507.39,0.0083701360371626,4491.21,-0.016321284147152,4453.93,0.038944911749595,4509.53,0.0228798922629063,5028.14,4507.854,39.34079155283441,0.17239003392836025,4558.91,4453.93,4563.445,160.15775328996256,0.44726001011438465,4925.61,4340.49,4653.755999999999,185.43590844562692,0.42479507095400687,5028.14,4340.49,4561.661,229.00234413065948,0.36734908864133003,5028.14,4043.1,4,7,3,0.9796194729588359,0.9993969301969173,0.041452891151603805,0.008396465344671283,4660.13,0.0222026756395719
2021-07-19,AMZN,4666.21,4721.91,4598.35,4660.13,4318202,4660.13,0.0222026756395719,4649.738,4574.0016000000005,4452.72735,0.4326675775947354,5018.387884199099,4281.0881158009015,48.41122884746328,-11.337023526672965,11.20130074104415,-22.538324267717115,191.58928571428564,0.0114301180949505,4558.91,0.0036025926198062,4507.39,0.0083701360371626,4491.21,0.0040580725707557,4527.83,-0.0203912381119063,4925.61,4534.314,79.8108280874479,0.22471195067107086,4660.13,4453.93,4536.897,106.45348092528872,0.46852286218951483,4718.4,4340.49,4649.738,184.32494209954936,0.43266757759473473,5028.14,4340.49,4574.0016000000005,216.78719557373438,0.3699429966662498,5028.14,4045.63,0,7,3,1.0022349646365014,1.0188299890404455,0.026514281790416355,-0.0013029846492118066,4636.75,-0.005017027421981846
2021-07-20,AMZN,4641.56,4724.52,4548.97,4636.75,5830987,4636.75,-0.0050170274219818,4652.8225,4584.3934,4453.0862,0.4137474477923172,5019.8703537495,4285.7746462505,39.14123052603847,-6.853880142891285,7.590264564257064,-14.444144707148348,185.28571428571422,0.0222026756395719,4660.13,0.0114301180949505,4558.91,0.0036025926198062,4507.39,-0.016321284147152,4453.93,-0.0420678860080274,4718.4,4570.878,75.54136165045594,0.15920668024302104,4660.13,4491.21,4528.732,93.30458054731741,0.42126355770608337,4660.13,4340.49,4652.8225,183.52392687475006,0.4137474477923166,5028.14,4340.49,4584.3934,206.65812046348407,0.3687170609741204,5028.14,4045.63,1,7,3,0.9965456451431368,1.011420616738299,0.03786057044265106,-0.001036289523349771,4564.75,-0.015528117754892934
2021-07-21,AMZN,4554.56,4633.88,4495.62,4564.75,6025708,4564.75,-0.0155281177548929,4654.396,4593.2656,4453.1324,0.4164378409286707,5019.551032938079,4289.240967061921,37.12635919371376,-9.006928715223694,4.270825908360912,-13.277754623584606,182.87142857142848,-0.0050170274219818,4636.75,0.0222026756395719,4660.13,0.0114301180949505,4558.91,0.0083701360371626,4491.21,-0.0248495252628009,4601.15,4585.586,62.118687043475816,0.23102253351757857,4660.13,4507.39,4525.092,90.84304924183964,0.4091747551554402,4660.13,4340.49,4654.396,182.57751646903927,0.4164378409286701,5028.14,4340.49,4593.2656,195.59003943752663,0.3709556965494705,5028.14,4045.63,2,7,3,0.9807394987446317,0.9937918678160057,0.0302886247877693,0.0022373182041728204,4634.14,0.015201270606276518
2021-07-22,AMZN,4666.08,4679.67,4588.62,4634.14,3368353,4634.14,0.0152012706062765,4659.001,4605.0358,4452.761549999999,0.4196207940204908,5020.4946135943255,4297.507386405675,35.07417453329063,-5.055762454627256,2.4055082357632784,-7.461270690390535,178.26428571428565,-0.0155281177548929,4564.75,-0.0050170274219818,4636.75,0.0222026756395719,4660.13,0.0036025926198062,4507.39,-0.0566510546276474,4340.49,4610.936,46.00187257064497,0.24604532769992402,4660.13,4558.91,4554.457,69.4923433112496,0.26749229431361726,4660.13,4453.93,4659.001,180.74680679716258,0.4196207940204902,5028.14,4340.49,4605.0358,178.96281671817653,0.36899381015416854,5028.14,4109.89,3,7,3,0.9946638775134423,1.0063200811596282,0.019647658465212645,-0.006845146246955207,4702.44,0.014738441221024745
2021-07-23,AMZN,4655.83,4800.83,4604.05,4702.44,4537805,4702.44,0.0147384412210247,4659.306500000001,4615.9768,4453.12565,0.4050868779972765,5020.943241570452,4297.669758429549,41.320597683175954,3.54592920201776,2.6335924290141746,0.9123367730035854,179.0535714285713,0.0152012706062765,4634.14,-0.0155281177548929,4564.75,-0.0050170274219818,4636.75,0.0114301180949505,4558.91,0.038944911749595,4509.53,4639.642,50.026978421712144,0.2519843675555124,4702.44,4564.75,4573.7480000000005,81.39190388347848,0.20639883885324792,4702.44,4453.93,4659.306500000001,180.81837078522597,0.40508687799727583,5028.14,4340.49,4615.9768,167.2513541196194,0.36585888838553715,5028.14,4109.89,4,7,3,1.0092574935774217,1.0187312899837322,0.0418463606127793,0.010011104357330413,4711.86,0.0020032153520299634
2021-07-26,AMZN,4713.76,4743.36,4680.36,4711.86,2369746,4711.86,0.0020032153520299,4655.6495,4628.0162,4452.7808,0.3992494981769105,5013.39269589544,4297.906304104561,49.69940432352571,10.996189853782198,4.306111913967779,6.690077939814419,164.23642857142846,0.0147384412210247,4702.44,0.0152012706062765,4634.14,-0.0155281177548929,4564.75,0.0222026756395719,4660.13,0.0040580725707557,4527.83,4649.987999999999,59.731225251175495,0.20889071033174259,4711.86,4564.75,4592.151,90.18594118695745,0.20671646618681816,4711.86,4453.93,4655.6495,178.8715979477199,0.39924949817690986,5028.14,4340.49,4628.0162,150.94938593391413,0.3645200774643631,5028.14,4225.87,0,7,3,1.0120736107816937,1.0181165744404657,0.013370516101918696,-0.00040307525202813515,4901.13,0.040168850517630084
2021-07-27,AMZN,4873.41,4977.09,4825.18,4901.13,5931483,4901.13,0.04016885051763,4665.3485,4641.5214000000005,4453.364149999999,0.4193774825621458,5039.129433549684,4291.567566450316,62.93173313944699,31.806437488597112,9.806177028893647,22.000260459703465,172.15714285714284,0.0020032153520299,4711.86,0.0147384412210247,4702.44,0.0152012706062765,4634.14,-0.0050170274219818,4636.75,-0.016321284147152,4453.93,4702.864,125.68709134198245,0.3240334732004763,4901.13,4564.75,4636.871,119.98413297413568,0.24217191707464053,4901.13,4491.21,4665.3485,186.89046677484197,0.41937748256214513,5028.14,4340.49,4641.5214000000005,144.29633615792554,0.3697223997476866,5028.14,4326.62,1,7,3,1.0505388825719983,1.0559317899512308,0.030994893014461736,0.005688009012169008,4863.58,-0.007661498470760808
2021-07-28,AMZN,4887.26,4908.21,4818.94,4863.58,2924053,4863.58,-0.0076614984707608,4662.652,4652.2606,4454.5329,0.3893836698690442,5029.4870462853405,4295.81695371466,77.92046970793608,44.7528544390816,16.79551251093124,27.957341928150363,155.45428571428576,0.04016885051763,4901.13,0.0020032153520299,4711.86,0.0147384412210247,4702.44,-0.0155281177548929,4564.75,0.0083701360371626,4491.21,4762.629999999999,114.10878756699306,0.28549636667663836,4901.13,4634.14,4674.108,127.31397390353717,0.2575526010181869,4901.13,4507.39,4662.652,183.41752314267015,0.3893836698690435,5028.14,4340.49,4652.2606,140.3080290720038,0.3674498629862766,5028.14,4340.49,2,7,3,1.0430930723543075,1.0454229498663412,0.018354792148989444,-0.004845250713077561,4786.33,-0.015883361638957316
2021-07-29,AMZN,4742.59,4816.68,4742.59,4786.33,5476118,4786.33,-0.0158833616389573,4656.185,4660.4766,4455.3856,0.3933142328593735,5008.512439121485,4303.857560878514,66.37947358344856,48.223661400981655,23.081142288941322,25.142519112040333,145.96000000000004,-0.0076614984707608,4863.58,0.04016885051763,4901.13,0.0020032153520299,4711.86,0.0152012706062765,4634.14,0.0036025926198062,4507.39,4793.068,88.74529886146004,0.34807347550431555,4901.13,4702.44,4702.002,116.85592504352167,0.2842970422906186,4901.13,4558.91,4656.1849999999995,176.16371956074275,0.3933142328593728,5028.14,4340.49,4660.4766,135.7255975978541,0.36920458263767375,5028.14,4340.49,3,7,3,1.0279509942150002,1.0270044055148722,0.015479500995540353,0.009222808634098785,4823.4,0.0077449737063679525
2021-07-30,AMZN,4855.38,4896.03,4750.76,4823.4,2525837,4823.4,0.0077449737063679,4645.947999999999,4666.4882,4456.01715,0.3846812891251609,4962.891918838064,4329.004081161935,67.11009227311828,53.3505482070168,29.13502347255642,24.21552473446038,142.76214285714286,-0.0158833616389573,4786.33,-0.0076614984707608,4863.58,0.04016885051763,4901.13,0.0147384412210247,4702.44,0.0114301180949505,4558.91,4817.26,72.94388905186206,0.3413402564189774,4901.13,4711.86,4728.450999999999,110.63675443640564,0.2829851116759391,4901.13,4564.75,4645.947999999999,158.4719594190322,0.38468128912516014,4925.61,4340.49,4666.4882,136.16003356925347,0.3623165007303027,5028.14,4340.49,4,7,3,1.0381950034737715,1.0336252430680026,0.03011775925694933,-0.006586508162078742,4766.05,-0.011889953145084231
2021-08-02,AMZN,4798.27,4837.5,4694.6,4766.05,6042759,4766.05,-0.0118899531450842,4637.969999999999,4667.6262,4456.5114,0.3803903100123991,4932.514988253528,4343.425011746471,68.42111475606377,52.184427633887026,33.74490430482254,18.439523329064485,142.96142857142857,0.0077449737063679,4823.4,-0.0158833616389573,4786.33,-0.0076614984707608,4863.58,0.0020032153520299,4711.86,0.0222026756395719,4660.13,4828.098,55.24770737334332,0.363273705542363,4901.13,4766.05,4739.043,108.4171183746642,0.2793726933722725,4901.13,4564.75,4637.969999999999,147.27249412676417,0.3803903100123985,4901.13,4340.49,4667.6262,136.76032610175278,0.3518864065626993,5028.14,4340.49,0,8,3,1.0276155300700462,1.021086478604259,0.02998289988564317,-0.006714920169142948,4809.65,0.009148036634109902
2021-08-03,AMZN,4841.67,4901.7,4717.6,4809.65,4549550,4809.65,0.0091480366341099,4642.5325,4669.9152,4457.8307,0.3499383733932136,4945.042446726433,4340.022553273568,68.65495020391192,54.154168750280405,37.82675719391411,16.327411556366293,150.78285714285707,-0.0118899531450842,4766.05,0.0077449737063679,4823.4,-0.0158833616389573,4786.33,0.04016885051763,4901.13,-0.0050170274219818,4636.75,4809.802,37.22289040375755,0.18225674203099715,4863.58,4766.05,4756.3330000000005,103.9874424095917,0.27790595798439754,4901.13,4564.75,4642.5325,151.2549733632165,0.34993837339321293,4901.13,4340.49,4669.9151999999995,138.18166261338942,0.35232699522524175,5028.14,4340.49,1,8,3,1.0359970554861948,1.0299223420585815,0.03827721351864713,-0.006613420575957019,4738.96,-0.014697535163681219
2021-08-04,AMZN,4706.03,4833.24,4644.68,4738.96,2926336,4738.96,-0.0146975351636812,4649.423,4672.1302000000005,4458.8595000000005,0.3416767361863149,4954.233361759239,4344.612638240761,62.75151154626214,49.44118337138298,40.14964242940789,9.291540941975086,155.69142857142847,0.0091480366341099,4809.65,-0.0118899531450842,4766.05,0.0077449737063679,4823.4,-0.0076614984707608,4863.58,-0.0155281177548929,4564.75,4784.878,33.77373639397278,0.19803340699249408,4823.4,4738.96,4773.754,80.19653389572474,0.27631487466210847,4901.13,4634.14,4649.423,152.40518087961954,0.34167673618631433,4901.13,4340.49,4672.1302000000005,138.38698857215564,0.3524223459220222,5028.14,4340.49,2,8,3,1.0192576584232023,1.0143039250059822,0.0397893208636409,0.00699740545640238,4705.83,-0.006990985363877322
2021-08-05,AMZN,4718.1,4797.86,4613.8,4705.83,5274252,4705.83,-0.0069909853638773,4667.6900000000005,4676.7204,4460.065500000001,0.2663696203290385,4936.170296013281,4399.20970398672,58.257458239680325,42.54239216715996,40.62819237695831,1.9141997902016499,155.3399999999999,-0.0146975351636812,4738.96,0.0091480366341099,4809.65,-0.0118899531450842,4766.05,-0.0158833616389573,4786.33,0.0152012706062765,4634.14,4768.778,48.76753294979356,0.17645939298124025,4823.4,4705.83,4780.923000000001,68.71116002674864,0.27331323314346256,4901.13,4702.44,4667.6900000000005,134.24014800663997,0.2663696203290378,4901.13,4453.93,4676.7204,135.53653901434927,0.34446388336153855,5028.14,4340.49,3,8,3,1.0081710653447402,1.0062243618410442,0.03911318513417619,-0.002600623132192585,4869.67,0.03481638733230907
2021-08-06,AMZN,4822.37,4933.9,4805.43,4869.67,3158665,4869.67,0.034816387332309,4685.697,4680.8786,4461.88795,0.2595388284604889,4957.797686944743,4413.596313055257,61.00247836590143,49.72240028730175,42.447033959027,7.27536632827475,159.987857142857,-0.0069909853638773,4705.83,-0.0146975351636812,4738.96,0.0091480366341099,4809.65,0.0077449737063679,4823.4,0.0147384412210247,4702.44,4778.032,63.79760826245312,0.3253844514717418,4869.67,4705.83,4797.646,67.83220559258528,0.3155230133586865,4901.13,4705.83,4685.697,136.05034347237128,0.2595388284604881,4901.13,4453.93,4680.8786,138.2307092642675,0.34079692780099474,5028.14,4340.49,4,8,3,1.0392626753285499,1.0403324709166692,0.02638166446596442,0.009808455178675707,4835.15,-0.0070887760361586505
2021-08-09,AMZN,4868.8,4920.41,4749.89,4835.15,5398474,4835.15,-0.0070887760361586,4701.063,4685.064,4463.21775,0.2624906560476397,4970.321691349752,4431.8043086502485,60.29707903335738,52.02739354054938,44.36310587533148,7.6642876652179055,159.62857142857123,0.034816387332309,4869.67,-0.0069909853638773,4705.83,-0.0146975351636812,4738.96,-0.0118899531450842,4766.05,0.0020032153520299,4711.86,4791.852000000001,67.90521865077612,0.3139863485967742,4869.67,4705.83,4809.975,61.407693012441705,0.3201398415135383,4901.13,4705.83,4701.063,134.62934567487588,0.2624906560476389,4901.13,4453.93,4685.064,139.6919103028866,0.3407189660996454,5028.14,4340.49,0,8,3,1.028522697951287,1.0320349946124465,0.035266744568413444,-0.00691135392704437,4767.02,-0.014090565959690826
2021-08-10,AMZN,4788.28,4845.86,4688.18,4767.02,3584610,4767.02,-0.0140905659596908,4716.7175,4685.9594,4464.63295,0.2603767482340938,4960.697866930173,4472.737133069826,60.54027576487215,47.805523370980154,45.051589374461216,2.7539339965189384,160.81071428571406,-0.0070887760361586,4835.15,0.034816387332309,4869.67,-0.0069909853638773,4705.83,0.0091480366341099,4809.65,0.04016885051763,4901.13,4783.326,67.78803530129439,0.3285008563175841,4869.67,4705.83,4796.564,53.41191257054599,0.25106318688003304,4869.67,4705.83,4716.7175,121.99018346508676,0.2603767482340929,4901.13,4491.21,4685.9594,140.07808031713958,0.33934070297168883,5028.14,4340.49,1,8,3,1.0106647260513248,1.017298613385123,0.033077268398279486,-0.004440007685430858,4869.45,0.021487218429962374
2021-08-11,AMZN,4872.49,4934.86,4804.05,4869.45,2009479,4869.45,0.0214872184299623,4735.6295,4690.1376,4466.83915,0.2676723042254914,4964.158342586005,4507.100657413995,61.85381089026654,52.12405217406922,46.466081934382814,5.657970239686406,164.590714285714,-0.0140905659596908,4767.02,-0.0070887760361586,4835.15,0.034816387332309,4869.67,-0.0146975351636812,4738.96,-0.0076614984707608,4863.58,4809.424000000001,71.45688266367397,0.33798666887294526,4869.67,4705.83,4797.151,54.25584524576619,0.27618591891647776,4869.67,4705.83,4735.6295,114.26442129300271,0.26767230422549054,4901.13,4507.39,4690.1376,142.40079592412656,0.3411434823031331,5028.14,4340.49,2,8,3,1.0282582283937058,1.0382317994250234,0.02686340346445135,-0.0006239109777545648,4779.09,-0.018556510488864197
2021-08-12,AMZN,4801.13,4860.07,4698.11,4779.09,2700205,4779.09,-0.0185565104888641,4749.2145,4689.8736,4468.285699999999,0.2796025895747551,4951.400085771341,4547.028914228659,53.77731344974636,47.70530349074579,46.713926245655415,0.9913772450903764,162.77357142857116,0.0214872184299623,4869.45,-0.0140905659596908,4767.02,-0.0070887760361586,4835.15,-0.0069909853638773,4705.83,-0.0158833616389573,4786.33,4824.075999999999,48.83485824705922,0.37331447422295694,4869.67,4767.02,4796.427,54.46419273246596,0.28084634426793925,4869.67,4705.83,4749.2145,101.09279288567039,0.27960258957475415,4901.13,4558.91,4689.8736,142.21966906302438,0.3381507054247802,5028.14,4340.49,3,8,3,1.0062906192169239,1.0190231992604195,0.033889296916351466,-0.004590585966219488,4720.74,-0.012209437361506148
2021-08-13,AMZN,4682.44,4833.78,4607.7,4720.74,3367358,4720.74,-0.0122094373615061,4757.306,4689.6252,4469.78075,0.2828086937844576,4939.376460438334,4575.235539561665,50.417473719177615,39.04496986716367,45.18013496995707,-6.135165102793394,174.42214285714257,-0.0185565104888641,4779.09,0.0214872184299623,4869.45,-0.0140905659596908,4767.02,0.034816387332309,4869.67,0.0077449737063679,4823.4,4794.29,58.529609173560736,0.2532930538057572,4869.45,4720.74,4786.161,58.351622171103735,0.2832684531640113,4869.67,4705.83,4757.306,91.03523021916718,0.28280869378445667,4901.13,4564.75,4689.6251999999995,142.15335325550336,0.3381262684597851,5028.14,4340.49,4,8,3,0.9923137170488944,1.0066348159334764,0.047890796781850306,0.008179496160119938,4770.89,0.010623334477221968
2021-08-16,AMZN,4773.62,4813.14,4728.63,4770.89,6914149,4770.89,0.0106233344772219,4762.843999999999,4692.3712,4471.94895,0.2746497555014967,4939.114611862365,4586.573388137634,42.9555829594758,35.81542107527275,43.30719219102021,-7.491771115747454,162.0771428571426,-0.0122094373615061,4720.74,-0.0185565104888641,4779.09,0.0214872184299623,4869.45,-0.0070887760361586,4835.15,-0.0118899531450842,4766.05,4781.438,54.21026535638346,0.2788250524192966,4869.45,4720.74,4786.6449999999995,58.18611408421657,0.28382033340530294,4869.67,4705.83,4762.843999999999,88.13530593118281,0.2746497555014957,4901.13,4564.75,4692.3712,142.37477236744525,0.33537363030822037,5028.14,4340.49,0,8,3,1.0016893267969724,1.016733288278426,0.017713676064629973,-0.0005718930287704072,4853.07,0.01722529758598479
2021-08-17,AMZN,4832.81,4965.25,4740.89,4853.07,5735940,4853.07,0.0172252975859847,4773.66,4697.0906,4474.9793,0.2791585627488228,4943.7931540449445,4603.526845955055,49.4577163193928,39.432664374216074,42.53228662765939,-3.0996222534433144,171.72642857142824,0.0106233344772219,4770.89,-0.0122094373615061,4720.74,-0.0185565104888641,4779.09,-0.0140905659596908,4767.02,0.0091480366341099,4809.65,4798.647999999999,61.6387777296878,0.28570948492321335,4869.45,4720.74,4790.986999999999,61.61271135983495,0.29364189698827087,4869.67,4705.83,4773.66,85.06657702247246,0.2791585627488217,4901.13,4564.75,4697.0905999999995,143.73323706921818,0.33722425615337,5028.14,4340.49,1,8,3,1.016635034752995,1.0332076626324742,0.046230530365305555,0.004192178049622293,4961.8,0.022404374962652573
2021-08-18,AMZN,5008.7,5008.7,4931.68,4961.8,7658674,4961.8,0.0224043749626525,4793.5125,4704.8472,4478.4143,0.2792699213382926,4953.355162360665,4633.669837639334,58.76885250734837,50.49093004291262,44.124015310710035,6.366914732202588,174.20071428571399,0.0172252975859847,4853.07,0.0106233344772219,4770.89,-0.0122094373615061,4720.74,0.0214872184299623,4869.45,-0.0146975351636812,4738.96,4817.118,93.67137113339504,0.2893548186018202,4961.8,4720.74,4813.271,78.64804969679956,0.2969715056720529,4961.8,4705.83,4793.5125,79.92133118033266,0.2792699213382915,4961.8,4634.14,4704.8472,147.3720178495532,0.33963414073704823,5028.14,4340.49,2,8,3,1.0351073456049118,1.0546144835477218,0.015522592607518239,-0.009363707149557823,4896.43,-0.013174654359305094
2021-08-19,AMZN,4931.4,4951.11,4841.75,4896.43,7750430,4896.43,-0.013174654359305,4806.627,4710.2918,4481.39915,0.2827546399251565,4953.96376442626,4659.290235573739,53.549177219997816,53.36471733271355,45.972155715110745,7.392561617602809,172.39928571428547,0.0224043749626525,4961.8,0.0172252975859847,4853.07,0.0106233344772219,4770.89,-0.0185565104888641,4779.09,-0.0069909853638773,4705.83,4840.586,96.42073495888066,0.264498959075913,4961.8,4720.74,4832.331,72.57842983053408,0.3053286204512168,4961.8,4720.74,4806.6269999999995,73.6683822131302,0.28275463992515537,4961.8,4702.44,4710.2918,149.34721122526275,0.34062339979122924,5028.14,4340.49,3,8,3,1.0186831638899754,1.0395173394563284,0.0223346397273069,-0.007091292533558878,4950.17,0.010975343260293702
2021-08-20,AMZN,4973.27,5003.45,4896.89,4950.17,3229715,4950.17,0.0109753432602937,4819.013499999999,4716.8794,4484.91175,0.2809759251519179,4971.048630604462,4666.978369395536,58.97953609876348,59.295066721215335,48.63673791633166,10.658328804883674,169.8364285714283,-0.013174654359305,4896.43,0.0224043749626525,4961.8,0.0172252975859847,4853.07,-0.0122094373615061,4720.74,0.034816387332309,4869.67,4886.472,77.9515825369289,0.2164587187373238,4961.8,4770.89,4840.380999999999,81.13942752378746,0.2580659372891436,4961.8,4720.74,4819.013499999999,76.01756530223146,0.28097592515191677,4961.8,4705.83,4716.8794,152.5488239328438,0.3412649927099438,5028.14,4340.49,4,8,3,1.0272164624562627,1.0494586738848888,0.021526533432180705,-0.004644831267957644,4909.74,-0.008167396271239191
2021-08-23,AMZN,4952.33,4995.79,4823.68,4909.74,3709509,4909.74,-0.0081673962712391,4828.907499999999,4721.5906,4488.21625,0.2836257888306006,4977.292727648282,4680.522272351716,54.89653148009536,60.04043941339023,50.91747821574338,9.122961197646852,168.97999999999976,0.0109753432602937,4950.17,-0.013174654359305,4896.43,0.0224043749626525,4961.8,0.0106233344772219,4770.89,-0.0070887760361586,4835.15,4914.242,43.68104131098808,0.24950498703233434,4961.8,4853.07,4847.839999999999,83.98372924428176,0.2591559569875393,4961.8,4720.74,4828.907499999999,74.19261382414129,0.28362578883059947,4961.8,4705.83,4721.5905999999995,154.8236813137403,0.3411799746286971,5028.14,4340.49,0,8,3,1.0167392935149375,1.0398487323316339,0.03505480941963619,-0.008599992326842424,4857.41,-0.010658405536749349
2021-08-24,AMZN,4842.54,4894.45,4820.38,4857.41,3393230,4857.41,-0.0106584055367493,4826.721500000001,4725.7262,4490.66295,0.2486262722403255,4971.879900634475,4681.563099365526,55.9007263190999,55.765726401123175,51.88712785281934,3.8785985483038345,161.89428571428547,-0.0081673962712391,4909.74,0.0109753432602937,4950.17,-0.013174654359305,4896.43,0.0172252975859847,4853.07,-0.0140905659596908,4767.02,4915.110000000001,42.17887208084479,0.2479567121807314,4961.8,4857.41,4856.879,79.03731769092883,0.25383652225660197,4961.8,4720.74,4826.721500000001,72.57920031723755,0.24862627224032433,4961.8,4705.83,4725.7262,155.64904175592784,0.3419417668556174,5028.14,4340.49,1,8,3,1.006358042410152,1.0278653045957193,0.015248867194654035,0.0030707025651820776,4964.7,0.022087902812404137
2021-08-25,AMZN,5004.5,5077.13,4852.26,4964.7,3057782,4964.7,0.0220879028124041,4831.7775,4733.0972,4494.021650000001,0.2591958892813542,4988.89316022996,4674.66183977004,62.008628286989726,60.33983185987563,53.5776686542306,6.762163205645031,164.80928571428552,-0.0106584055367493,4857.41,-0.0081673962712391,4909.74,0.0109753432602937,4950.17,0.0224043749626525,4961.8,0.0214872184299623,4869.45,4915.69,42.99348497170556,0.2461812202587653,4964.7,4857.41,4866.4039999999995,86.1408149743398,0.25514262900446555,4964.7,4720.74,4831.7775,78.55783011497968,0.259195889281353,4964.7,4705.83,4733.0972,158.0949397793117,0.343843386147445,5028.14,4340.49,2,8,3,1.027510062290528,1.0489326101308358,0.045293774044746826,-0.007952842441800825,4916.75,-0.009658186798799484
2021-08-26,AMZN,4899.57,5022.81,4810.69,4916.75,1914959,4916.75,-0.0096581867987994,4838.2985,4740.4526,4497.8777,0.2546707477453112,4998.271986260501,4678.325013739499,52.44708719620955,59.4108280812934,54.74430053964316,4.66652754165024,163.66999999999987,0.0220879028124041,4964.7,-0.0106584055367493,4857.41,-0.0081673962712391,4909.74,-0.013174654359305,4896.43,-0.0185565104888641,4779.09,4919.753999999999,41.65739586210788,0.23515288365858772,4964.7,4857.41,4880.17,81.51217877647399,0.23837421598182434,4964.7,4720.74,4838.2985,79.98674313025047,0.2546707477453099,4964.7,4705.83,4740.4526,157.90920934236297,0.3437371743658259,5028.14,4340.49,3,8,3,1.016214687869916,1.0371899932084465,0.04314231962169271,0.0035064301561150845,4942.36,0.005208725275842818
2021-08-27,AMZN,4965.38,5031.53,4853.2,4942.36,3976473,4942.36,0.0052087252758428,4844.2465,4744.8912,4501.6874,0.253999690144046,5010.606261617065,4677.886738382936,55.62457373613269,60.04889260711752,55.80521895313804,4.243673653979485,164.22785714285706,-0.0096581867987994,4916.75,0.0220879028124041,4964.7,-0.0106584055367493,4857.41,0.0109753432602937,4950.17,-0.0122094373615061,4720.74,4918.192,40.35794060668017,0.22285356039695428,4964.7,4857.41,4902.332,60.860721104274106,0.2229036469769034,4964.7,4770.89,4844.2465,83.1798808085323,0.25399969014404483,4964.7,4705.83,4744.8912,160.43380200908206,0.3338823230737439,5028.14,4340.49,4,8,3,1.0202536142615737,1.0416171397141747,0.03608195275130987,-0.004636100358884073,4957.16,0.0029945208361996656
2021-08-30,AMZN,4980.6,5027.39,4886.92,4957.16,2391852,4957.16,0.0029945208361996,4853.802000000001,4749.2246000000005,4505.60865,0.2491663507317566,5023.177057580951,4684.42694241905,60.56662072550577,61.045109627554666,56.85319708802137,4.191912539533298,162.9985714285714,0.0052087252758428,4942.36,-0.0096581867987994,4916.75,0.0220879028124041,4964.7,-0.0081673962712391,4909.74,0.0106233344772219,4770.89,4927.676,43.337024932643025,0.211637205448765,4964.7,4857.41,4920.959000000001,41.62758872829635,0.2204912841123799,4964.7,4853.07,4853.802000000001,84.68752879047564,0.24916635073175533,4964.7,4705.83,4749.2246000000005,163.2145821592416,0.3338340216733304,5028.14,4340.49,0,8,3,1.0212942349108962,1.0437830209164998,0.02833678961340201,-0.004706260289924065,4863.44,-0.018905986492265825
2021-08-31,AMZN,4816.59,4978.51,4748.38,4863.44,3945696,4863.44,-0.0189059864922658,4856.491499999999,4754.992200000001,4509.3224,0.2583476993317549,5024.618267244941,4688.364732755057,49.66274228045108,53.65371145692825,56.21329996180275,-2.5595885048744975,167.44785714285717,0.0029945208361996,4957.16,0.0052087252758428,4942.36,-0.0096581867987994,4916.75,-0.0106584055367493,4857.41,0.0172252975859847,4853.07,4928.882,40.90865336347019,0.24772547606575385,4964.7,4863.44,4921.996,39.8392194256275,0.2336675742324702,4964.7,4857.41,4856.491499999999,84.06338362247114,0.2583476993317537,4964.7,4705.83,4754.992200000001,162.02541882071466,0.32681991805949906,5028.14,4340.49,1,8,3,1.0014307653990537,1.0228071457191823,0.04731835902158817,0.009726798419626691,4949.69,0.017734360863915333
2021-09-01,AMZN,4935.93,5056.67,4842.7,4949.69,9324102,4949.69,0.0177343608639153,4867.028,4763.3204000000005,4513.2202,0.2583916219931311,5030.489469543402,4703.566530456598,59.61776975889652,54.13163355735469,55.796966680913144,-1.6653331235584545,170.4928571428572,-0.0189059864922658,4863.44,0.0029945208361996,4957.16,0.0052087252758428,4942.36,0.0220879028124041,4964.7,0.0224043749626525,4961.8,4925.88,38.07576460181065,0.2244913970939559,4957.16,4863.44,4920.785,38.6615005887851,0.22219844191674867,4964.7,4857.41,4867.028,81.73073477170094,0.2583916219931299,4964.7,4705.83,4763.3204000000005,161.095900503419,0.327917873227857,5028.14,4340.49,2,9,3,1.0169840814556608,1.0391259844706142,0.04322896989507566,0.0027877218680160618,5000.8,0.01032589919772775
2021-09-02,AMZN,4952.73,5075.74,4925.85,5000.8,3262704,5000.8,0.0103258991977277,4881.7765,4772.4956,4517.05225,0.2574402968572117,5037.020372566682,4726.532627433317,65.91865038660066,57.96634023367369,56.23084139146526,1.735498842208429,165.0507142857143,0.0177343608639153,4949.69,-0.0189059864922658,4863.44,0.0029945208361996,4957.16,-0.0096581867987994,4916.75,-0.013174654359305,4896.43,4942.6900000000005,49.789116280698266,0.21800869043535606,5000.8,4863.44,4931.222,44.934927221964664,0.21484191284172283,5000.8,4857.41,4881.7765,77.62193628334109,0.25744029685721054,5000.8,4720.74,4772.4956,161.29987910919215,0.32845410155238364,5028.14,4340.49,3,9,3,1.0243811858242537,1.047837529698079,0.029973204287307917,0.009705758238383863,4826.07,-0.034940409534474526
2021-09-03,AMZN,4874.05,4917.94,4734.19,4826.07,4324099,4826.07,-0.0349404095344745,4879.596500000001,4775.0904,4520.83185,0.2627291379309833,5036.7687043560245,4722.424295643977,52.74735123004611,46.37157947883861,54.258989008939935,-7.887409530101323,177.49428571428572,0.0103258991977277,5000.8,0.0177343608639153,4949.69,-0.0189059864922658,4863.44,0.0052087252758428,4942.36,0.0109753432602937,4950.17,4919.432,72.13055365108717,0.3463841537414442,5000.8,4826.07,4918.812,55.10612444284193,0.2769566170548669,5000.8,4826.07,4879.596500000001,78.58610217801181,0.2627291379309821,5000.8,4720.74,4775.0904,161.09303101202104,0.3305328599176726,5028.14,4340.49,4,9,3,0.9890305479149781,1.0106761539004556,0.03807445809943948,-0.009843969594072818,4851.14,0.00519470293634372
2021-09-06,AMZN,4814.48,4930.4,4771.88,4851.14,5748584,4851.14,0.0051947029363437,4880.396,4776.413199999999,4524.9707,0.2621487328347647,5036.776932126196,4724.015067873804,49.898113246651945,38.75880020392469,51.15895124793689,-12.400151044012198,172.79142857142855,-0.0349404095344745,4826.07,0.0103258991977277,5000.8,0.0177343608639153,4949.69,0.0029945208361996,4957.16,-0.0081673962712391,4909.74,4898.228,73.83023479586033,0.34974244804289156,5000.8,4826.07,4912.952,59.145739923598825,0.277285291461843,5000.8,4826.07,4880.396,78.19046606309817,0.26214873283476353,5000.8,4720.74,4776.413199999999,161.44722514774065,0.3280927734702633,5028.14,4340.49,0,9,3,0.9940054044792689,1.015644961369545,0.03267685533708919,0.007614529502665532,4785.01,-0.013631847359589777
2021-09-07,AMZN,4789.11,4865.2,4704.82,4785.01,4474572,4785.01,-0.0136318473595897,4881.2955,4777.9704,4527.918000000001,0.2618197169100291,5035.116599295408,4727.474400704593,40.22752147461868,27.077348632936264,46.34263072493677,-19.265282092000504,173.13071428571428,0.0051947029363437,4851.14,-0.0349404095344745,4826.07,0.0103258991977277,5000.8,-0.0189059864922658,4863.44,-0.0106584055367493,4857.41,4882.5419999999995,89.69597521634662,0.3374828781459011,5000.8,4785.01,4905.7119999999995,70.11421837100285,0.28054930199603545,5000.8,4785.01,4881.2955,76.91054964770373,0.26181971691002787,5000.8,4720.74,4777.9704,161.14072879745402,0.32745287024198216,5028.14,4340.49,1,9,3,0.9802746012813646,1.0014733452511548,0.03351717133296828,-0.0008561089638781732,4881.36,0.020135799089239015
2021-09-08,AMZN,4909.72,4938.08,4824.64,4881.36,4496449,4881.36,0.020135799089239,4881.891,4777.2474,4531.12165,0.260410629649279,5035.611194324572,4728.170805675427,49.19455697887917,25.30268032366621,42.134640644682655,-16.831960321016446,175.48928571428567,-0.0136318473595897,4785.01,0.0051947029363437,4851.14,-0.0349404095344745,4826.07,0.0177343608639153,4949.69,0.0220879028124041,4964.7,4868.875999999999,81.76218153896798,0.34709994907412206,5000.8,4785.01,4897.378,67.21682391914024,0.2761173178292586,5000.8,4785.01,4881.891,76.86009716228652,0.2604106296492779,5000.8,4720.74,4777.2474,160.58200031043694,0.31482239963684877,5028.14,4340.49,2,9,3,0.9998912306724996,1.0217934285754129,0.023239425078252034,-0.005776296815295944,4756.89,-0.025499041250798826
2021-09-09,AMZN,4728.47,4824.64,4689.14,4756.89,3460224,4756.89,-0.0254990412507988,4880.781,4774.0718,4533.439300000001,0.2681127952652766,5037.909561898329,4723.652438101671,40.39592939997861,13.694690277102382,36.4466505711666,-22.75196029406422,181.57499999999996,0.020135799089239,4881.36,-0.0136318473595897,4785.01,0.0051947029363437,4851.14,0.0103258991977277,5000.8,-0.0096581867987994,4916.75,4820.094,49.94677697319348,0.356219401403095,4881.36,4756.89,4881.392,79.90897221213008,0.2995883630412902,5000.8,4756.89,4880.781,78.56428094916454,0.2681127952652756,5000.8,4720.74,4774.0718,159.3540371175465,0.3200051237590973,5028.14,4340.49,3,9,3,0.9746165623901226,0.9964010176803382,0.02848499755091488,0.006010400827327668,4727.35,-0.0062099396874848445
2021-09-10,AMZN,4725.94,4758.38,4696.33,4727.35,3645680,4727.35,-0.0062099396874848,4881.111500000001,4768.0560000000005,4535.1471,0.26534944401887,5036.84429683999,4725.378703160011,40.83789621683658,2.087579097861635,29.574836276505607,-27.487257178643972,173.7135714285714,-0.0254990412507988,4756.89,0.020135799089239,4881.36,-0.0136318473595897,4785.01,-0.0349404095344745,4826.07,0.0052087252758428,4942.36,4800.35,64.41143415581921,0.2780242778925303,4881.36,4727.35,4859.8910000000005,89.97401185897536,0.29614427049994424,5000.8,4727.35,4881.111500000001,77.86639841999475,0.26534944401886895,5000.8,4727.35,4768.0560000000005,155.1901093523789,0.3157305066752298,5000.8,4340.49,4,9,3,0.9684986708455708,0.9914627680545296,0.013125746982979268,0.00029835334346192834,4759.16,0.006728928469438289
2021-09-13,AMZN,4769.38,4816.96,4701.35,4759.16,2724514,4759.16,0.0067289284694382,4880.525,4764.727,4537.00305,0.2636759033034102,5038.0832456711605,4722.966754328839,44.96065980670533,-4.492551644823834,22.761358692239718,-27.25391033706355,175.5885714285714,-0.0062099396874848,4727.35,-0.0254990412507988,4756.89,0.020135799089239,4881.36,0.0051947029363437,4851.14,0.0029945208361996,4957.16,4781.954,59.20358798256208,0.28141425430367356,4881.36,4727.35,4840.090999999999,87.95389024937501,0.29928949394020044,5000.8,4727.35,4880.525,78.7791228355804,0.2636759033034092,5000.8,4727.35,4764.727,153.51768467225494,0.3130402114474078,5000.8,4340.49,0,9,3,0.9751327982131072,0.9988316224621056,0.024292101967568935,-0.0021428361757708783,4764.71,0.0011661721816456083
2021-09-14,AMZN,4732.33,4854.84,4674.58,4764.71,5610906,4764.71,0.0011661721816456,4876.107,4765.6532,4538.5657,0.2558130006798821,5041.659228311713,4710.554771688287,38.54699973594973,-9.153992521346481,16.37828844952248,-25.53228097086896,172.40214285714288,0.0067289284694382,4759.16,-0.0062099396874848,4727.35,-0.0254990412507988,4756.89,-0.0136318473595897,4785.01,-0.0189059864922658,4863.44,4777.894,59.63610005700289,0.26777472123976453,4881.36,4727.35,4830.218,90.54485650769529,0.2878668391166204,5000.8,4727.35,4876.107,82.7761141558565,0.25581300067988116,5000.8,4727.35,4765.6532,153.37211071325873,0.29820809324505737,5000.8,4340.49,1,9,3,0.9771545210142071,0.9998020837938858,0.03783231298441298,0.00684229544431459,4831.5,0.014017642206975767
2021-09-15,AMZN,4858.42,4947.77,4715.24,4831.5,1993112,4831.5,0.0140176422069757,4869.592,4770.260200000001,4540.16845,0.2473166338649366,5031.152421234594,4708.031578765405,45.22103752465654,-7.373822353135438,11.627866288990896,-19.001688642126332,173.85999999999999,0.0011661721816456,4764.71,0.0067289284694382,4759.16,-0.0062099396874848,4727.35,0.020135799089239,4881.36,0.0177343608639153,4949.69,4767.9220000000005,38.39610618290098,0.2397923007393432,4831.5,4727.35,4818.398999999999,80.3579052945788,0.2812986027762958,5000.8,4727.35,4869.592,80.78021061729696,0.2473166338649357,5000.8,4727.35,4770.260200000001,151.7812932934217,0.29404094062986935,5000.8,4340.49,2,9,3,0.9921775787373989,1.0128378322002196,0.048127910586764466,-0.00554089601145939,4702.12,-0.02677843319879958
2021-09-16,AMZN,4683.25,4816.2,4588.04,4702.12,5898686,4702.12,-0.0267784331987995,4859.8765,4777.4928,4540.9001,0.2604102197899361,5037.2385619583865,4682.514438041614,37.93612533842414,-16.215981653219387,6.059096700548839,-22.275078353768226,178.51214285714286,0.0140176422069757,4831.5,0.0011661721816456,4764.71,0.0067289284694382,4759.16,-0.0254990412507988,4756.89,0.0103258991977277,5000.8,4756.968000000001,48.74754219453851,0.24774490680107314,4831.5,4702.12,4788.531,57.19969239427104,0.2960535902110014,4881.36,4702.12,4859.8765,88.68103097919301,0.26041021978993517,5000.8,4702.12,4777.4928,138.95863615988546,0.27055275518707167,5000.8,4453.93,3,9,3,0.9675389899309235,0.9842233566524716,0.04852279397377168,0.004029253189557649,4844.95,0.030375660340442145
2021-09-17,AMZN,4816.95,4923.02,4766.87,4844.95,2281458,4844.95,0.0303756603404421,4854.6155,4784.2012,4542.473300000001,0.2813868730183577,5026.868986219472,4682.362013780528,45.00725263129925,-11.564955672906763,2.534286225857719,-14.099241898764483,184.2571428571429,-0.0267784331987995,4702.12,0.0140176422069757,4831.5,0.0011661721816456,4764.71,-0.0062099396874848,4727.35,-0.0349404095344745,4826.07,4780.487999999999,58.3158337847362,0.33229958346125077,4844.95,4702.12,4790.419,58.86380220474401,0.2987192853307313,4881.36,4702.12,4854.6155,86.12674310973564,0.2813868730183567,5000.8,4702.12,4784.2011999999995,133.7574644666913,0.26512249225354473,5000.8,4453.93,4,9,3,0.9980090081282444,1.0126977937297006,0.03222943477228213,0.005812806859110887,4891.88,0.009686374472388737
2021-09-20,AMZN,4897.58,4975.69,4808.07,4891.88,5878709,4891.88,0.0096863744723887,4853.7225,4791.4822,4544.2066,0.282426028895784,5024.9548660841065,4682.490133915893,51.320407821495664,-4.045491378669794,1.2183307049522165,-5.263822083622011,179.79214285714286,0.0303756603404421,4844.95,-0.0267784331987995,4702.12,0.0140176422069757,4831.5,0.0067289284694382,4759.16,0.0051947029363437,4851.14,4807.032,74.21812494269687,0.3338713734847778,4891.88,4702.12,4794.493,64.65794168802888,0.30151273956625707,4891.88,4702.12,4853.7225,85.61618304205334,0.2824260288957831,5000.8,4702.12,4791.4822,129.35316231608067,0.26569437390964395,5000.8,4453.93,0,9,3,1.007861491875358,1.0209533909985054,0.034264945174445324,-0.0011638401006208482,5014.03,0.024969950203193703
2021-09-21,AMZN,5005.04,5057.72,4970.34,5014.03,3472126,5014.03,0.0249699502031937,4861.5535,4802.684200000001,4546.78585,0.2927713527403812,5047.213569031164,4675.893430968836,52.89080191155921,11.636088810590081,3.30188232607979,8.334206484510291,176.3542857142857,0.0096863744723887,4891.88,0.0303756603404421,4844.95,-0.0267784331987995,4702.12,0.0011661721816456,4764.71,-0.0136318473595897,4785.01,4856.896,112.5369362920955,0.35559679266589944,5014.03,4702.12,4817.3949999999995,94.56766880563603,0.3111794088417562,5014.03,4702.12,4861.5535,92.83003451558234,0.29277135274038035,5014.03,4702.12,4802.684200000001,123.65121988862728,0.26746807552085916,5014.03,4491.21,1,9,3,1.03136374000594,1.0440057666083802,0.017427099558635004,0.0017961894410430256,5094.51,0.016050961003424513
2021-09-22,AMZN,5137.34,5190.83,4998.2,5094.51,2443782,5094.51,0.0160509610034245,4868.044,4814.7502,4549.7581,0.2879538550531442,5076.556470650721,4659.531529349279,54.10213533346983,30.209679114875144,8.683441683838861,21.526237431036282,179.4071428571429,0.0249699502031937,5014.03,0.0096863744723887,4891.88,0.0303756603404421,4844.95,0.0140176422069757,4831.5,0.020135799089239,4881.36,4909.4980000000005,152.18315632819767,0.35716997270142103,5094.51,4702.12,4838.710000000001,128.51515500774892,0.3062002586322693,5094.51,4702.12,4868.044,104.25623532536065,0.2879538550531434,5094.51,4702.12,4814.7501999999995,122.06206913023249,0.2688855236893283,5094.51,4507.39,2,9,3,1.0465209435245353,1.0581047382269055,0.03781129097792767,-0.008336999303139676,5094.41,-1.9628973149554696e-05
2021-09-23,AMZN,5133.13,5133.13,5061.74,5094.41,5043063,5094.41,-1.9628973149554696e-05,4876.927,4826.4906,4553.194,0.2850409293260293,5108.083828613742,4645.770171386257,63.8665536690567,44.409390275042824,15.828631402079655,28.58075887296317,165.4628571428572,0.0160509610034245,5094.51,0.0249699502031937,5014.03,0.0096863744723887,4891.88,-0.0267784331987995,4702.12,-0.0254990412507988,4756.89,4987.956,115.16008023622948,0.1917116253529535,5094.51,4844.95,4872.462,147.55086059464776,0.2595853747119367,5094.51,4702.12,4876.927,115.57841430687148,0.2850409293260284,5094.51,4702.12,4826.4906,120.11098174752169,0.2689434727437842,5094.51,4558.91,3,9,3,1.0445942701211142,1.0555101878783197,0.014013399000077793,-0.007543155930201009,4978.93,-0.02266798314230689
2021-09-24,AMZN,4977.28,5032.18,4925.69,4978.93,5799672,4978.93,-0.0226679831423068,4878.7555,4834.891,4556.3598,0.2976836985371955,5112.653945572174,4644.857054427826,56.0392820340603,45.816350411641,21.826175203991923,23.990175207649074,166.19142857142865,-1.9628973149554696e-05,5094.41,0.0160509610034245,5094.51,0.0249699502031937,5014.03,0.0303756603404421,4844.95,-0.0062099396874848,4727.35,5014.752,85.27602371133112,0.2896581214023059,5094.51,4891.88,4897.62,141.37813794532653,0.2939119457844465,5094.51,4702.12,4878.7555,116.94922278608706,0.2976836985371946,5094.51,4702.12,4834.891,115.6186382518429,0.2740268107909673,5094.51,4564.75,4,9,3,1.0205327977593834,1.029791571309254,0.021388129578037707,0.0003315063649222495,4929.61,-0.009905742800159989
2021-09-27,AMZN,4915.73,5020.15,4839.07,4929.61,3357050,4929.61,-0.0099057428001599,4877.378,4840.2806,4559.38505,0.299785374421505,5109.651096033697,4645.104903966302,56.94404425671139,42.462186981208106,25.95337755943516,16.508809421772945,167.67000000000007,-0.0226679831423068,4978.93,-1.9628973149554696e-05,5094.41,0.0160509610034245,5094.51,0.0096863744723887,4891.88,0.0067289284694382,4759.16,5022.298,72.37907515308355,0.3052375832434784,5094.51,4929.61,4914.665,132.8478115279909,0.3034396377196237,5094.51,4702.12,4877.378,116.13654801684866,0.29978537442150405,5094.51,4702.12,4840.2806,113.56861618092937,0.2712651980500903,5094.51,4564.75,0,9,3,1.0107090325988655,1.018455417646444,0.03673312898991263,0.0028235887650455344,5073.65,0.029219350009432876
2021-09-28,AMZN,5055.94,5130.5,5016.79,5073.65,5336332,5073.65,0.0292193500094328,4887.8885,4849.018599999999,4563.4907,0.308313145802439,5135.990887970913,4639.786112029087,58.829796026317545,50.84075196327649,30.93085244020343,19.909899523073058,171.0857142857144,-0.0099057428001599,4929.61,-0.0226679831423068,4978.93,-1.9628973149554696e-05,5094.41,0.0249699502031937,5014.03,0.0011661721816456,4764.71,5034.222,75.51933739126713,0.3264155806674434,5094.51,4929.61,4945.559,129.99239511516222,0.3285474722484782,5094.51,4702.12,4887.8885,124.0511939854565,0.308313145802438,5094.51,4702.12,4849.018599999999,114.39393429770777,0.2779913957613194,5094.51,4564.75,1,9,3,1.0380044471143237,1.0463251264903282,0.022411873109098503,0.0035028105555043243,5202.74,0.025443221349521483
2021-09-29,AMZN,5178.56,5233.94,5171.54,5202.74,1603615,5202.74,0.0254432213495214,4900.541,4861.778399999999,4568.43025,0.3145828816908046,5185.051883107034,4616.030116892966,70.38656046147157,67.12355071602724,38.169392095368195,28.954158620659044,168.80500000000015,0.0292193500094328,5073.65,-0.0099057428001599,4929.61,-0.0226679831423068,4978.93,0.0160509610034245,5094.51,0.0140176422069757,4831.5,5055.8679999999995,106.34097056175776,0.3563534837235721,5202.74,4929.61,4982.683,145.84348635513595,0.34065597834271316,5202.74,4702.12,4900.541,142.25544155351673,0.3145828816908037,5202.74,4702.12,4861.778399999999,117.57604617484009,0.279951764354077,5202.74,4634.14,2,9,3,1.0616664568256724,1.0701310450511134,0.01199368025309503,0.0046692516838647636,5146.01,-0.01090386988394565
2021-09-30,AMZN,5150.59,5257.35,5034.66,5146.01,2358570,5146.01,-0.0109038698839456,4907.8015,4872.0158,4573.1443,0.3167605001883906,5209.949761987611,4605.653238012388,68.67883784759118,74.59031839164618,45.45357735462379,29.13674103702239,180.2792857142859,0.0254432213495214,5202.74,0.0292193500094328,5073.65,-0.0099057428001599,4929.61,-1.9628973149554696e-05,5094.41,-0.0267784331987995,4702.12,5066.188,113.29297250940566,0.37287887383640805,5202.74,4929.61,5027.072,115.32041418971411,0.30298866301421934,5202.74,4844.95,4907.8015,151.07413099380554,0.3167605001883896,5202.74,4702.12,4872.0158,119.61761767187878,0.28012534222964747,5202.74,4702.12,3,9,3,1.0485367022278613,1.0562383644155964,0.04327430378097928,-0.0008892185167134323,4892.38,-0.049286728941451696
2021-10-01,AMZN,4922.22,4947.21,4837.56,4892.38,6707712,4892.38,-0.0492867289414516,4911.117,4875.814600000001,4576.4335,0.3418250431650418,5210.935331597877,4611.298668402123,54.961638733132624,59.35772533531781,48.2344069507626,11.123318384555212,194.05357142857162,-0.0109038698839456,5146.01,0.0254432213495214,5202.74,0.0292193500094328,5073.65,-0.0226679831423068,4978.93,0.0303756603404421,4844.95,5048.878,134.57179522476625,0.508212857893318,5202.74,4892.38,5031.8150000000005,107.72275775752863,0.3966962495639983,5202.74,4891.88,4911.117,149.9091657989383,0.3418250431650407,5202.74,4702.12,4875.814600000001,117.11215216413764,0.30150605578270445,5202.74,4702.12,4,10,4,0.9961847783302664,1.0033974630616587,0.02241240459653118,-0.006062305220001154,4874.61,-0.0036321790212535676
2021-10-04,AMZN,4856.16,4905.13,4844.08,4874.61,3657671,4874.61,-0.0036321790212535,4912.2905,4879.0696,4579.2649,0.3417915949092517,5211.303043407072,4613.277956592929,54.056188732168415,45.329366384230525,47.65339883745619,-2.324032453225662,185.53857142857163,-0.0492867289414516,4892.38,-0.0109038698839456,5146.01,0.0254432213495214,5202.74,-0.0099057428001599,4929.61,0.0096863744723887,4891.88,5037.878,148.30521929458888,0.5048502081125754,5202.74,4874.61,5030.088,110.32251475660141,0.3944010874860246,5202.74,4874.61,4912.2905,149.50627170353587,0.3417915949092506,5202.74,4702.12,4879.0696,114.69908652121778,0.3016720487258762,5202.74,4702.12,0,10,4,0.9923293420857351,0.9990859732763395,0.012524078849382341,0.0037992982109312746,4850.34,-0.004978859847249217
2021-10-05,AMZN,4820.28,4881.84,4818.83,4850.34,1899154,4850.34,-0.0049788598472492,4915.557,4878.0538,4582.15005,0.3384223806117994,5210.109119816596,4621.004880183404,50.71787837165825,31.885844512191397,44.49988797240323,-12.614043460211832,173.43000000000015,-0.0036321790212535,4874.61,-0.0492867289414516,4892.38,-0.0109038698839456,5146.01,0.0292193500094328,5073.65,0.0249699502031937,5014.03,4993.216,167.2536595414723,0.4242850056222514,5202.74,4850.34,5013.719,124.23613622184048,0.3689906135366024,5202.74,4850.34,4915.557,147.2760599082981,0.3384223806117984,5202.74,4702.12,4878.0538,114.72462844117247,0.2881378246197229,5202.74,4702.12,1,10,4,0.9867325310232418,0.9943186768458777,0.012990841879123364,0.006236152256714166,4829.49,-0.004298667722262839
2021-10-06,AMZN,4827.12,4877.95,4781.02,4829.49,3024506,4829.49,-0.0042986677222628,4912.9635,4877.372,4584.40715,0.3310313920390976,5209.6888159884575,4616.238184011542,55.29090199076651,19.326551370141715,39.46522065195093,-20.138669281809214,162.96357142857156,-0.0049788598472492,4850.34,-0.0036321790212535,4874.61,-0.0492867289414516,4892.38,0.0254432213495214,5202.74,0.0160509610034245,5094.51,4918.566000000001,129.36182833437564,0.31105584859362495,5146.01,4829.49,4987.217,133.04182158253272,0.3532730420380325,5202.74,4829.49,4912.9635,148.36265799422898,0.33103139203909654,5202.74,4702.12,4877.372,114.91354224730101,0.28777943615056695,5202.74,4702.12,2,10,4,0.9830095420002645,0.9901828279653487,0.02007044222060286,0.0004909759856807786,4876.57,0.009748441346808967
2021-10-07,AMZN,4834.54,4918.32,4834.54,4876.57,2764705,4876.57,0.0097484413468089,4918.9475,4879.1768,4586.52245,0.3189036343068774,5207.124153342371,4630.77084665763,51.426998338580425,13.022073251781876,34.176591171917124,-21.15451792013525,153.53000000000006,-0.0042986677222628,4829.49,-0.0049788598472492,4850.34,-0.0036321790212535,4874.61,-0.0109038698839456,5146.01,-1.9628973149554696e-05,5094.41,4864.678,24.754992829949366,0.35766253113639124,4892.38,4829.49,4965.433,131.3638413846515,0.3605371401387345,5202.74,4829.49,4918.9475,144.0883266711851,0.3189036343068763,5202.74,4702.12,4879.1768,114.16065654954079,0.28624331314266127,5202.74,4702.12,3,10,4,0.9913848440136854,0.9994657295466316,0.017180108149782033,0.008693691643877401,4955.02,0.016087126812493358
2021-10-08,AMZN,4974.97,5056.53,4853.52,4955.02,3743083,4955.02,0.0160871268124933,4930.331,4881.8092,4588.8228,0.3216229709866665,5204.275832548509,4656.386167451491,52.77065927057259,14.192387281536867,30.179750393841076,-15.987363112304209,156.05785714285716,0.0097484413468089,4876.57,-0.0042986677222628,4829.49,-0.0049788598472492,4850.34,-0.0492867289414516,4892.38,-0.0226679831423068,4978.93,4877.206,47.59401464481884,0.1540875303726754,4955.02,4829.49,4963.0419999999995,131.30846725680672,0.3572053059620475,5202.74,4829.49,4930.331,136.9724162742545,0.32162297098666537,5202.74,4702.12,4881.8092,114.36557769975059,0.2879318695374514,5202.74,4702.12,4,10,4,1.0050075745419516,1.014996653289724,0.04097057125903797,-0.004010074432608801,5045.09,0.018177525015035112
2021-10-11,AMZN,5046.94,5102.77,4987.41,5045.09,3448688,5045.09,0.0181775250150351,4944.6275000000005,4887.39,4591.50705,0.3261312419550503,5210.690307058845,4678.564692941156,51.40243461862482,22.132634600785423,28.570327235229946,-6.437692634444524,154.7657142857143,0.0160871268124933,4955.02,0.0097484413468089,4876.57,-0.0042986677222628,4829.49,-0.0036321790212535,4874.61,-0.0099057428001599,4929.61,4911.302,88.63742589906516,0.17501705386701713,5045.09,4829.49,4974.59,133.10723947253402,0.3637115989739815,5202.74,4829.49,4944.6275000000005,133.0314035294222,0.32613124195504917,5202.74,4702.12,4887.39,115.4050491944664,0.28908037839548345,5202.74,4702.12,0,10,4,1.0203175062224563,1.0322667108618233,0.022865796249418285,-0.00036655874648779016,5086.68,0.00824365868596999
2021-10-12,AMZN,5086.32,5193.98,4979.39,5086.68,4296784,5086.68,0.0082436586859699,4960.726000000001,4892.9306,4594.2651000000005,0.3265352356424059,5219.823666641329,4701.6283333586725,49.63358821427381,31.41912313181274,29.140086414546506,2.2790367172662336,156.33428571428567,0.0181775250150351,5045.09,0.0160871268124933,4955.02,0.0097484413468089,4876.57,-0.0049788598472492,4850.34,0.0292193500094328,5073.65,4958.57,108.73836880335165,0.13990545642483623,5086.68,4829.49,4975.893,134.24361818474594,0.33474709078384757,5202.74,4829.49,4960.726000000001,129.54883332066393,0.3265352356424047,5202.74,4702.12,4892.9306,118.21254014086969,0.28896124091414205,5202.74,4702.12,1,10,4,1.025390235219396,1.0395978230304268,0.04218665219749562,7.077808710433306e-05,4925.37,-0.031712236665172644
2021-10-13,AMZN,4905.72,4967.13,4883.62,4925.37,3890384,4925.37,-0.0317122366651726,4965.4195,4896.658799999999,4595.72255,0.3466826412225245,5217.979117931109,4712.859882068891,43.12666709989285,25.468775136100703,28.405824158857346,-2.937049022756643,165.73928571428567,0.0082436586859699,5086.68,0.0181775250150351,5045.09,0.0160871268124933,4955.02,-0.0042986677222628,4829.49,0.0254432213495214,5202.74,4977.746,86.4553788379548,0.3246966165021013,5086.68,4876.57,4948.156,108.31627642130442,0.3382507643117534,5146.01,4829.49,4965.4195,126.27980896555414,0.3466826412225234,5202.74,4702.12,4896.658799999999,116.17952530698632,0.2962338623375432,5202.74,4702.12,2,10,4,0.9919343169291149,1.005863426710269,0.016955071395648096,0.004005528240502032,4896.14,-0.005934579534126239
2021-10-14,AMZN,4935.76,4968.88,4823.39,4896.14,6890819,4896.14,-0.0059345795341262,4975.1205,4900.465,4596.51345,0.3319617266061241,5198.291922097649,4751.949077902351,46.379752148667336,18.184841234775377,26.361627574040952,-8.176786339265576,164.07999999999993,-0.0317122366651726,4925.37,0.0082436586859699,5086.68,0.0181775250150351,5045.09,0.0097484413468089,4876.57,-0.0109038698839456,5146.01,4981.660000000001,81.00075524348146,0.32661914089053884,5086.68,4896.14,4923.169,83.60469078412915,0.3368442617056864,5086.68,4829.49,4975.1205,111.58571104882469,0.331961726606123,5202.74,4829.49,4900.465,112.87040638599778,0.2960978103681147,5202.74,4702.12,3,10,4,0.9841249071251673,0.9991174306925976,0.029715245070600523,-0.008027132599638527,5104.43,0.04254167568737821
2021-10-15,AMZN,5062.62,5200.19,5008.67,5104.43,4740363,5104.43,0.0425416756873782,4988.094500000001,4905.160199999999,4597.7651000000005,0.3480599034903907,5209.5662002214585,4766.622799778544,56.71145577334618,28.88654725242941,26.866611509718645,2.0199357427107643,172.8635714285713,-0.0059345795341262,4896.14,-0.0317122366651726,4925.37,0.0082436586859699,5086.68,0.0160871268124933,4955.02,-0.0492867289414516,4892.38,5011.5419999999995,95.05604015534882,0.4385590137748329,5104.43,4896.14,4944.374000000001,100.17693582411962,0.31141799555062943,5104.43,4829.49,4988.094500000001,110.73585011072875,0.3480599034903896,5202.74,4829.49,4905.160199999999,116.39112871177701,0.30110560505029954,5202.74,4702.12,4,10,4,1.0233226335224754,1.0406245243527337,0.037520349970508356,0.008258569673408657,5139.89,0.006946906902435712
2021-10-18,AMZN,5177.91,5232.62,5047.17,5139.89,4803587,5139.89,0.0069469069024357,5000.495000000001,4911.255,4599.1714,0.3474807106011874,5226.999484584477,4773.990515415525,52.77428758042351,39.770601286176316,29.447409465010182,10.323191821166134,171.76071428571413,0.0425416756873782,5104.43,-0.0059345795341262,4896.14,-0.0317122366651726,4925.37,0.0181775250150351,5045.09,-0.0036321790212535,4874.61,5030.502,111.45956203940439,0.42641687482500534,5139.89,4896.14,4970.902,113.8424393429539,0.3082671770252886,5139.89,4829.49,5000.495000000001,113.25224229223792,0.3474807106011864,5202.74,4829.49,4911.255,120.55460011616603,0.30078655590891024,5202.74,4702.12,0,10,4,1.0278762402520092,1.0465532740611012,0.0360805386885641,-0.007342730947427086,5175.01,0.006832831052804522
2021-10-19,AMZN,5162.25,5263.1,5086.92,5175.01,6374828,5175.01,0.0068328310528045,5008.544,4919.4148,4600.5048,0.3378986335653995,5248.136592047935,4768.951407952065,48.73937355031838,50.64636326377058,33.687200224762265,16.959163039008317,172.89571428571415,0.0069469069024357,5139.89,0.0425416756873782,5104.43,-0.0059345795341262,4896.14,0.0082436586859699,5086.68,-0.0049788598472492,4850.34,5048.168,128.31513207730544,0.4256528341347455,5175.01,4896.14,5003.369000000001,121.66654241545538,0.30269622783707295,5175.01,4829.49,5008.544,119.79629602396751,0.33789863356539845,5202.74,4829.49,4919.4148,124.34079377614918,0.2989069027483907,5202.74,4702.12,1,10,4,1.033236405629853,1.051956423759783,0.03404437865819897,0.0024717904014717896,5209.58,0.006680180328153984
2021-10-20,AMZN,5249.24,5331.99,5087.18,5209.58,3423922,5209.58,0.0066801803281539,5014.2975,4926.2174,4601.4056,0.3342737076467619,5267.710066952612,4760.884933047388,52.94936391657963,61.34781366486277,39.21932291278237,22.128490752080403,174.47571428571408,0.0068328310528045,5175.01,0.0069469069024357,5139.89,0.0425416756873782,5104.43,-0.0317122366651726,4925.37,-0.0042986677222628,4829.49,5105.01,123.16504435113865,0.2898191822041081,5209.58,4896.14,5041.378,120.6772357065578,0.2965179977537079,5209.58,4876.57,5014.2975,126.70628347630586,0.3342737076467608,5209.58,4829.49,4926.2173999999995,130.69333247840657,0.2957274371879299,5209.58,4702.12,2,10,4,1.038945136382307,1.0575213347261008,0.04699227192978176,-0.007555379445403963,5249.67,0.007695438019955647
2021-10-21,AMZN,5273.69,5299.91,5199.42,5249.67,2414623,5249.67,0.0076954380199556,5022.0605000000005,4935.629,4602.7829,0.3349819212267427,5294.597153602559,4749.523846397442,70.67291558064059,72.23108319660241,45.82167496954638,26.409408227056034,159.62142857142837,0.0066801803281539,5209.58,0.0068328310528045,5175.01,0.0069469069024357,5139.89,-0.0059345795341262,4896.14,0.0097484413468089,4876.57,5175.716,56.968542021189606,0.2521214426216498,5249.67,5104.43,5078.688,121.73307610413858,0.2963117641636476,5249.67,4896.14,5022.0605000000005,136.26832680127936,0.33498192122674164,5249.67,4829.49,4935.629,136.6884445237094,0.29241499327291876,5249.67,4702.12,3,10,4,1.0453219350899803,1.063627351245188,0.01914215560215797,-0.004554685618607649,5030.18,-0.04181024712029513
2021-10-22,AMZN,4990.36,5105.01,4955.36,5030.18,6482346,5030.18,-0.0418102471202951,5024.623,4941.817800000001,4603.20025,0.3594590143836396,5296.414885948436,4752.831114051563,57.297794289357874,62.42554128333268,49.14244823230364,13.283093051029034,176.28285714285695,0.0076954380199556,5249.67,0.0066801803281539,5209.58,0.0068328310528045,5175.01,0.0425416756873782,5104.43,0.0160871268124933,4955.02,5160.866,83.6332471569748,0.3468495715610529,5249.67,5030.18,5086.204,115.40499971837532,0.38028039874638786,5249.67,4896.14,5024.623,135.895942974218,0.35945901438363864,5249.67,4829.49,4941.817800000001,133.73369513108182,0.3070231222616126,5249.67,4702.12,4,10,4,1.0011059536205997,1.0178805054283833,0.029750426426086298,0.007979384252838,5009.49,-0.004113172888445482
2021-10-25,AMZN,5042.7,5123.1,4895.87,5009.49,4223360,5009.49,-0.0041131728884454,5028.617,4946.5898,4603.502350000001,0.3577639871455282,5296.8544972100535,4760.379502789947,57.49089231678271,52.3812501400771,49.79020861385834,2.59104152621876,188.01285714285697,-0.0418102471202951,5030.18,0.0076954380199556,5249.67,0.0066801803281539,5209.58,0.0069469069024357,5139.89,0.0181775250150351,5045.09,5134.786,108.45730602416296,0.3361294585077322,5249.67,5009.49,5082.644,117.34695301634567,0.36965986730692657,5249.67,4896.14,5028.617,134.11874860502658,0.35776398714552726,5249.67,4829.49,4946.5898,131.75231664285835,0.306542010614736,5249.67,4702.12,0,10,4,0.996196369697474,1.0127158714472315,0.04535990689670108,-0.006585757629839858,5007.01,-0.0004950603754073635
2021-10-26,AMZN,5025.25,5039.85,4974.18,5007.01,4229293,5007.01,-0.0004950603754073,5025.285,4949.668600000001,4603.38335,0.3419277490125164,5292.821827843703,4757.748172156297,58.50256724574774,43.71701918578765,48.5755707282442,-4.858551542456553,185.7799999999999,-0.0041131728884454,5009.49,-0.0418102471202951,5030.18,0.0076954380199556,5249.67,0.0068328310528045,5175.01,0.0082436586859699,5086.68,5101.186,118.44395818283868,0.32375392460975544,5249.67,5007.01,5074.677,119.7229432249419,0.3664861260325113,5249.67,4896.14,5025.285,133.76841392185122,0.34192774901251544,5249.67,4829.49,4949.668600000001,131.32027146630656,0.30433943752234854,5249.67,4702.12,1,10,4,0.9963633903348772,1.0115848968149075,0.01311561191209663,-0.003629670165662634,5124.81,0.023527015124795048
2021-10-27,AMZN,5076.88,5156.17,5076.88,5124.81,3104840,5124.81,0.023527015124795,5021.3885,4952.9288,4603.43075,0.3400665953721071,5280.169885914498,4762.607114085502,61.13543386128628,45.82775539897102,48.02600766238957,-2.1982522634185457,190.08928571428558,-0.0004950603754073,5007.01,-0.0041131728884454,5009.49,-0.0418102471202951,5030.18,0.0066801803281539,5209.58,-0.0317122366651726,4925.37,5084.232,104.26831791113543,0.38328114107521377,5249.67,5007.01,5094.621000000001,108.13846796789122,0.3424083713856569,5249.67,4896.14,5021.3885,129.39069295724906,0.34006659537210615,5249.67,4829.49,4952.9288,133.63074046982982,0.304759326791385,5249.67,4702.12,2,10,4,1.0205961956536482,1.034702941822819,0.015471793100619238,0.009440837679833057,5130.18,0.0010478437249381578
2021-10-28,AMZN,5092.59,5179.77,5080.59,5130.18,3125368,5130.18,0.0010478437249381,5020.597,4957.6038,4603.6063,0.3378721385831849,5277.865902868568,4763.328097131432,58.40854103381685,47.387588552900525,47.898323840491756,-0.5107352875912312,182.67285714285708,0.023527015124795,5124.81,-0.0004950603754073,5007.01,-0.0041131728884454,5009.49,0.0076954380199556,5249.67,-0.0059345795341262,4896.14,5060.334000000001,61.99484518907213,0.37435321678100436,5130.18,5007.01,5118.025000000001,82.75641448786334,0.33839971095307436,5249.67,5007.01,5020.597,128.63445143428407,0.337872138583184,5249.67,4829.49,4957.6038,135.68681356360887,0.3030664439979807,5249.67,4702.12,3,10,4,1.0218266871447714,1.034810405784941,0.019332654994557878,0.007381312848666937,4981.3,-0.02902042423462725
2021-10-29,AMZN,4994.81,5069.27,4893.33,4981.3,5612427,4981.3,-0.0290204242346272,5025.043,4958.2264,4603.715249999999,0.3046351374507908,5275.977647235484,4774.108352764515,47.10142951856247,36.19318331962222,45.557295736317855,-9.364112416695633,189.0371428571428,0.0010478437249381,5130.18,0.023527015124795,5124.81,-0.0004950603754073,5007.01,-0.0418102471202951,5030.18,0.0425416756873782,5104.43,5050.558,71.12085116206602,0.2967272570895608,5130.18,4981.3,5105.712,93.47038696827023,0.3044010962905974,5249.67,4981.3,5025.043,125.4673236177424,0.30463513745079,5249.67,4829.49,4958.2264,135.7234225759851,0.3096033328597523,5249.67,4702.12,4,10,4,0.9912949998634855,1.0046535995207875,0.03532009716338409,-0.002704807590278211,5020.96,0.00796177704615264
2021-11-01,AMZN,5037.29,5072.16,4969.76,5020.96,5930785,5020.96,0.0079617770461526,5032.3605,4960.4508000000005,4603.9077,0.3050378285043462,5273.155063627735,4791.565936372264,47.00848475960623,30.173940663126814,42.48062472167965,-12.30668405855284,181.02357142857142,-0.0290204242346272,4981.3,0.0010478437249381,5130.18,0.023527015124795,5124.81,-0.0041131728884454,5009.49,0.0069469069024357,5139.89,5052.852000000001,69.63449339240434,0.3031379482781628,5130.18,4981.3,5093.819,96.1658003947025,0.3053028886179261,5249.67,4981.3,5032.3605,120.39728181386779,0.3050378285043454,5249.67,4829.49,4960.4508000000005,135.82391813707454,0.3094487299262687,5249.67,4702.12,0,11,4,0.997734562140173,1.0121983268131571,0.020394506229880188,-0.003241822487884693,4949.76,-0.014180555112966453
2021-11-02,AMZN,4974.18,4993.34,4906.18,4949.76,5472982,4949.76,-0.0141805551129664,5037.3315,4962.297799999999,4604.14795,0.3094099302484483,5266.10938228355,4808.55361771645,51.2094254849931,19.434375155466114,37.87137480843695,-18.436999652970833,174.7178571428571,0.0079617770461526,5020.96,-0.0290204242346272,4981.3,0.0010478437249381,5130.18,-0.0004950603754073,5007.01,0.0068328310528045,5175.01,5041.402,82.56332369773209,0.32129076777964294,5130.18,4949.76,5071.294,101.27959717752991,0.30617621637719505,5249.67,4949.76,5037.3315,114.38894114177494,0.30940993024844743,5249.67,4829.49,4962.297799999999,135.01965211890743,0.3102099121736756,5249.67,4702.12,1,11,4,0.9826154979077746,0.9974733882353862,0.01760893457460205,-0.00490935189317539,4843.44,-0.02147982932505832
2021-11-03,AMZN,4864.78,4912.1,4774.78,4843.44,5493024,4843.44,-0.0214798293250583,5038.029,4959.8726,4604.50065,0.3193090411025702,5264.209115362301,4811.8488846377,47.57236829921501,2.3173437730483784,30.760568601359235,-28.443224828310857,176.8242857142857,-0.0141805551129664,4949.76,0.0079617770461526,5020.96,-0.0290204242346272,4981.3,0.023527015124795,5124.81,0.0066801803281539,5209.58,4985.128,104.48092323488994,0.24455088614216106,5130.18,4843.44,5034.68,111.40845210305372,0.31057686283558844,5249.67,4843.44,5038.029,113.0900576811505,0.3193090411025694,5249.67,4843.44,4959.8726,136.06063644950922,0.3100836455553677,5249.67,4702.12,2,11,4,0.9613759666724898,0.9765250825190597,0.028351749995864976,-0.004386632077914265,4772.16,-0.014716812843763916
2021-11-04,AMZN,4787.38,4854.58,4689.73,4772.16,5022391,4772.16,-0.0147168128437639,5032.8085,4956.9808,4605.02935,0.3215468006404854,5278.645461742915,4786.971538257085,32.4827869798349,-16.805998122270466,21.247255256633295,-38.05325337890376,166.88142857142864,-0.0214798293250583,4843.44,-0.0141805551129664,4949.76,0.0079617770461526,5020.96,0.0010478437249381,5130.18,0.0076954380199556,5249.67,4913.523999999999,102.88910962785587,0.21939217892015891,5020.96,4772.16,4986.929,111.35581563917168,0.3009373556906265,5130.18,4772.16,5032.8085,122.91848087145758,0.32154680064048463,5249.67,4772.16,4956.9808,138.51034581319357,0.31107463191372914,5249.67,4702.12,3,11,4,0.9482101295924633,0.9627150462231034,0.03454410581371241,-0.0031791919588578877,4819.89,0.010001760209213506
2021-11-05,AMZN,4845.56,4867.95,4771.83,4819.89,4216070,4819.89,0.0100017602092135,5026.052000000001,4954.5314,4605.6548,0.3179922869311426,5287.803323093299,4764.300676906702,33.34513053205352,-27.78963068273697,11.439878068759242,-39.22950875149621,160.50071428571437,-0.0147168128437639,4772.16,-0.0214798293250583,4843.44,-0.0141805551129664,4949.76,-0.0290204242346272,4981.3,-0.0418102471202951,5030.18,4881.242,101.62157457947592,0.2289938093795942,5020.96,4772.16,4965.9,121.65993095509538,0.25291459560944757,5130.18,4772.16,5026.052000000001,130.8756615466491,0.3179922869311418,5249.67,4772.16,4954.5314,139.85056314605995,0.31170514058302506,5249.67,4702.12,4,11,4,0.9589813237107456,0.9728245944710386,0.01994236382987577,-0.005297633297285509,4931.27,0.023108411187807265
2021-11-08,AMZN,4938.68,4985.59,4876.96,4931.27,3729008,4931.27,0.0231084111878072,5020.361,4954.0136,4606.25045,0.322426310794259,5285.299431529085,4755.4225684709145,38.24715026854452,-27.193335615493197,3.713235331908754,-30.906570947401953,159.7521428571429,0.0100017602092135,4819.89,-0.0147168128437639,4772.16,-0.0214798293250583,4843.44,0.0079617770461526,5020.96,-0.0041131728884454,5009.49,4863.304000000001,75.3003979405918,0.3026019773138688,4949.76,4772.16,4958.0779999999995,121.05901277200276,0.28755962952470565,5130.18,4772.16,5020.361,132.46921576454253,0.3224263107942582,5249.67,4772.16,4954.0136,139.88855607752114,0.3160429345886267,5249.67,4702.12,0,11,4,0.9822540649963255,0.995409055800534,0.02202880799469063,-0.0015004009168438435,4975.26,0.008920622882137907
2021-11-09,AMZN,4951.46,5061.19,4889.33,4975.26,6491047,4975.26,0.0089206228821379,5014.79,4956.25,4607.0447,0.3226910012147717,5278.539857171399,4751.040142828601,38.80308880256965,-22.907083518757645,-1.6108284382245257,-21.29625508053312,154.54142857142864,0.0231084111878072,4931.27,0.0100017602092135,4819.89,-0.0147168128437639,4772.16,-0.0141805551129664,4949.76,-0.0004950603754073,5007.01,4868.404,83.08136933158752,0.2953652127040179,4975.26,4772.16,4954.903,120.04519306864182,0.29225805079889466,5130.18,4772.16,5014.79,131.87492858569945,0.3226910012147709,5249.67,4772.16,4956.25,139.30361468853016,0.3136057839932248,5249.67,4702.12,1,11,4,0.992117316976186,1.0038355611599488,0.03454291836003849,0.004806663085230492,5033.13,0.011631552923867305
2021-11-10,AMZN,5074.64,5153.5,4912.77,5033.13,3444593,5033.13,0.0116315529238673,5020.178,4957.9188,4608.0319500000005,0.3039505044517269,5280.618415377768,4759.737584622232,39.825586858348,-14.671449157853203,-4.222952582150262,-10.448496575702942,164.55857142857147,0.0089206228821379,4975.26,0.0231084111878072,4931.27,0.0100017602092135,4819.89,-0.0214798293250583,4843.44,0.023527015124795,5124.81,4906.342000000001,108.31095313961927,0.21912256364894123,5033.13,4772.16,4945.735,108.58083934203516,0.27016001500403525,5130.18,4772.16,5020.178,130.22020768888396,0.3039505044517261,5249.67,4772.16,4957.9188,139.72258318387966,0.3121917687904386,5249.67,4702.12,2,11,4,1.002579988199422,1.0151699136337176,0.04782908448618488,-0.008179890593222777,5077.13,0.008742075010977235
2021-11-11,AMZN,5028.2,5171.03,4983.23,5077.13,4638013,5077.13,0.0087420750109772,5029.2275,4959.4454000000005,4608.714199999999,0.3038092984378878,5284.037639092326,4774.417360907674,52.641647441920895,-4.5418615627531835,-4.286734378270846,-0.25512718448233773,156.95071428571433,0.0116315529238673,5033.13,0.0089206228821379,4975.26,0.0231084111878072,4931.27,-0.0147168128437639,4772.16,0.0010478437249381,5130.18,4967.336,99.35723667662408,0.09605910657334937,5077.13,4819.89,4940.43,99.48279907154678,0.27504629682173193,5077.13,4772.16,5029.2275,127.40506954616278,0.30380929843788695,5249.67,4772.16,4959.4454000000005,140.61480165949607,0.3119562142243921,5249.67,4702.12,3,11,4,1.0095248226490032,1.0237293871607045,0.036989401492568276,0.009731116502921633,5087.35,0.0020129482601392024
2021-11-12,AMZN,5073.77,5192.45,4982.26,5087.35,2899937,5087.35,0.0020129482601392,5028.3735,4964.670999999999,4610.12035,0.2634417282652914,5282.235130713388,4774.511869286612,54.433031951579366,4.26145477600312,-2.577096547416053,6.838551323419173,155.7335714285714,0.0087420750109772,5077.13,0.0116315529238673,5033.13,0.0089206228821379,4975.26,0.0100017602092135,4819.89,-0.0290204242346272,4981.3,5020.828,66.7897987720913,0.12222683273308843,5087.35,4931.27,4951.035000000001,109.47445924861354,0.22595505266304722,5087.35,4772.16,5028.3735,126.93081535669417,0.2634417282652905,5249.67,4772.16,4964.670999999999,140.4118464425734,0.30121583422617215,5249.67,4702.12,4,11,4,1.011728742902449,1.0247103987351782,0.041316205883211936,0.002676510760242827,5152.54,0.012814137026152972
2021-11-15,AMZN,5176.13,5216.1,5088.98,5152.54,3072755,5152.54,0.0128141370261529,5029.005999999999,4970.6990000000005,4611.62185,0.2663118097201005,5284.097560313542,4773.914439686457,57.73363517434739,16.31041823484702,1.200406409036562,15.110011825810458,160.23928571428567,0.0020129482601392,5087.35,0.0087420750109772,5077.13,0.0116315529238673,5033.13,0.0231084111878072,4931.27,0.0079617770461526,5020.96,5065.082,65.91441777045397,0.0665073775039745,5152.54,4975.26,4964.193,125.54120386461274,0.23068297934461415,5152.54,4772.16,5029.005999999999,127.54578015677119,0.26631180972009966,5249.67,4772.16,4970.6990000000005,141.9001861362217,0.3022153366418057,5249.67,4702.12,0,11,4,1.0245642975965779,1.0365825812423892,0.02467132715126445,-0.004557458950991491,4933.95,-0.04242373664251031
2021-11-16,AMZN,4926.76,4985.49,4882.42,4933.95,3639449,4933.95,-0.0424237366425103,5016.953,4973.6778,4612.0309,0.3047976511163726,5265.698726700213,4768.207273299786,40.83883726233415,8.12723669137722,2.585772465504694,5.541464225872526,168.8792857142857,0.0128141370261529,5152.54,0.0020129482601392,5087.35,0.0087420750109772,5077.13,0.0089206228821379,4975.26,-0.0141805551129664,4949.76,5056.82,80.87822389257606,0.3696843640578659,5152.54,4933.95,4962.612,125.84235144726226,0.3162145712094272,5152.54,4772.16,5016.9529999999995,124.37286335010704,0.3047976511163718,5249.67,4772.16,4973.6778,139.46500550443278,0.3161633140742655,5249.67,4702.12,1,11,4,0.983455495795758,0.9920123897046582,0.020889956323022894,0.001459376953616198,4944.76,0.002190942348422764
2021-11-17,AMZN,4897.76,5014.4,4875.11,4944.76,2900023,4944.76,0.0021909423484227,5003.712,4974.9458,4612.2409,0.3034756812291064,5236.996899288032,4770.427100711969,41.14619145792646,2.4856302206662804,2.5657440165370113,-0.08011379587073097,171.74428571428567,-0.0424237366425103,4933.95,0.0128141370261529,5152.54,0.0020129482601392,5087.35,0.0116315529238673,5033.13,-0.0214798293250583,4843.44,5039.146,95.65501100317236,0.3544067219945766,5152.54,4933.95,4972.744000000001,119.078326622058,0.2929549180396435,5152.54,4772.16,5003.712,116.6424496440157,0.30347568122910556,5249.67,4772.16,4974.9458,138.89558345171477,0.3130733907377755,5249.67,4702.12,2,11,4,0.9882183466992127,0.993932436409459,0.028169213470415507,0.00959622357975695,4853.53,-0.018449833763418355
2021-11-18,AMZN,4811.4,4956.15,4750.92,4853.53,5503779,4853.53,-0.0184498337634183,4983.905000000001,4976.8786,4612.2026000000005,0.3060860548262837,5195.523679157718,4772.286320842283,43.543513193316,-9.240364936964397,0.20452222583672963,-9.444887162801127,169.48571428571418,0.0021909423484227,4944.76,-0.0424237366425103,4933.95,0.0128141370261529,5152.54,0.0087420750109772,5077.13,-0.0147168128437639,4772.16,4994.4259999999995,122.07645936058051,0.34856768227211493,5152.54,4853.53,4980.881,105.89972190184102,0.2995264529811312,5152.54,4819.89,4983.905000000001,105.80933957885854,0.3060860548262829,5152.54,4772.16,4976.8786,136.45017411623712,0.31045760205643436,5249.67,4702.12,3,11,4,0.9738407935141269,0.975215670319751,0.04228468763970909,0.008756287151347082,4957.13,0.021345288892826497
2021-11-19,AMZN,4971.87,5027.16,4887.11,4957.13,2332826,4957.13,0.0213452888928264,4980.2525000000005,4981.4742,4613.03305,0.2831272297563716,5191.028220351062,4769.476779648939,46.97031545109921,-10.057707411609954,-1.8479237016526073,-8.209783709957346,174.57357142857134,-0.0184498337634183,4853.53,0.0021909423484227,4944.76,-0.0424237366425103,4933.95,0.0020129482601392,5087.35,0.0100017602092135,4819.89,4968.382,110.6518412409596,0.40817215501081777,5152.54,4853.53,4994.605,90.48958568070118,0.3132633426930457,5152.54,4853.53,4980.2525000000005,105.387860175531,0.28312722975637067,5152.54,4772.16,4981.4742,131.6599949171192,0.31350147508226633,5249.67,4702.12,4,11,4,0.9953571631155256,0.9951130530795492,0.028252234659968956,-0.002964679285660489,4944.95,-0.002457066891528026
2021-11-22,AMZN,4990.92,5053.41,4836.48,4944.95,4161960,4944.95,-0.002457066891528,4977.025500000001,4985.19,4613.7374,0.2829139756523863,5187.892674403908,4766.158325596093,49.75814318255752,-11.555081630644054,-3.789355287450897,-7.7657263431931565,181.86999999999995,0.0213452888928264,4957.13,-0.0184498337634183,4853.53,0.0021909423484227,4944.76,0.0128141370261529,5152.54,0.0231084111878072,4931.27,4926.864,41.80755888608031,0.3798214125430247,4957.13,4853.53,4995.973,89.52396861547726,0.2929172829136038,5152.54,4853.53,4977.025500000001,105.43358720195354,0.28291397565238546,5152.54,4772.16,4985.19,127.82349229956687,0.31333783567662177,5249.67,4702.12,0,11,4,0.9935552871889053,0.9919280910053594,0.04386899766427495,-0.00921072667964845,4948.63,0.0007441935712191317
2021-11-23,AMZN,4953.77,5071.24,4826.03,4948.63,4217732,4948.63,0.0007441935712191,4974.1065,4988.8684,4613.73175,0.2829482235800884,5184.842257640833,4763.370742359167,55.89795346141569,-12.302994974552348,-5.4920832248711875,-6.810911749681161,186.8864285714285,-0.002457066891528,4944.95,0.0213452888928264,4957.13,-0.0184498337634183,4853.53,-0.0424237366425103,4933.95,0.0089206228821379,4975.26,4929.8,42.92998602391083,0.22521848884612058,4957.13,4853.53,4993.3099999999995,90.59818749719048,0.289134573601773,5152.54,4853.53,4974.1065,105.36787882041654,0.2829482235800875,5152.54,4772.16,4988.8684,123.93646215070402,0.31333782898724827,5249.67,4702.12,1,11,4,0.9948781756078212,0.9919343633115292,0.049551087876836715,-0.0010375935903361054,4817.27,-0.026544720457985282
2021-11-24,AMZN,4817.93,4848.3,4786.25,4817.27,1938616,4817.27,-0.0265447204579852,4958.7295,4988.5838,4612.6781,0.2825326561701339,5168.0404035282745,4749.418596471724,52.36964583934826,-23.227622295567926,-9.039191039010536,-14.18843125655739,186.7099999999999,0.0007441935712191,4948.63,-0.002457066891528,4944.95,0.0213452888928264,4957.13,0.0021909423484227,4944.76,0.0116315529238673,5033.13,4904.302000000001,64.34359735056982,0.2947045088702988,4957.13,4817.27,4971.724,104.67790780399002,0.30763004855216924,5152.54,4817.27,4958.7294999999995,104.6554517641377,0.2825326561701329,5152.54,4772.16,4988.5838,124.32095014289784,0.3178379208247348,5249.67,4702.12,2,11,4,0.9714726322536908,0.9656588308687997,0.012880739505983117,-0.00013698829165216544,4907.18,0.018664098130268814
2021-11-25,AMZN,4889.35,4936.17,4878.19,4907.18,3353098,4907.18,0.0186640981302688,4947.5795,4992.685,4612.298,0.2925700807041115,5141.637622110039,4753.521377889961,54.390800896609214,-24.349793304390914,-12.101311492086612,-12.248481812304302,188.33714285714274,-0.0265447204579852,4817.27,0.0007441935712191,4948.63,-0.002457066891528,4944.95,-0.0184498337634183,4853.53,0.0087420750109772,5077.13,4915.032000000001,57.91203778155818,0.3061313720658155,4957.13,4817.27,4954.728999999999,99.3223608537074,0.32296993581851186,5152.54,4817.27,4947.5795,97.0290610550194,0.29257008070411056,5152.54,4772.16,4992.685,117.8942202672923,0.3143999559607763,5249.67,4772.16,3,11,4,0.9918344919973511,0.982873944580725,0.011815339971223523,0.003646701504289175,4963.84,0.011546346374088579
2021-11-26,AMZN,4939.68,5003.51,4924.17,4963.84,4430773,4963.84,0.0115463463740885,4946.7065,4995.0628,4612.7908,0.2780599848557668,5140.282392504671,4753.130607495329,51.733756347108674,-20.431610552849634,-13.767371304239216,-6.664239248610418,183.38214285714275,0.0186640981302688,4907.18,-0.0265447204579852,4817.27,0.0007441935712191,4948.63,0.0213452888928264,4957.13,0.0020129482601392,5087.35,4916.374000000001,59.194997508342375,0.2740499579756897,4963.84,4817.27,4942.378,88.03635042159654,0.3307392865532682,5152.54,4817.27,4946.7065,96.78794625233547,0.2780599848557659,5152.54,4772.16,4995.0628,116.03808475855158,0.3081463575911521,5249.67,4772.16,4,11,4,1.0034636176613665,0.9937492677767747,0.015983593347082933,0.004891005085348638,5014.79,0.010264230917998995
2021-11-29,AMZN,4966.75,5078.42,4951.17,5014.79,4748294,5014.79,0.0102642309179989,4946.398,4997.521,4614.2594500000005,0.2790558326040692,5139.494704172127,4753.301295827873,52.08877146554372,-13.06458292069783,-13.62681362753094,0.5622307068331089,180.19571428571422,0.0115463463740885,4963.84,0.0186640981302688,4907.18,-0.0265447204579852,4817.27,-0.002457066891528,4944.95,0.0128141370261529,5152.54,4930.342,74.00977482747204,0.2805267410481032,5014.79,4817.27,4928.603,56.69755649250574,0.3277197620847303,5014.79,4817.27,4946.398,96.54835208606332,0.2790558326040682,5152.54,4772.16,4997.521,115.10575026409991,0.3082360214768984,5249.67,4772.16,0,11,4,1.0138266269715832,1.0034555132432652,0.025374940924739544,0.009672320934210558,4942.87,-0.014341577613419476
2021-11-30,AMZN,4920.42,4980.54,4905.2,4942.87,3686109,4942.87,-0.0143415776134194,4946.0535,4996.0978,4614.79805,0.2791655863909746,5139.149533732416,4752.957466267584,45.300426949251055,-12.881019016068421,-13.477654705238436,0.5966356891700144,170.8285714285714,0.0102642309179989,5014.79,0.0115463463740885,4963.84,0.0186640981302688,4907.18,0.0007441935712191,4948.63,-0.0424237366425103,4933.95,4929.1900000000005,73.69811971830133,0.3071307313247791,5014.79,4817.27,4929.495,56.860957558267486,0.2539841780384602,5014.79,4817.27,4946.0535,96.54801686620806,0.2791655863909736,5152.54,4772.16,4996.0978,115.33715114316176,0.30492246502351633,5249.67,4772.16,1,11,4,0.9993563555264819,0.9893461252898234,0.015242156884559961,0.004562618638245364,4875.43,-0.013643895145937446
2021-12-01,AMZN,4870.47,4984.7,4766.16,4875.43,5243816,4875.43,-0.0136438951459374,4947.653,4991.7162,4615.40705,0.272444444599305,5137.67563135031,4757.63036864969,39.74830747905295,-17.97023796240228,-14.376171356671206,-3.594066605731074,173.02428571428567,-0.0143415776134194,4942.87,0.0102642309179989,5014.79,0.0115463463740885,4963.84,-0.0265447204579852,4817.27,0.0021909423484227,4944.76,4940.822,53.41625567197202,0.24434134562129006,5014.79,4875.43,4922.562,58.98008662062535,0.26295720156616376,5014.79,4817.27,4947.653,95.0113156751549,0.272444444599304,5152.54,4772.16,4991.7162,115.68307331928949,0.30411799111615717,5249.67,4772.16,2,12,4,0.9854025737049494,0.9767041643912014,0.04482476417463795,0.0010183822095196186,4896.01,0.0042211661330384675
2021-12-02,AMZN,4866.44,4922.76,4866.44,4896.01,3828862,4896.01,0.0042211661330384,4953.8455,4987.7482,4616.25335,0.2666749604620073,5127.122350153102,4780.568649846899,40.37621969563901,-20.111019325342568,-15.523140950405478,-4.587878374937089,162.03357142857143,-0.0136438951459374,4875.43,-0.0143415776134194,4942.87,0.0102642309179989,5014.79,0.0186640981302688,4907.18,-0.0184498337634183,4853.53,4938.588,55.372743475589196,0.20198153053432008,5014.79,4875.43,4926.8099999999995,54.840163910918776,0.24557990882319666,5014.79,4817.27,4953.8455,86.63842507655076,0.2666749604620063,5152.54,4817.27,4987.7482,115.49118776677223,0.30431556734594817,5249.67,4772.16,3,12,4,0.9883251304464402,0.9816072912419713,0.011503244478665098,0.006076310403497123,4836.1,-0.012236494615002758
2021-12-03,AMZN,4796.18,4890.82,4781.37,4836.1,4021904,4836.1,-0.0122364946150027,4954.656,4984.8916,4616.2268,0.2688546109770363,5125.428181809664,4783.883818190336,33.99911004988172,-26.33822957465145,-17.686158675254674,-8.652070899396776,161.02571428571432,0.0042211661330384,4896.01,-0.0136438951459374,4875.43,-0.0143415776134194,4942.87,0.0115463463740885,4963.84,0.0213452888928264,4957.13,4913.039999999999,68.67894145960993,0.18311968918275834,5014.79,4836.1,4914.707,60.4714513082998,0.22456519515878673,5014.79,4817.27,4954.656,85.38609090483222,0.26885461097703517,5152.54,4817.27,4984.8916,117.46331740653005,0.30131374479318196,5249.67,4772.16,4,12,4,0.9760717999390924,0.9701514873460899,0.022631872790053385,0.008323290618782394,4875.02,0.00804780711730535
2021-12-06,AMZN,4896.25,4917.4,4832.64,4875.02,4423609,4875.02,0.0080478071173053,4951.843500000001,4983.7998,4617.0835,0.256964810616653,5126.05552463493,4777.631475365071,46.358524376631046,-27.812217894484093,-19.71137051910056,-8.100847375383534,147.78571428571428,-0.0122364946150027,4836.1,0.0042211661330384,4896.01,-0.0136438951459374,4875.43,0.0102642309179989,5014.79,-0.002457066891528,4944.95,4885.086,38.89895666996182,0.1716870391152325,4942.87,4836.1,4907.714,60.62871179014211,0.23057344318368667,5014.79,4817.27,4951.843500000001,87.10601231746475,0.256964810616652,5152.54,4817.27,4983.7998,118.23877844647494,0.30109781806422786,5249.67,4772.16,0,12,4,0.98448587884472,0.9781733206857591,0.01738659533704106,-0.004335971406687817,4689.92,-0.03796907499866675
2021-12-07,AMZN,4726.94,4800.75,4579.09,4689.92,5795572,4689.92,-0.0379690749986667,4937.5765,4976.1252,4616.3699,0.2864987479386576,5146.909441484512,4728.243558515488,37.04343935520356,-43.415915661937106,-24.45227954766787,-18.963636114269235,158.97428571428574,0.0080478071173053,4875.02,-0.0122364946150027,4836.1,0.0042211661330384,4896.01,-0.0143415776134194,4942.87,0.0007441935712191,4948.63,4834.496,83.67579058491083,0.28924886217921286,4896.01,4689.92,4881.843,89.53558399379564,0.29400618676846213,5014.79,4689.92,4937.5765,104.66647074225597,0.2864987479386565,5152.54,4689.92,4976.1252,124.57170149439467,0.3052668140796599,5249.67,4689.92,1,12,4,0.9498424986426134,0.9424843249520846,0.047263066320950585,-0.007831705077701789,4649.82,-0.008550252456332008
2021-12-08,AMZN,4690.44,4735.33,4564.31,4649.82,3052641,4649.82,-0.008550252456332,4918.411,4965.0668000000005,4615.56135,0.281943082832522,5158.793736914168,4678.028263085832,39.074985787402206,-58.345127124620376,-31.230849063058375,-27.114278061562,156.5307142857143,-0.0379690749986667,4689.92,0.0080478071173053,4875.02,-0.0122364946150027,4836.1,-0.0136438951459374,4875.43,-0.0265447204579852,4817.27,4789.374000000001,112.0894842525752,0.28781376882680515,4896.01,4649.82,4865.098,114.99306122061424,0.2703511781958739,5014.79,4649.82,4918.411,120.19136845708401,0.2819430828325208,5152.54,4649.82,4965.0668000000005,128.5233034763503,0.2993828460160004,5249.67,4649.82,2,12,4,0.9453906963039596,0.9365070375284905,0.03677991836242322,-0.008660168342413767,4803.56,0.03306364547444862
2021-12-09,AMZN,4814.9,4915.2,4691.92,4803.56,3292231,4803.56,0.0330636454744486,4904.7325,4958.2178,4616.0093,0.3082818711356037,5138.119614592739,4671.345385407261,42.18433508006458,-57.11274149424844,-36.407227549296394,-20.705513944952045,163.08428571428573,-0.008550252456332,4649.82,-0.0379690749986667,4689.92,0.0080478071173053,4875.02,0.0042211661330384,4896.01,0.0186640981302688,4907.18,4770.884,96.66542235984726,0.4170040423476013,4875.02,4649.82,4854.736000000001,115.44741825706333,0.31001071379080514,5014.79,4649.82,4904.7325,116.69355729636919,0.30828187113560257,5152.54,4649.82,4958.2178,127.80663823400648,0.3088325155584742,5249.67,4649.82,3,12,4,0.9793724734221531,0.9688077841193323,0.046482192373979554,-0.0023551891004998816,4842.62,0.008131469160372662
2021-12-10,AMZN,4799.31,4961.01,4724.24,4842.62,3060981,4842.62,0.0081314691603726,4892.496,4957.2226,4616.75285,0.3102509948169003,5110.739954606155,4674.252045393845,44.93079567571654,-52.38044230812466,-39.60187050106205,-12.778571807062605,164.5014285714286,0.0330636454744486,4803.56,-0.008550252456332,4649.82,-0.0379690749986667,4689.92,-0.0122364946150027,4836.1,0.0115463463740885,4963.84,4772.188,97.8024034469894,0.4152759214128167,4875.02,4649.82,4842.614,108.89681315610078,0.30629672728984747,5014.79,4649.82,4892.496,109.1219773030776,0.3102509948168992,5152.54,4649.82,4957.2226,128.52149954037571,0.2891157815284822,5249.67,4649.82,4,12,4,0.9898056125133284,0.9768816917761616,0.04889295464024671,0.009024213897412432,4858.1,0.003196616707484834
2021-12-13,AMZN,4881.5,4930.69,4785.51,4858.1,3502283,4858.1,0.0031966167074848,4877.774,4956.892400000001,4617.87275,0.3058930763081248,5058.689781441984,4696.858218558016,45.567165786297615,-46.84100058329204,-41.04969651750805,-5.79130406578399,157.35642857142855,0.0081314691603726,4842.62,0.0330636454744486,4803.56,-0.008550252456332,4649.82,0.0080478071173053,4875.02,0.0102642309179989,5014.79,4768.803999999999,93.55537761137819,0.41116170092720705,4858.1,4649.82,4826.945,91.20593843360663,0.30017193307162593,4942.87,4649.82,4877.774,90.45789072099225,0.3058930763081237,5014.79,4649.82,4956.892400000001,128.75907044817552,0.2890860064530266,5249.67,4649.82,0,12,4,0.9959666027985313,0.9800696904373029,0.0298841110722236,-0.0047936085219696485,5035.78,0.03657396924723644
2021-12-14,AMZN,4996.51,5084.56,4987.0,5035.78,7076561,5035.78,0.0365739692472364,4882.865500000001,4960.601200000001,4619.692050000001,0.298473814824772,5075.772161637794,4689.958838362208,60.23513981840524,-27.793278427558107,-38.39841289951807,10.605134471959964,161.9335714285714,0.0031966167074848,4858.1,0.0081314691603726,4842.62,0.0330636454744486,4803.56,-0.0379690749986667,4689.92,-0.0143415776134194,4942.87,4837.976000000001,137.96748341551293,0.31062019316110284,5035.78,4649.82,4836.236000000001,107.58817243957682,0.3508796975683176,5035.78,4649.82,4882.865500000001,96.45333081889657,0.29847381482477087,5035.78,4649.82,4960.601200000001,128.29717515836796,0.3001735171944743,5249.67,4649.82,1,12,4,1.0313165496774317,1.0151551791744482,0.01937336420573993,0.00785948592117131,4829.34,-0.040994642339419074
2021-12-15,AMZN,4845.73,4872.2,4786.48,4829.34,5029821,4829.34,-0.040994642339419,4877.0945,4960.5982,4620.74575,0.3338244115421773,5069.10854372714,4685.08045627286,46.71278230995964,-29.021265018622216,-36.522983323338906,7.5017183047166895,171.24785714285716,0.0365739692472364,5035.78,0.0031966167074848,4858.1,0.0081314691603726,4842.62,-0.008550252456332,4649.82,-0.0136438951459374,4875.43,4873.88,92.69104595380814,0.49365780213104044,5035.78,4803.56,4831.627,106.70618539293007,0.4075002932290301,5035.78,4649.82,4877.0945,96.00702186357002,0.3338244115421762,5035.78,4649.82,4960.5982,128.30030524223082,0.31442527043083585,5249.67,4649.82,2,12,4,0.9902084119959147,0.9735398444484026,0.017749837451904917,-0.003382359314282066,4759.88,-0.014382917748595014
2021-12-16,AMZN,4786.47,4804.9,4714.86,4759.88,2544307,4759.88,-0.014382917748595,4872.411999999999,4958.2644,4622.2291,0.3313025034650868,5071.290462711659,4673.53353728834,41.478801450073775,-35.193604769242484,-36.25710761251962,1.063502843277135,172.54428571428576,-0.040994642339419,4829.34,0.0365739692472364,5035.78,0.0031966167074848,4858.1,0.0330636454744486,4803.56,0.0042211661330384,4896.01,4865.144,102.51344926403908,0.45528622441488775,5035.78,4759.88,4818.014,106.26236588954609,0.4119489580301417,5035.78,4649.82,4872.411999999999,99.43923135582972,0.3313025034650858,5035.78,4649.82,4958.2644,130.89504864516863,0.3153194482047577,5249.67,4649.82,3,12,4,0.9769042519390855,0.9599891445883846,0.018916443271675135,-0.005555242172205109,4726.52,-0.007008580048236457
2021-12-17,AMZN,4747.87,4817.13,4635.9,4726.52,3145948,4726.52,-0.0070085800482364,4860.8815,4953.6944,4623.62985,0.3213417564680527,5065.729757809028,4656.0332421909725,37.77677897494988,-42.289613351418666,-37.46360876029943,-4.826004591119236,176.4000000000001,-0.014382917748595,4759.88,-0.040994642339419,4829.34,0.0365739692472364,5035.78,0.0081314691603726,4842.62,-0.0122364946150027,4836.1,4841.924000000001,120.46728800803122,0.4477434523273979,5035.78,4726.52,4807.056,109.78184662724647,0.40932103478524795,5035.78,4649.82,4860.8815,102.42412890451403,0.3213417564680517,5035.78,4649.82,4953.6944,134.93708814013846,0.3134075561170967,5249.67,4649.82,4,12,4,0.9723586143786939,0.9541404088227659,0.03834322080515096,-0.004496753280943866,4801.01,0.015760009478432258
2021-12-20,AMZN,4844.4,4844.4,4773.12,4801.01,4643188,4801.01,0.0157600094784322,4853.6845,4948.812800000001,4625.93525,0.3275819363173611,5056.197391906778,4651.171608093223,43.99793528244656,-41.42500909698174,-38.25588882763589,-3.1691202693458465,176.99214285714288,-0.0070085800482364,4726.52,-0.014382917748595,4759.88,-0.040994642339419,4829.34,0.0031966167074848,4858.1,0.0080478071173053,4875.02,4830.506,121.25377181766167,0.4697334442579786,5035.78,4726.52,4799.655000000001,107.15419079791026,0.4163860841923458,5035.78,4649.82,4853.6845,101.25644595338866,0.3275819363173601,5035.78,4649.82,4948.812800000001,135.97424271449498,0.3127028268356159,5249.67,4649.82,0,12,4,0.9891475228764891,0.9701336853960265,0.014846875969844863,-0.008956733548012233,4878.2,0.01607786694882951
2021-12-21,AMZN,4901.44,4907.6,4848.8,4878.2,2783450,4878.2,0.0160778669488295,4850.1630000000005,4944.6432,4628.54255,0.3333060352371001,5048.12250230187,4652.203497698131,50.11623905741316,-34.11792588798562,-37.428296239705844,3.3103703517202234,168.9957142857143,0.0157600094784322,4801.01,-0.0070085800482364,4726.52,-0.014382917748595,4759.88,0.0365739692472364,5035.78,-0.0379690749986667,4689.92,4798.99,59.120470228242716,0.37706431183572797,4878.2,4726.52,4818.483,102.15500010060634,0.36845142190550884,5035.78,4649.82,4850.1630000000005,98.97975115093449,0.33330603523709906,5035.78,4649.82,4944.6432,134.8521687859348,0.31435829926525877,5249.67,4649.82,1,12,4,1.0057806304652015,0.9865625895917045,0.0120536263375811,-0.004741463733105993,4803.65,-0.015282276249436344
2021-12-22,AMZN,4822.22,4886.1,4721.21,4803.65,2992647,4803.65,-0.0152822762494363,4849.482,4942.2088,4631.23365,0.3239013837945364,5048.0108345066055,4650.953165493394,46.29219256780669,-33.951203420674574,-36.73287767589959,2.7816742552250133,176.7507142857143,0.0160778669488295,4878.2,0.0157600094784322,4801.01,-0.0070085800482364,4726.52,-0.040994642339419,4829.34,-0.008550252456332,4649.82,4793.852,56.89797421708757,0.24995860756214214,4878.2,4726.52,4833.866,83.88301366916592,0.37643096451516045,5035.78,4726.52,4849.482,99.26441725330255,0.3239013837945355,5035.78,4649.82,4942.2088,136.29811076649298,0.30810910826766297,5249.67,4649.82,2,12,4,0.9905490936968131,0.9719641954421324,0.03432598128505741,-0.003850923433604598,4891.64,0.018317321203668246
2021-12-23,AMZN,4868.33,4978.91,4804.37,4891.64,6850202,4891.64,0.0183173212036682,4848.705,4942.1188,4634.54725,0.3236393967137563,5046.402924436096,4651.007075563904,52.1805018996117,-26.41452680473958,-34.669207501667586,8.254680696928006,181.0807142857143,-0.0152822762494363,4803.65,0.0160778669488295,4878.2,0.0157600094784322,4801.01,-0.014382917748595,4759.88,0.0330636454744486,4803.56,4820.204,66.86885396063873,0.24717682044951483,4891.64,4726.52,4842.674,84.96457604332201,0.35039661753329665,5035.78,4726.52,4848.705,98.84896221804811,0.32363939671375536,5035.78,4649.82,4942.1188,136.33063344253088,0.3106343402977448,5249.67,4649.82,3,12,4,1.0088549416800963,0.9897860002877733,0.03568128480427101,0.00478808955021447,4857.17,-0.007046716438658618
2021-12-24,AMZN,4898.43,4946.08,4768.26,4857.17,3129721,4857.17,-0.0070467164386586,4843.371499999999,4937.1736,4637.6149000000005,0.3215945940032929,5033.605645396563,4653.137354603436,49.29675126609185,-22.958446529522007,-32.327055307238474,9.368608777716467,187.72785714285718,0.0183173212036682,4891.64,-0.0152822762494363,4803.65,0.0160778669488295,4878.2,-0.0070085800482364,4726.52,0.0081314691603726,4842.62,4846.334000000001,42.0169112383348,0.24729923181775312,4891.64,4801.01,4844.129,85.08804165228767,0.35129009655531057,5035.78,4726.52,4843.371499999999,95.11707269828199,0.3215945940032919,5035.78,4649.82,4937.1736,134.79876626571982,0.29542415120309207,5249.67,4649.82,4,12,4,1.0028489452025304,0.9837956680314048,0.03660979541584154,-0.008423106995505048,4965.2,0.022241346298358833
2021-12-27,AMZN,4933.38,5026.96,4903.45,4965.2,5860067,4965.2,0.0222413462983588,4840.892000000001,4933.6798,4641.2997,0.3298096463479615,5022.830575939137,4658.953424060865,61.54659239550547,-11.371278832079042,-28.13590001220659,16.76462118012755,178.71785714285716,-0.0070467164386586,4857.17,0.0183173212036682,4891.64,-0.0152822762494363,4803.65,0.0157600094784322,4801.01,0.0031966167074848,4858.1,4879.1720000000005,58.61926534861365,0.26758109289239734,4965.2,4803.65,4854.839000000001,93.37840024449655,0.367965085603032,5035.78,4726.52,4840.892000000001,90.96928796956814,0.32980964634796056,5035.78,4649.82,4933.6798,131.66483967280837,0.29946031484087327,5249.67,4649.82,0,12,4,1.0256787385463202,1.0063887810471595,0.024875130911136578,0.006449938987062268,4874.68,-0.018230886973334304
2021-12-28,AMZN,4914.15,4977.63,4771.73,4874.68,6608942,4874.68,-0.0182308869733343,4837.4825,4927.673200000001,4644.432400000001,0.3322868601575865,5013.844829415513,4661.120170584487,59.04898346761534,-9.384394979869285,-24.38559900573913,15.001204025869846,181.2092857142858,0.0222413462983588,4965.2,-0.0070467164386586,4857.17,0.0183173212036682,4891.64,0.0160778669488295,4878.2,0.0365739692472364,5035.78,4878.468,58.65498333484678,0.3018005684635904,4965.2,4803.65,4838.729,69.54968606846093,0.32601278041945153,4965.2,4726.52,4837.4825,88.18116470775641,0.3322868601575857,5035.78,4649.82,4927.673200000001,127.20565215648325,0.3015760588970314,5249.67,4649.82,1,12,4,1.0076894335016182,0.989245796575757,0.042238670025511064,-0.008031907857918727,4864.79,-0.002028851124586728
2021-12-29,AMZN,4846.56,4941.03,4788.54,4864.79,2982940,4864.79,-0.0020288511245867,4836.950500000001,4920.7774,4647.24995,0.3287253034231531,5012.89454893848,4661.006451061522,52.78670319700437,-8.509720793894303,-21.210423363370168,12.700702569475865,173.14571428571435,-0.0182308869733343,4874.68,0.0222413462983588,4965.2,-0.0070467164386586,4857.17,-0.0152822762494363,4803.65,-0.040994642339419,4829.34,4890.696000000001,43.59863220344796,0.27279398390077464,4965.2,4857.17,4842.274,69.92041637938023,0.24851299589295697,4965.2,4726.52,4836.950500000001,87.97202446923939,0.32872530342315226,5035.78,4649.82,4920.7774,120.79565044552027,0.3010662534448262,5249.67,4649.82,2,12,4,1.0057555891876488,0.9886222449320733,0.031345649041370424,0.003761430788021978,4822.96,-0.00859852121057636
2021-12-30,AMZN,4787.28,4857.25,4787.28,4822.96,2801932,4822.96,-0.0085985212105763,4833.298000000001,4912.243200000001,4650.298000000001,0.3297391894042056,5007.099677128431,4659.496322871571,49.10748333845948,-11.064323972474085,-19.181203485190952,8.116879512716867,161.77000000000004,-0.0020288511245867,4864.79,-0.0182308869733343,4874.68,0.0222413462983588,4965.2,0.0183173212036682,4891.64,-0.014382917748595,4759.88,4876.960000000001,53.026524023464766,0.2404098159675285,4965.2,4822.96,4848.582,64.2790205622617,0.24014631283810367,4965.2,4726.52,4833.298000000001,86.90083856421492,0.3297391894042048,5035.78,4649.82,4912.243200000001,111.82567903472285,0.3008149359089928,5152.54,4649.82,3,12,4,0.9978610878118835,0.9818243526702866,0.014507688224655759,0.007453084005947602,4916.44,0.019382288055467933
2021-12-31,AMZN,4948.56,5019.4,4813.48,4916.44,3581714,4916.44,0.0193822880554679,4837.3150000000005,4909.9684,4653.8339000000005,0.3339454281724152,5015.058383502654,4659.571616497347,52.47333344576416,-5.4826105201073005,-16.441484892174223,10.958874372066923,166.10857142857154,-0.0085985212105763,4822.96,-0.0020288511245867,4864.79,-0.0182308869733343,4874.68,-0.0070467164386586,4857.17,-0.0070085800482364,4726.52,4888.814,54.1102779517114,0.2804194474823833,4965.2,4822.96,4867.574,50.864469196737296,0.2505292147491402,4965.2,4801.01,4837.3150000000005,88.87169175132638,0.33394542817241446,5035.78,4649.82,4909.9684,110.52693186169856,0.28982948444520806,5152.54,4649.82,4,12,4,1.016357214694305,1.0013180532891002,0.041883964820064554,-0.006490777114957544,4871.31,-0.009179406237033172
2022-01-03,AMZN,4822.84,4988.52,4754.1,4871.31,2587891,4871.31,-0.0091794062370331,4837.1295,4907.2048,4658.3647,0.334745059660693,5014.714871075502,4659.544128924498,42.14437874288089,-4.647107268025138,-14.082609367344407,9.435502099319269,166.67714285714297,0.0193822880554679,4916.44,-0.0085985212105763,4822.96,-0.0020288511245867,4864.79,0.0222413462983588,4965.2,0.0157600094784322,4801.01,4870.036,33.24225970073106,0.22460409322394556,4916.44,4822.96,4874.604,45.18324497715742,0.2491929962506639,4965.2,4803.65,4837.1295,88.79268553775096,0.33474505966069223,5035.78,4649.82,4907.2048,109.71223765269121,0.29039550503251127,5152.54,4649.82,0,1,1,1.0070662776340789,0.9926852859287647,0.04812257893666219,0.010050094964790496,4868.5,-0.0005768468851294895
2022-01-04,AMZN,4900.84,4900.84,4838.31,4868.5,4198418,4868.5,-0.0005768468851294,4846.0585,4904.4346000000005,4662.789250000001,0.3030485185088569,5009.905418063698,4682.211581936303,52.32210626099085,-4.16371175977747,-12.09882984583102,7.935118086053549,153.33642857142863,-0.0091794062370331,4871.31,0.0193822880554679,4916.44,-0.0085985212105763,4822.96,-0.0182308869733343,4874.68,0.0160778669488295,4878.2,4868.8,33.141157946137085,0.18412335384782844,4916.44,4822.96,4873.634,45.20158458381792,0.23569405228461685,4965.2,4803.65,4846.0585,81.9234590318486,0.30304851850885606,5035.78,4649.82,4904.4346000000005,108.88631617343778,0.29039570872180137,5152.54,4649.82,1,1,1,1.0046308768247423,0.9926730392121054,0.012843791722293704,-0.006598868765353193,4914.04,0.00935401047550588
2022-01-05,AMZN,4890.68,4977.07,4851.01,4914.04,3684127,4914.04,0.0093540104755058,4859.2695,4900.2192,4667.5453,0.3014071772439517,4997.025145367266,4721.513854632734,59.40826091100514,-0.10471286573920224,-9.700006449812657,9.595293584073454,154.16357142857143,-0.0005768468851294,4868.5,-0.0091794062370331,4871.31,0.0193822880554679,4916.44,-0.0020288511245867,4864.79,-0.0152822762494363,4803.65,4878.65,38.53183878315606,0.19444558448307667,4916.44,4822.96,4884.673,39.30640124570069,0.22338562607454382,4965.2,4822.96,4859.2695,68.8778226836331,0.30140717724395083,5035.78,4726.52,4900.2192,104.15782075207753,0.28610237221543394,5152.54,4649.82,2,1,1,1.011271344386021,1.0028204452566116,0.025653026837383054,0.004776431907218401,4963.44,0.010052828222806509
2022-01-06,AMZN,5001.63,5036.65,4890.23,4963.44,4620608,4963.44,0.0100528282228065,4867.263499999999,4896.8844,4672.89235,0.2813001422624726,5009.877294752508,4724.649705247491,64.18139156143926,7.017348522645079,-6.35653545532111,13.373883977966189,151.67714285714283,0.0093540104755058,4914.04,-0.0005768468851294,4868.5,-0.0091794062370331,4871.31,-0.0085985212105763,4822.96,0.0183173212036682,4891.64,4906.746,38.986703887505335,0.17394047108804894,4963.44,4868.5,4891.853,46.60128254075798,0.21032991308390625,4965.2,4822.96,4867.263499999999,71.30689737625426,0.28130014226247174,5035.78,4726.52,4896.8844,99.19601138204938,0.28709451497272864,5152.54,4649.82,3,1,1,1.0197598712292812,1.0135914174324772,0.02949970181969976,-0.007635510823470123,5044.27,0.016285076479216176
2022-01-07,AMZN,5063.58,5084.27,5004.27,5044.27,6994133,5044.27,0.0162850764792161,4877.346,4898.143800000001,4678.5289,0.2852007250833322,5039.761750778919,4714.93024922108,64.45120357281765,18.965318573115837,-1.2921646496337207,20.257483222749556,151.88785714285723,0.0100528282228065,4963.44,0.0093540104755058,4914.04,-0.0005768468851294,4868.5,0.0193822880554679,4916.44,-0.0070467164386586,4857.17,4932.312,73.53677223004065,0.15950190165390948,5044.27,4868.5,4910.563,65.04059092425943,0.21619815895513567,5044.27,4822.96,4877.346,81.20787538945964,0.2852007250833313,5044.27,4726.52,4898.143800000001,100.67829166101858,0.28191767096812026,5152.54,4649.82,4,1,1,1.0342243507019937,1.0298329746870578,0.01585957928500737,-0.0038135074393997282,5064.43,0.00399661397982265
2022-01-10,AMZN,5081.26,5177.64,4951.21,5064.43,5547172,5064.43,0.0039966139798226,4887.6625,4899.0132,4683.8447,0.285252099764522,5069.929552526974,4705.395447473027,61.86737697912886,29.718339910971736,4.909936262487371,24.808403648484365,160.44785714285723,0.0162850764792161,5044.27,0.0100528282228065,4963.44,0.0093540104755058,4914.04,-0.0091794062370331,4871.31,0.0222413462983588,4965.2,4970.936,83.52467078662545,0.10168409811558692,5064.43,4868.5,4920.486,80.12330694345205,0.1906829405899652,5064.43,4822.96,4887.6625,91.13352626348677,0.2852520997645211,5064.43,4726.52,4899.0132,101.94028771258188,0.2815114217413234,5152.54,4649.82,0,1,1,1.0361660609747427,1.0337653305361507,0.04470986863278899,-0.0033121706033536194,5027.39,-0.00731375495366704
2022-01-11,AMZN,5013.84,5081.09,4973.68,5027.39,4864628,5027.39,-0.007313754953667,4887.243,4900.5658,4689.14225,0.2562459355101768,5068.107900682736,4706.378099317265,64.97349823199808,34.84964335332552,10.897877680655,23.95176567267052,156.34214285714293,0.0039966139798226,5064.43,0.0162850764792161,5044.27,0.0100528282228065,4963.44,-0.0005768468851294,4868.5,-0.0182308869733343,4874.68,5002.714,62.350212750360384,0.1405587314082741,5064.43,4914.04,4935.757,84.83705951868468,0.16421685501593697,5064.43,4822.96,4887.243,90.43245034136777,0.2562459355101759,5064.43,4726.52,4900.5658,103.31091644882152,0.28011005373042946,5152.54,4649.82,1,1,1,1.0286760858829755,1.0258795015055147,0.021364962734138085,0.0027025194262276972,4996.78,-0.006088646395048025
2022-01-12,AMZN,4952.75,5100.01,4893.54,4996.78,1821891,4996.78,-0.006088646395048,4895.615,4903.6326,4694.61765,0.2074077320341187,5080.647755393336,4710.582244606663,57.62171252818928,36.030925043451134,15.924487153214228,20.106437890236904,158.57142857142864,-0.007313754953667,5027.39,0.0039966139798226,5064.43,0.0162850764792161,5044.27,0.0093540104755058,4914.04,-0.0020288511245867,4864.79,5019.262,39.85332068994662,0.16178360854401994,5064.43,4963.44,4948.956,82.81256979199843,0.16898830468688264,5064.43,4822.96,4895.615,92.51637769666824,0.20740773203411778,5064.43,4726.52,4903.6326,103.85504807882242,0.2760100481259852,5152.54,4649.82,2,1,1,1.0206644109062863,1.0189955911458335,0.04132061047313648,0.008890010600169775,5000.03,0.0006504188697520341
2022-01-13,AMZN,5033.04,5092.13,4907.93,5000.03,4776197,5000.03,0.000650418869752,4907.6225,4908.19,4700.0476,0.19853855699462,5086.638067435464,4728.606932564537,60.84705096147138,36.80508106798243,20.100605936167867,16.70447513181456,159.02714285714293,-0.006088646395048,4996.78,-0.007313754953667,5027.39,0.0039966139798226,5064.43,0.0100528282228065,4963.44,-0.0085985212105763,4822.96,5026.58,28.892720536771098,0.15077085138058507,5064.43,4996.78,4966.663,70.9612401322734,0.1576214448840384,5064.43,4868.5,4907.6225,89.50778371773175,0.19853855699461898,5064.43,4726.52,4908.19,102.96389291826053,0.2737215211590042,5152.54,4649.82,3,1,1,1.0188293822515853,1.0187115820697612,0.03683977896131883,-0.006558660372258845,5023.49,0.00469197184816883
2022-01-14,AMZN,4990.42,5108.69,4938.28,5023.49,7967298,5023.49,0.0046919718481688,4922.471,4912.262,4706.056100000001,0.1953957215048972,5086.90868717737,4758.033312822629,55.07796846280845,38.86363543400603,23.8532118357355,15.010423598270528,159.07142857142864,0.000650418869752,5000.03,-0.006088646395048,4996.78,-0.007313754953667,5027.39,0.0162850764792161,5044.27,0.0193822880554679,4916.44,5022.424,27.15422398110129,0.08897904369075085,5064.43,4996.78,4977.368,70.61670117219796,0.13170298409495726,5064.43,4868.5,4922.471,82.21884358868498,0.19539572150489629,5064.43,4801.01,4912.262,103.42548730595762,0.27309027079752624,5152.54,4649.82,4,1,1,1.0205220101853274,1.0226429290618002,0.03392263147731277,0.006626696750973481,5011.14,-0.0024584502009558085
2022-01-17,AMZN,4998.34,5055.45,4966.83,5011.14,1199716,5011.14,-0.0024584502009558,4932.977499999999,4913.8594,4712.2251,0.1904064218381876,5091.484025035975,4774.470974964023,63.762152565870615,39.04838731127256,26.892246930842912,12.156140380429651,150.69428571428574,0.0046919718481688,5023.49,0.000650418869752,5000.03,-0.006088646395048,4996.78,0.0039966139798226,5064.43,-0.0091794062370331,4871.31,5011.766,13.640631584185217,0.07813928984145167,5027.39,4996.78,4991.351,60.38531102658047,0.11918847145030963,5064.43,4868.5,4932.977499999999,79.25326251798805,0.1904064218381866,5064.43,4803.65,4913.8594,104.33782555945268,0.26842485047729253,5152.54,4649.82,0,1,1,1.0158448928662223,1.0197971883361132,0.01768459871406151,0.0025608502022666764,5013.81,0.0005328128928747677
2022-01-18,AMZN,5023.88,5061.01,4966.61,5013.81,5270089,5013.81,0.0005328128928747,4939.758,4914.6304,4717.98365,0.1832535352903244,5099.990940775321,4779.525059224678,65.25094154062248,38.96113151925874,29.30602384852608,9.655107670732662,146.54500000000007,-0.0024584502009558,5011.14,0.0046919718481688,5023.49,0.000650418869752,5000.03,-0.007313754953667,5027.39,-0.0005768468851294,4868.5,5009.05,10.810326082750034,0.06370076461008989,5023.49,4996.78,5005.882,42.31890956376075,0.11842041554023201,5064.43,4914.04,4939.758,80.1164703876605,0.1832535352903235,5064.43,4803.65,4914.6304,104.94148777754471,0.2677251399502581,5152.54,4649.82,1,1,1,1.0149910177783983,1.0201804798991558,0.018827997072083245,-0.0020044268573289376,4879.65,-0.026758094143974454
2022-01-19,AMZN,4877.92,4908.67,4850.63,4879.65,3752982,4879.65,-0.0267580941439744,4943.558,4911.560799999999,4723.04615,0.2008236496304504,5093.472439963293,4793.643560036707,54.87958133077117,27.746544998230092,28.994128078466886,-1.2475830802367938,152.6642857142858,0.0005328128928747,5013.81,-0.0024584502009558,5011.14,0.0046919718481688,5023.49,-0.006088646395048,4996.78,0.0093540104755058,4914.04,4985.624000000001,59.82761135140403,0.2001380548637048,5023.49,4879.65,5002.442999999999,51.09828069513784,0.1843275719096434,5064.43,4879.65,4943.558,74.9572199816467,0.20082364963044944,5064.43,4822.96,4911.560799999999,103.64120092870499,0.27318112775785464,5152.54,4649.82,2,1,1,0.9870724688572506,0.9935029207006877,0.011894295697434871,0.00035465936300702115,4939.55,0.012275470576783354
2022-01-20,AMZN,4909.78,4988.03,4891.07,4939.55,2847314,4939.55,0.0122754705767833,4945.9535000000005,4908.8092,4729.04785,0.1949164794480103,5093.892981691645,4798.014018308356,52.111234947781824,23.422335672658846,27.87976959730528,-4.457433924646434,145.69714285714295,-0.0267580941439744,4879.65,0.0005328128928747,5013.81,-0.0024584502009558,5011.14,0.000650418869752,5000.03,0.0100528282228065,4963.44,4973.528,62.25168045935988,0.23378830286029784,5023.49,4879.65,5000.054,53.620612578862044,0.18823436113923697,5064.43,4879.65,4945.9535000000005,73.96974084582216,0.19491647944800933,5064.43,4822.96,4908.8092,100.94705605347094,0.27390832485203204,5152.54,4649.82,3,1,1,0.9987053052559027,1.006262374182112,0.01962931846017965,0.006063408136412298,4956.61,0.003453755908938927
2022-01-21,AMZN,4920.99,5015.64,4897.59,4956.61,5510998,4956.61,0.0034537559089389,4950.9255,4906.1944,4735.726500000001,0.1930367436048228,5092.863636335344,4808.987363664656,58.21392804711685,21.128412860058233,26.529498249855873,-5.40108538979764,137.38500000000008,0.0122754705767833,4939.55,-0.0267580941439744,4879.65,0.0005328128928747,5013.81,0.0046919718481688,5023.49,0.0162850764792161,5044.27,4960.152,55.66982414211316,0.2315958547583397,5013.81,4879.65,4991.288,52.74722716250019,0.16606817414268638,5064.43,4879.65,4950.9255,70.96906816767203,0.19303674360482181,5064.43,4822.96,4906.1944,97.87448630785195,0.2739927571746733,5152.54,4649.82,4,1,1,1.0011481691653406,1.010275907534155,0.02381668115909389,0.007238380894899736,5047.76,0.018389584817042337
2022-01-24,AMZN,5009.72,5157.11,4938.41,5047.76,7926223,5047.76,0.0183895848170423,4955.0535,4904.0988,4742.8046,0.1878521344526663,5103.397279572755,4806.709720427245,64.75196681769225,26.361625324715533,26.495923664827806,-0.1342983401122737,148.5400000000001,0.0034537559089389,4956.61,0.0122754705767833,4939.55,-0.0267580941439744,4879.65,-0.0024584502009558,5011.14,0.0039966139798226,5064.43,4967.476000000001,65.58143395820244,0.27548221912813703,5047.76,4879.65,4989.621,50.389566259066285,0.1933700086419503,5047.76,4879.65,4955.0535,74.1718897863774,0.1878521344526653,5064.43,4822.96,4904.0988,93.51704263834397,0.2756537623606249,5064.43,4649.82,0,1,1,1.0187094851748788,1.0292941080222469,0.04332614862829383,0.007593238743880369,5048.72,0.00019018336846432504
2022-01-25,AMZN,5085.38,5110.96,4986.48,5048.72,5454203,5048.72,0.0001901833684643,4963.7555,4906.3942,4749.5999,0.1738390040603311,5112.665174561229,4814.845825438772,61.96092362190504,30.237884374520036,27.244315806766252,2.9935685677537833,148.42714285714302,0.0183895848170423,5047.76,0.0034537559089389,4956.61,0.0122754705767833,4939.55,0.0005328128928747,5013.81,-0.007313754953667,5027.39,4974.4580000000005,73.16711057582029,0.27557489426623744,5048.72,4879.65,4991.754,52.57024194139523,0.18933532212231163,5048.72,4879.65,4963.7555,74.45483728061414,0.17383900406033,5064.43,4822.96,4906.3942,95.64893080227156,0.258180913341134,5064.43,4649.82,1,1,1,1.0171169792708328,1.029008227671346,0.024655754329805536,-0.00720890080977088,4894.11,-0.03062360360645877
2022-01-26,AMZN,4848.26,4992.44,4795.77,4894.11,3448080,4894.11,-0.0306236036064587,4965.221500000001,4905.3812,4756.1482,0.2084138258980398,5110.563402137266,4819.879597862735,44.8122596180432,20.596686942037195,25.914790033820445,-5.31810309178325,156.03642857142873,0.0001901833684643,5048.72,0.0183895848170423,5047.76,0.0034537559089389,4956.61,-0.0267580941439744,4879.65,-0.006088646395048,4996.78,4977.35,68.62785549625171,0.30077032577523943,5048.72,4894.11,4981.486999999999,60.8528737657853,0.24505766081699587,5048.72,4879.65,4965.221500000001,72.67095106863272,0.20841382589803878,5064.43,4822.96,4905.3812,95.50241355292584,0.2674772420569109,5064.43,4649.82,2,1,1,0.9856780810280091,0.9977022784690008,0.04018503875065313,0.009457001068422484,4863.55,-0.0062442405258564815
2022-01-27,AMZN,4909.95,4930.61,4796.48,4863.55,2742600,4863.55,-0.0062442405258564,4967.251,4905.5816,4762.394649999999,0.2072324003076253,5105.172913514151,4829.329086485849,35.377221088624665,10.370487393031908,22.80592950566274,-12.435442112630831,156.98642857142866,-0.0306236036064587,4894.11,0.0001901833684643,5048.72,0.0183895848170423,5047.76,0.0122754705767833,4939.55,0.000650418869752,5000.03,4962.15,85.44812783211731,0.28429617720590405,5048.72,4863.55,4967.839,70.73445199397462,0.24544067965619124,5048.72,4863.55,4967.251,68.96095675707548,0.2072324003076243,5064.43,4863.55,4905.5816,95.40184966666959,0.2645505385122025,5064.43,4649.82,3,1,1,0.9791230602196306,0.9914318824090109,0.02757862055493878,-0.009450198067188094,4846.99,-0.0034049202742852946
2022-01-28,AMZN,4817.76,4947.31,4746.67,4846.99,4238228,4846.99,-0.0034049202742852,4963.778499999999,4903.3788,4768.11685,0.1951273053878283,5110.314964192128,4817.242035807871,32.30295927263042,0.9192998558564796,18.428603575701487,-17.509303719845008,155.14428571428581,-0.0062442405258564,4863.55,-0.0306236036064587,4894.11,0.0001901833684643,5048.72,0.0034537559089389,4956.61,0.0046919718481688,5023.49,4940.226,100.04168546167696,0.2786513033040284,5048.72,4846.99,4950.189,77.04434963057945,0.2419956514940437,5048.72,4846.99,4963.778499999999,73.2682320960642,0.19512730538782716,5064.43,4846.99,4903.3788,95.45885476799819,0.2601647086608078,5064.43,4649.82,4,1,1,0.9764718550594116,0.9885000114612826,0.04139476252271181,0.0060671349340758966,4913.16,0.0136517715118043
2022-01-31,AMZN,4874.87,5033.66,4792.66,4913.16,5672115,4913.16,0.0136517715118043,4965.871,4902.743,4773.5264,0.1986709085522012,5107.975987712142,4823.766012287858,41.12390631952424,-1.2174345377243299,14.499395953016323,-15.716830490740653,164.68642857142868,-0.0034049202742852,4846.99,-0.0062442405258564,4863.55,-0.0306236036064587,4894.11,0.0183895848170423,5047.76,-0.0024584502009558,5011.14,4913.306,79.96707216105983,0.25536239509713893,5048.72,4846.99,4940.3910000000005,74.62394662572419,0.2569243863660574,5048.72,4846.99,4965.871,71.05249385607092,0.19867090855220018,5064.43,4846.99,4902.7429999999995,95.28202497133542,0.26199040077697877,5064.43,4649.82,0,1,1,0.9893853464979275,1.002124728952547,0.04905193398952017,0.007854568429515476,4734.33,-0.03639816330019785
2022-02-01,AMZN,4741.62,4780.71,4687.95,4734.33,3426273,4734.33,-0.0363981633001978,4959.1625,4898.457,4777.923650000001,0.2380418373163823,5130.319998644205,4788.005001355796,33.424699060910314,-17.14328131858929,8.170860498695202,-25.31414181728449,166.0250000000001,0.0136517715118043,4913.16,-0.0034049202742852,4846.99,-0.0062442405258564,4863.55,0.0001901833684643,5048.72,0.0005328128928747,5013.81,4850.428,69.83225128842608,0.3277714423701597,4913.16,4734.33,4912.443,93.91395577867455,0.30894118684427485,5048.72,4734.33,4959.1625,85.57874932210248,0.23804183731638132,5064.43,4734.33,4898.457,97.95806910636,0.2744258070004571,5064.43,4649.82,1,2,1,0.9546632117820387,0.9664941429513483,0.019593057518166375,-0.0015374492262134937,4738.73,0.0009293817710214203
2022-02-02,AMZN,4698.93,4844.16,4633.31,4738.73,3561355,4738.73,0.0009293817710214,4950.396999999999,4896.8862,4782.1626,0.2349040587390537,5147.303866374176,4753.490133625822,33.52126532406376,-29.07443442247404,0.7218015144613537,-29.796235936935396,167.9285714285715,-0.0363981633001978,4734.33,0.0136517715118043,4913.16,-0.0034049202742852,4846.99,-0.0306236036064587,4894.11,-0.0267580941439744,4879.65,4819.352,79.44480864102304,0.2932083213919196,4913.16,4734.33,4898.351,108.7777860747871,0.2861378006080479,5048.72,4734.33,4950.396999999999,98.45343318708868,0.23490405873905265,5064.43,4734.33,4896.8862,99.89702828793611,0.26799452751897784,5064.43,4649.82,2,2,1,0.9572424191431602,0.9677027005444871,0.044495044030775116,0.008470013386024221,4783.65,0.009479333070252949
2022-02-03,AMZN,4793.45,4867.06,4700.24,4783.65,12367776,4783.65,0.0094793330702529,4941.4075,4894.4156,4787.35545,0.2345317120953792,5151.763945149237,4731.051054850764,35.27324081973006,-34.507509538936574,-6.324060696218233,-28.18344884271834,167.67214285714297,0.0009293817710214,4738.73,-0.0363981633001978,4734.33,0.0136517715118043,4913.16,-0.0062442405258564,4863.55,0.0122754705767833,4939.55,4803.371999999999,76.30576334726085,0.31389268088028077,4913.16,4734.33,4882.761,113.29506289625085,0.282337960433541,5048.72,4734.33,4941.4075,105.17822257461818,0.2345317120953782,5064.43,4734.33,4894.4156,101.1568471187474,0.2654528439181174,5064.43,4649.82,3,2,1,0.9680743796173521,0.9773689835409608,0.03487295266166332,-0.0020444564979290774,4727.92,-0.011650099819175641
2022-02-04,AMZN,4761.07,4828.84,4627.0,4727.92,6158019,4727.92,-0.0116500998191756,4925.59,4889.6972000000005,4791.54475,0.22689710462917,5150.454433639075,4700.725566360925,33.48918011324872,-42.8166423562343,-13.622577028221446,-29.19406532801285,175.75928571428585,0.0094793330702529,4783.65,0.0009293817710214,4738.73,-0.0363981633001978,4734.33,-0.0034049202742852,4846.99,0.0034537559089389,4956.61,4779.558,77.85438247142716,0.31972070705790884,4913.16,4727.92,4859.892,119.6355996627482,0.2827649634641401,5048.72,4727.92,4925.59,112.43221681953781,0.22689710462916907,5064.43,4727.92,4889.6972000000005,103.33130300030274,0.2652045848695526,5064.43,4649.82,4,2,1,0.9598687669901554,0.9669146792973259,0.042691077683200525,-0.0069627205649134905,4735.17,0.0015334438822991459
2022-02-07,AMZN,4692.35,4820.55,4649.78,4735.17,6336622,4735.17,0.0015334438822991,4909.127,4884.1048,4795.9671,0.2260371118384721,5139.340487930865,4678.913512069134,33.842460510201335,-48.260360177692746,-20.55013365811571,-27.710226519577038,181.21428571428584,-0.0116500998191756,4727.92,0.0094793330702529,4783.65,0.0009293817710214,4738.73,0.0136517715118043,4913.16,0.0183895848170423,5047.76,4743.96,22.527381117340642,0.28539852289368417,4783.65,4727.92,4828.633,105.04180723776753,0.2558228736917224,5048.72,4727.92,4909.1269999999995,115.1067439654324,0.22603711183847114,5048.72,4727.92,4884.1048,103.98756311500705,0.2640470166737355,5064.43,4649.82,0,2,1,0.9645645753306107,0.9695062235353815,0.0360641750982466,0.00912549149146815,4682.9,-0.011038674429851625
2022-02-08,AMZN,4710.99,4746.02,4619.78,4682.9,2230397,4682.9,-0.0110386744298516,4891.902499999999,4878.905400000001,4800.44535,0.2273066975464488,5135.990723039017,4647.814276960981,37.39380037607353,-56.145092258007026,-27.669125378093973,-28.475966879913052,178.57571428571444,0.0015334438822991,4735.17,-0.0116500998191756,4727.92,0.0094793330702529,4783.65,-0.0363981633001978,4734.33,0.0001901833684643,5048.72,4733.674,35.83472240726198,0.14365161487862357,4783.65,4682.9,4792.0509999999995,80.77501256231912,0.2541077124994731,4913.16,4682.9,4891.902499999999,122.04411151950913,0.22730669754644783,5048.72,4682.9,4878.905400000001,107.43157154257703,0.2632924613210267,5064.43,4649.82,1,2,1,0.9572758246917314,0.9598259478445799,0.026957654444889647,-0.005962653285189351,4622.68,-0.012859552841188004
2022-02-09,AMZN,4612.92,4666.88,4578.48,4622.68,3014454,4622.68,-0.012859552841188,4873.1975,4873.8504,4804.70575,0.2296103672293774,5139.748358966573,4606.646641033428,29.705773097624046,-66.48663343480075,-35.432626989435335,-31.054006445365417,178.2928571428573,-0.0110386744298516,4682.9,0.0015334438822991,4735.17,-0.0116500998191756,4727.92,0.0009293817710214,4738.73,-0.0306236036064587,4894.11,4710.464,60.69821603642577,0.1577010356425079,4783.65,4622.68,4764.907999999999,87.95484672387563,0.2222544562184298,4913.16,4622.68,4873.1975,133.2754294832861,0.22961036722937644,5048.72,4622.68,4873.8504,113.3801004380063,0.26310372210337374,5064.43,4622.68,2,2,1,0.948592787384269,0.948465714089019,0.019123106076990276,0.0021157965019983223,4589.68,-0.0071387160694661445
2022-02-10,AMZN,4558.42,4619.06,4558.42,4589.68,4121293,4589.68,-0.0071387160694661,4852.679999999999,4867.7238,4808.27745,0.2292801228030603,5140.452130467337,4564.907869532662,26.969860537040347,-76.4637767108079,-43.63885693370985,-32.82491977709805,174.45071428571444,-0.012859552841188,4622.68,-0.0110386744298516,4682.9,0.0015334438822991,4735.17,0.0094793330702529,4783.65,-0.0062442405258564,4863.55,4671.67,64.11865095276966,0.09308413621379429,4735.17,4589.68,4737.521,96.08944079460696,0.22237236177732606,4913.16,4589.68,4852.679999999999,143.8860652336688,0.22928012280305923,5048.72,4589.68,4867.7238,120.22787195760772,0.26319614674072656,5064.43,4589.68,3,2,1,0.9458031438296065,0.9428801198619892,0.013212250091506839,0.006857639269745516,4532.19,-0.012525927733524012
2022-02-11,AMZN,4502.83,4603.39,4460.99,4532.19,2680060,4532.19,-0.012525927733524,4828.115,4861.6456,4810.7723,0.2285960335303528,5137.5558523025165,4518.674147697483,16.21295725883455,-87.99534165114801,-52.51015387719748,-35.48518777395053,169.0007142857145,-0.0071387160694661,4589.68,-0.012859552841188,4622.68,-0.0110386744298516,4682.9,-0.0116500998191756,4727.92,-0.0034049202742852,4846.99,4632.523999999999,79.17285980689114,0.09529249872066749,4735.17,4532.19,4706.041,107.16865176491207,0.22445256670842675,4913.16,4532.19,4828.115,154.72042615125855,0.22859603353035182,5048.72,4532.19,4861.6456,129.20620752062638,0.2632596068344226,5064.43,4532.19,4,2,1,0.9387079636667852,0.9322337276084187,0.03141968893624696,0.00652034387262969,4589.17,0.012572288452161295
2022-02-14,AMZN,4627.6,4703.01,4475.33,4589.17,7587129,4589.17,0.0125722884521612,4807.0165,4855.9286,4813.50265,0.2369163787519172,5121.415985554388,4492.617014445612,21.94410188121076,-91.48183450581655,-60.3044900029213,-31.177344502895252,176.37214285714305,-0.012525927733524,4532.19,-0.0071387160694661,4589.68,-0.012859552841188,4622.68,0.0015334438822991,4735.17,0.0136517715118043,4913.16,4603.3240000000005,55.12153599094034,0.17043111473258296,4682.9,4532.19,4673.642,84.08307912745133,0.22177460398232277,4783.65,4532.19,4807.0165,157.19974277719416,0.2369163787519161,5048.72,4532.19,4855.9286,134.80506202277897,0.2642676465358618,5064.43,4532.19,0,2,1,0.9546815576770009,0.9450653784322641,0.04961245715455097,-0.00830452070187397,4529.71,-0.012956591279033036
2022-02-15,AMZN,4494.43,4619.22,4440.2,4529.71,7031635,4529.71,-0.012956591279033,4782.8115,4852.7244,4815.5654,0.2381162922496211,5104.629077046079,4460.99392295392,24.82869142303882,-97.91413706140156,-67.82641941461735,-30.087717646784213,171.09142857142882,0.0125722884521612,4589.17,-0.012525927733524,4532.19,-0.0071387160694661,4589.68,-0.0110386744298516,4682.9,-0.0363981633001978,4734.33,4572.686,40.45609014721268,0.1743614456133762,4622.68,4529.71,4653.179999999999,92.18106011780286,0.15510847745832168,4783.65,4529.71,4782.8115,160.9087885230396,0.23811629224962008,5048.72,4529.71,4852.7244,140.61049162754833,0.2519877293820009,5064.43,4529.71,1,2,1,0.9470810212777678,0.9334364836377409,0.03952129385765554,0.007849716204277714,4457.52,-0.01593700258956965
2022-02-16,AMZN,4490.22,4508.99,4406.05,4457.52,3231273,4457.52,-0.0159370025895696,4761.705,4848.8784,4817.2473,0.2278523058969183,5110.980431745593,4412.429568254407,23.478385827885248,-107.59660616265683,-75.78045676422525,-31.816149398431577,170.34357142857166,-0.012956591279033,4529.71,0.0125722884521612,4589.17,-0.012525927733524,4532.19,-0.012859552841188,4622.68,0.0009293817710214,4738.73,4539.654,54.44038785679411,0.1825199406676909,4589.68,4457.52,4625.059,105.16244433677947,0.16194532508169732,4783.65,4457.52,4761.705,174.6377158727964,0.22785230589691718,5048.72,4457.52,4848.8784,148.67242061133854,0.25373028488441124,5064.43,4457.52,2,2,1,0.936118470169627,0.9192888813213136,0.023093558750151764,-0.007282493953523999,4602.52,0.03252929880292177
2022-02-17,AMZN,4606.59,4701.68,4503.36,4602.52,8165041,4602.52,0.0325292988029217,4744.853499999999,4844.8576,4820.03175,0.2570069817885028,5090.503113719191,4399.203886280808,36.32580461063359,-102.3894625107896,-81.10225791353812,-21.287204597251474,173.45214285714306,-0.0159370025895696,4457.52,-0.012956591279033,4529.71,0.0125722884521612,4589.17,-0.0071387160694661,4589.68,0.0094793330702529,4783.65,4542.222,57.601179414993474,0.33602497132865616,4602.52,4457.52,4606.946,89.19912234245324,0.24426027095383326,4735.17,4457.52,4744.853499999999,172.82480685959598,0.2570069817885019,5048.72,4457.52,4844.8576,152.58997386696325,0.2533669735365107,5064.43,4457.52,3,2,1,0.9700025511849903,0.9499804493735894,0.043089437960064814,-0.0008835168747378918,4683.69,0.017635990718128047
2022-02-18,AMZN,4640.51,4779.14,4588.23,4683.69,3993202,4683.69,0.017635990718128,4731.2075,4841.679,4822.67325,0.266769958252513,5062.925755713638,4399.489244286361,37.3766379503765,-90.66786036176654,-83.0153784031838,-7.65248195858274,169.87428571428595,0.0325292988029217,4602.52,-0.0159370025895696,4457.52,-0.012956591279033,4529.71,-0.012525927733524,4532.19,-0.0116500998191756,4727.92,4572.522,84.5483404331467,0.329183111693476,4683.69,4457.52,4602.523,83.4450280856773,0.2613723278302107,4735.17,4457.52,4731.2074999999995,165.8591278568194,0.26676995825251193,5048.72,4457.52,4841.679,154.28347350550754,0.25596166813641974,5064.43,4457.52,4,2,1,0.9899565808515075,0.9673689643611301,0.04076059687980204,0.009305011733621965,4530.2,-0.03277116974009808
2022-02-21,AMZN,4526.98,4578.37,4482.03,4530.2,11268939,4530.2,-0.032771169740098,4705.3295,4835.121,4824.7748,0.2748345081335724,5012.945414890138,4397.713585109862,38.44856660984608,-92.69523348875191,-84.95134942029742,-7.743884068454491,168.1921428571431,0.017635990718128,4683.69,0.0325292988029217,4602.52,-0.0159370025895696,4457.52,0.0125722884521612,4589.17,0.0015334438822991,4735.17,4560.728000000001,85.74991411073748,0.4228811237774287,4683.69,4457.52,4582.026,71.57107892001432,0.30570036206948065,4683.69,4457.52,4705.3295,153.80795744506895,0.27483450813357135,5048.72,4457.52,4835.121,160.4181569987759,0.26580887386848734,5064.43,4457.52,0,2,1,0.9627806086691776,0.936936221451141,0.02126616926404549,0.0007112909710225235,4469.11,-0.013485055847423988
2022-02-22,AMZN,4497.48,4497.48,4445.48,4469.11,4238327,4469.11,-0.0134850558474239,4676.349,4823.7876,4825.991,0.2755293528223099,4955.658711810364,4397.039288189636,35.6624763358015,-98.10055165389713,-87.58118986701736,-10.51936178687977,159.18285714285744,-0.032771169740098,4530.2,0.017635990718128,4683.69,0.0325292988029217,4602.52,-0.012956591279033,4529.71,-0.0110386744298516,4682.9,4548.608,95.01244744768147,0.4237358998193089,4683.69,4457.52,4560.647,70.00445764376053,0.307463322313227,4683.69,4457.52,4676.349,139.65485590518202,0.27552935282230884,4913.16,4457.52,4823.7876,165.87695154943333,0.2525951301978732,5064.43,4457.52,1,2,1,0.9556835899114979,0.926473213704325,0.011635426292928203,-0.006307976911513466,4489.5,0.004562429656016498
2022-02-23,AMZN,4509.81,4522.55,4456.44,4489.5,5036802,4489.5,0.0045624296560164,4656.1185,4816.9908000000005,4826.8054,0.2616730645198042,4927.517731994816,4384.719268005183,33.9390431672271,-99.590979827115,-89.9831478590369,-9.607831968078102,151.989285714286,-0.0134850558474239,4469.11,-0.032771169740098,4530.2,0.017635990718128,4683.69,-0.0159370025895696,4457.52,-0.012859552841188,4622.68,4555.003999999999,88.1782973865944,0.4071619616597823,4683.69,4469.11,4547.329,69.55871068542902,0.30662761806247013,4683.69,4457.52,4656.1185,135.69961599740833,0.26167306451980304,4913.16,4457.52,4816.9908000000005,172.4759986595783,0.23688392461309848,5064.43,4457.52,2,2,1,0.9642151504518272,0.9320134055475188,0.014725470542373505,-0.004503515669173622,4516.58,0.0060318520993429825
2022-02-24,AMZN,4515.57,4618.42,4414.75,4516.58,7002419,4516.58,0.0060318520993429,4638.77,4812.1248,4827.51065,0.2640039402804087,4898.444730384006,4379.095269615993,38.087883843020656,-97.46352634656341,-91.47922355654221,-5.984302790021204,152.1200000000003,0.0045624296560164,4489.5,-0.0134850558474239,4469.11,-0.032771169740098,4530.2,0.0325292988029217,4602.52,-0.0071387160694661,4589.68,4537.816,84.9163490147689,0.31339958167613063,4683.69,4469.11,4540.019,68.44564825869149,0.3084735746273275,4683.69,4457.52,4638.7699999999995,129.83736519200315,0.26400394028040747,4913.16,4457.52,4812.1248,177.4796132613964,0.23553678496930577,5064.43,4457.52,3,2,1,0.9736589656307654,0.9385833052374414,0.045093854199406404,0.00022367054436095435,4397.85,-0.02628758928215591
2022-02-25,AMZN,4429.52,4493.42,4302.28,4397.85,6668184,4397.85,-0.0262875892821559,4616.313,4805.5514,4826.8858,0.2760440183596902,4877.845981766322,4354.780018233678,33.10967793576397,-104.1573616384776,-94.0148511729293,-10.142510465548298,155.22928571428596,0.0060318520993429,4516.58,0.0045624296560164,4489.5,-0.0134850558474239,4469.11,0.017635990718128,4683.69,-0.012525927733524,4532.19,4480.647999999999,51.99399359537565,0.27910298176442255,4530.2,4397.85,4526.585,81.99543933792366,0.3293571533108974,4683.69,4397.85,4616.313,130.76649088316097,0.2760440183596891,4913.16,4397.85,4805.5514,186.56872628765674,0.24197959872226116,5064.43,4397.85,4,2,1,0.9526758692486942,0.9151603289477009,0.04346214627601142,-0.007149758890352209,4491.37,0.021264936275680046
2022-02-28,AMZN,4457.27,4540.34,4442.39,4491.37,4906629,4491.37,0.02126493627568,4595.2235,4799.3586,4825.7969,0.2839682462404619,4821.634816090179,4368.812183909821,40.79014435274612,-100.75455610777226,-95.3627921598979,-5.391763947874367,156.39000000000019,-0.0262875892821559,4397.85,0.0060318520993429,4516.58,0.0045624296560164,4489.5,-0.032771169740098,4530.2,0.0125722884521612,4589.17,4472.882,45.198197641008726,0.29375948748375796,4516.58,4397.85,4516.805,79.49563136143026,0.3433198040388924,4683.69,4397.85,4595.2235,113.20565804508921,0.2839682462404608,4783.65,4397.85,4799.3586,191.78848792893706,0.24428326289037994,5064.43,4397.85,0,2,1,0.9773996846941225,0.9358271332338167,0.021808490505119373,0.007650422792424914,4559.44,0.015155731992688048
2022-03-01,AMZN,4596.82,4608.24,4510.63,4559.44,3780431,4559.44,0.015155731992688,4586.479,4792.9834,4825.1181,0.2650769360234427,4803.5869838916005,4369.3710161084,46.98184525451217,-91.51025483889862,-94.59228469569804,3.082029856799423,157.2792857142859,0.02126493627568,4491.37,-0.0262875892821559,4397.85,0.0060318520993429,4516.58,-0.0134850558474239,4469.11,-0.012956591279033,4529.71,4490.948,59.198112047567086,0.29100676837495154,4559.44,4397.85,4519.778,80.58040536560827,0.34704875274492275,4683.69,4397.85,4586.479,108.55399194580012,0.2650769360234416,4783.65,4397.85,4792.9834,194.39446486416017,0.243956079586158,5064.43,4397.85,1,3,1,0.9941046279725699,0.9512738975893485,0.021408330847643188,-0.008131708441921149,4600.02,0.008900215815977663
2022-03-02,AMZN,4631.9,4695.97,4504.08,4600.02,4913307,4600.02,0.0089002158159776,4579.543500000001,4788.9108,4824.977150000001,0.2676422323489185,4784.706532812037,4374.380467187964,50.48993593807396,-79.98756575543484,-91.6713409076454,11.683775152210558,166.3957142857145,0.015155731992688,4559.44,0.02126493627568,4491.37,-0.0262875892821559,4397.85,0.0045624296560164,4489.5,-0.0159370025895696,4457.52,4513.052,76.59852524688127,0.2930207807814994,4600.02,4397.85,4534.028,80.94642299417853,0.335576943833184,4683.69,4397.85,4579.543500000001,102.58151640601804,0.2676422323489174,4783.65,4397.85,4788.9108,196.29023619075716,0.24283277326431857,5064.43,4397.85,2,3,1,1.0044712971934855,0.9605566259448891,0.04171503602157351,-0.006882704721602866,4714.63,0.024915109064743035
2022-03-03,AMZN,4734.27,4826.63,4602.64,4714.63,2885853,4714.63,0.024915109064743,4576.0925,4785.3706,4826.1687,0.2811908378344449,4768.7400340451695,4383.44496595483,58.20058254448672,-60.905600624452745,-85.51819285100687,24.612592226554128,172.41071428571442,0.0089002158159776,4600.02,0.015155731992688,4559.44,0.02126493627568,4491.37,0.0060318520993429,4516.58,0.0325292988029217,4602.52,4552.662,118.58100509777466,0.3259704797987685,4714.63,4397.85,4545.239,97.54769414096458,0.31879859424700613,4714.63,4397.85,4576.0925,96.32376702258502,0.2811908378344439,4735.17,4397.85,4785.3706,195.9956622948444,0.24592920061737897,5064.43,4397.85,3,3,1,1.0302741913540798,0.9852173204723191,0.04750956066540794,-0.004148474844061741,4754.07,0.008365449674735848
2022-03-04,AMZN,4784.29,4851.92,4656.21,4754.07,4250972,4754.07,0.0083654496747358,4577.4,4783.3086,4826.630249999999,0.279709188648318,4774.685421554395,4380.114578445604,57.53091832373776,-42.11505129819125,-76.83756454044375,34.722513242252504,170.12714285714296,0.024915109064743,4714.63,0.0089002158159776,4600.02,0.015155731992688,4559.44,-0.0262875892821559,4397.85,0.017635990718128,4683.69,4623.906,108.9331314614652,0.11671100063172962,4754.07,4491.37,4552.277,110.34609513806642,0.309819851722031,4754.07,4397.85,4577.4,98.6427107771978,0.279709188648317,4754.07,4397.85,4783.3086,195.76707649868936,0.24629123345590137,5064.43,4397.85,4,3,1,1.0385961462836897,0.9938873690898816,0.041166831788332706,-0.006316506733495239,4793.51,0.008296049490226443
2022-03-07,AMZN,4797.71,4875.53,4711.48,4793.51,2566572,4793.51,0.0082960494902264,4580.317,4779.8748000000005,4827.4684,0.2810918090925242,4788.830175057675,4371.803824942325,62.272050613256624,-23.766956512110482,-66.2234429347771,42.456486422666615,169.05785714285724,0.0083654496747358,4754.07,0.024915109064743,4714.63,0.0089002158159776,4600.02,0.02126493627568,4491.37,-0.032771169740098,4530.2,4684.334,100.50835552332427,0.11418379586875897,4793.51,4559.44,4578.608,133.4828732917423,0.2435016304119188,4793.51,4397.85,4580.317,104.25658752883758,0.28109180909252307,4793.51,4397.85,4779.8748000000005,194.00939919621516,0.24167066956600994,5064.43,4397.85,0,3,1,1.0465454683592759,1.0028526270183888,0.0342233561628047,-0.0008754176471689498,4930.74,0.02862829116868415
2022-03-08,AMZN,4948.01,4979.32,4882.15,4930.74,1961955,4930.74,0.0286282911686841,4592.709000000001,4780.996,4828.51085,0.2939761749623473,4850.522093693867,4334.895906306135,70.75817658531845,1.826302440085783,-52.61349385980452,54.439796299890304,173.49714285714293,0.0082960494902264,4793.51,0.0083654496747358,4754.07,0.024915109064743,4714.63,0.015155731992688,4559.44,-0.0134850558474239,4469.11,4758.594,120.36650875557312,0.16009598418557947,4930.74,4600.02,4624.771,167.0182973642161,0.24201544979267106,4930.74,4397.85,4592.709000000001,128.90654684693305,0.29397617496234635,4930.74,4397.85,4780.996,194.72912269220637,0.24691835307352678,5064.43,4397.85,1,3,1,1.0736016586286927,1.0313206704207591,0.019706981102224082,-0.003490292056806058,5030.4,0.020211976295647194
2022-03-09,AMZN,5036.49,5108.44,4952.35,5030.4,4081502,5030.4,0.0202119762956471,4613.094999999999,4784.3082,4830.36015,0.2941322362581949,4936.915752658991,4289.274247341008,69.54682503337263,29.807273956022073,-36.1293402966392,65.93661425266127,168.75000000000006,0.0286282911686841,4930.74,0.0082960494902264,4793.51,0.0083654496747358,4754.07,0.0089002158159776,4600.02,0.0045624296560164,4489.5,4844.67,131.94675535991172,0.1490489921355617,5030.4,4714.63,4678.861,202.2197281534171,0.2449336647614271,5030.4,4397.85,4613.094999999999,161.91037632949556,0.2941322362581939,5030.4,4397.85,4784.3082,197.57119705271737,0.25083475691538965,5064.43,4397.85,2,3,1,1.090460959507426,1.0514372798974254,0.031029341603047114,-0.0012091754376557754,4955.71,-0.014847725826971914
2022-03-10,AMZN,4941.38,5003.63,4907.78,4955.71,6627353,4955.71,-0.0148477258269719,4631.396500000001,4786.963199999999,4831.17725,0.2993690279465293,4989.232777545157,4273.560222454845,62.50068932475968,45.43182686502041,-19.817106864307277,65.24893372932769,163.87214285714285,0.0202119762956471,5030.4,0.0286282911686841,4930.74,0.0082960494902264,4793.51,0.024915109064743,4714.63,0.0060318520993429,4516.58,4892.886,115.58043921879703,0.26014303677036277,5030.4,4754.07,4722.773999999999,210.57120628317924,0.27826001936687056,5030.4,4397.85,4631.396500000001,178.918138772578,0.2993690279465283,5030.4,4397.85,4786.963199999999,198.98808709534362,0.2524252958179976,5064.43,4397.85,3,3,1,1.0700249913819577,1.0352513259343554,0.019341325460929114,0.002899999595254165,5013.45,0.011651206386168678
2022-03-11,AMZN,5020.36,5119.54,4907.37,5013.45,5792802,5013.45,0.0116512063861686,4655.4595,4788.9034,4832.5787,0.2939048686626779,5048.226926855837,4262.692073144163,74.35073115075446,61.761583966200305,-3.501368698205761,65.26295266440607,164.62285714285716,-0.0148477258269719,4955.71,0.0202119762956471,5030.4,0.0286282911686841,4930.74,0.0083654496747358,4754.07,-0.0262875892821559,4397.85,4944.762,93.86899259080018,0.259783871838199,5030.4,4793.51,4784.334,194.38869749950365,0.19429731771114192,5030.4,4491.37,4655.4595,196.38371342791825,0.29390486866267695,5030.4,4397.85,4788.9034,200.74150763653878,0.25006313909388117,5064.43,4397.85,4,3,1,1.0768969207011516,1.0468889391251768,0.04232015877289247,-0.0013763953182637258,4954.8,-0.011698530951739783
2022-03-14,AMZN,4930.76,5017.92,4891.68,4954.8,3871064,4954.8,-0.0116985309517397,4673.741,4790.5732,4834.184749999999,0.2984460081430643,5087.018240291753,4260.463759708247,74.53401088970489,69.17308501167008,11.033522043769409,58.13956296790067,167.5885714285714,0.0116512063861686,5013.45,-0.0148477258269719,4955.71,0.0202119762956471,5030.4,0.0082960494902264,4793.51,0.02126493627568,4491.37,4977.0199999999995,42.62115730494388,0.3064549678398497,5030.4,4930.74,4830.677,170.56660699952818,0.22437898247053806,5030.4,4559.44,4673.741,206.6386201458763,0.29844600814306327,5030.4,4397.85,4790.5732,201.78549502326072,0.25062859719533953,5064.43,4397.85,0,3,1,1.060135767043775,1.0342812421693015,0.025478324049401445,0.004875516147611136,5000.91,0.009306127391620178
2022-03-15,AMZN,4994.93,5109.3,4892.52,5000.91,8045317,5000.91,0.0093061273916201,4697.301,4793.221399999999,4836.1038,0.2920554621399138,5129.3058783789,4265.296121621099,75.17896706114672,77.8698099332014,24.400779621655808,53.46903031154559,178.35071428571422,-0.0116985309517397,4954.8,0.0116512063861686,5013.45,-0.0148477258269719,4955.71,0.0286282911686841,4930.74,0.015155731992688,4559.44,4991.053999999999,34.31610452853328,0.24405248331828144,5030.4,4954.8,4874.8240000000005,148.23288540520892,0.22249827716231368,5030.4,4600.02,4697.3009999999995,216.00243918945046,0.29205546213991274,5030.4,4397.85,4793.221399999999,203.68895099933852,0.2513987174607648,5064.43,4397.85,1,3,1,1.0646347764384132,1.043329648824266,0.0433481106438541,0.001197213974970293,5044.94,0.008804397599636804
2022-03-16,AMZN,5022.82,5108.67,4981.21,5044.94,3185692,5044.94,0.0088043975996368,4726.672,4795.8394,4838.4586500000005,0.281404938712505,5169.768485755004,4283.575514244995,75.58644067694125,87.30844273573257,36.98231224447116,50.32613049126141,172.9071428571428,0.0093061273916201,5000.91,-0.0116985309517397,4954.8,0.0116512063861686,5013.45,0.0202119762956471,5030.4,0.0089002158159776,4600.02,4993.962,38.80622076437365,0.20315568011358967,5044.94,4954.8,4919.316,120.82297851723469,0.22250449567779096,5044.94,4714.63,4726.672,221.548242877502,0.28140493871250394,5044.94,4397.85,4795.8394,206.10046452934282,0.25130397879322147,5064.43,4397.85,2,3,1,1.067334479735199,1.051940980342033,0.02526491890884228,0.004403900597671325,4921.79,-0.024410597549227475
2022-03-17,AMZN,4884.67,5027.52,4816.05,4921.79,1857369,4921.79,-0.0244105975492274,4742.6355,4795.0064,4839.946599999999,0.2837450493116094,5189.884283398674,4295.386716601327,75.26424410653314,83.88448333331871,46.36274646224067,37.52173687107804,173.9492857142856,0.0088043975996368,5044.94,0.0093061273916201,5000.91,-0.0116985309517397,4954.8,-0.0148477258269719,4955.71,0.024915109064743,4714.63,4987.178,48.83431140103348,0.2540599609113871,5044.94,4921.79,4940.032,97.29791864850844,0.2605042938863719,5044.94,4754.07,4742.6355,223.62439169933677,0.2837450493116083,5044.94,4397.85,4795.0064,205.49251789106802,0.25652760585384293,5064.43,4397.85,3,3,1,1.0377753044692053,1.0264407572008607,0.042966075350625944,0.0075992851103538804,4911.93,-0.002003336184599469
2022-03-18,AMZN,4894.43,4969.23,4854.62,4911.93,1671052,4911.93,-0.0020033361845994,4754.0475,4792.3596,4841.402300000001,0.2793077314913125,5206.579763130155,4301.515236869845,72.05903950547726,79.45939282335621,52.982075734463784,26.477317088892427,171.957857142857,-0.0244105975492274,4921.79,0.0088043975996368,5044.94,0.0093061273916201,5000.91,0.0116512063861686,5013.45,0.0083654496747358,4754.07,4966.874000000001,55.789652535326795,0.2274064337959743,5044.94,4911.93,4955.818,73.72459544366302,0.2613178935554096,5044.94,4793.51,4754.0475,226.2661315650775,0.2793077314913114,5044.94,4397.85,4792.3596,203.05423418444477,0.2538133150992827,5064.43,4397.85,4,3,1,1.0332101225322143,1.0249502145037228,0.023332987237191148,0.00357549295832128,4936.36,0.004973605079876764
2022-03-21,AMZN,4971.11,5004.5,4868.23,4936.36,2493825,4936.36,0.0049736050798767,4774.3555,4789.7982,4842.7132,0.2462103867845192,5221.006837161816,4327.704162838183,70.71854180757899,77.03575333180925,57.79281125393288,19.242942077876364,173.34357142857132,-0.0020033361845994,4911.93,-0.0244105975492274,4921.79,0.0088043975996368,5044.94,-0.0116985309517397,4954.8,0.0082960494902264,4793.51,4963.186,57.37433511608123,0.22260159646190344,5044.94,4911.93,4970.103,48.20322535311219,0.260102124590302,5044.94,4911.93,4774.3555,223.32566858090811,0.24621038678451815,5044.94,4397.85,4789.7982,200.34184322217845,0.2539099261913419,5048.72,4397.85,0,3,1,1.0339322239407949,1.030598742134683,0.027605361035251245,-0.006990390476169912,4898.67,-0.007635180578401846
2022-03-22,AMZN,4887.02,4983.47,4813.88,4898.67,5545264,4898.67,-0.0076351805784018,4795.8335,4787.2238,4843.9534,0.2413976368302406,5221.501005690852,4370.165994309147,66.4685187421498,71.2523804728271,60.48472509771173,10.767655375115368,171.75071428571417,0.0049736050798767,4936.36,-0.0020033361845994,4911.93,-0.0244105975492274,4921.79,0.0093061273916201,5000.91,0.0286282911686841,4930.74,4942.737999999999,58.77046001191214,0.20671285030804587,5044.94,4898.67,4966.896,52.02813089515041,0.22107084273899608,5044.94,4898.67,4795.8335,212.83375284542618,0.24139763683023963,5044.94,4397.85,4787.2238,198.04028047176016,0.2539560473224038,5048.72,4397.85,1,3,1,1.0214428837029015,1.023279922697363,0.03461960083042244,0.0023838658323471667,4927.43,0.005870981307171119
2022-03-23,AMZN,4951.87,4958.99,4895.86,4927.43,3103012,4927.43,0.0058709813071711,4817.7300000000005,4785.8368,4845.6098,0.2414317685446191,5221.5418926326965,4413.918107367304,62.96169963833763,68.20349996538698,62.02848007124678,6.175019894140199,160.07357142857134,-0.0076351805784018,4898.67,0.0049736050798767,4936.36,-0.0020033361845994,4911.93,0.0088043975996368,5044.94,0.0202119762956471,5030.4,4919.236,14.519245159823482,0.19598778196160505,4936.36,4898.67,4956.599,48.10505019686473,0.19331143002457613,5044.94,4898.67,4817.7300000000005,201.90594631634806,0.2414317685446181,5044.94,4397.85,4785.8368,196.78152553941428,0.2539958480467854,5048.72,4397.85,2,3,1,1.0227700597582214,1.029585881407191,0.012811952681212577,-0.004935509211670472,5000.36,0.014800819088246708
2022-03-24,AMZN,4967.88,5120.19,4880.53,5000.36,4809907,5000.36,0.0148008190882467,4841.919,4785.843400000001,4847.8667,0.2440299351041603,5227.314067835075,4456.523932164925,64.41354448201395,70.8553058360203,63.79384522420149,7.061460611818816,163.21285714285705,0.0058709813071711,4927.43,-0.0076351805784018,4898.67,0.0049736050798767,4936.36,-0.0244105975492274,4921.79,-0.0148477258269719,4955.71,4934.95,39.31655312983976,0.13501141919589582,5000.36,4898.67,4961.064,50.04635100471695,0.19541721276573196,5044.94,4898.67,4841.919,192.69753391753758,0.24402993510415935,5044.94,4397.85,4785.843400000001,196.7888615315523,0.2562032188889971,5048.72,4397.85,3,3,1,1.0327227696289356,1.044823154890307,0.047928549144451986,0.006538000112722735,4998.55,-0.0003619739378764031
2022-03-25,AMZN,4991.0,5080.89,4916.21,4998.55,7727672,4998.55,-0.0003619739378764,4871.954,4785.344599999999,4849.2573,0.2153048348339468,5201.166272227645,4542.741727772354,62.55234223758397,71.98107618097856,65.43129141555691,6.549784765421649,163.25785714285706,0.0148008190882467,5000.36,0.0058709813071711,4927.43,-0.0076351805784018,4898.67,-0.0020033361845994,4911.93,0.0116512063861686,5013.45,4952.273999999999,45.2702996457062,0.13148182004937067,5000.36,4898.67,4959.5740000000005,48.51167263886771,0.18610825682269377,5044.94,4898.67,4871.954,164.60613611382252,0.21530483483394575,5044.94,4491.37,4785.344599999999,196.20494783757545,0.25599149596356563,5048.72,4397.85,4,3,1,1.0259846459960364,1.0445538237724732,0.03294555421071457,0.0015127229012219332,5019.74,0.004239229376519216
2022-03-28,AMZN,4981.08,5095.83,4943.66,5019.74,2576045,5019.74,0.0042392293765192,4898.3725,4785.5166,4850.65355,0.2081935415633659,5180.412511635203,4616.332488364796,56.35079206395193,73.73316318992238,67.09166577043001,6.641497419492367,160.85499999999996,-0.0003619739378764,4998.55,0.0148008190882467,5000.36,0.0058709813071711,4927.43,0.0049736050798767,4936.36,-0.0116985309517397,4954.8,4968.95,52.691462781104164,0.13107646253826022,5019.74,4898.67,4966.068,52.02123237463941,0.1755173824334769,5044.94,4898.67,4898.3724999999995,141.02000581760208,0.20819354156336478,5044.94,4559.44,4785.5166,196.41058919878807,0.25609845468730824,5048.72,4397.85,0,3,1,1.0247771070899516,1.0489442247465928,0.030314319068312254,0.007761369020371504,5147.28,0.025407690438150166
2022-03-29,AMZN,5110.08,5259.43,5035.13,5147.28,4843774,5147.28,0.0254076904381501,4927.764499999999,4788.186000000001,4853.51465,0.2173745519411679,5182.260124818206,4673.268875181792,58.021082103801575,84.43974801812783,70.56128221996958,13.878465798158246,165.28285714285715,0.0042392293765192,5019.74,-0.0003619739378764,4998.55,0.0148008190882467,5000.36,-0.0076351805784018,4898.67,0.0093061273916201,5000.91,5018.6720000000005,80.01013229594031,0.16228728257027975,5147.28,4927.43,4980.705,77.3428757402791,0.21096462297402094,5147.28,4898.67,4927.764499999999,127.2478124091035,0.2173745519411668,5147.28,4600.02,4788.186000000001,200.44223831824294,0.2622970921685218,5147.28,4397.85,1,3,1,1.0445466701988204,1.0749958334949652,0.043576413173551196,0.0072797294758580175,5192.29,0.008744424239598425
2022-03-30,AMZN,5204.48,5308.15,5076.42,5192.29,4962350,5192.29,0.0087444242395984,4957.378,4794.4388,4856.8097,0.2173493079645764,5188.013828101888,4726.742171898111,66.925168119993,95.45636293460666,75.540298362897,19.916064571709654,173.07642857142855,0.0254076904381501,5147.28,0.0042392293765192,5019.74,-0.0003619739378764,4998.55,0.0058709813071711,4927.43,0.0088043975996368,5044.94,5071.643999999999,91.37071264916024,0.15893867860361485,5192.29,4998.55,4995.4400000000005,101.27419250068198,0.21091838016031647,5192.29,4898.67,4957.378,115.31791405094397,0.21734930796457533,5192.29,4714.63,4794.4388,208.084409792077,0.2552257205142164,5192.29,4397.85,2,3,1,1.047386340117488,1.0829818080061668,0.04462963355281676,-0.0023422128627638606,5212.07,0.003809494461981089
2022-03-31,AMZN,5223.27,5292.57,5131.57,5212.07,2834878,5212.07,0.003809494461981,4982.25,4799.8892,4860.15985,0.2058029417328792,5209.931818796674,4754.568181203326,65.02556964185811,104.57768387561373,81.34777546544035,23.22990841017338,169.42142857142855,0.0087444242395984,5192.29,0.0254076904381501,5147.28,0.0042392293765192,5019.74,0.0148008190882467,5000.36,-0.0244105975492274,4921.79,5113.986,98.82845809794169,0.1596418188112159,5212.07,4998.55,5024.468,118.03302040812667,0.1459338157181944,5212.07,4898.67,4982.25,113.84090939833679,0.20580294173287814,5212.07,4754.07,4799.8892,215.40328452232745,0.25407036931070504,5212.07,4397.85,3,3,1,1.0461277535248037,1.0858729822344468,0.030889838394336434,-0.0021442506322664886,5123.92,-0.016912666176778113
2022-04-01,AMZN,5094.55,5244.56,5003.27,5123.92,6875598,5123.92,-0.0169126661767781,5000.742499999999,4803.2354000000005,4862.297799999999,0.2195940540086051,5209.699874537776,4791.785125462223,62.24726261388184,103.50034063707972,85.77828849976822,17.722052137311493,177.6392857142857,0.003809494461981,5212.07,0.0087444242395984,5192.29,0.0254076904381501,5147.28,-0.0003619739378764,4998.55,-0.0020033361845994,4911.93,5139.0599999999995,75.32918325600896,0.23978376446020408,5212.07,5019.74,5045.6669999999995,114.56103080405457,0.18275842417307747,5212.07,4898.67,5000.742499999999,104.47868726888821,0.219594054008604,5212.07,4793.51,4803.2354000000005,219.15444519749778,0.25723585781868297,5212.07,4397.85,4,4,2,1.0246318421712326,1.0667642897533052,0.047090899155324994,0.005764984149727478,5187.16,0.012342113069681027
2022-04-04,AMZN,5184.5,5219.81,5154.51,5187.16,3565169,5187.16,0.012342113069681,5020.425,4806.0234,4864.3086,0.2211462751632442,5221.191051282099,4819.658948717902,63.16124199600858,106.52156356259093,89.92694351233277,16.594620050258158,169.00428571428574,-0.0169126661767781,5123.92,0.003809494461981,5212.07,0.0087444242395984,5192.29,0.0042392293765192,5019.74,0.0049736050798767,4936.36,5172.544,35.94579154808509,0.24488730264282352,5212.07,5123.92,5070.747,115.42205297178236,0.18721498538225126,5212.07,4898.67,5020.425,100.3830256410493,0.22114627516324312,5212.07,4898.67,4806.0234,223.178433368557,0.2554605031468488,5212.07,4397.85,0,4,2,1.0332113317097589,1.0793039417991432,0.012588776902965705,0.0005130677982446409,5219.06,0.006149800661633842
2022-04-05,AMZN,5256.98,5256.98,5181.14,5219.06,3430798,5219.06,0.0061498006616338,5034.840999999999,4809.4302,4866.86815,0.2015304559808688,5249.422270473296,4820.259729526703,62.51869320016797,110.21942695365942,93.9854402005981,16.233986753061316,165.31714285714284,0.012342113069681,5187.16,-0.0169126661767781,5123.92,0.003809494461981,5212.07,0.0254076904381501,5147.28,-0.0076351805784018,4898.67,5186.9,37.627764350527386,0.1822484084483982,5219.06,5123.92,5102.786,106.46936421128093,0.17338027113523752,5219.06,4927.43,5034.840999999999,107.29063523664789,0.20153045598086763,5219.06,4898.67,4809.4302,228.20235032046048,0.25575285799587827,5219.06,4397.85,1,4,2,1.036588841633522,1.085172210212951,0.014531352389124612,-0.007213266932724102,5342.06,0.023567462339961542
2022-04-06,AMZN,5307.25,5432.54,5251.59,5342.06,9308608,5342.06,0.0235674623399615,5050.424,4818.3892000000005,4868.9909,0.2056583123932881,5305.156686093188,4795.691313906812,80.22264091080986,121.67251733750436,99.52285562797937,22.14966170952499,164.21642857142857,0.0061498006616338,5219.06,0.012342113069681,5187.16,-0.0169126661767781,5123.92,0.0087444242395984,5192.29,0.0058709813071711,4927.43,5216.854,79.40837096943697,0.23524703843884925,5342.06,5123.92,5144.249,111.22152384118195,0.1934407353531807,5342.06,4998.55,5050.424,127.36634304659411,0.20565831239328702,5342.06,4898.67,4818.3892000000005,240.078642437088,0.25039927484191166,5342.06,4397.85,2,4,2,1.0577448546892185,1.1086817146275545,0.03387270079332054,0.0065589523764649936,5347.58,0.0010333092477432526
2022-04-07,AMZN,5296.16,5412.18,5282.97,5347.58,4930306,5347.58,0.0010333092477432,5070.0175,4828.0698,4871.15045,0.194722024359212,5352.813451424604,4787.221548575396,81.52543599226965,129.69949678538705,105.55818385946091,24.141312925926144,165.2592857142857,0.0235674623399615,5342.06,0.0061498006616338,5219.06,0.012342113069681,5187.16,0.003809494461981,5212.07,0.0148008190882467,5000.36,5243.956,98.25549083903913,0.23753489380140141,5347.58,5123.92,5178.971,115.42930722115037,0.19258832612719778,5347.58,4998.55,5070.0175,141.397975712302,0.19472202435921093,5347.58,4898.67,4828.0698,251.42725962715085,0.24971773096085442,5347.58,4397.85,3,4,2,1.0547458662615947,1.1076020483380111,0.024162331372317172,0.009708921180627165,5176.55,-0.0319826912360357
2022-04-08,AMZN,5192.29,5250.5,5102.61,5176.55,5791611,5176.55,-0.0319826912360357,5078.1725,4834.661,4871.8925,0.2300343474448656,5363.495428469775,4792.849571530224,64.33884544098778,120.86696505041982,108.6199400976527,12.24702495276712,173.02357142857142,0.0010333092477432,5347.58,0.0235674623399615,5342.06,0.0061498006616338,5219.06,-0.0169126661767781,5123.92,-0.0003619739378764,4998.55,5254.482,83.96057122257328,0.3315499333625282,5347.58,5176.55,5196.771,96.72472319250072,0.2738109994260376,5347.58,5019.74,5078.1725,142.6614642348878,0.23003434744486473,5347.58,4898.67,4834.661,256.2076627942182,0.2609021144945347,5347.58,4397.85,4,4,2,1.0193726187913035,1.0707162301553157,0.02856922081308434,-0.003031417736682032,5021.48,-0.02995624498942362
2022-04-11,AMZN,4976.64,5079.54,4963.42,5021.48,6877474,5021.48,-0.0299562449894236,5081.5065,4836.8274,4872.37185,0.2522024088227411,5362.281565940205,4800.731434059794,56.43031426304542,100.19923260791984,106.93579859970613,-6.736565991786293,176.13357142857143,-0.0319826912360357,5176.55,0.0010333092477432,5347.58,0.0235674623399615,5342.06,0.012342113069681,5187.16,0.0042392293765192,5019.74,5221.346,134.59682195364013,0.3823120220769022,5347.58,5021.48,5196.945,96.37179488833458,0.3213903356071763,5347.58,5021.48,5081.5064999999995,140.38753297010285,0.2522024088227403,5347.58,4898.67,4836.8274,257.3404216669046,0.2686651546116485,5347.58,4397.85,0,4,2,0.9881872629699501,1.0381763881007953,0.023124656475775423,0.009010095164607088,5089.38,0.01352190987517643
2022-04-12,AMZN,5138.23,5156.02,5022.73,5089.38,3083621,5089.38,0.0135219098751764,5085.93,4843.9284,4874.22675,0.2545239047798709,5364.134535889544,4807.725464110456,58.145804620586034,88.28121735971672,103.20488235170825,-14.92366499199153,181.23428571428576,-0.0299562449894236,5021.48,-0.0319826912360357,5176.55,0.0010333092477432,5347.58,0.0061498006616338,5219.06,0.0254076904381501,5147.28,5195.41,147.06430294268955,0.40050988607365645,5347.58,5021.48,5191.155000000001,101.3004780344062,0.3001448910297448,5347.58,5021.48,5085.93,139.1022679447721,0.25452390477987014,5347.58,4898.67,4843.9284,259.3451890573056,0.2564278899430313,5347.58,4397.85,1,4,2,1.000678342013948,1.050672012410206,0.026189830588396752,-0.009507164918656804,5038.35,-0.010026761609469026
2022-04-13,AMZN,5049.4,5146.44,4930.27,5038.35,6594413,5038.35,-0.010026761609469,5085.6005000000005,4849.9208,4876.41275,0.2556406408822037,5364.024970678629,4807.176029321372,51.9538763788974,73.86691803580015,97.33728948852664,-23.470371452726482,179.55642857142857,0.0135219098751764,5089.38,-0.0299562449894236,5021.48,-0.0319826912360357,5176.55,0.0235674623399615,5342.06,0.0087444242395984,5192.29,5134.668,133.44034723432569,0.3120383029897867,5347.58,5021.48,5175.761,112.217254114999,0.2979202402402268,5347.58,5021.48,5085.6005000000005,139.21223533931433,0.25564064088220284,5347.58,4898.67,4849.9208,260.32452429679614,0.25774611900530947,5347.58,4397.85,2,4,2,0.9907089634742267,1.038852015892499,0.042904919269196505,-0.0021883788172846444,5079.08,0.008083995752577566
2022-04-14,AMZN,5076.07,5164.76,4993.39,5079.08,3272442,5079.08,0.0080839957525775,5093.465,4855.8294,4880.1057,0.2399270125478991,5361.083154014144,4825.846845985856,53.9823358941778,64.98099214913327,90.86603002064797,-25.885037871514697,180.0342857142857,-0.010026761609469,5038.35,0.0135219098751764,5089.38,-0.0299562449894236,5021.48,0.0010333092477432,5347.58,0.003809494461981,5212.07,5080.968,60.34351887332983,0.3331544885555044,5176.55,5021.48,5162.462,115.27486348337277,0.30134682725153134,5347.58,5021.48,5093.465,133.80907700707223,0.23992701254789844,5347.58,4898.67,4855.8294,262.13606771594334,0.25753891663556977,5347.58,4397.85,3,4,2,0.9971757929030635,1.04597579148867,0.0337403624278346,0.0005929784262233628,5090.49,0.002246469833119269
2022-04-15,AMZN,5083.36,5217.48,4963.5,5090.49,3216986,5090.49,0.0022464698331192,5102.393,4863.0808,4883.0105,0.2395348355359471,5356.061753514338,4848.724246485662,53.53287193701306,58.18875970631234,84.33057595778084,-26.141816251468498,187.3064285714285,0.0080839957525775,5079.08,-0.010026761609469,5038.35,0.0135219098751764,5089.38,-0.0319826912360357,5176.55,-0.0169126661767781,5123.92,5063.755999999999,31.775958365018965,0.27485287802461894,5090.49,5021.48,5159.119000000001,116.9887809863227,0.29070365845989776,5347.58,5021.48,5102.393,126.83437675716907,0.23953483553594648,5347.58,4898.67,4863.0808,263.5366304697179,0.25582119645066287,5347.58,4397.85,4,4,2,0.9976671730301844,1.0467623733496167,0.049893035837404585,0.0014026155928359798,5076.18,-0.0028111242729087493
2022-04-18,AMZN,5083.6,5181.44,4970.91,5076.18,3587639,5076.18,-0.0028111242729087,5109.384,4869.901000000001,4885.75225,0.239801904156018,5351.216872294381,4867.551127705619,45.99698225312592,51.062551841351706,77.67697113449502,-26.614419293143314,185.22357142857132,0.0022464698331192,5090.49,0.0080839957525775,5079.08,-0.010026761609469,5038.35,-0.0299562449894236,5021.48,0.012342113069681,5187.16,5074.696,21.25749115055013,0.14579813666678557,5090.49,5038.35,5148.021,119.27479844180166,0.28177247576597614,5347.58,5021.48,5109.384,120.91643614719028,0.23980190415601738,5347.58,4898.67,4869.901000000001,264.5693676350344,0.2560134297544001,5347.58,4397.85,0,4,2,0.9935013692451,1.0423579452639709,0.041474100603201274,-0.0014595955621997427,5068.33,-0.0015464384635691664
2022-04-19,AMZN,5026.84,5121.42,5015.25,5068.33,3118862,5068.33,-0.0015464384635691,5117.867,4877.6096,4888.82425,0.2376879710311411,5339.649596925442,4896.084403074558,42.71611902341227,44.27122030223654,70.99582096804333,-26.72460066580679,176.2549999999999,-0.0028111242729087,5076.18,0.0022464698331192,5090.49,0.0080839957525775,5079.08,0.0135219098751764,5089.38,0.0061498006616338,5219.06,5070.486,19.645669497769717,0.10587853460463022,5090.49,5038.35,5132.948,118.82314615520525,0.278151767043342,5347.58,5021.48,5117.867,110.89129846272093,0.23768797103114045,5347.58,4927.43,4877.6096,264.62465264517095,0.25450124127302615,5347.58,4397.85,1,4,2,0.9903207723059253,1.0391012023592376,0.020947728344440697,0.00825369416969538,4990.93,-0.015271302381652307
2022-04-20,AMZN,5033.86,5042.27,4939.59,4990.93,5557547,4990.93,-0.0152713023816523,5121.042,4884.9746000000005,4891.32285,0.244644171896036,5332.943595791521,4909.140404208478,37.82992493392741,32.27150219834675,63.25095721410402,-30.979455015757267,173.95071428571418,-0.0015464384635691,5068.33,-0.0028111242729087,5076.18,0.0022464698331192,5090.49,-0.010026761609469,5038.35,0.0235674623399615,5342.06,5061.002,39.97034112958409,0.13669880951827612,5090.49,4990.93,5097.835000000001,100.6548098149703,0.2409587624315692,5347.58,4990.93,5121.0419999999995,105.95079789576069,0.24464417189603538,5347.58,4990.93,4884.9746000000005,262.50070489473046,0.2552677060429873,5347.58,4397.85,2,4,2,0.9745926707882937,1.021690061602158,0.02057332000248044,-0.008528246713256001,4990.45,-9.617446047138767e-05
2022-04-21,AMZN,5002.99,5048.93,4931.98,4990.45,4451221,4990.45,-9.617446047138768e-05,5120.5465,4892.99,4893.73815,0.23894799619958,5333.679063075668,4907.413936924331,41.87021087311487,22.463956650302862,55.09355710134379,-32.62960045104093,165.06928571428566,-0.0152713023816523,4990.93,-0.0015464384635691,5068.33,-0.0028111242729087,5076.18,0.0080839957525775,5079.08,0.0010333092477432,5347.58,5043.276,48.65754802715411,0.10867441715774617,5090.49,4990.45,5062.122,55.364756298559556,0.24001244724192514,5176.55,4990.45,5120.5464999999995,106.56628153783421,0.2389479961995792,5347.58,4990.45,4892.99,259.4003371514214,0.2545076301707714,5347.58,4397.85,3,4,2,0.9745932392175375,1.0199182912695468,0.023434760392344836,-0.0025065011123343154,4939.15,-0.010279634101133195
2022-04-22,AMZN,4907.94,5047.15,4831.16,4939.15,3286438,4939.15,-0.0102796341011331,5117.5765,4901.129199999999,4895.63935,0.2417293589647695,5339.347458686857,4895.805541313143,34.67049064754009,10.431675019780414,46.16118068503111,-35.7295056652507,173.64785714285705,-9.617446047138768e-05,4990.45,-0.0152713023816523,4990.93,-0.0015464384635691,5068.33,0.0022464698331192,5090.49,-0.0319826912360357,5176.55,5013.008,58.10019552474785,0.10322416478713717,5076.18,4939.15,5038.382,51.6180155458127,0.1971034852953582,5090.49,4939.15,5117.5765,110.88547934342863,0.24172935896476871,5347.58,4939.15,4901.129199999999,254.1805556062694,0.2539065231895597,5347.58,4397.85,4,4,2,0.9651345710218565,1.007757559216964,0.04373019649129021,0.006359083444376597,4907.09,-0.006490995414190626
2022-04-25,AMZN,4913.23,4934.31,4879.88,4907.09,5238820,4907.09,-0.0064909954141906,5111.944,4907.4876,4896.874150000001,0.2419475493204809,5349.348511942321,4874.53948805768,30.72093339377558,-1.6716986225919754,36.5946048235065,-38.266303446098476,172.46428571428564,-0.0102796341011331,4939.15,-9.617446047138768e-05,4990.45,-0.0152713023816523,4990.93,-0.0028111242729087,5076.18,-0.0299562449894236,5021.48,4979.1900000000005,61.26207309594481,0.09929107629774607,5068.33,4907.09,5026.943,66.35190712321493,0.1393687955641263,5090.49,4907.09,5111.944,118.7022559711603,0.2419475493204801,5347.58,4907.09,4907.4875999999995,250.16221323949617,0.2533714143023572,5347.58,4397.85,0,4,2,0.9599263998195284,0.9999189809463807,0.011092113655952753,-0.0012496870694020366,4879.5,-0.0056224768651074175
2022-04-26,AMZN,4843.71,4926.37,4832.64,4879.5,3583075,4879.5,-0.0056224768651074,5098.555,4914.4834,4898.0879,0.2211672830947209,5356.853301520674,4840.256698479327,17.59331913428099,-13.336259754108141,26.608431907983572,-39.944691662091714,163.91071428571422,-0.0064909954141906,4907.09,-0.0102796341011331,4939.15,-9.617446047138768e-05,4990.45,-0.0015464384635691,5068.33,0.0135219098751764,5089.38,4941.424,49.68140779015534,0.08961217399501967,4990.93,4879.5,5005.955,76.78199879455924,0.10831704173745967,5090.49,4879.5,5098.555,129.14915076033697,0.22116728309472006,5347.58,4879.5,4914.4834,244.2019841267767,0.25175426071728707,5347.58,4397.85,1,4,2,0.957035866044211,0.9928815712347318,0.019208935341731806,0.007388964244348355,4860.55,-0.003883594630597398
2022-04-27,AMZN,4813.65,4972.82,4748.28,4860.55,3508070,4860.55,-0.0038835946305973,5081.968,4922.544,4899.5669,0.2171003658685879,5356.986896238901,4806.949103761099,16.509193931824456,-23.834861669066413,16.519773192573577,-40.354634861639994,170.71999999999994,-0.0056224768651074,4879.5,-0.0064909954141906,4907.09,-0.0102796341011331,4939.15,-0.0152713023816523,4990.93,-0.010026761609469,5038.35,4915.348,51.388082470655256,0.05907897542129146,4990.45,4860.55,4988.175,88.18614910768689,0.10330876600578318,5090.49,4860.55,5081.968,137.50944811945058,0.21710036586858714,5347.58,4860.55,4922.544,235.30008814621743,0.24887087978480465,5347.58,4397.85,2,4,2,0.9564306583589356,0.9874061054607155,0.04619641810082269,0.009743126317864989,4942.83,0.016928125417905227
2022-04-28,AMZN,4955.73,5030.8,4854.86,4942.83,4078657,4942.83,0.0169281254179052,5068.506,4929.3502,4901.11035,0.2274696040674517,5343.068412377528,4793.9435876224725,31.693715144364106,-25.22499295093985,8.170819963870894,-33.39581291481075,165.78928571428565,-0.0038835946305973,4860.55,-0.0056224768651074,4879.5,-0.0064909954141906,4907.09,-9.617446047138768e-05,4990.45,0.0080839957525775,5079.08,4905.8240000000005,36.139857221778975,0.17089641504191522,4942.83,4860.55,4974.55,82.95059828328093,0.13569921557086725,5090.49,4860.55,5068.506,137.2812061887638,0.22746960406745093,5347.58,4860.55,4929.3502,230.73177226510703,0.24133150133665934,5347.58,4397.85,3,4,2,0.9752045277245452,1.002734599785383,0.035594993151689396,-0.0026030473815153434,4932.22,-0.0021465435792854537
2022-04-29,AMZN,4946.87,4979.26,4885.19,4932.22,4814722,4932.22,-0.0021465435792854,5058.921,4934.3208,4902.25925,0.2210522905622393,5338.673589858739,4779.168410141261,40.96375784455665,-26.873044605387804,1.1620470500191544,-28.03509165540696,157.285,0.0169281254179052,4942.83,-0.0038835946305973,4860.55,-0.0056224768651074,4879.5,-0.0102796341011331,4939.15,0.0022464698331192,5090.49,4904.438,34.64418666977956,0.15466471456814943,4942.83,4860.55,4958.723,72.85603903131141,0.1329961597224528,5076.18,4860.55,5058.921,139.87629492936955,0.22105229056223852,5347.58,4860.55,4934.3207999999995,227.99231747561862,0.23861767612818036,5347.58,4397.85,4,4,2,0.974954936042493,0.9995742473815241,0.019072547453272873,-0.0029614685649707135,5024.9,0.01879072709652041
2022-05-02,AMZN,5033.31,5072.04,4977.75,5024.9,4675019,5024.9,0.0187907270965204,5050.808,4944.2148,4903.82445,0.2276164802813783,5324.24151033235,4777.37448966765,43.78422148412698,-20.46473129072001,-3.163308618128679,-17.301422672591332,157.66214285714275,-0.0021465435792854,4932.22,0.0169281254179052,4942.83,-0.0038835946305973,4860.55,-0.0064909954141906,4907.09,-0.0028111242729087,5076.18,4928.0,64.28277335345186,0.19034824125458122,5024.9,4860.55,4953.594999999999,65.05750144635937,0.17269450708211218,5068.33,4860.55,5050.808,136.71675516617486,0.22761648028137757,5347.58,4860.55,4944.2148,220.7150140185513,0.22880130824599193,5347.58,4397.85,0,5,2,0.99487052368631,1.0163191129962603,0.018764552528404782,-0.0016708686729009522,5166.91,0.028261258930526
2022-05-03,AMZN,5134.2,5281.88,5051.93,5166.91,3459052,5166.91,0.028261258930526,5048.200500000001,4958.1708,4905.1533500000005,0.2499007728976058,5315.810943307821,4780.590056692181,60.54358166708065,-3.882323636313231,-3.30711162176559,-0.5752120145476409,160.57714285714286,0.0187907270965204,5024.9,-0.0021465435792854,4932.22,0.0169281254179052,4942.83,-0.0056224768651074,4879.5,-0.0015464384635691,5068.33,4985.482,116.9764252745531,0.22258325715175806,5166.91,4860.55,4963.4529999999995,87.85067748425789,0.22635749991962945,5166.91,4860.55,5048.200500000001,133.80522165390983,0.24990077289760518,5347.58,4860.55,4958.1708,211.94776202617246,0.23325609423107926,5347.58,4397.85,1,5,2,1.023515211014098,1.042100042216972,0.04450435560130819,0.006371002298312038,5248.02,0.01569797035365439
2022-05-04,AMZN,5258.88,5368.07,5127.97,5248.02,5613300,5248.02,0.0156979703536543,5043.4985,4973.3412,4907.07555,0.2413107084164168,5291.990863646381,4795.006136353619,62.994584947261885,15.624147587353036,0.47914022005813495,15.145007367294902,165.48642857142855,0.028261258930526,5166.91,0.0187907270965204,5024.9,-0.0021465435792854,4932.22,-0.0038835946305973,4860.55,-0.0152713023816523,4990.93,5062.976000000001,139.6652541973689,0.1751882757476306,5248.02,4932.22,4989.161999999999,126.08354327366922,0.21312162261455525,5248.02,4860.55,5043.4985,124.24618182319047,0.24131070841641605,5347.58,4860.55,4973.3412,204.74095259108006,0.2349701322111776,5347.58,4397.85,2,5,2,1.0405515139935027,1.055230234354109,0.04575058784073873,-0.002065078495800932,5299.75,0.009857050849653604
2022-05-05,AMZN,5252.74,5353.4,5246.1,5299.75,3659537,5299.75,0.0098570508496536,5041.107,4989.0046,4909.64265,0.244204252679004,5277.923627892457,4804.290372107543,65.15586070903275,34.8555521348153,7.354422603009568,27.50112953180573,155.00928571428565,0.0156979703536543,5248.02,0.028261258930526,5166.91,0.0187907270965204,5024.9,0.0169281254179052,4942.83,-9.617446047138768e-05,4990.45,5134.36,153.4389303599905,0.17872929406729895,5299.75,4932.22,5020.092,159.85067224687126,0.21216082634117694,5299.75,4860.55,5041.107,118.40831394622852,0.24420425267900342,5299.75,4860.55,4989.0046,198.95999144742615,0.23536092990053448,5347.58,4397.85,3,5,2,1.0513067863861942,1.0622860520110438,0.0202462380300918,0.008949614867667401,5332.02,0.0060889664606822436
2022-05-06,AMZN,5343.67,5403.53,5260.52,5332.02,3078063,5332.02,0.0060889664606822,5048.8805,5007.688,4912.185750000001,0.2143341054841515,5313.044352140929,4784.716647859072,68.05963406235483,52.09992262487867,16.30352260738339,35.79640001749529,150.18642857142848,0.0098570508496536,5299.75,0.0156979703536543,5248.02,0.028261258930526,5166.91,-0.0021465435792854,4932.22,-0.0102796341011331,4939.15,5214.320000000001,122.8972227107702,0.1360590176773212,5332.02,5024.9,5059.379,184.17471261157038,0.19167568679684638,5332.02,4860.55,5048.8805,132.08192607046408,0.21433410548415072,5332.02,4860.55,5007.688,185.73687573593855,0.2254352922131928,5347.58,4491.37,4,5,2,1.0560796596391901,1.0647668145457414,0.026820979666237647,-0.00218014959756075,5416.74,0.015888912644738573
2022-05-09,AMZN,5422.6,5534.24,5299.25,5416.74,2223507,5416.74,0.0158889126447385,5068.6435,5026.1954,4915.4392,0.1846230904807255,5379.237284346657,4758.049715653343,72.18634979939813,71.77502859145534,27.397823804197778,44.37720478725756,159.38785714285703,0.0060889664606822,5332.02,0.0098570508496536,5299.75,0.0156979703536543,5248.02,0.0187907270965204,5024.9,-0.0064909954141906,4907.09,5292.688,93.27528113076436,0.1334942818622378,5416.74,5166.91,5110.344,206.51165031434573,0.17752693312923995,5416.74,4860.55,5068.6435,155.29689217332876,0.18462309048072462,5416.74,4860.55,5026.1954,179.2287463414474,0.22362862252182372,5416.74,4559.44,0,5,2,1.0686764614632949,1.0777018338759616,0.04338218190276003,-0.0010806624128645854,5426.48,0.0017981295022466703
2022-05-10,AMZN,5443.33,5537.29,5315.68,5426.48,5927281,5426.48,0.0017981295022466,5085.4985,5043.5362,4918.52335,0.1811425490831214,5434.98248275328,4736.014517246719,80.35064735812452,87.1490286667904,39.3480647767163,47.8009638900741,166.02142857142846,0.0158889126447385,5416.74,0.0060889664606822,5332.02,0.0098570508496536,5299.75,0.028261258930526,5166.91,-0.0056224768651074,4879.5,5344.602000000001,76.4950803648492,0.09709566904126933,5426.48,5248.02,5165.0419999999995,210.96546888583782,0.16253393256803572,5426.48,4860.55,5085.4985,174.74199137664027,0.18114254908312047,5426.48,4860.55,5043.5362,175.0426316922222,0.22216177385723535,5426.48,4600.02,1,5,2,1.0670497690637275,1.0759276398172624,0.04083862835575895,-0.003095531595548546,5524.55,0.01807248897996505
2022-05-11,AMZN,5568.25,5642.1,5407.0,5524.55,4019873,5524.55,0.018072488979965,5109.8085,5062.0268,4922.4513,0.1812393334324704,5509.514766902456,4710.102233097544,82.76204730449675,106.02428196038,52.68330821344904,53.340973746930956,174.46071428571415,0.0017981295022466,5426.48,0.0158889126447385,5416.74,0.0060889664606822,5332.02,0.0156979703536543,5248.02,-0.0038835946305973,4860.55,5399.908,88.26865394932976,0.10703524184600564,5524.55,5299.75,5231.442,208.96541063056208,0.143526164815973,5524.55,4932.22,5109.8085,199.8531334512282,0.18123933343246956,5524.55,4860.55,5062.0268,176.06404008184876,0.22423520436668387,5524.55,4714.63,2,5,2,1.081165761886951,1.0913711480150419,0.042555502258094825,-0.007848067166523049,5587.01,0.011305898217954358
2022-05-12,AMZN,5626.16,5672.87,5501.15,5587.01,4352033,5587.01,0.0113058982179543,5135.205,5079.4744,4926.8572,0.182399455929611,5587.744410485046,4682.665589514954,89.20341772613548,124.58689599996887,67.064025770753,57.52287022921587,171.2985714285713,0.018072488979965,5524.55,0.0017981295022466,5426.48,0.0158889126447385,5416.74,0.0098570508496536,5299.75,0.0169281254179052,4942.83,5457.36,99.54558377963485,0.1071166343119177,5587.01,5332.02,5295.86,209.3996217761619,0.141899782796836,5587.01,4932.22,5135.205,226.26970524252295,0.1823994559296101,5587.01,4860.55,5079.4744,183.98262177423786,0.219669345184129,5587.01,4754.07,3,5,2,1.0879818819304998,1.0999189207448117,0.03073558128587017,-0.0069585649892631345,5551.98,-0.006269901074098749
2022-05-13,AMZN,5605.35,5680.96,5423.0,5551.98,6077634,5551.98,-0.0062699010740987,5158.2795,5095.4326,4930.26875,0.1864649614339964,5646.846670212575,4669.712329787424,88.88393126168899,134.91604493696923,80.63442960399625,54.281615332972976,185.4907142857142,0.0113058982179543,5587.01,0.018072488979965,5524.55,0.0017981295022466,5426.48,0.0060889664606822,5332.02,-0.0021465435792854,4932.22,5501.352,76.16370769618321,0.1620027635595899,5587.01,5416.74,5357.836,179.37761951319914,0.15464158905818348,5587.01,5024.9,5158.2795,244.28358510628763,0.18646496143399546,5587.01,4860.55,5095.4326,189.69744771239155,0.2204563771298736,5587.01,4793.51,4,5,2,1.0763239952389014,1.0895993403973019,0.04646270339589724,-0.009521260938209259,5643.29,0.0164463848933174
2022-05-16,AMZN,5697.05,5708.3,5578.29,5643.29,3304654,5643.29,0.0164463848933174,5186.635,5112.428199999999,4934.30945,0.1890801895110289,5719.003906265146,4654.266093734855,92.76683427069358,148.75516681140562,94.25857704547812,54.496589765927496,189.96142857142857,-0.0062699010740987,5551.98,0.0113058982179543,5587.01,0.018072488979965,5524.55,0.0158889126447385,5416.74,0.0187907270965204,5024.9,5546.661999999999,80.50755598098239,0.1637177807688072,5643.29,5426.48,5419.675,157.0505793437968,0.15216548526415855,5643.29,5166.91,5186.635,266.18445313257274,0.18908018951102798,5643.29,4860.55,5112.428199999999,199.88868918481583,0.22217743751890975,5643.29,4860.55,0,5,2,1.088044560683162,1.1038375071945061,0.023037979618268273,-0.00943646273070989,5653.66,0.001837580560275942
2022-05-17,AMZN,5684.45,5699.64,5607.67,5653.66,2308353,5653.66,0.0018375805602759,5215.9015,5126.8866,4938.74265,0.1878141947648981,5784.040626003345,4647.762373996655,94.83938081465442,158.72980455563447,107.1528225475094,51.57698200812507,180.49214285714288,0.0164463848933174,5643.29,-0.0062699010740987,5551.98,0.0113058982179543,5587.01,0.0017981295022466,5426.48,0.028261258930526,5166.91,5592.098,56.14395488414062,0.1636197317234112,5653.66,5524.55,5468.35,144.97135310888964,0.12753390487648072,5653.66,5248.02,5215.9015,284.0695630016726,0.1878141947648972,5653.66,4860.55,5126.8866,212.24205991836556,0.21451988499448285,5653.66,4860.55,1,5,2,1.0839276776984603,1.1027472306484987,0.016267338325966538,-0.005416531062810746,5643.93,-0.0017210090454677918
2022-05-18,AMZN,5695.45,5752.15,5535.71,5643.93,4113221,5643.93,-0.0017210090454677,5248.5515,5139.157200000001,4942.61505,0.1735085983092413,5836.946388320005,4660.156611679994,93.17969057781768,163.95962267939558,118.51418257388664,45.445440105508936,183.38499999999996,0.0018375805602759,5653.66,0.0164463848933174,5643.29,-0.0062699010740987,5551.98,0.018072488979965,5524.55,0.0156979703536543,5248.02,5615.974,44.39054437640054,0.14863113298523017,5653.66,5551.98,5507.941000000001,131.55429537731752,0.13209108160610775,5653.66,5299.75,5248.5515,294.19744416000265,0.17350859830924037,5653.66,4860.55,5139.157200000001,223.9617195883313,0.2110021835345798,5653.66,4860.55,2,5,2,1.0753309746506108,1.0982209300775818,0.03834916450061592,-0.009045817275191685,5596.81,-0.00834879241946651
2022-05-19,AMZN,5637.92,5685.17,5508.45,5596.81,4524372,5596.81,-0.0083487924194665,5278.8695,5151.979200000001,4946.70365,0.1798519959951801,5873.720133687995,4684.018866312004,89.16956444716405,162.4297124039449,127.29728853989832,35.13242386404659,189.28857142857137,-0.0017210090454677,5643.93,0.0018375805602759,5653.66,0.0164463848933174,5643.29,0.0113058982179543,5587.01,0.0098570508496536,5299.75,5617.934,42.986100428315744,0.15575637107774193,5653.66,5551.98,5537.647,111.29966357641246,0.1523966025505464,5653.66,5332.02,5278.8695,297.42531684399756,0.17985199599517915,5653.66,4860.55,5151.979200000001,231.47075304153492,0.20876409310308236,5653.66,4860.55,3,5,2,1.0602288993882005,1.0863417305719931,0.03157512940406565,-0.007291696228394936,5614.61,0.0031803831110934766
2022-05-20,AMZN,5640.17,5738.65,5490.58,5614.61,3600795,5614.61,0.0031803831110934,5312.6425,5164.0024,4951.173,0.1699547061034419,5902.963482619725,4722.321517380275,88.12106481022703,160.79995691857584,133.99782221563385,26.802134702942,197.0207142857142,-0.0083487924194665,5596.81,-0.0017210090454677,5643.93,0.0018375805602759,5653.66,-0.0062699010740987,5551.98,0.0060889664606822,5332.02,5630.460000000001,23.810894566009637,0.1443341519779843,5653.66,5596.81,5565.906,86.3736491709801,0.15278608764357687,5653.66,5416.74,5312.6425,295.16049130986255,0.16995470610344107,5653.66,4860.55,5164.0024,239.59855102927767,0.20772238945090965,5653.66,4860.55,4,5,2,1.0568394165425101,1.0872593707545355,0.044182944140368705,-0.004531778297461932,5717.3,0.018289783261882908
2022-05-23,AMZN,5668.75,5755.17,5668.75,5717.3,7212310,5717.3,0.0182897832618829,5353.153,5179.2524,4955.90505,0.167610826179796,5937.461398530908,4768.844601469093,87.48484641936281,165.88239969307506,140.3747377111221,25.507661981952964,188.70499999999993,0.0031803831110934,5614.61,-0.0083487924194665,5596.81,-0.0017210090454677,5643.93,0.0164463848933174,5643.29,0.0158889126447385,5416.74,5645.262000000001,46.23017272338609,0.15586618138468905,5717.3,5596.81,5595.962,80.81507131167817,0.15787147101165472,5717.3,5426.48,5353.153,292.15419926545366,0.16761082617979517,5717.3,4860.55,5179.2524,250.04939439023053,0.20820009464066377,5717.3,4860.55,0,5,2,1.0680247697009466,1.1038851862092869,0.015115526559737105,0.008564498346194773,5810.61,0.01632064086194518
2022-05-24,AMZN,5758.21,5937.71,5683.51,5810.61,1479682,5810.61,0.0163206408619451,5399.7085,5195.4464,4960.69275,0.1624578209615993,5973.394439692726,4826.022560307273,87.68942185137313,175.41750557402975,147.38329128370364,28.034214290326105,189.71214285714282,0.0182897832618829,5717.3,0.0031803831110934,5614.61,-0.0083487924194665,5596.81,0.0018375805602759,5653.66,0.0017981295022466,5426.48,5676.652,87.88015942199404,0.18272374008907763,5810.61,5596.81,5634.375,82.57906087165817,0.1651085904129158,5810.61,5524.55,5399.7085,286.8429698463634,0.16245782096159841,5810.61,4860.55,5195.4464,264.08889998817,0.20988986723423836,5810.61,4860.55,1,5,2,1.0760969781977905,1.1184043781105857,0.043747558345845976,0.00910005018920646,5848.79,0.0065707387004119155
2022-05-25,AMZN,5888.28,5912.35,5785.24,5848.79,6260856,5848.79,0.0065707387004119,5449.120499999999,5211.5234,4965.1277,0.1557138934160117,5996.92958858458,4901.311411415418,87.46179039134215,183.9346682377518,154.69356667451328,29.241101563238516,191.1271428571429,0.0163206408619451,5810.61,0.0182897832618829,5717.3,0.0031803831110934,5614.61,-0.0017210090454677,5643.93,0.018072488979965,5524.55,5717.624,112.98111293502292,0.17106349079022956,5848.79,5596.81,5666.799,97.05257194485762,0.1529891857311436,5848.79,5551.98,5449.120499999999,273.9045442922905,0.1557138934160109,5848.79,4932.22,5211.5234,278.7979516556204,0.20963695529022286,5848.79,4860.55,2,5,2,1.0733456894555602,1.122280291401719,0.021732700267915045,-0.006706542487788127,5913.38,0.011043309812798885
2022-05-26,AMZN,5912.15,6020.39,5806.36,5913.38,5489053,5913.38,0.0110433098127988,5497.647999999999,5231.3552,4970.21245,0.1532939123345177,6028.299781178064,4966.996218821934,87.99142617990395,193.6640159858207,162.48765653677478,31.17635944904592,196.20000000000013,0.0065707387004119,5848.79,0.0163206408619451,5810.61,0.0182897832618829,5717.3,-0.0083487924194665,5596.81,0.0113058982179543,5587.01,5780.938,116.98290845263877,0.10108211061396201,5913.38,5614.61,5699.436,119.51614620813855,0.1527281690237313,5913.38,5551.98,5497.647999999999,265.32589058903267,0.15329391233451695,5913.38,4932.22,5231.3552,292.6891094188334,0.20067364010409108,5913.38,4860.55,3,5,2,1.075619974214232,1.1303724893310378,0.03619419012476188,0.0002080461422663946,6051.43,0.023345362550690085
2022-05-27,AMZN,6089.51,6089.51,6016.32,6051.43,4801856,6051.43,0.02334536255069,5553.6085,5254.1452,4975.71875,0.1552965462750531,6069.032263366852,5038.1847366331485,88.77390188619606,210.09226261481126,172.00857775238208,38.08368486242918,191.99571428571446,0.0110433098127988,5913.38,0.0065707387004119,5848.79,0.0163206408619451,5810.61,0.0031803831110934,5614.61,-0.0062699010740987,5551.98,5868.302000000001,124.57786669405309,0.10313994773794133,6051.43,5717.3,5749.381,151.20569385590346,0.1597449941959457,6051.43,5596.81,5553.6085,257.71188168342604,0.1552965462750524,6051.43,5024.9,5254.1452,311.09417952056464,0.20495548632903526,6051.43,4860.55,4,5,2,1.0896392858803263,1.1517439601781176,0.012094661922882426,-0.0062533767084697565,6036.26,-0.0025068454894132675
2022-05-30,AMZN,6013.67,6140.03,5932.48,6036.26,1053305,6036.26,-0.0025068454894132,5604.1765,5276.1432,4981.35135,0.1582664918988933,6099.240601167017,5109.112398832982,87.00660290185695,219.35903974447865,181.4786701508014,37.880369593677244,190.99142857142877,0.02334536255069,6051.43,0.0110433098127988,5913.38,0.0065707387004119,5848.79,0.0182897832618829,5717.3,0.0164463848933174,5643.29,5932.094,108.5584737827656,0.15528685376209256,6051.43,5810.61,5788.678,170.41458432631848,0.16231231108783736,6051.43,5596.81,5604.1765,247.5320505835087,0.15826649189889247,6051.43,5166.91,5276.1431999999995,326.6627907724517,0.2055093732026041,6051.43,4860.55,0,5,2,1.0771002662030582,1.1440667493632195,0.034383873458062736,0.0037564415739467557,5917.38,-0.01969431402888544
2022-05-31,AMZN,5905.27,6031.86,5802.91,5917.38,6684890,5917.38,-0.0196943140288854,5641.7,5296.5174,4986.6512,0.1727747278586124,6110.271038168842,5173.1289618311575,73.25290935014554,214.63621225638872,188.11017857191888,26.526033684469837,190.86642857142877,-0.0025068454894132,6036.26,0.02334536255069,6051.43,0.0110433098127988,5913.38,0.0163206408619451,5810.61,0.0018375805602759,5653.66,5953.447999999999,87.06024046626631,0.2552183402897491,6051.43,5848.79,5815.05,167.580725356802,0.20979402754034981,6051.43,5596.81,5641.7,234.28551908442114,0.17277472785861148,6051.43,5248.02,5296.5174,334.3181785384192,0.2107707092224291,6051.43,4860.55,1,5,2,1.0488647039011203,1.117220911989996,0.03869110991688232,0.0020507106364311234,6058.75,0.02389064079034986
2022-06-01,AMZN,6083.0,6133.72,5983.77,6058.75,2653078,6058.75,0.0238906407903498,5682.236500000001,5319.1438,4992.121450000001,0.1806030638955633,6147.670533554307,5216.802466445694,75.53811173553751,219.76737348644565,194.44161755482423,25.325755931621416,194.05357142857162,-0.0196943140288854,5917.38,-0.0025068454894132,6036.26,0.02334536255069,6051.43,0.0065707387004119,5848.79,-0.0017210090454677,5643.93,5995.4400000000005,73.54678069124128,0.2939514610336103,6058.75,5913.38,5856.532,171.80407703091691,0.22673548589720213,6058.75,5596.81,5682.236500000001,232.71701677715316,0.18060306389556238,6058.75,5299.75,5319.1438,346.87640889589403,0.21547918215931638,6058.75,4860.55,2,6,2,1.0662614975633156,1.1390460998627,0.024749329482149793,-0.003986519809303964,6002.37,-0.00930554982463383
2022-06-02,AMZN,6052.23,6058.24,5946.5,6002.37,3264862,6002.37,-0.0093055498246338,5717.3675,5339.184,4997.54955,0.1895497408464987,6167.044057439495,5267.690942560505,73.83141965073959,216.78549270103213,198.91039258406585,17.87510011696628,183.6457142857145,0.0238906407903498,6058.75,-0.0196943140288854,5917.38,-0.0025068454894132,6036.26,0.0110433098127988,5913.38,-0.0083487924194665,5596.81,6013.238,57.80755374556312,0.3121904776662386,6058.75,5917.38,5897.088000000001,150.19064979034223,0.2286167425508685,6058.75,5614.61,5717.3675,224.83827871974725,0.18954974084649773,6058.75,5332.02,5339.184,356.8837162071958,0.21619369268732666,6058.75,4860.55,3,6,2,1.0498485535517788,1.1242111154061885,0.01861598002122181,-0.008238285722781758,5929.36,-0.012163528739481233
2022-06-03,AMZN,5880.48,6022.77,5835.96,5929.36,3736156,5929.36,-0.0121635287394812,5747.2345000000005,5357.800200000001,5002.48455,0.2005857715584709,6167.535181967348,5326.933818032653,65.43570927435806,206.1546118269789,200.35923643264846,5.795375394330449,185.8235714285716,-0.0093055498246338,6002.37,0.0238906407903498,6058.75,-0.0196943140288854,5917.38,0.02334536255069,6051.43,0.0031803831110934,5614.61,5988.824,63.173424238720116,0.26577491433217065,6058.75,5917.38,5928.563,112.72187346148654,0.24814932228195505,6058.75,5717.3,5747.2345000000005,210.15034098367374,0.20058577155847,6058.75,5416.74,5357.800200000001,362.9775222617603,0.2189540372743575,6058.75,4860.55,4,6,2,1.0316892411470189,1.1066780728402101,0.03150592981366773,0.008312246619322198,5741.8,-0.03163241901318181
2022-06-06,AMZN,5783.31,5866.19,5617.41,5741.8,4707992,5741.8,-0.0316324190131818,5763.4875,5372.2414,5006.407749999999,0.2355116463613729,6154.065983136985,5372.909016863016,53.99242643792952,180.5141825173705,196.39022564959288,-15.876043132222378,201.53642857142873,-0.0121635287394812,5929.36,-0.0093055498246338,6002.37,0.0238906407903498,6058.75,-0.0025068454894132,6036.26,0.0182897832618829,5717.3,5929.932000000001,119.78404555717404,0.32874417476560797,6058.75,5741.8,5931.013,107.77771611052404,0.29807287447835656,6058.75,5741.8,5763.4875,195.28924156849214,0.23551164636137206,6058.75,5426.48,5372.2414,363.61633560442334,0.23272044864535382,6058.75,4860.55,0,6,2,0.9962370873536212,1.0687903935215812,0.04332787627572476,-0.007177550572248943,5802.24,0.010526315789473717
2022-06-07,AMZN,5836.24,5868.8,5735.68,5802.24,5165828,5802.24,0.0105263157894737,5782.2755,5385.3406,5011.10175,0.236943117223698,6139.306470762024,5425.244529237975,56.8559178893976,163.18980989568354,189.75014249881104,-26.560332603127506,195.58500000000018,-0.0316324190131818,5741.8,-0.0121635287394812,5929.36,-0.0093055498246338,6002.37,-0.0196943140288854,5917.38,0.0163206408619451,5810.61,5906.904,133.12505447902097,0.34110788566128825,6058.75,5741.8,5930.176,108.84388526693037,0.2908404342782705,6058.75,5741.8,5782.2755,178.51548538101238,0.23694311722369718,6058.75,5524.55,5385.3405999999995,367.1272050271426,0.22762695355684776,6058.75,4860.55,1,6,2,1.0034527064646084,1.0774137479807537,0.02294286344583763,-0.005825668581140284,5636.4,-0.0285820648577102
2022-06-08,AMZN,5615.61,5693.05,5579.76,5636.4,5716922,5636.4,-0.0285820648577102,5787.868,5394.2228000000005,5014.5353,0.2558964162462276,6131.140026217218,5444.595973782783,51.55465847721081,134.5274688399959,178.70560776704804,-44.178138927052146,198.85357142857154,0.0105263157894737,5802.24,-0.0316324190131818,5741.8,-0.0121635287394812,5929.36,0.0238906407903498,6058.75,0.0065707387004119,5848.79,5822.433999999999,146.0551456814827,0.26919131210129793,6002.37,5636.4,5908.937,142.12382246556325,0.3206367551657849,6058.75,5636.4,5787.868,171.63601310860903,0.2558964162462269,6058.75,5551.98,5394.2228000000005,367.73311260514197,0.2375677794753468,6058.75,4860.55,2,6,2,0.9738300873480572,1.0448956613358562,0.02009970903413169,0.003702180172767742,5561.84,-0.013228301752891802
2022-06-09,AMZN,5545.74,5620.68,5503.01,5561.84,5543553,5561.84,-0.0132283017528918,5786.6095000000005,5401.2182,5017.3405,0.257764560482115,6133.151072836979,5440.0679271630215,48.01621016016766,104.59033588935745,163.88255339150993,-59.29221750215248,190.66214285714295,-0.0285820648577102,5636.4,0.0105263157894737,5802.24,-0.0316324190131818,5741.8,-0.0093055498246338,6002.37,0.0110433098127988,5913.38,5734.3279999999995,143.21954726934368,0.2660917295486665,5929.36,5561.84,5873.783,179.4718109125301,0.3128503844540463,6058.75,5561.84,5786.6095000000005,173.27078641848928,0.25776456048211427,6058.75,5551.98,5401.2182,367.52408126951445,0.2398772208322667,6058.75,4860.55,3,6,2,0.961156960738242,1.0297380690894824,0.021156667577632383,0.002903129248756245,5622.1,0.010834543963868182
2022-06-10,AMZN,5571.11,5756.94,5487.27,5622.1,4425862,5622.1,0.0108345439638681,5790.115500000001,5411.1818,5021.32065,0.2594792702700874,6127.972235659722,5452.258764340279,46.30319975097217,84.75047006319528,148.056136725847,-63.30566666265173,199.8842857142857,-0.0132283017528918,5561.84,-0.0285820648577102,5636.4,0.0105263157894737,5802.24,-0.0121635287394812,5929.36,0.02334536255069,6051.43,5672.876,97.1123786138179,0.3251579749459186,5802.24,5561.84,5830.85,183.55883985493486,0.2851414374019341,6058.75,5561.84,5790.115500000001,168.92836782986083,0.2594792702700867,6058.75,5561.84,5411.1818,366.6047857258307,0.2370475100252437,6058.75,4860.55,4,6,2,0.9709823577783601,1.0389782135944796,0.047966062503326364,0.009152574621572996,5696.71,0.013270841856245719
2022-06-13,AMZN,5641.53,5766.12,5627.29,5696.71,4724035,5696.71,0.0132708418562457,5792.7865,5421.3728,5025.5485,0.2571668565060363,6126.575986402356,5458.997013597645,45.51186066621708,74.19239319012559,133.28338801870274,-59.09099482857715,192.0142857142857,0.0108345439638681,5622.1,-0.0132283017528918,5561.84,-0.0285820648577102,5636.4,-0.0316324190131818,5741.8,-0.0025068454894132,6036.26,5663.858,91.01397760802013,0.29548784201298156,5802.24,5561.84,5796.895,172.40632897960256,0.302841898856041,6058.75,5561.84,5792.7865,166.894743201178,0.25716685650603555,6058.75,5561.84,5421.3728,367.3318618285502,0.23726562798788814,6058.75,4860.55,0,6,2,0.9834144586545726,1.0507873577701479,0.02437020666313987,0.009781034577497684,5631.33,-0.011476799766882984
2022-06-14,AMZN,5628.74,5659.89,5602.77,5631.33,2585691,5631.33,-0.0114767997668829,5791.67,5429.6182,5029.7801,0.2606339470698198,6127.561692381106,5455.778307618894,41.610986806124096,59.85939970620893,118.59859035620397,-58.73919064999504,189.64499999999992,0.0132708418562457,5696.71,0.0108345439638681,5622.1,-0.0132283017528918,5561.84,0.0105263157894737,5802.24,-0.0196943140288854,5917.38,5629.676,47.95994088853732,0.2802678705389161,5696.71,5561.84,5768.29,173.91829314045611,0.2948437467605243,6058.75,5561.84,5791.67,167.94584619055274,0.260633947069819,6058.75,5561.84,5429.6182,367.32497886295994,0.23896845188715157,6058.75,4860.55,1,6,2,0.9723154116168613,1.0371502732915847,0.010143252126937995,0.00046013850346608395,5618.8,-0.0022250516307870116
2022-06-15,AMZN,5573.35,5734.74,5502.87,5618.8,2962056,5618.8,-0.002225051630787,5790.413500000001,5435.152999999999,5033.4673,0.2606824481911491,6128.810865690741,5452.01613430926,38.16034854141808,46.948143846089806,104.26850105418114,-57.32035720809134,190.91928571428556,-0.0114767997668829,5631.33,0.0132708418562457,5696.71,0.0108345439638681,5622.1,-0.0285820648577102,5636.4,0.0238906407903498,6058.75,5626.156000000001,47.988922993039466,0.1949985543428738,5696.71,5561.84,5724.295,145.62234354277373,0.24935932431512295,6002.37,5561.84,5790.413500000001,169.1986828453701,0.2606824481911484,6058.75,5561.84,5435.152999999999,368.0629376983275,0.23375144827769212,6058.75,4860.55,2,6,2,0.970362479294273,1.033788745229245,0.0412668185377587,0.008154879919615969,5532.28,-0.015398305688047342
2022-06-16,AMZN,5498.42,5637.31,5427.25,5532.28,5722915,5532.28,-0.0153983056880473,5787.187,5438.847,5037.34425,0.2648113035229324,6134.470616483719,5439.903383516281,28.23288693562712,29.395585621254213,89.29391796759576,-59.89833234634155,193.342857142857,-0.002225051630787,5618.8,-0.0114767997668829,5631.33,0.0132708418562457,5696.71,-0.0132283017528918,5561.84,-0.0093055498246338,6002.37,5620.244000000001,58.55156641825799,0.2042649861919853,5696.71,5532.28,5677.286,119.39588502122157,0.25251993044801424,5929.36,5532.28,5787.187,173.64180824185974,0.26481130352293164,6058.75,5532.28,5438.847,368.09294304478016,0.23667428786604916,6058.75,4860.55,3,6,2,0.9559532118106852,1.0171788248500064,0.037969878603389996,0.006158132699938076,5478.97,-0.009636171704975105
2022-06-17,AMZN,5516.97,5520.45,5437.49,5478.97,5591111,5478.97,-0.0096361717049751,5780.405000000001,5444.895399999999,5041.10235,0.2663860360039623,6146.658596785084,5414.151403214917,27.35790029627998,11.055939312665942,73.6463222366098,-62.590382923943864,185.2885714285713,-0.0153983056880473,5532.28,-0.002225051630787,5618.8,-0.0114767997668829,5631.33,0.0108345439638681,5622.1,-0.0121635287394812,5929.36,5591.618,85.98081570926536,0.17978334827064948,5696.71,5478.97,5632.247,96.49479859903055,0.25167253888303903,5802.24,5478.97,5780.405000000001,183.12679839254164,0.26638603600396155,6058.75,5478.97,5444.895399999999,366.17463501363346,0.22582967516729302,6058.75,4860.55,4,6,2,0.9478522698667396,1.006258081651852,0.015141532076281652,-0.006887838795569508,5506.32,0.0049918141548501715
2022-06-20,AMZN,5514.14,5642.32,5370.33,5506.32,5343143,5506.32,0.0049918141548501,5769.856,5454.5922,5044.83815,0.2575932168556114,6155.407629331422,5384.304370668578,31.95712479769695,-1.2569566762585964,58.66566645403613,-59.922623130294724,188.04857142857125,-0.0096361717049751,5478.97,-0.0153983056880473,5532.28,-0.002225051630787,5618.8,0.0132708418562457,5696.71,-0.0316324190131818,5741.8,5553.54,68.10387764312172,0.12891898015815356,5631.33,5478.97,5608.699,95.51723630959506,0.2194734686405175,5802.24,5478.97,5769.856,192.7758146657112,0.2575932168556105,6058.75,5478.97,5454.5922,361.1178869943803,0.2143416544489041,6058.75,4860.55,0,6,2,0.9543253765776902,1.009483348727516,0.04939596681630388,-0.0014181721900421824,5457.85,-0.008802612270990329
2022-06-21,AMZN,5472.44,5551.52,5364.19,5457.85,3256091,5457.85,-0.0088026122709903,5752.218,5461.9616000000005,5048.30385,0.249524546980189,6161.467030946487,5342.968969053512,21.28233067586359,-14.756040921983185,43.98132497883227,-58.737365900815455,185.97642857142844,0.0049918141548501,5506.32,-0.0096361717049751,5478.97,-0.0153983056880473,5532.28,-0.0114767997668829,5631.33,0.0105263157894737,5802.24,5518.844,62.52755896425202,0.12404625865274262,5618.8,5457.85,5574.26,78.56259839559445,0.2043526615913318,5696.71,5457.85,5752.218,204.62451547324366,0.24952454698018825,6058.75,5457.85,5461.9616000000005,357.2518561232258,0.21399407346118532,6058.75,4860.55,1,6,2,0.9488253052994604,0.999247230152442,0.034323039292022774,-0.0026660867912661574,5434.93,-0.004199455829676513
2022-06-22,AMZN,5400.96,5516.54,5353.33,5434.93,5757430,5434.93,-0.0041994558296765,5731.525,5469.8932,5051.321,0.2469558987392975,6161.539485215146,5301.5105147848535,21.98546546041723,-26.99246258547646,29.786567465970528,-56.77903005144699,189.61642857142846,-0.0088026122709903,5457.85,0.0049918141548501,5506.32,-0.0096361717049751,5478.97,-0.002225051630787,5618.8,-0.0285820648577102,5636.4,5482.07,38.49514449936042,0.12079561485058207,5532.28,5434.93,5554.113,86.30771177723936,0.1610651600072368,5696.71,5434.93,5731.525,215.00724260757306,0.24695589873929666,6058.75,5434.93,5469.8932,352.0190727754593,0.21277790178508524,6058.75,4860.55,2,6,2,0.9482519922706526,0.9936080653273095,0.030029825591124448,0.006289622585613291,5294.51,-0.025836579311969032
2022-06-23,AMZN,5329.31,5361.46,5227.57,5294.51,2513802,5294.51,-0.025836579311969,5700.5815,5474.201800000001,5054.28295,0.2526872911460011,6163.318219154415,5237.844780845586,20.613421961090708,-47.47339166558777,14.33457563965887,-61.80796730524664,191.0842857142856,-0.0041994558296765,5434.93,-0.0088026122709903,5457.85,0.0049918141548501,5506.32,-0.0153983056880473,5532.28,-0.0132283017528918,5561.84,5434.5160000000005,82.5807173620142,0.17788480673349827,5506.32,5294.51,5527.38,118.89709285297808,0.19171698712115173,5696.71,5294.51,5700.5815,231.368359577207,0.2526872911460003,6058.75,5294.51,5474.201800000001,348.4382081528306,0.2209362698050602,6058.75,4860.55,3,6,2,0.9287666530158495,0.9671747943232623,0.02528845917752068,-0.0065299260129348165,5404.61,0.020795125516808843
2022-06-24,AMZN,5444.38,5528.77,5280.45,5404.61,6154837,5404.61,0.0207951255168088,5668.2405,5480.484200000001,5057.08125,0.2489755337563532,6117.961042862715,5218.519957137285,33.18606576132214,-54.19579032760521,0.6285024462060544,-54.824292773811266,186.53928571428565,-0.025836579311969,5294.51,-0.0041994558296765,5434.93,-0.0088026122709903,5457.85,-0.0096361717049751,5478.97,0.0108345439638681,5622.1,5419.644,79.20010782836289,0.27333859173183545,5506.32,5294.51,5505.630999999999,119.53570953671232,0.2190960013861949,5696.71,5294.51,5668.2405,224.86027143135726,0.2489755337563525,6058.75,5294.51,5480.484200000001,344.18448143629547,0.2253857938639795,6058.75,4860.55,4,6,2,0.9534898880876783,0.9861555663273351,0.04594596094814513,-0.007304780342296667,5455.48,0.009412335025098972
2022-06-27,AMZN,5458.03,5509.38,5401.59,5455.48,3603645,5455.48,0.0094123350250989,5639.2015,5488.0702,5059.89925,0.2544232642317077,6063.129025895263,5215.273974104737,32.54223976432765,-54.78700534397103,-10.454599111829364,-44.332406232141665,184.72999999999996,0.0207951255168088,5404.61,-0.025836579311969,5294.51,-0.0041994558296765,5434.93,0.0049918141548501,5506.32,0.0132708418562457,5696.71,5409.476000000001,67.7221845485209,0.28272450168146446,5457.85,5294.51,5481.508,99.32204631623978,0.21137278964385925,5631.33,5294.51,5639.2015,211.96376294763135,0.2544232642317069,6058.75,5294.51,5488.0702,339.23596206340176,0.22590988818059485,6058.75,4860.55,0,6,2,0.9674206534380855,0.994061628438901,0.01975811477633136,-0.00046720153608531187,5534.94,0.014565171167340019
2022-06-28,AMZN,5580.61,5594.25,5475.63,5534.94,7845675,5534.94,0.01456517116734,5620.0795,5497.4024,5062.5038,0.2570916326539013,6025.261269241116,5214.897730758884,44.40535533038324,-48.28716519617774,-18.02111232869904,-30.2660528674787,178.7507142857143,0.0094123350250989,5455.48,0.0207951255168088,5404.61,-0.025836579311969,5294.51,-0.0088026122709903,5457.85,-0.0114767997668829,5631.33,5424.893999999999,87.40391141147215,0.2943110116905925,5534.94,5294.51,5471.869,87.09067030655635,0.22629928435419372,5618.8,5294.51,5620.0795,202.5908846205578,0.2570916326539005,6058.75,5294.51,5497.4024,333.82848170607576,0.2276660521259227,6058.75,4860.55,1,6,2,0.9848508370742824,1.0068282430987756,0.021431126624674966,-0.008183693180493152,5666.08,0.023693120431296455
2022-06-29,AMZN,5705.15,5708.28,5623.87,5666.08,2176498,5666.08,0.0236931204312964,5600.446,5510.905400000001,5065.36165,0.2568162878023981,5950.421342313517,5250.470657686483,55.41034318021078,-32.18310621774981,-20.853511106509195,-11.329595111240614,181.6042857142858,0.01456517116734,5534.94,0.0094123350250989,5455.48,0.0207951255168088,5404.61,-0.0041994558296765,5434.93,-0.002225051630787,5618.8,5471.124000000001,139.59018206889118,0.3173529141851887,5666.08,5294.51,5476.597,96.70615148192633,0.2593853017956777,5666.08,5294.51,5600.446,174.98767115675864,0.25681628780239735,6002.37,5294.51,5510.905400000001,326.4981981086323,0.22938247831636369,6058.75,4860.55,2,6,2,1.011719423774283,1.0281577324842068,0.014897424674551886,-0.006848198557442462,5583.59,-0.014558566063310074
2022-06-30,AMZN,5609.42,5696.28,5470.9,5583.59,8098314,5583.59,-0.01455856606331,5579.507,5522.7682,5067.80755,0.2591337281127306,5873.934331619032,5285.079668380968,48.04630822704358,-25.779605807669213,-21.8387300467412,-3.9408757609280123,178.44071428571442,0.0236931204312964,5666.08,0.01456517116734,5534.94,0.0094123350250989,5455.48,-0.025836579311969,5294.51,-0.0153983056880473,5532.28,5528.94,103.30092279369197,0.24144030128955565,5666.08,5404.61,5481.728,101.24357404025835,0.2579327855697539,5666.08,5294.51,5579.507,147.2136658095158,0.2591337281127298,5929.36,5294.51,5522.7682,317.86358008046705,0.2325467258268158,6058.75,4860.55,3,6,2,1.0007317850840585,1.0110129192094262,0.040364711592355405,-0.0046047541457040694,5548.72,-0.006245086046790638
2022-07-01,AMZN,5574.7,5642.56,5454.89,5548.72,3461522,5548.72,-0.0062450860467906,5560.475,5534.959599999999,5070.6565,0.2573495141255417,5804.593945080997,5316.356054919003,42.176712516424224,-23.25048604697713,-22.12108124678839,-1.1294048001887411,181.5585714285716,-0.01455856606331,5583.59,0.0236931204312964,5666.08,0.01456517116734,5534.94,0.0207951255168088,5404.61,-0.0096361717049751,5478.97,5557.762,76.58995312721694,0.24703691393851862,5666.08,5455.48,5488.7029999999995,103.41188778107313,0.25454122573215443,5666.08,5294.51,5560.475,122.0594725404985,0.25734951412554097,5802.24,5294.51,5534.959599999999,306.5095564775448,0.23159393427599828,6058.75,4860.55,4,7,3,0.9978859719716394,1.0024860886065001,0.033822214853149235,-0.00466034046675066,5363.67,-0.03335003388168811
2022-07-04,AMZN,5321.34,5455.83,5271.52,5363.67,3436668,5363.67,-0.0333500338816881,5541.568499999999,5544.0912,5072.8268,0.2599268990798931,5785.128119613769,5298.00888038623,37.43969967102377,-35.76584251883378,-24.85003350119747,-10.91580901763631,194.6485714285716,-0.0062450860467906,5548.72,-0.01455856606331,5583.59,0.0236931204312964,5666.08,0.0094123350250989,5455.48,0.0049918141548501,5506.32,5539.4,110.66657738463137,0.3625295147521307,5666.08,5363.67,5474.438,110.31981637242377,0.3067342213971786,5666.08,5294.51,5541.568499999999,121.77980980688454,0.25992689907989225,5802.24,5294.51,5544.0912,293.96681365270206,0.24441248586065875,6058.75,4860.55,0,7,3,0.9678974463636121,0.9674570288452384,0.03436266586124148,0.0079547632739107,5676.67,0.05835556624475413
2022-07-05,AMZN,5650.65,5729.86,5623.48,5676.67,4324211,5676.67,0.0583555662447541,5535.29,5560.034600000001,5075.8419,0.337480711182038,5755.954314049246,5314.625685950754,52.11827492497664,-20.1950723185073,-23.919041264659437,3.7239689461521372,204.2428571428573,-0.0333500338816881,5363.67,-0.0062450860467906,5548.72,-0.01455856606331,5583.59,0.01456517116734,5534.94,-0.0088026122709903,5457.85,5567.746,126.28741833622846,0.5709466842899428,5676.67,5363.67,5496.32,127.09076275551492,0.4287915279931489,5676.67,5294.51,5535.29,110.33215702462296,0.33748071118203726,5696.71,5294.51,5560.034600000001,278.39166228428627,0.27462450122644416,6058.75,4860.55,1,7,3,1.0255415705408342,1.0209774593846912,0.018739859812175335,0.0046047799810633875,5662.47,-0.002501466528792351
2022-07-06,AMZN,5613.42,5764.53,5560.41,5662.47,3026669,5662.47,-0.0025014665287923,5536.5935,5576.073,5078.14055,0.321402437255237,5760.062819997372,5313.124180002628,55.03188652203424,-8.898371194964056,-20.91490725072036,12.016536055756305,203.81857142857157,0.0583555662447541,5676.67,-0.0333500338816881,5363.67,-0.0062450860467906,5548.72,0.0236931204312964,5666.08,-0.0041994558296765,5434.93,5567.024,125.59309527211101,0.5484308697092253,5676.67,5363.67,5519.0740000000005,135.00131811702457,0.4279370773681336,5676.67,5294.51,5536.5935,111.7346599986857,0.3214024372552362,5696.71,5294.51,5576.073,259.74660947872593,0.2744592328442124,6058.75,4932.22,2,7,3,1.0227353696815518,1.015494237611126,0.03604787310130805,0.008737988605875106,5770.42,0.01906411866199731
2022-07-07,AMZN,5713.72,5887.61,5653.23,5770.42,3885931,5770.42,0.0190641186619973,5547.0225,5592.6248,5081.2626,0.3236435037541752,5793.714388022039,5300.330611977961,60.808134747827765,8.665122519436409,-14.998901296689006,23.664023816125415,213.78928571428585,-0.0025014665287923,5662.47,0.0583555662447541,5676.67,-0.0333500338816881,5363.67,-0.01455856606331,5583.59,-0.025836579311969,5294.51,5604.389999999999,155.8917196326694,0.542803238008736,5770.42,5363.67,5566.665,130.86251982307644,0.3972710212051906,5770.42,5363.67,5547.0225,123.34594401101958,0.32364350375417444,5770.42,5294.51,5592.6248,244.49125483492236,0.2750497668450278,6058.75,4932.22,3,7,3,1.0402734079407392,1.0317910116192612,0.040617494047220044,0.009923482424758281,5644.3,-0.021856294689121425
2022-07-08,AMZN,5605.73,5712.92,5575.68,5644.3,2977975,5644.3,-0.0218562946891214,5548.1325,5606.8664,5085.0222,0.3325390523138012,5796.441244647686,5299.823755352313,54.76759774939068,12.266091982064609,-9.545902640938284,21.811994623002892,208.27142857142871,0.0190641186619973,5770.42,-0.0025014665287923,5662.47,0.0583555662447541,5676.67,-0.0062450860467906,5548.72,0.0207951255168088,5404.61,5623.506,153.19551635094106,0.577147022548632,5770.42,5363.67,5590.634,119.32459578812987,0.4187008757144508,5770.42,5363.67,5548.1325,124.1543723238433,0.33253905231380054,5770.42,5294.51,5606.8664,225.21723656944954,0.280541932040761,6058.75,5024.9,4,7,3,1.0173333099018422,1.0066763852263347,0.024314795457359716,0.006880459815223662,5747.52,0.018287475860602864
2022-07-11,AMZN,5791.26,5868.38,5626.67,5747.52,3021849,5747.52,0.0182874758606028,5550.673000000001,5621.3188,5089.38675,0.3355766224727184,5806.31373228713,5295.032267712872,59.64402953713519,23.18165390313152,-3.000391332124323,26.182045235255842,212.15571428571437,-0.0218562946891214,5644.3,0.0190641186619973,5770.42,-0.0025014665287923,5662.47,-0.0333500338816881,5363.67,0.0094123350250989,5455.48,5700.276,55.38958774024222,0.4741838060903025,5770.42,5644.3,5619.838,118.30427322046633,0.42386127272768037,5770.42,5363.67,5550.673000000001,127.8203661435648,0.33557662247271763,5770.42,5294.51,5621.3188,209.76528816979928,0.28039713669242755,6058.75,5166.91,0,7,3,1.035463627563534,1.0224504612688001,0.04205466009686925,-0.007552760539155939,5944.07,0.03419735816491265
2022-07-12,AMZN,5913.15,6015.25,5872.88,5944.07,4860050,5944.07,0.0341973581649126,5566.31,5636.861999999999,5094.8554,0.352419800277552,5875.396329824373,5257.223670175626,65.19421763780696,47.14875621846113,7.029438177992768,40.119318040468364,219.62142857142862,0.0182874758606028,5747.52,-0.0218562946891214,5644.3,0.0190641186619973,5770.42,0.0583555662447541,5676.67,0.01456517116734,5534.94,5753.756,119.21592272022951,0.3465122671499858,5944.07,5644.3,5660.751,151.70991811495006,0.4464161627667846,5944.07,5363.67,5566.3099999999995,154.54316491218705,0.3524198002775512,5944.07,5294.51,5636.861999999999,204.12449963441352,0.28346447730591445,6058.75,5248.02,1,7,3,1.0678654261079479,1.054499826321621,0.023951602185030785,0.005229023447738489,5938.74,-0.0008966919972341891
2022-07-13,AMZN,5994.58,6058.48,5819.0,5938.74,2788958,5938.74,-0.0008966919972341,5582.307,5650.6764,5100.401650000001,0.3521931775348931,5933.131301870966,5231.482698129033,70.91180575778702,64.9639075342493,18.616332049244075,46.34757548500522,221.91571428571427,0.0341973581649126,5944.07,0.0182874758606028,5747.52,-0.0218562946891214,5644.3,-0.0025014665287923,5662.47,0.0236931204312964,5666.08,5809.01,129.87558354070097,0.3432001153261151,5944.07,5644.3,5688.017,175.42273753865518,0.43844983576677604,5944.07,5363.67,5582.307,175.41215093548337,0.3521931775348923,5944.07,5294.51,5650.6764,200.6145710494803,0.282074679104769,6058.75,5294.51,2,7,3,1.0638504833214897,1.0509786049682386,0.04032505211542503,-0.009315081290097192,5832.75,-0.017847220117398588
2022-07-14,AMZN,5844.1,5865.85,5799.65,5832.75,2941785,5832.75,-0.0178472201173985,5597.3305,5661.3364,5105.18255,0.353992976916393,5964.488551638873,5230.172448361127,63.93467166530292,69.72627500349427,28.838320640094114,40.887954363400155,214.11357142857136,-0.0008966919972341,5938.74,0.0341973581649126,5944.07,0.0182874758606028,5747.52,0.0190641186619973,5770.42,-0.01455856606331,5583.59,5821.476,128.2264232911377,0.37838872894927855,5944.07,5644.3,5712.933,176.6329540192199,0.44285656848822497,5944.07,5363.67,5597.3305,183.57902581943642,0.35399297691639214,5944.07,5294.51,5661.3364,195.68736923100226,0.2852630686400166,6058.75,5294.51,3,7,3,1.042059245920704,1.0302779393217067,0.011349706399209528,-0.0019421296692387912,5819.29,-0.002307659337362322
2022-07-15,AMZN,5788.71,5912.54,5726.05,5819.29,2309839,5819.29,-0.0023076593373623,5614.3465,5671.081800000001,5109.5039,0.3515029200196089,5989.857335853315,5238.835664146684,62.13646644324581,71.58914096938679,37.38848470595265,34.20065626343414,219.73499999999993,-0.0178472201173985,5832.75,-0.0008966919972341,5938.74,0.0341973581649126,5944.07,-0.0218562946891214,5644.3,-0.0062450860467906,5548.72,5856.474,84.04939934371494,0.32054457209877707,5944.07,5747.52,5739.99,169.2525705040325,0.4405617974005301,5944.07,5363.67,5614.3465,187.75541792665766,0.3515029200196081,5944.07,5294.51,5671.081800000001,191.03024574802436,0.28527838455032967,6058.75,5294.51,4,7,3,1.0365035360747619,1.0261340261392407,0.03204686482371006,0.005282696835736225,5591.71,-0.039107863674090804
2022-07-18,AMZN,5591.39,5728.09,5455.32,5591.71,3269777,5591.71,-0.0391078636740908,5618.616,5674.5812,5112.237,0.3821238778369796,5990.883011157163,5246.348988842837,51.72348887293233,54.07829076067719,40.72644591689756,13.35184484377963,235.82071428571422,-0.0023076593373623,5819.29,-0.0178472201173985,5832.75,-0.0008966919972341,5938.74,0.0182874758606028,5747.52,-0.0333500338816881,5363.67,5825.312,142.85557084005558,0.42660292434229385,5944.07,5591.71,5762.794,121.55834695962177,0.45533788910260686,5944.07,5591.71,5618.616,186.13350557858175,0.3821238778369789,5944.07,5294.51,5674.5812,187.8521469257996,0.2978576094756744,6058.75,5294.51,0,7,3,0.995211276228702,0.9853960676426684,0.04878114208354003,5.723084957401499e-05,5588.95,-0.0004935878291256746
2022-07-19,AMZN,5557.55,5726.57,5451.32,5588.95,6759407,5588.95,-0.0004935878291256,5625.171,5677.830599999999,5114.74835,0.3804188515571844,5990.062609105894,5260.279390894107,47.46043975538536,39.522515916124576,40.48565991674297,-0.9631440006183922,243.0999999999999,-0.0391078636740908,5591.71,-0.0023076593373623,5819.29,-0.0178472201173985,5832.75,0.0341973581649126,5944.07,0.0583555662447541,5676.67,5754.288,156.66233280541792,0.2654609096332419,5938.74,5588.95,5754.022,131.24311561204198,0.342417292991156,5944.07,5588.95,5625.171,182.445804552947,0.3804188515571837,5944.07,5294.51,5677.830599999999,184.85424998183427,0.2978628619524231,6058.75,5294.51,1,7,3,0.9935609068593658,0.9843460282170122,0.0492489644745347,0.005649971660172915,5673.22,0.015077966344304361
2022-07-20,AMZN,5728.13,5733.55,5612.88,5673.22,2851715,5673.22,0.0150779663443043,5637.085499999999,5680.804,5118.4876,0.3827631924730288,5991.225205556549,5282.94579444345,52.94767652136596,34.39041293630635,39.26661052065565,-4.876197584349299,237.32999999999993,-0.0004935878291256,5588.95,-0.0391078636740908,5591.71,-0.0023076593373623,5819.29,-0.0008966919972341,5938.74,-0.0025014665287923,5662.47,5701.184,118.97652323056656,0.3254884840351922,5832.75,5588.95,5755.097,130.4515392396742,0.3519943247319621,5944.07,5588.95,5637.085499999999,177.06985277827476,0.3827631924730281,5944.07,5294.51,5680.804,183.5293366416998,0.297042598016653,6058.75,5294.51,2,7,3,1.0064101387142335,0.9986649777036843,0.021270107628468274,-0.009586025456822779,5670.63,-0.0004565308590183115
2022-07-21,AMZN,5710.02,5749.05,5592.22,5670.63,2985123,5670.63,-0.0004565308590183,5655.8915,5682.476399999999,5122.36005,0.3682375418354128,5971.257576357216,5340.525423642784,54.09624547181426,29.77101130896881,37.36749067831828,-7.596479369349474,235.1271428571428,0.0150779663443043,5673.22,-0.0004935878291256,5588.95,-0.0391078636740908,5591.71,-0.0178472201173985,5832.75,0.0190641186619973,5770.42,5668.76,93.52674483821363,0.31883900303359947,5819.29,5588.95,5745.118,132.94213952777534,0.336322263823915,5944.07,5588.95,5655.8915,157.68303817860786,0.3682375418354121,5944.07,5363.67,5682.476399999999,183.03753394222886,0.2960552741993935,6058.75,5294.51,3,7,3,1.0026058668202877,0.9979152751076983,0.027656539044157748,-0.006898399655341562,5642.77,-0.004913034354207535
2022-07-22,AMZN,5589.3,5678.09,5589.3,5642.77,4322626,5642.77,-0.0049130343542075,5667.799499999999,5684.2922,5125.05175,0.3636791976058882,5960.37738609297,5375.221613907029,60.485543399219495,23.590101073203186,34.61201275729527,-11.021911684092082,221.66928571428565,-0.0004565308590183,5670.63,0.0150779663443043,5673.22,-0.0004935878291256,5588.95,-0.0023076593373623,5819.29,-0.0218562946891214,5644.3,5633.456,41.15016743624459,0.3177520911742139,5673.22,5588.95,5744.964999999999,133.07187784134737,0.31791612388069374,5944.07,5588.95,5667.799499999999,146.28894304648503,0.3636791976058874,5944.07,5363.67,5684.2922,182.16479610489588,0.2959121196398149,6058.75,5294.51,4,7,3,0.9955839122394865,0.9926952734764423,0.01573517970783573,0.009566493120782688,5697.68,0.009731036352713218
2022-07-25,AMZN,5748.7,5825.69,5569.67,5697.68,3448625,5697.68,0.0097310363527132,5679.9095,5685.38,5127.8407,0.3637623816599359,5955.012877505335,5404.806122494664,50.97922240073668,22.858959423264423,32.2614020904891,-9.402442667224676,213.79999999999993,-0.0049130343542075,5642.77,-0.0004565308590183,5670.63,0.0150779663443043,5673.22,-0.0391078636740908,5591.71,0.0182874758606028,5747.52,5654.65,41.561432242305834,0.13158594199318863,5697.68,5588.95,5739.981,133.89633746961874,0.30696381472386686,5944.07,5588.95,5679.9095,137.55168875266773,0.3637623816599351,5944.07,5363.67,5685.38,182.07732834688198,0.2944306486099487,6058.75,5294.51,0,7,3,1.0031286590039854,1.0021634437801867,0.04493407843191519,-0.008875050011305277,5761.05,0.011122070737563439
2022-07-26,AMZN,5786.52,5855.36,5666.73,5761.05,9752816,5761.05,0.0111220707375634,5691.215,5687.527799999999,5130.7709,0.3624408406396695,5959.739315355147,5422.690684644854,54.39320474815367,27.080783379315108,31.225278348254303,-4.1444949689391954,212.69357142857137,0.0097310363527132,5697.68,-0.0049130343542075,5642.77,-0.0004565308590183,5670.63,-0.0004935878291256,5588.95,0.0341973581649126,5944.07,5689.070000000001,44.69395540823224,0.13359220486897777,5761.05,5642.77,5721.679,113.91810581388049,0.2500959310530944,5938.74,5588.95,5691.215,134.26215767757307,0.36244084063966875,5944.07,5363.67,5687.527799999999,182.32873762637655,0.2954064816101607,6058.75,5294.51,1,7,3,1.0122706662810994,1.0129269170339683,0.03274229524131319,-0.0044016092573767734,5592.51,-0.029255083708698892
2022-07-27,AMZN,5545.8,5663.55,5521.48,5592.51,3748227,5592.51,-0.0292550837086988,5687.5365,5686.4994,5132.68555,0.3695536985659357,5959.504181615418,5415.568818384582,42.477696502816215,16.635080970188937,28.307238872641232,-11.672157902452295,213.0642857142857,0.0111220707375634,5761.05,0.0097310363527132,5697.68,-0.0049130343542075,5642.77,0.0150779663443043,5673.22,-0.0008966919972341,5938.74,5672.928,62.76939716161408,0.25849976456977164,5761.05,5592.51,5687.0560000000005,90.90755074372254,0.28188480010842587,5832.75,5588.95,5687.5365,135.98384080770884,0.3695536985659349,5944.07,5363.67,5686.4994,182.72424821946004,0.30286602160158826,6058.75,5294.51,2,7,3,0.9832921511798678,0.9834714833521334,0.0254036201991548,0.008422590068158176,5602.51,0.0017881058773252523
2022-07-28,AMZN,5621.63,5643.16,5561.87,5602.51,4573970,5602.51,0.0017881058773252,5688.4825,5686.613399999999,5134.44975,0.3657819381410861,5959.055858775499,5417.909141224502,48.04065902058967,9.059273316654071,24.4576457614438,-15.398372444789729,204.96071428571426,-0.0292550837086988,5592.51,0.0111220707375634,5761.05,0.0097310363527132,5697.68,-0.0004565308590183,5670.63,-0.0178472201173985,5832.75,5659.304000000001,70.33017830229025,0.26024206134977,5761.05,5592.51,5664.032000000001,78.17209203631195,0.2756400004755985,5819.29,5588.95,5688.4825,135.28667938774942,0.3657819381410854,5944.07,5363.67,5686.613399999999,182.6689195618605,0.3022842612211317,6058.75,5294.51,3,7,3,0.9848865668478395,0.985210283505296,0.01450956803289694,-0.0034011487771334094,5854.74,0.04502089242143237
2022-07-29,AMZN,5871.94,5994.87,5714.6,5854.74,5834577,5854.74,0.0450208924214323,5703.7835,5691.416,5138.57255,0.3973013782874862,5975.686274672945,5431.880725327054,54.41074837033356,23.141483578795487,24.19441332491414,-1.0529297461186538,215.72142857142853,0.0017881058773252,5602.51,-0.0292550837086988,5592.51,0.0111220707375634,5761.05,-0.0049130343542075,5642.77,-0.0023076593373623,5819.29,5701.697999999999,110.36409819335928,0.42069779505868926,5854.74,5592.51,5667.577,86.36917416275226,0.3695894991412197,5854.74,5588.95,5703.7835,135.95138733647266,0.3973013782874854,5944.07,5363.67,5691.416,183.88980674433495,0.3185633975810927,6058.75,5294.51,4,7,3,1.026466029083848,1.0286965493295466,0.047870614237344726,-0.0029291852437179004,5716.8,-0.023560397216614182
2022-08-01,AMZN,5684.65,5806.01,5627.59,5716.8,5789960,5716.8,-0.0235603972166141,5721.4400000000005,5691.406000000001,5142.1091,0.3868085722742323,5941.215009929669,5501.664990070332,40.17703551899375,22.907073002652396,23.936945260461794,-1.029872257809398,212.82285714285712,0.0450208924214323,5854.74,0.0017881058773252,5602.51,-0.0292550837086988,5592.51,0.0097310363527132,5697.68,-0.0391078636740908,5591.71,5705.522,110.52120597439023,0.47354863143962156,5854.74,5592.51,5680.086,83.15919100670193,0.32847675792297854,5854.74,5588.95,5721.4400000000005,109.88750496483424,0.3868085722742314,5944.07,5588.95,5691.406000000001,183.88838402566623,0.320752435425524,6058.75,5294.51,0,8,3,0.9991890153526035,1.004461814883527,0.031209767702205578,0.005655581258299964,5709.09,-0.0013486565910999504
2022-08-02,AMZN,5738.6,5769.94,5648.24,5709.09,4391230,5709.09,-0.0013486565910999,5723.061,5689.3756,5145.6195,0.328046541994163,5941.921988315478,5504.200011684521,40.09454714800484,21.847325992823244,23.519021406934087,-1.671695414110843,204.41,-0.0235603972166141,5716.8,0.0450208924214323,5854.74,0.0017881058773252,5602.51,0.0111220707375634,5761.05,-0.0004935878291256,5588.95,5695.13,106.35923960819392,0.46499232611220453,5854.74,5592.51,5692.1,76.97846668603854,0.3287160714111692,5854.74,5592.51,5723.061,109.43049415773949,0.328046541994162,5944.07,5588.95,5689.3756,183.10412757588512,0.31863044910364924,6058.75,5294.51,1,8,3,0.997558823853005,1.0034651254171012,0.021316882375295974,-0.00514236921897241,5913.27,0.03576401843376087
2022-08-03,AMZN,5864.43,5984.25,5842.28,5913.27,3750328,5913.27,0.0357640184337608,5735.601000000001,5690.6652,5149.5618,0.3507568956557821,5968.156048550726,5503.045951449275,53.20184507655098,37.05593074588796,26.226403274724863,10.8295274711631,214.1292857142857,-0.0013486565910999,5709.09,-0.0235603972166141,5716.8,0.0450208924214323,5854.74,-0.0292550837086988,5592.51,0.0150779663443043,5673.22,5759.282000000001,124.22353951661383,0.4490709841732271,5913.27,5602.51,5716.1050000000005,103.34864039851895,0.3655352085487413,5913.27,5592.51,5735.601000000001,116.27752427536264,0.3507568956557811,5944.07,5588.95,5690.6652,184.4717528980662,0.328390876005672,6058.75,5294.51,2,8,3,1.0309765271327223,1.0391175358548523,0.02400871260740271,0.00832817511676187,6033.11,0.02026628244609152
2022-08-04,AMZN,6031.83,6095.93,5970.28,6033.11,8988138,6033.11,0.0202662824460915,5748.735500000001,5693.0598,5154.07645,0.3515394644196272,6016.568020683927,5480.902979316074,57.8392409326946,58.109100501184,32.60294272001669,25.50615778116731,213.85571428571424,0.0357640184337608,5913.27,-0.0013486565910999,5709.09,-0.0235603972166141,5716.8,0.0017881058773252,5602.51,-0.0004565308590183,5670.63,5845.402,136.9735309103151,0.4429282190771914,6033.11,5709.09,5752.353,141.97554273340353,0.3725779646606216,6033.11,5592.51,5748.735500000001,133.9162603419632,0.3515394644196262,6033.11,5588.95,5693.0598,188.1619692373705,0.33056969466402,6058.75,5294.51,3,8,3,1.0494673132898442,1.0597306566143816,0.020826737785317972,0.00021220757216293117,5978.73,-0.009013593320857716
2022-08-05,AMZN,5920.13,6080.59,5876.88,5978.73,3843526,5978.73,-0.0090135933208577,5765.457,5691.605799999999,5159.0636,0.3425991053376342,6047.231921756081,5483.68207824392,66.25342270076135,69.60353150033461,40.00306047608028,29.600471024254333,202.40857142857138,0.0202662824460915,6033.11,0.0357640184337608,5913.27,-0.0013486565910999,5709.09,0.0450208924214323,5854.74,-0.0049130343542075,5642.77,5870.2,149.71760584527118,0.37483622697360847,6033.11,5709.09,5785.949,152.5212891114621,0.37662982062074957,6033.11,5592.51,5765.457,140.8874608780402,0.3425991053376332,6033.11,5588.95,5691.605799999999,185.59963295051745,0.32708921140106534,6058.75,5294.51,4,8,3,1.0369915168908488,1.050446958220288,0.03407245351436943,0.00989843128444638,6002.09,0.003907184301682909
2022-08-08,AMZN,6058.36,6143.73,5860.44,6002.09,3352204,6002.09,0.0039071843016829,5778.1855,5690.9224,5163.96925,0.3379163014534055,6078.910729542316,5477.460270457684,67.0552684151499,79.67941297829839,47.9383309765239,31.741082001774487,202.98285714285709,-0.0090135933208577,5978.73,0.0202662824460915,6033.11,0.0357640184337608,5913.27,-0.0235603972166141,5716.8,0.0097310363527132,5697.68,5927.258,129.65992179560442,0.2858046608572039,6033.11,5709.09,5816.389999999999,162.96682123126223,0.3761711016879108,6033.11,5592.51,5778.1855,150.36261477115806,0.3379163014534045,6033.11,5588.95,5690.9223999999995,184.36346825430076,0.3271568664938276,6058.75,5294.51,0,8,3,1.0387499674420215,1.0546778849064862,0.04719855916854841,-0.009287992129881724,6002.99,0.00014994776819410305
2022-08-09,AMZN,6033.19,6135.86,5870.12,6002.99,3089331,6002.99,0.0001499477681941,5781.1315,5692.634599999999,5169.2354000000005,0.3163243948906801,6089.749888119348,5472.513111880653,64.61992711458075,86.73738948692153,55.69814267860343,31.039246808318097,211.6357142857142,0.0039071843016829,6002.09,-0.0090135933208577,5978.73,0.0202662824460915,6033.11,-0.0013486565910999,5709.09,0.0111220707375634,5761.05,5986.038,45.02610043124524,0.2822598695999578,6033.11,5913.27,5840.584000000001,171.5702678982189,0.37558627025836494,6033.11,5592.51,5781.1315,154.30919405967393,0.3163243948906791,6033.11,5588.95,5692.634599999999,186.88974670999468,0.3240022015284234,6058.75,5294.51,1,8,3,1.038376310934799,1.0545187635965507,0.04426793980998727,-0.005005643780486743,5923.81,-0.013190093603354214
2022-08-10,AMZN,5883.39,6007.97,5839.65,5923.81,2004857,5923.81,-0.0131900936033542,5780.385,5689.935799999999,5174.63725,0.3201248701846133,6087.46660749755,5473.30339250245,60.510627697735714,84.9623296063628,61.55098006415531,23.41134954220749,212.45642857142852,0.0001499477681941,6002.99,0.0039071843016829,6002.09,-0.0090135933208577,5978.73,0.0357640184337608,5913.27,-0.0292550837086988,5592.51,5988.145999999999,40.817651574345334,0.20702932265013646,6033.11,5923.81,5873.714,148.82394522089186,0.34251514831662155,6033.11,5602.51,5780.385,153.5408037487748,0.3201248701846122,6033.11,5588.95,5689.935799999999,182.4156778762184,0.3209086853798588,6033.11,5294.51,2,8,3,1.0248123611141775,1.0411031351177915,0.028414145625867842,0.006870188785715922,5917.01,-0.001147909875570008
2022-08-11,AMZN,5898.27,6044.4,5789.62,5917.01,5556345,5917.01,-0.00114790987557,5784.598,5688.2286,5180.3615,0.3131426364188667,6096.97095520127,5472.22504479873,61.58754035115671,82.06093135684932,65.65297032269412,16.407961034155207,224.3128571428571,-0.0131900936033542,5923.81,0.0001499477681941,6002.99,0.0039071843016829,6002.09,0.0202662824460915,6033.11,0.0017881058773252,5602.51,5964.926,41.85406169111524,0.11151048885747997,6002.99,5917.01,5905.164,114.39163190062817,0.34383543386793486,6033.11,5709.09,5784.598,156.1864776006349,0.31314263641886575,6033.11,5588.95,5688.2285999999995,179.8128467863396,0.32024688818690517,6033.11,5294.51,3,8,3,1.0228904411333297,1.0402201486766829,0.043058909821000246,0.003177202806924166,5888.37,-0.004840282507550309
2022-08-12,AMZN,5848.4,5967.64,5809.1,5888.37,1563719,5888.37,-0.0048402825075503,5788.052000000001,5687.4088,5185.7039,0.3136155845301129,6103.552134530151,5472.55186546985,58.24021018536876,76.567916416554,67.8359595414661,8.731956875087903,217.34999999999997,-0.00114790987557,5917.01,-0.0131900936033542,5923.81,0.0001499477681941,6002.99,-0.0090135933208577,5978.73,0.0450208924214323,5854.74,5946.854,52.5460148826047,0.10296527994024224,6002.99,5888.37,5908.527,113.23298008481807,0.2665297530886156,6033.11,5709.09,5788.052000000001,157.75006726507556,0.313615584530112,6033.11,5588.95,5687.4088,178.7815311380365,0.3192472270436183,6033.11,5294.51,4,8,3,1.0173319106322787,1.035334403955447,0.026924259175285015,0.00683434785582269,5901.45,0.0022213278037894746
2022-08-15,AMZN,5932.92,5960.73,5842.16,5901.45,3990853,5901.45,0.0022213278037894,5803.539,5690.6018,5190.554800000001,0.2759579054480647,6108.697655122076,5498.380344877924,56.34272393719726,72.43512218792876,68.75579207075863,3.6793301171701245,212.34571428571422,-0.0048402825075503,5888.37,-0.00114790987557,5917.01,-0.0131900936033542,5923.81,0.0039071843016829,6002.09,-0.0235603972166141,5716.8,5926.726000000001,44.802790984960325,0.0962950391160305,6002.99,5888.37,5926.992,91.45530126181194,0.22970380419723935,6033.11,5709.09,5803.539,152.57932756103813,0.2759579054480637,6033.11,5588.95,5690.6018,181.18230914096586,0.3109019174317501,6033.11,5294.51,0,8,3,1.0168709127308324,1.0370520038845386,0.020091672385596695,-0.005304302097448634,5823.58,-0.013195062230468735
2022-08-16,AMZN,5772.2,5967.23,5679.92,5823.58,3685293,5823.58,-0.0131950622304687,5815.2705000000005,5691.0286000000015,5194.7964,0.2816188109086849,6103.25047506976,5527.290524930241,61.37032407824036,62.15985466193524,67.43660458899396,-5.276749927058717,215.75571428571416,0.0022213278037894,5901.45,-0.0048402825075503,5888.37,-0.00114790987557,5917.01,0.0001499477681941,6002.99,-0.0013486565910999,5709.09,5890.844,40.045194219038116,0.11110445990372644,5923.81,5823.58,5938.441000000001,64.27252159532954,0.24365729041363254,6033.11,5823.58,5815.2705000000005,143.9899875348797,0.2816188109086838,6033.11,5592.51,5691.0286000000015,181.4755526460331,0.311620149073764,6033.11,5294.51,1,8,3,1.0014289103144898,1.0232912904354363,0.04933563203389498,0.008901285471742352,5692.35,-0.022534248692385073
2022-08-17,AMZN,5731.11,5755.41,5629.29,5692.35,9799000,5692.35,-0.022534248692385,5816.227000000001,5692.1476,5198.0925,0.2903308121662354,6102.341449172687,5530.112550827314,53.94956653177125,42.93256694599313,62.5357970603938,-19.603230114400667,223.82714285714272,-0.0131950622304687,5823.58,0.0022213278037894,5901.45,-0.0048402825075503,5888.37,-0.0131900936033542,5923.81,0.0357640184337608,5913.27,5844.552000000001,92.21284465863971,0.1586642537837758,5917.01,5692.35,5916.349,101.22870129343492,0.1873159555697632,6033.11,5692.35,5816.227000000001,143.05722458634335,0.29033081216623435,6033.11,5592.51,5692.1476,181.30424808507195,0.30902629512937424,6033.11,5294.51,2,8,3,0.9787014846564656,1.000035557756619,0.02215605154285624,-0.006763087778805946,5689.19,-0.0005551310091616024
2022-08-18,AMZN,5739.51,5754.47,5623.91,5689.19,1922514,5689.19,-0.0005551310091616,5817.155,5694.694600000001,5201.1528,0.2903345469833516,6101.3953393352,5532.914660664799,40.68132437145288,27.127112844375006,55.45406021719004,-28.326947372815034,205.1271428571428,-0.022534248692385,5692.35,-0.0131950622304687,5823.58,0.0022213278037894,5901.45,-0.00114790987557,5917.01,0.0202662824460915,6033.11,5798.987999999999,103.10144722571273,0.16030069472652528,5901.45,5689.19,5881.957,114.68082916899814,0.13425235968316881,6002.99,5689.19,5817.155,142.1201696676004,0.29033454698335054,6033.11,5592.51,5694.694600000001,180.32819313011166,0.3074615420752734,6033.11,5294.51,3,8,3,0.9780021333450839,0.9990333809997466,0.022948785327960124,-0.008767298950605861,5868.67,0.031547548948092974
2022-08-19,AMZN,5889.4,6014.18,5723.17,5868.67,2789473,5868.67,0.0315475489480929,5828.45,5699.626,5205.0594,0.3098099671555762,6101.235566989941,5555.664433010059,58.16672223269879,28.752274299296005,50.11370303361124,-21.361428734315233,212.1157142857143,-0.0005551310091616,5689.19,-0.022534248692385,5692.35,-0.0131950622304687,5823.58,-0.0048402825075503,5888.37,-0.0090135933208577,5978.73,5795.048000000001,99.13179974173904,0.3254396779630373,5901.45,5689.19,5870.951,109.52698484848419,0.22853534453649602,6002.99,5689.19,5828.45,136.3927834949704,0.3098099671555752,6033.11,5592.51,5699.626,181.66891466368432,0.31443254461873993,6033.11,5294.51,4,8,3,1.0069006339591131,1.029658788137848,0.04958704442402633,-0.0035198831799497475,5878.47,0.0016698843179119294
2022-08-22,AMZN,5844.72,5923.61,5833.33,5878.47,3788066,5878.47,0.0016698843179119,5837.489500000001,5703.2612,5208.68905,0.3085103127428021,6103.937398608268,5571.041601391733,59.08788496531041,30.47965407965603,46.1868932428202,-15.707239163164168,209.87142857142857,0.0315475489480929,5868.67,-0.0005551310091616,5689.19,-0.022534248692385,5692.35,0.0022213278037894,5901.45,0.0039071843016829,6002.09,5790.452,93.32829592377686,0.3251722787311102,5878.47,5689.19,5858.589,99.60831697202852,0.22725326800852264,6002.99,5689.19,5837.489500000001,133.22394930413387,0.308510312742801,6033.11,5592.51,5703.2612,183.41945196105354,0.3131897667352669,6033.11,5294.51,0,8,3,1.0070202267599784,1.0307208093500906,0.015357737642615235,0.005774442573809219,5844.58,-0.005765105546171045
2022-08-23,AMZN,5828.23,5962.71,5726.46,5844.58,3696116,5844.58,-0.005765105546171,5841.665999999999,5707.5262,5213.242200000001,0.3075215027981307,6105.676449426621,5577.655550573378,45.49047412634171,28.782192037719142,42.70595300179998,-13.923760964080842,207.09214285714285,0.0016698843179119,5878.47,0.0315475489480929,5868.67,-0.0005551310091616,5689.19,-0.0131950622304687,5823.58,0.0001499477681941,6002.99,5794.652,95.63584484928363,0.31103163041373627,5878.47,5689.19,5842.748,85.72020490461415,0.2276351460044131,5923.81,5689.19,5841.665999999999,132.0052247133107,0.30752150279812956,6033.11,5592.51,5707.5262,184.19042203914543,0.31229788918279533,6033.11,5294.51,1,8,3,1.0004988302992672,1.0240128201249388,0.04042206625625101,0.0028053113895638226,5925.57,0.01385728315807122
2022-08-24,AMZN,5922.87,6066.1,5785.04,5925.57,3210660,5925.57,0.0138572831580712,5858.319,5713.6616,5218.14625,0.2889759420025946,6096.954122654533,5619.683877345467,42.56046267004837,33.58501018676907,40.8817644387938,-7.2967542520247335,214.1207142857143,-0.005765105546171,5844.58,0.0016698843179119,5878.47,0.0315475489480929,5868.67,-0.022534248692385,5692.35,-0.0131900936033542,5923.81,5841.296,89.97273075792631,0.2369798381775385,5925.57,5689.19,5842.924,85.90673744112226,0.23276773885135196,5925.57,5689.19,5858.319,119.31756132726649,0.2889759420025936,6033.11,5602.51,5713.6616,186.27213307586277,0.31354636303883876,6033.11,5294.51,2,8,3,1.0114795728943724,1.037088020753445,0.04743172386790688,0.0004558600813455913,5909.82,-0.002657972144451959
2022-08-25,AMZN,5922.19,5999.86,5819.78,5909.82,3872495,5909.82,-0.0026579721444519,5873.684499999999,5721.2124,5223.4277,0.2896640121522515,6080.407841739959,5666.96115826004,44.96367649331344,35.70875648375386,39.84716284778581,-4.138406364031951,212.43285714285716,0.0138572831580712,5925.57,-0.005765105546171,5844.58,0.0016698843179119,5878.47,-0.0005551310091616,5689.19,-0.00114790987557,5917.01,5885.4220000000005,32.41972038806383,0.24225821115236298,5925.57,5844.58,5842.205,85.24531766222393,0.233122275708237,5925.57,5689.19,5873.684499999999,103.36167086997953,0.28966401215225046,6033.11,5689.19,5721.2124,186.42152009165932,0.31136359878137837,6033.11,5294.51,3,8,3,1.006152100951114,1.032966369156119,0.030471317231314906,-0.002088754329056954,6113.06,0.03439021831460187
2022-08-26,AMZN,6133.68,6143.94,6082.19,6113.06,2416860,6113.06,0.0343902183146018,5886.6005000000005,5733.894200000001,5229.20735,0.2709826630267471,6119.022230977687,5654.178769022314,56.42180067268909,53.17860037473929,42.51345035317651,10.66515002156278,208.9207142857143,-0.0026579721444519,5909.82,0.0138572831580712,5925.57,-0.005765105546171,5844.58,0.0315475489480929,5868.67,-0.0048402825075503,5888.37,5934.3,104.63900826194056,0.26005206547523685,6113.06,5844.58,5864.674000000001,120.91481934724916,0.2873173507629516,6113.06,5689.19,5886.6005000000005,116.21086548884348,0.27098266302674606,6113.06,5689.19,5733.894200000001,191.11477122383278,0.318856958573712,6113.06,5294.51,4,8,3,1.0384703361471466,1.0661271008451696,0.010101324050473886,-0.0033617665088489334,6113.78,0.0001177806205074905
2022-08-29,AMZN,6120.41,6190.21,6037.35,6113.78,4614352,6113.78,0.0001177806205074,5906.449500000001,5746.0434000000005,5235.0515000000005,0.2534840833902291,6145.523590826154,5667.375409173847,56.41272009447486,66.31721196596936,47.27420267573508,19.04300929023428,200.85785714285717,0.0343902183146018,6113.06,-0.0026579721444519,5909.82,0.0138572831580712,5925.57,0.0016698843179119,5878.47,0.0022213278037894,5901.45,5981.361999999999,124.31734641651808,0.2627639397737416,6113.78,5844.58,5885.907,144.4439391482617,0.28785458603329583,6113.78,5689.19,5906.449500000001,119.53704541307653,0.25348408339022815,6113.78,5689.19,5746.0434000000005,195.60794737417464,0.31884007626835853,6113.78,5294.51,0,8,3,1.0351023910386372,1.063998228763628,0.0250025352564166,-0.0010832607619422597,6192.52,0.012879102617366023
2022-08-30,AMZN,6174.11,6237.3,6147.74,6192.52,1580435,6192.52,0.012879102617366,5930.621,5760.7368,5241.27095,0.2549148579060366,6183.0589360016575,5678.183063998343,65.56133381100327,82.13649783413075,54.24666170741422,27.88983612671653,197.65785714285715,0.0001177806205074,6113.78,0.0343902183146018,6113.06,-0.0026579721444519,5909.82,-0.005765105546171,5844.58,-0.0131950622304687,5823.58,6050.95,125.98129543725038,0.23292667031405676,6192.52,5909.82,5922.801,171.36435143673648,0.2744842992790462,6192.52,5689.19,5930.621,126.21896800082854,0.25491485790603563,6192.52,5689.19,5760.7368,201.03569096702924,0.31867570429276504,6192.52,5294.51,1,8,3,1.0441604681868821,1.0749527734019935,0.014462609729154838,0.002981806284630138,6110.13,-0.013304761228062345
2022-08-31,AMZN,6157.9,6191.54,6028.72,6110.13,3958980,6110.13,-0.0133047612280623,5940.464,5774.2408,5247.735250000001,0.2328661058650511,6205.109964373338,5675.818035626662,60.28349911516327,87.02207510594872,60.80174438712112,26.220330718827597,191.15928571428574,0.012879102617366,6192.52,0.0001177806205074,6113.78,0.0343902183146018,6113.06,0.0138572831580712,5925.57,-0.022534248692385,5692.35,6087.862,105.42153062846995,0.2900255183810046,6192.52,5909.82,5964.579,159.45119298184403,0.2501756416021105,6192.52,5689.19,5940.464,132.32298218666895,0.2328661058650501,6192.52,5689.19,5774.2408,201.3809335546082,0.3203444327654059,6192.52,5294.51,2,8,3,1.028561068630156,1.0581702792857102,0.026647550870435334,-0.007757514737165554,6166.87,0.009286218132838364
2022-09-01,AMZN,6115.24,6295.14,6038.59,6166.87,3146062,6166.87,0.0092862181328383,5947.152,5791.687999999999,5254.0337,0.2243875217557746,6227.925319065567,5666.378680934433,64.39901559240019,94.38436983337306,67.51826947637151,26.866100357001542,198.16000000000005,-0.0133047612280623,6110.13,0.012879102617366,6192.52,0.0001177806205074,6113.78,-0.0026579721444519,5909.82,-0.0005551310091616,5689.19,6139.272,38.02356598284425,0.2790095954431412,6192.52,6110.13,6012.347,137.87549762577603,0.24646439094583475,6192.52,5844.58,5947.152,140.38665953278382,0.22438752175577353,6192.52,5689.19,5791.687999999999,196.70528812283794,0.3139833094763584,6192.52,5363.67,3,9,3,1.0369450789216355,1.0647793872872529,0.04160133098313384,0.008442841164041258,6198.65,0.005153343592454451
2022-09-02,AMZN,6194.46,6284.03,6113.26,6198.65,6006303,6198.65,0.0051533435924544,5958.148,5807.5688,5260.2077500000005,0.2214581463901661,6260.523055682668,5655.772944317332,65.07435736075891,101.6121008040509,74.3370357419074,27.275065062143497,201.88857142857145,0.0092862181328383,6166.87,-0.0133047612280623,6110.13,0.012879102617366,6192.52,0.0343902183146018,6113.06,0.0315475489480929,5868.67,6156.389999999999,42.298683786289345,0.1618405353309329,6198.65,6110.13,6045.344999999999,139.1497686547355,0.20926997859816748,6198.65,5844.58,5958.148,151.18752784133414,0.22145814639016503,6198.65,5689.19,5807.5688,196.8701140930202,0.3114403543387906,6198.65,5363.67,4,9,3,1.0403652275839672,1.067339916833862,0.027549547078794895,0.0006764108574434128,6193.51,-0.0008292128124671727
2022-09-05,AMZN,6227.64,6277.98,6109.04,6193.51,8072141,6193.51,-0.0008292128124671,5967.719,5822.3294000000005,5266.10135,0.2215268015830811,6287.56369711037,5647.87430288963,70.25792672801751,105.70685184029116,80.61099896158416,25.095852878707007,193.43357142857147,0.0051533435924544,6198.65,0.0092862181328383,6166.87,-0.0133047612280623,6110.13,0.0001177806205074,6113.78,0.0016698843179119,5878.47,6172.336,36.9040049324357,0.16297467752960473,6198.65,6110.13,6076.849,132.68362726174246,0.21094097151631575,6198.65,5844.58,5967.719,159.92234855518515,0.22152680158308005,6198.65,5689.19,5822.3294000000005,197.5990875423521,0.31119308446080185,6198.65,5363.67,0,9,3,1.0378353940590972,1.0637512195718324,0.027276939893529244,-0.005480406703019864,6138.98,-0.008804377485464698
2022-09-06,AMZN,6085.06,6238.03,6039.92,6138.98,3503888,6138.98,-0.0088043774854646,5974.5185,5834.4102,5272.081899999999,0.2245967377008916,6303.180737901249,5645.856262098751,76.70114186515943,103.36038211836694,85.16087559294071,18.19950652542623,193.7064285714286,-0.0008292128124671,6193.51,0.0051533435924544,6198.65,0.0092862181328383,6166.87,0.012879102617366,6192.52,-0.005765105546171,5844.58,6161.628,37.34817559202496,0.14924702045333352,6198.65,6110.13,6106.289,105.24507974247348,0.2159034562332934,6198.65,5909.82,5974.5185,164.33111895062444,0.2245967377008905,6198.65,5689.19,5834.4102,198.13426798238856,0.31104379239744145,6198.65,5363.67,1,9,3,1.027527155535458,1.0522023288658975,0.032270833265455726,0.00886104656322046,6070.02,-0.011233136449377401
2022-09-07,AMZN,6094.95,6170.99,5969.05,6070.02,6976760,6070.02,-0.0112331364493774,5981.829,5842.4890000000005,5278.05485,0.2230340141902152,6312.2417985225775,5651.416201477422,71.10680042011255,94.84300120098214,87.097300714549,7.745700486433151,198.80499999999998,-0.0088043774854646,6138.98,-0.0008292128124671,6193.51,0.0051533435924544,6198.65,-0.0133047612280623,6110.13,0.0138572831580712,5925.57,6153.606,52.43511256831939,0.13950547829359755,6198.65,6070.02,6120.734,85.80225614749043,0.22370897041594126,6198.65,5909.82,5981.829,165.2063992612888,0.22303401419021415,6198.65,5689.19,5842.4890000000005,199.36203302846667,0.30853957769949886,6198.65,5363.67,2,9,3,1.0147431496284807,1.0389441897107483,0.033268424156751755,-0.004090271454235931,6102.09,0.0052833433827235154
2022-09-08,AMZN,6141.11,6237.11,5967.08,6102.09,3524885,6102.09,0.0052833433827235,5991.083,5852.859,5284.08525,0.2232611333783943,6324.208046166319,5657.95795383368,65.46360335888322,89.64729818934393,87.60730020950798,2.0399979798359453,194.8792857142856,-0.0112331364493774,6070.02,-0.0088043774854646,6138.98,-0.0008292128124671,6193.51,0.0092862181328383,6166.87,-0.0026579721444519,5909.82,6140.65,56.20595831450337,0.12221864247628782,6198.65,6070.02,6139.961,45.24544481675648,0.2221288641989457,6198.65,6070.02,5991.083,166.56252308315968,0.22326113337839323,6198.65,5689.19,5852.8589999999995,199.10529121234717,0.306416329370801,6198.65,5363.67,3,9,3,1.0185287034078783,1.0425827787751176,0.04425205134633469,-0.006353900190681029,6172.73,0.011576361541701274
2022-09-09,AMZN,6192.58,6241.66,6103.8,6172.73,2717857,6172.73,0.0115763615417012,6005.301,5865.3392,5290.7684,0.2245479655702688,6344.191154406765,5666.410845593236,68.03992250796662,90.19006878490563,88.12385392458752,2.0662148603181123,198.3999999999999,0.0052833433827235,6102.09,-0.0112331364493774,6070.02,-0.0088043774854646,6138.98,0.0051533435924544,6198.65,0.0343902183146018,6113.06,6135.465999999999,50.41625759664679,0.15124637421153703,6193.51,6070.02,6145.928,45.2381907978882,0.15076192300894972,6198.65,6070.02,6005.301,169.4450772033824,0.22454796557026765,6198.65,5689.19,5865.3392,199.2092576411477,0.3065744810337302,6198.65,5363.67,4,9,3,1.0278802011754233,1.052408017595802,0.022333716200121718,-0.0032054491019893414,6159.77,-0.0020995572461454115
2022-09-12,AMZN,6099.77,6291.8,6027.75,6159.77,8041823,6159.77,-0.0020995572461454,6018.217,5881.2612,5297.19215,0.2251307038102796,6360.118872724895,5676.315127275105,69.83200150886859,88.55366319698533,88.20981577906709,0.3438474179182407,200.3857142857142,0.0115763615417012,6172.73,0.0052833433827235,6102.09,-0.0112331364493774,6070.02,-0.0008292128124671,6193.51,0.0001177806205074,6113.78,6128.718,42.311632798216486,0.15152970364195115,6172.73,6070.02,6150.527,43.925497796452106,0.15153926672012963,6198.65,6070.02,6018.217,170.95093636244752,0.22513070381027842,6198.65,5689.19,5881.2612,189.891166129493,0.2957127120519703,6198.65,5588.95,0,9,3,1.023520753738022,1.0473552849512877,0.042866860288607735,0.009836436455799178,6192.87,0.005373577260189721
2022-09-13,AMZN,6153.25,6293.93,6091.81,6192.87,4926382,6192.87,0.0053735772601897,6036.681500000001,5891.585199999999,5304.706899999999,0.217775150701859,6374.183650840951,5699.179349159051,67.89731640560487,88.9028763324086,88.34842788973539,0.5544484426732055,194.74714285714273,-0.0020995572461454,6159.77,0.0115763615417012,6172.73,0.0052833433827235,6102.09,-0.0088043774854646,6138.98,0.012879102617366,6192.52,6139.496,51.45493445775261,0.13874278927580058,6192.87,6070.02,6150.562,43.96279937502087,0.13893481507353952,6198.65,6070.02,6036.681500000001,168.75107542047476,0.21777515070185785,6198.65,5689.19,5891.585199999999,192.554647957241,0.26719769472454563,6198.65,5588.95,1,9,3,1.0258732384670242,1.0511381554830013,0.032637533163132317,0.006438873765895007,6189.81,-0.000494116621211127
2022-09-14,AMZN,6170.26,6257.96,6121.66,6189.81,4007107,6189.81,-0.0004941166212111,6061.5545,5902.132,5312.406849999999,0.1962658693984307,6363.677659514299,5759.431340485701,69.07106951521394,87.91923561135991,88.26258943406029,-0.3433538227003794,191.6199999999999,0.0053735772601897,6192.87,-0.0020995572461454,6159.77,0.0115763615417012,6172.73,-0.0112331364493774,6070.02,-0.0133047612280623,6110.13,6163.454,36.82762658728884,0.08633406427642606,6192.87,6102.09,6158.53,43.03140739299189,0.11774936124202329,6198.65,6070.02,6061.5545,151.06157975714964,0.19626586939842955,6198.65,5689.19,5902.132,194.18431371729116,0.2670663681915147,6198.65,5588.95,2,9,3,1.021158846299077,1.0487413700674522,0.022020062005130715,0.0031684240210294234,6201.96,0.0019629035463124556
2022-09-15,AMZN,6168.93,6269.58,6134.34,6201.96,5265443,6201.96,0.0019629035463124,6087.193,5910.7628,5319.3988500000005,0.19564743847559,6339.126218645362,5835.259781354638,58.18630520311136,87.11587908505226,88.0332473642587,-0.9173682792064426,184.55714285714274,-0.0004941166212111,6189.81,0.0053735772601897,6192.87,-0.0020995572461454,6159.77,0.0052833433827235,6102.09,0.0092862181328383,6166.87,6183.428,16.937122543506653,0.08626802239464243,6201.96,6159.77,6162.039,45.16487904210842,0.10931574076397098,6201.96,6070.02,6087.193,125.96660932268121,0.19564743847558885,6201.96,5844.58,5910.7628,197.76785402550968,0.26416447248133207,6201.96,5588.95,3,9,3,1.0188538460993402,1.0492655871758125,0.0218060097130549,0.005354251061366297,6180.79,-0.003413437042483314
2022-09-16,AMZN,6237.98,6256.33,6105.24,6180.79,4463710,6180.79,-0.0034134370424833,6102.799,5921.492599999999,5326.0897,0.1688136945878931,6335.685373369558,5869.912626630442,55.94661271003812,83.8049202215916,87.18758193572528,-3.3826617141336754,184.4307142857142,0.0019629035463124,6201.96,-0.0004941166212111,6189.81,0.0053735772601897,6192.87,0.0115763615417012,6172.73,0.0051533435924544,6198.65,6185.04,16.023292422402946,0.055378330670650504,6201.96,6159.77,6160.253,43.891448686243955,0.1077479173348337,6201.96,6070.02,6102.799,116.4431866847788,0.16881369458789192,6201.96,5844.58,5921.492599999999,197.56940990399917,0.2589433168535267,6201.96,5588.95,4,9,3,1.0127795459098337,1.0437891959873355,0.024445095206272287,-0.009168031959062137,6183.95,0.0005112615054061465
2022-09-19,AMZN,6202.7,6291.88,6076.02,6183.95,3890768,6183.95,0.0005112615054061,6118.073,5930.2212,5332.718949999999,0.1689527190974007,6327.943828353678,5908.202171646322,49.12165624538744,80.50790207817863,85.85164596421595,-5.343743886037316,191.02642857142843,-0.0034134370424833,6180.79,0.0019629035463124,6201.96,-0.0004941166212111,6189.81,-0.0020995572461454,6159.77,-0.0008292128124671,6193.51,6189.876,8.256275192486783,0.05130462989136627,6201.96,6180.79,6159.2970000000005,43.18502030667926,0.1077624652035319,6201.96,6070.02,6118.073,104.93541417683907,0.1689527190973995,6201.96,5844.58,5930.2212,199.3590706323799,0.2562354395638439,6201.96,5588.95,0,9,3,1.0107676060744926,1.0427857227313808,0.03490649180539376,-0.0030228771341507693,6492.9,0.04995997703733046
2022-09-20,AMZN,6466.54,6555.34,6430.47,6492.9,2353068,6492.9,0.0499599770373304,6150.489,5941.1978,5340.004550000001,0.2352063152008256,6381.686477486172,5919.291522513827,76.78923867096633,101.6528832811664,89.01189342760604,12.640989853560356,205.8542857142856,0.0005112615054061,6183.95,-0.0034134370424833,6180.79,0.0019629035463124,6201.96,0.0053735772601897,6192.87,-0.0088043774854646,6138.98,6249.882,136.09155436711276,0.35858853322050654,6492.9,6180.79,6194.689,113.10602611414014,0.2647662977212094,6492.9,6070.02,6150.489,115.59873874308636,0.23520631520082463,6492.9,5909.82,5941.1978,214.65916355730187,0.2686915911261832,6492.9,5588.95,1,9,3,1.0556721587501325,1.0928604329583012,0.019231776247898576,0.004076368506186553,6530.66,0.005815583175468708
2022-09-21,AMZN,6586.78,6683.52,6377.79,6530.66,3589739,6530.66,0.0058155831754687,6180.7435,5953.0362,5348.51115,0.2330827852140717,6444.13555792921,5917.351442070789,76.15575974423584,120.07322031164131,95.2241588044131,24.849061507228214,209.36714285714274,0.0499599770373304,6492.9,0.0005112615054061,6183.95,-0.0034134370424833,6180.79,-0.0004941166212111,6189.81,-0.0112331364493774,6070.02,6318.052,177.53558817899005,0.3499764280896814,6530.66,6180.79,6240.753,145.77455600648517,0.2474236586313806,6530.66,6102.09,6180.7435,131.69602896460526,0.2330827852140707,6530.66,5909.82,5953.0362,230.27496993620565,0.268753928478611,6530.66,5588.95,2,9,3,1.056613981796679,1.0970301171692696,0.04681456391849425,-0.008520096314130936,6608.2,0.011873225677037302
2022-09-22,AMZN,6639.99,6717.22,6499.17,6608.2,5132518,6608.2,0.0118732256770373,6215.6625,5968.5452000000005,5357.752749999999,0.2324789587549899,6511.05370258286,5920.271297417141,77.62786869616878,139.3222795769807,104.04378295892661,35.27849661805408,212.74428571428567,0.0058155831754687,6530.66,0.0499599770373304,6492.9,0.0005112615054061,6183.95,0.0019629035463124,6201.96,0.0052833433827235,6102.09,6399.3,202.34738829563295,0.340866202472389,6608.2,6180.79,6291.364,176.83235238181845,0.24802043604980362,6608.2,6159.77,6215.6625,147.69560129142957,0.23247895875498897,6608.2,6070.02,5968.5452000000005,247.47895841485177,0.2657079003106602,6608.2,5588.95,3,9,3,1.0631529623751186,1.1071709735898274,0.03299688266093145,-0.004787657812736943,6661.76,0.008105081565328076
2022-09-23,AMZN,6633.06,6817.64,6505.87,6661.76,3808311,6661.76,0.008105081565328,6243.0975,5985.3946,5367.428949999999,0.2067555789090779,6594.90125635346,5891.29374364654,79.65071364203212,157.08832567287936,114.65269150171717,42.43563417116219,222.94642857142858,0.0118732256770373,6608.2,0.0058155831754687,6530.66,0.0499599770373304,6492.9,-0.0034134370424833,6180.79,0.0115763615417012,6172.73,6495.494000000001,186.17872160928576,0.3148473187627498,6661.76,6183.95,6340.267,205.65107029194058,0.24727170117532318,6661.76,6159.77,6243.0975,175.90187817672992,0.20675557890907695,6661.76,6070.02,5985.3946,265.1576519210093,0.2657399175285549,6661.76,5588.95,4,9,3,1.0670600611313428,1.1130026414630854,0.04679994475933591,0.0043268114565518006,6631.56,-0.004533336535690213
2022-09-26,AMZN,6615.5,6670.87,6592.25,6631.56,5738653,6631.56,-0.0045333365356902,6268.9865,6006.1916,5376.581700000001,0.2086792724970757,6655.240639369661,5882.732360630339,82.18299184461844,166.8082953984649,125.08381228106673,41.72448311739818,214.4114285714286,0.008105081565328,6661.76,0.0118732256770373,6608.2,0.0058155831754687,6530.66,0.0005112615054061,6183.95,-0.0020995572461454,6159.77,6585.0160000000005,70.7697243181844,0.33133300842247,6661.76,6492.9,6387.446,213.60532890772186,0.2502723739291029,6661.76,6180.79,6268.9865,193.12706968483073,0.20867927249707477,6661.76,6070.02,6006.1916,274.272203449639,0.24844203262179176,6661.76,5588.95,0,9,3,1.0578360632933157,1.1041206211268544,0.011855430698054156,0.002427632076184411,6789.11,0.023757607561418315
2022-09-27,AMZN,6748.3,6869.58,6708.65,6789.11,4663453,6789.11,0.0237576075614183,6298.816000000001,6030.1948,5386.13625,0.2180735943177396,6747.333695263424,5850.298304736578,92.10769789161183,185.0907982273602,137.08520947032542,48.005588757034786,216.98857142857145,-0.0045333365356902,6631.56,0.008105081565328,6661.76,0.0118732256770373,6608.2,0.0499599770373304,6492.9,0.0053735772601897,6192.87,6644.258,94.41179227233408,0.16269142715011287,6789.11,6530.66,6447.07,235.36474393775876,0.2625784824074603,6789.11,6180.79,6298.816000000001,224.25884763171138,0.21807359431773868,6789.11,6070.02,6030.1948,289.12605207540855,0.25235404115565563,6789.11,5592.51,1,9,3,1.0778390732478804,1.1258525180644037,0.02370413795033172,0.006047448987151348,6754.89,-0.0050404250336199
2022-09-28,AMZN,6818.53,6818.53,6718.04,6754.89,2815218,6754.89,-0.0050404250336199,6331.054,6051.8282,5395.89245,0.2108795916931116,6813.84498628506,5848.26301371494,88.12995023336644,194.57559903943093,148.58328738414653,45.9923116552844,204.87857142857143,0.0237576075614183,6789.11,-0.0045333365356902,6631.56,0.008105081565328,6661.76,0.0058155831754687,6530.66,-0.0004941166212111,6189.81,6689.104000000001,78.95166451745209,0.19175266034924535,6789.11,6608.2,6503.5779999999995,234.5700483769255,0.26828287564647907,6789.11,6180.79,6331.054,241.39549314253023,0.2108795916931107,6789.11,6070.02,6051.8282,302.0491834101058,0.2518617731778429,6789.11,5592.51,2,9,3,1.066945567041275,1.1161734564769838,0.014876630115366038,-0.00933339004154709,6885.7,0.019365230225806718
2022-09-29,AMZN,6888.08,6957.62,6813.77,6885.7,2359914,6885.7,0.0193652302258067,6366.9955,6076.129600000001,5405.862749999999,0.2164869421889862,6902.474404021243,5831.516595978757,88.90950566886283,210.2243107977256,160.91149206686237,49.31281873086323,209.39000000000001,-0.0050404250336199,6754.89,0.0237576075614183,6789.11,-0.0045333365356902,6631.56,0.0118732256770373,6608.2,0.0019629035463124,6201.96,6744.604000000001,102.02541511838423,0.21060986321399144,6885.7,6631.56,6571.952,236.5261870773099,0.269901899112103,6885.7,6180.79,6366.9955,267.7394520106211,0.2164869421889853,6885.7,6070.02,6076.129600000001,319.1491865273012,0.25413350303320537,6885.7,5592.51,3,9,3,1.0814677032517013,1.133237842721272,0.0208911221807483,-0.00034552444222479465,6845.68,-0.005812045253205889
2022-09-30,AMZN,6899.91,6997.93,6693.44,6845.68,3756256,6845.68,-0.0058120452532058,6399.347,6100.187800000001,5415.8053,0.2202629172485508,6969.087498864643,5829.606501135357,86.35886562289011,216.89650022889418,172.10849369926873,44.78800652962545,212.27857142857147,0.0193652302258067,6885.7,-0.0050404250336199,6754.89,0.0237576075614183,6789.11,0.008105081565328,6661.76,-0.0034134370424833,6180.79,6781.388000000001,97.75563600161485,0.23348270962385417,6885.7,6631.56,6638.441000000001,205.8082092871832,0.2736415826786686,6885.7,6183.95,6399.347,284.87024943232154,0.2202629172485499,6885.7,6070.02,6100.187800000001,330.9362533614525,0.2543038809920449,6885.7,5592.51,4,9,3,1.0697466475874695,1.1222080736594497,0.04447914597234404,-0.007859522805368722,6729.68,-0.01694499304670971
2022-10-03,AMZN,6709.02,6768.25,6691.1,6729.68,3243337,6729.68,-0.0169449930467097,6426.1555,6120.8278,5424.6277,0.2330417527111376,7005.492185692044,5846.818814307956,76.15650733219695,210.39868282905354,179.7665315252257,30.63215130382784,208.88285714285718,-0.0058120452532058,6845.68,0.0193652302258067,6885.7,-0.0050404250336199,6754.89,-0.0045333365356902,6631.56,0.0005112615054061,6183.95,6801.012,64.27370823346887,0.279362156490824,6885.7,6729.68,6693.014,130.46648519829455,0.3036867308427454,6885.7,6492.9,6426.1555,289.6683428460218,0.23304175271113675,6885.7,6070.02,6120.8278,337.43839366546246,0.258231575042679,6885.7,5592.51,0,10,4,1.0472326727852994,1.0994721988419442,0.011464140939834905,0.0030794363409256155,6775.36,0.0067878413238073865
2022-10-04,AMZN,6824.25,6868.34,6682.38,6775.36,4575990,6775.36,0.0067878413238073,6457.9745,6141.1140000000005,5434.1311,0.2279650751381906,7040.793830658006,5875.155169341994,77.39363941626031,206.55408306759364,185.1240418336993,21.430041233894343,212.43000000000004,-0.0169449930467097,6729.68,-0.0058120452532058,6845.68,0.0193652302258067,6885.7,0.0237576075614183,6789.11,0.0499599770373304,6492.9,6798.262,65.19776315243465,0.21980098781771445,6885.7,6729.68,6721.26,111.52997574143737,0.19832471255005904,6885.7,6530.66,6457.9745,291.4096653290031,0.22796507513818973,6885.7,6070.02,6141.1140000000005,345.75456218746535,0.2577533342965077,6885.7,5592.51,1,10,4,1.0491462919215537,1.1032786559570291,0.027446512067251422,-0.007164157233394609,6643.22,-0.01950302271761195
2022-10-05,AMZN,6583.94,6692.05,6583.94,6643.22,3001281,6643.22,-0.0195030227176119,6486.6345,6162.128200000001,5443.023250000001,0.2374860930160228,7044.987634267684,5928.281365732317,68.55967562757851,190.6469569517194,186.22862485730332,4.418332094416087,216.4428571428572,0.0067878413238073,6775.36,-0.0169449930467097,6729.68,-0.0058120452532058,6845.68,-0.0050404250336199,6754.89,0.0058155831754687,6530.66,6775.928,95.74164047100913,0.2596926437885958,6885.7,6643.22,6732.5160000000005,94.54295063912612,0.23106455879932172,6885.7,6608.2,6486.6345,279.1765671338416,0.23748609301602194,6885.7,6102.09,6162.128200000001,343.65469447607694,0.25227552226451466,6885.7,5602.51,2,10,4,1.0241397137450823,1.0780723452003027,0.01627373472502556,0.00900372725146214,6708.84,0.009877740011620784
2022-10-06,AMZN,6773.52,6798.31,6619.36,6708.84,3127198,6708.84,0.0098777400116207,6516.972,6184.2548,5452.45265,0.2382134669946854,7052.832368835628,5981.111631164372,71.40957338896081,181.2461378358439,185.23212745301146,-3.9859896171675473,218.43285714285724,-0.0195030227176119,6643.22,0.0067878413238073,6775.36,-0.0169449930467097,6729.68,0.0193652302258067,6885.7,0.0118732256770373,6608.2,6740.556,75.59904549713883,0.21207617896483605,6845.68,6643.22,6742.58,84.68147495170737,0.22883648639274268,6885.7,6631.56,6516.972,267.93018441781413,0.23821346699468454,6885.7,6159.77,6184.2548,342.5019244351369,0.2526348818999855,6885.7,5689.19,3,10,4,1.029441280398162,1.0848259356970407,0.02667376178295712,-0.009548949438399935,6567.4,-0.02108263127455723
2022-10-07,AMZN,6621.52,6710.42,6424.39,6567.4,6095326,6567.4,-0.0210826312745572,6536.7055,6198.508000000001,5460.70745,0.2536989825003844,7047.679245106985,6025.731754893015,63.97932175889312,160.53237769849602,180.2921775021084,-19.759799803612367,223.4450000000001,0.0098777400116207,6708.84,-0.0195030227176119,6643.22,0.0067878413238073,6775.36,-0.0058120452532058,6845.68,0.008105081565328,6661.76,6684.9,81.09385920078118,0.24096225058044707,6775.36,6567.4,6733.144,98.7726620072411,0.25141938597745167,6885.7,6567.4,6536.7055,255.48687255349267,0.25369898250038364,6885.7,6159.77,6198.508000000001,343.33696779263005,0.24036459738556765,6885.7,5689.19,4,10,4,1.0046957140717132,1.0595130312002403,0.04355300423302314,-0.008173349925695704,6531.03,-0.005537960227791849
2022-10-10,AMZN,6513.16,6645.07,6416.99,6531.03,4244294,6531.03,-0.0055379602277918,6555.2685,6214.792599999999,5469.00605,0.2549463253727184,7034.578846590454,6075.958153409546,51.73490094664325,139.5729088991675,172.14832378152022,-32.57541488235273,213.2085714285715,-0.0210826312745572,6567.4,0.0098777400116207,6708.84,-0.0195030227176119,6643.22,-0.0169449930467097,6729.68,-0.0045333365356902,6631.56,6645.17,100.10397095057942,0.22806365153932115,6775.36,6531.03,6723.091,114.17553770399644,0.2518299524515404,6885.7,6531.03,6555.2685,239.65517329522714,0.2549463253727175,6885.7,6180.79,6214.792599999999,339.309090098822,0.23366158690107552,6885.7,5689.19,0,10,4,0.9963024397854952,1.050884626463472,0.034922516050296046,0.0027436758808316005,6366.06,-0.025259415436768684
2022-10-11,AMZN,6401.04,6491.7,6240.43,6366.06,3019839,6366.06,-0.0252594154367686,6563.928,6227.932,5476.49385,0.2737412401044527,7021.432646975801,6106.423353024199,43.28776954897887,108.40109819998634,159.39887866521343,-50.997780465227095,212.12785714285715,-0.0055379602277918,6531.03,-0.0210826312745572,6567.4,0.0098777400116207,6708.84,0.0067878413238073,6775.36,0.0237576075614183,6789.11,6563.31,129.93351954007454,0.229294878451727,6708.84,6366.06,6680.786,157.24714342573068,0.2342492274045317,6885.7,6366.06,6563.928,228.75232348790044,0.2737412401044518,6885.7,6180.79,6227.932,331.9674433139255,0.24185234128834543,6885.7,5689.19,1,10,4,0.9698552452127797,1.0221787906481603,0.039470253186423006,-0.005464736980239788,6699.31,0.05234792006358724
2022-10-12,AMZN,6733.11,6779.58,6619.04,6699.31,4028326,6699.31,0.0523479200635872,6589.403,6243.6528,5485.4202000000005,0.3275578640846147,7014.8091539210845,6163.996846078916,53.07423928470675,109.32744482370435,149.38459189691162,-40.05714707320726,226.08999999999995,-0.0252594154367686,6366.06,-0.0055379602277918,6531.03,-0.0210826312745572,6567.4,-0.0195030227176119,6643.22,-0.0050404250336199,6754.89,6574.528,140.54541283895193,0.49756215737421305,6708.84,6366.06,6675.228,155.30715056871836,0.3767797742763587,6885.7,6366.06,6589.403,212.70307696054235,0.3275578640846139,6885.7,6180.79,6243.6528,335.35679003805666,0.25610157847253034,6885.7,5689.19,2,10,4,1.0166793562328762,1.0729792662396165,0.023963661929359288,-0.005019968484102332,6504.03,-0.02914927059652417
2022-10-13,AMZN,6556.22,6659.39,6348.66,6504.03,6943867,6504.03,-0.0291492705965241,6604.5065,6253.0712,5493.12315,0.3482891315405396,6991.729687826833,6217.283312173168,45.14243478757536,93.22942642549333,138.15355880262797,-44.92413237713464,228.86714285714282,0.0523479200635872,6699.31,-0.0252594154367686,6366.06,-0.0055379602277918,6531.03,0.0098777400116207,6708.84,0.0193652302258067,6885.7,6533.566000000001,119.95090633283976,0.5347285661743014,6699.31,6366.06,6637.061,144.34753305438156,0.38353384709302024,6845.68,6366.06,6604.5065,193.61159391341593,0.3482891315405388,6885.7,6180.79,6253.0712,335.93540916241466,0.26254254667312327,6885.7,5689.19,3,10,4,0.9847866755826516,1.0401336866272943,0.047774994887777686,-0.007960379608980868,6506.4,0.00036438946314820697
2022-10-14,AMZN,6481.32,6631.22,6381.57,6506.4,4498792,6506.4,0.0003643894631482,6620.786999999999,6263.624600000001,5500.4338,0.3476807480557066,6957.023651003641,6284.550348996358,46.07825934334022,79.74363507161979,126.47157405642635,-46.727938984806556,241.08357142857145,-0.0291492705965241,6504.03,0.0523479200635872,6699.31,-0.0252594154367686,6366.06,-0.0210826312745572,6567.4,-0.0058120452532058,6845.68,6521.366,118.74545435539501,0.5173456470632792,6699.31,6366.06,6603.133,128.91220552935022,0.3846122365334697,6775.36,6366.06,6620.786999999999,168.11832550182078,0.34768074805570576,6885.7,6183.95,6263.624600000001,335.429089548177,0.2614278437110781,6885.7,5689.19,4,10,4,0.9827230508999938,1.038759570616502,0.038369912701334406,0.0038695821221596924,6642.93,0.020983954260420656
2022-10-17,AMZN,6638.35,6732.19,6553.68,6642.93,5070678,6642.93,0.0209839542604206,6643.736,6276.4414,5508.3263,0.3534440004624213,6909.756288850781,6377.715711149219,45.35848098010097,79.1603668020989,117.00933260556087,-37.848965803461965,240.21000000000004,0.0003643894631482,6506.4,-0.0291492705965241,6504.03,0.0523479200635872,6699.31,-0.0055379602277918,6531.03,-0.0169449930467097,6729.68,6543.746000000001,130.94084821044243,0.5379842238961372,6699.31,6366.06,6594.4580000000005,122.193977101971,0.3980003919711037,6775.36,6366.06,6643.736,133.0101444253907,0.3534440004624204,6885.7,6366.06,6276.4414,337.46896313831513,0.2649153007459036,6885.7,5689.19,0,10,4,0.9998786827169232,1.0583911450203203,0.02687217839115758,0.0006899304797124643,6769.29,0.019021726858479582
2022-10-18,AMZN,6818.71,6860.87,6677.71,6769.29,2960625,6769.29,0.0190217268584795,6657.5555,6291.7674,5517.0358,0.3148269502355268,6919.26446181434,6395.84653818566,50.43195507624843,87.88127779547085,111.18372164354287,-23.302443848072016,248.59928571428574,0.0209839542604206,6642.93,0.0003643894631482,6506.4,-0.0291492705965241,6504.03,-0.0252594154367686,6366.06,0.0067878413238073,6775.36,6624.392,117.64450441934576,0.47518062843315595,6769.29,6504.03,6593.851,121.206583287457,0.4092958021331316,6769.29,6366.06,6657.5555,130.85448090716977,0.3148269502355259,6885.7,6366.06,6291.7674,342.1647626020941,0.26755145593990337,6885.7,5689.19,1,10,4,1.0167831120595212,1.0758964166410416,0.027057490519681204,-0.007247705211101927,6875.12,0.015633840476623195
2022-10-19,AMZN,6913.42,7035.81,6714.42,6875.12,6030694,6875.12,0.0156338404766231,6674.7785,6310.7936,5526.4275,0.3182036465133628,6946.472684683413,6403.084315316588,49.67780444088078,102.15468352765038,109.37791402036437,-7.223230492713995,257.0750000000001,0.0190217268584795,6769.29,0.0209839542604206,6642.93,0.0003643894631482,6506.4,0.0523479200635872,6699.31,-0.0195030227176119,6643.22,6659.553999999999,163.1187525395988,0.3322428510077865,6875.12,6504.03,6617.041,150.37601526025523,0.39981687834452695,6875.12,6366.06,6674.7785,135.84709234170612,0.31820364651336186,6885.7,6366.06,6310.7936,347.6911398256821,0.26665814926222087,6885.7,5689.19,2,10,4,1.0300147038585579,1.089422414321855,0.04674682041912775,-0.005539949836693653,6837.26,-0.005506812971991737
2022-10-20,AMZN,6822.69,6950.26,6724.25,6837.26,10110103,6837.26,-0.0055068129719917,6686.2315,6329.1986,5535.61365,0.3175837080173004,6965.319614535529,6407.143385464471,49.74324571525498,109.15322438872954,109.33297609403742,-0.1797517053078792,251.46928571428575,0.0156338404766231,6875.12,0.0190217268584795,6769.29,0.0209839542604206,6642.93,-0.0291492705965241,6504.03,0.0098777400116207,6708.84,6726.2,151.33916462726228,0.18900596372002895,6875.12,6506.4,6629.883,163.9568695351759,0.40064061429441306,6875.12,6366.06,6686.2315,139.54405726776432,0.31758370801729946,6885.7,6366.06,6329.1986,350.7639316738281,0.2671959323860804,6885.7,5689.19,3,10,4,1.022587985474176,1.0802726272484038,0.033055639247296015,0.0021355213266319416,7006.89,0.024809645969291916
2022-10-21,AMZN,7055.34,7140.91,6872.87,7006.89,2914526,7006.89,0.0248096459692919,6703.488,6351.569,5545.53065,0.3273035960949734,7016.78813117448,6390.18786882552,58.18535075808343,126.924238175744,112.85122851037875,14.073009665365248,262.1171428571429,-0.0055068129719917,6837.26,0.0156338404766231,6875.12,0.0190217268584795,6769.29,0.0003643894631482,6506.4,-0.0210826312745572,6567.4,6826.298,134.15565500597316,0.18935659975181976,7006.89,6642.93,6673.831999999999,200.236444224203,0.39217138802599366,7006.89,6366.06,6703.488,156.6500655872399,0.3273035960949725,7006.89,6366.06,6351.569,357.67518874796747,0.2709675927614147,7006.89,5689.19,4,10,4,1.045260318210304,1.1031746644016456,0.03825377592626139,-0.006867138933062467,7124.38,0.016767781426567208
2022-10-24,AMZN,7059.83,7219.43,7029.34,7124.38,2493124,7124.38,0.0167677814265672,6728.128999999999,6376.0276,5556.096850000001,0.3297593465405041,7091.179954458044,6365.078045541954,59.88646792841453,148.77338871342454,120.03566055098791,28.737728162436625,264.0157142857143,0.0248096459692919,7006.89,-0.0055068129719917,6837.26,0.0156338404766231,6875.12,0.0209839542604206,6642.93,-0.0055379602277918,6531.03,6922.588000000001,142.18051367921598,0.18321247430293072,7124.38,6769.29,6733.1669999999995,237.6379994889449,0.3885375398925196,7124.38,6366.06,6728.128999999999,181.52547722902224,0.32975934654050315,7124.38,6366.06,6376.0276,367.933114582451,0.2725431984969818,7124.38,5689.19,0,10,4,1.0588946793378875,1.1173696926906154,0.02668162001465018,0.009143279654041391,7153.0,0.004017191671415565
2022-10-25,AMZN,7193.35,7220.77,7085.24,7153.0,4290963,7153.0,0.0040171916714155,6746.3235,6402.616000000001,5566.7928,0.321243708959217,7155.752978910986,6336.894021089015,65.33984906241213,166.47932273908918,129.32439298860817,37.15492975048102,260.0235714285715,0.0167677814265672,7124.38,0.0248096459692919,7006.89,-0.0055068129719917,6837.26,0.0190217268584795,6769.29,-0.0252594154367686,6366.06,6999.33,142.30595033268597,0.18892939245033014,7153.0,6837.26,6811.861,232.81158602564068,0.3411606837523716,7153.0,6504.03,6746.3235,204.71473945549252,0.3212437089592161,7153.0,6366.06,6402.616000000001,375.15995697070514,0.26971006603130127,7153.0,5689.19,1,10,4,1.0602812035324038,1.1171995946655058,0.018947294841322758,-0.005609347522363676,7185.4,0.00452956801342097
2022-10-26,AMZN,7143.26,7325.31,7045.49,7185.4,5677417,7185.4,0.0045295680134209,6767.849,6432.477,5578.321550000001,0.3199364918569029,7221.999962932925,6313.698037067075,64.63276836102624,181.03890839749874,139.6672960703863,41.371612327112445,267.22857142857146,0.0040171916714155,7153.0,0.0167677814265672,7124.38,0.0248096459692919,7006.89,0.0156338404766231,6875.12,0.0523479200635872,6699.31,7061.386,142.25252117305817,0.18875230720070654,7185.4,6837.26,6860.469999999999,256.2651446798299,0.2564722104685838,7185.4,6504.03,6767.849,227.0754814664623,0.319936491856902,7185.4,6366.06,6432.477,376.88827192588747,0.26263307383256806,7185.4,5689.19,2,10,4,1.061696264204319,1.1170502436307013,0.0389428563475884,0.005899267281324425,7147.54,-0.005269017730397674
2022-10-27,AMZN,7116.97,7270.17,7024.91,7147.54,3856416,7147.54,-0.0052690177303976,6780.941000000001,6461.644,5589.3615,0.3154334305735831,7263.598249942834,6298.283750057168,69.02322897065471,187.36269877491395,149.20637661129183,38.15632216362212,264.3164285714287,0.0045295680134209,7185.4,0.0040171916714155,7153.0,0.0167677814265672,7124.38,-0.0055068129719917,6837.26,-0.0291492705965241,6504.03,7123.442,68.69940189036511,0.18761108774742458,7185.4,7006.89,6924.820999999999,236.87681249730863,0.1777910285633958,7185.4,6506.4,6780.941000000001,241.32862497141633,0.3154334305735821,7185.4,6366.06,6461.644,374.6153821165688,0.26333983470530503,7185.4,5844.58,3,10,4,1.0540631455131293,1.1061488376640516,0.034313903804660886,0.004295367270059507,7032.78,-0.01605587376915696
2022-10-28,AMZN,7031.83,7138.46,6927.1,7032.78,2624818,7032.78,-0.0160558737691569,6790.295999999999,6484.9262,5599.74235,0.3208704459565679,7285.330719182466,6295.261280817533,65.6482931113709,181.02740407032525,155.57058210309853,25.456821967226716,263.77071428571435,-0.0052690177303976,7147.54,0.0045295680134209,7185.4,0.0040171916714155,7153.0,0.0248096459692919,7006.89,0.0003643894631482,6506.4,7128.62,57.835115631371764,0.19445194564499566,7185.4,7032.78,6977.459,186.74612615049966,0.216418817217023,7185.4,6642.93,6790.295999999999,247.51735959123326,0.320870445956567,7185.4,6366.06,6484.9262,373.1819238293782,0.2600523432535201,7185.4,5844.58,4,10,4,1.0357103725668166,1.0844811156060519,0.03005354923657069,0.00013509996686491042,7192.5,0.02271079146511057
2022-10-31,AMZN,7185.27,7318.23,7066.77,7192.5,3829984,7192.5,0.0227107914651105,6813.437,6511.206799999999,5610.46605,0.321443437843498,7338.877299222084,6287.996700777916,75.8592205054807,186.74206030951882,161.8048777443826,24.937182565136226,263.4028571428572,-0.0160558737691569,7032.78,-0.0052690177303976,7147.54,0.0045295680134209,7185.4,0.0167677814265672,7124.38,0.0209839542604206,6642.93,7142.244000000001,64.25381763050899,0.22704666434810886,7192.5,7032.78,7032.416,155.63393733014968,0.21949524744347446,7192.5,6769.29,6813.437,262.7201496110419,0.321443437843497,7192.5,6366.06,6511.206799999999,375.8612077883785,0.2634523169266235,7192.5,5844.58,0,10,4,1.0556346231716744,1.1046339366765152,0.03496141814389491,0.0010062252357946962,7365.79,0.024093152589502953
2022-11-01,AMZN,7368.83,7433.31,7298.28,7365.79,5081117,7365.79,0.0240931525895029,6842.958500000001,6541.631000000001,5622.0514,0.3295410670944229,7422.909362284463,6263.007637715538,73.17385257230566,202.91494414011777,170.02689102352963,32.88805311658814,251.06642857142873,0.0227107914651105,7192.5,-0.0160558737691569,7032.78,-0.0052690177303976,7147.54,0.0040171916714155,7153.0,0.0190217268584795,6769.29,7184.802000000001,119.70319344151379,0.2774893042259057,7365.79,7032.78,7092.066000000001,157.8744258509714,0.22789854998400008,7365.79,6837.26,6842.958500000001,289.97543114223123,0.3295410670944219,7365.79,6366.06,6541.631000000001,382.311719338883,0.26617131044398107,7365.79,5909.82,1,11,4,1.0764043067043183,1.125986776080594,0.018332045849797824,-0.0004125485321278345,7250.87,-0.015601856691542904
2022-11-02,AMZN,7257.36,7402.26,7099.48,7250.87,3399001,7250.87,-0.0156018566915429,6873.341,6568.137000000001,5633.8352,0.3260622226343456,7472.579755682461,6274.10224431754,77.5050823479825,204.10617854710927,176.84274852824558,27.263430018863687,247.64714285714302,0.0240931525895029,7365.79,0.0227107914651105,7192.5,-0.0160558737691569,7032.78,0.0045295680134209,7185.4,0.0156338404766231,6875.12,7197.895999999999,123.31137104945762,0.3180571462129658,7365.79,7032.78,7129.6410000000005,144.66564757320197,0.2533255486813785,7365.79,6837.26,6873.341,299.61937784123046,0.3260622226343446,7365.79,6366.06,6568.137000000001,384.66287089592305,0.26920005038989087,7365.79,5909.82,2,11,4,1.054926563369829,1.103946217930426,0.04175774769096107,-0.000894264581059626,7232.18,-0.0025776217198762996
2022-11-03,AMZN,7207.81,7405.49,7058.88,7232.18,5099774,7232.18,-0.0025776217198762,6899.508,6594.5842,5645.678350000001,0.326377860984897,7514.012382429899,6285.003617570101,76.41197705823335,201.22254534977037,181.71870789255053,19.503837457219845,254.57285714285723,-0.0156018566915429,7250.87,0.0240931525895029,7365.79,0.0227107914651105,7192.5,-0.0052690177303976,7147.54,-0.0055068129719917,6837.26,7214.8240000000005,120.44672776832805,0.3147518321202758,7365.79,7032.78,7169.133,104.23518440418239,0.2501856213162676,7365.79,7006.89,6899.508,307.2521912149496,0.3263778609848961,7365.79,6366.06,6594.5842,383.9353102934639,0.2691896072663646,7365.79,6070.02,3,11,4,1.0482167713986204,1.096684761413601,0.0479260748487941,0.0033810547170356193,7214.89,-0.002390703771200431
2022-11-04,AMZN,7168.03,7379.55,7050.23,7214.89,6373690,7214.89,-0.0023907037712004,6931.8825000000015,6616.620800000001,5657.51785,0.3138582203844797,7540.916625459304,6322.848374540699,72.79233613792795,195.29089489202943,184.4331452924463,10.857749599583116,261.96785714285727,-0.0025776217198762,7232.18,-0.0156018566915429,7250.87,0.0240931525895029,7365.79,-0.0160558737691569,7032.78,0.0248096459692919,7006.89,7251.246000000001,67.55892413367181,0.2765988400404333,7365.79,7192.5,7189.933,87.70485544012902,0.22845930424608546,7365.79,7032.78,6931.8825000000015,304.5170627296511,0.3138582203844787,7365.79,6366.06,6616.620800000001,387.3389841998281,0.2604890869510668,7365.79,6070.02,4,11,4,1.0408269326548678,1.0904191456761296,0.045644493540435815,0.006537361032249313,7212.01,-0.000399174484988718
2022-11-07,AMZN,7250.73,7294.43,7129.58,7212.01,4403442,7212.01,-0.0003991744849887,6965.931500000001,6638.585399999999,5669.0121,0.3121175248607116,7556.468131932332,6375.394868067669,69.56790778174931,188.18830954887653,185.18417814373237,3.0041314051441645,258.1757142857145,-0.0023907037712004,7214.89,-0.0025776217198762,7232.18,-0.0156018566915429,7250.87,0.0227107914651105,7192.5,0.0167677814265672,7124.38,7255.148000000001,63.77514421856979,0.22928434506525974,7365.79,7212.01,7198.696000000001,84.7555776204371,0.21542059183820936,7365.79,7032.78,6965.931500000001,295.26831596616563,0.3121175248607107,7365.79,6366.06,6638.585399999999,389.3757482265102,0.26052568390416553,7365.79,6070.02,0,11,4,1.0353260005498135,1.0863775285618702,0.022857705410832416,-0.005340151957112457,7221.72,0.0013463652989942343
2022-11-08,AMZN,7207.27,7316.47,7126.97,7221.72,3955532,7221.72,0.0013463652989942,7008.7145,6659.169400000001,5681.44905,0.2913287771594101,7536.960540819386,6480.468459180614,66.74202024795738,181.25359670681883,184.39806185634967,-3.144465149530845,248.75500000000017,-0.0003991744849887,7212.01,-0.0023907037712004,7214.89,-0.0025776217198762,7232.18,0.0240931525895029,7365.79,0.0040171916714155,7153.0,7226.334,15.760886082266909,0.10670728358188841,7250.87,7212.01,7205.568000000001,83.41416596981956,0.21489587020600484,7365.79,7032.78,7008.7145,264.1230204096927,0.29132877715940914,7365.79,6504.03,6659.169400000001,392.50495277989876,0.2596618881898901,7365.79,6070.02,1,11,4,1.0303915218688062,1.084477592655762,0.026240286247593888,0.0020049200321339165,7347.24,0.0173809009488044
2022-11-09,AMZN,7348.09,7502.76,7191.71,7347.24,5573548,7347.24,0.0173809009488044,7041.110999999999,6683.9116,5694.4916,0.2402858524588422,7568.933963458384,6513.288036541614,72.71059334774583,183.76784052905987,184.27201759089172,-0.5041770618318537,254.82928571428587,0.0013463652989942,7221.72,-0.0003991744849887,7212.01,-0.0023907037712004,7214.89,-0.0156018566915429,7250.87,0.0045295680134209,7185.4,7245.608,57.34202708397225,0.13298884594774418,7347.24,7212.01,7221.752,94.08406203435867,0.2299012248505701,7365.79,7032.78,7041.110999999999,263.91148172919253,0.24028585245884118,7365.79,6504.03,6683.9116,396.1636135067815,0.25876191171792806,7365.79,6070.02,2,11,4,1.0434773716816788,1.099242545338107,0.042335625350466005,-0.00011567631860799855,7250.44,-0.013175015379925048
2022-11-10,AMZN,7271.42,7372.99,7127.89,7250.44,2840141,7250.44,-0.013175015379925,7078.431499999999,6705.5830000000005,5706.82555,0.2158570615359444,7548.782403465527,6608.080596534471,61.59817134067108,175.92153195071205,182.6019204628558,-6.680388512143736,250.64714285714302,0.0173809009488044,7347.24,0.0013463652989942,7221.72,-0.0003991744849887,7212.01,-0.0025776217198762,7232.18,-0.0052690177303976,7147.54,7249.259999999999,56.85240496319541,0.17422916245003783,7347.24,7212.01,7232.0419999999995,90.62930355143631,0.24039813002536428,7365.79,7032.78,7078.431499999999,235.17545173276403,0.21585706153594342,7365.79,6506.4,6705.5830000000005,396.9391758692646,0.26122464532148476,7365.79,6070.02,3,11,4,1.0243003693684083,1.0812542324804446,0.03380484494733639,-0.002885268627035378,7142.17,-0.01493288683169569
2022-11-11,AMZN,7200.68,7256.14,7028.19,7142.17,2730297,7142.17,-0.0149328868316956,7110.219999999999,6724.453399999999,5718.8968,0.227245565558833,7496.150114644853,6724.289885355146,50.854688535247405,159.1324123300601,177.90801883629666,-18.775606506236556,251.74785714285736,-0.013175015379925,7250.44,0.0173809009488044,7347.24,0.0013463652989942,7221.72,-0.0023907037712004,7214.89,-0.0160558737691569,7032.78,7234.716,74.42801105832775,0.2072080847473122,7347.24,7142.17,7242.981,67.57551371939846,0.23815314051778597,7365.79,7142.17,7110.219999999999,192.96505732242673,0.22724556555883194,7365.79,6642.93,6724.453399999999,394.7693023009762,0.2643938560022425,7365.79,6070.02,4,11,4,1.004493531845568,1.0621190415266968,0.03191607032596099,-0.008125621469082377,7304.3,0.022700383776919297
2022-11-14,AMZN,7334.62,7476.19,7132.41,7304.3,3595436,7304.3,0.0227003837769192,7143.2885,6746.669199999999,5731.74245,0.2289452566832408,7469.3208981500575,6817.256101849942,56.44246491280302,157.09851619046094,173.7461183071295,-16.647602116668565,266.6228571428573,-0.0149328868316956,7142.17,-0.013175015379925,7250.44,0.0173809009488044,7347.24,-0.0003991744849887,7212.01,0.0227107914651105,7192.5,7253.174000000001,78.70990585751792,0.27268884313331226,7347.24,7142.17,7254.161,67.54407194151543,0.23812736825459738,7365.79,7142.17,7143.2885,163.01619907502908,0.22894525668323967,7365.79,6769.29,6746.669199999999,395.53480707968913,0.2679075366493194,7365.79,6070.02,0,11,4,1.022540248794232,1.0826527555254848,0.04706542721410028,-0.004133820157008212,7245.09,-0.008106184028585872
2022-11-15,AMZN,7179.22,7358.98,7131.19,7245.09,3285577,7245.09,-0.0081061840285858,7167.0785000000005,6768.7914,5744.5534,0.2269233932974806,7443.93328901651,6890.223710983491,52.48490903731338,148.99140649487254,168.7951759446781,-19.80376944980557,262.90642857142865,0.0227003837769192,7304.3,-0.0149328868316956,7142.17,-0.013175015379925,7250.44,0.0013463652989942,7221.72,0.0240931525895029,7365.79,7257.848,77.05154553997947,0.28360492008303956,7347.24,7142.17,7242.091,54.999207357889894,0.20579867820204706,7347.24,7142.17,7167.0785000000005,138.42739450825454,0.22692339329747954,7365.79,6837.26,6768.7914,391.76755239583076,0.26774792783997814,7365.79,6070.02,1,11,4,1.0108847000906978,1.0703668604706786,0.03144060322231587,0.009175091444473175,7083.56,-0.02229509916370942
2022-11-16,AMZN,7131.53,7191.93,6975.19,7083.56,2900715,7083.56,-0.0222950991637094,7177.5005,6789.062199999999,5756.857800000001,0.2396065927253883,7421.866032885531,6933.134967114469,47.585150068945765,128.05619056248997,160.64737886824048,-32.59118830575051,264.6664285714287,-0.0081061840285858,7245.09,0.0227003837769192,7304.3,-0.0149328868316956,7142.17,0.0173809009488044,7347.24,-0.0156018566915429,7250.87,7205.112000000001,89.76039143239841,0.2770325829028334,7304.3,7083.56,7225.360000000001,74.14697026848889,0.22077000397332977,7347.24,7083.56,7177.5005,122.18276644276563,0.23960659272538737,7365.79,6837.26,6789.062199999999,380.9456942350981,0.27198732278256127,7365.79,6102.09,2,11,4,0.9869118086441113,1.043378273953501,0.030597609111798315,-0.006726466831099724,7023.3,-0.008507021892946498
2022-11-17,AMZN,7092.03,7092.03,6982.28,7023.3,8318498,7023.3,-0.0085070218929464,7186.8025,6807.4864,5769.025900000001,0.2410197260508588,7386.76438698773,6986.840613012269,49.62683629552774,105.38756052358531,149.59541519930946,-44.20785467572415,256.76000000000016,-0.0222950991637094,7083.56,-0.0081061840285858,7245.09,0.0227003837769192,7304.3,-0.013175015379925,7250.44,-0.0025776217198762,7232.18,7159.683999999999,115.01105525163891,0.27259581242313374,7304.3,7023.3,7204.472,97.69487906513703,0.22301535541421635,7347.24,7023.3,7186.8025,99.98094349386534,0.24101972605085784,7365.79,7006.89,6807.4864,369.1364844084699,0.2732125786849533,7365.79,6159.77,3,11,4,0.9772496183106496,1.0317023916491361,0.01562655731635903,-0.009691160358880303,6983.01,-0.005736619537824117
2022-11-18,AMZN,6979.16,7027.62,6938.4,6983.01,9536167,6983.01,-0.0057366195378241,7185.6085,6823.691999999999,5781.28,0.2256573288401955,7390.322397842328,6980.894602157672,40.897991813821314,83.21222290878995,136.31877674120557,-53.106553832415614,242.7435714285716,-0.0085070218929464,7023.3,-0.0222950991637094,7083.56,-0.0081061840285858,7245.09,-0.0149328868316956,7142.17,-0.0023907037712004,7214.89,7127.852000000001,140.31282218704843,0.2616953355510978,7304.3,6983.01,7181.284,119.93454411097466,0.2234595834471912,7347.24,6983.01,7185.6085,102.35694892116403,0.22565732884019446,7365.79,6983.01,6823.691999999999,358.3290938423124,0.2731691432995382,7365.79,6159.77,4,11,4,0.9718049626554283,1.0233477712650245,0.01277672522307536,0.0005516423179866649,7182.57,0.028577934157333118
2022-11-21,AMZN,7250.03,7250.03,7145.59,7182.57,3472283,7182.57,0.0285779341573331,7188.517999999999,6844.148,5794.246999999999,0.2407388480910656,7391.211937967435,6985.824062032563,42.21704925781943,80.80941169595917,125.2169037321563,-44.40749203619713,244.6157142857144,-0.0057366195378241,6983.01,-0.0085070218929464,7023.3,-0.0222950991637094,7083.56,0.0227003837769192,7304.3,-0.0003991744849887,7212.01,7103.505999999999,109.14128059580976,0.30047811944198755,7245.09,6983.01,7178.340000000001,119.45689561974784,0.27494392306536425,7347.24,6983.01,7188.517999999999,101.34696898371804,0.24073884809106463,7365.79,6983.01,6844.148,348.7196943221567,0.27906525960354134,7365.79,6180.79,0,11,4,0.9991725693667319,1.0494469143564618,0.01454075630310391,-0.0093047890836301,7304.51,0.016977210107245844
2022-11-22,AMZN,7311.42,7474.45,7134.57,7304.51,4149475,7304.51,0.0169772101072458,7196.0935,6866.380800000001,5808.121,0.2475385740680349,7404.444320571838,6987.742679428162,52.2650496581889,87.73336972925699,117.72019693157644,-29.986827202319446,247.26571428571438,0.0285779341573331,7182.57,-0.0057366195378241,6983.01,-0.0085070218929464,7023.3,-0.0081061840285858,7245.09,0.0013463652989942,7221.72,7115.390000000001,129.7090091323411,0.32639533783965996,7304.51,6983.01,7186.619000000001,125.51280381342497,0.2883922540469883,7347.24,6983.01,7196.0935,104.175410285919,0.2475385740680339,7365.79,6983.01,6866.380800000001,341.7159908929858,0.28073514464871757,7365.79,6180.79,1,11,4,1.0150660215850427,1.0638078796909916,0.04653015739590384,-0.0009450968484916622,7458.36,0.021062329985173545
2022-11-23,AMZN,7452.33,7556.57,7360.15,7458.36,3710465,7458.36,0.0210623299851735,7209.741500000001,6891.751800000001,5823.1252,0.2572849559836664,7448.660915640091,6970.822084359911,58.57235984292469,104.4312471658377,115.0624069784287,-10.631159812590994,240.51214285714292,0.0169772101072458,7304.51,0.0285779341573331,7182.57,-0.0057366195378241,6983.01,-0.0222950991637094,7083.56,0.0173809009488044,7347.24,7190.35,197.36892625258048,0.26387284375641057,7458.36,6983.01,7197.731,144.7566829353332,0.2946680579712698,7458.36,6983.01,7209.741500000001,119.45970782004485,0.25728495598366546,7458.36,6983.01,6891.751800000001,337.5248455537115,0.28333318064821733,7458.36,6180.79,2,11,4,1.0344836912667346,1.0822154100208479,0.026335548297477425,0.0008091429123507595,7570.68,0.015059610960050263
2022-11-24,AMZN,7545.15,7679.48,7461.88,7570.68,6229487,7570.68,0.0150596109600502,7230.8985,6919.1262,5837.965999999999,0.259784729000367,7516.92279608121,6944.87420391879,62.578574104749386,125.28353009004422,117.1066316007518,8.176898489292427,232.78357142857143,0.0210623299851735,7458.36,0.0169772101072458,7304.51,0.0285779341573331,7182.57,-0.0085070218929464,7023.3,-0.013175015379925,7250.44,7299.825999999999,230.56355182487275,0.20311548334872603,7570.68,6983.01,7229.755,186.9782600107903,0.28890805265049224,7570.68,6983.01,7230.8985,143.0121480406052,0.2597847290003659,7570.68,6983.01,6919.1262,335.93885897727694,0.2843985649981559,7570.68,6180.79,3,11,4,1.046990218435365,1.0941670640432757,0.028742464349301607,0.0033836305441240096,7702.18,0.017369641828739235
2022-11-25,AMZN,7726.45,7870.92,7533.44,7702.18,6743321,7702.18,0.0173696418287392,7264.3685,6949.554,5853.05845,0.2542908848016581,7604.352248669376,6924.384751330623,65.88480060087085,150.68308474473633,123.8219222295487,26.86116251518763,245.11428571428573,0.0150596109600502,7570.68,0.0210623299851735,7458.36,0.0169772101072458,7304.51,-0.0057366195378241,6983.01,-0.0149328868316956,7142.17,7443.660000000001,206.5874339114227,0.08511432391569629,7702.18,7182.57,7285.755999999999,235.41947333783276,0.27321451424126086,7702.18,6983.01,7264.3685,169.99187433468865,0.25429088480165707,7702.18,6983.01,6949.554,336.5985706494317,0.28538082476946375,7702.18,6183.95,4,11,4,1.060268349547375,1.1082984605917001,0.043816166332123714,-0.00314115797034814,7608.8,-0.01212384026340596
2022-11-28,AMZN,7567.69,7739.56,7478.05,7608.8,1964796,7608.8,-0.0121238402634059,7285.183499999999,6978.051000000001,5868.4514500000005,0.2515755254476199,7656.199232921224,6914.167767078774,61.89873106379932,161.4167177677018,131.34088133717933,30.075836430522486,250.25785714285718,0.0173696418287392,7702.18,0.0150596109600502,7570.68,0.0210623299851735,7458.36,0.0285779341573331,7182.57,0.0227003837769192,7304.3,7528.906,152.8743767938555,0.2139387451612108,7702.18,7304.51,7316.206,256.80569326502314,0.2756332924314812,7702.18,6983.01,7285.183499999999,185.50786646061283,0.25157552544761896,7702.18,6983.01,6978.051000000001,330.722250556627,0.2877047519385246,7702.18,6366.06,0,11,4,1.0444211871943865,1.0903904256358843,0.034369414362312826,0.005432304970208234,7583.08,-0.0033802964987909023
2022-11-29,AMZN,7523.16,7713.43,7452.72,7583.08,4838954,7583.08,-0.0033802964987909,7296.048,6999.8546,5884.0213,0.2395453482487945,7689.075217892793,6903.020782107206,57.72354528491176,165.93501466298585,138.25970800234063,27.67530666064522,246.6621428571429,-0.0121238402634059,7608.8,0.0173696418287392,7702.18,0.0150596109600502,7570.68,0.0169772101072458,7304.51,-0.0081061840285858,7245.09,7584.62,87.3832203578689,0.23030661117647924,7702.18,7458.36,7350.005,268.3867440115231,0.27068864924652636,7702.18,6983.01,7296.048,196.51360894639657,0.2395453482487936,7702.18,6983.01,6999.8546,334.00482377797266,0.2684604823335943,7702.18,6366.06,1,11,4,1.039340749951064,1.0833196449536133,0.034380489194359765,0.00796473822170366,7450.55,-0.01747706736576693
2022-11-30,AMZN,7380.11,7531.99,7369.11,7450.55,2371602,7450.55,-0.0174770673657669,7306.031999999999,7018.2524,5898.826550000001,0.241412660572432,7704.33645449142,6907.727545508578,56.40356098228494,157.01179981270525,142.01012636441357,15.001673448291683,244.43857142857152,-0.0033802964987909,7583.08,-0.0121238402634059,7608.8,0.0173696418287392,7702.18,0.0210623299851735,7458.36,-0.0222950991637094,7083.56,7583.058,90.22788770724813,0.2500294455075613,7702.18,7450.55,7386.704000000001,252.52748854551805,0.2580187544036935,7702.18,6983.01,7306.031999999999,199.1522272457103,0.2414126605724311,7702.18,6983.01,7018.2524,332.96628228238745,0.2723791459641178,7702.18,6366.06,2,11,4,1.0197806415300372,1.0615961888174523,0.021861473314047718,0.00954457318386731,7423.77,-0.0035943655166397193
2022-12-01,AMZN,7392.95,7584.71,7262.84,7423.77,8081707,7423.77,-0.0035943655166397,7315.611500000001,7034.5638,5913.3625,0.241665528760969,7715.649225867428,6915.573774132574,59.507089803623856,146.09507251048854,142.82711559362855,3.267956916859987,251.14714285714288,-0.0174770673657669,7450.55,-0.0033802964987909,7583.08,-0.0121238402634059,7608.8,0.0150596109600502,7570.68,-0.0085070218929464,7023.3,7553.676000000001,115.61490963587082,0.21070564129306985,7702.18,7423.77,7426.751000000001,217.86973459946188,0.2518250140865407,7702.18,6983.01,7315.611500000001,200.01886293371368,0.24166552876096814,7702.18,6983.01,7034.5638,332.44484509177965,0.2719373146448006,7702.18,6366.06,3,12,4,1.0147846150658744,1.0553276949451997,0.043356677267743546,0.0041688365266904885,7517.17,0.012581208738956073
2022-12-02,AMZN,7501.5,7579.69,7454.65,7517.17,4770225,7517.17,0.012581208738956,7330.725499999999,7051.672,5928.9591,0.2443646303731102,7737.5244839806755,6923.926516019322,57.53644841226854,143.32789217387563,142.927270909678,0.400621264197639,237.72857142857143,-0.0035943655166397,7423.77,-0.0174770673657669,7450.55,-0.0033802964987909,7583.08,0.0173696418287392,7702.18,-0.0057366195378241,6983.01,7516.674000000001,80.46853316737592,0.18098369646514695,7608.8,7423.77,7480.1669999999995,152.73136227811446,0.24528979256155165,7702.18,7182.57,7330.725499999999,203.3994919903385,0.24436463037310924,7702.18,6983.01,7051.672,334.8697804172684,0.27259893653317135,7702.18,6366.06,4,12,4,1.025433294426176,1.0660124293924809,0.01663391941381974,0.0020889155502230197,7536.82,0.002614015646845713
2022-12-05,AMZN,7544.67,7582.51,7491.12,7536.82,2877594,7536.82,0.0026140156468457,7346.966,7069.7772,5944.18635,0.2441790501040424,7759.700707627484,6934.231292372517,60.62606085710107,141.0940284665694,142.56062242105628,-1.466593954486882,227.9857142857143,0.012581208738956,7517.17,-0.0035943655166397,7423.77,-0.0174770673657669,7450.55,-0.0121238402634059,7608.8,0.0285779341573331,7182.57,7502.278,64.77495017449651,0.17349338645715387,7583.08,7423.77,7515.592,111.57364431917544,0.2156751377785361,7702.18,7304.51,7346.966,206.36735381374194,0.24417905010404148,7702.18,6983.01,7069.7771999999995,336.16186874798586,0.2721139146336548,7702.18,6366.06,0,12,4,1.0258411431329577,1.0660618838170646,0.012125803720931135,-0.001040469629552959,7718.3,0.02407912090244957
2022-12-06,AMZN,7686.31,7786.47,7650.14,7718.3,3631935,7718.3,0.0240791209024495,7371.795,7088.361,5959.98065,0.2560263047264863,7811.659812701561,6931.930187298439,72.78876394739632,152.21297822903216,144.49109358265144,7.721884646380715,226.53928571428574,0.0026140156468457,7536.82,0.012581208738956,7517.17,-0.0035943655166397,7423.77,-0.0033802964987909,7583.08,0.0169772101072458,7304.51,7529.322,115.39370463811949,0.25062400554859704,7718.3,7423.77,7556.9710000000005,100.80278274926326,0.2293173659749901,7718.3,7423.77,7371.795,219.93240635078044,0.25602630472648535,7718.3,6983.01,7088.361,345.8729022741241,0.27224276386803886,7718.3,6366.06,1,12,4,1.0470041557041334,1.0888694861899544,0.017663215993156817,0.0041619450685693934,7562.77,-0.020150810411619147
2022-12-07,AMZN,7635.98,7641.08,7484.46,7562.77,3563358,7562.77,-0.0201508104116191,7382.5715,7104.518599999999,5974.7944,0.263500628849441,7830.392151943012,6934.750848056988,68.1282049552373,146.78283370413646,144.94944160694845,1.8333920971880104,235.40285714285716,0.0240791209024495,7718.3,0.0026140156468457,7536.82,0.012581208738956,7517.17,-0.0174770673657669,7450.55,0.0210623299851735,7458.36,7551.7660000000005,106.83855029955441,0.26511706123716694,7718.3,7423.77,7567.412000000001,94.67497813276533,0.24443219934313992,7718.3,7423.77,7382.5715,223.91032597150627,0.26350062884944003,7718.3,6983.01,7104.518599999999,348.83429056428065,0.276535287970829,7718.3,6366.06,2,12,4,1.024408635933831,1.0645014005592068,0.020709343269725136,-0.009587505467535213,7632.61,0.009234711620213165
2022-12-08,AMZN,7600.82,7713.87,7551.35,7632.61,4934935,7632.61,0.0092347116202131,7401.68,7119.456799999999,5989.384300000001,0.258825972132058,7858.2896271668,6945.070372833201,71.40390647586811,146.42699017375617,145.24495132031,1.1820388534461586,240.6385714285714,-0.0201508104116191,7562.77,0.0240791209024495,7718.3,0.0026140156468457,7536.82,-0.0035943655166397,7423.77,0.0150596109600502,7570.68,7593.534,82.29193538927133,0.2602912254242164,7718.3,7517.17,7573.6050000000005,96.91160362238263,0.23701964154641347,7718.3,7423.77,7401.68,228.3048135833999,0.258825972132057,7718.3,6983.01,7119.456799999999,355.2068729652773,0.2742667643187676,7718.3,6366.06,3,12,4,1.0311996735874784,1.0720775776038036,0.02129284740082072,0.004182443473203652,7464.42,-0.02203571255442105
2022-12-09,AMZN,7455.61,7601.84,7327.0,7464.42,6068184,7464.42,-0.022035712554421,7417.7925,7131.8316,6002.93605,0.2663613091847244,7858.303515353444,6977.281484646557,59.48281082770944,131.0626456394275,142.4084901841335,-11.345844544706011,243.39499999999998,0.0092347116202131,7632.61,-0.0201508104116191,7562.77,0.0240791209024495,7718.3,0.012581208738956,7517.17,0.0173696418287392,7702.18,7582.9839999999995,96.65699990229183,0.313065120116506,7718.3,7464.42,7549.829000000001,90.83781768132833,0.24289601026762764,7718.3,7423.77,7417.7925000000005,220.25550767672172,0.26636130918472345,7718.3,6983.01,7131.8316,356.2506941452818,0.27908244060767823,7718.3,6366.06,4,12,4,1.0062858997469926,1.046634359678228,0.036820007448664906,0.0011816605214059236,7478.49,0.0018849421656337295
2022-12-12,AMZN,7419.15,7548.46,7408.52,7478.49,2526945,7478.49,0.0018849421656337,7426.502,7146.8078000000005,6016.360949999999,0.2552781559058704,7864.445475257201,6988.5585247428,56.3116728575659,118.65385552689713,137.65756325268623,-19.0037077257891,229.11357142857136,-0.022035712554421,7464.42,0.0092347116202131,7632.61,-0.0201508104116191,7562.77,0.0026140156468457,7536.82,-0.0121238402634059,7608.8,7571.317999999999,106.62751272589655,0.3125402998208816,7718.3,7464.42,7536.798000000001,90.78496361057215,0.23834039325289436,7718.3,7423.77,7426.502,218.9717376286003,0.2552781559058695,7718.3,6983.01,7146.8078000000005,354.73603596674985,0.2757308213565004,7718.3,6366.06,0,12,4,1.0070003347469632,1.0464098390891319,0.018712333639542326,0.007998220820443332,7580.24,0.013605687779217446
2022-12-13,AMZN,7543.95,7720.73,7439.76,7580.24,8346115,7580.24,0.0136056877792174,7443.2595,7162.905400000001,6029.60845,0.2562973160742647,7877.609007217812,7008.909992782188,54.59529159759578,115.69649739854049,133.2653500818571,-17.568852683316607,231.17857142857136,0.0018849421656337,7478.49,-0.022035712554421,7464.42,0.0092347116202131,7632.61,0.0240791209024495,7718.3,-0.0033802964987909,7583.08,7543.706,70.96035322706771,0.26379841230616585,7632.61,7464.42,7536.514,90.62840114074872,0.2498133866095215,7718.3,7423.77,7443.2595,217.17475360890612,0.2562973160742638,7718.3,6983.01,7162.905400000001,355.79684850908257,0.2767297053380496,7718.3,6366.06,1,12,4,1.018403294954177,1.058263313096239,0.03706610872478474,0.004810477269864614,7552.45,-0.0036661108355408034
2022-12-14,AMZN,7484.23,7603.98,7484.23,7552.45,7603209,7552.45,-0.0036661108355408,7466.704,7181.09,6042.2187,0.2405493775370144,7868.719590659107,7064.688409340893,49.26587253590923,109.8441342222095,128.58110690992757,-18.736972687718065,223.9378571428571,0.0136056877792174,7580.24,0.0018849421656337,7478.49,-0.022035712554421,7464.42,-0.0201508104116191,7562.77,-0.0174770673657669,7450.55,7541.642,70.41521121256498,0.22064565742103476,7632.61,7464.42,7546.704,85.47081999785809,0.23160110571634684,7718.3,7423.77,7466.704,201.00779532955355,0.24054937753701353,7718.3,6983.01,7181.09,351.9078198410498,0.27253666999377585,7718.3,6366.06,2,12,4,1.0114837818666695,1.0517135977962881,0.0158557818985871,0.009115166156036244,7629.18,0.010159617077901917
2022-12-15,AMZN,7638.26,7689.79,7568.57,7629.18,2818387,7629.18,0.0101596170779019,7496.998,7199.496800000001,6055.58605,0.2374842837946895,7846.167045629228,7147.828954370772,46.9246065175955,110.12807607297873,124.89050074253781,-14.762424669559081,209.64214285714277,-0.0036661108355408,7552.45,0.0136056877792174,7580.24,0.0018849421656337,7478.49,0.0092347116202131,7632.61,-0.0035943655166397,7423.77,7540.956,69.31554537122345,0.2232186728779243,7629.18,7464.42,7567.245,76.89642749248037,0.23348846421732763,7718.3,7464.42,7496.998,174.584522814614,0.23748428379468872,7718.3,6983.01,7199.496800000001,350.7700171281124,0.2725755151147514,7718.3,6366.06,3,12,4,1.0176313238977766,1.0596823933582329,0.015888994623273322,-0.0011887524121984244,7499.93,-0.01694153237962659
2022-12-16,AMZN,7537.59,7613.75,7386.1,7499.93,4118195,7499.93,-0.0169415323796265,7522.844,7218.1474,6068.01845,0.2468797316753276,7774.817254504578,7270.870745495422,45.54800402332714,98.78497551648161,119.66939569732658,-20.88442018084497,208.32571428571418,0.0101596170779019,7629.18,-0.0036661108355408,7552.45,0.0136056877792174,7580.24,-0.022035712554421,7464.42,0.012581208738956,7517.17,7548.058,60.81069124841759,0.1923463559810626,7629.18,7478.49,7565.520999999999,78.32384828387313,0.2456840963068089,7718.3,7464.42,7522.844,125.98662725228914,0.24687973167532665,7718.3,7182.57,7218.1474,341.13442619280306,0.27086910317132684,7718.3,6366.06,4,12,4,0.996954077473759,1.039038077831295,0.03035361663375115,-0.004996291918238437,7280.03,-0.02932027365588752
2022-12-19,AMZN,7235.72,7450.66,7109.4,7280.03,7929720,7280.03,-0.0293202736558875,7527.7170000000015,7233.127400000001,6079.6446,0.2548854648833308,7754.491776106739,7300.942223893264,39.30580355528636,71.23029587231395,109.98157573232406,-38.751279860010115,217.59857142857138,-0.0169415323796265,7499.93,0.0101596170779019,7629.18,-0.0036661108355408,7552.45,0.0018849421656337,7478.49,0.0026140156468457,7536.82,7508.366,135.93545207233112,0.28745249655907207,7629.18,7280.03,7539.842,119.86051159575108,0.2848989932557149,7718.3,7280.03,7527.7170000000015,113.38738805336897,0.2548854648833299,7718.3,7280.03,7233.127400000001,326.4759657610454,0.2797508090740432,7718.3,6366.06,0,12,4,0.9670966642341936,1.0064844150262018,0.04687618045529391,0.006123785884472224,7354.77,0.010266441209720423
2022-12-20,AMZN,7335.34,7517.98,7191.56,7354.77,6549978,7354.77,0.0102664412097204,7530.23,7252.9016,6091.4139000000005,0.2503073025506943,7747.50513104078,7312.954868959221,46.47634463935645,54.79229562834007,98.94371971152727,-44.151424083187194,225.63071428571416,-0.0293202736558875,7280.03,-0.0169415323796265,7499.93,0.0101596170779019,7629.18,0.0136056877792174,7580.24,0.0240791209024495,7718.3,7463.272,143.32855933172377,0.2743443864347474,7629.18,7280.03,7503.489,114.74021937981675,0.25453033481531206,7632.61,7280.03,7530.2300000000005,108.63756552038951,0.2503073025506934,7718.3,7280.03,7252.9016,301.9048826920174,0.273023372277649,7718.3,6504.03,1,12,4,0.9766992508859654,1.0140451926162883,0.04438208128873571,0.002648820640897033,7590.74,0.03208394008242266
2022-12-21,AMZN,7517.36,7775.77,7405.72,7590.74,3495922,7590.74,0.0320839400824226,7536.848999999999,7270.730199999999,6104.142900000001,0.2649665933555917,7752.967988757165,7320.730011242834,55.32331392741486,60.11292454684008,91.17756067858984,-31.064636131749765,232.71142857142846,0.0102664412097204,7354.77,-0.0293202736558875,7280.03,-0.0169415323796265,7499.93,-0.0036661108355408,7552.45,-0.0201508104116191,7562.77,7470.93,150.14530811886112,0.3869672057548909,7629.18,7280.03,7506.286,116.6705377643274,0.29721444464956165,7632.61,7280.03,7536.848999999999,108.05949437858293,0.26496659335559086,7718.3,7280.03,7270.730199999999,294.78319696722804,0.2575523589340477,7718.3,6504.03,2,12,4,1.0071503356374782,1.0440134334786562,0.04875018772872624,0.009761405599836957,7457.27,-0.017583265926642166
2022-12-22,AMZN,7507.9,7591.57,7322.96,7457.27,5540198,7457.27,-0.0175832659266421,7531.1785,7289.795,6116.8203,0.267338635039033,7749.500050136607,7312.856949863393,48.13785470872571,52.94928139698186,83.53190482226825,-30.582623425286386,240.7607142857142,0.0320839400824226,7590.74,0.0102664412097204,7354.77,-0.0293202736558875,7280.03,0.0101596170779019,7629.18,0.0092347116202131,7632.61,7436.548,121.86814358193239,0.39672296751825725,7590.74,7280.03,7488.752,108.46327241152812,0.3055868481239145,7629.18,7280.03,7531.1785,109.16077506830347,0.2673386350390321,7718.3,7280.03,7289.795,274.29888725245286,0.2514493336746355,7718.3,6506.4,3,12,4,0.9901863300675996,1.0229738970710394,0.03601988395216529,-0.006743563446502012,7624.57,0.022434483396738925
2022-12-23,AMZN,7667.26,7765.75,7483.39,7624.57,13265592,7624.57,0.0224344833967389,7527.298,7312.158399999999,6130.383500000001,0.2724152438322393,7735.338843723554,7319.257156276445,52.49856208066299,60.079198799264304,78.84136361766747,-18.762164818403164,256.2671428571427,-0.0175832659266421,7457.27,0.0320839400824226,7590.74,0.0102664412097204,7354.77,-0.0169415323796265,7499.93,-0.022035712554421,7464.42,7461.476,148.01633889576956,0.4157019885996281,7624.57,7280.03,7504.767,116.03074966478879,0.3061181401585415,7629.18,7280.03,7527.298,104.02042186177728,0.2724152438322385,7718.3,7280.03,7312.158399999999,253.9530162825302,0.2551759630731192,7718.3,6642.93,4,12,4,1.0129225653081606,1.042724949721953,0.03703290808530352,-0.005567829967940951,7631.97,0.0009705465357390253
2022-12-26,AMZN,7565.3,7765.53,7498.41,7631.97,4171844,7631.97,0.000970546535739,7528.456499999998,7331.939199999999,6143.8615500000005,0.2688617111172074,7738.655165054972,7318.257834945025,47.27137104634099,65.57096657826878,76.18728420978773,-10.616317631518953,257.5149999999998,0.0224344833967389,7624.57,-0.0175832659266421,7457.27,0.0320839400824226,7590.74,-0.0293202736558875,7280.03,0.0018849421656337,7478.49,7531.864,121.45837426916998,0.3057735940975425,7631.97,7354.77,7520.115,122.15778742173119,0.30618662597724144,7631.97,7280.03,7528.456499999998,105.09933252748655,0.2688617111172065,7718.3,7280.03,7331.939199999999,238.83062887560615,0.2519798603248327,7718.3,6769.29,0,12,4,1.0137496311493581,1.0409210703764373,0.035000137579152546,0.008812604919830179,7452.07,-0.023571895591832814
2022-12-27,AMZN,7431.93,7582.15,7321.98,7452.07,3105687,7452.07,-0.0235718955918328,7521.906,7345.5948,6156.628549999999,0.2817597580217847,7733.100354929411,7310.711645070589,46.55419286518596,54.77538900822219,71.90490516947463,-17.12951616125244,262.95428571428556,0.000970546535739,7631.97,0.0224344833967389,7624.57,-0.0175832659266421,7457.27,0.0102664412097204,7354.77,0.0136056877792174,7580.24,7551.3240000000005,89.61010869377692,0.3853731823794591,7631.97,7452.07,7507.298000000001,121.8720078880371,0.32378538573021753,7631.97,7280.03,7521.906,105.59717746470551,0.2817597580217839,7718.3,7280.03,7345.5948,225.1302077414067,0.256077635700092,7718.3,6837.26,1,12,4,0.9907156510595863,1.0144951093679964,0.03491244714555354,0.0027099286457214623,7303.2,-0.01997699967928368
2022-12-28,AMZN,7369.7,7369.7,7245.19,7303.2,4285607,7303.2,-0.0199769996792836,7514.538500000001,7354.1564,6168.5074,0.283863431556256,7745.563469466955,7283.513530533046,40.227136524856746,33.81742494042646,64.287409123665,-30.469984183238537,266.122857142857,-0.0235718955918328,7452.07,0.000970546535739,7631.97,0.0224344833967389,7624.57,0.0320839400824226,7590.74,-0.0036661108355408,7552.45,7493.816000000001,137.473574115568,0.3057096735142121,7631.97,7303.2,7482.373000000001,136.25132456439,0.33690430296376495,7631.97,7280.03,7514.538500000001,115.51248473347725,0.2838634315562551,7718.3,7280.03,7354.1564,214.77480581120298,0.2588281139715883,7718.3,6837.26,2,12,4,0.9718760506715118,0.9930710747461131,0.017048690984771492,-0.009023433789705276,7306.65,0.00047239566217549545
2022-12-29,AMZN,7290.87,7422.64,7190.66,7306.65,4414591,7306.65,0.0004723956621754,7508.6825,7363.5442,6180.03885,0.2837082726592521,7754.837094802677,7262.527905197323,44.81221104924576,17.28719753756195,54.88736680644439,-37.60016926888244,260.8635714285714,-0.0199769996792836,7303.2,-0.0235718955918328,7452.07,0.000970546535739,7631.97,-0.0175832659266421,7457.27,0.0101596170779019,7629.18,7463.692,161.82873576750077,0.29504734137416255,7631.97,7303.2,7450.12,135.81176859493507,0.3296213239175721,7631.97,7280.03,7508.6825,123.07729740133833,0.28370827265925136,7718.3,7280.03,7363.5442,201.57295097211656,0.2583624735010742,7718.3,6983.01,3,12,4,0.9730934821120785,0.9922735304554846,0.031749160011765816,0.002164350756493749,7255.01,-0.007067534369375794
2022-12-30,AMZN,7258.81,7347.3,7162.72,7255.01,3242937,7255.01,-0.0070675343693757,7495.574500000001,7368.506600000001,6191.32115,0.2801113080431984,7766.500284320794,7224.648715679207,42.82872105521925,0.01972937249684037,43.91383931965488,-43.89410994715804,264.0521428571428,0.0004723956621754,7306.65,-0.0199769996792836,7303.2,-0.0235718955918328,7452.07,0.0224344833967389,7624.57,-0.0169415323796265,7499.93,7389.780000000001,154.19604923637033,0.18138380463568968,7631.97,7255.01,7425.628,147.4192146981444,0.32251457820034396,7631.97,7255.01,7495.574500000001,135.4628921603967,0.28011130804319756,7718.3,7255.01,7368.506600000001,195.57853775666666,0.25340914152789634,7718.3,6983.01,4,12,4,0.9679057956130022,0.9845970688278972,0.025441729232623313,-0.0005235017861053889,7086.9,-0.023171573850346294
2023-01-02,AMZN,7066.38,7185.06,6988.74,7086.9,4772853,7086.9,-0.0231715738503462,7473.0785,7367.757,6201.65695,0.2897245038460118,7798.766747208639,7147.390252791362,34.81582251958275,-26.919622943407376,29.74714686704243,-56.66676981044981,263.0021428571429,-0.0070675343693757,7255.01,0.0004723956621754,7306.65,-0.0199769996792836,7303.2,0.000970546535739,7631.97,-0.0293202736558875,7280.03,7280.765999999999,131.11609714333932,0.1714840253646587,7452.07,7086.9,7406.3150000000005,178.0760712760324,0.30975810563088874,7631.97,7086.9,7473.0785000000005,162.8441236043191,0.28972450384601084,7718.3,7086.9,7367.757,196.60244992186844,0.25632925965973297,7718.3,6983.01,0,1,1,0.9483240407549648,0.961880257451357,0.027701816026749766,0.0029038913842726576,6875.35,-0.029850851571208703
2023-01-03,AMZN,6888.57,6981.73,6768.98,6875.35,2421855,6875.35,-0.0298508515712087,7430.931000000001,7362.204000000001,6210.2973,0.2863045489587496,7832.366189442161,7029.495810557842,31.277788837769663,-64.5949602513856,10.878725443356826,-75.47368569474243,277.1571428571429,-0.0231715738503462,7086.9,-0.0070675343693757,7255.01,0.0004723956621754,7306.65,-0.0235718955918328,7452.07,0.0102664412097204,7354.77,7165.4220000000005,185.24416635915398,0.1960662344019024,7306.65,6875.35,7358.373,245.3302479448106,0.32831993505626655,7631.97,6875.35,7430.931000000001,200.71759472107968,0.2863045489587488,7632.61,6875.35,7362.204000000001,206.4656880422269,0.2647528405614232,7718.3,6875.35,1,1,1,0.9252339982700786,0.9338711614075168,0.030943879220689714,-0.001919121094798692,6772.63,-0.01494033031045694
2023-01-04,AMZN,6837.4,6837.4,6721.38,6772.63,3065101,6772.63,-0.0149403303104569,7391.423999999999,7353.9486,6218.198999999999,0.2833774551742811,7883.514305679263,6899.333694320735,26.651474428315822,-101.57073779750772,-11.611167204816084,-89.95957059269163,278.3450000000001,-0.0298508515712087,6875.35,-0.0231715738503462,7086.9,-0.0070675343693757,7255.01,-0.0199769996792836,7303.2,0.0320839400824226,7590.74,7059.308,232.5206860046964,0.19273083018307388,7306.65,6772.63,7276.562,291.32883618953923,0.24868503919068258,7631.97,6772.63,7391.423999999999,246.0451528396319,0.28337745517428026,7632.61,6772.63,7353.9486,221.3919878627304,0.2663949821015209,7718.3,6772.63,2,1,1,0.9162821670085608,0.9209515008031303,0.017130715837124187,-0.009472899055194965,6797.58,0.0036839455278081523
2023-01-05,AMZN,6865.22,6880.44,6714.72,6797.58,5417271,6797.58,0.0036839455278081,7349.672500000001,7346.949399999999,6226.12655,0.2802560075090047,7894.474227753784,6804.870772246217,29.70051503759265,-127.39254940432511,-34.767443644717886,-92.62510575960722,272.81928571428574,-0.0149403303104569,6772.63,-0.0298508515712087,6875.35,-0.0231715738503462,7086.9,0.0004723956621754,7306.65,-0.0175832659266421,7457.27,6957.494000000001,207.21758233820674,0.209499899110524,7255.01,6772.63,7210.592999999999,319.2180903064314,0.2562689432449753,7631.97,6772.63,7349.672500000001,272.4008638768917,0.2802560075090039,7631.97,6772.63,7346.9493999999995,233.26424846918349,0.26642308729014835,7718.3,6772.63,3,1,1,0.9248820270561816,0.9252248286886358,0.024379264385262837,-0.009852561170653012,6798.07,7.20844771227025e-05
2023-01-06,AMZN,6835.42,6840.69,6755.46,6798.07,1982474,6798.07,7.20844771227025e-05,7316.355,7342.2552,6234.4973,0.2740068351648875,7910.845422268322,6721.864577731679,34.04697595562129,-146.13245821987493,-57.0404465597493,-89.09201166012564,251.0121428571428,0.0036839455278081,6797.58,-0.0149403303104569,6772.63,-0.0298508515712087,6875.35,-0.0070675343693757,7255.01,0.0224344833967389,7624.57,6866.106,129.32315581553337,0.23008243708398055,7086.9,6772.63,7127.942999999999,306.88212478444996,0.19693405713535375,7631.97,6772.63,7316.3550000000005,297.245211134161,0.2740068351648868,7631.97,6772.63,7342.2552000000005,241.91677938475652,0.2641445574710198,7718.3,6772.63,4,1,1,0.9291607637955062,0.9258830992416436,0.012537381933399778,-0.005464185082993422,6738.28,-0.008795143327444355
2023-01-09,AMZN,6725.39,6904.0,6572.57,6738.28,5740586,6738.28,-0.0087951433274443,7279.344500000001,7333.170800000001,6242.2529,0.2733159642388403,7921.581872168436,6637.107127831566,29.390014776304284,-163.91896845177325,-78.41615093815409,-85.50281751361916,251.37000000000003,7.20844771227025e-05,6798.07,0.0036839455278081,6797.58,-0.0149403303104569,6772.63,-0.0231715738503462,7086.9,0.000970546535739,7631.97,6796.382,50.448561625547505,0.2112870075567847,6875.35,6738.28,7038.5740000000005,271.9304653440271,0.1856206381541627,7452.07,6738.28,7279.344500000001,321.1186860842176,0.27331596423883964,7631.97,6738.28,7333.170800000001,255.78593510848387,0.2593058103466997,7718.3,6738.28,0,1,1,0.9256712606470366,0.918876729285929,0.049186142457711926,0.0019166174749713398,6764.09,0.0038303543337470103
2023-01-10,AMZN,6763.33,6813.94,6714.23,6764.09,1788722,6764.09,0.003830354333747,7238.537000000001,7321.136799999999,6249.97805,0.2665827856393686,7903.584850628513,6573.4891493714895,17.845890543973027,-173.9273286795933,-97.51838648644194,-76.40894219315136,228.4207142857143,-0.0087951433274443,6738.28,7.20844771227025e-05,6798.07,0.0036839455278081,6797.58,-0.0298508515712087,6875.35,-0.0235718955918328,7452.07,6774.13,25.056437298346555,0.13202057731540226,6798.07,6738.28,6969.776,240.9579211858774,0.19000698114872971,7306.65,6738.28,7238.537000000001,332.5239253142558,0.26658278563936794,7631.97,6738.28,7321.136799999999,268.07872253358687,0.25306696510241533,7718.3,6738.28,1,1,1,0.9344554016922293,0.923912526808552,0.014741081209739269,0.00011237068130641353,6893.2,0.019087563885164194
2023-01-11,AMZN,6873.45,6963.31,6823.09,6893.2,2001235,6893.2,0.0190875638851641,7205.5745,7313.9834,6257.73375,0.2805782822791255,7870.461795727882,6540.687204272117,27.98476297497301,-169.4871855113097,-111.9121462914155,-57.575039219894194,223.46428571428578,0.003830354333747,6764.09,-0.0087951433274443,6738.28,7.20844771227025e-05,6798.07,-0.0149403303104569,6772.63,-0.0199769996792836,7303.2,6798.244000000001,58.69261052369923,0.15993272688251917,6893.2,6738.28,6928.776000000001,210.93147861594448,0.22760030594660696,7306.65,6738.28,7205.5745,332.4436478639414,0.2805782822791247,7631.97,6738.28,7313.9834,274.682666530417,0.25515518844705537,7718.3,6738.28,2,1,1,0.9566482172932974,0.9424686416432196,0.020341786108045597,0.0028733750882012853,6943.58,0.007308652004874405
2023-01-12,AMZN,7011.01,7102.08,6785.09,6943.58,3276261,6943.58,0.0073086520048744,7171.294500000001,7308.2114,6265.71375,0.2787918721649549,7814.568024780472,6528.02097521953,20.75212383046245,-160.05804558731143,-121.54132615059468,-38.51671943671674,224.07214285714295,0.0190875638851641,6893.2,0.003830354333747,6764.09,-0.0087951433274443,6738.28,0.0036839455278081,6797.58,0.0004723956621754,7306.65,6827.444,87.51885813976017,0.16214211874339052,6943.58,6738.28,6892.469,164.88285878498368,0.23522393833116356,7255.01,6738.28,7171.294500000001,321.6367623902358,0.27879187216495416,7631.97,6738.28,7308.2114,279.42794626722184,0.2557823643017122,7718.3,6738.28,3,1,1,0.9682463884308516,0.9501066156897225,0.04565224279117604,-0.009617729827798087,6929.74,-0.0019932081145461744
2023-01-13,AMZN,6958.53,7031.29,6828.19,6929.74,4486351,6929.74,-0.0019932081145461,7142.784999999999,7302.5084,6274.4797,0.2750037216089925,7775.181508579458,6510.38849142054,20.005808936981467,-151.95056507036406,-127.62317393454856,-24.327391135815503,219.49928571428583,0.0073086520048744,6943.58,0.0190875638851641,6893.2,0.003830354333747,6764.09,7.20844771227025e-05,6798.07,-0.0070675343693757,7255.01,6853.778,95.88071245087932,0.16614886240282206,6943.58,6738.28,6859.942,107.52276635411869,0.23534483050874908,7086.9,6738.28,7142.784999999999,316.1982542897294,0.2750037216089917,7631.97,6738.28,7302.5084,284.2399240606698,0.2557703037383694,7718.3,6738.28,4,1,1,0.9701733987511916,0.9489533760754114,0.029308458903215855,-0.004137368093547894,7047.8,0.0170367142201584
2023-01-16,AMZN,7040.6,7102.16,6993.44,7047.8,6796445,7047.8,0.0170367142201584,7131.1735,7299.224200000001,6284.6113000000005,0.2670693365706974,7761.484167905175,6500.862832094825,31.769438205899547,-134.44902831127,-128.98834480989285,-5.4606835013771615,209.67285714285723,-0.0019932081145461,6929.74,0.0073086520048744,6943.58,0.0190875638851641,6893.2,-0.0087951433274443,6738.28,-0.0231715738503462,7086.9,6915.681999999999,102.36780069968276,0.14126743444721931,7047.8,6764.09,6856.031999999999,98.70163848689647,0.2324520459911335,7047.8,6738.28,7131.1735,315.1553339525874,0.26706933657069665,7631.97,6738.28,7299.224200000001,286.24848265231043,0.2588452032650152,7718.3,6738.28,0,1,1,0.9883085862374561,0.9655546681247349,0.015426090411189992,0.0010226401158990419,6928.38,-0.016944294673515103
2023-01-17,AMZN,6860.78,7016.27,6840.5,6928.38,4093267,6928.38,-0.0169442946735151,7109.853999999999,7293.3574,6293.8063,0.2686504139820861,7737.158038276674,6482.5499617233245,32.63628951519762,-128.73119719447186,-128.93691528680867,0.20571809233680938,209.70285714285723,0.0170367142201584,7047.8,-0.0019932081145461,6929.74,0.0073086520048744,6943.58,0.003830354333747,6764.09,-0.0298508515712087,6875.35,6948.539999999999,58.52249652988916,0.23533361328706193,7047.8,6893.2,6861.335000000001,101.2466465013817,0.1923177876850429,7047.8,6738.28,7109.853999999999,313.65201913833727,0.26865041398208533,7631.97,6738.28,7293.3574,290.838655382164,0.2614795121899696,7718.3,6738.28,1,1,1,0.9744757065333586,0.9499575600119432,0.025369566911742,0.009853107081117673,6901.69,-0.003852271382343453
2023-01-18,AMZN,6904.51,6952.19,6851.18,6901.69,3624342,6901.69,-0.0038522713823434,7075.4015,7284.4464,6303.1230000000005,0.2348359917937199,7666.121952873847,6484.681047126152,31.635466550171515,-124.91350959932333,-128.1322341493116,3.2187245499882806,200.34785714285712,-0.0169442946735151,6928.38,0.0170367142201584,7047.8,-0.0019932081145461,6929.74,0.0190875638851641,6893.2,-0.0149403303104569,6772.63,6950.238,56.607246180069076,0.20222154929284614,7047.8,6901.69,6874.241,96.81153024188635,0.17403786302550187,7047.8,6738.28,7075.4015,295.36022643692394,0.23483599179371917,7631.97,6738.28,7284.4464,295.93500290762114,0.2582553517948496,7718.3,6738.28,2,1,1,0.9754485310832217,0.947455663892187,0.014635545786609465,-0.000408428693708925,6878.04,-0.003426696939445195
2023-01-19,AMZN,6944.61,6944.61,6816.11,6878.04,5043634,6878.04,-0.0034266969394451,7046.44,7276.998399999999,6312.1178,0.2298120185776554,7614.700178476751,6478.179821523248,32.45949542565451,-122.38553772734849,-126.98289486491899,4.597357137570498,196.34214285714285,-0.0038522713823434,6901.69,-0.0169442946735151,6928.38,0.0170367142201584,7047.8,0.0073086520048744,6943.58,0.0036839455278081,6797.58,6937.13,65.43440455976192,0.1929683869395094,7047.8,6878.04,6882.286999999999,93.00083261872241,0.17569934120141786,7047.8,6738.28,7046.44,284.1300892383755,0.22981201857765474,7631.97,6738.28,7276.9983999999995,301.4432922224904,0.25683869002180054,7718.3,6738.28,3,1,1,0.9761014072352882,0.9451754173807508,0.01868264796366135,-0.009585851473299455,6727.86,-0.021834708725160135
2023-01-20,AMZN,6730.96,6768.5,6687.22,6727.86,2823380,6727.86,-0.0218347087251601,7001.6045,7268.7122,6320.30465,0.2157342330175487,7516.830096556145,6486.378903443854,33.010296789386985,-130.99039694187104,-127.78439528030941,-3.206001661561629,190.95285714285708,-0.0034266969394451,6878.04,-0.0038522713823434,6901.69,-0.0169442946735151,6928.38,-0.0019932081145461,6929.74,7.20844771227025e-05,6798.07,6896.754000000001,114.79858352823659,0.23973250959088196,7047.8,6727.86,6875.2660000000005,102.25493448564997,0.21068306047411905,7047.8,6727.86,7001.6044999999995,257.6127982780727,0.21573423301754796,7631.97,6727.86,7268.7122,310.77507097567167,0.2592307111725904,7718.3,6727.86,4,1,1,0.9609026045385795,0.9255917437478228,0.012081107514125987,-0.00046055837503118473,6678.46,-0.007342602253911257
2023-01-23,AMZN,6636.04,6770.38,6586.53,6678.46,4229401,6678.46,-0.0073426022539112,6953.929000000001,7256.1954,6328.316049999999,0.21410798163254,7394.628291481046,6513.229708518956,38.99428724687148,-140.18006844109095,-130.26352991246574,-9.91653852862521,181.37642857142853,-0.0218347087251601,6727.86,-0.0034266969394451,6878.04,-0.0038522713823434,6901.69,0.0170367142201584,7047.8,-0.0087951433274443,6738.28,6822.886,112.10467019748735,0.13139342280110256,6928.38,6678.46,6869.284,112.40513968081976,0.20929179221398192,7047.8,6678.46,6953.929000000001,220.34964574052248,0.21410798163253938,7452.07,6678.46,7256.1954000000005,321.72284136811703,0.2537835959165026,7718.3,6678.46,0,1,1,0.9603865670758269,0.920380396591729,0.02752880155005388,0.0063923665318463534,6434.83,-0.036479966938485875
2023-01-24,AMZN,6373.33,6570.82,6298.85,6434.83,2475681,6434.83,-0.0364799669384858,6903.067,7239.9902,6335.14855,0.2318733368847437,7336.439531182434,6469.694468817566,33.6874637816577,-165.2173316562512,-137.25429026122285,-27.96304139502834,197.49357142857136,-0.0073426022539112,6678.46,-0.0218347087251601,6727.86,-0.0034266969394451,6878.04,-0.0169442946735151,6928.38,0.003830354333747,6764.09,6724.176000000001,187.7564798617737,0.2278557848701771,6901.69,6434.83,6836.358,176.55893714123528,0.2725237063069664,7047.8,6434.83,6903.067,216.686265591217,0.23187333688474296,7306.65,6434.83,7239.9902,342.0574337529417,0.2652236743504125,7718.3,6434.83,1,1,1,0.9321697152872871,0.8887898770911472,0.04226529682990181,0.009649586636811579,6661.42,0.03521305147144527
2023-01-25,AMZN,6642.07,6772.8,6550.05,6661.42,4134351,6661.42,0.0352130514714452,6870.978,7231.547399999999,6343.501,0.2710207190105143,7273.548318858175,6468.407681141825,44.49654012754403,-164.87504691990944,-142.77844159296018,-22.09660532694926,209.79714285714286,-0.0364799669384858,6434.83,-0.0073426022539112,6678.46,-0.0218347087251601,6727.86,-0.0038522713823434,6901.69,0.0190875638851641,6893.2,6676.122,159.60196089047062,0.42623198889394043,6878.04,6434.83,6813.18,183.35079268379565,0.3200513866596048,7047.8,6434.83,6870.978,201.28515942908726,0.27102071901051356,7306.65,6434.83,7231.5473999999995,351.0878178578384,0.2741246649406646,7718.3,6434.83,2,1,1,0.9695009938903938,0.9211610781945617,0.03343881634846122,0.0029132484300824065,6551.2,-0.016546021719092918
2023-01-26,AMZN,6605.99,6663.4,6438.99,6551.2,3797564,6551.2,-0.0165460217190929,6833.205499999999,7222.1054,6351.304750000001,0.2736411960224886,7204.181803767704,6462.229196232294,40.834737928100814,-171.5204358367937,-148.52684044172688,-22.99359539506682,219.73857142857145,0.0352130514714452,6661.42,-0.0364799669384858,6434.83,-0.0073426022539112,6678.46,-0.0034266969394451,6878.04,0.0073086520048744,6943.58,6610.753999999999,117.64447917382873,0.4299010060829468,6727.86,6434.83,6773.942,194.01912063848798,0.3204568702942646,7047.8,6434.83,6833.205499999999,185.48815188385228,0.2736411960224878,7255.01,6434.83,7222.1054,362.95044282624946,0.27583327981149597,7718.3,6434.83,3,1,1,0.9587301303903477,0.9071039035236307,0.0342547930150149,-0.00829398772931713,6742.2,0.02915496397606554
2023-01-27,AMZN,6809.15,6809.15,6681.44,6742.2,2899641,6742.2,0.0291549639760655,6807.565,7217.2892,6360.32,0.2995227217084175,7122.433559143567,6492.696440856433,50.1326134313713,-159.53582104703855,-150.72863656278923,-8.80718448424932,214.48999999999998,-0.0165460217190929,6551.2,0.0352130514714452,6661.42,-0.0364799669384858,6434.83,-0.0218347087251601,6727.86,-0.0019932081145461,6929.74,6613.622,121.3301307181423,0.4857472610080454,6742.2,6434.83,6755.188,186.1923095320747,0.3653256568640392,7047.8,6434.83,6807.565,157.4342795717836,0.29952272170841676,7086.9,6434.83,7217.2892,367.7538264612248,0.2839137694910381,7718.3,6434.83,4,1,1,0.9903981820223544,0.9341734567043628,0.01894188840437559,-0.009832357930136652,6748.09,0.0008736020883390871
2023-01-30,AMZN,6808.2,6828.24,6667.94,6748.09,4272976,6748.09,0.000873602088339,6790.6245,7208.5996,6369.525,0.2905942256704951,7077.419904021179,6503.829095978821,49.45132573371993,-147.8582360003984,-150.15455645031108,2.2963204499126846,218.81785714285712,0.0291549639760655,6742.2,-0.0165460217190929,6551.2,0.0352130514714452,6661.42,-0.0073426022539112,6678.46,0.0170367142201584,7047.8,6627.548000000001,133.97015701297767,0.48054475549881115,6748.09,6434.83,6725.217,155.43994045932763,0.34980124888706543,6928.38,6434.83,6790.6245,143.39770201058934,0.29059422567049437,7047.8,6434.83,7208.5996,373.67638449110217,0.2760010212756133,7718.3,6434.83,0,1,1,0.9937362903808046,0.9361166349146461,0.02375486989651537,-0.008829059075818988,6818.33,0.010408871250976226
2023-01-31,AMZN,6849.62,6967.69,6668.98,6818.33,4261896,6818.33,0.0104088712509762,6787.7735,7198.876,6379.219150000001,0.2746476509439067,7072.146027452594,6503.400972547406,47.32452347382233,-131.4209458812311,-146.40783433649509,14.986888455263994,225.92428571428567,0.000873602088339,6748.09,0.0291549639760655,6742.2,-0.0165460217190929,6551.2,-0.0364799669384858,6434.83,-0.0169442946735151,6928.38,6704.248,102.02341138230972,0.334325382710532,6818.33,6551.2,6714.2119999999995,142.8433103322172,0.3486677151280564,6901.69,6434.83,6787.7735,142.18626372629683,0.2746476509439059,7047.8,6434.83,7198.876,377.43636068524404,0.2741765386290618,7718.3,6434.83,1,1,1,1.0045016970585414,0.947138136564521,0.043809847865966624,-0.004568136626556713,6759.88,-0.008572480358093548
2023-02-01,AMZN,6767.74,6805.55,6714.2,6759.88,6401139,6759.88,-0.0085724803580935,6787.136,7184.9064,6388.715800000001,0.2710441477362932,7071.708562897386,6502.563437102614,43.47313218551753,-121.70773059263774,-141.46781358772364,19.760082995085895,210.72,0.0104088712509762,6818.33,0.000873602088339,6748.09,0.0291549639760655,6742.2,0.0352130514714452,6661.42,-0.0038522713823434,6901.69,6723.9400000000005,101.18907228591719,0.2816823961333734,6818.33,6551.2,6700.031,128.48020162655263,0.35040448148700537,6878.04,6434.83,6787.136,142.2862814486929,0.2710441477362924,7047.8,6434.83,7184.9064,380.5495534133193,0.26982189903964193,7718.3,6434.83,2,2,1,0.9959841676959181,0.9408445460053675,0.013513553495030509,-0.0011613921338583502,6786.5,0.003937939726740725
2023-02-02,AMZN,6798.81,6936.88,6636.12,6786.5,2104422,6786.5,0.0039379397267407,6786.581999999999,7169.2228000000005,6397.93415,0.2710908820275678,7071.112091247947,6502.051908752052,44.95648009870893,-110.5871461859906,-135.29168010737703,24.704533921386428,217.69571428571427,-0.0085724803580935,6759.88,0.0104088712509762,6818.33,0.000873602088339,6748.09,-0.0165460217190929,6551.2,-0.0034266969394451,6878.04,6771.0,31.457675535326977,0.22333816462662284,6818.33,6742.2,6690.877,117.1495656605015,0.3514284825390242,6818.33,6434.83,6786.581999999999,142.26504562397392,0.2710908820275671,7047.8,6434.83,7169.2228000000005,380.4853986634131,0.2673873206903649,7718.3,6434.83,3,2,1,0.9999879173343813,0.946615859113634,0.044317394827960786,-0.0018106109745674006,6867.72,0.011967877403669114
2023-02-03,AMZN,6873.07,6968.49,6766.94,6867.72,3880153,6867.72,0.0119678774036691,6790.0645,7152.5336,6407.611650000001,0.2743685616219571,7076.882383057098,6503.246616942903,43.490456911069366,-94.13509690800765,-127.06036346750317,32.92526655949551,219.77642857142857,0.0039379397267407,6786.5,-0.0085724803580935,6759.88,0.0104088712509762,6818.33,0.0291549639760655,6742.2,-0.0218347087251601,6727.86,6796.104000000001,48.302706239781756,0.13091007559956944,6867.72,6748.09,6704.863,129.72869510807553,0.336276191678647,6867.72,6434.83,6790.0645,143.40894152854912,0.27436856162195633,7047.8,6434.83,7152.5336,374.8910558143625,0.26563944835251385,7718.3,6434.83,4,2,1,1.0114366365737746,0.960180040258607,0.02934743990727211,-0.000778400336385149,6951.67,0.012223853040019161
2023-02-06,AMZN,6980.46,7102.82,6800.52,6951.67,2951133,6951.67,0.0122238530400191,6800.734,7139.3910000000005,6417.245500000001,0.2749139248749913,7095.21456116042,6506.253438839579,50.86404546851959,-73.47568397616214,-116.34342756923496,42.86774359307282,226.5621428571428,0.0119678774036691,6867.72,0.0039379397267407,6786.5,-0.0085724803580935,6759.88,0.000873602088339,6748.09,-0.0073426022539112,6678.46,6836.82,75.72826189797192,0.13983970552396216,6951.67,6759.88,6732.183999999999,150.63495810881264,0.33497157138930955,6951.67,6434.83,6800.7339999999995,147.24028058021025,0.27491392487499045,7047.8,6434.83,7139.3910000000005,370.05660471726867,0.2665617827693329,7718.3,6434.83,0,2,1,1.0221940749335259,0.9737063007193506,0.04348595373485159,-0.004124370027189589,7050.62,0.014233989818273951
2023-02-07,AMZN,7039.18,7130.72,6970.53,7050.62,5664389,7050.62,0.0142339898182739,6815.0605,7128.741800000001,6426.66405,0.2784396573925373,7129.2543933697325,6500.866606630267,55.24405101389911,-48.558757217866514,-102.78649349896128,54.227736281094764,232.13642857142855,0.0122238530400191,6951.67,0.0119678774036691,6867.72,0.0039379397267407,6786.5,0.0104088712509762,6818.33,-0.0364799669384858,6434.83,6883.278,119.91237392399945,0.14973565139173564,7050.62,6759.88,6793.763000000001,141.13837489420234,0.24786289283818996,7050.62,6551.2,6815.0605,157.09694668486637,0.2784396573925364,7050.62,6434.83,7128.741800000001,364.64975459369253,0.2689022648804954,7718.3,6434.83,1,2,1,1.0345645500871146,0.9890412919709071,0.022719987745755378,0.001625189297616764,7005.35,-0.0064207119373898
2023-02-08,AMZN,7029.05,7087.85,6922.85,7005.35,5407891,7005.35,-0.0064207119373898,6820.668,7119.8378,6435.450699999999,0.2726090395509109,7144.586441236273,6496.749558763727,54.41554928117744,-32.09485440475237,-88.64816568011949,56.55331127536712,234.7435714285714,0.0142339898182739,7050.62,0.0122238530400191,6951.67,0.0119678774036691,6867.72,-0.0085724803580935,6759.88,0.0352130514714452,6661.42,6932.372,106.23007140207703,0.13600593979822656,7050.62,6786.5,6828.156,147.0849989480704,0.2113683381632769,7050.62,6551.2,6820.668,161.9592206181364,0.2726090395509102,7050.62,6434.83,7119.8378,362.0577158482335,0.2666204466304294,7718.3,6434.83,2,2,1,1.0270768200415228,0.9839198864894108,0.023553427023628573,-0.003371721640904026,6946.34,-0.008423561991906192
2023-02-09,AMZN,6893.78,7085.49,6807.19,6946.34,4901034,6946.34,-0.0084235619919061,6820.806,7110.2892,6443.68365,0.2734584567074812,7144.947198823972,6496.664801176027,58.08921536624121,-23.537382349980362,-75.62600901409166,52.0886266641113,240.99214285714288,-0.0064207119373898,7005.35,0.0142339898182739,7050.62,0.0122238530400191,6951.67,0.0039379397267407,6786.5,-0.0165460217190929,6551.2,6964.340000000001,68.82225621186244,0.17681097750608282,7050.62,6867.72,6867.67,113.70294738678653,0.191000930529668,7050.62,6742.2,6820.806,162.07059941198622,0.2734584567074805,7050.62,6434.83,7110.2892,360.1692234629912,0.2670734721648256,7718.3,6434.83,3,2,1,1.018404569782366,0.9769419786749353,0.04006426405847685,0.007624264191777628,6751.12,-0.02810400872977714
2023-02-10,AMZN,6719.48,6890.87,6611.37,6751.12,3018503,6751.12,-0.0281040087297771,6811.875,7094.9682,6450.779149999999,0.2913103800714232,7133.209379604944,6490.540620395056,52.42805394735274,-32.13768336290741,-66.92834388385481,34.7906605209474,251.7864285714286,-0.0084235619919061,6946.34,-0.0064207119373898,7005.35,0.0142339898182739,7050.62,0.0119678774036691,6867.72,0.0291549639760655,6742.2,6941.0199999999995,114.40524878732877,0.27491551525096686,7050.62,6751.12,6868.562,112.63928028099305,0.2113243065911729,7050.62,6748.09,6811.875,160.66718980247177,0.29131038007142235,7050.62,6434.83,7094.9682,358.7986042943974,0.27186036604348024,7718.3,6434.83,4,2,1,0.9910810166068826,0.9515363296482495,0.04140053798480231,0.004708697696844937,6816.28,0.009651731860787605
2023-02-13,AMZN,6862.09,6881.67,6750.89,6816.28,5700093,6816.28,0.0096517318607876,6800.299000000001,7080.5574,6457.776849999999,0.2863341031823684,7101.923965664122,6498.67403433588,64.47309510551557,-33.311620813344234,-60.2049992697527,26.893378456408463,234.01285714285717,-0.0281040087297771,6751.12,-0.0084235619919061,6946.34,-0.0064207119373898,7005.35,0.0122238530400191,6951.67,0.000873602088339,6748.09,6913.942,126.6242457829061,0.2662358235753137,7050.62,6751.12,6875.380999999999,106.42858027281355,0.2166211576888164,7050.62,6751.12,6800.299000000001,150.8124828320607,0.2863341031823676,7050.62,6434.83,7080.5574,355.14113393332,0.27293211039811077,7718.3,6434.83,0,2,1,1.0023500437258708,0.9626756221196705,0.01918641839830238,-0.006675808682193577,6951.69,0.01986567453214949
2023-02-14,AMZN,7007.83,7121.71,6781.67,6951.69,2168947,6951.69,0.0198656745321494,6801.4645,7065.2252,6465.402899999999,0.2898159978604495,7105.345023300451,6497.583976699549,61.83220420437982,-23.049815444731394,-52.77396250474844,29.724147060017046,234.16071428571428,0.0096517318607876,6816.28,-0.0281040087297771,6751.12,-0.0084235619919061,6946.34,0.0142339898182739,7050.62,0.0104088712509762,6818.33,6894.156,105.97335198100149,0.29203707323019823,7005.35,6751.12,6888.717,106.84003734034616,0.23262266019953604,7050.62,6751.12,6801.4645,151.9402616502257,0.28981599786044865,7050.62,6434.83,7065.2252,343.40056311528286,0.2710297726841036,7632.61,6434.83,1,2,1,1.0220872284195524,0.9839304202219931,0.04891472433321265,-0.008011039080570208,7158.21,0.029707883982168504
2023-02-15,AMZN,7163.8,7206.1,7110.33,7158.21,1998046,7158.21,0.0297078839821685,6814.2905,7057.134,6473.5712,0.3073507780730504,7155.360980290464,6473.220019709536,72.94222584981505,1.7272664303327474,-41.8737167177322,43.60098314806495,236.3035714285715,0.0198656745321494,6951.69,0.0096517318607876,6816.28,-0.0281040087297771,6751.12,-0.0064207119373898,7005.35,-0.0085724803580935,6759.88,6924.728,156.21185828895995,0.3661572955112669,7158.21,6751.12,6928.55,126.00439489688677,0.26134186039744306,7158.21,6751.12,6814.2905,170.535240145232,0.30735077807304956,7158.21,6434.83,7057.134,336.1272645220513,0.27685828081366004,7632.61,6434.83,2,2,1,1.0504703314305355,1.0143225280969563,0.013379043084791736,-0.0007803121248498513,7199.0,0.005698351962292181
2023-02-16,AMZN,7131.56,7244.86,7131.56,7199.0,2401145,7199.0,0.0056983519622921,6830.3385,7048.461800000001,6481.63115,0.3069186086341755,7211.845133468287,6448.831866531713,69.47642193146358,24.37372925062209,-28.62422752406134,52.99795677468343,225.9714285714286,0.0297078839821685,7158.21,0.0198656745321494,6951.69,0.0096517318607876,6816.28,-0.0084235619919061,6946.34,0.0039379397267407,6786.5,6975.26,199.7493523145734,0.3479314759481246,7199.0,6751.12,6969.8,140.96624607802448,0.26112790073215203,7199.0,6751.12,6830.3385,190.75331673414357,0.3069186086341747,7199.0,6434.83,7048.461800000001,326.43055149561314,0.27630252557612867,7631.97,6434.83,3,2,1,1.05397411855927,1.0213575960642898,0.01573829698569017,0.009456556489742796,7101.69,-0.013517155160439054
2023-02-17,AMZN,7162.34,7221.78,6981.6,7101.69,3946797,7101.69,-0.013517155160439,6849.030000000001,7041.2072,6489.3797,0.2995168279487012,7245.724786348519,6452.335213651482,63.98601398530533,34.076300072778395,-16.084122004693395,50.16042207747179,231.67714285714283,0.0056983519622921,7199.0,0.0297078839821685,7158.21,0.0198656745321494,6951.69,-0.0281040087297771,6751.12,0.0119678774036691,6867.72,7045.373999999999,158.71763868610694,0.2580545952734308,7199.0,6816.28,6993.197,141.55634622532202,0.27585315629351936,7199.0,6751.12,6849.030000000001,198.34739317425942,0.2995168279487003,7199.0,6434.83,7041.2072,320.9828305728942,0.27361922238967573,7631.97,6434.83,4,2,1,1.0368898953572931,1.0085898338567556,0.03382011887310845,-0.008467902947918148,6889.33,-0.029902741460131277
2023-02-20,AMZN,6917.17,7023.36,6755.3,6889.33,5240202,6889.33,-0.0299027414601312,6859.5735,7029.424,6495.609900000001,0.3197479567286215,7248.309301624341,6470.83769837566,52.524462395654126,24.349296585034608,-7.997438286747794,32.3467348717824,235.08285714285708,-0.013517155160439,7101.69,0.0056983519622921,7199.0,0.0297078839821685,7158.21,0.0096517318607876,6816.28,0.0122238530400191,6951.67,7059.9839999999995,133.75683526494632,0.38546528202375974,7199.0,6889.33,6986.963000000001,144.92106158180272,0.316569091146122,7199.0,6751.12,6859.5735,194.3679008121705,0.31974795672862066,7199.0,6434.83,7029.424,315.3675259639587,0.2811866189253553,7631.97,6434.83,0,2,1,1.004337951914794,0.9800703443125667,0.03890944402430433,-0.004024767354278718,7021.04,0.0191179693816379
2023-02-21,AMZN,7008.97,7191.07,6851.01,7021.04,1216382,7021.04,0.0191179693816379,6888.884,7018.24,6502.4468,0.2912168459695139,7228.010127159817,6549.757872840183,58.8259547138739,26.957720672014148,-1.0064064949954057,27.964127167009554,251.9349999999999,-0.0299027414601312,6889.33,-0.013517155160439,7101.69,0.0056983519622921,7199.0,0.0198656745321494,6951.69,0.0142339898182739,7050.62,7073.853999999999,122.87262115741811,0.38335807806148614,7199.0,6889.33,6984.005,143.7747302205665,0.32389402420194857,7199.0,6751.12,6888.884,169.56306357990846,0.29121684596951314,7199.0,6551.2,7018.24,305.18629566413966,0.28297476258897164,7631.97,6434.83,1,2,1,1.0191839490981385,1.0003989604229835,0.04843441997196299,0.0017220789930614607,6798.94,-0.0316334901951848
2023-02-22,AMZN,6812.32,6888.0,6709.88,6798.94,6789596,6798.94,-0.0316334901951848,6895.759999999999,7003.1698,6508.221850000001,0.2944488948506212,7220.749224890685,6570.770775109314,50.37134771716366,10.976768367830118,1.3902284775696991,9.586539890260418,252.677857142857,0.0191179693816379,7021.04,-0.0299027414601312,6889.33,-0.013517155160439,7101.69,0.0297078839821685,7158.21,-0.0064207119373898,7005.35,7002.0,160.49728206450186,0.3523622776810715,7199.0,6798.94,6963.364,154.76630908134894,0.3600883113538147,7199.0,6751.12,6895.759999999999,162.49461244534274,0.2944488948506206,7199.0,6551.2,7003.1698,296.7563316208725,0.29099098535998513,7631.97,6434.83,2,2,1,0.9859594881490965,0.9708375198897832,0.026198201484345162,-0.001964088592432262,6758.65,-0.005925923746937012
2023-02-23,AMZN,6749.16,6795.86,6721.44,6758.65,4215377,6758.65,-0.005925923746937,6906.1325000000015,6985.7592,6514.03105,0.2883156274089649,7196.181957044643,6616.08304295536,46.66258682374878,-4.883029230806642,0.13557693589443087,-5.018606166701073,243.8171428571427,-0.0316334901951848,6798.94,0.0191179693816379,7021.04,-0.0299027414601312,6889.33,0.0056983519622921,7199.0,-0.0084235619919061,6946.34,6913.93,145.48720579518232,0.3284923760712258,7101.69,6758.65,6944.594999999999,167.8851278735205,0.35920439383565556,7199.0,6751.12,6906.1325000000015,145.02472852232103,0.28831562740896427,7199.0,6742.2,6985.7591999999995,284.5654191120633,0.28979087960406863,7631.97,6434.83,3,2,1,0.9786447045432475,0.9674896895958038,0.01101107469686832,0.001406100907371936,6732.68,-0.0038424833361691
2023-02-24,AMZN,6728.02,6847.53,6617.84,6732.68,2136535,6732.68,-0.0038424833361691,6905.6565,6970.4142,6519.6214,0.2698681610170093,7196.867633193946,6614.445366806054,43.052656290264565,-19.32483043508546,-3.7565045383015474,-15.568325896783913,238.63071428571416,-0.005925923746937,6758.65,-0.0316334901951848,6798.94,0.0191179693816379,7021.04,-0.013517155160439,7101.69,-0.0281040087297771,6751.12,6840.128,117.29255845997898,0.33351014606531115,7021.04,6732.68,6942.750999999999,170.32978916403286,0.33027255194471966,7199.0,6732.68,6905.6565,145.60556659697295,0.26986816101700856,7199.0,6732.68,6970.4142,276.85553694863717,0.28786283847064026,7631.97,6434.83,4,2,1,0.9749514763728871,0.965893820197806,0.03411568647254369,0.0006926257650838079,6725.54,-0.0010604989395011089
2023-02-27,AMZN,6777.57,6798.13,6652.94,6725.54,4164820,6725.54,-0.0010604989395011,6904.529,6959.3244,6524.6626,0.2698788407265507,7198.470621837965,6610.587378162034,39.049088434272505,-30.988978610117556,-9.202999352664749,-21.78597925745281,236.21214285714274,-0.0038424833361691,6732.68,-0.005925923746937,6758.65,-0.0316334901951848,6798.94,-0.0299027414601312,6889.33,0.0096517318607876,6816.28,6807.37,122.85592903920674,0.2870815883675989,7021.04,6725.54,6933.677000000001,179.96063261168354,0.3257836333662335,7199.0,6725.54,6904.5289999999995,146.97081091898278,0.26987884072655005,7199.0,6725.54,6959.3243999999995,275.301418324063,0.28097556454230155,7631.97,6434.83,0,2,1,0.9740765807485239,0.9664070265209986,0.02158785762927273,-0.00767679271479189,6731.14,0.0008326468952679633
2023-02-28,AMZN,6685.51,6823.08,6639.2,6731.14,6192287,6731.14,0.0008326468952679,6900.169500000001,6946.8518,6529.26525,0.2670926774812511,7201.975062676399,6598.363937323603,40.50907177775901,-39.3276818400127,-15.22793585013434,-24.09974598987836,237.56071428571417,-0.0010604989395011,6725.54,-0.0038424833361691,6732.68,-0.005925923746937,6758.65,0.0191179693816379,7021.04,0.0198656745321494,6951.69,6749.389999999999,30.504340676121146,0.21086367976990575,6798.94,6725.54,6911.622,190.70192027232753,0.30473774297150075,7199.0,6725.54,6900.169500000001,150.90278133819908,0.26709267748125043,7199.0,6725.54,6946.8518,271.11505524847496,0.27975151340600846,7631.97,6434.83,1,2,1,0.9755035727744114,0.9689482651694153,0.027317809464663157,0.006825208548037962,6749.17,0.0026785953048071853
2023-03-01,AMZN,6695.67,6848.85,6649.48,6749.17,5083859,6749.17,0.0026785953048071,6899.634000000001,6930.0204,6533.76715,0.2655686854006658,7202.523699875778,6596.744300124224,42.97632533210673,-43.974384577510136,-20.977225595609504,-22.997158981900633,231.92285714285708,0.0008326468952679,6731.14,-0.0010604989395011,6725.54,-0.0038424833361691,6732.68,-0.0316334901951848,6798.94,0.0297078839821685,7158.21,6739.436,13.887895091933853,0.05508502341259036,6758.65,6725.54,6870.717999999999,175.16932759158215,0.24837123404375355,7199.0,6725.54,6899.634000000001,151.44484993788853,0.26556868540066514,7199.0,6725.54,6930.0204,256.028799583443,0.26911982411836094,7631.97,6434.83,2,3,1,0.9781924664408316,0.9739033380044633,0.02953992861344006,0.007990238467545744,6463.24,-0.04236520935166843
2023-03-02,AMZN,6398.96,6503.89,6398.96,6463.24,6208526,6463.24,-0.0423652093516684,6883.4710000000005,6910.1398,6536.51645,0.3045829987733841,7241.298032246904,6525.643967753097,40.36752502772824,-69.92306182680295,-30.766392841848194,-39.156668984954756,233.0114285714285,0.0026785953048071,6749.17,0.0008326468952679,6731.14,-0.0010604989395011,6725.54,-0.005925923746937,6758.65,0.0056983519622921,7199.0,6680.353999999999,121.68929032615246,0.30074069223047056,6749.17,6463.24,6797.142,176.47587532955464,0.2984531601478701,7101.69,6463.24,6883.4710000000005,178.91351612345156,0.30458299877338346,7199.0,6463.24,6910.1398,252.82552073845213,0.2818516436326444,7631.97,6434.83,3,3,1,0.9389507125110369,0.9353269524299731,0.01623489147857484,0.010045382374634268,6466.16,0.00045178579164639743
2023-03-03,AMZN,6442.1,6561.34,6370.98,6466.16,2315893,6466.16,0.0004517857916463,6863.392999999999,6886.971600000001,6538.5901,0.3001586784489776,7267.067891028193,6459.718108971805,37.77582257937487,-89.22344358249575,-42.45780298997771,-46.76564059251804,237.26714285714283,-0.0423652093516684,6463.24,0.0026785953048071,6749.17,0.0008326468952679,6731.14,-0.0038424833361691,6732.68,-0.013517155160439,7101.69,6627.05,148.465156518561,0.306643895301848,6749.17,6463.24,6733.589,168.8863434680262,0.3027866615356925,7021.04,6463.24,6863.392999999999,201.83744551409706,0.30015867844897687,7199.0,6463.24,6886.971600000001,238.70337371275934,0.27602957478662854,7631.97,6434.83,4,3,1,0.9421229412331565,0.9388974393329951,0.029439419995789022,0.0037348069728808547,6212.96,-0.03915770720180134
2023-03-06,AMZN,6169.15,6297.0,6128.92,6212.96,3389533,6212.96,-0.0391577072018013,6826.4575,6858.5914,6539.4736,0.3206760225789228,7321.063003486619,6331.85199651338,26.168001186959984,-123.52632451835143,-58.67150729565246,-64.85481722269897,237.06714285714284,0.0004517857916463,6466.16,-0.0423652093516684,6463.24,0.0026785953048071,6749.17,-0.0010604989395011,6725.54,-0.0299027414601312,6889.33,6524.534000000001,222.1430887515464,0.3665861796848931,6749.17,6212.96,6665.952,225.52532056906355,0.32339790292962656,7021.04,6212.96,6826.4574999999995,247.3027517433099,0.32067602257892214,7199.0,6212.96,6858.5914,232.59770664989824,0.2874209992899413,7452.07,6212.96,0,3,1,0.9101294485462026,0.9058653063949973,0.027053127655734602,0.007101464545357675,6296.57,0.013457353660734972
2023-03-07,AMZN,6261.31,6417.79,6175.36,6296.57,2763277,6296.57,0.0134573536607349,6788.755,6835.481400000001,6541.369549999999,0.3200564127912415,7324.649085274209,6252.860914725791,19.808544037480143,-142.3243500433864,-75.40207584519925,-66.92227419818715,236.2114285714285,-0.0391577072018013,6212.96,0.0004517857916463,6466.16,-0.0423652093516684,6463.24,0.0008326468952679,6731.14,0.0191179693816379,7021.04,6437.62,205.48816060803722,0.41038755971733054,6749.17,6212.96,6593.505,214.8965973697892,0.3100560828613077,6798.94,6212.96,6788.755,267.94704263710446,0.32005641279124086,7199.0,6212.96,6835.481400000001,229.8149461490399,0.28643647736056127,7306.65,6212.96,1,3,1,0.9274999613329795,0.9211597006172934,0.03850191453441505,0.00563140940154595,6235.14,-0.009756105308127982
2023-03-08,AMZN,6174.19,6346.84,6123.45,6235.14,7951228,6235.14,-0.0097561053081279,6750.244499999999,6814.1202,6542.2515,0.320410119796442,7329.542030589086,6170.946969410912,16.708344846481126,-160.33061676478428,-92.38778402911626,-67.94283273566802,244.07500000000002,0.0134573536607349,6296.57,-0.0391577072018013,6212.96,0.0004517857916463,6466.16,0.0026785953048071,6749.17,-0.0316334901951848,6798.94,6334.814,122.46521579644951,0.3894437179524112,6466.16,6212.96,6537.125,228.53636181628775,0.28722182153956466,6758.65,6212.96,6750.244499999999,289.64876529454364,0.3204101197964413,7199.0,6212.96,6814.1202,235.03211368491858,0.28426922844912106,7306.65,6212.96,2,3,1,0.9236909863041372,0.9150322883941913,0.03582758366291126,0.009871740260664291,5998.82,-0.037901314164557776
2023-03-09,AMZN,5966.09,6051.04,5946.6,5998.82,5165694,5998.82,-0.0379013141645577,6702.8685,6787.9636,6542.23375,0.3403090309474367,7363.860953823698,6041.876046176301,15.24445200760526,-191.46269904776273,-112.20276703284554,-79.25993201491718,247.52928571428578,-0.0097561053081279,6235.14,0.0134573536607349,6296.57,-0.0391577072018013,6212.96,-0.0423652093516684,6463.24,-0.005925923746937,6758.65,6241.93,168.265013891979,0.37087154479806156,6466.16,5998.82,6461.142000000001,269.3664588870289,0.32203765483879776,6749.17,5998.82,6702.8685,330.496226911849,0.34030903094743603,7199.0,5998.82,6787.9636,251.31024223468842,0.29472082740505484,7255.01,5998.82,3,3,1,0.8949631042290483,0.883743690080942,0.017410090651158425,0.005486005071997585,5912.66,-0.014362824688855413
2023-03-10,AMZN,5892.87,5966.6,5858.72,5912.66,12492121,5912.66,-0.0143628246888554,6660.9455,6761.116599999999,6542.150250000001,0.3324574611370767,7409.597322903063,5912.293677096936,16.56178744309345,-220.54518289855514,-133.87125020598745,-86.67393269256769,232.79428571428576,-0.0379013141645577,5998.82,-0.0097561053081279,6235.14,0.0134573536607349,6296.57,0.0004517857916463,6466.16,-0.0038424833361691,6732.68,6131.23,165.92140428547555,0.3471972700534123,6296.57,5912.66,6379.14,300.5330341243792,0.31919901864831085,6749.17,5912.66,6660.9455,374.3259114515319,0.3324574611370759,7199.0,5912.66,6761.116599999999,271.3033935682518,0.2955948065496214,7199.0,5912.66,4,3,1,0.8876607682796852,0.8745093968648796,0.01824559504520501,0.003358295703111829,5853.39,-0.010024253043469322
2023-03-13,AMZN,5798.56,5912.05,5794.74,5853.39,3317629,5853.39,-0.0100242530434693,6612.801,6736.4464,6542.708199999999,0.3271529207200021,7439.199284603783,5786.402715396216,7.936770967592153,-245.5453604694203,-156.20607225867403,-89.33928821074628,216.92714285714297,-0.0143628246888554,5912.66,-0.0379013141645577,5998.82,-0.0097561053081279,6235.14,-0.0391577072018013,6212.96,-0.0010604989395011,6725.54,6059.316,196.70841702901737,0.28979970414339923,6296.57,5853.39,6291.925,315.03729614304024,0.3131468065333674,6749.17,5853.39,6612.8009999999995,413.1991423018919,0.32715292072000135,7199.0,5853.39,6736.4464,296.0306401319903,0.292648384014422,7199.0,5853.39,0,3,1,0.8851604637730841,0.8689136159383872,0.02004137773153341,0.009455795921744444,5981.33,0.021857419375780562
2023-03-14,AMZN,5994.23,6032.64,5930.01,5981.33,2993444,5981.33,0.0218574193757805,6564.283,6718.566,6543.60365,0.3294216311073957,7420.316328891414,5708.249671108587,18.40301126111433,-252.1281165666005,-175.39048112025932,-76.73763544634119,207.5050000000001,-0.0100242530434693,5853.39,-0.0143628246888554,5912.66,-0.0379013141645577,5998.82,0.0134573536607349,6296.57,0.0008326468952679,6731.14,5996.268,145.51109019610786,0.33791322299318977,6235.14,5853.39,6216.944,286.85544478787915,0.3552611476642158,6749.17,5853.39,6564.283,428.0166644457067,0.3294216311073949,7199.0,5853.39,6718.566,313.92817283247393,0.2918620542459177,7199.0,5853.39,1,3,1,0.9111931950525424,0.8902688460601725,0.017158391193928934,-0.0021520695735728333,6003.66,0.0037332834001801984
2023-03-15,AMZN,6011.92,6112.6,5894.73,6003.66,3777882,6003.66,0.0037332834001801,6506.5555,6703.1866,6545.43995,0.3025440386241519,7349.565972245165,5663.545027754836,20.412274169937064,-252.63098112630996,-190.83858112146947,-61.79240000484049,217.53142857142873,0.0218574193757805,5981.33,-0.0100242530434693,5853.39,-0.0143628246888554,5912.66,-0.0097561053081279,6235.14,0.0026785953048071,6749.17,5949.972,65.13854596211297,0.3519011860353546,6003.66,5853.39,6142.393,222.91539237270086,0.3564781347317005,6466.16,5853.39,6506.5555,421.50523612258223,0.302544038624151,7199.0,5853.39,6703.1866,329.6669736642045,0.2908155252190639,7199.0,5853.39,2,3,1,0.9227094120689628,0.8956426783642132,0.03628953005332822,-0.0013739371116047526,6042.14,0.006409423584946561
2023-03-16,AMZN,5993.44,6192.52,5891.76,6042.14,6942328,6042.14,0.0064094235849465,6448.7125,6688.0778,6547.84145,0.302999351547477,7249.363910523929,5648.06108947607,23.200813436985925,-247.07634816167865,-202.08613452951133,-44.990213632167325,222.60785714285734,0.0037332834001801,6003.66,0.0218574193757805,5981.33,-0.0100242530434693,5853.39,-0.0379013141645577,5998.82,-0.0423652093516684,6463.24,5958.636,75.3419028831806,0.22838744140512668,6042.14,5853.39,6100.283,193.38987535548242,0.3201051295911146,6466.16,5853.39,6448.7125,400.32570526196474,0.3029993515474762,7101.69,5853.39,6688.0778,342.32083245366834,0.2911653009585586,7199.0,5853.39,3,3,1,0.9369529188964562,0.9034195146472573,0.049777065741599895,0.008125550601990276,6173.14,0.021681060021780274
2023-03-17,AMZN,6184.87,6284.52,6061.76,6173.14,3455083,6173.14,0.0216810600217802,6402.285,6675.5792,6550.59665,0.3205886076928698,7149.406221433349,5655.163778566651,30.442140742641957,-229.45860041831747,-207.56062770727257,-21.8979727110449,229.55000000000018,0.0064094235849465,6042.14,0.0037332834001801,6003.66,0.0218574193757805,5981.33,-0.0143628246888554,5912.66,0.0004517857916463,6466.16,6010.732,115.14536104446556,0.21329416471039922,6173.14,5853.39,6070.981,148.867161624078,0.34946225083482374,6296.57,5853.39,6402.285,373.56061071667455,0.320588607692869,7021.04,5853.39,6675.5792,349.55499313243024,0.2960284912948781,7199.0,5853.39,4,3,1,0.9642088723009107,0.9247347406198214,0.0360853633645056,-0.0018965637111204709,6163.63,-0.0015405450062691006
2023-03-20,AMZN,6225.1,6269.23,6058.02,6163.63,4204138,6163.63,-0.0015405450062691,6366.0,6664.0862,6552.93125,0.3090641619763208,7083.4244020619535,5648.575597938047,29.96264467215616,-213.79924135536203,-208.80835043689046,-4.990890918471564,231.50214285714296,0.0216810600217802,6173.14,0.0064094235849465,6042.14,0.0037332834001801,6003.66,-0.0100242530434693,5853.39,-0.0391577072018013,6212.96,6072.780000000001,90.00741441715992,0.17050825883745363,6173.14,5981.33,6066.048,144.38965112195726,0.29082181003347174,6296.57,5853.39,6366.0,358.71220103097676,0.30906416197632,7021.04,5853.39,6664.0862,356.82277395336274,0.2955889279566809,7199.0,5853.39,0,3,1,0.9682108074142368,0.9249025020113147,0.034267144523594834,-0.009874540168027883,6249.05,0.013858716373305935
2023-03-21,AMZN,6304.6,6331.52,6166.57,6249.05,4157735,6249.05,0.0138587163733059,6327.4005,6653.785400000001,6556.01985,0.3040612266691058,6976.223871163241,5678.577128836759,33.14414365801336,-192.27992309970887,-205.50266496945414,13.222741869745278,229.25357142857152,-0.0015405450062691,6163.63,0.0216810600217802,6173.14,0.0064094235849465,6042.14,0.0218574193757805,5981.33,0.0134573536607349,6296.57,6126.324,100.96849672082936,0.1441484057577619,6249.05,6003.66,6061.296,136.52792414418596,0.2913732069834981,6249.05,5853.39,6327.4005,324.4116855816205,0.30406122666910507,6798.94,5853.39,6653.785400000001,361.2831743638013,0.2973900883481472,7199.0,5853.39,1,3,1,0.987617268734453,0.9391721590538613,0.026396012193849357,-0.008811026869268686,6327.63,0.01257471135612609
2023-03-22,AMZN,6264.69,6398.83,6256.44,6327.63,4063696,6327.63,0.012574711356126,6303.835,6642.474,6559.564,0.2942533409072715,6913.608001750176,5694.061998249824,44.68683639278027,-166.9603441461377,-197.79420080479088,30.83385665865319,214.9371428571429,0.0138587163733059,6249.05,-0.0015405450062691,6163.63,0.0216810600217802,6173.14,0.0037332834001801,6003.66,-0.0097561053081279,6235.14,6191.118,106.37773014153983,0.1379946592008673,6327.63,6042.14,6070.545,151.88280930085696,0.2932923671800802,6327.63,5853.39,6303.835,304.88650087508813,0.2942533409072707,6758.65,5853.39,6642.474,362.4860779198162,0.29543451671363236,7199.0,5853.39,2,3,1,1.0037746863613968,0.9526013952029089,0.022502896028999454,0.010046786034103916,6183.95,-0.022706763827847087
2023-03-23,AMZN,6220.49,6327.55,6040.35,6183.95,3081248,6183.95,-0.022706763827847,6275.1,6627.2814,6562.82235,0.3020737917087908,6847.658710278736,5702.541289721265,40.04149816818009,-156.68203762529174,-189.57176816889105,32.88973054359931,221.85999999999999,0.012574711356126,6327.63,0.0138587163733059,6249.05,-0.0015405450062691,6163.63,0.0064094235849465,6042.14,-0.0379013141645577,5998.82,6219.4800000000005,69.10102459491644,0.2777242435261691,6327.63,6163.63,6089.058,153.44358230672358,0.24125230533642147,6327.63,5853.39,6275.1,286.2793551393681,0.3020737917087899,6749.17,5853.39,6627.2814,365.5147435034393,0.29848015898611824,7199.0,5853.39,3,3,1,0.9854743350702002,0.9331050889130899,0.046442807590610105,-0.005874135317313281,6351.3,0.02706199112217922
2023-03-24,AMZN,6332.7,6506.14,6196.45,6351.3,3786257,6351.3,0.0270619911221792,6256.031000000001,6615.7126,6567.184,0.321907175914491,6788.41708127269,5723.644918727312,55.1965321387349,-133.4938255348825,-178.35617964208936,44.86235410720687,220.78500000000005,-0.022706763827847,6183.95,0.012574711356126,6327.63,0.0138587163733059,6249.05,0.0216810600217802,6173.14,-0.0143628246888554,5912.66,6255.112,83.63720177091372,0.3000889569506065,6351.3,6163.63,6132.9220000000005,159.97170019172398,0.2466268005416421,6351.3,5853.39,6256.031000000001,266.19304063634445,0.32190717591449014,6749.17,5853.39,6615.7126,364.89984731516404,0.3055963448940243,7199.0,5853.39,4,3,1,1.0152283452557993,0.9600326350330031,0.04876009635821827,0.0029371358188446358,6192.15,-0.02505786216994954
2023-03-27,AMZN,6138.11,6284.63,6099.66,6192.15,3721970,6192.15,-0.0250578621699495,6229.3615,6598.5996,6570.613149999999,0.3314026797170681,6714.017167080133,5744.705832919867,46.28826548701992,-126.50085223858059,-167.9851141613876,41.48426192280701,221.4428571428572,0.0270619911221792,6351.3,-0.022706763827847,6183.95,0.012574711356126,6327.63,-0.0015405450062691,6163.63,-0.0100242530434693,5853.39,6260.816000000001,76.50703418685602,0.37393345354395946,6351.3,6183.95,6166.798000000001,126.5843973885818,0.28477570157145454,6351.3,5981.33,6229.3615,242.32783354006622,0.3314026797170672,6749.17,5853.39,6598.5996,364.2858836523662,0.3070314161649397,7199.0,5853.39,0,3,1,0.9940264343302287,0.9384036576486716,0.029871692384708118,0.008804012961643105,6296.43,0.016840677309173824
2023-03-28,AMZN,6270.74,6364.46,6228.4,6296.43,3987914,6296.43,0.0168406773091738,6207.626,6585.960599999999,6574.80605,0.3392227429346837,6632.88150974028,5782.37049025972,52.11422105960827,-111.26178937408622,-156.64044920392735,45.378659829841126,217.79428571428576,-0.0250578621699495,6192.15,0.0270619911221792,6351.3,-0.022706763827847,6183.95,0.0138587163733059,6249.05,0.0218574193757805,5981.33,6270.2919999999995,77.61161395093593,0.38085540729114525,6351.3,6183.95,6198.308,113.86627749741737,0.27787889848584113,6351.3,6003.66,6207.626,212.62775487014,0.33922274293468285,6749.17,5853.39,6585.960599999999,363.5726967499881,0.30816754063801005,7199.0,5853.39,1,3,1,1.0143056298815336,0.9560382125576403,0.02160907053679288,0.004096805161750672,6127.97,-0.026754843617732615
2023-03-29,AMZN,6106.12,6252.99,6002.94,6127.97,5833989,6127.97,-0.0267548436177326,6176.566000000001,6570.4862,6578.27125,0.3485192222016904,6517.703843132502,5835.4281568675,54.67389494809287,-111.49281659564713,-147.6109226822713,36.11810608662418,218.14785714285725,0.0168406773091738,6296.43,-0.0250578621699495,6192.15,0.0270619911221792,6351.3,0.012574711356126,6327.63,0.0037332834001801,6003.66,6230.36,90.95236775404807,0.41149876126243345,6351.3,6127.97,6210.739,95.57083184160555,0.32138891700539346,6351.3,6042.14,6176.566000000001,170.56892156625037,0.34851922220168957,6466.16,5853.39,6570.4862,366.31556787681853,0.3132281994208215,7199.0,5853.39,2,3,1,0.9921321977291276,0.9326509201098493,0.040804703678372994,0.003578377103626654,6195.81,0.01107055028010917
2023-03-30,AMZN,6198.69,6243.2,6148.42,6195.81,8089327,6195.81,0.0110705502801091,6163.1945,6556.841600000001,6582.777749999999,0.322322524951672,6476.880159654506,5849.508840345493,60.38480440636594,-104.99150952882792,-139.08704005158262,34.0955305227547,216.37142857142868,-0.0267548436177326,6127.97,0.0168406773091738,6296.43,-0.0250578621699495,6192.15,-0.022706763827847,6183.95,0.0064094235849465,6042.14,6232.732,89.58378101011188,0.3952909610351387,6351.3,6127.97,6226.106,75.74801826528827,0.32392518012829735,6351.3,6127.97,6163.1945,156.84282982725352,0.32232252495167113,6466.16,5853.39,6556.841600000001,367.3304642314154,0.3146200250619514,7199.0,5853.39,3,3,1,1.0052919796704445,0.9449381848722798,0.015297434879375649,-0.0004646142975368562,6408.18,0.03427639001195959
2023-03-31,AMZN,6428.83,6538.35,6278.02,6408.18,2857995,6408.18,0.0342763900119595,6160.2955,6550.448,6587.7956,0.3470295944695699,6463.074039563576,5857.516960436425,68.29311720536529,-81.76021186076377,-127.62167441341886,45.861462552655084,232.4157142857144,0.0110705502801091,6195.81,-0.0267548436177326,6127.97,0.0168406773091738,6296.43,0.0270619911221792,6351.3,0.0216810600217802,6173.14,6244.108,109.74695722464517,0.4276719373975335,6408.18,6127.97,6249.61,92.17195560476618,0.3497305077194706,6408.18,6127.97,6160.2955,151.38926978178762,0.34702959446956894,6408.18,5853.39,6550.448,367.0750604384555,0.3214731588062811,7199.0,5853.39,4,3,1,1.0402390599605098,0.9782811801572994,0.04062463913310164,-0.0032120930247022277,6384.87,-0.0036375382713969007
2023-04-03,AMZN,6416.67,6521.37,6248.36,6384.87,3419508,6384.87,-0.0036375382713969,6168.8910000000005,6544.5762,6592.44255,0.3156593042647676,6487.320704109399,5850.461295890602,64.29208930632677,-64.48679959249876,-114.99469944923484,50.50789985673609,239.11285714285728,0.0342763900119595,6408.18,0.0110705502801091,6195.81,-0.0267548436177326,6127.97,-0.0250578621699495,6192.15,-0.0015405450062691,6163.63,6282.652,120.2743589468241,0.36441439029374034,6408.18,6127.97,6271.734,95.7247315309545,0.3508111319505803,6408.18,6127.97,6168.8910000000005,159.21485205469958,0.31565930426476674,6408.18,5853.39,6544.5761999999995,367.33363581290575,0.3211911368149434,7199.0,5853.39,0,4,2,1.035010993061632,0.9755971670096871,0.042758897205418034,-0.004955841581380252,6356.67,-0.004416691334357625
2023-04-04,AMZN,6324.36,6404.33,6309.0,6356.67,2875681,6356.67,-0.0044166913343576,6171.896,6543.012999999999,6596.5512,0.3130854264872187,6496.473924625099,5847.3180753749,62.45070998717978,-52.468179728844916,-102.48939550515686,50.02121577631195,230.36000000000007,-0.0036375382713969,6384.87,0.0342763900119595,6408.18,0.0110705502801091,6195.81,0.0168406773091738,6296.43,0.0138587163733059,6249.05,6294.700000000001,124.92672372262832,0.35706874379137893,6408.18,6127.97,6282.496,98.88847356720062,0.3480548581270151,6408.18,6127.97,6171.896,162.2889623125496,0.3130854264872178,6408.18,5853.39,6543.012999999999,367.9759400921644,0.31071556768446057,7199.0,5853.39,1,4,2,1.0299379639577482,0.9715203072344544,0.014996845832800023,0.0051088173348758275,6428.11,0.011238588757950252
2023-04-05,AMZN,6405.19,6585.83,6270.38,6428.11,4310849,6428.11,0.0112385887579502,6181.5445,6538.3468,6600.36135,0.312690376030141,6524.963954341558,5838.125045658442,63.30389703438856,-36.75503676183507,-89.34252375649251,52.58748699465744,231.40928571428574,-0.0044166913343576,6356.67,-0.0036375382713969,6384.87,0.0342763900119595,6408.18,-0.0267548436177326,6127.97,0.012574711356126,6327.63,6354.728,92.748687969545,0.2491609215716519,6428.11,6195.81,6292.544,108.61098156062255,0.34697310360533584,6428.11,6127.97,6181.5445,171.7097271707787,0.31269037603014005,6428.11,5853.39,6538.3468,367.9230771003607,0.3012373210881809,7199.0,5853.39,2,4,2,1.0398873614836808,0.9831399582535169,0.0490735223883771,0.003578348183269582,6391.31,-0.005724855361840309
2023-04-06,AMZN,6366.81,6549.24,6233.38,6391.31,3225069,6391.31,-0.0057248553618403,6201.169,6535.149,6604.39995,0.2775088979905111,6545.4795329667295,5856.85846703327,58.04230346669277,-26.96092148270418,-76.86620330173484,49.90528181903066,236.65785714285715,0.0112385887579502,6428.11,-0.0044166913343576,6356.67,-0.0036375382713969,6384.87,0.0110705502801091,6195.81,-0.022706763827847,6183.95,6393.8279999999995,26.685850559303162,0.270944904925766,6428.11,6356.67,6313.28,105.31928007521513,0.3230482354442119,6428.11,6127.97,6201.169,172.15526648336487,0.2775088979905103,6428.11,5853.39,6535.149,368.50346721291066,0.299252480670263,7199.0,5853.39,3,4,2,1.030662121932005,0.977989943304892,0.04942022840387185,0.0038480809070784504,6605.19,0.03346418809289475
2023-04-07,AMZN,6587.06,6761.96,6448.42,6605.19,4402678,6605.19,0.0334641880928947,6235.7955,6532.4088,6609.6823,0.2887913685750255,6596.8252888558645,5874.765711144136,64.14567262045539,-1.9185699508188918,-61.87667663155165,59.95810668073276,248.0464285714286,-0.0057248553618403,6391.31,0.0112385887579502,6428.11,-0.0044166913343576,6356.67,0.0342763900119595,6408.18,0.0270619911221792,6351.3,6433.2300000000005,99.44076829990205,0.2656806070093403,6605.19,6356.67,6338.669,140.29701481343525,0.33740820042793057,6605.19,6127.97,6235.7955,180.514894427932,0.2887913685750247,6605.19,5853.39,6532.4088,367.4402812044012,0.30158252456593937,7199.0,5853.39,4,4,2,1.059237750820876,1.0111415562355786,0.04746873292062038,0.0027523660024345374,6629.33,0.0036547018329526892
2023-04-10,AMZN,6695.57,6728.24,6530.41,6629.33,6219845,6629.33,0.0036547018329526,6274.592500000001,6530.0336,6616.0106000000005,0.2829289890043996,6629.307569398179,5919.877430601822,62.68039586998324,19.64906808642263,-45.5715276879568,65.22059577437943,250.185,0.0334641880928947,6605.19,-0.0057248553618403,6391.31,0.0112385887579502,6428.11,-0.0036375382713969,6384.87,-0.0250578621699495,6192.15,6482.122,126.21236833241234,0.25345880843505847,6629.33,6356.67,6382.387000000001,156.72078342285005,0.2961222983630994,6629.33,6127.97,6274.592500000001,177.35753469908946,0.28292898900439883,6629.33,5981.33,6530.0336,366.39999645059765,0.30169959760743104,7199.0,5853.39,0,4,2,1.0565355439415296,1.0152061085870958,0.029841628037821328,-0.009893108428407123,6592.47,-0.00556013956161483
2023-04-11,AMZN,6629.12,6657.88,6527.06,6592.47,1456391,6592.47,-0.0055601395616148,6305.1495,6525.5164,6620.589599999999,0.2797753924328893,6658.785296382975,5951.513703617026,59.0837998018692,33.38247033114021,-29.780728084137404,63.16319841527762,248.8307142857143,0.0036547018329526,6629.33,0.0334641880928947,6605.19,-0.0057248553618403,6391.31,-0.0044166913343576,6356.67,0.0168406773091738,6296.43,6529.282,110.7208161100622,0.25699179914498266,6629.33,6391.31,6411.991,166.34466510833724,0.2966319183269955,6629.33,6127.97,6305.1495,176.8178981914872,0.27977539243288857,6629.33,6003.66,6525.5164,364.1585813886555,0.3009470474471113,7199.0,5853.39,1,4,2,1.0455691811905417,1.0102602761061161,0.019843852152528544,-0.005528637285189302,6529.9,-0.009491131548569953
2023-04-12,AMZN,6591.93,6638.55,6421.24,6529.9,4869573,6529.9,-0.0094911315485699,6331.461499999999,6520.916799999999,6624.92675,0.2844825789162345,6668.569090214555,5994.353909785444,62.564922092851546,38.77049237094889,-16.070483993120146,54.840976364069036,243.8328571428572,-0.0055601395616148,6592.47,0.0036547018329526,6629.33,0.0334641880928947,6605.19,0.0112385887579502,6428.11,-0.0267548436177326,6127.97,6549.64,95.82374966613922,0.27877306447619377,6629.33,6391.31,6452.183999999999,135.8572616306621,0.25501462090188226,6629.33,6195.81,6331.461499999999,168.55379510727778,0.2844825789162337,6629.33,6042.14,6520.916799999999,362.5869987224995,0.30108086792520683,7199.0,5853.39,2,4,2,1.0313416578461336,1.0013775977020591,0.033279223265282334,-0.009409990700749438,6422.36,-0.01646885863489489
2023-04-13,AMZN,6447.17,6508.41,6336.31,6422.36,3327494,6422.36,-0.0164688586348948,6350.4725,6513.634,6628.18645,0.2937394465705767,6660.692964755144,6040.252035244856,52.69812581578795,33.97135872839408,-6.0621154488173,40.03347417721138,234.64714285714282,-0.0094911315485699,6529.9,-0.0055601395616148,6592.47,0.0036547018329526,6629.33,-0.0057248553618403,6391.31,0.0110705502801091,6195.81,6555.85,83.16813241908925,0.30936556229845874,6629.33,6422.36,6474.839,103.35704711233727,0.2776264765562724,6629.33,6356.67,6350.4725,155.11023237757232,0.2937394465705758,6629.33,6127.97,6513.634,360.7962933199938,0.30300809564572184,7199.0,5853.39,3,4,2,1.0113200238248394,0.9859872384599769,0.026797002970866263,-0.0038482000629728313,6351.39,-0.011050454972938217
2023-04-14,AMZN,6339.49,6409.31,6293.48,6351.39,4808875,6351.39,-0.0110504549729382,6359.385,6503.3074,6631.7219,0.2893985368671483,6658.186068377316,6060.583931622685,56.4802304943673,24.162791245157678,-0.017134110022304583,24.179925355179982,225.87857142857138,-0.0164688586348948,6422.36,-0.0094911315485699,6529.9,-0.0055601395616148,6592.47,0.0334641880928947,6605.19,0.0342763900119595,6408.18,6505.089999999999,116.35540490272562,0.11900594764090934,6629.33,6351.39,6469.16,108.84128893844454,0.226546308828728,6629.33,6351.39,6359.385,149.40053418865764,0.2893985368671475,6629.33,6127.97,6503.3074,357.83186637738197,0.30237771791715407,7199.0,5853.39,4,4,2,0.9987428029595631,0.9766399786051977,0.018236952855986262,0.0018771226076543489,6312.62,-0.006104175621399532
2023-04-17,AMZN,6298.7,6397.67,6227.56,6312.62,2794649,6312.62,-0.0061041756213995,6366.8345,6490.5264,6634.5474,0.2905028022847478,6652.213995038955,6081.455004961045,50.69595494931028,13.10989317430085,2.6082713468423266,10.501621827458525,225.72142857142848,-0.0110504549729382,6351.39,-0.0164688586348948,6422.36,-0.0094911315485699,6529.9,0.0036547018329526,6629.33,-0.0036375382713969,6384.87,6441.748,118.00677891576728,0.06998618961417802,6592.47,6312.62,6461.9349999999995,117.1398958748036,0.22774682484661887,6629.33,6312.62,6366.8345,142.68974751947738,0.290502802284747,6629.33,6127.97,6490.5264,352.86881272058446,0.30093208868347154,7199.0,5853.39,0,4,2,0.9914848579775409,0.9725898349321909,0.02694760654054461,0.0022099798371089056,6258.63,-0.008552708700983125
2023-04-18,AMZN,6257.2,6373.02,6144.23,6258.63,6454636,6258.63,-0.0085527087009831,6367.3135,6474.686599999999,6636.1202,0.2885934232673591,6651.891619311366,6082.735380688634,56.22973642980965,-0.006079880350625899,2.085401101403736,-2.091480981754362,221.0999999999999,-0.0061041756213995,6312.62,-0.0110504549729382,6351.39,-0.0164688586348948,6422.36,-0.0055601395616148,6592.47,-0.0044166913343576,6356.67,6374.98,105.15185566632714,0.06144308039759862,6529.9,6258.63,6452.130999999999,130.29318029822818,0.23039192695629454,6629.33,6258.63,6367.3135,142.28905965568305,0.28859342326735826,6629.33,6127.97,6474.686599999999,344.8995620413937,0.29904982819602793,7199.0,5853.39,1,4,2,0.9829310273475644,0.9666305701960978,0.036555923580714036,0.0002285367256920128,6186.08,-0.011591993774995535
2023-04-19,AMZN,6175.79,6225.78,6146.38,6186.08,5763855,6186.08,-0.0115919937749955,6360.236,6458.3012,6637.356900000001,0.2876336260321656,6655.798384431431,6064.6736155685685,49.53815775667743,-16.069522246469205,-1.545583568170852,-14.523938678298354,220.8871428571428,-0.0085527087009831,6258.63,-0.0061041756213995,6312.62,-0.0110504549729382,6351.39,-0.0094911315485699,6529.9,0.0112385887579502,6428.11,6306.216,89.81678033680222,0.06143879476673759,6422.36,6186.08,6427.928,155.3258544551643,0.22356414638975378,6629.33,6186.08,6360.236,147.78119221571592,0.2876336260321648,6629.33,6127.97,6458.3012,338.5773280295823,0.29964943263045035,7199.0,5853.39,2,4,2,0.9726179971936618,0.9578494109254369,0.012835268861700269,0.0016661835975637605,6425.46,0.038696557432170264
2023-04-20,AMZN,6467.66,6500.44,6350.49,6425.46,5021030,6425.46,0.0386965574321702,6372.3115,6447.8836,6640.32045,0.3079672816357012,6657.08561068619,6087.537389313809,50.79970381274416,-9.375871425092555,-3.111641139555193,-6.264230285537362,218.87428571428563,-0.0115919937749955,6186.08,-0.0085527087009831,6258.63,-0.0061041756213995,6312.62,-0.0164688586348948,6422.36,-0.0057248553618403,6391.31,6306.836,90.82400139869107,0.34267707183784657,6425.46,6186.08,6431.343,154.8058570561641,0.3078569942106958,6629.33,6186.08,6372.3115,142.38705534309497,0.3079672816357004,6629.33,6127.97,6447.8836,331.1872921114898,0.31307608527165476,7199.0,5853.39,3,4,2,1.0083405370247502,0.9965223317615416,0.023336850591238054,-0.006524770937246746,6308.61,-0.01818546843338853
2023-04-21,AMZN,6304.19,6342.4,6274.82,6308.61,5493604,6308.61,-0.0181854684333885,6370.177,6439.033399999999,6642.76705,0.301119892209059,6656.2512168044295,6084.10278319557,46.7519634728738,-13.346078087261048,-5.158528529096364,-8.187549558164685,210.13357142857134,0.0386965574321702,6425.46,-0.0115919937749955,6186.08,-0.0085527087009831,6258.63,-0.0110504549729382,6351.39,0.0334641880928947,6605.19,6298.280000000001,87.53293580172598,0.3608033706326264,6425.46,6186.08,6401.6849999999995,145.955975344944,0.25929514633139067,6629.33,6186.08,6370.177,143.03710840221504,0.3011198922090582,6629.33,6127.97,6439.033399999999,328.8227181845935,0.309491083302476,7199.0,5853.39,4,4,2,0.9903351194164635,0.979744879099248,0.010712343923620134,0.0007011210004773605,6326.47,0.002831051531161366
2023-04-24,AMZN,6300.61,6452.94,6200.0,6326.47,2968468,6326.47,0.0028310515311613,6376.893,6429.2372000000005,6646.440850000001,0.2864610019518223,6651.444220116825,6102.341779883175,48.70230319638895,-14.879817459760488,-7.102786315229189,-7.7770311445313,221.39142857142846,-0.0181854684333885,6308.61,0.0386965574321702,6425.46,-0.0115919937749955,6186.08,-0.0061041756213995,6312.62,0.0036547018329526,6629.33,6301.05,88.31581879861156,0.35863988907425387,6425.46,6186.08,6371.398999999999,123.10381927916174,0.2586049789489993,6592.47,6186.08,6376.893,137.27561005841227,0.28646100195182156,6629.33,6127.97,6429.2372000000005,324.62385972411545,0.3086423764559445,7199.0,5853.39,0,4,2,0.9920928577598852,0.9840156465216457,0.039981221755569785,0.004104364498040107,6395.51,0.010912878745967358
2023-04-25,AMZN,6430.66,6509.44,6281.58,6395.51,3121909,6395.51,0.0109128787459673,6381.847,6418.1136,6650.47365,0.2829266158891064,6653.848828639859,6109.845171360141,48.59627971005828,-10.404430159470394,-7.76311508407743,-2.6413150753929635,215.1349999999999,0.0028310515311613,6326.47,-0.0181854684333885,6308.61,0.0386965574321702,6425.46,-0.0085527087009831,6258.63,-0.0055601395616148,6592.47,6328.426,92.97142534171589,0.35379968804764506,6425.46,6186.08,6351.7029999999995,96.73594184976542,0.2697793188031277,6529.9,6186.08,6381.847,136.00091431992928,0.2829266158891056,6629.33,6127.97,6418.1136,315.76424093310476,0.30612839457255886,7199.0,5853.39,1,4,2,1.0021409162580985,0.9964781552010864,0.03562812035317966,-0.005466001934481712,6469.67,0.011595635062723764
2023-04-26,AMZN,6515.53,6515.53,6429.22,6469.67,5404699,6469.67,0.0115956350627237,6398.932,6404.3428,6654.4559,0.2653582911847495,6645.52995915034,6152.33404084966,53.26892270662646,-0.8636061474544476,-6.383213296752834,5.519607149298387,201.14642857142846,0.0109128787459673,6395.51,0.0028310515311613,6326.47,-0.0181854684333885,6308.61,-0.0115919937749955,6186.08,-0.0094911315485699,6529.9,6385.144,67.41210929849632,0.32428737151272335,6469.67,6308.61,6345.68,85.64776639758114,0.27604966227417765,6469.67,6186.08,6398.932,123.29897957516994,0.26535829118474863,6629.33,6186.08,6404.3428,297.30350640816624,0.2992608645661832,7199.0,5853.39,2,4,2,1.01105465724577,1.0102004533547124,0.013340711350035804,-0.007038567852498973,6464.07,-0.0008655773787534793
2023-04-27,AMZN,6453.78,6621.11,6307.02,6464.07,2942332,6464.07,-0.0008655773787534,6412.344999999999,6389.644200000001,6658.423100000001,0.2638307562995219,6640.950092590183,6183.739907409816,42.874742496465416,6.1745164391386425,-3.8716673495745386,10.046183788713181,197.10642857142844,0.0115956350627237,6469.67,0.0109128787459673,6395.51,0.0028310515311613,6326.47,0.0386965574321702,6425.46,-0.0164688586348948,6422.36,6392.866,74.97225673589334,0.1919955803402497,6469.67,6308.61,6349.851000000001,90.66559821064752,0.2619928790164323,6469.67,6186.08,6412.344999999999,114.30254629509191,0.26383075629952113,6629.33,6186.08,6389.644200000001,274.5075071281904,0.2987722555780232,7101.69,5853.39,3,4,2,1.0080664717820067,1.0116478786094203,0.04859012974796848,0.0015944144361906307,6437.33,-0.004136712628421413
2023-04-28,AMZN,6458.94,6472.43,6402.23,6437.33,7131691,6437.33,-0.0041367126284214,6413.8025,6376.357,6662.3959,0.2357250417191332,6642.667335576438,6184.937664423562,40.33115784327953,9.485244774057719,-1.2002849248480874,10.685529698905807,187.98999999999992,-0.0008655773787534,6464.07,0.0115956350627237,6469.67,0.0109128787459673,6395.51,-0.0181854684333885,6308.61,-0.0110504549729382,6351.39,6418.61,59.26120822320193,0.11132127809287752,6469.67,6326.47,6358.445000000001,94.8061735273313,0.2554777014163387,6469.67,6186.08,6413.8025,114.4324177882188,0.23572504171913242,6629.33,6186.08,6376.357,254.70276522496533,0.29764899223586705,7021.04,5853.39,4,4,2,1.0036682607546765,1.0095623566872103,0.010905142349388617,-0.0033457502314615598,6491.09,0.00835128850004585
2023-05-01,AMZN,6433.81,6600.13,6382.04,6491.09,3514361,6491.09,0.0083512885000458,6419.1135,6368.392199999999,6666.362950000001,0.2368869939886333,6650.071650803078,6188.155349196921,44.9800946734638,16.259573301141245,2.2916867203497793,13.967886580791465,194.22357142857138,-0.0041367126284214,6437.33,-0.0008655773787534,6464.07,0.0115956350627237,6469.67,0.0028310515311613,6326.47,-0.0061041756213995,6312.62,6451.534000000001,36.712345063684054,0.11431660714341695,6491.09,6395.51,6376.2919999999995,101.7641642666721,0.2537941196962504,6491.09,6186.08,6419.1134999999995,115.47907540153938,0.2368869939886325,6629.33,6186.08,6368.392199999999,244.35052994171076,0.2913908960046044,7021.04,5853.39,0,5,2,1.0112128411499481,1.0192666839832794,0.033598363294911414,0.008902967293095513,6523.53,0.0049976198142376305
2023-05-02,AMZN,6527.37,6657.44,6389.62,6523.53,4889314,6523.53,0.0049976198142376,6427.456499999999,6358.441999999999,6670.17535,0.2364254889231907,6660.958183553626,6193.954816446372,49.67488388639265,23.969607636592627,6.627270903598349,17.342336732994276,197.83142857142846,0.0083512885000458,6491.09,-0.0041367126284214,6437.33,-0.0008655773787534,6464.07,0.0109128787459673,6395.51,-0.0085527087009831,6258.63,6477.138,32.24165194396894,0.10272594389404606,6523.53,6437.33,6402.782,102.20947312045259,0.2456496829930034,6523.53,6186.08,6427.456499999999,116.75084177681376,0.23642548892318993,6629.33,6186.08,6358.441999999999,226.72558954621923,0.28807653631736024,6798.94,5853.39,1,5,2,1.014947359036811,1.0259635929680533,0.04105445977867177,-0.0005882920686278788,6494.41,-0.004463840895956639
2023-05-03,AMZN,6435.31,6629.22,6359.6,6494.41,9262686,6494.41,-0.0044638408959566,6430.7715,6352.3514000000005,6674.68485,0.234320124193177,6666.186914089221,6195.356085910778,53.99731478007173,27.41411194343891,10.784639111566463,16.629472831872448,203.2621428571428,0.0049976198142376,6523.53,0.0083512885000458,6491.09,-0.0041367126284214,6437.33,0.0115956350627237,6469.67,-0.0115919937749955,6186.08,6482.085999999999,32.70410494228886,0.09032180752262908,6523.53,6437.33,6433.615,71.45331206851141,0.2351515210882157,6523.53,6308.61,6430.7715,117.70770704461088,0.23432012419317622,6629.33,6186.08,6352.3514000000005,218.59543254750716,0.2797025989972759,6758.65,5853.39,2,5,2,1.0098959355030714,1.0223631520131233,0.0415157035050079,0.009183706767815422,6315.56,-0.027539068214048612
2023-05-04,AMZN,6256.09,6351.47,6256.09,6315.56,3015618,6315.56,-0.0275390682140486,6426.984,6343.489600000001,6678.2501,0.2541073560853393,6667.455711119404,6186.512288880595,48.22467322623388,15.533149654574117,11.734341220167995,3.798808434406123,211.07928571428562,-0.0044638408959566,6494.41,0.0049976198142376,6523.53,0.0083512885000458,6491.09,-0.0008655773787534,6464.07,0.0386965574321702,6425.46,6452.384,82.57348593873776,0.22256539043517376,6523.53,6315.56,6422.625,80.70030996088198,0.20190751145664093,6523.53,6308.61,6426.9839999999995,120.23585555970206,0.2541073560853386,6629.33,6186.08,6343.489600000001,210.62408108881897,0.2858941948997366,6749.17,5853.39,3,5,2,0.9826630967183079,0.9955971237028597,0.015102382053212224,0.00950593741458175,6263.77,-0.008200381280519808
2023-05-05,AMZN,6277.91,6408.64,6118.9,6263.77,4111545,6263.77,-0.0082003812805198,6409.913,6334.1114,6680.29525,0.2212084020320979,6645.544116174721,6174.281883825278,47.61038224035445,1.9162914549842753,9.77073126713125,-7.854439812146975,219.6242857142857,-0.0275390682140486,6315.56,-0.0044638408959566,6494.41,0.0049976198142376,6523.53,-0.0041367126284214,6437.33,-0.0181854684333885,6308.61,6417.6720000000005,118.95117241991925,0.22394608047621817,6523.53,6263.77,6418.1410000000005,88.598525501928,0.18448089916134114,6523.53,6263.77,6409.913,117.81555808736093,0.2212084020320972,6629.33,6186.08,6334.1114,203.2516881773887,0.2862688240613551,6749.17,5853.39,4,5,2,0.9772004705834577,0.9888948274574096,0.04625648770627823,-0.0022523419418241366,6136.97,-0.020243399741689094
2023-05-08,AMZN,6112.84,6280.39,5993.56,6136.97,6098041,6136.97,-0.020243399741689,6385.295,6322.34,6682.3961,0.2284524213846618,6627.2009198167225,6143.389080183278,44.444444443876186,-18.889124985777016,4.038760016549597,-22.92788500232661,223.76999999999992,-0.0082003812805198,6263.77,-0.0275390682140486,6315.56,-0.0044638408959566,6494.41,0.0083512885000458,6491.09,0.0028310515311613,6326.47,6346.848,161.95735617769918,0.2047479175082133,6523.53,6136.97,6399.191000000001,123.6975803634924,0.20724412525598904,6523.53,6136.97,6385.295,120.95295990836132,0.22845242138466104,6592.47,6136.97,6322.34,197.0688928744323,0.2894141913039691,6749.17,5853.39,0,5,2,0.9611098625825493,0.9706801595610216,0.0467380482550759,0.003947428691082403,6064.86,-0.011750098175484114
2023-05-09,AMZN,6094.28,6163.28,5966.44,6064.86,5852127,6064.86,-0.0117500981754841,6358.9145,6309.014399999999,6684.17495,0.2301519907855172,6620.005830943697,6097.823169056303,44.46231155722022,-40.72676892100753,-4.9143457709618295,-35.8124231500457,229.8121428571428,-0.020243399741689,6136.97,-0.0082003812805198,6263.77,-0.0275390682140486,6315.56,0.0049976198142376,6523.53,0.0109128787459673,6395.51,6255.114,166.69268889206256,0.14869533790258382,6494.41,6064.86,6366.125999999999,162.80204340788566,0.19567254048058608,6523.53,6064.86,6358.9145,130.5456654718486,0.23015199078551649,6529.9,6064.86,6309.014399999999,191.30439512062676,0.29023278090617916,6749.17,5853.39,1,5,2,0.953757123169221,0.9613007064937178,0.03245581926045575,-0.004827477569129618,6069.63,0.0007864979570839647
2023-05-10,AMZN,6117.71,6158.5,5980.76,6069.63,3508428,6069.63,0.0007864979570839,6335.901,6295.4236,6684.956749999999,0.2298281926352978,6614.112695914141,6057.689304085859,29.30956285058518,-56.99139856916827,-15.329756330603118,-41.66164223856515,220.05357142857136,-0.0117500981754841,6064.86,-0.020243399741689,6136.97,-0.0082003812805198,6263.77,-0.0044638408959566,6494.41,0.0115956350627237,6469.67,6170.158,114.23652992831184,0.1734902391799616,6315.56,6064.86,6326.122,182.49075043837513,0.176210230613382,6523.53,6064.86,6335.901,139.10584795707072,0.22982819263529708,6523.53,6064.86,6295.4236,183.37002039207903,0.29010971588794554,6629.33,5853.39,2,5,2,0.9579742486505143,0.9641336922902274,0.02928349833514901,-0.007859149910667891,6110.09,0.006665974696975052
2023-05-11,AMZN,6066.03,6146.13,6066.03,6110.09,3253079,6110.09,0.006665974696975,6320.2875,6288.360600000001,6685.34165,0.227235847482005,6612.75364673236,6027.821353267641,37.331206125689086,-65.85728905055748,-25.435262874593995,-40.42202617596349,215.01499999999993,0.0007864979570839,6069.63,-0.0117500981754841,6064.86,-0.020243399741689,6136.97,-0.0275390682140486,6315.56,-0.0008655773787534,6464.07,6129.064,80.96724325343055,0.16757950198935848,6263.77,6064.86,6290.724,187.03411935914426,0.1864785303769492,6523.53,6064.86,6320.2875,146.2330733661796,0.22723584748200432,6523.53,6064.86,6288.360600000001,183.5753504462097,0.27550131403805783,6629.33,5853.39,3,5,2,0.966742414802971,0.9716507033644074,0.01310946319939432,0.007263399620508493,6310.27,0.0327622015387663
2023-05-12,AMZN,6338.61,6412.74,6207.8,6310.27,3643846,6310.27,0.0327622015387663,6318.2315,6285.242799999999,6686.999350000001,0.2564372458449668,6610.354965338401,6026.108034661599,49.16133440942593,-56.08421419636852,-31.565053138948905,-24.519161057419616,218.56571428571422,0.006665974696975,6110.09,0.0007864979570839,6069.63,-0.0117500981754841,6064.86,-0.0082003812805198,6263.77,-0.0041367126284214,6437.33,6138.364,100.59850386591575,0.32268213895856795,6310.27,6064.86,6278.018,180.15738759949036,0.26835007563821434,6523.53,6064.86,6318.2315,146.06173266920032,0.25643724584496624,6523.53,6064.86,6285.242799999999,181.80932580910982,0.28572171513556804,6629.33,5853.39,4,5,2,0.9987399163830893,1.0039818986784403,0.032477215713427016,-0.004471011783339685,6250.7,-0.009440166585582
2023-05-15,AMZN,6252.51,6333.13,6168.27,6250.7,7138034,6250.7,-0.009440166585582,6315.1355,6285.9976,6688.2424,0.2577258327033844,6608.817704000478,6021.453295999522,42.42902702923196,-52.54013316592045,-35.76006914434322,-16.780064021577232,214.06571428571422,0.0327622015387663,6310.27,0.006665974696975,6110.09,0.0007864979570839,6069.63,-0.020243399741689,6136.97,0.0083512885000458,6491.09,6161.11,112.3730027633938,0.2832178116492318,6310.27,6064.86,6253.979,163.86919563076304,0.26421853196956835,6523.53,6064.86,6315.1355,146.84110200023923,0.25772583270338384,6523.53,6064.86,6285.9976,181.58130985313264,0.2724323133214464,6629.33,5853.39,0,5,2,0.9897966559860845,0.994384725822836,0.026374646039639286,-0.0002894837433286969,6339.65,0.014230406194506218
2023-05-16,AMZN,6290.47,6469.34,6209.97,6339.65,3577456,6339.65,0.0142304061945062,6319.1865,6286.859200000001,6689.9257,0.260800188772646,6611.820186105037,6026.552813894963,43.3058055474944,-42.06895705185525,-37.02184672584563,-5.047110326009623,224.01928571428567,-0.009440166585582,6250.7,0.0327622015387663,6310.27,0.006665974696975,6110.09,-0.0117500981754841,6064.86,0.0049976198142376,6523.53,6216.068000000001,120.43808293087457,0.25161826082944566,6339.65,6069.63,6235.591,138.6356586685089,0.2764540212959789,6494.41,6064.86,6319.1865,146.31684305251832,0.2608001887726454,6523.53,6064.86,6286.859200000001,181.7346416589807,0.27263028956432706,6629.33,5853.39,1,5,2,1.0032383123997046,1.0083970068868395,0.04091235320561214,0.007818175748392657,6375.86,0.005711671779987881
2023-05-17,AMZN,6395.19,6459.25,6292.48,6375.86,4126958,6375.86,0.0057116717799878,6328.675499999999,6289.6736,6692.18595,0.2571281723735619,6615.383668332688,6041.967331667311,45.59720489080274,-30.49707881944596,-35.716893144565695,5.219814325119735,213.49642857142862,0.0142304061945062,6339.65,-0.009440166585582,6250.7,0.0327622015387663,6310.27,0.0007864979570839,6069.63,-0.0044638408959566,6494.41,6277.314,104.1097499279828,0.2437963094906638,6375.86,6110.09,6223.736,117.50239715761035,0.27935981625120676,6375.86,6064.86,6328.675499999999,143.3540841663442,0.25712817237356134,6523.53,6064.86,6289.6736,182.00676951701584,0.2719123266983042,6629.33,5853.39,2,5,2,1.0074556674613815,1.0137028414318647,0.026156471440711416,-0.003022584160907949,6527.58,0.023796005558465838
2023-05-18,AMZN,6541.87,6649.46,6405.69,6527.58,3372248,6527.58,0.0237960055584658,6333.7815,6300.2488,6695.2388,0.2329462106691154,6631.184933759336,6036.378066240664,54.00495238366239,-8.98022745423259,-30.369560006499075,21.389332552266485,228.02500000000003,0.0057116717799878,6375.86,0.0142304061945062,6339.65,-0.009440166585582,6250.7,0.006665974696975,6110.09,-0.0275390682140486,6315.56,6360.812,103.88092303243695,0.25895943045354963,6527.58,6250.7,6244.938,150.42739162505563,0.26490505285808547,6527.58,6064.86,6333.7815,148.70171687966783,0.23294621066911478,6527.58,6064.86,6300.2488,180.11383243727965,0.262097022822792,6629.33,5853.39,3,5,2,1.0305975979750752,1.0360828924722725,0.03734462082425081,-0.002184390701740906,6596.87,0.01061495990857253
2023-05-19,AMZN,6598.94,6643.24,6550.51,6596.87,5304278,6596.87,0.0106149599085725,6348.1945,6313.933000000001,6698.7813,0.2239229544498896,6667.588358325509,6028.80064167449,54.6302943281172,13.507450708873876,-21.594157863424485,35.10160857229836,220.70857142857145,0.0237960055584658,6527.58,0.0057116717799878,6375.86,0.0142304061945062,6339.65,0.0327622015387663,6310.27,-0.0082003812805198,6263.77,6418.132,141.33820987289275,0.19437982467878182,6596.87,6250.7,6278.248,187.39783253817612,0.2585333407781666,6596.87,6064.86,6348.1945,159.69692916275463,0.22392295444988902,6596.87,6064.86,6313.933000000001,176.01048386266882,0.26015511095896304,6629.33,5853.39,4,5,2,1.0391726340456269,1.0448115303090726,0.014056666267485262,-0.0003136867436284305,6479.42,-0.017803897909159927
2023-05-22,AMZN,6534.69,6534.69,6429.79,6479.42,4256743,6479.42,-0.0178038979091599,6355.842,6326.4536,6701.67115,0.2350165685683974,6680.329471924659,6031.354528075341,48.202921931869255,21.602840144825677,-12.954758261774453,34.55759840660013,213.51285714285717,0.0106149599085725,6596.87,0.0237960055584658,6527.58,0.0057116717799878,6375.86,-0.009440166585582,6250.7,-0.020243399741689,6136.97,6463.875999999999,106.26162868164626,0.24642146413348623,6596.87,6339.65,6312.4929999999995,189.98392587270604,0.25198827131971163,6596.87,6064.86,6355.842,162.24373596232937,0.2350165685683968,6596.87,6064.86,6326.4536,164.46900658035796,0.2626285618307489,6629.33,5981.33,0,5,2,1.019443214604608,1.0241788543266919,0.01618972068487356,-0.008457937560923482,6282.73,-0.03035611212114675
2023-05-23,AMZN,6285.38,6331.7,6233.76,6282.73,2677599,6282.73,-0.0303561121211467,6350.203,6332.481599999999,6703.966899999999,0.2572311790359865,6675.706145823998,6024.699854176001,42.41203292091296,12.008825142852402,-7.962041580849082,19.970866723701484,211.8014285714286,-0.0178038979091599,6479.42,0.0106149599085725,6596.87,0.0237960055584658,6527.58,0.0142304061945062,6339.65,-0.0117500981754841,6064.86,6452.492,124.39848459718286,0.3493386361885933,6596.87,6282.73,6334.28,169.85681178897912,0.30042501905267716,6596.87,6069.63,6350.2029999999995,162.75157291199895,0.2572311790359859,6596.87,6064.86,6332.481599999999,156.91134029015305,0.268588287835668,6629.33,6003.66,1,5,2,0.9893746703843971,0.9921434276254364,0.015588764756719452,-0.0004216133312544546,6319.21,0.0058063930807150665
2023-05-24,AMZN,6381.21,6381.21,6281.86,6319.21,2714926,6319.21,0.005806393080715,6342.679999999999,6338.7926,6707.1012,0.2543463849344908,6663.478249962827,6021.881750037172,50.14571207238333,7.265379484408186,-4.916557367797628,12.181936852205814,201.87500000000006,-0.0303561121211467,6282.73,-0.0178038979091599,6479.42,0.0106149599085725,6596.87,0.0057116717799878,6375.86,0.0007864979570839,6069.63,6441.162,135.23102036912607,0.34946428728971796,6596.87,6282.73,6359.237999999999,142.83653958285757,0.3001201451140192,6596.87,6110.09,6342.679999999999,160.39912498141382,0.2543463849344902,6596.87,6064.86,6338.7926,149.59116540274056,0.26873217004906436,6629.33,6042.14,2,5,2,0.9962996714321082,0.996910673493088,0.015721901946601655,-0.009716025644037772,6260.57,-0.009279640967779224
2023-05-25,AMZN,6261.72,6359.65,6161.48,6260.57,1798318,6260.57,-0.0092796409677792,6332.505,6343.1612,6709.9581,0.2560119258730745,6649.983756554549,6015.026243445452,49.87294730434024,-1.211626424451424,-4.175571179128387,2.9639447546769633,195.33428571428573,0.005806393080715,6319.21,-0.0303561121211467,6282.73,-0.0178038979091599,6479.42,0.0237960055584658,6527.58,0.006665974696975,6110.09,6387.76,144.94503027034935,0.26734239333286847,6596.87,6260.57,6374.286,119.72965781294566,0.30704461478185896,6596.87,6250.7,6332.505,158.7393782772744,0.2560119258730739,6596.87,6064.86,6343.1612,143.82955461998304,0.26946472694775964,6629.33,6064.86,3,5,2,0.9886403563832971,0.9869794890281226,0.03165366731782704,-0.00018365560900205724,6152.22,-0.01730673085677492
2023-05-26,AMZN,6104.95,6280.68,6023.77,6152.22,2868432,6152.22,-0.0173067308567749,6318.2495,6342.742799999999,6711.375849999999,0.2620259769947605,6641.462198127393,5995.036801872607,50.61448822140225,-16.482652405188674,-6.636987424340445,-9.845664980848229,193.19714285714286,-0.0092796409677792,6260.57,0.005806393080715,6319.21,-0.0303561121211467,6282.73,0.0106149599085725,6596.87,0.0327622015387663,6310.27,6298.83,118.58079756043249,0.21108869547996184,6479.42,6152.22,6358.481,138.13600322791683,0.26998398814937985,6596.87,6152.22,6318.2495,161.6063490636967,0.26202597699476,6596.87,6064.86,6342.742799999999,144.3636761656485,0.2681774201688496,6629.33,6064.86,4,5,2,0.9737222311336433,0.9699620801270754,0.0417589097919057,0.007742897157223678,6014.57,-0.022374037339367048
2023-05-29,AMZN,6011.02,6118.07,5911.07,6014.57,5495187,6014.57,-0.022374037339367,6294.4235,6339.761599999999,6712.05635,0.2683422597507041,6633.837690025678,5955.009309974322,48.07525968059564,-39.23992173590614,-13.157574286653585,-26.082347449252552,196.3621428571429,-0.0173067308567749,6152.22,-0.0092796409677792,6260.57,0.005806393080715,6319.21,-0.0178038979091599,6479.42,-0.009440166585582,6250.7,6205.860000000001,123.71289059780247,0.2189146105877853,6319.21,6014.57,6334.868,174.1060637019382,0.2867126476672824,6596.87,6014.57,6294.4235,169.70709501283923,0.2683422597507034,6596.87,6014.57,6339.761599999999,149.58270476466635,0.2728590872574399,6629.33,6014.57,0,5,2,0.9555394548840007,0.9487060207435958,0.03441642544686745,0.0005905819644583916,6033.16,0.003090827773224003
2023-05-30,AMZN,5994.82,6132.7,5933.61,6033.16,6792360,6033.16,0.003090827773224,6269.905000000001,6335.4438,6712.999250000001,0.2676098032490873,6610.478867125298,5929.331132874703,48.618801268960205,-55.13954959631519,-21.55396934858591,-33.58558024772928,197.88714285714292,-0.022374037339367,6014.57,-0.0173067308567749,6152.22,-0.0092796409677792,6260.57,-0.0303561121211467,6282.73,0.0142304061945062,6339.65,6155.945999999999,134.795004840912,0.19579257587689905,6319.21,6014.57,6304.219,198.4460549396665,0.2723019798528955,6596.87,6014.57,6269.905000000001,170.28693356264884,0.26760980324908673,6596.87,6014.57,6335.4438,155.26265235354012,0.2710411186148796,6629.33,6014.57,1,5,2,0.9622410546888728,0.9522868784660432,0.03299929058734844,0.006395521466865352,6200.3,0.027703558334272627
2023-05-31,AMZN,6212.34,6315.7,6084.89,6200.3,5262034,6200.3,0.0277035583342726,6255.199500000001,6332.897199999999,6714.372899999999,0.2899243334379702,6579.9901148165145,5930.408885183487,53.11733279834706,-53.63504664254742,-27.970184807378214,-25.66486183516921,212.3471428571429,0.003090827773224,6033.16,-0.022374037339367,6014.57,-0.0173067308567749,6152.22,0.005806393080715,6319.21,0.0057116717799878,6375.86,6132.164,106.25794008007279,0.31721935153929154,6260.57,6014.57,6286.663,199.16830537960612,0.3151097616442355,6596.87,6014.57,6255.199500000001,162.3953074082569,0.2899243334379696,6596.87,6014.57,6332.897199999999,156.43324208336742,0.27687697000139144,6629.33,6014.57,2,5,2,0.9912233814443501,0.9790621581539365,0.0372256181152464,-0.0019380780832984068,6156.01,-0.007143202748254085
2023-06-01,AMZN,6179.79,6228.61,6083.41,6156.01,4993550,6156.01,-0.007143202748254,6247.222,6332.3384,6715.60385,0.2748905538199396,6573.604029407651,5920.839970592348,44.02565413346319,-55.37818482244438,-33.45178481039145,-21.92640001205293,201.10071428571433,0.0277035583342726,6200.3,0.003090827773224,6033.16,-0.022374037339367,6014.57,-0.0092796409677792,6260.57,0.0237960055584658,6527.58,6111.2519999999995,82.24501729624328,0.3151796155918953,6200.3,6014.57,6249.505999999999,183.2529835561457,0.2786826875851795,6596.87,6014.57,6247.222,163.19101470382546,0.27489055381993893,6596.87,6014.57,6332.3384,157.0249429342006,0.2725582966564741,6629.33,6014.57,3,6,2,0.9853995904097876,0.9721542992710288,0.023586706324384824,-0.0038480271983345545,6222.94,0.010872302026799785
2023-06-02,AMZN,6219.01,6299.1,6146.77,6222.94,3802595,6222.94,0.0108723020267997,6245.1805,6329.7712,6716.15325,0.2767208836816593,6571.63748131888,5918.72351868112,48.93097552281687,-50.773655649172724,-36.916158978147706,-13.857496671025018,200.20571428571435,-0.007143202748254,6156.01,0.0277035583342726,6200.3,0.003090827773224,6033.16,-0.0173067308567749,6152.22,0.0106149599085725,6596.87,6125.396000000001,95.9850771217067,0.29881925703082995,6222.94,6014.57,6212.113,136.7465389405873,0.2791073193391726,6479.42,6014.57,6245.1805,163.22849065943993,0.27672088368165865,6596.87,6014.57,6329.7712,157.75618907144698,0.26666734152944427,6629.33,6014.57,4,6,2,0.9964387738671449,0.9831224231294515,0.024478783340346436,0.0006319333784635736,6212.66,-0.0016519522926462527
2023-06-05,AMZN,6162.67,6282.77,6142.55,6212.66,5453514,6212.66,-0.0016519522926462,6248.965,6330.1814,6716.64765,0.2665265653023124,6571.875737185574,5926.054262814427,44.79425437142674,-47.40755836926837,-39.01443885637184,-8.393119512896533,191.6950000000001,0.0108723020267997,6222.94,-0.007143202748254,6156.01,0.0277035583342726,6200.3,-0.022374037339367,6014.57,-0.0178038979091599,6479.42,6165.014,78.0019453607522,0.21487746782975334,6222.94,6033.16,6185.437,99.84861898008377,0.2711239138030049,6319.21,6014.57,6248.965,161.4553685927868,0.26652656530231184,6596.87,6014.57,6330.1814,157.41734271602573,0.26058609805224375,6629.33,6014.57,0,6,2,0.9941902379032376,0.9814347500371818,0.022570042461679485,0.008111743773395567,6071.27,-0.022758367591337647
2023-06-06,AMZN,6067.46,6188.1,5954.45,6071.27,4485301,6071.27,-0.0227583675913376,6249.2855,6325.6782,6716.0414,0.2760661018561581,6571.438681118032,5927.132318881968,38.50508344048258,-55.50901994918058,-42.31335507493359,-13.195664874246994,198.22642857142864,-0.0016519522926462,6212.66,0.0108723020267997,6222.94,-0.007143202748254,6156.01,0.003090827773224,6033.16,-0.0303561121211467,6282.73,6172.636,62.147404853799735,0.30198398859769726,6222.94,6071.27,6164.291,99.34472154521801,0.2525395077920848,6319.21,6014.57,6249.2855,161.07659055901593,0.2760661018561576,6596.87,6014.57,6325.6782,161.56838352170132,0.2627345382448371,6629.33,6014.57,1,6,2,0.9715142635104491,0.9597816721057736,0.03848453453724872,0.0006279398628091116,6153.26,0.013504588002180684
2023-06-07,AMZN,6101.76,6203.92,6101.76,6153.26,8232370,6153.26,0.0135045880021806,6253.467,6326.184,6716.257050000001,0.2800886291793049,6567.87966601687,5939.054333983129,35.08875362464448,-54.68322466336576,-44.787328992620026,-9.895895670745738,188.15857142857143,-0.0227583675913376,6071.27,-0.0016519522926462,6212.66,0.0108723020267997,6222.94,0.0277035583342726,6200.3,0.005806393080715,6319.21,6163.228,60.449937717599546,0.233033453293968,6222.94,6071.27,6147.696,83.12788637600251,0.2630534694874145,6260.57,6014.57,6253.467,157.2063330084353,0.2800886291793043,6596.87,6014.57,6326.184,160.97531163219057,0.25761489283958666,6629.33,6014.57,2,6,2,0.9839757689612844,0.9726653540268552,0.016602581395875234,0.00844018774910707,6034.34,-0.01932634083396445
2023-06-08,AMZN,6056.32,6066.08,6002.59,6034.34,3845548,6034.34,-0.0193263408339644,6249.6795,6322.9546,6715.594399999999,0.2879929857583243,6573.061485793963,5926.297514206038,28.443657599768382,-62.89955912988262,-48.409775020072544,-14.489784109810074,190.65928571428574,0.0135045880021806,6153.26,-0.0227583675913376,6071.27,-0.0016519522926462,6212.66,-0.007143202748254,6156.01,-0.0092796409677792,6260.57,6138.894,83.98821214944728,0.26560765228569316,6222.94,6034.34,6125.073,79.71006559196428,0.2748377160803337,6222.94,6014.57,6249.6795,161.6909928969811,0.28799298575832366,6596.87,6014.57,6322.9546,165.20819184864058,0.26005170734784067,6629.33,6014.57,3,6,2,0.9655439130917087,0.95435447219549,0.010521448907418086,-0.00362926661735112,6037.82,0.0005766993573448342
2023-06-09,AMZN,6072.89,6140.01,5935.64,6037.82,6844857,6037.82,0.0005766993573448,6236.057,6315.5474,6714.79025,0.2600426979471074,6571.423996280105,5900.690003719895,31.458154884499397,-68.34244728308113,-52.39630947267427,-15.94613781040686,193.32285714285717,-0.0193263408339644,6034.34,0.0135045880021806,6153.26,-0.0227583675913376,6071.27,0.0108723020267997,6222.94,-0.0173067308567749,6152.22,6101.87,78.28540668642499,0.23824959611460303,6212.66,6034.34,6113.633,83.50026041880794,0.2642103285938987,6222.94,6014.57,6236.057,167.68349814005236,0.26004269794710666,6596.87,6014.57,6315.5473999999995,169.55455607242683,0.24765282456512808,6629.33,6014.57,4,6,2,0.9682111629189777,0.9560248095040887,0.03384830948918087,-0.005774845254894266,6001.95,-0.005940885948902075
2023-06-12,AMZN,6057.45,6145.08,5858.82,6001.95,5674259,6001.95,-0.005940885948902,6223.6195,6307.889,6713.83245,0.259023141082385,6574.778542479317,5872.460457520682,36.36990291212702,-74.6894115366349,-56.8549298854664,-17.83448165116851,196.2228571428572,0.0005766993573448,6037.82,-0.0193263408339644,6034.34,0.0135045880021806,6153.26,-0.0016519522926462,6212.66,-0.022374037339367,6014.57,6059.728000000001,57.75868133932042,0.23532427361854366,6153.26,6001.95,6112.371,85.24105002877876,0.24006969896993915,6222.94,6001.95,6223.6195,175.57952123965876,0.2590231410823843,6596.87,6001.95,6307.889,174.92236054125837,0.24782950163605488,6629.33,6001.95,0,6,2,0.9643825429878924,0.9514989880131131,0.047694499287723575,-0.00916227125275336,6100.36,0.01639633785686323
2023-06-13,AMZN,6057.51,6205.21,5995.5,6100.36,5368087,6100.36,0.0163963378568632,6211.655000000001,6302.7628,6713.63935,0.2609194393728113,6562.474203549636,5860.835796450366,39.978753216268686,-70.96057257247776,-59.67605842286867,-11.284514149609087,204.10571428571433,-0.005940885948902,6001.95,0.0005766993573448,6037.82,-0.0193263408339644,6034.34,-0.0227583675913376,6071.27,0.003090827773224,6033.16,6065.546,60.60684185846841,0.23207725630355405,6153.26,6001.95,6119.091,80.83771609429597,0.25392463093867723,6222.94,6001.95,6211.655000000001,175.40960177481767,0.26091943937281054,6596.87,6001.95,6302.7628,177.20440072661026,0.2507914773956247,6629.33,6001.95,1,6,2,0.9820828748536448,0.9678866544048003,0.03437665973810819,0.007073863683261336,5986.39,-0.018682503983371346
2023-06-14,AMZN,5990.27,6110.06,5862.72,5986.39,1789073,5986.39,-0.0186825039833713,6192.181500000001,6293.9284,6713.2212,0.2659332167457688,6547.827312470244,5836.5356875297575,38.05065983252907,-76.32207398149967,-63.00526153459488,-13.316812446904791,207.6178571428572,0.0163963378568632,6100.36,-0.005940885948902,6001.95,0.0005766993573448,6037.82,0.0135045880021806,6153.26,0.0277035583342726,6200.3,6032.1720000000005,43.86218268686539,0.23565245889288125,6100.36,5986.39,6097.7,85.14793140312455,0.22341445187702078,6222.94,5986.39,6192.181500000001,177.8229062351217,0.2659332167457681,6596.87,5986.39,6293.9284,181.77953001386282,0.2524559642710894,6629.33,5986.39,2,6,2,0.9667659127884143,0.9511372897090867,0.041317054184568464,-0.000647717047812446,6029.79,0.007249778246990246
2023-06-15,AMZN,6037.94,6141.08,5918.51,6029.79,5800651,6029.79,0.0072497782469902,6167.292,6286.697999999999,6712.8597,0.2498064798788699,6492.476266765518,5842.107733234481,44.34404190978478,-76.19080501157168,-65.64237022999025,-10.548434781581435,205.16500000000002,-0.0186825039833713,5986.39,0.0163963378568632,6100.36,-0.005940885948902,6001.95,-0.0193263408339644,6034.34,-0.007143202748254,6156.01,6031.262,43.85315689954277,0.21090252322870434,6100.36,5986.39,6085.0779999999995,84.89869463731637,0.22831930985714077,6222.94,5986.39,6167.2919999999995,162.59213338275896,0.24980647987886923,6596.87,5986.39,6286.697999999999,184.98858559375847,0.25296612843369676,6629.33,5986.39,3,6,2,0.9777046392483154,0.9591346681515545,0.036911733244435176,-0.0013497981099511234,5940.45,-0.014816436393307209
2023-06-16,AMZN,5990.64,6029.25,5851.64,5940.45,3801102,5940.45,-0.0148164363933072,6134.471,6273.4032,6711.6983,0.2465781628833294,6405.011787461419,5863.93021253858,46.41586073438121,-82.3465252771648,-68.98320123942517,-13.36332403773963,200.66499999999996,0.0072497782469902,6029.79,-0.0186825039833713,5986.39,0.0163963378568632,6100.36,0.0005766993573448,6037.82,0.0108723020267997,6222.94,6011.788,59.160852935493715,0.2348364768713313,6100.36,5940.45,6056.829,80.82997415019217,0.22422365705208738,6212.66,5940.45,6134.471,135.27039373070986,0.2465781628833288,6479.42,5940.45,6273.4032,185.51808324241242,0.2420855934818062,6629.33,5940.45,4,6,2,0.9683720079529321,0.9469262233932377,0.02989840836973121,-0.008378069788869324,5887.15,-0.008972384246984655
2023-06-19,AMZN,5902.14,6001.17,5773.13,5887.15,3349207,5887.15,-0.0089723842469846,6104.8575,6258.5596000000005,6710.3352,0.242508209226222,6344.287606613336,5865.427393386664,43.16886713832154,-90.48281294648041,-73.28312358083622,-17.19968936564419,202.73285714285709,-0.0148164363933072,5940.45,0.0072497782469902,6029.79,-0.0186825039833713,5986.39,-0.005940885948902,6001.95,-0.0016519522926462,6212.66,5988.8279999999995,81.85667791972858,0.23806309686120594,6100.36,5887.15,6024.278,76.53129277193398,0.22459014603773803,6153.26,5887.15,6104.8575,119.715053306668,0.2425082092262214,6319.21,5887.15,6258.5596000000005,186.14905294978567,0.24222693125139202,6596.87,5887.15,0,6,2,0.9643386434489314,0.9406557381029108,0.03873521143506811,-0.002539756766189577,5515.3,-0.06316299058118091
2023-06-20,AMZN,5476.2,5633.78,5396.82,5515.3,2210301,5515.3,-0.0631629905811809,6066.486,6237.0162,6706.947350000001,0.3077732529068988,6409.474158482454,5723.497841517546,23.103924863498648,-125.4895019985488,-83.72439926437873,-41.76510273417007,217.57499999999996,-0.0089723842469846,5887.15,-0.0148164363933072,5940.45,0.0072497782469902,6029.79,0.0163963378568632,6100.36,-0.0227583675913376,6071.27,5871.816,206.23554611184088,0.4166329280801847,6029.79,5515.3,5968.681,175.95878345987035,0.3621257526686535,6153.26,5515.3,6066.486,171.49407924122707,0.30777325290689833,6319.21,5515.3,6237.0162,207.78986635231908,0.27812494364621926,6596.87,5515.3,1,6,2,0.9091424590774776,0.8842850207762993,0.04296411799901312,0.007139987582629053,5728.03,0.038570884630029
2023-06-21,AMZN,5720.74,5782.42,5673.65,5728.03,3991070,5728.03,0.038570884630029,6036.927000000001,6220.9788,6704.63845,0.3446474884401161,6389.95973121583,5683.894268784171,35.15875327667574,-134.5164008057409,-93.88279957265117,-40.63360123308972,226.28357142857138,-0.0631629905811809,5515.3,-0.0089723842469846,5887.15,-0.0148164363933072,5940.45,-0.0186825039833713,5986.39,0.0135045880021806,6153.26,5820.143999999999,202.68795987933535,0.5881881126904824,6029.79,5515.3,5926.158,177.7685394488834,0.42308892336277854,6100.36,5515.3,6036.927000000001,176.5163656079148,0.3446474884401157,6260.57,5515.3,6220.9788,215.52408459224947,0.29323968212804435,6596.87,5515.3,2,6,2,0.9488320796324107,0.9207602507822529,0.018989076523688152,0.001274310666102408,5786.17,0.010150086504435274
2023-06-22,AMZN,5804.08,5854.0,5718.34,5786.17,4054044,5786.17,0.0101500865044352,6013.207,6208.255,6702.5595,0.3480862941352694,6366.719490011196,5659.694509988804,34.76103749259515,-135.41785826658088,-102.18981131143713,-33.22804695514375,225.0928571428571,0.038570884630029,5728.03,-0.0631629905811809,5515.3,-0.0089723842469846,5887.15,0.0072497782469902,6029.79,-0.0193263408339644,6034.34,5771.42,165.576479911988,0.5933335861152537,5940.45,5515.3,5901.340999999999,178.30976252020457,0.4245472000431235,6100.36,5515.3,6013.207,176.7562450055981,0.348086294135269,6222.94,5515.3,6208.255,222.07235773591572,0.2927833643517592,6596.87,5515.3,3,6,2,0.962243608111119,0.9320122965308396,0.02344556070768339,-0.0030857603616760566,5707.87,-0.013532267458439717
2023-06-23,AMZN,5730.74,5761.95,5653.79,5707.87,2375228,5707.87,-0.0135322674584397,5990.9895,6195.384600000001,6700.1949,0.346383223603578,6363.080704466434,5618.898295533565,33.18588492331263,-140.827058747107,-109.9172607985711,-30.909797948535896,224.53285714285707,0.0101500865044352,5786.17,0.038570884630029,5728.03,-0.0631629905811809,5515.3,-0.0148164363933072,5940.45,0.0005766993573448,6037.82,5724.904,136.3002688186747,0.5924252452564915,5887.15,5515.3,5868.346,180.75986305965586,0.4263200482423884,6100.36,5515.3,5990.9895,186.0456022332173,0.34638322360357765,6222.94,5515.3,6195.384600000001,232.03208924985793,0.293234217036759,6596.87,5515.3,4,6,2,0.952742447637247,0.9213100345697791,0.018949275298838428,-0.0039907586105801165,5594.54,-0.01985504224868473
2023-06-26,AMZN,5635.16,5673.1,5515.97,5594.54,2218835,5594.54,-0.0198550422486847,5969.988,6181.022999999999,6697.247850000001,0.3446751441484673,6381.772629993853,5558.203370006147,33.81804851192881,-152.5007393657861,-118.4339565120141,-34.066782853772,219.7964285714285,-0.0135322674584397,5707.87,0.0101500865044352,5786.17,0.038570884630029,5728.03,-0.0089723842469846,5887.15,-0.005940885948902,6001.95,5666.382,109.38228682030994,0.5992556701087912,5786.17,5515.3,5827.6050000000005,192.81210164017625,0.43260513277446666,6100.36,5515.3,5969.988,205.8923149969266,0.344675144148467,6222.94,5515.3,6181.022999999999,246.40529696504043,0.29584552408486686,6596.87,5515.3,0,6,2,0.9371107613615073,0.9051155447891223,0.028086312726331747,-0.00720831351727239,5545.89,-0.008695978579114527
2023-06-27,AMZN,5510.45,5671.79,5419.99,5545.89,4859532,5545.89,-0.0086959785791145,5945.6245,6166.7682,6692.5128,0.3442764806145209,6397.390175520086,5493.858824479914,28.90622286714172,-163.78979695174985,-127.50512459996128,-36.28467235178857,228.3071428571428,-0.0198550422486847,5594.54,-0.0135322674584397,5707.87,0.0101500865044352,5786.17,-0.0631629905811809,5515.3,0.0163963378568632,6100.36,5672.5,99.20098336226721,0.37523074270186424,5786.17,5545.89,5772.158,185.23645908229534,0.41304721653321835,6029.79,5515.3,5945.6245,225.88283776004278,0.3442764806145205,6222.94,5515.3,6166.7682,261.9500678130989,0.29586141769399155,6596.87,5515.3,1,6,2,0.9327682903619405,0.8993187063523971,0.04540299212569213,0.006431416671958566,5618.97,0.013177325911621018
2023-06-28,AMZN,5669.71,5685.86,5552.08,5618.97,5668794,5618.97,0.013177325911621,5916.558,6155.426,6687.954350000001,0.3301183873700151,6374.099345873113,5459.016654126887,35.09990314561004,-164.93820620626138,-134.99174092122132,-29.946465285040063,227.54285714285703,-0.0086959785791145,5545.89,-0.0198550422486847,5594.54,-0.0135322674584397,5707.87,0.038570884630029,5728.03,-0.0186825039833713,5986.39,5650.688,95.87283723787424,0.2326677894371797,5786.17,5545.89,5735.416,174.12778827316143,0.42334838236099087,6029.79,5515.3,5916.558,228.77067293655625,0.3301183873700147,6222.94,5515.3,6155.4259999999995,273.13567349336665,0.29705981215693783,6596.87,5515.3,2,6,2,0.9497025128459908,0.9128482740267021,0.023808633966719152,-0.008949311340437312,5431.85,-0.03330147696107999
2023-06-29,AMZN,5383.95,5499.69,5364.01,5431.85,4316338,5431.85,-0.0333014769610799,5880.35,6135.5538,6682.0726,0.3453891466747156,6371.485868177782,5389.214131822218,30.79322214376566,-178.88527093607718,-143.7704469241925,-35.11482401188468,231.15642857142848,0.013177325911621,5618.97,-0.0086959785791145,5545.89,-0.0198550422486847,5594.54,0.0101500865044352,5786.17,0.0072497782469902,6029.79,5579.824,101.47976290885266,0.2705244132334981,5707.87,5431.85,5675.622,164.19074948910085,0.4365775632400369,5940.45,5431.85,5880.35,245.56793408889104,0.34538914667471515,6222.94,5431.85,6135.5538,288.7852941793025,0.2905490082456419,6596.87,5431.85,3,6,2,0.9237290297344675,0.8853072073133993,0.024978598451719833,0.00889681367768862,5419.04,-0.0023583125454496034
2023-06-30,AMZN,5471.47,5539.38,5298.7,5419.04,6338411,5419.04,-0.0023583125454496,5840.155000000001,6117.7624,6675.859,0.3399622076207256,6344.63907043883,5335.670929561172,31.25004020738308,-188.7957601581711,-152.77550957098822,-36.020250587182886,227.9007142857142,-0.0333014769610799,5431.85,0.013177325911621,5618.97,-0.0086959785791145,5545.89,-0.0135322674584397,5707.87,-0.0148164363933072,5940.45,5522.058,92.14625857860185,0.2791783227866041,5618.97,5419.04,5623.481000000001,153.16695113870617,0.4372430640945659,5887.15,5419.04,5840.155000000001,252.24203521941433,0.33996220762072527,6212.66,5419.04,6117.7624,304.86086629507855,0.2885131646523831,6596.87,5419.04,4,6,2,0.9278931809171282,0.8857879148753985,0.04441377070476613,-0.00958243397112489,5595.59,0.032579571289379716
2023-07-03,AMZN,5635.62,5681.24,5509.93,5595.59,3864144,5595.59,0.0325795712893797,5809.3015,6103.1448,6670.67915,0.367283056946651,6292.908155575636,5325.694844424364,34.540632254369754,-180.32510914803788,-158.28542948639816,-22.039679661639724,231.6499999999999,-0.0023583125454496,5419.04,-0.0333014769610799,5431.85,0.013177325911621,5618.97,-0.0198550422486847,5594.54,-0.0089723842469846,5887.15,5522.268,92.35370333686987,0.39085216056742694,5618.97,5419.04,5594.325,121.97307410068717,0.48403015935077265,5786.17,5419.04,5809.3015,241.80332778781818,0.36728305694665064,6153.26,5419.04,6103.1448,312.0860910673467,0.2990738731009576,6596.87,5419.04,0,7,3,0.963212186525185,0.9168371689295465,0.030615180883511634,-0.007103033916408956,5483.56,-0.02002112377783216
2023-07-04,AMZN,5501.14,5569.7,5397.42,5483.56,3913976,5483.56,-0.0200211237778321,5779.916,6084.9058,6664.1514,0.3656486286193654,6267.901766591605,5291.930233408395,34.58172608103362,-180.57043830935163,-162.74243125098886,-17.828007058362772,228.13785714285703,0.0325795712893797,5595.59,-0.0023583125454496,5419.04,-0.0333014769610799,5431.85,-0.0086959785791145,5545.89,-0.0631629905811809,5515.3,5509.802000000001,92.57447094115118,0.41477514362126355,5618.97,5419.04,5591.151,124.64173952668678,0.3739070331424265,5786.17,5419.04,5779.916,243.99288329580247,0.36564862861936503,6153.26,5419.04,6084.9058,321.1669901270807,0.3001187428860303,6596.87,5419.04,1,7,3,0.9487265904900782,0.9011741808721342,0.03141754626555893,-0.0031957012546484417,5492.54,0.0016376222745806412
2023-07-05,AMZN,5518.35,5614.56,5370.51,5492.54,2771761,5492.54,0.0016376222745806,5746.88,6065.3632,6657.83965,0.3601444451421424,6217.599425202913,5276.160574797087,33.171073981202724,-177.98851171711158,-165.79164734421343,-12.196864372898148,229.67214285714277,-0.0200211237778321,5483.56,0.0325795712893797,5595.59,-0.0023583125454496,5419.04,0.013177325911621,5618.97,0.038570884630029,5728.03,5484.5160000000005,69.75590677521852,0.39585874704755625,5595.59,5419.04,5567.602000000001,117.97494261266262,0.30614785250923987,5786.17,5419.04,5746.88,235.35971260145672,0.36014444514214206,6100.36,5419.04,6065.3632,326.953208675191,0.2984740367974999,6596.87,5419.04,2,7,3,0.9557429422571976,0.9055583019330309,0.04443299457080981,-0.00467712269065857,5715.82,0.04065150185524358
2023-07-06,AMZN,5666.97,5800.47,5631.16,5715.82,2142980,5715.82,0.0406515018552435,5730.954,6050.3982,6651.99025,0.3910241521360277,6181.859151534335,5280.048848465664,43.50836632626701,-156.1257656779826,-163.85847101096726,7.732705332984665,238.94214285714284,0.0016376222745806,5492.54,-0.0200211237778321,5483.56,0.0325795712893797,5595.59,-0.0333014769610799,5431.85,0.0101500865044352,5786.17,5541.31,116.25788876474296,0.4025398851413969,5715.82,5419.04,5560.567,104.86206623208,0.3760026080648294,5715.82,5419.04,5730.954,225.4525757671675,0.39102415213602726,6100.36,5419.04,6050.3982,325.4521942867561,0.3142070049552034,6596.87,5419.04,3,7,3,0.997359252927,0.9447014578311648,0.029621296681835812,0.008620126804975292,5782.32,0.011634376169998406
2023-07-07,AMZN,5729.29,5890.05,5674.58,5782.32,8399391,5782.32,0.0116343761699984,5718.178999999999,6037.298000000001,6646.673449999999,0.3941050220166453,6146.383605786815,5289.974394213184,46.99343218478337,-131.9127792863228,-157.46933266603838,25.55655337971558,238.0442857142857,0.0406515018552435,5715.82,0.0016376222745806,5492.54,-0.0200211237778321,5483.56,-0.0023583125454496,5419.04,-0.0135322674584397,5707.87,5613.966,133.04602805059008,0.3863159504594217,5782.32,5483.56,5568.012,118.26825222544302,0.3736800612622929,5782.32,5419.04,5718.178999999999,214.10230289340797,0.39410502201664493,6100.36,5419.04,6037.298000000001,322.7308965875872,0.31571496083673406,6596.87,5419.04,4,7,3,1.0112170325551175,0.9577662060078931,0.03726358970101326,0.009255946199265614,5796.53,0.0024574911108343755
2023-07-10,AMZN,5750.36,5835.44,5750.36,5796.53,6289074,5796.53,0.0024574911108343,5707.908,6023.4068,6642.0077,0.3940804145286574,6116.875674934404,5298.940325065597,60.14750561023441,-110.30565001324157,-148.03659613547904,37.73094612223747,209.09785714285712,0.0116343761699984,5782.32,0.0406515018552435,5715.82,0.0016376222745806,5492.54,0.0325795712893797,5595.59,-0.0198550422486847,5594.54,5654.154,154.6944911108346,0.34897405687667765,5796.53,5483.56,5588.211,138.77366100162524,0.3541798778431403,5796.53,5419.04,5707.908,204.48383746720174,0.394080414528657,6100.36,5419.04,6023.4068,317.70863714426287,0.3150025033065365,6596.87,5419.04,0,7,3,1.015526178767945,0.9623341395435947,0.01467774685889407,0.008029062528257717,5850.73,0.009350421717820856
2023-07-11,AMZN,5802.44,5900.89,5800.57,5850.73,2291689,5850.73,0.0093504217178208,5695.4265,6009.9508000000005,6637.384550000001,0.3906281792353886,6067.539372082748,5323.313627917251,54.99926661062763,-87.7962963091095,-135.98853617020515,48.19223986109566,197.4721428571429,0.0024574911108343,5796.53,0.0116343761699984,5782.32,0.0406515018552435,5715.82,-0.0200211237778321,5483.56,-0.0086959785791145,5545.89,5727.588,139.90942738087088,0.25348699195162366,5850.73,5492.54,5618.695,160.26213826455324,0.3479167600707939,5850.73,5419.04,5695.4265,186.056436041374,0.3906281792353882,6029.79,5419.04,6009.9508000000005,310.2547009286241,0.31565545459398064,6596.87,5419.04,1,7,3,1.0272681071380645,0.97350713752915,0.017146578290227626,0.008322360937810929,5809.76,-0.007002544981566272
2023-07-12,AMZN,5815.26,5885.79,5733.72,5809.76,4257129,5809.76,-0.0070025449815662,5686.594999999999,5996.2578,6633.21725,0.3861058187526137,6037.406220339352,5335.783779660646,50.97478533176284,-72.4284972952264,-123.27652839520941,50.848031099983004,198.64428571428576,0.0093504217178208,5850.73,0.0024574911108343,5796.53,0.0116343761699984,5782.32,0.0016376222745806,5492.54,0.013177325911621,5618.97,5791.032,49.187297852655014,0.2838083352137193,5850.73,5715.82,5637.773999999999,171.27666145746582,0.350319142911006,5850.73,5419.04,5686.594999999999,175.4056101696767,0.38610581875261335,6029.79,5419.04,5996.2578,303.4711336996033,0.3158096077667903,6596.87,5419.04,2,7,3,1.0216588309874326,0.9688976347879891,0.02617491944589338,-0.0009457874626412325,5948.39,0.023861570873839888
2023-07-13,AMZN,5914.53,6037.0,5859.78,5948.39,3843086,5948.39,0.0238615708738398,5682.525,5988.9144,6629.415,0.3953274634930084,6018.130642478422,5346.919357521578,59.46675693055993,-48.503999523150014,-108.32202262079754,59.818023097647526,205.42000000000002,-0.0070025449815662,5809.76,0.0093504217178208,5850.73,0.0024574911108343,5796.53,0.0406515018552435,5715.82,-0.0333014769610799,5431.85,5837.545999999999,67.01584760373979,0.18141433188655884,5948.39,5782.32,5689.428,179.94366444348043,0.2950595861798043,5948.39,5419.04,5682.525,167.802821239211,0.3953274634930079,5948.39,5419.04,5988.9144,300.00962146582145,0.3155399666892343,6596.87,5419.04,3,7,3,1.0467864197691965,0.9932334314210614,0.029792935567434287,0.005724884310333172,5906.89,-0.006976677722879687
2023-07-14,AMZN,5949.45,6050.52,5763.27,5906.89,3584780,5906.89,-0.0069766777228796,5680.847,5981.7768,6626.11245,0.3925003417077336,6011.319065360076,5350.374934639924,63.03076319690082,-32.517524066131955,-93.16112290986442,60.64359884373246,212.23071428571433,0.0238615708738398,5948.39,-0.0070025449815662,5809.76,0.0093504217178208,5850.73,0.0116343761699984,5782.32,-0.0023583125454496,5419.04,5862.46,64.45858670533104,0.20490730838012264,5948.39,5796.53,5738.213,163.90979565674533,0.30101065201877236,5948.39,5483.56,5680.847,165.23603268003794,0.3925003417077331,5948.39,5419.04,5981.7768,297.57242336735214,0.3154083440291838,6596.87,5419.04,4,7,3,1.0397903692880588,0.9874808434843327,0.048629651136207264,-0.007153602433837134,5703.29,-0.034468222702640494
2023-07-17,AMZN,5697.1,5842.52,5564.05,5703.29,3396302,5703.29,-0.0344682227026404,5671.654,5973.1032,6621.97375,0.4102701643606776,5987.884601695371,5355.42339830463,55.81472669987926,-35.86353304919521,-81.70160493773058,45.83807188853537,218.73357142857145,-0.0069766777228796,5906.89,0.0238615708738398,5948.39,-0.0070025449815662,5809.76,0.0024574911108343,5796.53,0.0325795712893797,5595.59,5843.812,94.6958579878122,0.34562609714510184,5948.39,5703.29,5748.983,156.88500983916802,0.3386321354320223,5948.39,5483.56,5671.654,158.11530084768546,0.4102701643606771,5948.39,5419.04,5973.1032,299.2721242017522,0.3214358004511623,6596.87,5419.04,0,7,3,1.0055779143084176,0.9548286391567863,0.04882620382269732,0.00108651770198847,5664.32,-0.0068328982043698305
2023-07-18,AMZN,5686.47,5789.07,5539.57,5664.32,4659005,5664.32,-0.0068328982043698,5679.105,5965.0924,6618.46505,0.3403128951156465,5986.729304392269,5371.48069560773,51.718649334350935,-41.185066776106396,-73.59829730540575,32.413230529299355,226.55714285714294,-0.0344682227026404,5703.29,-0.0069766777228796,5906.89,0.0238615708738398,5948.39,0.0093504217178208,5850.73,-0.0200211237778321,5483.56,5806.530000000001,123.5809489769616,0.327684916967208,5948.39,5664.32,5767.058999999999,131.21957581351978,0.32048120705071237,5948.39,5492.54,5679.105,153.81215219613483,0.34031289511564583,5948.39,5419.04,5965.0923999999995,302.11315356563347,0.3207996545940258,6596.87,5419.04,1,7,3,0.9973965968227392,0.9495779143335733,0.044047652674982334,-0.0038952109129207833,5567.66,-0.017064713857974145
2023-07-19,AMZN,5584.68,5630.64,5504.68,5567.66,5548705,5567.66,-0.0170647138579741,5671.086499999999,5955.053000000001,6612.8068,0.3165124642154682,5981.687205138972,5360.485794861027,55.52571833054433,-52.59578332253386,-69.39779450883137,16.802011186297506,219.74857142857147,-0.0068328982043698,5664.32,-0.0344682227026404,5703.29,-0.0069766777228796,5906.89,-0.0070025449815662,5809.76,0.0016376222745806,5492.54,5758.110000000001,163.10653405073742,0.3367366512011537,5948.39,5567.66,5774.571000000001,114.89230323806125,0.3367508430198307,5948.39,5567.66,5671.086499999999,155.30035256948617,0.31651246421546747,5948.39,5419.04,5955.053000000001,306.8713233438419,0.32273871856822867,6596.87,5419.04,2,7,3,0.9817624894275583,0.9349471784716381,0.022623507900981277,-0.003047623140448045,5540.59,-0.00486200665988934
2023-07-20,AMZN,5520.63,5675.12,5406.06,5540.59,4698535,5540.59,-0.0048620066598893,5658.8075,5943.663,6607.9896,0.3138276612331766,5969.668930756169,5347.946069243831,54.88879057171828,-63.09585146207064,-68.13740589947922,5.041554437408578,221.77571428571426,-0.0170647138579741,5567.66,-0.0068328982043698,5664.32,-0.0344682227026404,5703.29,0.0238615708738398,5948.39,0.0406515018552435,5715.82,5676.55,145.1406815818394,0.19644175485989981,5906.89,5540.59,5757.048,136.22980794725817,0.25684688115924054,5948.39,5540.59,5658.8075,155.4307153780847,0.3138276612331759,5948.39,5419.04,5943.663,311.5329755353404,0.32227202263073756,6596.87,5419.04,3,7,3,0.9791091144201355,0.9321844122049093,0.04856161527923035,0.003615529387043946,5515.85,-0.004465228432350976
2023-07-21,AMZN,5487.51,5619.47,5412.22,5515.85,3811744,5515.85,-0.0044652284323509,5649.2065,5927.774600000001,6603.03685,0.311039264350382,5965.5013565253685,5332.911643474632,46.346693055648245,-72.57692078550099,-69.02530887668358,-3.5516119088174065,217.85071428571428,-0.0048620066598893,5540.59,-0.0170647138579741,5567.66,-0.0068328982043698,5664.32,-0.0069766777228796,5906.89,0.0116343761699984,5782.32,5598.342,81.31541655822379,0.2028365771538945,5703.29,5515.85,5730.401,155.4435304004229,0.24355038266648435,5948.39,5515.85,5649.2065,158.14742826268397,0.31103926435038126,5948.39,5419.04,5927.774600000001,312.7099508686454,0.3124551801908595,6596.87,5419.04,4,7,3,0.9763937643276137,0.930509402297292,0.03757353807662688,0.005164455281173971,5637.08,0.02197848019797477
2023-07-24,AMZN,5619.32,5709.57,5564.6,5637.08,3756184,5637.08,0.0219784801979747,5651.3335,5915.5022,6598.007599999999,0.3137807168176074,5966.651122808933,5336.0158771910665,56.97475784542348,-69.50725235473692,-69.12169757229425,-0.38555478244266794,217.53285714285707,-0.0044652284323509,5515.85,-0.0048620066598893,5540.59,-0.0170647138579741,5567.66,-0.0344682227026404,5703.29,0.0024574911108343,5796.53,5585.1,63.36123617825705,0.22993770768623056,5664.32,5515.85,5714.456,156.083152496826,0.2768304728902871,5948.39,5515.85,5651.3335,157.65881140446686,0.31378071681760666,5948.39,5419.04,5915.5022,311.81758474510514,0.31679561533523987,6596.87,5419.04,0,7,3,0.997477851908581,0.9529334635356989,0.02571721529585772,0.003160524761002587,5709.15,0.012784987972496387
2023-07-25,AMZN,5743.02,5817.81,5600.48,5709.15,5818369,5709.15,0.0127849879724963,5659.496499999999,5902.892199999999,6592.706900000001,0.3146362458278458,5971.758684054874,5347.234315945125,59.30751183724182,-60.560962246819145,-67.40955050719923,6.848588260380083,215.6242857142857,0.0219784801979747,5637.08,-0.0044652284323509,5515.85,-0.0048620066598893,5540.59,-0.0068328982043698,5664.32,0.0093504217178208,5850.73,5594.066,78.69122142931346,0.24685687581937535,5709.15,5515.85,5700.298000000001,148.58989623200003,0.28149624521031913,5948.39,5515.85,5659.496499999999,156.13109202743712,0.3146362458278449,5948.39,5419.04,5902.892199999999,307.0268674960456,0.31643427652673745,6596.87,5419.04,1,7,3,1.008773483648058,0.9671784282286288,0.03806696268270456,-0.0058975939488274285,5737.35,0.004939439321089978
2023-07-26,AMZN,5747.25,5767.93,5706.76,5737.35,4814693,5737.35,0.0049394393210899,5665.4155,5890.121999999999,6587.01805,0.3119766933856472,5978.928538122542,5351.902461877458,51.11145526744565,-50.612034529824996,-64.05004731172438,13.438012781899388,197.9985714285714,0.0127849879724963,5709.15,0.0219784801979747,5637.08,-0.0044652284323509,5515.85,-0.0170647138579741,5567.66,-0.0070025449815662,5809.76,5628.003999999999,98.54354611053306,0.18272045558729508,5737.35,5515.85,5693.057,144.36728461736817,0.28229817719741523,5948.39,5515.85,5665.4155,156.75651906127078,0.3119766933856464,5948.39,5419.04,5890.121999999999,300.1551010829368,0.3163435171059134,6596.87,5419.04,2,7,3,1.0126971269801812,0.9740630160120667,0.010661716646184982,-0.0017225629648958917,5738.12,0.00013420830174193377
2023-07-27,AMZN,5709.84,5783.59,5692.66,5738.12,4118010,5738.12,0.0001342083017419,5680.729,5874.3328,6581.52235,0.2842396231940486,5975.569743803349,5385.888256196651,47.55211448498513,-42.179090768308015,-59.67585600304112,17.496765234733104,189.10285714285712,0.0049394393210899,5737.35,0.0127849879724963,5709.15,0.0219784801979747,5637.08,-0.0048620066598893,5540.59,0.0238615708738398,5948.39,5667.51,94.23909459476184,0.1666123498410569,5738.12,5515.85,5672.030000000001,115.46601308520383,0.24637028782179032,5906.89,5515.85,5680.729,147.4203719016748,0.28423962319404783,5948.39,5419.04,5874.3328,286.386641569639,0.3108667134325614,6596.87,5419.04,3,7,3,1.0101027526570954,0.9768122092093628,0.015846653607799147,0.004952853319881956,5630.85,-0.018694276174077817
2023-07-28,AMZN,5666.65,5752.44,5509.26,5630.85,3942968,5630.85,-0.0186942761740778,5691.3195,5855.0124,6574.642150000001,0.2939937666695977,5960.699358230339,5421.93964176966,41.68172872175008,-43.64856114582835,-56.470397031598566,12.821835885770213,200.3957142857142,0.0001342083017419,5738.12,0.0049394393210899,5737.35,0.0127849879724963,5709.15,-0.0044652284323509,5515.85,-0.0069766777228796,5906.89,5690.51,52.96750843716813,0.24218350365295488,5738.12,5630.85,5644.426,80.90348587472428,0.257780255249336,5738.12,5515.85,5691.3195,134.68992911516992,0.293993766669597,5948.39,5483.56,5855.0124,268.6856934249598,0.3115258374004604,6479.42,5419.04,4,7,3,0.9893751352386755,0.961714444874453,0.043187085431143815,-0.006317665640191816,5415.08,-0.038319259081666224
2023-07-31,AMZN,5366.86,5512.07,5318.09,5415.08,4592399,5415.08,-0.0383192590816662,5682.294,5833.725600000001,6566.095649999999,0.3039901952783058,5976.161529869796,5388.426470130204,31.18061255308088,-61.51485775333458,-57.47928917594577,-4.035568577388808,215.28142857142848,-0.0186942761740778,5630.85,0.0001342083017419,5738.12,0.0049394393210899,5737.35,0.0219784801979747,5637.08,-0.0344682227026404,5703.29,5646.110000000001,136.35647014366256,0.32717398597383046,5738.12,5415.08,5615.6050000000005,105.27027809413005,0.27065447391206165,5738.12,5415.08,5682.294,146.93376493489828,0.30399019527830506,5948.39,5415.08,5833.725600000001,260.2356610032193,0.3198426912321978,6319.21,5415.08,0,7,3,0.9529742741222201,0.9282370086105988,0.035822185452470456,0.00898476949277441,5427.14,0.0022271139115213057
2023-08-01,AMZN,5448.76,5493.81,5360.47,5427.14,3316648,5427.14,0.0022271139115213,5679.473,5816.6138,6557.46635,0.296133421025969,5982.319250524979,5376.626749475021,33.04800893148435,-73.84959318367873,-60.75334997749237,-13.096243206186365,213.94357142857137,-0.0383192590816662,5415.08,-0.0186942761740778,5630.85,0.0001342083017419,5738.12,0.0127849879724963,5709.15,-0.0068328982043698,5664.32,5589.7080000000005,160.03143369362508,0.29195133143002,5738.12,5415.08,5591.887000000001,118.91030831407835,0.2727870501229121,5738.12,5415.08,5679.473,151.42312526248966,0.29613342102596824,5948.39,5415.08,5816.6138,258.2307770895495,0.3140224257660942,6319.21,5415.08,1,8,3,0.9555710538634561,0.9330411450041718,0.024569110065333778,-0.003967875259691365,5506.36,0.014597006894975895
2023-08-02,AMZN,5499.65,5589.03,5423.69,5506.36,5556174,5506.36,0.0145970068949758,5680.164000000001,5800.3568000000005,6549.07115,0.3008236767504933,5981.272446657708,5379.055553342293,29.32758411006087,-76.35242472387836,-63.873164926769576,-12.479259797108782,209.52214285714282,0.0022271139115213,5427.14,-0.0383192590816662,5415.08,-0.0186942761740778,5630.85,0.0049394393210899,5737.35,-0.0170647138579741,5567.66,5543.51,138.67019506741576,0.32870279085965454,5738.12,5415.08,5585.7570000000005,121.84193038985818,0.27703469026426153,5738.12,5415.08,5680.164000000001,150.55422332885385,0.3008236767504925,5948.39,5415.08,5800.3568000000005,251.44129656464477,0.3158661818864148,6260.57,5415.08,2,8,3,0.9694015877004659,0.9493140146135578,0.030027095939962174,0.0012200776413042315,5496.67,-0.001759783232480161
2023-08-03,AMZN,5522.09,5623.65,5369.68,5496.67,2601142,5496.67,-0.0017597832324801,5669.2065,5785.0788,6540.8168000000005,0.2603051578769439,5980.625077905053,5357.787922094947,30.226930937007666,-78.21621097646948,-66.74177413670957,-11.474436839759917,207.14499999999992,0.0145970068949758,5506.36,0.0022271139115213,5427.14,-0.0383192590816662,5415.08,0.0001342083017419,5738.12,-0.0048620066598893,5540.59,5495.219999999999,85.99273951929354,0.3260099899640959,5630.85,5415.08,5581.365,124.4153630430226,0.2762503332419632,5738.12,5415.08,5669.2065,155.70928895252655,0.2603051578769431,5948.39,5415.08,5785.0788,246.05757473451695,0.3154937401000971,6222.94,5415.08,3,8,3,0.9695660230402667,0.9501460896261342,0.04620433826297615,-0.004603329536460917,5445.02,-0.00939659830406403
2023-08-04,AMZN,5491.58,5541.03,5349.02,5445.02,3392990,5445.02,-0.009396598304064,5652.3415,5770.934800000001,6532.878000000001,0.2565612653139365,5974.321763878955,5330.361236121044,35.414572438081464,-82.9053174595374,-69.97448280127514,-12.930834658262256,196.37142857142842,-0.0017597832324801,5496.67,0.0145970068949758,5506.36,0.0022271139115213,5427.14,-0.0186942761740778,5630.85,-0.0044652284323509,5515.85,5458.054,41.22193081396643,0.31395494752740694,5506.36,5415.08,5574.282,130.43035517519388,0.27924637237476113,5738.12,5415.08,5652.3414999999995,160.9901319394774,0.25656126531393575,5948.39,5415.08,5770.934800000001,244.8455099773516,0.314068748856318,6222.94,5415.08,4,8,3,0.9633211298360221,0.9435247821547136,0.03526341501040658,-0.008478434257534445,5491.77,0.008585827049303774
2023-08-07,AMZN,5519.24,5562.96,5420.58,5491.77,5107636,5491.77,0.0085858270493037,5637.103499999999,5760.4788,6524.374349999999,0.2591598917866055,5959.1978239604805,5315.009176039518,40.340368358545874,-81.90498416325681,-72.36058307367148,-9.544401089585335,188.71999999999986,-0.009396598304064,5445.02,-0.0017597832324801,5496.67,0.0145970068949758,5506.36,-0.0383192590816662,5415.08,0.0219784801979747,5637.08,5473.392,35.03827578566174,0.1468947778276754,5506.36,5427.14,5559.751,130.75075512428947,0.2552483910514953,5738.12,5415.08,5637.103499999999,161.04716198024065,0.2591598917866047,5948.39,5415.08,5760.4788,245.39120545953944,0.31154531907230065,6222.94,5415.08,0,8,3,0.9742184084430996,0.9533530441947025,0.025926067551986728,-0.004977134533014394,5484.57,-0.0013110527207076395
2023-08-08,AMZN,5478.21,5525.2,5443.95,5484.57,2542483,5484.57,-0.0013110527207076,5618.7955,5749.507,6514.96825,0.2553920168192553,5931.243932493359,5306.347067506641,44.83071831100593,-80.76221609166078,-74.04090967726934,-6.721306414391435,183.1207142857142,0.0085858270493037,5491.77,-0.009396598304064,5445.02,-0.0017597832324801,5496.67,0.0022271139115213,5427.14,0.0127849879724963,5709.15,5484.878,23.647316338912052,0.14995672895577908,5506.36,5445.02,5537.293,121.1749623983394,0.24104167880651278,5738.12,5415.08,5618.7955,156.22421624667967,0.25539201681925455,5948.39,5415.08,5749.507,245.21448135523048,0.3113591776073781,6222.94,5415.08,1,8,3,0.976111339164955,0.9539200491449172,0.014814288084569107,0.0011609631613243214,5654.61,0.03100334210339195
2023-08-09,AMZN,5615.14,5716.1,5593.11,5654.61,2132064,5654.61,0.0310033421033919,5611.0380000000005,5738.593199999999,6506.98695,0.2819450211797225,5910.9768608299655,5311.099139170035,56.02222550780183,-65.38207340204372,-72.30914242222421,6.927069020180497,180.44,-0.0013110527207076,5484.57,0.0085858270493037,5491.77,-0.009396598304064,5445.02,0.0145970068949758,5506.36,0.0049394393210899,5737.35,5514.528,80.91453095726224,0.24859166374369124,5654.61,5445.02,5529.019,108.11836522490412,0.2968528336259688,5738.12,5415.08,5611.0380000000005,149.96943041498275,0.2819450211797218,5948.39,5415.08,5738.593199999999,236.73857585899142,0.31304616480100395,6222.94,5415.08,2,8,3,1.0077654081114744,0.9853651936852772,0.021750394810602133,0.007029210313543796,5782.57,0.022629323684568936
2023-08-10,AMZN,5818.0,5924.63,5640.51,5782.57,4102208,5782.57,0.0226293236845689,5602.747,5731.1244,6499.738899999999,0.2805225069267459,5870.905559780113,5334.588440219887,62.70240408344015,-42.379373877106445,-66.32318871320066,23.94381483609422,185.93071428571426,0.0310033421033919,5654.61,-0.0013110527207076,5484.57,0.0085858270493037,5491.77,-0.0017597832324801,5496.67,0.0001342083017419,5738.12,5571.7080000000005,142.62581189965573,0.26400784838442387,5782.57,5445.02,5533.464,118.12118506016083,0.32042455527572833,5782.57,5415.08,5602.747,134.07927989005677,0.28052250692674524,5906.89,5415.08,5731.1244,229.06734314283887,0.3174632019836109,6222.94,5415.08,3,8,3,1.0320955060078505,1.0089765282357142,0.049133862625087246,-0.006089721553797559,5884.41,0.01761154642313012
2023-08-11,AMZN,5879.79,5965.31,5803.52,5884.41,2029340,5884.41,0.0176115464231301,5601.6230000000005,5724.3538,6493.0865,0.2873748289230731,5864.5512976986565,5338.6947023013445,62.00060165468077,-15.750371413100765,-56.208625253180685,40.45825384007992,185.14642857142866,0.0226293236845689,5782.57,0.0310033421033919,5654.61,-0.0013110527207076,5484.57,-0.009396598304064,5445.02,-0.0186942761740778,5630.85,5659.586,176.4146152676685,0.19856609545859458,5884.41,5484.57,5558.82,160.83923091092012,0.3097362007916468,5884.41,5415.08,5601.6230000000005,131.46414884932784,0.2873748289230724,5884.41,5415.08,5724.3538,219.01646460229094,0.3191213970285279,6212.66,5415.08,4,8,3,1.050483047502295,1.0279605708506296,0.027494685108612835,0.0007857423479408456,5966.34,0.013923231046103268
2023-08-14,AMZN,5915.67,6052.48,5880.21,5966.34,2379220,5966.34,0.0139232310461032,5614.7755,5719.4274,6486.858149999999,0.2605550168180903,5921.745813084059,5307.805186915941,62.36074397955205,11.82802506340613,-42.60129518986332,54.42932025326945,181.92785714285714,0.0176115464231301,5884.41,0.0226293236845689,5782.57,0.0310033421033919,5654.61,0.0085858270493037,5491.77,-0.0383192590816662,5415.08,5754.5,190.6442600763091,0.18994040287191483,5966.34,5484.57,5613.946,196.59488176906615,0.19796309102903245,5966.34,5427.14,5614.7755,153.48515654202942,0.2605550168180898,5966.34,5415.08,5719.4274,210.4098663862571,0.3208483257471138,6153.26,5415.08,0,8,3,1.0626141686339796,1.0431708600757756,0.028873647830993648,0.008565386507359522,5830.48,-0.022771079087011592
2023-08-15,AMZN,5856.02,5917.77,5743.19,5830.48,5413695,5830.48,-0.0227710790870115,5623.0835,5714.6116,6479.90195,0.2738375018473066,5944.360389550332,5301.806610449668,54.05614933601901,22.4624037835938,-29.5885553951719,52.050959178765694,193.49785714285716,0.0139232310461032,5966.34,0.0176115464231301,5884.41,0.0226293236845689,5782.57,-0.0013110527207076,5484.57,0.0022271139115213,5427.14,5823.682,116.57716916294602,0.32891057394968365,5966.34,5654.61,5654.28,195.38227595043045,0.2560347158591806,5966.34,5445.02,5623.0835,160.6384447751663,0.273837501847306,5966.34,5415.08,5714.6116,204.87543005004983,0.32085284030471467,6153.26,5415.08,1,8,3,1.0368830553554758,1.0202758136701677,0.029942646231523116,-0.004361323902581703,5901.59,0.012196251423553628
2023-08-16,AMZN,5877.02,6035.45,5767.73,5901.59,3685404,5901.59,0.0121962514235536,5639.780000000001,5709.5782,6472.6737,0.2670145559401696,5982.895181765667,5296.664818234334,56.70866335552681,36.210792766263694,-16.42868576288478,52.63947852914848,206.1257142857143,-0.0227710790870115,5830.48,0.0139232310461032,5966.34,0.0176115464231301,5884.41,0.0310033421033919,5654.61,0.0145970068949758,5506.36,5873.0779999999995,70.08108996047376,0.28655299012185215,5966.34,5782.57,5693.803,201.99816781625768,0.25440026584812375,5966.34,5445.02,5639.780000000001,171.55759088283307,0.267014555940169,5966.34,5415.08,5709.5782,196.8115693431029,0.32057021515437983,6100.36,5415.08,2,8,3,1.0464220235539246,1.0336297697085515,0.045364045960487744,0.004180690213747023,5942.82,0.006986252857280828
2023-08-17,AMZN,5889.2,6044.31,5841.32,5942.82,6689165,5942.82,0.0069862528572808,5659.8915,5707.7478,6466.1356000000005,0.2656659789433389,6024.976427295127,5294.806572704872,63.536721888303006,49.858666837971214,-3.171215242713581,53.02988208068479,203.2550000000001,0.0121962514235536,5901.59,-0.0227710790870115,5830.48,0.0139232310461032,5966.34,0.0226293236845689,5782.57,-0.0017597832324801,5496.67,5905.128,52.8717142718976,0.2588936108346771,5966.34,5830.48,5738.418,202.88814722515824,0.24964364532448868,5966.34,5445.02,5659.8915,182.54246364756378,0.26566597894333827,5966.34,5415.08,5707.7478,194.13696458299515,0.31811267769403945,6100.36,5415.08,3,8,3,1.049988325747755,1.0411847559205327,0.034157184636244495,0.00910480201045826,6009.17,0.011164733241121327
2023-08-18,AMZN,6057.57,6122.58,5895.76,6009.17,2470371,6009.17,0.0111647332411213,5684.5575,5707.1748,6460.4706,0.2651309386759536,6074.48125918105,5294.63374081895,79.6189013739147,65.27613322648358,10.518254451125852,54.757878775357725,197.11642857142866,0.0069862528572808,5942.82,0.0121962514235536,5901.59,-0.0227710790870115,5830.48,0.0176115464231301,5884.41,-0.009396598304064,5445.02,5930.08,67.94145163337399,0.2436286020350429,6009.17,5830.48,5794.8330000000005,190.28345505531945,0.230232893703763,6009.17,5484.57,5684.5575,194.9618795905248,0.26513093867595305,6009.17,5415.08,5707.1748,193.18280223280627,0.319116281515223,6100.36,5415.08,4,8,3,1.0571042688896968,1.0529150079648772,0.03774564540526594,-0.007990002591796982,6063.83,0.009096098130024544
2023-08-21,AMZN,6061.78,6141.38,5986.28,6063.83,3852465,6063.83,0.0090960981300245,5705.895,5708.4124,6454.268250000001,0.2576571564178697,6130.079739669664,5281.710260330336,80.4493586728459,80.9717991066409,24.608963382228865,56.36283572441204,198.67071428571438,0.0111647332411213,6009.17,0.0069862528572808,5942.82,0.0121962514235536,5901.59,0.0139232310461032,5966.34,0.0085858270493037,5491.77,5949.5779999999995,91.01864957277067,0.23382936732804552,6063.83,5830.48,5852.039,174.37414407280122,0.23015925807091656,6063.83,5484.57,5705.8949999999995,212.09236983483194,0.2576571564178691,6063.83,5415.08,5708.4124,195.29643033151885,0.3194367146140084,6100.36,5415.08,0,8,3,1.0627307372461177,1.0622620748281846,0.025577893839367986,0.00033818449366355155,6114.6,0.008372596197452786
2023-08-22,AMZN,6087.81,6148.73,6080.47,6114.6,4693263,6114.6,0.0083725961974527,5726.1675000000005,5708.6972,6448.6158,0.2560833804470598,6188.083416334737,5264.251583665264,79.90246204562392,96.39624617392383,38.96641994056786,57.42982623335597,192.92500000000004,0.0090960981300245,6063.83,0.0111647332411213,6009.17,0.0069862528572808,5942.82,-0.0227710790870115,5830.48,-0.0013110527207076,5484.57,6006.402,86.66122298959891,0.03346307726607804,6114.6,5901.59,5915.0419999999995,136.5723706237371,0.2217518672730948,6114.6,5654.61,5726.1675000000005,230.95795816736856,0.25608338044705936,6114.6,5415.08,5708.6972,195.8891543604968,0.3178750249610053,6114.6,5415.08,1,8,3,1.0678346380889019,1.0711025275607418,0.011163444869654293,0.004400597259112154,6420.42,0.050014718869590746
2023-08-23,AMZN,6448.2,6572.06,6268.77,6420.42,2504498,6420.42,0.0500147188695907,5760.321,5717.3778,6445.3001,0.3046762438737448,6317.00710536979,5203.63489463021,85.17252145480595,131.7782916406104,57.52879428057637,74.24949736003404,207.4600000000001,0.0083725961974527,6114.6,0.0090960981300245,6063.83,0.0111647332411213,6009.17,0.0121962514235536,5901.59,0.0310033421033919,5654.61,6110.168,184.81687252536514,0.29283200856872116,6420.42,5942.82,5991.623,181.59898201197535,0.28205617627634283,6420.42,5782.57,5760.321,278.343052684895,0.30467624387374426,6420.42,5415.08,5717.3778,216.9324117002122,0.3338502350585088,6420.42,5415.08,2,8,3,1.1145941345975137,1.1229658463358634,0.04723834266293369,-0.00430817902670442,6412.82,-0.0011837231832185768
2023-08-24,AMZN,6462.32,6566.62,6259.03,6412.82,6043595,6412.82,-0.0011837231832185,5794.056,5725.038400000001,6442.2477,0.3050378364417181,6422.256990411423,5165.855009588576,88.12878214728794,157.39125271404737,77.50128596727058,79.88996674677679,215.71571428571445,0.0500147188695907,6420.42,0.0083725961974527,6114.6,0.0090960981300245,6063.83,0.0069862528572808,5942.82,0.0226293236845689,5782.57,6204.168,197.5107500113873,0.31552122544387784,6420.42,6009.17,6054.647999999999,208.37625215515507,0.2844311959069175,6420.42,5830.48,5794.056,314.10049520571204,0.3050378364417176,6420.42,5415.08,5725.038400000001,234.26080539500225,0.3336554540102118,6420.42,5415.08,3,8,3,1.106792892577996,1.120135718216122,0.04796485789402356,-0.007659787816139148,6523.05,0.01718900577281146
2023-08-25,AMZN,6457.86,6679.49,6366.6,6523.05,4906524,6523.05,0.0171890057728114,5838.665999999999,5736.6904,6439.947899999999,0.2932677465223845,6540.470938003808,5136.86106199619,88.69428185408836,184.4580313019087,98.89263503419821,85.5653962677105,227.89500000000012,-0.0011837231832185,6412.82,0.0500147188695907,6420.42,0.0083725961974527,6114.6,0.0111647332411213,6009.17,0.0176115464231301,5884.41,6306.9439999999995,204.26022894842944,0.3132050989465793,6523.05,6063.83,6118.512000000001,245.04405820633028,0.28414485862912253,6523.05,5830.48,5838.665999999999,350.90246900190476,0.29326774652238397,6523.05,5415.08,5736.6904,258.435640090938,0.3333674231084169,6523.05,5415.08,4,8,3,1.1172158160783445,1.1370754817096043,0.04796682533476693,0.010094675325880464,6469.2,-0.008255340676524114
2023-08-28,AMZN,6493.5,6623.64,6314.75,6469.2,2101349,6469.2,-0.0082553406765241,5891.371999999999,5748.3314,6436.381050000001,0.246617231593078,6617.1540303965485,5165.58996960345,85.69439912909203,199.26638453966916,118.9673849352924,80.29899960437676,244.15500000000014,0.0171890057728114,6523.05,-0.0011837231832185,6412.82,0.0500147188695907,6420.42,0.0090960981300245,6063.83,0.0139232310461032,5966.34,6388.018,159.09634634418245,0.36040367639484333,6523.05,6114.6,6168.798,261.39757967935793,0.2981287838503472,6523.05,5830.48,5891.371999999999,362.8910151982744,0.24661723159307739,6523.05,5427.14,5748.3314,277.7392920179663,0.3332489190372489,6523.05,5415.08,0,8,3,1.0980803792391487,1.125404843568844,0.04774778952574547,-0.003742203742203194,6563.15,0.014522661225499167
2023-08-29,AMZN,6598.2,6702.98,6423.33,6563.15,3940066,6563.15,0.0145226612254991,5948.1725,5769.2884,6432.67425,0.2459693557451626,6698.380370810846,5197.964629189153,84.85911169680767,216.09211560014046,138.39233106826202,77.69978453187844,247.59214285714293,-0.0082553406765241,6469.2,0.0171890057728114,6523.05,-0.0011837231832185,6412.82,0.0083725961974527,6114.6,-0.0227710790870115,5830.48,6477.728,65.04034109744323,0.35781983902451037,6563.15,6412.82,6242.0650000000005,258.70020183173455,0.24306154962463192,6563.15,5901.59,5948.1725,375.1039354054231,0.24596935574516202,6563.15,5445.02,5769.2883999999995,298.5503248615323,0.2988637981442874,6563.15,5415.08,1,8,3,1.10338931831565,1.1376013027878553,0.04260911300213419,-0.005312054802824235,6676.32,0.017243244478642117
2023-08-30,AMZN,6637.59,6801.11,6551.53,6676.32,4667749,6676.32,0.0172432444786421,6006.670499999999,5788.2542,6428.764050000001,0.2468514868370661,6793.391404339967,5219.949595660031,84.68530002935051,235.83988648113518,157.88184215083666,77.95804433029852,245.12500000000006,0.0145226612254991,6563.15,-0.0082553406765241,6469.2,0.0171890057728114,6523.05,0.0500147188695907,6420.42,0.0121962514235536,5901.59,6528.908,99.97324327075654,0.18798904561304874,6676.32,6412.82,6319.538,261.3991566678581,0.24448591653051166,6676.32,5942.82,6006.670499999999,393.36045216998417,0.24685148683706545,6676.32,5445.02,5788.2542,324.8390972691563,0.2897469000642162,6676.32,5415.08,2,8,3,1.1114843073211504,1.1534255009047194,0.03738286960480662,0.005834949130632311,6721.52,0.006770196755098823
2023-08-31,AMZN,6720.13,6868.66,6574.39,6721.52,3159051,6721.52,0.0067701967550988,6067.913,5806.9612,6424.518250000001,0.2433893780373197,6877.826950311831,5257.999049688168,83.98106727840045,252.2298507157475,176.75144386381885,75.47840685192864,253.09142857142857,0.0172432444786421,6676.32,0.0145226612254991,6563.15,-0.0082553406765241,6469.2,-0.0011837231832185,6412.82,0.0069862528572808,5942.82,6590.647999999999,105.52537405797966,0.17152725956836443,6721.52,6469.2,6397.408,252.54292919114485,0.24462508685284812,6721.52,6009.17,6067.913,404.95697515591564,0.24338937803731914,6721.52,5445.02,5806.9612,350.62581466971784,0.28943102420767236,6721.52,5415.08,3,8,3,1.1077152886006922,1.1574935269067825,0.04378027588997068,0.0002068412367022841,6927.85,0.030696925695378408
2023-09-01,AMZN,6870.94,7045.7,6810.0,6927.85,2212998,6927.85,0.0306969256953784,6142.0545,5831.3608,6420.6466,0.2421370041630517,6982.777196243028,5301.3318037569725,85.45050990598511,278.6559497518019,197.13234504141548,81.52360471038645,263.9421428571428,0.0067701967550988,6721.52,0.0172432444786421,6676.32,0.0145226612254991,6563.15,0.0171890057728114,6523.05,0.0111647332411213,6009.17,6671.608,173.85734775982303,0.22740876024385817,6927.85,6469.2,6489.276,262.51858267346734,0.2607720800160058,6927.85,6063.83,6142.0545,420.36134812151374,0.2421370041630512,6927.85,5484.57,5831.3607999999995,384.4102359530193,0.29331574879217703,6927.85,5415.08,4,9,3,1.1279369142684865,1.1880331602871856,0.034022099208263136,0.008282709498262607,6819.73,-0.015606573467959128
2023-09-04,AMZN,6853.39,6872.16,6767.31,6819.73,4471294,6819.73,-0.0156065734679591,6208.4525,5855.8646,6416.70125,0.2614185448729725,7042.664370245296,5374.240629754705,87.23492347787818,287.55963475438966,215.21780298401035,72.34183177037932,259.4699999999999,0.0306969256953784,6927.85,0.0067701967550988,6721.52,0.0172432444786421,6676.32,-0.0082553406765241,6469.2,0.0090960981300245,6063.83,6741.714,139.01652934123678,0.2708895099631652,6927.85,6563.15,6564.866,233.64291901198283,0.30129941819714945,6927.85,6114.6,6208.4525,417.1059351226478,0.261418544872972,6927.85,5484.57,5855.8646,407.36981191294257,0.29168570578005804,6927.85,5415.08,0,9,3,1.0984589154864115,1.164598307139621,0.015374508961496142,-0.00491143798908217,6761.46,-0.008544326534921431
2023-09-05,AMZN,6808.44,6848.17,6674.74,6761.46,9687065,6761.46,-0.0085443265349214,6272.297,5880.176,6412.59315,0.2671401189153002,7067.79206317847,5476.801936821529,82.68100794256577,286.61010437460027,229.49626326212837,57.1138411124719,252.73499999999993,-0.0156065734679591,6819.73,0.0306969256953784,6927.85,0.0067701967550988,6721.52,0.0145226612254991,6563.15,0.0083725961974527,6114.6,6781.375999999999,97.39329150452068,0.2985991067568066,6927.85,6676.32,6629.552000000001,178.0661757636897,0.31844490977306006,6927.85,6412.82,6272.297,397.7475315892354,0.2671401189152997,6927.85,5654.61,5880.1759999999995,424.4089428215722,0.2916515985910771,6927.85,5415.08,1,9,3,1.0779878567610752,1.149873745275456,0.02564978569716816,-0.0069002590901869835,6788.63,0.0040183628979539865
2023-09-06,AMZN,6735.43,6954.45,6622.81,6788.63,3426367,6788.63,0.0040183628979539,6328.998,5903.569200000001,6409.28355,0.2568500970780999,7100.411104936416,5557.584895063584,82.49391082439743,284.76736570810317,240.55048375132333,44.216881956779844,261.92428571428553,-0.0085443265349214,6761.46,-0.0156065734679591,6819.73,0.0306969256953784,6927.85,0.0172432444786421,6676.32,0.0500147188695907,6420.42,6803.838000000001,78.15843377451621,0.28182920251246085,6927.85,6721.52,6666.373,167.78949205939242,0.22887865154937895,6927.85,6412.82,6328.998,385.70655246820786,0.2568500970780994,6927.85,5782.57,5903.569200000001,441.6047404352025,0.29091533675619413,6927.85,5415.08,2,9,3,1.0726231861661084,1.1499196113427195,0.04885227210791434,0.007898530606062555,6898.41,0.016171156772426754
2023-09-07,AMZN,6942.08,6981.35,6815.48,6898.41,7493161,6898.41,0.0161711567724267,6384.79,5932.9004,6406.656749999999,0.2534061209795218,7151.191415914708,5618.388584085292,83.05921541715276,288.8357913601849,250.20754527309566,38.628246087089224,259.48857142857133,0.0040183628979539,6788.63,-0.0085443265349214,6761.46,-0.0156065734679591,6819.73,0.0067701967550988,6721.52,-0.0011837231832185,6412.82,6839.216,71.31717661325986,0.29630180070814016,6927.85,6761.46,6714.932000000001,156.11680227029822,0.2308677140110091,6927.85,6469.2,6384.79,383.20070795735404,0.25340612097952125,6927.85,5830.48,5932.9003999999995,458.03252359771466,0.27930242868885724,6927.85,5415.08,3,9,3,1.0804443059206206,1.1627382114823361,0.024044671163351662,-0.006290621830920096,6922.03,0.0034239774092870157
2023-09-08,AMZN,6959.63,7076.79,6767.28,6922.03,2960561,6922.03,0.003423977409287,6436.671,5962.9602,6403.68105,0.2519975189618172,7200.9287105967605,5672.41328940324,82.65899473227593,290.61594488976243,258.289225196429,32.326719693333416,270.517857142857,0.0161711567724267,6898.41,0.0040183628979539,6788.63,-0.0085443265349214,6761.46,0.0306969256953784,6927.85,0.0171890057728114,6523.05,6838.052000000001,69.53408674949874,0.19537418978001717,6922.03,6761.46,6754.83,152.57219755465957,0.22482159668349175,6927.85,6469.2,6436.671,382.1288552983803,0.25199751896181677,6927.85,5830.48,5962.9602,472.70479024045244,0.2788263442268587,6927.85,5415.08,4,9,3,1.075405283258834,1.160837867071264,0.044713761714403936,-0.005402586057016674,7085.43,0.023605791942537202
2023-09-11,AMZN,7063.74,7134.07,7036.8,7085.43,4360176,7085.43,0.0236057919425372,6492.6255,5992.757,6401.424099999999,0.2571685268378964,7275.533123521231,5709.7178764787695,84.02815262341205,301.7335472859868,266.97808961434055,34.75545767164624,279.5992857142856,0.003423977409287,6922.03,0.0161711567724267,6898.41,0.0040183628979539,6788.63,-0.0156065734679591,6819.73,-0.0082553406765241,6469.2,6891.192,128.5309671639053,0.19771021755158832,7085.43,6761.46,6816.4529999999995,148.7885901427147,0.22497289079354085,7085.43,6563.15,6492.6255,391.45381176061545,0.2571685268378959,7085.43,5830.48,5992.757,495.48216551131276,0.27497225168313,7085.43,5415.08,0,9,3,1.0913042805254836,1.1823322721076155,0.013728171755276079,0.003070611319215803,7002.86,-0.011653491742914746
2023-09-12,AMZN,7029.51,7084.68,6921.04,7002.86,5446119,7002.86,-0.0116534917429147,6551.2445,6023.142999999999,6397.8469000000005,0.2416517050817346,7300.231814444809,5802.257185555191,74.20258298203304,300.41857996353065,273.66618768417857,26.75239227935208,258.6657142857142,0.0236057919425372,7085.43,0.003423977409287,6922.03,0.0161711567724267,6898.41,-0.0085443265349214,6761.46,0.0145226612254991,6563.15,6939.472,111.87649047092401,0.2143689435008004,7085.43,6788.63,6860.424000000001,129.31145538320442,0.2451968547544492,7085.43,6676.32,6551.2445,374.4936572224046,0.24165170508173422,7085.43,5901.59,6023.142999999999,509.991742163021,0.2716975445733975,7085.43,5415.08,1,9,3,1.0689358334891836,1.162658764701226,0.023367595525253533,-0.003791160408050739,6861.84,-0.02013748668401194
2023-09-13,AMZN,6793.23,6944.32,6779.37,6861.84,3986560,6861.84,-0.0201374866840119,6599.257,6050.529,6394.342250000001,0.262857710762288,7294.046491606357,5904.467508393642,66.79609180885839,284.7153026600272,275.8760106793483,8.839291980678865,252.65857142857132,-0.0116534917429147,7002.86,0.0236057919425372,7085.43,0.003423977409287,6922.03,0.0040183628979539,6788.63,0.0172432444786421,6676.32,6954.114,89.81491262641936,0.29117372284285387,7085.43,6861.84,6878.976,112.13039415485026,0.27033392901696224,7085.43,6721.52,6599.257,347.39474580317915,0.2628577107622876,7085.43,5942.82,6050.529,517.625282893716,0.27743960443003757,7085.43,5415.08,2,9,3,1.0397897823950424,1.1340892672357847,0.02403874179520009,0.010099761085667713,6901.31,0.005752101477154881
2023-09-14,AMZN,6960.9,6960.9,6859.68,6901.31,3550896,6901.31,0.0057521014771548,6647.181500000001,6074.2388,6390.68575,0.2629383228019814,7280.86254290582,6013.500457094181,64.94012259786624,272.3161503263991,275.1640386087585,-2.8478882823594063,237.5392857142856,-0.0201374866840119,6861.84,-0.0116534917429147,7002.86,0.0236057919425372,7085.43,0.0161711567724267,6898.41,0.0067701967550988,6721.52,6954.694,89.37354043614557,0.2683648319818901,7085.43,6861.84,6896.955,97.54372173537571,0.26997119124563196,7085.43,6761.46,6647.181500000001,316.8405214529097,0.262938322801981,7085.43,6009.17,6074.2388,529.0066008910177,0.2649035841804054,7085.43,5415.08,3,9,3,1.03823101565663,1.1361604683699402,0.014666780654685076,-0.008560674625406295,6893.02,-0.0012012212174210557
2023-09-15,AMZN,6899.97,6943.9,6842.14,6893.02,5348121,6893.02,-0.001201221217421,6691.374000000001,6096.4528,6387.82875,0.2643952221124766,7257.373582942288,6125.374417057713,67.36454816534211,258.8370862436259,271.898648135732,-13.061561892106113,222.74428571428552,0.0057521014771548,6901.31,-0.0201374866840119,6861.84,-0.0116534917429147,7002.86,0.003423977409287,6922.03,0.0306969256953784,6927.85,6948.892,92.89637813225615,0.2668669108163607,7085.43,6861.84,6893.472,96.93793498929341,0.22055429588424078,7085.43,6761.46,6691.374000000001,282.9997914711441,0.2643952221124762,7085.43,6063.83,6096.4528,539.7101297466687,0.2645464542241421,7085.43,5415.08,4,9,3,1.0301352158762862,1.1306607671921727,0.01476276000939857,-0.0010072507561625355,6962.01,0.010008675442694237
2023-09-18,AMZN,6978.77,7023.72,6900.31,6962.01,8523920,6962.01,0.0100086754426942,6736.283,6119.7624,6385.24635,0.2645103229831592,7230.626746676559,6241.939253323441,66.683118620601,250.83033134978814,267.68498477854325,-16.854653428755114,212.10499999999982,-0.001201221217421,6893.02,0.0057521014771548,6901.31,-0.0201374866840119,6861.84,0.0236057919425372,7085.43,-0.0156065734679591,6819.73,6924.2080000000005,57.012949143946166,0.1970999381972279,7002.86,6861.84,6907.7,95.34025860621158,0.2083037487032089,7085.43,6761.46,6736.283,247.17187333827965,0.2645103229831587,7085.43,6114.6,6119.7624,551.5309470346714,0.26491341865062495,7085.43,5415.08,0,9,3,1.0335091325585588,1.1376275000478553,0.01772620263400686,-0.0024015693309849466,6959.89,-0.00030450976083051806
2023-09-19,AMZN,6982.81,7111.31,6808.47,6959.89,4511046,6959.89,-0.0003045097608305,6778.547500000001,6141.945599999999,6382.1446000000005,0.2657298502173634,7185.996390737829,6371.098609262172,63.07557522858575,241.5296506625955,262.4539179553537,-20.924267292758202,215.90928571428555,0.0100086754426942,6962.01,-0.001201221217421,6893.02,0.0057521014771548,6901.31,-0.0116534917429147,7002.86,-0.0085443265349214,6761.46,6915.614,43.930881280596765,0.18331339482521464,6962.01,6861.84,6927.543000000001,81.10904608398783,0.20042285321140355,7085.43,6788.63,6778.547500000001,203.72444536891422,0.2657298502173629,7085.43,6412.82,6141.945599999999,562.6824262048872,0.26476109356679556,7085.43,5415.08,1,9,3,1.0267524126664263,1.1331735012434607,0.043512181945398076,-0.0032823462187853867,6918.72,-0.0059153233743637346
2023-09-20,AMZN,6927.22,6962.09,6875.36,6918.72,3253952,6918.72,-0.0059153233743637,6803.4625,6164.1248,6378.97595,0.2136720863477801,7178.344157727252,6428.580842272748,59.126925354684,228.20610139869677,255.6043546440223,-27.39825324532552,201.0849999999999,-0.0003045097608305,6959.89,0.0100086754426942,6962.01,-0.001201221217421,6893.02,-0.0201374866840119,6861.84,0.0040183628979539,6788.63,6926.990000000001,32.36752462098838,0.09909710654640552,6962.01,6893.02,6940.552000000001,65.23187629090545,0.2051143409893223,7085.43,6861.84,6803.4625,187.4408288636257,0.21367208634777954,7085.43,6412.82,6164.1248,571.1141898623998,0.26454805131212344,7085.43,5415.08,2,9,3,1.0169410061419437,1.122417248917296,0.01253555570972491,-0.0012270434604356108,6910.7,-0.0011591739512512023
2023-09-21,AMZN,6960.01,6986.53,6834.86,6910.7,3707633,6910.7,-0.0011591739512512,6828.3565,6183.371000000001,6375.38355,0.2136644639018956,7157.326604562899,6499.386395437101,49.02778879980226,214.52701178853476,247.3888860729248,-32.86187428439004,188.7628571428571,-0.0059153233743637,6918.72,-0.0003045097608305,6959.89,0.0100086754426942,6962.01,0.0057521014771548,6901.31,0.0161711567724267,6898.41,6928.8679999999995,30.73635420947579,0.0931185307935826,6962.01,6893.02,6941.781,64.46089985400083,0.18937552344828817,7085.43,6861.84,6828.3565,164.4850522814495,0.21366446390189509,7085.43,6469.2,6183.371000000001,579.8436047032743,0.2606446768572615,7085.43,5415.08,3,9,3,1.0120590511053411,1.1176266149967196,0.021947125472090833,-0.007084759935688786,6915.59,0.0007075983619604376
2023-09-22,AMZN,6930.76,6951.57,6879.6,6915.59,10959179,6915.59,0.0007075983619604,6847.9835,6203.545,6372.461850000001,0.2079308256483811,7145.603730656667,6550.363269343334,56.15449806006043,201.75510953796947,238.26213076593373,-36.50702122796426,182.43642857142848,-0.0011591739512512,6910.7,-0.0059153233743637,6918.72,-0.0003045097608305,6959.89,-0.001201221217421,6893.02,0.003423977409287,6922.03,6933.3820000000005,25.338898359844404,0.09217960219142228,6962.01,6910.7,6941.137000000001,64.71182925511448,0.18858682052856235,7085.43,6861.84,6847.9835,148.81011532833318,0.20793082564838067,7085.43,6469.2,6203.545,587.5244692542001,0.25968060748852784,7085.43,5415.08,4,9,3,1.0098724682965414,1.1147803393058138,0.010406921173752193,-0.002188793148225863,6879.02,-0.00528805206786398
2023-09-25,AMZN,6935.12,7009.12,6748.92,6879.02,4221781,6879.02,-0.0052880520678639,6868.474500000001,6227.0596000000005,6370.456800000001,0.2060574755864061,7106.816695790056,6630.132304209947,57.764040787223706,186.53216493096807,227.91613759894062,-41.38397266797256,188.6342857142856,0.0007075983619604,6915.59,-0.0011591739512512,6910.7,-0.0059153233743637,6918.72,0.0100086754426942,6962.01,0.0236057919425372,7085.43,6916.784,28.83763045206544,0.04781226174977801,6959.89,6879.02,6920.496000000001,42.773473918996075,0.13549825350485664,7002.86,6861.84,6868.474500000001,119.1710978950272,0.20605747558640558,7085.43,6563.15,6227.0596000000005,590.6141681713323,0.2457500485911363,7085.43,5415.08,0,9,3,1.001535348205631,1.1046979540711148,0.037825155327352145,-0.008089261613352236,6855.2,-0.003462702536117135
2023-09-26,AMZN,6866.49,6974.52,6735.88,6855.2,3153550,6855.2,-0.0034627025361171,6883.077,6250.877200000001,6367.95895,0.2027618124206469,7073.656041660783,6692.497958339218,54.416037572125504,170.57946286074184,216.44880265130087,-45.869339790559025,181.99142857142851,-0.0052880520678639,6879.02,0.0007075983619604,6915.59,-0.0011591739512512,6910.7,-0.0003045097608305,6959.89,-0.0116534917429147,7002.86,6895.8460000000005,27.69881911001099,0.04425013298988126,6918.72,6855.2,6905.7300000000005,36.156330627328416,0.12666525731550815,6962.01,6855.2,6883.077,95.28952083039118,0.20276181242064648,7085.43,6676.32,6250.877200000001,591.4691202077472,0.2451106443632842,7085.43,5415.08,1,9,3,0.9959499218153456,1.0966780790380752,0.034811529933476124,-0.0016442170599532395,6806.86,-0.007051581281363073
2023-09-27,AMZN,6762.09,6928.7,6685.02,6806.86,2530121,6806.86,-0.007051581281363,6889.604000000001,6275.6612,6364.03955,0.1972079157260845,7058.02096519221,6721.187034807793,43.38788657844628,152.28079926884675,203.61520197481005,-51.3344027059633,185.63142857142844,-0.0034627025361171,6855.2,-0.0052880520678639,6879.02,0.0007075983619604,6915.59,-0.0059153233743637,6918.72,-0.0201374866840119,6861.84,6873.474,44.614052495691055,0.049367584615885675,6915.59,6806.86,6900.232000000001,46.32276493366393,0.08450622593659328,6962.01,6806.86,6889.604000000001,84.20848259610423,0.19720791572608407,7085.43,6721.52,6275.6612,588.2101714927151,0.2417048462143615,7085.43,5415.08,2,9,3,0.9879900209067183,1.0846442762077269,0.03579917906346885,0.006620734122141661,6913.93,0.015729719723925673
2023-09-28,AMZN,6971.12,7000.27,6827.6,6913.93,1926941,6913.93,0.0157297197239256,6899.224499999999,6303.128000000001,6361.3228500000005,0.2031351727848726,7048.05767760898,6750.391322391019,49.47791785818359,144.7500423319616,191.84217004624037,-47.092127714278774,177.33857142857136,-0.007051581281363,6806.86,-0.0034627025361171,6855.2,-0.0052880520678639,6879.02,-0.0011591739512512,6910.7,0.0057521014771548,6901.31,6874.12,45.30585227195604,0.14582157795724046,6915.59,6806.86,6901.494000000001,46.52685441990002,0.11535252204674909,6962.01,6806.86,6899.224499999999,74.41658880449037,0.20313517278487206,7085.43,6761.46,6303.128000000001,585.2420609160663,0.24218094016326788,7085.43,5415.08,3,9,3,1.0021314714427685,1.0969045845172274,0.024974218714967477,-0.008203846727640808,6939.43,0.0036882062734218124
2023-09-29,AMZN,6964.64,7003.03,6875.83,6939.43,4626164,6939.43,0.0036882062734218,6899.8035,6331.5996,6357.89715,0.171842387315705,7049.194617369024,6750.412382630976,38.55512354110789,139.23449154287027,181.32063434556636,-42.08614280269609,171.27857142857133,0.0157297197239256,6913.93,-0.007051581281363,6806.86,-0.0034627025361171,6855.2,0.0007075983619604,6915.59,-0.001201221217421,6893.02,6878.888000000001,51.58111834856323,0.14808692131762857,6939.43,6806.86,6906.135,47.88258353037983,0.11628949192643866,6962.01,6806.86,6899.8035,74.69555868451188,0.17184238731570442,7085.43,6761.46,6331.5996,580.7709023356928,0.24130982802905868,7085.43,5415.08,4,9,3,1.0057431345688315,1.095999500663135,0.01833003575221329,-0.003619713294584704,7228.48,0.04165327699825472
2023-10-02,AMZN,7257.28,7368.76,7088.2,7228.48,5197361,7228.48,0.0416532769982547,6920.241,6363.4276,6355.8797,0.2166226662810335,7125.062746060555,6715.419253939445,63.36104794285689,156.38459287286514,176.33342605102615,-19.94883317816101,190.20285714285703,0.0036882062734218,6939.43,0.0157297197239256,6913.93,-0.007051581281363,6806.86,-0.0052880520678639,6879.02,0.0100086754426942,6962.01,6948.780000000001,164.64548111044837,0.31214073567317835,7228.48,6806.86,6932.782000000001,112.70331433551469,0.23507930307998015,7228.48,6806.86,6920.241,102.41087303027732,0.21662266628103302,7228.48,6761.46,6363.4276,585.5197082186621,0.2523390080285926,7228.48,5415.08,0,10,4,1.0445416568583312,1.1359412653644183,0.03881313913851343,-0.003968428943074569,7250.78,0.0030850192571605373
2023-10-03,AMZN,7321.19,7404.66,7096.9,7250.78,3413082,7250.78,0.0030850192571605,6944.706999999999,6394.260200000001,6354.873250000001,0.2122912052949031,7183.715774479609,6705.69822552039,76.80126791472537,169.8180387254497,175.03034858591087,-5.2123098604611755,196.22214285714276,0.0416532769982547,7228.48,0.0036882062734218,6939.43,0.0157297197239256,6913.93,-0.0034627025361171,6855.2,-0.0003045097608305,6959.89,7027.895999999999,199.73896347506647,0.29731098866137345,7250.78,6806.86,6961.871000000001,151.3805061169012,0.23401146711491652,7250.78,6806.86,6944.706999999999,119.50438723980476,0.21229120529490264,7250.78,6788.63,6394.260200000001,590.9282865033049,0.2517604175157807,7250.78,5415.08,1,10,4,1.0440728456936996,1.1339513521828317,0.04244508866631697,-0.00961728899263511,7180.59,-0.009680337839515163
2023-10-04,AMZN,7119.59,7236.4,7119.59,7180.59,3976118,7180.59,-0.0096803378395151,6964.304999999999,6423.125,6354.260199999999,0.2174258236530386,7213.490536668087,6715.11946333191,68.46308440744856,172.80836765581807,174.58595239989234,-1.777584744074261,198.36285714285708,0.0030850192571605,7250.78,0.0416532769982547,7228.48,0.0036882062734218,6939.43,-0.007051581281363,6806.86,-0.0059153233743637,6918.72,7102.642,162.869837508658,0.3079945327590314,7250.78,6913.93,6988.058,165.11373896663446,0.2392718825345975,7250.78,6806.86,6964.3049999999985,124.5927683340441,0.21742582365303817,7250.78,6806.86,6423.125,593.4289920083942,0.2538834727488212,7250.78,5415.08,2,10,4,1.031056221690315,1.1179277999414432,0.01626746548681699,0.008567909107124346,7535.63,0.049444404986219714
2023-10-05,AMZN,7524.87,7646.68,7424.58,7535.63,2504551,7535.63,0.0494444049862197,6996.166,6459.075199999999,6355.4051,0.2700706549117833,7350.600000591216,6641.731999408785,79.12825115259427,201.50417103253585,179.96959612642104,21.534574906114813,224.38642857142855,-0.0096803378395151,7180.59,0.0030850192571605,7250.78,0.0416532769982547,7228.48,0.0157297197239256,6913.93,-0.0011591739512512,6910.7,7226.981999999999,212.5267907114331,0.4155558755480833,7535.63,6939.43,7050.5509999999995,235.73997108157218,0.3281234848572553,7535.63,6806.86,6996.166,177.21700029560765,0.2700706549117829,7535.63,6806.86,6459.075199999999,605.4102191691387,0.2728282697196629,7535.63,5415.08,3,10,4,1.0771085191516214,1.166673210430935,0.02947331543613087,0.0014299250352496173,7593.37,0.007662265795958634
2023-10-06,AMZN,7553.75,7669.11,7517.63,7593.37,4218441,7593.37,0.0076622657959586,7029.733,6498.325599999999,6357.0969,0.2702527012529541,7471.102409671814,6588.363590328187,78.91319081798757,226.29633412218573,189.234943725574,37.06139039661173,225.87071428571426,0.0494444049862197,7535.63,-0.0096803378395151,7180.59,0.0030850192571605,7250.78,0.0036882062734218,6939.43,0.0007075983619604,6915.59,7357.7699999999995,191.5052585442659,0.4080410545895377,7593.37,7180.59,7118.329000000001,284.9287295077003,0.3251154407838684,7593.37,6806.86,7029.733,220.6847048359068,0.2702527012529537,7593.37,6806.86,6498.325599999999,614.1726333895947,0.26711050082968457,7593.37,5415.08,4,10,4,1.0801790053760105,1.1685117778645675,0.019948981809128175,0.005245076948534787,7731.37,0.018173748941510803
2023-10-09,AMZN,7751.53,7796.02,7666.72,7731.37,4849581,7731.37,0.0181737489415108,7062.030000000001,6544.6514,6360.3192500000005,0.2658849799633861,7603.696714347434,6520.363285652567,81.41972794563824,254.1500649289237,202.21796796624395,51.932096962679765,218.71428571428572,0.0076622657959586,7593.37,0.0494444049862197,7535.63,-0.0096803378395151,7180.59,0.0416532769982547,7228.48,-0.0052880520678639,6879.02,7458.348000000001,233.9756620251555,0.35438237218139784,7731.37,7180.59,7203.564,329.40347533075817,0.3162903586977879,7731.37,6806.86,7062.030000000001,270.8333571737168,0.2658849799633857,7731.37,6806.86,6544.6514,618.1418275900289,0.24819662068862347,7731.37,5427.14,0,10,4,1.0947801128002719,1.1813264798181333,0.016724073482446637,-0.0026007768788867815,7815.68,0.010904923706923864
2023-10-10,AMZN,7863.64,7969.54,7661.81,7815.68,3229181,7815.68,0.0109049237069238,7102.671,6592.422200000001,6365.0209,0.259690378192327,7739.293147833352,6466.048852166648,85.29004437915545,279.80207550481373,217.7347894739579,62.067286030855826,234.49999999999994,0.0181737489415108,7731.37,0.0076622657959586,7593.37,0.0494444049862197,7535.63,0.0030850192571605,7250.78,-0.0034627025361171,6855.2,7571.3279999999995,244.8253067395484,0.34376353791731595,7815.68,7180.59,7299.611999999999,355.5334308331344,0.3047318319139788,7815.68,6806.86,7102.671,318.31107391667575,0.2596903781923266,7815.68,6806.86,6592.422200000001,622.2973588385885,0.24805521223427718,7815.68,5445.02,1,10,4,1.1003860378720765,1.185555136319821,0.039373413445785925,-0.006098956717244677,7905.3,0.01146669259744515
2023-10-11,AMZN,7979.03,8029.91,7780.7,7905.3,7865416,7905.3,0.0114666925974451,7154.844,6640.401,6370.68425,0.2417062240237038,7874.038016467381,6435.649983532619,86.77057762176896,303.8603507365815,234.95990172648263,68.90044901009887,241.4671428571428,0.0109049237069238,7815.68,0.0181737489415108,7731.37,0.0076622657959586,7593.37,-0.0096803378395151,7180.59,-0.007051581281363,6806.86,7716.2699999999995,152.95254051541457,0.27230253492730677,7905.3,7535.63,7409.456,356.0637521630373,0.28343420727244834,7905.3,6913.93,7154.844,359.59700823369025,0.24170622402370348,7905.3,6806.86,6640.401,629.2928472280776,0.24768993609586545,7905.3,5445.02,2,10,4,1.104887821453395,1.190485333641569,0.03152442032560036,-0.00924047158614397,7983.39,0.009878182991157836
2023-10-12,AMZN,7976.14,8057.83,7908.96,7983.39,2861802,7983.39,0.0098781829911578,7208.948000000001,6690.1354,6376.613300000001,0.2418196978809476,8006.3852487335635,6411.510751266439,87.44984708536215,325.47603246247854,253.06312787368182,72.41290458879672,247.22142857142853,0.0114666925974451,7905.3,0.0109049237069238,7815.68,0.0181737489415108,7731.37,0.0494444049862197,7535.63,0.0157297197239256,6913.93,7805.822,151.8242403904033,0.06259067462317935,7983.39,7593.37,7516.402,351.2694930865861,0.2846549139024253,7983.39,6939.43,7208.948000000001,398.71862436678106,0.24181969788094718,7983.39,6806.86,6690.1354,635.2934115252245,0.24685884555164153,7983.39,5445.02,3,10,4,1.1074278799068729,1.1933076870161412,0.018647466802947273,0.0009089609761111378,7828.05,-0.01945789946376164
2023-10-13,AMZN,7872.87,7915.73,7740.38,7828.05,4480277,7828.05,-0.0194578994637616,7255.6995,6737.795999999999,6381.763199999999,0.2585538127852941,8084.181563725659,6427.217436274341,80.72467803165598,326.31047219117227,267.7125967371799,58.597875453992344,245.9935714285714,0.0098781829911578,7983.39,0.0114666925974451,7905.3,0.0109049237069238,7815.68,0.0076622657959586,7593.37,0.0036882062734218,6939.43,7852.758,95.58463668458825,0.2334553535597961,7983.39,7731.37,7605.264,297.3541748375245,0.3297098995096518,7983.39,7180.59,7255.6995,414.2410318628297,0.25855381278529377,7983.39,6806.86,6737.795999999999,629.337988028277,0.2514147429000291,7983.39,5484.57,4,10,4,1.07888288372457,1.1618116666041594,0.02240021461283168,-0.0056929683838287705,7881.49,0.006826732072482855
2023-10-16,AMZN,7947.23,8073.28,7689.71,7881.49,5616008,7881.49,0.0068267320724828,7301.6735,6785.5904,6387.479249999999,0.2582282835086839,8162.933906987082,6440.413093012918,82.60071281922428,327.50861759466625,279.6718009086772,47.83681668598905,256.3457142857142,-0.0194578994637616,7828.05,0.0098781829911578,7983.39,0.0114666925974451,7905.3,0.0181737489415108,7731.37,0.0416532769982547,7228.48,7882.782000000001,67.32193082588941,0.20943176292987187,7983.39,7815.68,7670.5650000000005,276.3789592509472,0.2864463455504456,7983.39,7180.59,7301.6735,430.6302034935412,0.2582282835086835,7983.39,6806.86,6785.5904,623.4939208087914,0.2514033737812131,7983.39,5484.57,0,10,4,1.0794087136324186,1.161503942236012,0.0486671936397751,-0.008272064606157304,7697.21,-0.023381365706230617
2023-10-17,AMZN,7725.43,7866.35,7528.08,7697.21,3878228,7697.21,-0.0233813657062306,7338.539500000001,6829.8432,6392.144850000001,0.2783206070238546,8201.320339879114,6475.758660120888,76.03408246866059,310.0146447045863,285.74036966785906,24.27427503672726,264.1835714285714,0.0068267320724828,7881.49,-0.0194578994637616,7828.05,0.0098781829911578,7983.39,0.0109049237069238,7815.68,0.0030850192571605,7250.78,7859.088000000001,106.36755858872064,0.2700927376258849,7983.39,7697.21,7715.2080000000005,233.81581007273425,0.32896600313992697,7983.39,7180.59,7338.539500000001,431.3904199395564,0.27832060702385425,7983.39,6806.86,6829.8432,607.5875597181137,0.2600575567193887,7983.39,5654.61,1,10,4,1.0488749157783983,1.1269965904925712,0.04394709251793266,-0.003652871102320078,7674.53,-0.00294652218141378
2023-10-18,AMZN,7635.05,7847.97,7501.1,7674.53,3709524,7674.53,-0.0029465221814137,7376.33,6870.2416,6396.051499999999,0.2769454076343778,8227.822183677317,6524.837816322684,73.39472680456974,290.96637939521315,286.7855716133299,4.180807781883232,275.1449999999999,-0.0233813657062306,7697.21,0.0068267320724828,7881.49,-0.0194578994637616,7828.05,0.0114666925974451,7905.3,-0.0096803378395151,7180.59,7812.933999999999,128.9683855839216,0.2393083311585464,7983.39,7674.53,7764.601999999999,142.77765105214368,0.3215261504525662,7983.39,7535.63,7376.33,425.74609183865834,0.2769454076343774,7983.39,6806.86,6870.2416,594.8707743921578,0.2550158659254809,7983.39,5782.57,2,10,4,1.0404266078116027,1.117068430315301,0.04519755607183172,0.005170889516112454,7576.37,-0.012790359800535
2023-10-19,AMZN,7592.71,7683.96,7468.79,7576.37,2258606,7576.37,-0.012790359800535,7409.613499999999,6906.1176000000005,6399.215450000001,0.2835638268153492,8236.145103733266,6583.081896266733,68.75294422404221,264.8962412822257,282.40770554710906,-17.511464264883386,281.4285714285714,-0.0029465221814137,7674.53,-0.0233813657062306,7697.21,0.0068267320724828,7881.49,0.0098781829911578,7983.39,0.0494444049862197,7535.63,7731.530000000001,122.78599268694998,0.19580696928239333,7881.49,7576.37,7768.676000000001,135.93554560882012,0.22925944581117808,7983.39,7576.37,7409.6134999999995,413.2658018666333,0.2835638268153488,7983.39,6806.86,6906.1176000000005,581.8851158108887,0.25571396893456483,7983.39,5830.48,3,10,4,1.0225054248779615,1.0970519818543059,0.0284001441323446,-0.0021520642827130222,7626.71,0.006644342871322317
2023-10-20,AMZN,7698.4,7760.0,7493.43,7626.71,6884213,7626.71,0.0066443428713223,7445.169499999999,6940.9636,6402.7003,0.2832219229095827,8242.899295422376,6647.439704577622,63.64240543127516,245.46788531014408,275.0197414997161,-29.551856189571993,269.8028571428571,-0.012790359800535,7576.37,-0.0029465221814137,7674.53,-0.0233813657062306,7697.21,-0.0194578994637616,7828.05,0.0076622657959586,7593.37,7691.262,116.04865669243253,0.20669798395413275,7881.49,7576.37,7772.009999999999,131.49450727848665,0.2284411244409239,7983.39,7576.37,7445.169499999999,398.8648977111886,0.28322192290958237,7983.39,6806.86,6940.9636,571.5281861985403,0.2542332604743784,7983.39,5830.48,4,10,4,1.0243836624537528,1.0987970027675842,0.03495216154802854,-0.00931232463888474,7674.16,0.00622155555934345
2023-10-23,AMZN,7748.99,7770.36,7577.96,7674.16,3737201,7674.16,0.0062215555593434,7484.9265,6975.12,6405.8321,0.2805815420804715,8242.077661665886,6727.775338334112,64.25829134837164,231.2340692601074,266.26260705179436,-35.02853779168697,261.562857142857,0.0066443428713223,7626.71,-0.012790359800535,7576.37,-0.0029465221814137,7674.53,0.0068267320724828,7881.49,0.0181737489415108,7731.37,7649.796,48.41952994522311,0.2045258675625671,7697.21,7576.37,7766.289,134.66541397507666,0.20970732978915,7983.39,7576.37,7484.9265,378.5755808329435,0.28058154208047115,7983.39,6806.86,6975.12,563.0625392023743,0.2534804581556092,7983.39,5830.48,0,10,4,1.0252819449862298,1.1002190643313519,0.025071147852009153,-0.009656742362551799,7742.37,0.008888269204707644
2023-10-24,AMZN,7764.41,7793.11,7691.62,7742.37,4959180,7742.37,0.0088882692047076,7529.284999999999,7013.357799999999,6409.90205,0.2786914924236328,8233.17465913132,6825.395340868677,68.94449315372952,222.88832655127408,257.5877509516903,-34.699424400416206,260.6885714285713,0.0062215555593434,7674.16,0.0066443428713223,7626.71,-0.012790359800535,7576.37,-0.0233813657062306,7697.21,0.0109049237069238,7815.68,7658.8279999999995,61.829961346556956,0.1435063691322362,7742.37,7576.37,7758.9580000000005,133.66964899404067,0.2068168553238728,7983.39,7576.37,7529.284999999999,351.944829565661,0.2786914924236325,7983.39,6806.86,7013.357799999999,548.4727793564822,0.2453673101960235,7983.39,5901.59,1,10,4,1.0283008280333354,1.1039462438375662,0.013108389291649284,-0.002838593016081985,7783.97,0.005373031771925163
2023-10-25,AMZN,7844.22,7885.33,7682.62,7783.97,5235082,7783.97,0.0053730317719251,7578.140499999999,7051.0054,6414.31345,0.2742822800276115,8201.99396948531,6954.28703051469,60.61953714242456,217.128119852885,249.49582473192922,-32.367704879044226,241.87571428571417,0.0088882692047076,7742.37,0.0062215555593434,7674.16,0.0066443428713223,7626.71,-0.0029465221814137,7674.53,0.0114666925974451,7905.3,7680.716,84.12835598130789,0.140471491043605,7783.97,7576.37,7746.825,124.07242412295265,0.19874811832142106,7983.39,7576.37,7578.1404999999995,311.92673474265473,0.27428228002761124,7983.39,6913.93,7051.0054,535.0423505541721,0.24493085664543515,7983.39,5942.82,2,10,4,1.0271609506314872,1.1039517853721819,0.026041981148433764,-0.007680814663534719,7700.86,-0.010677070954795642
2023-10-26,AMZN,7654.71,7830.85,7570.87,7700.86,3111095,7700.86,-0.0106770709547956,7617.487000000001,7086.1662,6418.42755,0.2789451704208757,8158.750437216862,7076.22356278314,54.49888249854517,203.5108853187885,240.2988368493011,-36.7879515305126,249.62571428571422,0.0053730317719251,7783.97,0.0088882692047076,7742.37,0.0062215555593434,7674.16,-0.012790359800535,7576.37,0.0098781829911578,7983.39,7705.614,60.680437787797075,0.12565060170889603,7783.97,7626.71,7718.572,92.32380201089232,0.19256267398614438,7881.49,7576.37,7617.487000000001,270.6317186084307,0.2789451704208754,7983.39,6939.43,7086.1662,518.2322297764819,0.2476367100776846,7983.39,6009.17,3,10,4,1.0109449481172712,1.0867456086478628,0.03375986578122011,0.0060289677858460485,7666.21,-0.0044994974587253544
2023-10-27,AMZN,7627.28,7748.57,7583.85,7666.21,3696117,7666.21,-0.0044994974587253,7653.825999999999,7119.307000000001,6423.1193,0.281174690635433,8090.991798316028,7216.660201683971,47.01451506427481,187.75879689100475,229.79082885764186,-42.032031966637106,246.91642857142844,-0.0106770709547956,7700.86,0.0053730317719251,7783.97,0.0088882692047076,7742.37,0.0066443428713223,7626.71,-0.0194578994637616,7828.05,7713.514,49.35394138383529,0.13167053499474365,7783.97,7666.21,7702.388000000001,84.88573218661612,0.1713959960847031,7881.49,7576.37,7653.825999999999,218.5828991580143,0.2811746906354326,7983.39,7180.59,7119.307000000001,500.63799946378765,0.24822961540689692,7983.39,6063.83,4,10,4,1.0016180143106204,1.0768196960741996,0.021486497239180488,0.00510404757659286,7795.74,0.01689622381854905
2023-10-30,AMZN,7866.35,7966.93,7624.55,7795.74,6821553,7795.74,0.016896223818549,7682.189,7153.9452,6428.7057,0.2506048421329663,8074.46236348713,7289.915636512871,49.1227452699624,183.61059317247236,220.55478172060796,-36.9441885481356,249.39142857142846,-0.0044994974587253,7666.21,-0.0106770709547956,7700.86,0.0053730317719251,7783.97,0.0062215555593434,7674.16,0.0068267320724828,7881.49,7737.83,54.77062305762118,0.17326505523390753,7795.74,7666.21,7693.812999999999,67.29045747910324,0.1921673091984235,7795.74,7576.37,7682.189,196.13668174356457,0.2506048421329659,7983.39,7180.59,7153.9452,485.8155688485428,0.24950582276866326,7983.39,6114.6,0,10,4,1.014781073467339,1.089712009535509,0.043918858248217126,-0.008976208788064554,7948.53,0.01959916569818909
2023-10-31,AMZN,7890.54,8012.29,7884.76,7948.53,2558485,7948.53,0.019599165698189,7717.0765,7190.6238,6436.274200000001,0.2566735341623122,8069.930550775784,7364.222449224217,51.80174547940246,190.45652367023285,214.53513011053298,-24.07860644030012,247.05857142857135,0.016896223818549,7795.74,-0.0044994974587253,7666.21,-0.0106770709547956,7700.86,0.0088882692047076,7742.37,-0.0233813657062306,7697.21,7779.062,109.39923889187568,0.20852987392546743,7948.53,7666.21,7718.945,105.04236565929953,0.17226806500808028,7948.53,7576.37,7717.0765,176.42702538789152,0.2566735341623117,7983.39,7180.59,7190.6238,474.8508284472724,0.25151485385893174,7983.39,6412.82,1,10,4,1.0299923811820408,1.1054020097670654,0.016044476148417846,0.007349306891542585,7787.6,-0.020246510990082345
2023-11-01,AMZN,7739.49,7883.72,7691.48,7787.6,9369517,7787.6,-0.0202465109900823,7747.427000000001,7217.967399999999,6441.9051,0.2670696931371502,7994.573303494486,7500.280696505515,42.36692111516235,180.81197891867396,207.7904998721612,-26.978520953487248,254.52428571428567,0.019599165698189,7948.53,0.016896223818549,7795.74,-0.0044994974587253,7666.21,0.0053730317719251,7783.97,-0.0029465221814137,7674.53,7779.7880000000005,109.45198431331302,0.2765021026476937,7948.53,7666.21,7730.252,105.81294898688793,0.20794670614638047,7948.53,7576.37,7747.427000000001,123.57315174724295,0.2670696931371497,7983.39,7535.63,7217.9673999999995,468.9211504441622,0.23639877488950006,7983.39,6412.82,2,11,4,1.0051853344341282,1.0789186994664068,0.02468539729826596,0.006216171866620974,7577.35,-0.02699804817915663
2023-11-02,AMZN,7565.31,7634.17,7520.54,7577.35,2969356,7577.35,-0.0269980481791566,7749.513000000001,7241.257999999999,6447.035849999999,0.230668462667348,7989.73979706004,7509.286202939961,40.62747678323281,154.42309651880805,197.1170192014906,-42.69392268268254,256.2421428571428,-0.0202465109900823,7787.6,0.019599165698189,7948.53,0.016896223818549,7795.74,-0.0106770709547956,7700.86,-0.012790359800535,7576.37,7755.086,141.08465377255106,0.3350768501926815,7948.53,7577.35,7730.35,105.6549295267463,0.24439939550576362,7948.53,7577.35,7749.513000000001,120.11339853001996,0.23066846266734733,7983.39,7576.37,7241.257999999999,456.88019544264864,0.24619697169005125,7983.39,6469.2,3,11,4,0.9777840233314044,1.0464134822980973,0.014996007839150245,0.001591474771027013,7480.26,-0.012813186668162335
2023-11-03,AMZN,7493.67,7578.23,7382.3,7480.26,2495495,7480.26,-0.0128131866681623,7743.857500000001,7260.402199999999,6450.72615,0.2335239835358414,8004.057499828956,7483.657500171046,35.47394411543469,124.2431676127153,182.54224888373554,-58.29908127102024,242.83928571428564,-0.0269980481791566,7577.35,-0.0202465109900823,7787.6,0.019599165698189,7948.53,-0.0044994974587253,7666.21,0.0066443428713223,7626.71,7717.896000000001,187.30618284007323,0.3424597461904511,7948.53,7480.26,7715.705,129.15351565297877,0.24932461564806552,7948.53,7480.26,7743.857500000001,130.09999991447722,0.23352398353584067,7983.39,7480.26,7260.4021999999995,446.09897184680176,0.24680528701695933,7983.39,6469.2,4,11,4,0.965960440258493,1.0302817659328805,0.026192939817596336,-0.001789510346732384,7623.76,0.019183825161157575
2023-11-06,AMZN,7639.59,7667.93,7579.59,7623.76,4217396,7623.76,0.0191838251611575,7738.476999999999,7283.493399999999,6455.1045,0.2346285969231871,8004.156928454557,7472.797071545441,47.25992135980897,110.62934106107423,168.15966731920327,-57.53032625812904,231.00071428571422,-0.0128131866681623,7480.26,-0.0269980481791566,7577.35,-0.0202465109900823,7787.6,0.016896223818549,7795.74,0.0062215555593434,7674.16,7683.5,185.21669646691524,0.35181084273967833,7948.53,7480.26,7710.664999999999,131.90887235331948,0.26877166932100455,7948.53,7480.26,7738.476999999999,132.8399642272787,0.2346285969231863,7983.39,7480.26,7283.493399999999,434.026664635586,0.24813400912523678,7983.39,6563.15,0,11,4,0.9851757652053519,1.046717499599705,0.011587458157128314,-0.002072100727918364,7793.78,0.02230133162638892
2023-11-07,AMZN,7761.35,7875.23,7712.32,7793.78,9675855,7793.78,0.0223013316263889,7737.382,7308.106,6459.981750000001,0.2452833867111986,8001.9001533606015,7472.863846639398,54.00805307720596,112.26535340880673,156.98080453712396,-44.71545112831723,224.18642857142848,0.0191838251611575,7623.76,-0.0128131866681623,7480.26,-0.0269980481791566,7577.35,0.019599165698189,7948.53,0.0088882692047076,7742.37,7652.55,136.33796573264553,0.36367644306195984,7793.78,7480.26,7715.806,134.26265834786426,0.2895614635848064,7948.53,7480.26,7737.382,132.25907668030084,0.24528338671119787,7983.39,7480.26,7308.106,427.1831546064849,0.25052880121531634,7983.39,6676.32,1,11,4,1.0072890287695493,1.066456890471886,0.020902565892285764,0.004178396799525237,7666.57,-0.016321990099797512
2023-11-08,AMZN,7731.06,7766.34,7566.79,7666.57,1862478,7666.57,-0.0163219900997975,7725.4455,7327.911,6464.515199999999,0.2478341447170114,7979.393313908448,7471.497686091551,52.97360023159688,102.1199459500931,146.0086328197178,-43.888686869624706,225.03071428571417,0.0223013316263889,7793.78,0.0191838251611575,7623.76,-0.0128131866681623,7480.26,-0.0202465109900823,7787.6,0.0053730317719251,7783.97,7628.344,115.52117697684226,0.353358047832553,7793.78,7480.26,7704.066000000001,132.7645073218492,0.3002756093863414,7948.53,7480.26,7725.4455,126.9739069542243,0.24783414471701082,7983.39,7480.26,7327.911,420.1923252474925,0.25242868366284094,7983.39,6721.52,2,11,4,0.9923790155530846,1.0462149444772122,0.02602858905611951,-0.00834167630311915,7710.54,0.005735289705826707
2023-11-09,AMZN,7774.55,7822.83,7598.25,7710.54,3780620,7710.54,0.0057352897058267,7711.803,7347.6914,6469.135399999999,0.2457576921644036,7934.839244693038,7488.766755306961,52.77525805911445,96.51508317246589,136.10992289026743,-39.594839717801534,222.03142857142848,-0.0163219900997975,7666.57,0.0223013316263889,7793.78,0.0191838251611575,7623.76,-0.0269980481791566,7577.35,-0.0106770709547956,7700.86,7654.982000000001,116.17707226521132,0.28212799176297504,7793.78,7480.26,7705.034,132.77382340729332,0.2973011587561542,7948.53,7480.26,7711.803,111.51812234651915,0.2457576921644029,7948.53,7480.26,7347.6914,414.3017143511258,0.252357611464696,7983.39,6761.46,3,11,4,0.9998362250694163,1.0493826673230928,0.029126364690407,-0.008233273951546003,7970.89,0.033765469085174304
2023-11-10,AMZN,7953.68,8097.42,7844.36,7970.89,4839446,7970.89,0.0337654690851743,7718.945,7368.5522,6474.65125,0.2662888033125407,7965.556599975676,7472.333400024323,58.60980379592707,111.7925828974312,131.24645489170018,-19.45387199426898,235.92285714285708,0.0057352897058267,7710.54,-0.0163219900997975,7666.57,0.0223013316263889,7793.78,-0.0128131866681623,7480.26,-0.0044994974587253,7666.21,7753.108,137.03555768529847,0.30416274770136464,7970.89,7623.76,7735.501999999999,155.83078898447437,0.3391702808593771,7970.89,7480.26,7718.945,123.30579998783854,0.26628880331254007,7970.89,7480.26,7368.5522,418.9637522739955,0.25418503696443273,7983.39,6761.46,4,11,4,1.0326398231881386,1.0817443893522147,0.031748023119120776,0.0021637782762190423,8032.21,0.007692992877834204
2023-11-13,AMZN,8021.65,8116.55,7947.87,8032.21,4054203,8032.21,0.0076929928778342,7726.481000000002,7392.8018,6480.05395,0.2665561830146244,8001.573460315737,7451.388539684266,58.4436468719014,127.37976834693472,130.4731175827471,-3.093349235812383,239.47499999999997,0.0337654690851743,7970.89,0.0057352897058267,7710.54,-0.0163219900997975,7666.57,0.0191838251611575,7623.76,0.016896223818549,7795.74,7834.798,160.40239795627963,0.3001986306290607,8032.21,7666.57,7759.149,181.77040698202808,0.3325375327962817,8032.21,7480.26,7726.481000000002,137.54623015786768,0.2665561830146239,8032.21,7480.26,7392.8018,421.6303239476004,0.2508045698946982,8032.21,6761.46,0,11,4,1.039568983603138,1.0864906455356227,0.021000446950463107,0.0013164373913096537,8241.93,0.02610987511531704
2023-11-14,AMZN,8275.31,8369.36,8114.51,8241.93,4660221,8241.93,0.026109875115317,7753.717,7422.4112,6486.010499999999,0.2641955293074773,8111.915777341414,7395.518222658586,62.15108997852408,154.870129957264,135.35252005765048,19.517609899613518,249.07785714285714,0.0076929928778342,8032.21,0.0337654690851743,7970.89,0.0057352897058267,7710.54,0.0223013316263889,7793.78,0.019599165698189,7948.53,7924.428,238.1291780108625,0.31056215346565874,8241.93,7666.57,7788.489000000001,232.37142262853985,0.34297559671472017,8241.93,7480.26,7753.717,179.09938867070707,0.26419552930747675,8241.93,7480.26,7422.4112,428.3195635324247,0.25435853637584704,8241.93,6788.63,1,11,4,1.062965026966929,1.1104113983874795,0.03092115560311352,-0.004033685747119463,8393.02,0.018331871297135427
2023-11-15,AMZN,8420.38,8520.42,8265.61,8393.02,3001406,8393.02,0.0183318712971354,7789.6415,7454.499,6492.94885,0.268018590113293,8245.268674518175,7334.014325481825,67.72569426611688,186.69602432481952,145.6212209110843,41.074803413735225,250.39999999999995,0.026109875115317,8241.93,0.0076929928778342,8032.21,0.0337654690851743,7970.89,-0.0163219900997975,7666.57,-0.0202465109900823,7787.6,8069.718000000001,261.8987473626707,0.18959120401165164,8393.02,7710.54,7849.031,300.8823883346542,0.32109034537527675,8393.02,7480.26,7789.6415,227.81358725908734,0.2680185901132925,8393.02,7480.26,7454.499,439.8131853980199,0.2563589774249093,8393.02,6806.86,2,11,4,1.0774590846060017,1.125899943108031,0.03035975131716225,-0.003249259534604794,8258.18,-0.016065730809649015
2023-11-16,AMZN,8238.74,8351.69,8164.67,8258.18,3146861,8258.18,-0.016065730809649,7823.732000000001,7481.6944,6499.50805,0.2710752602640807,8312.959517778847,7334.504482221155,64.4199336450169,198.74678459199367,156.24633364726617,42.500450944727504,254.94500000000002,0.0183318712971354,8393.02,0.026109875115317,8241.93,0.0076929928778342,8032.21,0.0057352897058267,7710.54,-0.0269980481791566,7577.35,8179.246000000001,173.8469091762671,0.30738894871452715,8393.02,7970.89,7917.114,309.4818777748952,0.29132299505250775,8393.02,7480.26,7823.732000000001,244.6137588894231,0.27107526026408013,8393.02,7480.26,7481.6944,446.7121373521749,0.25893526557531993,8393.02,6806.86,3,11,4,1.055529509446252,1.1037847255561382,0.02264663642594104,0.0023595841111624044,8231.54,-0.0032258923879110446
2023-11-17,AMZN,8217.42,8409.37,8053.7,8231.54,3769435,8231.54,-0.003225892387911,7853.9735,7507.884599999999,6506.91015,0.2722799477290956,8366.15781297157,7341.789187028428,61.17596372768583,203.79821460653784,165.7567098391205,38.04150476741734,255.89428571428581,-0.016065730809649,8258.18,0.0183318712971354,8393.02,0.026109875115317,8241.93,0.0337654690851743,7970.89,-0.0128131866681623,7480.26,8231.376,129.05981803080235,0.26678446572940406,8393.02,8032.21,7992.242,281.5811354081452,0.2749287429916284,8393.02,7623.76,7853.9735,256.0921564857857,0.2722799477290951,8393.02,7480.26,7507.884599999999,451.5909021796402,0.25940615447493803,8393.02,6806.86,4,11,4,1.048073309643705,1.0963860579315383,0.04320819676512022,0.0017183008778910024,8238.24,0.0008139424700601694
2023-11-20,AMZN,8213.2,8369.33,8107.14,8238.24,2545530,8238.24,0.0008139424700601,7882.177500000001,7530.9408,6514.01995,0.2723614905816693,8414.402065895436,7349.952934104564,58.031303537414864,205.96787385318657,173.79894264193373,32.16893121125284,259.1542857142858,-0.003225892387911,8231.54,-0.016065730809649,8258.18,0.0183318712971354,8393.02,0.0076929928778342,8032.21,0.0191838251611575,7623.76,8272.582,68.03692615150861,0.2694148982016358,8393.02,8231.54,8053.6900000000005,258.3212657395716,0.2727373108374318,8393.02,7666.57,7882.177500000001,266.1122829477179,0.27236149058166886,8393.02,7480.26,7530.9408,458.9507667109889,0.25538197595597284,8393.02,6806.86,0,11,4,1.0451731136477138,1.0939191023781392,0.0318259725378197,0.0030487507914084646,8255.24,0.002063547553846412
2023-11-21,AMZN,8211.55,8351.38,8159.11,8255.24,3929136,8255.24,0.0020635475538464,7907.821000000001,7555.988400000001,6520.5377,0.2717111974536578,8460.70376202432,7354.938237975681,64.08808820817181,206.67666244981228,180.37448660350947,26.302175846302816,254.52714285714288,0.0008139424700601,8238.24,-0.003225892387911,8231.54,-0.016065730809649,8258.18,0.026109875115317,8241.93,0.0223013316263889,7793.78,8275.244,66.78671634498866,0.19583584238360238,8393.02,8231.54,8099.836000000001,247.73272969060815,0.26153592126604086,8393.02,7666.57,7907.821000000001,276.44138101216004,0.2717111974536573,8393.02,7480.26,7555.988400000001,463.69248680101134,0.25314091500582026,8393.02,6806.86,1,11,4,1.043933594349057,1.0925427042739908,0.02329066144654501,0.005320554584700232,8394.11,0.016822042726801545
2023-11-22,AMZN,8387.08,8595.12,8193.1,8394.11,3423954,8394.11,0.0168220427268015,7938.327999999999,7586.6338,6526.7172,0.2758490399445639,8528.51107345617,7348.14492654383,75.7114435371588,215.95464026825357,187.49051733645828,28.464122931795288,264.1671428571429,0.0020635475538464,8255.24,0.0008139424700601,8238.24,-0.003225892387911,8231.54,0.0183318712971354,8393.02,-0.0163219900997975,7666.57,8275.462,67.26731018961564,0.18722208132311305,8394.11,8231.54,8172.589999999999,210.36736739956822,0.23421596083586554,8394.11,7710.54,7938.3279999999995,295.0915367280851,0.2758490399445634,8394.11,7480.26,7586.6338,467.4982086962422,0.24901740044963183,8394.11,6806.86,2,11,4,1.057415365049031,1.1064340551139946,0.047893105999320056,0.0008381939840802539,8457.68,0.0075731673756955775
2023-11-23,AMZN,8489.22,8642.92,8272.44,8457.68,3314398,8457.68,0.0075731673756955,7976.169,7617.7612,6533.0106,0.2705940525783181,8598.422613752351,7353.915386247649,81.43233856371236,225.83380077821948,195.1591740248105,30.674626753408972,276.63500000000005,0.0168220427268015,8394.11,0.0020635475538464,8255.24,0.0008139424700601,8238.24,-0.016065730809649,8258.18,0.0057352897058267,7710.54,8315.362,103.73553643832913,0.12296630537354439,8457.68,8231.54,8247.304,152.84492905469355,0.2336347534182375,8457.68,7970.89,7976.169,311.1268068761756,0.2705940525783176,8457.68,7480.26,7617.7612,472.72076586944496,0.2491108685869593,8457.68,6806.86,3,11,4,1.0603687058284421,1.110257958729251,0.04380397461241803,-0.0037153001100213375,8023.79,-0.051301302484842215
2023-11-24,AMZN,8062.62,8221.59,7825.99,8023.79,4547133,8023.79,-0.0513013024848422,7994.048,7640.3766,6537.6211,0.3352759927919847,8599.11396670765,7388.98203329235,60.8398051144588,196.3879715392677,195.40493352770196,0.9830380115657533,308.35071428571433,0.0075731673756955,8457.68,0.0168220427268015,8394.11,0.0020635475538464,8255.24,-0.003225892387911,8231.54,0.0337654690851743,7970.89,8273.812,167.63079749898546,0.4245951333101147,8457.68,8023.79,8252.594000000001,142.80060645669852,0.3475831796534891,8457.68,8023.79,7994.048,302.5329833538247,0.3352759927919842,8457.68,7480.26,7640.3766,464.3146796529424,0.27836586967960925,8457.68,6806.86,4,11,4,1.003720518065315,1.0501825263428703,0.04930338406164057,-0.004816052350227979,7837.88,-0.023169848662539794
2023-11-27,AMZN,7881.59,7985.58,7690.18,7837.88,1930985,7837.88,-0.0231698486625397,7996.155000000001,7657.894,6542.363849999999,0.3425373048101746,8598.601155130958,7393.708844869044,51.184795924561776,156.24941049405697,187.57382892097297,-31.324418426915997,314.2178571428572,-0.0513013024848422,8023.79,0.0075731673756955,8457.68,0.0168220427268015,8394.11,0.0008139424700601,8238.24,0.0076929928778342,8032.21,8193.74,259.3810192557308,0.43850865941169015,8457.68,7837.88,8233.161,183.53634162978705,0.3647532412644068,8457.68,7837.88,7996.155000000001,301.2230775654785,0.342537304810174,8457.68,7480.26,7657.894,454.62030241881786,0.2840946478144718,8457.68,6806.86,0,11,4,0.9802061115622469,1.023503328721836,0.03768876277768503,-0.005545835294654313,7536.69,-0.03842748294181597
2023-11-28,AMZN,7517.81,7631.39,7442.0,7536.69,3649748,7536.69,-0.0384274829418159,7975.563,7669.43,6544.942100000001,0.361036771380493,8612.055170212285,7339.070829787715,46.808939293851125,98.99464716240618,169.8579925692596,-70.86334540685343,326.28142857142865,-0.0231698486625397,7837.88,-0.0513013024848422,8023.79,0.0075731673756955,8457.68,0.0020635475538464,8255.24,0.026109875115317,8241.93,8050.030000000001,385.2868037581025,0.46411559315830536,8457.68,7536.69,8162.637,286.43962152406226,0.3683378137200347,8457.68,7536.69,7975.563,318.24608510614246,0.36103677138049245,8457.68,7480.26,7669.43,443.7348033614609,0.2985733144445504,8457.68,6806.86,1,11,4,0.9449727875009017,0.9826923252443814,0.025129068596422992,0.0025113696674958115,7561.94,0.0033502771110394125
2023-11-29,AMZN,7601.96,7642.23,7481.65,7561.94,10107076,7561.94,0.0033502771110394,7964.280000000001,7682.2944,6548.7571,0.3552437098281824,8622.433496414473,7306.126503585528,46.31510558702976,55.023027490459754,146.89099955349965,-91.8679720630399,321.7100000000001,-0.0384274829418159,7536.69,-0.0231698486625397,7837.88,-0.0513013024848422,8023.79,0.0168220427268015,8394.11,0.0183318712971354,8393.02,7883.5960000000005,379.1843563889814,0.40736956052720796,8457.68,7536.69,8079.529,329.4979469653886,0.34450644259942376,8457.68,7536.69,7964.280000000001,329.07674820723645,0.3552437098281819,8457.68,7480.26,7682.2944,430.6578301458219,0.2980713856905178,8457.68,6806.86,2,11,4,0.949481936847907,0.9843335345230997,0.021235291472820293,-0.005264431804428748,7596.17,0.004526616185793753
2023-11-30,AMZN,7521.2,7734.93,7457.42,7596.17,2590498,7596.17,0.0045266161857937,7965.221,7696.0038,6552.9447,0.3423026287803966,8621.095034052003,7309.346965947997,39.53424718718734,22.675883559555587,122.04797635471085,-99.37209279515527,313.8978571428573,0.0033502771110394,7561.94,-0.0384274829418159,7536.69,-0.0231698486625397,7837.88,0.0075731673756955,8457.68,-0.016065730809649,8258.18,7711.294,211.96961746938447,0.3945652258267785,8023.79,7536.69,8013.3279999999995,355.1234671928548,0.350080738671073,8457.68,7536.69,7965.2210000000005,327.9370170260017,0.3423026287803961,8457.68,7480.26,7696.0038,416.2638556467117,0.29803944359980833,8457.68,6806.86,3,11,4,0.9536671989388676,0.9870278390453773,0.03653288433512726,0.009967824283357747,7636.43,0.0053000393619415664
2023-12-01,AMZN,7632.93,7824.41,7448.45,7636.43,6689201,7636.43,0.0053000393619415,7973.0295,7710.4206,6557.463450000001,0.3390895543107468,8607.9779773623,7338.081022637701,38.81446562179601,0.28588892925199616,97.69555886961909,-97.4096699403671,328.70357142857154,0.0045266161857937,7596.17,0.0033502771110394,7561.94,-0.0384274829418159,7536.69,-0.0513013024848422,8023.79,-0.003225892387911,8231.54,7633.822,120.06851115139752,0.3179275314791991,7837.88,7536.69,7953.817,364.2395620116102,0.3559695298257407,8457.68,7536.69,7973.0295,317.4742386811496,0.3390895543107462,8457.68,7536.69,7710.4206,400.88207362345554,0.2981101007579756,8457.68,6806.86,4,12,4,0.9577827349063542,0.990403817918702,0.049232429289596154,0.00045853951234971907,7507.17,-0.01692675766032037
2023-12-04,AMZN,7551.29,7638.8,7375.53,7507.17,4088412,7507.17,-0.0169267576603203,7967.2,7722.9836,6561.3716,0.3379883356338901,8617.602981316779,7316.797018683221,28.24480369491596,-27.570726680578446,72.6423017595796,-100.21302844015804,323.42642857142863,0.0053000393619415,7636.43,0.0045266161857937,7596.17,0.0033502771110394,7561.94,-0.0231698486625397,7837.88,0.0008139424700601,8238.24,7567.68,50.48026941399957,0.30402962329087246,7636.43,7507.17,7880.710000000001,374.04469311087934,0.3558641189021605,8457.68,7507.17,7967.2,325.20149065838933,0.3379883356338897,8457.68,7507.17,7722.9836,383.77309970891963,0.3007386477596792,8457.68,6806.86,0,12,4,0.9422595140073122,0.9720556702980734,0.03506914056827877,-0.005842710318368655,7600.25,0.012398813401055309
2023-12-05,AMZN,7620.01,7772.26,7428.23,7600.25,3142790,7600.25,0.0123988134010553,7957.5235,7737.884599999999,6565.71715,0.3308601707480508,8624.341441547738,7290.705558452261,25.692191648713305,-41.65632891984205,49.782575623695266,-91.43890454353732,328.1078571428573,-0.0169267576603203,7507.17,0.0053000393619415,7636.43,0.0045266161857937,7596.17,-0.0384274829418159,7536.69,0.0020635475538464,8255.24,7580.392,48.69671570147831,0.1748160541190085,7636.43,7507.17,7815.211000000001,358.18505345851685,0.3684363725288118,8457.68,7507.17,7957.5235,333.4089707738693,0.33086017074805035,8457.68,7507.17,7737.884599999999,363.310205933577,0.3013846538115349,8457.68,6806.86,1,12,4,0.9551024260247606,0.9822128905875668,0.04526561626261707,-0.0025931724499046096,7700.32,0.013166672148942515
2023-12-06,AMZN,7696.32,7789.5,7611.13,7700.32,2358528,7700.32,0.0131666721489425,7959.211,7755.7538,6570.472900000001,0.3293588878064645,8623.093050745118,7295.328949254883,32.522306882265184,-44.23454914809918,30.97915066933638,-75.21369981743555,325.3150000000001,0.0123988134010553,7600.25,-0.0169267576603203,7507.17,0.0053000393619415,7636.43,0.0033502771110394,7561.94,0.0168220427268015,8394.11,7608.067999999999,70.17464727458201,0.19344661678733668,7700.32,7507.17,7745.831999999999,295.2607559353716,0.36194469908223487,8457.68,7507.17,7959.211,331.94102537255867,0.32935888780646405,8457.68,7507.17,7755.7538,337.6497357628497,0.30159603172007016,8457.68,6913.93,2,12,4,0.9674727809074332,0.9928525580581228,0.02316397240633853,0.000519728909400789,7529.71,-0.02215622207908241
2023-12-07,AMZN,7551.49,7628.64,7430.78,7529.71,4229852,7529.71,-0.0221562220790824,7950.169499999999,7768.069399999999,6575.80525,0.3381592126708411,8632.967290903422,7267.371709096576,29.83119622480865,-59.36033936513104,12.911252662442896,-72.27159202757393,319.1628571428572,0.0131666721489425,7700.32,0.0123988134010553,7600.25,-0.0169267576603203,7507.17,0.0045266161857937,7596.17,0.0075731673756955,8457.68,7594.776,78.76063725054098,0.2655234167279181,7700.32,7507.17,7653.035000000001,162.7808812312391,0.3560412846748119,8023.79,7507.17,7950.169499999999,341.39889545171127,0.33815921267084065,8457.68,7507.17,7768.069399999999,316.9112619014781,0.30511655547067573,8457.68,6939.43,3,12,4,0.9471131401662636,0.9693154904098863,0.02627724042492663,-0.0028841990123799222,7334.99,-0.02586022569262303
2023-12-08,AMZN,7394.69,7504.61,7165.36,7334.99,7153868,7334.99,-0.025860225692623,7918.374500000001,7775.980600000001,6580.1494,0.3228179711623833,8654.267648436118,7182.481351563883,26.57437328486704,-86.06777797545328,-6.884553465136339,-79.18322451031695,326.4600000000001,-0.0221562220790824,7529.71,0.0131666721489425,7700.32,0.0123988134010553,7600.25,0.0053000393619415,7636.43,-0.0513013024848422,8023.79,7534.488,134.5301520853529,0.30360753065287654,7700.32,7334.99,7584.155000000001,131.11798997247033,0.2934625467095834,7837.88,7334.99,7918.374500000001,367.9465742180588,0.32281797116238287,8457.68,7334.99,7775.980600000001,300.3056200171163,0.31136761920221867,8457.68,7180.59,4,12,4,0.9263252199045489,0.943288104396641,0.046250915134165654,-0.008073360749401496,7336.35,0.00018541265904947757
2023-12-11,AMZN,7346.09,7484.09,7188.62,7336.35,3423316,7336.35,0.0001854126590494,7883.5815,7778.138000000001,6585.76635,0.3203171947150772,8661.418161064694,7105.744838935308,25.973842605718048,-105.90308995817941,-26.688260763744957,-79.21482919443446,333.8314285714287,-0.025860225692623,7334.99,-0.0221562220790824,7529.71,0.0131666721489425,7700.32,-0.0169267576603203,7507.17,-0.0231698486625397,7837.88,7500.3240000000005,162.0724735422593,0.2956693375895325,7700.32,7334.99,7534.002,118.60534649734669,0.2846847622636002,7700.32,7334.99,7883.5815,388.91833053234643,0.32031719471507664,8457.68,7334.99,7778.138000000001,296.65740716259893,0.2973280343130484,8457.68,7180.59,0,12,4,0.9305859272209045,0.9432013163046292,0.040274796049801324,-0.0013258753976603138,7578.24,0.032971436749882344
2023-12-12,AMZN,7623.68,7764.88,7391.61,7578.24,3872536,7578.24,0.0329714367498823,7850.397,7784.687199999999,6592.1747,0.3297510530001566,8620.45338235436,7080.340617645638,29.758000089110425,-100.94063535822715,-41.5387356826414,-59.40189967558575,335.7250000000001,0.0001854126590494,7336.35,-0.025860225692623,7334.99,-0.0221562220790824,7529.71,0.0123988134010553,7600.25,-0.0384274829418159,7536.69,7495.9220000000005,158.94869949171053,0.3904279882975866,7700.32,7334.99,7538.156999999999,119.43486788938786,0.28571040860783026,7700.32,7334.99,7850.397,385.0281911771807,0.32975105300015606,8457.68,7334.99,7784.687199999999,288.2736580094514,0.30612075202462163,8457.68,7180.59,1,12,4,0.9653320717409621,0.97348034741833,0.049255499957767394,-0.005960376091335752,7815.16,0.03126319567604097
2023-12-13,AMZN,7890.3,7975.33,7654.98,7815.16,5992104,7815.16,0.0312631956760409,7821.504000000001,7797.378600000001,6600.074799999999,0.3442334283705932,8547.965252501286,7095.042747498716,35.32147817800346,-77.00275058210264,-48.63153866253365,-28.371211919568985,337.6257142857144,0.0329714367498823,7578.24,0.0001854126590494,7336.35,-0.025860225692623,7334.99,0.0131666721489425,7700.32,0.0033502771110394,7561.94,7518.890000000001,199.09512136189414,0.44691541719227934,7815.16,7334.99,7563.478999999999,148.3745946694052,0.32467540353155694,7815.16,7334.99,7821.504000000001,363.2306262506423,0.3442334283705927,8457.68,7334.99,7797.378600000001,274.78841492970264,0.31246275530368683,8457.68,7334.99,2,12,4,0.9991889027991291,1.0022804330674666,0.040990843437621154,-0.009523085307274855,7896.3,0.01038238500555333
2023-12-14,AMZN,7928.76,8006.61,7785.99,7896.3,4584324,7896.3,0.0103823850055533,7803.410000000001,7804.592000000001,6609.562200000001,0.3440622280146989,8501.550978826097,7105.269021173905,46.52784208168715,-50.89776677651116,-49.08478428532916,-1.8129824911820052,308.26357142857154,0.0312631956760409,7815.16,0.0329714367498823,7578.24,0.0001854126590494,7336.35,-0.0221562220790824,7529.71,0.0045266161857937,7596.17,7592.2080000000005,261.7245973731,0.3857550111483097,7896.3,7334.99,7593.492,182.21736042423632,0.3265259161443487,7896.3,7334.99,7803.410000000001,349.0704894130479,0.3440622280146983,8457.68,7334.99,7804.592000000001,272.50150468775115,0.29362376554332337,8457.68,7334.99,3,12,4,1.0119037702746603,1.0117505181563606,0.027939667945743187,-0.004093956684272943,7794.69,-0.012868052125679208
2023-12-15,AMZN,7806.12,7916.45,7672.92,7794.69,2132689,7794.69,-0.0128680521256792,7781.5675,7808.618400000001,6618.97235,0.3462089002791784,8450.013107813927,7113.121892186074,48.76712015900824,-37.97075363222757,-46.861978154708844,8.891224522481274,301.82928571428585,0.0103823850055533,7896.3,0.0312631956760409,7815.16,0.0329714367498823,7578.24,-0.025860225692623,7334.99,0.0053000393619415,7636.43,7684.147999999999,227.25101885385718,0.3145741794072606,7896.3,7336.35,7609.318000000001,192.9193379396857,0.33717686515519363,7896.3,7334.99,7781.5675,334.2228039069633,0.3462089002791778,8457.68,7334.99,7808.618400000001,270.79886180801594,0.29488027103805564,8457.68,7334.99,4,12,4,1.0016863568939032,0.9982162785671534,0.031243064188565355,-0.0014642357534855762,7921.6,0.016281596830663103
2023-12-18,AMZN,7848.33,8103.88,7739.32,7921.6,4161390,7921.6,0.0162815968306631,7765.7355,7812.422999999999,6629.3134,0.3524664994599598,8402.906724562077,7128.564275437921,62.20146959008007,-17.2861620960266,-40.946814942972395,23.660652846945794,299.59214285714296,-0.0128680521256792,7794.69,0.0103823850055533,7896.3,0.0312631956760409,7815.16,0.0001854126590494,7336.35,-0.0169267576603203,7507.17,7801.197999999999,135.5438981294349,0.29541307543683165,7921.6,7578.24,7650.761,212.09836546328336,0.3252779293452444,7921.6,7334.99,7765.7355,318.58561228103906,0.3524664994599593,8457.68,7334.99,7812.422999999999,271.0276336482423,0.29433351235080923,8457.68,7334.99,0,12,4,1.0200707968999176,1.0139747937354373,0.04602100585739678,0.009335744037265392,7858.83,-0.007923904261765369
2023-12-19,AMZN,7839.1,7984.83,7732.83,7858.83,7324232,7858.83,-0.0079239042617653,7745.914999999999,7813.286,6638.7009,0.3528268267155726,8342.331304747684,7149.498695252314,59.19260850936092,-5.8905856833771395,-33.935569091053345,28.044983407676206,306.122142857143,0.0162815968306631,7921.6,-0.0128680521256792,7794.69,0.0103823850055533,7896.3,0.0329714367498823,7578.24,0.0123988134010553,7600.25,7857.316000000001,53.27668655355393,0.286494387684741,7921.6,7794.69,7676.618999999999,220.83841143589356,0.32931652175929477,7921.6,7334.99,7745.914999999999,298.20815237384227,0.35282682671557203,8457.68,7334.99,7813.286,271.10690319342496,0.29399672621886774,8457.68,7334.99,1,12,4,1.0145773610992357,1.0058290455512564,0.03206584186195247,0.00251687055911993,7752.46,-0.01353509364625527
2023-12-20,AMZN,7762.61,7830.83,7674.1,7752.46,3941328,7752.46,-0.0135350936462552,7713.832500000001,7810.229200000001,6647.4449,0.3475111952543597,8226.602949016584,7201.062050983419,54.63226969017537,-5.380654469098772,-28.224586166662434,22.84393169756366,299.49500000000006,-0.0079239042617653,7858.83,0.0162815968306631,7921.6,-0.0128680521256792,7794.69,0.0312631956760409,7815.16,0.0131666721489425,7700.32,7844.776000000001,70.32960919929057,0.2206376106584593,7921.6,7752.46,7681.8330000000005,222.0722348971062,0.33470606209741294,7921.6,7334.99,7713.832500000001,256.3852245082913,0.34751119525435914,8457.68,7334.99,7810.229200000001,270.9098321177508,0.2944613996712047,8457.68,7334.99,2,12,4,1.0050075627126973,0.9926033924841804,0.020216808600106204,-0.0013075499091154043,7460.39,-0.03767449299964132
2023-12-21,AMZN,7504.73,7562.69,7358.09,7460.39,1336024,7460.39,-0.0376744929996413,7663.967999999999,7799.769199999999,6654.53615,0.364669470853274,8050.621364117794,7277.314635882204,45.46003156591443,-28.21884905085608,-28.223438743501163,0.004589692645083687,300.81000000000006,-0.0135350936462552,7752.46,-0.0079239042617653,7858.83,0.0162815968306631,7921.6,0.0103823850055533,7896.3,-0.0221562220790824,7529.71,7757.594,178.1006629131966,0.30484523065131564,7921.6,7460.39,7674.901,228.341792176592,0.37163230789909696,7921.6,7334.99,7663.967999999999,193.32668205889723,0.36466947085327345,8023.79,7334.99,7799.769199999999,274.1646661080705,0.3052288477478612,8457.68,7334.99,3,12,4,0.9734369976491326,0.9564885586613312,0.027424839720171734,-0.005908273848625244,7475.55,0.002032065347790102
2023-12-22,AMZN,7466.3,7590.13,7360.98,7475.55,4671967,7475.55,0.0020320653477901,7636.556,7792.7192,6661.048200000001,0.3236288064473268,7992.299855243634,7280.812144756365,49.13354670370264,-44.581094389261125,-31.494969872653158,-13.086124516607967,298.37285714285724,-0.0376744929996413,7460.39,-0.0135350936462552,7752.46,-0.0079239042617653,7858.83,-0.0128680521256792,7794.69,-0.025860225692623,7334.99,7693.7660000000005,214.87323083650168,0.31762133729922176,7921.6,7460.39,7688.957,208.56264404243873,0.34406609075418026,7921.6,7336.35,7636.556,177.87192762181706,0.3236288064473262,7921.6,7334.99,7792.7192,277.9289332143383,0.3024075052380262,8457.68,7334.99,4,12,4,0.9789164120578728,0.9592992905479054,0.030653262970613517,0.0012389001245595222,7392.67,-0.011086809666178477
2023-12-25,AMZN,7460.69,7460.69,7341.4,7392.67,3694745,7392.67,-0.0110868096661784,7614.2955,7782.942800000001,6667.1934,0.3165714813806309,7972.703811962209,7255.887188037791,44.2799038839668,-63.5039806869936,-37.896772035521245,-25.607208651472355,283.38142857142867,0.0020320653477901,7475.55,-0.0376744929996413,7460.39,-0.0135350936462552,7752.46,0.0162815968306631,7921.6,0.0001854126590494,7336.35,7587.9800000000005,204.62105341364693,0.23310053987041002,7858.83,7392.67,7694.589,198.50062526902798,0.35042726178221023,7921.6,7392.67,7614.2955,179.20415598110463,0.31657148138063035,7921.6,7334.99,7782.942800000001,283.28828295087004,0.3027755160864926,8457.68,7334.99,0,12,4,0.9708934989453757,0.9498553683317638,0.016136253883912554,-0.009117119194067895,7406.9,0.001924879644296329
2023-12-26,AMZN,7373.1,7554.12,7259.69,7406.9,1924481,7406.9,0.0019248796442963,7607.806,7777.136599999999,6672.98265,0.2872694010274149,7976.678098353344,7238.933901646656,41.512981302884825,-76.47075507197587,-45.61156864281217,-30.8591864291637,290.8942857142858,-0.0110868096661784,7392.67,0.0020320653477901,7475.55,-0.0376744929996413,7460.39,-0.0079239042617653,7858.83,0.0329714367498823,7578.24,7497.594,146.68094705893336,0.25751706543674446,7752.46,7392.67,7677.455,216.25977574558087,0.3024501248582195,7921.6,7392.67,7607.806,184.43604917667219,0.2872694010274145,7921.6,7334.99,7777.136599999999,288.01689250768425,0.2984980644047501,8457.68,7334.99,1,12,4,0.9735921236686406,0.9523942269445348,0.039750772927940235,0.004584231869904747,7107.94,-0.04036236482199029
2023-12-27,AMZN,7142.7,7159.02,7056.85,7107.94,2043391,7107.94,-0.0403623648219902,7585.106,7765.8048,6676.8842,0.3192004059222191,8016.449799009092,7153.762200990907,38.64371913659146,-109.6071081648015,-58.410676547210045,-51.19643161759146,296.64500000000004,0.0019248796442963,7406.9,-0.0110868096661784,7392.67,0.0020320653477901,7475.55,-0.0135350936462552,7752.46,0.0312631956760409,7815.16,7368.69,149.8779141504803,0.32999944291688316,7475.55,7107.94,7606.733,274.1214797230074,0.2947115584724901,7921.6,7107.94,7585.106,215.67189950454605,0.31920040592221854,7921.6,7107.94,7765.8048,302.8978503183156,0.3115478504165336,8457.68,7107.94,2,12,4,0.9370917163186727,0.915286977081768,0.014374066185137424,-0.004866507063154738,7131.04,0.0032498867463710557
2023-12-28,AMZN,7119.49,7224.44,7037.63,7131.04,5908176,7131.04,0.003249886746371,7561.849499999999,7756.8982,6681.61965,0.3188384972129964,8038.462378527563,7085.236621472436,43.94939983468599,-132.47681946926878,-73.22390513162179,-59.252914337646985,283.9635714285714,-0.0403623648219902,7107.94,0.0019248796442963,7406.9,-0.0110868096661784,7392.67,-0.0376744929996413,7460.39,0.0103823850055533,7896.3,7302.82,170.46106930937398,0.2947444588031047,7475.55,7107.94,7530.207,290.6230408411482,0.2833410536567296,7921.6,7107.94,7561.849499999999,238.30643926378144,0.3188384972129958,7921.6,7107.94,7756.8982000000005,314.89171155628196,0.31059635229570637,8457.68,7107.94,3,12,4,0.9430285540593022,0.9193159193450651,0.026196739886464426,0.0016223072158256502,6826.99,-0.04263753954542393
2023-12-29,AMZN,6825.08,6970.99,6683.0,6826.99,2984228,6826.99,-0.0426375395454239,7521.3775,7740.9038,6683.9981,0.3465645946464018,8098.248515224106,6944.506484775893,37.1895214427529,-173.13967796172255,-93.20705969764195,-79.9326182640806,294.8614285714285,0.003249886746371,7131.04,-0.0403623648219902,7107.94,0.0019248796442963,7406.9,0.0020320653477901,7475.55,-0.0128680521256792,7794.69,7173.107999999998,239.10271113077806,0.35524843781690196,7406.9,6826.99,7433.437,348.18167824823684,0.32772327992394606,7921.6,6826.99,7521.3775,288.43550761205336,0.3465645946464013,7921.6,6826.99,7740.9038,340.87737820953794,0.323766561192733,8457.68,6826.99,4,12,4,0.9076781480518817,0.8819370678652688,0.042184037181826485,0.00027985019955803806,6963.31,0.019967804259271027
