Date,Ticker,Open,High,Low,Close,Volume,Adj_Close,Return,SMA_20,SMA_50,SMA_200,Volatility,BB_upper,BB_lower,RSI
2019-01-02,GOOGL,2755.47,2819.23,2711.39,2765.31,715390,2765.31,,,,,,,,
2019-01-03,GOOGL,2728.62,2786.71,2661.96,2724.33,1240941,2724.33,-0.01481931501350664,,,,,,,
2019-01-04,GOOGL,2640.22,2682.43,2640.22,2662.85,778924,2662.85,-0.022567016477445856,,,,,,,
2019-01-07,GOOGL,2666.51,2708.64,2577.52,2643.08,749278,2643.08,-0.00742437613834801,,,,,,,
2019-01-08,GOOGL,2633.18,2664.56,2616.04,2640.3,1012928,2640.3,-0.0010518031992976518,,,,,,,
2019-01-09,GOOGL,2673.19,2673.19,2637.43,2651.31,986747,2651.31,0.004169980684013197,,,,,,,
2019-01-10,GOOGL,2707.81,2759.89,2625.53,2692.71,967664,2692.71,0.015614922434570078,,,,,,,
2019-01-11,GOOGL,2730.12,2745.09,2687.39,2716.24,1446142,2716.24,0.008738408517812823,,,,,,,
2019-01-14,GOOGL,2714.48,2758.43,2658.96,2708.7,1238549,2708.7,-0.0027758960916560715,,,,,,,
2019-01-15,GOOGL,2707.7,2723.9,2677.81,2700.85,1069358,2700.85,-0.002898069184479657,,,,,,,
2019-01-16,GOOGL,2731.25,2768.96,2678.5,2723.73,1291141,2723.73,0.00847140714960104,,,,,,,
2019-01-17,GOOGL,2787.67,2844.69,2716.34,2780.51,807114,2780.51,0.02084641282359123,,,,,,,
2019-01-18,GOOGL,2789.89,2818.68,2755.12,2786.9,1251612,2786.9,0.002298139549938627,,,,,,,
2019-01-21,GOOGL,2793.73,2817.73,2715.89,2766.81,1274510,2766.81,-0.00720872654203597,,,,,,,
2019-01-22,GOOGL,2736.6,2747.8,2700.09,2723.94,657771,2723.94,-0.015494378002103515,,,,,,,44.33830573252845
2019-01-23,GOOGL,2677.15,2708.99,2615.82,2662.4,1787108,2662.4,-0.02259227442601519,,,,,,,41.97610841753865
2019-01-24,GOOGL,2711.72,2723.24,2660.1,2691.67,843452,2691.67,0.01099384014423066,,,,,,,54.07407407193377
2019-01-25,GOOGL,2701.96,2742.48,2692.35,2717.42,1244141,2717.42,0.009566551620369568,,,,,,,60.334185940712125
2019-01-28,GOOGL,2720.55,2774.28,2712.48,2743.38,1911878,2743.38,0.009553179118428456,,,,,,,63.46183983469554
2019-01-29,GOOGL,2737.55,2761.97,2715.0,2738.49,1737751,2738.49,-0.0017824727161386278,2712.0465,,,,2801.119247861391,2622.9737521386087,61.570313741938755
2019-01-30,GOOGL,2802.38,2866.14,2737.05,2801.59,1216593,2801.59,0.023041895351087804,2713.8605,,,0.20856893230019619,2808.785966046844,2618.9350339531557,63.663286816355566
2019-01-31,GOOGL,2799.04,2816.72,2744.74,2780.73,1038027,2780.73,-0.007445771865262296,2716.6805,,,0.20283966116964203,2816.1574278671933,2617.2035721328066,58.147408846516775
2019-02-01,GOOGL,2821.15,2852.3,2796.35,2824.33,1752995,2824.33,0.015679336001697353,2724.7545,,,0.18857690932356633,2831.7628948453034,2617.7461051546966,63.388370421491224
2019-02-04,GOOGL,2827.35,2862.78,2783.91,2823.34,1571765,2823.34,-0.0003505256113838229,2733.7675,,,0.18502125809662986,2842.1673224653814,2625.3676775346185,64.41160552297396
2019-02-05,GOOGL,2798.27,2828.67,2764.84,2796.76,937044,2796.76,-0.009414381548095485,2741.5905,,,0.18998582323604135,2844.006444579984,2639.1745554200156,58.51820747703537
2019-02-06,GOOGL,2798.08,2880.33,2768.0,2824.17,873160,2824.17,0.009800626439165239,2750.2335,,,0.1915103542851518,2849.7033031459523,2650.7636968540473,55.46706736594904
2019-02-07,GOOGL,2850.06,2912.96,2774.06,2843.51,523813,2843.51,0.006848029686598256,2757.7735000000002,,,0.18645365994788046,2861.64808901559,2653.8989109844106,56.86597937951214
2019-02-08,GOOGL,2879.34,2899.94,2821.21,2860.58,1276260,2860.58,0.006003144001603511,2764.9905000000003,,,0.18554760579238186,2876.4918445234007,2653.4891554766,61.45688243564646
2019-02-11,GOOGL,2845.45,2928.74,2801.41,2865.08,1160954,2865.08,0.001573107551615438,2772.8095000000003,,,0.18449789293139307,2889.5017755708127,2656.117224429188,69.02874399782556
2019-02-12,GOOGL,2869.52,2910.85,2817.39,2864.12,1890418,2864.12,-0.0003350691778239989,2780.973,,,0.18365670505199988,2899.301487667526,2662.644512332474,82.50612349763084
2019-02-13,GOOGL,2982.07,3000.74,2952.25,2976.5,1385337,2976.5,0.03923718279960342,2793.6115,,,0.22387319141188342,2937.444122209214,2649.778877790786,86.20198784614036
2019-02-14,GOOGL,3013.88,3091.34,2977.18,3034.26,2046258,3034.26,0.0194053418444482,2806.299,,,0.22253555286132798,2985.6473868605267,2626.9506131394733,87.24024447291637
2019-02-15,GOOGL,3047.27,3117.27,3023.51,3070.39,907897,3070.39,0.0119073513805672,2820.4735,,,0.22390224028721353,3034.7714551220056,2606.1755448779945,87.53816837425545
2019-02-18,GOOGL,3106.26,3132.14,3021.31,3076.72,1891900,3076.72,0.0020616273502713778,2835.969,,,0.21960257404603217,3077.0706171789707,2594.8673828210294,88.69819912303663
2019-02-19,GOOGL,3120.91,3198.84,3056.27,3127.56,971178,3127.56,0.016524090589979057,2856.15,,,0.20829171363115526,3123.8681592645503,2588.43184073545,88.3719835168047
2019-02-20,GOOGL,3137.25,3198.0,3110.88,3154.44,1637809,3154.44,0.008594559336991159,2880.752,,,0.17648855800183952,3163.512640572271,2597.991359427729,93.37697610950796
2019-02-21,GOOGL,3135.87,3229.3,3083.95,3156.62,669528,3156.62,0.0006910893851206357,2903.9995,,,0.17839305057745244,3197.5518731250813,2610.4471268749185,92.672402719154
2019-02-22,GOOGL,3152.72,3205.07,3079.3,3142.18,1318343,3142.18,-0.00457451324517999,2925.2375,,,0.18378739018388207,3223.378659705474,2627.0963402945263,89.57795431664822
2019-02-25,GOOGL,3145.84,3185.34,3092.6,3138.97,542507,3138.97,-0.0010215837412242967,2945.017,,,0.1859275257394432,3244.8427657619422,2645.1912342380574,95.09527448717458
2019-02-26,GOOGL,2993.09,3035.45,2933.6,2984.52,1078387,2984.52,-0.049204038267329664,2957.3185000000003,,,0.2715288425992695,3241.2325432762564,2673.4044567237443,65.83015775678396
2019-02-27,GOOGL,2970.73,3029.89,2960.93,2995.41,1431128,2995.41,0.0036488279522335354,2967.0095,,,0.2624938983156324,3241.621345067865,2692.397654932135,65.25039154870585
2019-02-28,GOOGL,2996.3,3046.25,2899.55,2972.9,974270,2972.9,-0.007514831024801216,2976.618,,,0.2625321391886236,3236.858209409849,2716.3777905901507,61.15480872193192
2019-03-01,GOOGL,3043.71,3106.43,2994.5,3050.46,788318,3050.46,0.026089004002825433,2987.9245,,,0.2713994111552103,3239.8216630165516,2736.0273369834485,66.07749947803185
2019-03-04,GOOGL,3040.84,3070.17,3034.3,3052.24,1683321,3052.24,0.0005835185513003438,2999.3695,,,0.2712210898288896,3240.344066858474,2758.3949331415256,66.29195967553247
2019-03-05,GOOGL,2993.28,3030.08,2960.99,2995.54,1151351,2995.54,-0.018576520850260736,3009.3085,,,0.2790873697725135,3230.698798392009,2787.9182016079913,51.824943448365694
2019-03-06,GOOGL,2987.38,3046.25,2941.67,2993.96,986584,2993.96,-0.000527450810204444,3017.798,,,0.2784447578803735,3221.6208256005366,2813.975174399463,45.67113517092161
2019-03-07,GOOGL,2966.48,2966.48,2927.02,2945.07,1220279,2945.07,-0.016329543480874786,3022.8759999999997,,,0.28631766584174534,3213.0172873462298,2832.7347126537697,36.89779190256656
2019-03-08,GOOGL,2993.75,2993.75,2952.01,2968.27,3445224,2968.27,0.007877571670622308,3028.2605,,,0.2867499011000103,3204.6524590570875,2851.868540942912,39.04788834693972
2019-03-11,GOOGL,2971.2,3024.69,2941.16,2982.93,1903554,2982.93,0.004938903805920658,3034.1530000000002,,,0.28693142429596097,3194.760159059146,2873.5458409408543,34.24269496332899
2019-03-12,GOOGL,3051.87,3065.13,2994.51,3029.82,1910473,3029.82,0.01571944363427913,3042.438,2867.478,,0.29070401568670123,3181.804508186894,2903.071491813106,36.99001962559429
2019-03-13,GOOGL,3009.38,3033.73,2951.34,2992.53,1428378,2992.53,-0.012307661841297501,3043.2395,2872.0224,,0.2615460907243008,3181.1864789028314,2905.292521097169,34.03949032102605
2019-03-14,GOOGL,3020.78,3025.69,2964.27,2994.98,1282633,2994.98,0.0008187052427208741,3041.2754999999997,2877.4354,,0.25177078540353975,3180.869425893331,2901.6815741066684,35.34039756105888
2019-03-15,GOOGL,2916.17,2955.38,2906.76,2931.07,460192,2931.07,-0.021339040661373265,3034.3095000000003,2882.7998000000002,,0.2575790662966428,3181.484869574773,2887.134130425228,31.52853791946582
2019-03-18,GOOGL,2969.52,3020.65,2909.27,2964.96,914598,2964.96,0.01156233047999522,3028.7215,2889.2374,,0.2618327442850512,3177.5937429715013,2879.849257028499,47.78833107040019
2019-03-19,GOOGL,2977.01,3036.22,2944.76,2990.49,990140,2990.49,0.008610571474825912,3021.868,2896.2412,,0.25596145161740985,3164.051851862733,2879.6841481372667,49.46151825432872
2019-03-20,GOOGL,3034.67,3042.27,2987.98,3015.13,566864,3015.13,0.0082394523974334,3014.9024999999997,2903.5176,,0.2557674559164077,3142.6579228944697,2887.1470771055297,54.60051855074536
2019-03-21,GOOGL,2986.19,3050.39,2981.67,3016.03,755296,3016.03,0.0002984945922730464,3007.8730000000005,2909.9839999999995,,0.25571379754490786,3116.8935412030605,2898.8524587969405,45.49710967372825
2019-03-22,GOOGL,3040.87,3088.07,2985.81,3036.94,543343,3036.94,0.006932954910925826,3002.611,2916.3979999999997,,0.2575230171801169,3092.8840008946413,2912.3379991053584,48.094360301232285
2019-03-25,GOOGL,3106.73,3136.83,3096.66,3116.75,1181744,3116.75,0.026279742108833215,3001.5,2924.559,,0.27588129489241686,3084.999786069677,2918.000213930323,64.27511482534486
2019-03-26,GOOGL,3092.4,3128.08,3078.74,3103.41,1665004,3103.41,-0.004280099462581233,3007.4445,2932.6102,,0.2077371515671546,3102.0446044786213,2912.844395521379,62.542687536669796
2019-03-27,GOOGL,3120.16,3131.26,3091.03,3111.15,1868304,3111.15,0.002494030759712773,3013.2315000000003,2940.3586,,0.2076586831190206,3118.3117380689596,2908.151261931041,71.01427269715
2019-03-28,GOOGL,3079.88,3123.36,2993.4,3058.38,1416565,3058.38,-0.016961573694614485,3017.5055,2945.9159999999997,,0.21592931084393027,3122.632224225162,2912.3787757748382,60.607915614982446
2019-03-29,GOOGL,3023.6,3077.49,2956.52,3017.01,816248,3017.01,-0.01352676907382333,3015.833,2950.5182,,0.20141218305627157,3119.8102596798158,2911.8557403201844,53.774587983446686
2019-04-01,GOOGL,3043.9,3083.2,2961.9,3022.55,554047,3022.55,0.0018362551002482075,3014.3485,2955.633,,0.20154851682497527,3116.9761957130286,2911.7208042869715,49.11360920605821
2019-04-02,GOOGL,3062.76,3136.72,3017.78,3077.25,594267,3077.25,0.018097301947031408,3018.434,2962.6992,,0.1997438178331955,3124.3616033604167,2912.5063966395837,59.908771927862624
2019-04-03,GOOGL,3066.69,3121.86,3009.13,3065.49,722331,3065.49,-0.0038215939556422995,3022.0105000000003,2970.761,,0.20051094274309392,3129.2805329910093,2914.7404670089913,58.07101485585722
2019-04-04,GOOGL,3051.75,3099.19,3010.36,3054.77,840950,3054.77,-0.0034969939552893514,3027.4955,2978.0229999999997,,0.19050742665462433,3129.278783391194,2925.712216608806,66.1227256114756
2019-04-05,GOOGL,3006.13,3089.95,2981.6,3035.78,1125719,3035.78,-0.006216507298421714,3030.871,2984.3902000000003,,0.19120842153534565,3128.788599923273,2932.953400076727,59.60349316328261
2019-04-08,GOOGL,3014.15,3028.1,2993.37,3010.73,799839,3010.73,-0.008251586083313112,3032.261,2989.7371999999996,,0.19350080812388115,3128.0799039474023,2936.4420960525977,52.74820768863116
2019-04-09,GOOGL,3035.57,3078.54,2973.06,3025.8,1374255,3025.8,0.005005430576637604,3032.06,2995.4834,,0.1859388893204798,3127.9173218244996,2936.2026781755003,51.48743970579971
2019-04-10,GOOGL,2960.41,3015.72,2894.23,2954.98,1093531,2954.98,-0.023405380395267406,3030.1825,2998.5512,,0.19936859481594293,3130.6594463739266,2929.705553626073,42.87780862689215
2019-04-11,GOOGL,3031.24,3062.26,2971.71,3016.98,1205072,3016.98,0.020981529485817108,3031.2825,3003.2762,,0.2135546843851464,3130.611903687123,2931.953096312877,47.87514903621561
2019-04-12,GOOGL,2990.11,3022.13,2949.57,2985.85,1893490,2985.85,-0.010318265285152783,3034.0215,3006.5066,,0.20190488750789326,3124.3269396624523,2943.7160603375473,34.45368170906805
2019-04-15,GOOGL,2995.18,3053.23,2989.48,3021.36,748434,3021.36,0.011892760855367834,3036.8415,3010.4669999999996,,0.20213736223071493,3121.4064782617975,2952.2765217382025,40.74283006392494
2019-04-16,GOOGL,2938.67,3014.27,2908.51,2961.39,1418788,2961.39,-0.019848677416792526,3035.3865,3013.7596000000003,,0.2129177380519554,3124.2038710545967,2946.5691289454035,34.884941460459444
2019-04-17,GOOGL,2999.84,3050.52,2937.61,2994.06,1193311,2994.06,0.011031981603233598,3034.333,3017.1574,,0.21464493934611953,3124.6492306564955,2944.0167693435046,43.2337471058168
2019-04-18,GOOGL,3013.63,3095.12,2959.38,3027.25,1050143,3027.25,0.01108528219207372,3034.8940000000002,3020.8322,,0.2184019815670645,3124.870285624236,2944.9177143757643,51.0960780940329
2019-04-19,GOOGL,3021.13,3082.84,3010.65,3046.74,1709881,3046.74,0.00643818647287131,3035.384,3024.5553999999997,,0.2182089248170274,3125.513808703,2945.254191297,52.514187123006586
2019-04-22,GOOGL,2995.24,3060.64,2938.29,2999.47,1705617,2999.47,-0.015514943841614337,3029.52,3027.2432,,0.2019096017801144,3112.323160376995,2946.716839623005,41.789122539090755
2019-04-23,GOOGL,3015.56,3061.17,2963.41,3012.29,821786,3012.29,0.004274088422288047,3024.964,3030.2065999999995,,0.20281904401383397,3100.343355096301,2949.584644903699,44.39646092137869
2019-04-24,GOOGL,2946.48,3023.59,2889.62,2956.61,1115672,2956.61,-0.018484276082316065,3017.237,3029.8087999999993,,0.21096795612487704,3086.8824724715605,2947.5915275284397,40.555363120948776
2019-04-25,GOOGL,2958.46,2991.3,2899.66,2945.48,1342866,2945.48,-0.0037644464437311953,3011.5919999999996,3028.0332,,0.20402311112433796,3085.375233468384,2937.808766531615,41.17819460614206
2019-04-26,GOOGL,3003.82,3041.19,2949.22,2995.21,1075858,2995.21,0.01688349606855244,3010.5019999999995,3026.5296,,0.2093282554248651,3084.5916889196324,2936.4123110803666,48.55353414725666
2019-04-29,GOOGL,3024.31,3084.7,2984.21,3034.46,1516386,3034.46,0.013104256462818986,3011.0975000000003,3025.6844,,0.21459404620552278,3085.783972494567,2936.4110275054336,50.77230406893514
2019-04-30,GOOGL,3051.49,3096.7,2975.34,3036.02,1342855,3036.02,0.0005140947648016869,3009.036,3023.8536,,0.20405269404897244,3078.098611836519,2939.973388163481,58.24582824416881
2019-05-01,GOOGL,2998.74,3062.48,2917.21,2989.85,2497639,2989.85,-0.015207409700858432,3005.254,3020.5618,,0.2103455704069688,3069.4097130080904,2941.0982869919094,47.14763336488829
2019-05-02,GOOGL,3030.02,3041.27,3002.16,3021.71,650645,3021.71,0.010656052979246544,3003.6009999999997,3017.8635999999997,,0.21422792446094183,3063.9771998769093,2943.22480012309,53.76443417855827
2019-05-03,GOOGL,3026.7,3041.82,3005.12,3023.47,1142646,3023.47,0.0005824516581669492,3002.9855,3015.4894,,0.2131603938225724,3062.2206575813025,2943.750342418697,50.23839114065449
2019-05-06,GOOGL,2885.6,2983.29,2844.86,2914.08,834369,2914.08,-0.03618028291995612,2998.153,3010.9916,,0.24757176318882138,3069.29994655576,2927.0060534442396,45.19177998529853
2019-05-07,GOOGL,2963.2,2997.64,2905.56,2951.6,1528007,2951.6,0.012875418657003257,2994.443,3010.3332,,0.25185933892400403,3067.2390542886615,2921.646945711339,45.72682259039455
2019-05-08,GOOGL,2943.94,3002.31,2900.21,2951.26,628419,2951.26,-0.00011519176040097889,2994.257,3009.4502,,0.23769714865761157,3067.4952736006094,2921.0187263993907,41.81089294440298
2019-05-09,GOOGL,3036.04,3053.49,2965.32,3009.4,1378294,3009.4,0.019700060313222023,2993.878,3010.1802000000002,,0.23623910319599906,3066.6984212537714,2921.057578746229,46.285464166471726
2019-05-10,GOOGL,2976.74,2978.26,2937.6,2957.93,932675,2957.93,-0.017103077025320768,2992.482,3008.3295999999996,,0.24133466607826354,3067.0010882222227,2917.962911777777,45.90189810851461
2019-05-13,GOOGL,2817.04,2869.37,2754.85,2812.11,894631,2812.11,-0.04929798879621883,2982.0195,3003.527,,0.2924620564452358,3090.4902482227253,2873.5487517772744,34.3565377754978
2019-05-14,GOOGL,2811.46,2881.81,2769.11,2825.46,672819,2825.46,0.004747324962394828,2975.223,3000.1254,,0.28711826111796385,3104.2268700521,2846.2191299479,39.02492091826413
2019-05-15,GOOGL,2822.62,2871.34,2807.55,2839.45,996298,2839.45,0.004951406142716497,2967.4925,2997.0352000000003,,0.2842011961706972,3109.6071721378207,2825.377827862179,41.1693178969328
2019-05-16,GOOGL,2755.59,2795.17,2733.66,2764.42,1851732,2764.42,-0.02642413143390432,2954.3509999999997,2993.4221999999995,,0.2915269845655443,3119.8787087187593,2788.82329128124,31.555981778243734
2019-05-17,GOOGL,2720.94,2781.44,2662.99,2722.22,1187970,2722.22,-0.01526540829541112,2938.125,2988.5012,,0.2910356033529593,3127.434364463787,2748.815635536213,25.16385618779458
2019-05-20,GOOGL,2834.07,2864.03,2827.33,2845.68,1542483,2845.68,0.045352690083828584,2930.4355,2985.7562000000007,,0.33931961596512794,3121.7362933485597,2739.1347066514404,37.31912058557964
2019-05-21,GOOGL,2833.41,2896.65,2768.49,2832.57,2335388,2832.57,-0.004606983216665195,2921.4494999999997,2981.8112,,0.33846261995968097,3113.443744593011,2729.4552554069883,39.03880463795363
2019-05-22,GOOGL,2847.49,2895.72,2837.62,2866.67,1333522,2866.67,0.012038537441263486,2916.9525,2979.2940000000003,,0.3371061257660995,3109.6909783777423,2724.2140216222574,39.2285460196904
2019-05-23,GOOGL,2864.87,2885.6,2789.91,2837.75,959638,2837.75,-0.010088360362371707,2911.566,2976.1494000000002,,0.3384570273037509,3106.9509129983367,2716.181087001663,37.56627925589694
2019-05-24,GOOGL,2723.64,2810.28,2680.05,2745.16,1446609,2745.16,-0.032627962294071056,2899.0635,2972.4312,,0.3480045910448837,3103.694563678281,2694.4324363217193,38.430770915925095
2019-05-27,GOOGL,2762.1,2789.27,2687.61,2738.44,965222,2738.44,-0.002447944746389985,2884.2625,2967.9008000000003,,0.342124455956257,3090.4750615526486,2678.049938447351,34.75773697087321
2019-05-28,GOOGL,2750.13,2763.81,2691.32,2727.57,980740,2727.57,-0.0039694132425760476,2868.84,2962.6423999999997,,0.34155356841731344,3073.3946269594658,2664.2853730405345,34.24207841909434
2019-05-29,GOOGL,2712.28,2761.85,2659.97,2710.91,653354,2710.91,-0.00610800089456931,2854.893,2956.558,,0.33951088173800276,3062.719049134721,2647.066950865279,27.667629322019835
2019-05-30,GOOGL,2718.85,2738.83,2674.52,2706.68,1738155,2706.68,-0.0015603616497781303,2839.1415,2950.3710000000005,,0.3349368406963443,3041.4114622078855,2636.871537792115,29.77216005085448
2019-05-31,GOOGL,2715.41,2747.56,2690.21,2718.89,1028313,2718.89,0.0045110615218644234,2823.9125,2944.01,,0.33613660239305726,3013.1950135388356,2634.629986461164,40.43779747134796
2019-06-03,GOOGL,2720.16,2780.75,2645.45,2713.1,1290669,2713.1,-0.0021295455130586616,2813.8635,2935.937,,0.31544685994427,3004.3266287732777,2623.400371226722,38.29290655885615
2019-06-04,GOOGL,2651.03,2712.74,2606.27,2659.51,792895,2659.51,-0.01975231285245649,2799.259,2927.059,,0.31440852437039984,2990.0467284920574,2608.4712715079427,32.68075767987696
2019-06-05,GOOGL,2670.34,2728.98,2633.03,2681.0,1428608,2681.0,0.008080435869765479,2785.746,2918.456,,0.31743207696366554,2969.3523644579755,2602.1396355420247,41.048203630135475
2019-06-06,GOOGL,2603.45,2630.85,2567.91,2599.38,884745,2599.38,-0.030443864229764972,2765.245,2909.276,,0.31642124610273276,2934.723466447733,2595.766533552267,37.84628779379087
2019-06-07,GOOGL,2516.08,2531.23,2501.12,2516.17,1133871,2516.17,-0.032011479660534414,2743.157,2899.2592,,0.3269188100625054,2921.7994048321466,2564.5145951678537,14.577196791717881
2019-06-10,GOOGL,2550.85,2561.12,2532.49,2546.8,1704807,2546.8,0.012173263332763806,2729.8914999999997,2889.7441999999996,,0.29479933281943155,2925.5654243876534,2534.217575612346,20.394505106840583
2019-06-11,GOOGL,2557.29,2609.55,2526.94,2568.24,1646456,2568.24,0.008418407413224305,2717.0305,2879.5640000000003,,0.29665491115578735,2919.9352560310067,2514.125743968993,18.250101069737354
2019-06-12,GOOGL,2559.76,2618.53,2514.64,2566.59,1189472,2566.59,-0.000642463321184783,2703.3875,2869.5860000000002,,0.29492675808069146,2908.3174218731856,2498.457578126814,19.37429410374685
2019-06-13,GOOGL,2489.7,2550.13,2471.06,2510.6,591596,2510.6,-0.021814937329296957,2690.6965,2858.7026,,0.2908862246687995,2910.6022791801865,2470.7907208198135,21.120413690480888
2019-06-14,GOOGL,2460.76,2537.17,2428.83,2483.0,3972699,2483.0,-0.01099338803473271,2678.7355,2847.647,,0.2892078879888968,2916.703173742294,2440.7678262577056,20.087591924021595
2019-06-17,GOOGL,2461.06,2487.27,2459.23,2473.25,2412503,2473.25,-0.003926701570680646,2660.114,2836.8974000000003,,0.22172580525646574,2901.3409229453623,2418.8870770546378,20.14042173418025
2019-06-18,GOOGL,2391.02,2441.3,2381.81,2411.56,1602222,2411.56,-0.024942888911351435,2639.0635,2824.6126,,0.2305184514335008,2890.199899363508,2387.9271006364925,18.21444498661039
2019-06-19,GOOGL,2364.97,2407.08,2360.63,2383.86,887843,2383.86,-0.011486340791852512,2614.9230000000002,2813.1902,,0.21831676786029477,2866.7579147734523,2363.088085226548,17.349704668171128
2019-06-20,GOOGL,2424.6,2443.13,2375.92,2409.52,1146695,2409.52,0.010764054936111878,2593.5115,2801.0409999999997,,0.2293201343735138,2838.2964278362424,2348.7265721637577,19.53880388280345
2019-06-21,GOOGL,2443.11,2481.75,2443.11,2465.85,965560,2465.85,0.02337810020252995,2579.546,2790.6409999999996,,0.2357739472118748,2819.729209229527,2339.3627907704727,27.858869883782475
2019-06-24,GOOGL,2457.82,2509.03,2391.02,2450.03,1989461,2450.03,-0.006415637609749059,2565.1254999999996,2779.2144,,0.23557016535972178,2799.707300835366,2330.5436991646334,29.880133696226608
2019-06-25,GOOGL,2469.25,2504.01,2457.06,2480.54,1332854,2480.54,0.012452908739892798,2552.774,2769.5974,,0.24399512550777766,2777.1333223662377,2328.414677633762,31.07439576957124
2019-06-26,GOOGL,2424.26,2462.8,2349.96,2406.38,876916,2406.38,-0.029896716037636883,2537.5475,2757.8438,,0.2600026914643944,2758.019975415403,2317.075024584597,31.518366720723776
2019-06-27,GOOGL,2431.83,2465.45,2399.68,2432.56,994037,2432.56,0.010879412229157337,2523.8415,2745.95,,0.26637221924211046,2733.878097239639,2313.804902760361,41.01180365811487
2019-06-28,GOOGL,2392.78,2461.48,2342.77,2402.13,1879107,2402.13,-0.012509455059690144,2508.0035,2733.0578000000005,,0.26499893757446125,2703.371409262192,2312.6355907378074,34.44107461555525
2019-07-01,GOOGL,2415.48,2453.45,2375.79,2414.62,2275866,2414.62,0.005199552064209634,2493.0795000000003,2721.3608000000004,,0.26769700677711894,2666.892668355252,2319.2663316447483,33.15422405372361
2019-07-02,GOOGL,2400.05,2462.54,2348.91,2405.73,2211462,2405.73,-0.003681738741499685,2480.3905,2709.2296,,0.2625157746458045,2639.47534495291,2321.30565504709,32.63601036170782
2019-07-03,GOOGL,2460.92,2470.31,2445.21,2457.76,1624393,2457.76,0.021627530936555672,2469.2285,2699.2526000000003,,0.27546520517669204,2597.3642057391526,2341.0927942608478,44.24701680903351
2019-07-04,GOOGL,2405.58,2472.67,2375.87,2424.27,1084665,2424.27,-0.013626228761148496,2460.4730000000004,2688.8284000000003,,0.2602581004466787,2574.294451886195,2346.651548113806,43.6867112407034
2019-07-05,GOOGL,2473.75,2505.89,2392.92,2449.4,328150,2449.4,0.010366007086669349,2457.1344999999997,2677.9122,,0.24113519247989293,2567.9547220716404,2346.314277928359,47.51826184540331
2019-07-08,GOOGL,2435.51,2458.15,2420.13,2439.14,1351460,2439.14,-0.004188780925941105,2451.7515,2666.0058000000004,,0.2360092883294417,2554.390052370147,2349.112947629853,53.213852892828854
2019-07-09,GOOGL,2426.24,2450.48,2416.78,2433.63,1199122,2433.63,-0.0022589929237353257,2445.0209999999997,2653.958,,0.23274734218889162,2531.948095382205,2358.0939046177946,56.11590355922825
2019-07-10,GOOGL,2437.35,2459.89,2394.4,2427.14,1269108,2427.14,-0.0026667981574850508,2438.0485,2642.7038000000002,,0.2326340554788693,2503.680508967125,2372.4164910328745,52.27225832886666
2019-07-11,GOOGL,2388.65,2451.87,2338.47,2395.17,1226151,2395.17,-0.013171881308865485,2432.277,2630.173,,0.22510982632633772,2490.9815308392886,2373.5724691607115,40.27410832077324
2019-07-12,GOOGL,2411.25,2433.24,2357.32,2395.28,705969,2395.28,4.592575892314876e-05,2427.891,2617.6092000000003,,0.22282513133554838,2483.673980954938,2372.108019045062,42.12570113450377
2019-07-15,GOOGL,2391.35,2430.75,2356.32,2393.54,1499729,2393.54,-0.0007264286429979894,2423.9055,2607.1983999999998,,0.2226910556421108,2477.385722994931,2370.425277005069,36.358504765087126
2019-07-16,GOOGL,2414.0,2422.25,2384.64,2403.45,1545284,2403.45,0.004140311003785202,2423.5,2596.2353999999996,,0.20541766820744514,2477.494863693427,2369.505136306573,49.42465537960194
2019-07-17,GOOGL,2388.45,2419.43,2388.45,2407.35,1576578,2407.35,0.00162266741559014,2424.6745,2585.3572,,0.20099342355519342,2475.9944850166953,2373.354514983305,44.57499461749924
2019-07-18,GOOGL,2455.83,2490.66,2387.24,2438.95,1752340,2438.95,0.013126466861901998,2426.1459999999997,2573.9482000000003,,0.202750353107081,2477.323902057,2374.9680979429995,57.88369304209323
2019-07-19,GOOGL,2487.6,2492.64,2459.21,2475.93,1527973,2475.93,0.015162262449004649,2426.65,2564.3082,,0.19238638996828525,2479.6406696852637,2373.6593303147365,61.88132242600539
2019-07-22,GOOGL,2421.28,2478.37,2392.27,2435.32,1018478,2435.32,-0.01640191766326171,2425.9145,2556.7724,,0.200102855754542,2477.9383364295695,2373.89066357043,55.10647844278643
2019-07-23,GOOGL,2452.55,2527.61,2412.54,2470.08,1166475,2470.08,0.014273278255013677,2425.3915,2549.6648,,0.2017302835738604,2475.269147044998,2375.513852955002,52.26088232866598
2019-07-24,GOOGL,2415.39,2446.53,2402.06,2424.29,1244546,2424.29,-0.018537861121906918,2426.287,2541.3615999999997,,0.18262838285036762,2475.36414919023,2377.2098508097697,50.003511726717065
2019-07-25,GOOGL,2471.18,2492.68,2403.06,2447.87,1252825,2447.87,0.0097265591162774,2427.0525,2535.0306,,0.18179777701118258,2477.011318356597,2377.0936816434028,49.729882416947746
2019-07-26,GOOGL,2460.91,2489.19,2456.68,2472.94,1788913,2472.94,0.010241556945426167,2430.593,2530.045,,0.17831406580570247,2483.087161319522,2378.098838680478,55.67076034903906
2019-07-29,GOOGL,2397.0,2440.07,2358.14,2399.11,1552379,2399.11,-0.029855152167056143,2429.8175,2521.1136,,0.20940798692353949,2483.7439414687465,2375.8910585312537,45.288529779346945
2019-07-30,GOOGL,2380.74,2423.23,2380.74,2403.33,2754563,2403.33,0.001758985623835363,2429.6975,2512.5287999999996,,0.20911203367824932,2483.859794468696,2375.5352055313047,46.73002444405136
2019-07-31,GOOGL,2381.13,2433.08,2338.98,2386.03,2900575,2386.03,-0.007198345628773306,2426.111,2502.9159999999997,,0.19412713602827245,2481.9235984269358,2370.298401573064,48.69204350119725
2019-08-01,GOOGL,2361.25,2383.88,2331.89,2357.88,1238847,2357.88,-0.011797839926572573,2422.7915,2493.3186,,0.19270417193859868,2486.4156722602193,2359.1673277397804,45.04557015517526
2019-08-02,GOOGL,2431.9,2444.44,2375.67,2410.06,258634,2410.06,0.022130049027092147,2420.8245,2486.6166,,0.2062144657374748,2483.408951903078,2358.2400480969222,51.93044778740061
2019-08-05,GOOGL,2386.43,2426.16,2345.1,2385.63,1968072,2385.63,-0.010136677095175961,2418.1490000000003,2479.5604000000003,,0.20860504225332877,2481.9989787413583,2354.2990212586424,47.98598553193537
2019-08-06,GOOGL,2370.72,2375.54,2335.84,2355.69,966736,2355.69,-0.012550143987122953,2414.252,2472.1228,,0.21257243402660916,2483.416376471131,2345.087623528869,44.48595337583724
2019-08-07,GOOGL,2361.41,2405.97,2312.4,2359.18,870861,2359.18,0.0014815192151766965,2410.8540000000003,2465.0881999999997,,0.21279087696562005,2483.9199740523554,2337.788025947645,40.94202075585765
2019-08-08,GOOGL,2363.94,2412.23,2359.48,2385.86,1023208,2385.86,0.011309014148983998,2410.3885,2458.6718,,0.21247001243730793,2483.991849544837,2336.785150455163,39.52747482605077
2019-08-09,GOOGL,2372.29,2424.55,2337.65,2381.1,1003671,2381.1,-0.0019950877251809773,2409.6795,2451.916,,0.2125737309028456,2484.1635468896634,2335.195453110337,43.12243137499688
2019-08-12,GOOGL,2430.28,2446.43,2406.8,2426.61,1533004,2426.61,0.0191130149930705,2411.333,2446.1862,,0.2233291756854287,2485.776726567603,2336.889273432397,44.63240559942497
2019-08-13,GOOGL,2470.04,2493.91,2402.05,2447.98,643101,2447.98,0.008806524328177856,2413.5595,2441.9556,,0.22486911698476453,2489.655823854831,2337.4631761451687,53.112927384973915
2019-08-14,GOOGL,2381.77,2382.67,2346.89,2364.78,779761,2364.78,-0.03398720577782488,2411.4309999999996,2435.6312,,0.256843755503514,2490.5789113399874,2332.283088660012,40.56074341542763
2019-08-15,GOOGL,2332.73,2377.15,2313.79,2345.47,1376556,2345.47,-0.008165664459273358,2406.757,2430.553,,0.25265427960931713,2489.9972913827355,2323.5167086172646,35.327025345915715
2019-08-16,GOOGL,2312.1,2348.23,2301.99,2325.11,1539563,2325.11,-0.008680562957530724,2399.216,2426.7318,,0.24545740959975051,2483.391867375574,2315.040132624426,40.28616434611706
2019-08-19,GOOGL,2329.64,2390.45,2296.85,2343.65,1551059,2343.65,0.007973816292562441,2394.6325,2422.6688,,0.24307482027260785,2480.4970214093187,2308.7679785906817,42.449774807463456
2019-08-20,GOOGL,2266.87,2270.89,2224.85,2247.87,875909,2247.87,-0.04086787702941996,2383.522,2416.2614000000003,,0.271807673638271,2484.4632993774567,2282.580700622543,35.4169305457128
2019-08-21,GOOGL,2358.6,2395.1,2289.07,2342.08,811407,2342.08,0.04191078665581194,2379.4114999999997,2411.7712,,0.3122652704967224,2480.0577574983813,2278.765242501618,48.53638654090796
2019-08-22,GOOGL,2375.7,2416.67,2308.76,2362.71,979872,2362.71,0.008808409618800361,2375.1535000000003,2408.8134,,0.3118426582922999,2470.6805047848643,2279.6264952151364,45.34149268878067
2019-08-23,GOOGL,2363.91,2390.14,2347.84,2368.99,1320843,2368.99,0.0026579647946636253,2369.956,2406.5332,,0.3091785651518164,2453.661247373772,2286.2507526262284,48.30224870286037
2019-08-26,GOOGL,2415.07,2456.58,2373.14,2414.86,2173877,2414.86,0.019362681986838437,2370.7435,2405.3654,,0.2994996929799965,2455.887601325552,2285.599398674448,55.846953495559475
2019-08-27,GOOGL,2506.02,2524.75,2490.87,2507.81,529060,2507.81,0.03849084418972515,2375.9674999999997,2407.2904,,0.32852748708165397,2480.2088721029427,2271.726127897057,62.4804769487367
2019-08-28,GOOGL,2531.14,2576.33,2511.05,2543.69,1098592,2543.69,0.014307303982359132,2383.8505,2410.487,,0.3291204443856429,2512.324541363304,2255.376458636696,63.051352020370906
2019-08-29,GOOGL,2583.56,2633.07,2533.53,2583.3,704159,2583.3,0.015571866068585516,2395.1215,2413.9626000000003,,0.3266784919842238,2550.696108302353,2239.5468916976474,65.80922595633882
2019-08-30,GOOGL,2565.1,2636.51,2542.32,2589.41,619665,2589.41,0.00236519180892647,2404.089,2416.4338,,0.3202234016032908,2582.3159224036676,2225.8620775963323,63.56440593086167
2019-09-02,GOOGL,2565.23,2629.47,2539.05,2584.26,1766683,2584.26,-0.0019888700514787416,2414.0205,2419.1184,,0.31681188683085837,2609.2429809611867,2218.7980190388134,61.67020620527614
2019-09-03,GOOGL,2585.19,2592.68,2538.04,2565.36,1492080,2565.36,-0.0073135056070210425,2424.504,2420.8148,,0.313670342353305,2628.843373375735,2220.1646266242647,69.30212864049764
2019-09-04,GOOGL,2545.11,2564.17,2500.55,2532.36,1436335,2532.36,-0.01286369164561696,2433.1629999999996,2423.3344,,0.319553760514012,2640.5022231002094,2225.8237768997897,67.52301835665742
2019-09-05,GOOGL,2501.49,2523.04,2487.67,2505.36,1734522,2505.36,-0.010661991186087239,2439.138,2424.7904,,0.3221584730341329,2647.6218498453172,2230.6541501546826,66.69259691257119
2019-09-06,GOOGL,2453.31,2500.0,2404.94,2452.47,990479,2452.47,-0.02111073857649215,2442.7065,2425.7972,,0.3327786679364757,2649.4434792272514,2235.969520772748,59.474802352884296
2019-09-09,GOOGL,2443.79,2487.1,2413.22,2450.16,1009309,2450.16,-0.0009419075462696602,2443.884,2426.508,,0.3264026687340343,2650.503189754354,2237.264810245646,71.03725118868005
2019-09-10,GOOGL,2397.14,2431.39,2339.9,2385.65,2876613,2385.65,-0.026328892807000237,2440.7675000000004,2426.1064,,0.33841211967299634,2649.0005402900324,2232.5344597099684,54.8294131974382
2019-09-11,GOOGL,2407.2,2417.48,2369.71,2393.6,1087295,2393.6,0.0033324251252278003,2442.2085,2424.8232,,0.3154173120773962,2648.6183574018223,2235.798642598178,53.522957960016136
2019-09-12,GOOGL,2405.46,2420.35,2365.37,2392.86,1610225,2392.86,-0.00030915775401063605,2444.5780000000004,2424.195,,0.313685852363948,2647.3682911202623,2241.7877088797386,52.75717882796548
2019-09-13,GOOGL,2409.82,2427.17,2371.11,2399.14,1203067,2399.14,0.0026244744782393248,2448.2795,2423.1897999999997,,0.31152919059076994,2644.48375559795,2252.07524440205,48.00142392017892
2019-09-16,GOOGL,2365.76,2392.95,2365.76,2379.83,572935,2379.83,-0.008048717457088794,2450.0885000000003,2422.0036,,0.3124744730630816,2642.8682075229667,2257.308792477034,29.980603177262694
2019-09-17,GOOGL,2492.5,2530.16,2471.04,2500.6,529654,2500.6,0.05074732228772638,2462.725,2423.3430000000003,,0.31901485131849655,2631.3070378145103,2294.1429621854895,44.674066198735694
2019-09-18,GOOGL,2554.77,2610.16,2502.46,2556.31,951922,2556.31,0.02227865312325039,2473.4365000000003,2425.9264000000003,,0.29610999164569407,2636.887927232127,2309.9850727678736,46.79171718456814
2019-09-19,GOOGL,2498.11,2564.11,2449.08,2506.59,1830816,2506.59,-0.01944991022215603,2480.6305,2428.1548,,0.30748954253370314,2636.0291229668996,2325.231877033101,41.080044803172676
2019-09-20,GOOGL,2529.46,2555.3,2477.97,2516.63,1644831,2516.63,0.004005441655795305,2488.0125,2430.5818,,0.3074989551352448,2634.873667075389,2341.1513329246104,42.791976636328734
2019-09-23,GOOGL,2484.44,2528.12,2457.77,2492.95,1729707,2492.95,-0.009409408613900494,2491.917,2432.57,,0.30439002820751215,2634.6844956520054,2349.1495043479945,42.3603637809013
2019-09-24,GOOGL,2435.72,2467.26,2435.72,2453.48,808562,2453.48,-0.01583264806755036,2489.2005,2433.5706,,0.27733402530841655,2632.760043997047,2345.640956002953,41.78983304761841
2019-09-25,GOOGL,2397.23,2456.33,2347.84,2402.08,2290271,2402.08,-0.020949834520762378,2482.12,2433.4652,,0.2798325716074997,2628.308475317988,2335.931524682012,39.76980070415469
2019-09-26,GOOGL,2442.63,2442.63,2406.68,2419.41,815759,2419.41,0.007214580696729422,2473.9255000000003,2433.0744,,0.27410309220175183,2614.4993158556535,2333.351684144347,46.477132260665186
2019-09-27,GOOGL,2380.7,2451.03,2336.63,2393.83,1306630,2393.83,-0.010572825606242842,2464.1465,2431.4323999999997,,0.2745086571565457,2597.941930379871,2330.351069620129,44.281102153099674
2019-09-30,GOOGL,2437.3,2467.8,2395.89,2431.85,1195041,2431.85,0.015882497921740457,2456.526,2431.363,,0.28324525895320657,2578.3413497198812,2334.7106502801184,54.957081543413295
2019-10-01,GOOGL,2468.18,2500.76,2442.24,2471.5,1119376,2471.5,0.016304459567818785,2451.8329999999996,2431.3914,,0.2906579747718082,2562.7374618912013,2340.928538108798,57.8259995965249
2019-10-02,GOOGL,2505.43,2586.46,2467.77,2527.12,2049833,2527.12,0.022504551891563862,2451.5710000000004,2433.4480000000003,,0.2996232943423776,2561.6964884020867,2341.445511597914,62.14846718869651
2019-10-03,GOOGL,2492.96,2507.25,2479.88,2493.56,905088,2493.56,-0.013279939219348447,2450.981,2434.3618,,0.3010071928564571,2560.0141362283875,2341.947863771613,58.14162038972514
2019-10-04,GOOGL,2523.45,2555.08,2471.49,2513.28,699408,2513.28,0.00790837196618499,2454.0215,2435.1686,,0.29157682312881344,2566.5644726161154,2341.4785273838843,61.498957380424685
2019-10-07,GOOGL,2540.21,2580.11,2498.96,2539.54,1209636,2539.54,0.010448497580850535,2458.4905,2437.9772,,0.29317064837244466,2577.3111846205356,2339.669815379464,54.00815217235649
2019-10-08,GOOGL,2539.79,2544.69,2497.36,2521.03,1022643,2521.03,-0.007288721579498558,2465.2594999999997,2440.3312,2700.5373,0.2761021935917309,2582.0149800652703,2348.504019934729,46.06741572889929
2019-10-09,GOOGL,2480.25,2524.58,2456.95,2490.77,4633324,2490.77,-0.012003030507372059,2470.118,2442.426,2699.1645999999996,0.2811084728555029,2582.3159935274584,2357.9200064725414,48.15660684997855
2019-10-10,GOOGL,2535.28,2602.57,2510.31,2556.44,1572905,2556.44,0.026365340838375273,2478.2969999999996,2446.3972,2698.32515,0.29369230199332175,2590.630731747991,2365.963268252008,54.1064097523209
2019-10-11,GOOGL,2588.87,2616.61,2516.3,2566.46,1018759,2566.46,0.003919513072866865,2486.6629999999996,2449.5252,2697.8432000000003,0.2936786842624401,2599.0970315778573,2374.228968422142,57.80244974035871
2019-10-14,GOOGL,2587.09,2606.42,2580.41,2593.41,786531,2593.41,0.010500845522626534,2497.3419999999996,2453.6808,2697.5948500000004,0.29134478404352,2607.602472203482,2387.081527796517,65.25787809199953
2019-10-15,GOOGL,2564.13,2620.99,2499.45,2560.22,565642,2560.22,-0.012797822172352258,2500.323,2457.7713999999996,2697.19445,0.24030299847706132,2614.1213598254208,2386.524640174579,67.95657900497027
2019-10-16,GOOGL,2526.11,2532.26,2490.62,2511.44,796310,2511.44,-0.019053050128504445,2498.0795,2460.8166,2696.4950999999996,0.23718331024154407,2608.962268340015,2387.196731659985,59.753280059271006
2019-10-17,GOOGL,2480.59,2513.41,2465.26,2489.34,1256460,2489.34,-0.008799732424425777,2497.217,2462.8862,2695.47825,0.2289332196469626,2608.089393811455,2386.344606188545,60.197305202018434
2019-10-18,GOOGL,2495.82,2510.6,2459.56,2485.08,2123897,2485.08,-0.001711296970281384,2495.6395,2464.9658,2694.32245,0.22842372325093366,2606.2463796709094,2385.032620329091,56.12472672699173
2019-10-21,GOOGL,2425.97,2457.85,2425.97,2443.79,1879483,2443.79,-0.01661515927052648,2493.1815,2465.3094,2692.9979000000003,0.23351312322509482,2606.198723331147,2380.1642766688533,46.82363190202542
2019-10-22,GOOGL,2433.87,2462.3,2425.83,2444.07,1315161,2444.07,0.00011457612970033892,2492.7110000000002,2465.2312,2691.7139999999995,0.22674402067093638,2606.499856710961,2378.9221432890395,39.096757252074724
2019-10-23,GOOGL,2362.66,2438.41,2320.73,2379.57,1054487,2379.57,-0.026390406166762803,2491.5855,2465.527,2689.9932,0.2340843530615957,2609.518680273756,2373.652319726244,36.159207361746965
2019-10-24,GOOGL,2352.49,2364.37,2311.51,2337.94,1336222,2337.94,-0.017494757456179122,2487.5119999999997,2465.3764,2687.7803499999995,0.23983080595380335,2620.5967653268917,2354.4272346731077,29.785566058526612
2019-10-25,GOOGL,2350.7,2381.09,2346.55,2363.82,975179,2363.82,0.011069574069479948,2486.0114999999996,2466.1506,2685.6649500000003,0.2413938751782763,2624.125296601163,2347.8977033988363,29.723991506470696
2019-10-28,GOOGL,2397.79,2404.46,2370.37,2387.41,2386116,2387.41,0.009979609276509871,2483.7895,2467.0258,2683.76795,0.2369421483144959,2626.9113037712823,2340.6676962287174,34.760492699619846
2019-10-29,GOOGL,2394.18,2419.15,2327.12,2373.14,1112539,2373.14,-0.005977188668892186,2478.8715,2469.5312,2682.01395,0.22864409187509616,2630.290636978014,2327.4523630219865,36.07632394946834
2019-10-30,GOOGL,2336.74,2387.03,2283.85,2335.44,1159265,2335.44,-0.01588612555517155,2469.2875,2469.3984,2680.37915,0.21439518630400786,2631.712836871756,2306.862163128244,21.98559983696427
2019-10-31,GOOGL,2299.83,2321.29,2274.69,2297.99,494599,2297.99,-0.016035522214229547,2459.509,2468.104,2678.41075,0.2162181531379028,2638.486064558293,2280.531935441707,18.180956218136984
2019-11-01,GOOGL,2283.14,2297.3,2272.54,2284.92,1109764,2284.92,-0.0056875791452528635,2448.091,2466.4226,2676.2482499999996,0.21163461348121704,2641.2030944071716,2254.978905592828,12.193926321305156
2019-11-04,GOOGL,2301.2,2331.09,2287.39,2309.24,1676846,2309.24,0.010643698685292913,2436.576,2464.3102,2674.07755,0.21182057948259791,2634.141770996603,2239.010229003397,18.558328321658053
2019-11-05,GOOGL,2343.29,2358.8,2330.06,2344.43,782886,2344.43,0.01523877985830846,2427.746,2461.0426,2672.1072499999996,0.22291228045770328,2625.204664604461,2230.2873353955392,28.34020698675387
2019-11-06,GOOGL,2331.29,2342.95,2310.07,2326.51,888725,2326.51,-0.007643648989306362,2419.533,2456.699,2669.73185,0.22124566612941626,2619.6012914038893,2219.4647085961105,28.65084567876984
2019-11-07,GOOGL,2306.79,2315.73,2253.45,2284.59,1647742,2284.59,-0.018018405250783354,2405.9405,2450.7248,2667.25115,0.19705116241009168,2603.771231099536,2208.109768900464,26.075749981229407
2019-11-08,GOOGL,2315.12,2317.05,2272.99,2295.02,664751,2295.02,0.004565370591659734,2392.3685,2444.837,2664.6046,0.19747492343528525,2580.854772042368,2203.882227957632,30.83601700262342
2019-11-11,GOOGL,2282.01,2300.3,2230.89,2265.6,1832061,2265.6,-0.012819060400345084,2375.978,2438.4638,2661.8158999999996,0.18960623596192538,2547.0632069153603,2204.89279308464,28.615591074790544
2019-11-12,GOOGL,2264.99,2270.13,2224.87,2247.5,969925,2247.5,-0.007989053672316393,2360.3419999999996,2432.1066,2659.0696,0.1883074877299485,2517.0885235877677,2203.5954764122316,32.19552967065502
2019-11-13,GOOGL,2294.81,2350.96,2241.61,2296.29,1027259,2296.29,0.021708565072302566,2349.5845,2427.3851999999997,2656.4302000000002,0.20673917240154446,2491.498166932096,2207.670833067904,44.49146938070919
2019-11-14,GOOGL,2334.84,2381.32,2273.7,2327.51,765497,2327.51,0.013595843730539459,2341.493,2423.8282,2653.8502000000003,0.2154982916962747,2467.4075979748436,2215.5784020251563,45.264613055547336
2019-11-15,GOOGL,2352.48,2372.17,2295.91,2334.04,1395900,2334.04,0.0028055733380305536,2333.941,2421.4596,2651.2175,0.21652494408594664,2440.174580754903,2227.7074192450964,42.71558430759693
2019-11-18,GOOGL,2282.74,2315.29,2259.99,2287.64,3209998,2287.64,-0.019879693578516267,2326.1335,2418.2092000000002,2648.3302999999996,0.21952843650924933,2420.684309125699,2231.5826908743006,39.27119409589468
2019-11-19,GOOGL,2317.22,2325.0,2267.03,2296.02,1640367,2296.02,0.0036631637845117027,2318.7309999999998,2416.4166,2645.4898,0.2205988979701127,2396.0085971894637,2241.453402810536,44.66056238655997
2019-11-20,GOOGL,2332.09,2366.94,2305.1,2336.02,849257,2336.02,0.017421451032656465,2316.5535,2415.265,2642.2873999999997,0.21377038648372082,2388.910617068986,2244.196382931014,55.11582232297988
2019-11-21,GOOGL,2327.35,2368.07,2277.24,2322.66,1889986,2322.66,-0.005719129117045307,2315.7895,2413.861,2638.7294,0.20552778116477882,2387.515744033593,2244.063255966407,55.07285337714117
2019-11-22,GOOGL,2384.02,2407.37,2340.74,2374.06,1057227,2374.06,0.02212979945407434,2316.3015,2413.3594,2635.2477499999995,0.21703339345403724,2389.600291912269,2243.002708087731,58.121585724418146
2019-11-25,GOOGL,2446.18,2478.0,2370.67,2424.34,2079475,2424.34,0.02117890870491901,2318.148,2414.2496,2631.98585,0.22706384260040063,2400.3135501123907,2235.9824498876096,59.64747072115164
2019-11-26,GOOGL,2477.69,2549.89,2430.94,2490.41,1656972,2490.41,0.027252778075682382,2324.0114999999996,2414.0458,2628.8001,0.24380383162427974,2434.5418555876136,2213.4811444123857,67.72658446690852
2019-11-27,GOOGL,2515.61,2532.62,2473.95,2503.29,369747,2503.29,0.005171839175075688,2332.4039999999995,2412.9854,2625.54435,0.23397143560067624,2469.003334574969,2195.80466542503,75.23888657837475
2019-11-28,GOOGL,2528.66,2568.6,2486.63,2527.61,803072,2527.61,0.009715214777353154,2343.8849999999998,2413.4058,2622.3993,0.22293370828324188,2504.749008142897,2183.0209918571027,76.00805098722103
2019-11-29,GOOGL,2574.19,2604.01,2568.31,2586.16,1750804,2586.16,0.023164174852924102,2358.947,2414.7963999999997,2619.6192,0.22827712730856778,2550.1205864931144,2167.773413506886,83.65247333255408
2019-12-02,GOOGL,2619.86,2628.92,2581.97,2605.45,1275048,2605.45,0.007458935255359345,2373.7575,2417.0464,2616.9516,0.22775441958980264,2592.6089472253734,2154.906052774627,87.48403040772239
2019-12-03,GOOGL,2588.04,2619.65,2551.03,2585.34,796776,2585.34,-0.007718436354564373,2385.8030000000003,2419.6836000000003,2614.9557,0.23016938643110965,2623.560488750304,2148.0455112496966,82.20325764577902
2019-12-04,GOOGL,2575.82,2590.98,2544.12,2567.55,931355,2567.55,-0.006881106546914539,2397.855,2422.9930000000004,2612.8163999999997,0.22962900430790173,2647.1159114963853,2148.594088503615,77.56798970717121
2019-12-05,GOOGL,2568.94,2636.16,2519.98,2578.07,559801,2578.07,0.004097291191992314,2412.5289999999995,2426.1662,2610.84225,0.21299020347247516,2668.186756418323,2156.871243581676,77.7717082028251
2019-12-06,GOOGL,2525.12,2546.7,2505.44,2526.07,1158321,2526.07,-0.020170127265745297,2424.0815,2428.811,2608.2203,0.23261828903068194,2678.2584828723957,2169.904517127604,76.7928980760196
2019-12-09,GOOGL,2526.89,2556.55,2485.39,2520.97,2905476,2520.97,-0.002018946426662893,2436.85,2430.5934,2605.5639499999997,0.22472650296774704,2683.0371398582547,2190.662860141745,75.46584553839624
2019-12-10,GOOGL,2561.41,2610.21,2522.37,2566.29,1655817,2566.29,0.017977207186122834,2452.7895,2432.4892,2603.4177,0.22302753246313411,2688.411163777042,2217.1678362229577,75.7578469293259
2019-12-11,GOOGL,2463.6,2525.24,2431.86,2478.55,2882011,2478.55,-0.03418943299471211,2461.9025,2431.5178,2600.84065,0.2587035437775036,2685.8475235989763,2237.957476401024,64.95003548169385
2019-12-12,GOOGL,2564.3,2573.01,2508.67,2540.84,1707927,2540.84,0.025131629380081177,2472.569,2432.4634,2598.8195,0.2674977768121952,2689.7826105942204,2255.3553894057795,65.66715514801163
2019-12-13,GOOGL,2588.18,2645.5,2529.67,2587.59,1809975,2587.59,0.01839942696116248,2485.2465,2433.9496,2596.9161,0.27185632282105343,2697.967464475478,2272.525535524522,65.43793618497887
2019-12-16,GOOGL,2581.34,2611.37,2527.27,2569.32,2643101,2569.32,-0.007060623978296432,2499.3305,2434.5452,2594.84805,0.25963644723125234,2693.450015489024,2305.2109845109762,58.20389661527699
2019-12-17,GOOGL,2587.85,2628.21,2556.71,2592.46,1395463,2592.46,0.009006274033596329,2514.1525,2435.9737999999998,2592.66125,0.2597049311415324,2687.014139575851,2341.2908604241493,59.076935603682756
2019-12-18,GOOGL,2585.78,2609.75,2576.84,2593.3,1113413,2593.3,0.00032401657113334537,2527.0165,2438.0244000000002,2590.6651,0.2569990212975742,2681.36329670694,2372.66970329306,57.02251394924566
2019-12-19,GOOGL,2640.65,2683.37,2607.74,2645.56,1813728,2645.56,0.02015192997339299,2543.1615,2439.8068,2588.918,0.25860570963221285,2673.130481445205,2413.1925185547952,56.43665207232
2019-12-20,GOOGL,2683.33,2745.78,2630.65,2688.21,2146540,2688.21,0.016121350489121333,2558.8689999999997,2442.2418,2587.7037,0.25468716516352735,2678.2938811068184,2439.444118893181,58.53583068439397
2019-12-23,GOOGL,2631.7,2674.84,2583.92,2629.38,990382,2629.38,-0.021884450991552007,2569.121,2442.9612,2586.0258,0.2670184057693394,2674.2701319683315,2463.9718680316687,54.20630372347872
2019-12-24,GOOGL,2657.23,2712.39,2597.46,2654.93,899149,2654.93,0.009717119625158643,2577.3469999999998,2444.8554,2584.348,0.2538726278264089,2682.310187752503,2472.3838122474963,58.223845196673665
2019-12-25,GOOGL,2646.77,2686.31,2607.54,2646.92,1268536,2646.92,-0.0030170286975550464,2584.5285000000003,2447.565,2582.50695,0.2547453814023808,2687.797714299881,2481.2592857001196,56.51063829637608
2019-12-26,GOOGL,2631.79,2670.69,2631.62,2651.16,1673506,2651.16,0.0016018617865292128,2590.706,2450.8014000000003,2580.6825999999996,0.25349824783926217,2694.4195036429887,2486.9924963570115,63.00338884200908
2019-12-27,GOOGL,2620.95,2634.98,2607.34,2621.16,1651291,2621.16,-0.011315801385054058,2592.456,2453.523,2578.6037,0.24566390343467237,2697.024145979996,2487.8878540200044,59.9023503116515
2019-12-30,GOOGL,2678.4,2726.07,2666.41,2696.24,678856,2696.24,0.028643806558928064,2596.9955,2458.5719999999997,2576.50115,0.26411210943862984,2711.362402550331,2482.628597449669,62.13012227971657
2019-12-31,GOOGL,2721.73,2794.22,2690.24,2742.23,2577871,2742.23,0.017057086906210328,2604.8399999999997,2464.5352000000003,2574.6952499999998,0.2668403531178277,2736.1135036399355,2473.566496360064,76.69366268258008
2020-01-01,GOOGL,2734.16,2767.1,2654.31,2710.7,928537,2710.7,-0.011497941456406036,2611.9975000000004,2471.1578,2572.6929999999998,0.2696160572483287,2750.1405836983663,2473.8544163016345,68.33786759736422
2020-01-02,GOOGL,2659.73,2683.12,2625.18,2654.15,1079281,2654.15,-0.020861770022503334,2615.8015000000005,2477.482,2570.67185,0.28234504176563036,2754.200640288664,2477.402359711337,57.03683342327037
2020-01-03,GOOGL,2646.96,2677.89,2599.2,2638.54,836323,2638.54,-0.005881355612908146,2621.425,2482.9764,2568.7795,0.272098444349072,2753.4663427282658,2489.3836572717346,57.3594454350535
2020-01-06,GOOGL,2652.45,2693.35,2622.0,2657.67,3531254,2657.67,0.007250221713523519,2628.26,2488.3816,2566.9550999999997,0.27212721923699884,2752.3177118670737,2504.2022881329267,56.99272953267872
2020-01-07,GOOGL,2690.46,2703.89,2633.38,2668.63,1322005,2668.63,0.004123913051657935,2633.377,2494.2914,2564.912,0.26624812837022815,2755.0926155877473,2511.6613844122526,57.90633724299274
2020-01-08,GOOGL,2730.93,2749.64,2697.2,2723.42,853791,2723.42,0.02053113395262729,2645.6205,2502.051,2563.20165,0.236546864149907,2749.7540768642175,2541.4869231357825,58.12870625404286
2020-01-09,GOOGL,2773.66,2780.13,2737.49,2758.81,1695352,2758.81,0.012994690499445571,2656.5190000000002,2511.2674,2561.72185,0.2264363884679075,2760.102602014631,2552.9353979853695,57.48420472203541
2020-01-10,GOOGL,2795.34,2827.74,2777.67,2802.7,1632276,2802.7,0.01590903324259374,2667.2745,2521.623,2560.55645,0.2245326035053445,2784.4962731661662,2550.0527268338337,68.97442634225425
2020-01-13,GOOGL,2844.09,2844.09,2800.96,2818.17,1113191,2818.17,0.005519677453883931,2679.7169999999996,2531.8016000000002,2559.5936500000003,0.22064917603021822,2805.663969809599,2553.7700301904,68.27422532474515
2020-01-14,GOOGL,2774.63,2781.67,2732.25,2756.96,1679614,2756.96,-0.021719768502254988,2687.942,2540.0522,2558.2494500000003,0.23893908873909445,2811.3559126508803,2564.5280873491197,61.00752240546153
2020-01-15,GOOGL,2768.55,2768.55,2734.84,2749.09,862607,2749.09,-0.0028545934652660643,2695.7315,2548.5038,2557.22,0.23970963170184198,2813.532102496043,2577.9308975039567,59.72550499367163
2020-01-16,GOOGL,2778.54,2845.95,2747.81,2796.88,985263,2796.88,0.017383934320084116,2703.2974999999997,2558.7496,2556.1195000000002,0.23727628035313797,2826.8285459806048,2579.7664540193946,66.85531212650892
2020-01-17,GOOGL,2782.53,2827.0,2763.67,2795.33,536995,2795.33,-0.0005541889534053102,2708.6535,2568.7558000000004,2555.1669,0.2322745445118048,2838.5548637585284,2578.7521362414714,61.06582091694789
2020-01-20,GOOGL,2806.61,2887.65,2749.74,2818.69,706622,2818.69,0.008356795083228175,2718.119,2579.8176,2554.15355,0.21510181470253123,2851.2473987893654,2584.990601210635,58.99317807380403
2020-01-21,GOOGL,2792.26,2830.01,2780.22,2805.12,2472856,2805.12,-0.004814293164555172,2725.6285,2590.97,2553.3722,0.2157769193878389,2860.679003344838,2590.5779966551618,61.59551996644314
2020-01-22,GOOGL,2779.64,2792.92,2727.14,2760.03,2313804,2760.03,-0.016074178644763792,2731.2839999999997,2600.2448,2552.2020500000003,0.225249708744092,2861.8554358059637,2600.7125641940356,63.37949858247242
2020-01-23,GOOGL,2729.54,2788.83,2721.84,2755.33,1231997,2755.33,-0.0017028800411590383,2736.4925,2608.8012000000003,2550.84245,0.2256692048794674,2861.8115115161236,2611.173488483876,65.17659900482761
2020-01-24,GOOGL,2746.26,2784.06,2746.26,2769.74,2333791,2769.74,0.005229863573510185,2743.9214999999995,2617.5152,2549.45745,0.22027455100573948,2857.5210454541007,2630.3219545458983,64.74411261437592
2020-01-27,GOOGL,2729.19,2801.31,2681.86,2741.58,1125572,2741.58,-0.010167019287008805,2746.1884999999997,2626.594,2548.168,0.20235387215713901,2857.5695348167587,2634.8074651832408,59.18187539124341
2020-01-28,GOOGL,2715.61,2747.42,2715.61,2732.01,1088670,2732.01,-0.003490687851530727,2745.6775000000002,2635.3138,2546.7666,0.19356302017374993,2857.2286481221886,2634.126351877812,51.22006646957057
2020-01-29,GOOGL,2677.54,2756.06,2627.9,2691.98,1227434,2691.98,-0.014652215767877896,2744.7415,2642.433,2545.44345,0.19632714999542314,2857.8319180919875,2631.6510819080127,40.63139596666713
2020-01-30,GOOGL,2757.7,2803.99,2678.75,2741.37,1141511,2741.37,0.018347090245841358,2749.1025,2650.8072,2544.4229,0.1910544083766278,2853.9071135736676,2644.2978864263323,41.532981747296965
2020-01-31,GOOGL,2732.67,2772.1,2686.35,2729.23,1101026,2729.23,-0.004428442712950065,2753.637,2657.9106,2543.093,0.1903594144136691,2845.327152625193,2661.9468473748075,37.60729015570586
2020-02-03,GOOGL,2766.55,2838.52,2749.82,2794.17,1895875,2794.17,0.023794256988234785,2760.462,2665.3072,2541.89155,0.20517077973451764,2841.8128268906935,2679.1111731093065,55.13142289551856
2020-02-04,GOOGL,2860.09,2915.9,2812.36,2864.13,1274272,2864.13,0.025037846659294205,2770.237,2672.7816000000003,2541.0321,0.22013415701412478,2852.1075286220403,2688.36647137796,63.54495360785186
2020-02-05,GOOGL,2855.93,2897.65,2824.75,2861.2,1595702,2861.2,-0.0010229982577607544,2777.126,2679.9397999999997,2540.3888500000003,0.21130742304331443,2865.3499863315005,2688.9020136685,58.46761453181
2020-02-06,GOOGL,2794.43,2866.71,2765.64,2816.17,1812802,2816.17,-0.015738151824409297,2779.9939999999997,2685.7110000000002,2539.3611499999997,0.2170158828454474,2869.431941413143,2690.5560585868566,52.461727459992304
2020-02-07,GOOGL,2734.07,2740.54,2708.41,2724.47,1401573,2724.47,-0.032561954711541,2776.0825,2688.4772000000003,2537.86615,0.2401688275066253,2868.1434591807156,2684.0215408192844,40.41739554825708
2020-02-10,GOOGL,2672.54,2677.97,2645.59,2661.78,814006,2661.78,-0.023009979922700374,2768.263,2689.6038,2536.6046499999998,0.25054231370685576,2871.1969166855156,2665.3290833144843,36.74594074691269
2020-02-11,GOOGL,2616.12,2641.46,2567.78,2604.62,698496,2604.62,-0.021474351749581233,2760.646,2689.9894,2534.86975,0.2502970234368458,2886.986399072921,2634.3056009270795,35.94363343553259
2020-02-12,GOOGL,2675.6,2706.02,2620.83,2663.43,1273582,2663.43,0.022579109428630728,2756.3630000000003,2691.907,2533.4306,0.26591026260176986,2889.9527378819894,2622.773262118011,42.42898569730111
2020-02-13,GOOGL,2642.4,2729.83,2608.35,2669.09,1120549,2669.09,0.0021250793150187075,2749.9735,2693.7273999999998,2531.72905,0.2569425485472132,2887.5678472332215,2612.3791527667786,41.58683986060451
2020-02-14,GOOGL,2710.9,2710.9,2667.46,2686.51,1242689,2686.51,0.006526568980439018,2744.5325000000003,2696.9362,2530.37195,0.2587709532415228,2883.177282751536,2605.8877172484645,45.31263299348967
2020-02-17,GOOGL,2609.75,2649.09,2537.81,2593.45,1192318,2593.45,-0.034639737056627484,2733.2704999999996,2698.3858,2529.27865,0.2803690067857731,2882.722987852404,2583.8180121475953,39.67388064067929
2020-02-18,GOOGL,2565.47,2568.32,2521.49,2544.91,3372826,2544.91,-0.018716381653781644,2720.26,2697.9581999999996,2527.8759,0.2852011885590589,2887.609671237107,2552.9103287628936,39.17695715445524
2020-02-19,GOOGL,2556.97,2615.25,2548.73,2581.99,704850,2581.99,0.014570259852018319,2711.3579999999997,2700.027,2526.5886,0.28970303695197935,2888.457503473431,2534.2584965265683,38.054622855659005
2020-02-20,GOOGL,2617.08,2623.97,2565.17,2594.57,541367,2594.57,0.004872210969058877,2703.32,2701.1016000000004,2525.73935,0.29108144785499224,2886.5045910550602,2520.13540894494,39.91401521876869
2020-02-21,GOOGL,2605.21,2622.83,2555.5,2589.17,1370632,2589.17,-0.002081269728702706,2694.2915000000003,2701.1332,2525.0741,0.289545633580367,2881.4487112901456,2507.134288709855,33.1420019070689
2020-02-24,GOOGL,2631.01,2634.32,2592.45,2613.38,1032262,2613.38,0.00935048683554962,2687.8815000000004,2702.0144,2523.9125999999997,0.2916038369341806,2876.9906914351936,2498.772308564807,27.701993703402636
2020-02-25,GOOGL,2661.59,2723.86,2642.97,2683.42,1361720,2683.42,0.026800541827059154,2685.452,2703.8336,2523.16685,0.30916272022226404,2873.4191813012185,2497.484818698782,35.87657694794521
2020-02-26,GOOGL,2687.44,2730.93,2618.41,2674.67,1515696,2674.67,-0.0032607642486081057,2684.5865,2705.461,2522.20685,0.30496804409223843,2872.586525674715,2496.5864743252846,38.071151575564016
2020-02-27,GOOGL,2703.0,2715.41,2641.32,2678.37,2005640,2678.37,0.0013833482261362828,2681.4365000000003,2706.1171999999997,2521.4099499999998,0.29716919356529914,2867.5320469673093,2495.3409530326912,45.43654721711323
2020-02-28,GOOGL,2696.96,2727.17,2647.56,2687.37,656673,2687.37,0.0033602526910023744,2679.3435,2706.1004,2521.121,0.29726161331703094,2864.1126302851344,2494.5743697148655,52.834452048603936
2020-03-02,GOOGL,2796.92,2854.35,2731.6,2792.97,960438,2792.97,0.03929492403353452,2679.2835,2709.3722,2521.39365,0.31847193261026596,2863.896343286498,2494.670656713502,68.84065219373053
2020-03-03,GOOGL,2725.53,2753.11,2649.8,2701.45,1424507,2701.45,-0.03276798533460801,2671.1495000000004,2710.3026,2521.26305,0.32464645002682035,2834.592018525978,2507.706981474023,53.56955084732241
2020-03-04,GOOGL,2728.77,2772.34,2691.43,2731.89,1633144,2731.89,0.011268022728534666,2664.684,2712.0019999999995,2521.36795,0.32840866028216686,2805.076743912095,2524.2912560879054,55.63390389927353
2020-03-05,GOOGL,2733.03,2755.31,2699.92,2727.62,2885509,2727.62,-0.0015630204730058272,2660.2565,2713.5312,2521.4726499999997,0.32443510377929935,2785.2777267072174,2535.2352732927825,53.77717341231391
2020-03-06,GOOGL,2751.91,2815.71,2690.72,2753.21,1758749,2753.21,0.009381805383447794,2661.6935,2716.1722000000004,2521.64425,0.3045500996632321,2790.427938246086,2532.959061753914,66.7561671401775
2020-03-09,GOOGL,2748.74,2770.22,2680.07,2725.15,1173048,2725.15,-0.0101917398236967,2664.862,2716.7504,2521.7045000000003,0.29454908975267735,2796.687699211651,2533.0363007883493,69.75276170222574
2020-03-10,GOOGL,2700.66,2749.42,2698.09,2723.75,840420,2723.75,-0.0005137331889988328,2670.8185,2716.3808000000004,2522.0257,0.2821515563386519,2801.9469394501843,2539.6900605498154,66.85371884883025
2020-03-11,GOOGL,2755.75,2784.29,2727.07,2755.68,957533,2755.68,0.011722808627810943,2675.4309999999996,2717.2803999999996,2522.3991,0.2743723708210103,2811.848356805883,2539.013643194116,68.31170011830515
2020-03-12,GOOGL,2908.03,2958.22,2836.18,2897.2,946712,2897.2,0.05135574522440911,2686.8365,2722.1414,2523.8882,0.32585677366004173,2855.3817460601686,2518.291253939831,76.73732270702163
2020-03-13,GOOGL,2952.84,2952.97,2918.43,2935.7,1559577,2935.7,0.013288692530719404,2699.296,2728.0845999999997,2525.98585,0.32734814993277916,2901.2672210244673,2497.3247789755324,77.30044721323652
2020-03-16,GOOGL,2901.73,2968.88,2824.95,2896.92,1329922,2896.92,-0.013209796641346139,2714.4695,2732.8696,2527.7364500000003,0.3010168690258141,2928.2135400868306,2500.7254599131697,69.09455156697436
2020-03-17,GOOGL,2901.66,2901.66,2856.23,2878.13,706707,2878.13,-0.006486199135633641,2731.1305,2737.0596,2529.2859,0.29080756509568007,2941.139773727586,2521.1212262724143,67.87559303997497
2020-03-18,GOOGL,2883.36,2917.9,2798.3,2858.1,1007992,2858.1,-0.006959379875127292,2744.936,2739.7532,2530.74345,0.2927502436379634,2949.905846347184,2539.9661536528165,65.35025536628649
2020-03-19,GOOGL,2753.7,2813.73,2742.09,2777.91,1704617,2777.91,-0.028057100871208163,2754.103,2740.1352,2532.08,0.3157488610218953,2946.788564979809,2561.417435020191,56.89439858548853
2020-03-20,GOOGL,2758.63,2805.06,2723.0,2764.03,1381246,2764.03,-0.004996562163640861,2762.846,2739.3618,2533.48515,0.31661367729547396,2939.1970571081647,2586.4949428918353,47.43848468637968
2020-03-23,GOOGL,2770.73,2860.65,2734.13,2797.39,1506485,2797.39,0.012069333545583705,2772.0464999999995,2738.9462,2535.1058500000004,0.3174306033265954,2934.1924846817988,2609.9005153182,59.4663930204197
2020-03-24,GOOGL,2732.33,2778.03,2705.33,2741.68,1398625,2741.68,-0.019914992189147718,2774.9595,2738.6406,2536.7564500000003,0.315443777011991,2932.4273099736706,2617.4916900263293,50.920095485586955
2020-03-25,GOOGL,2790.88,2832.74,2744.9,2788.82,2299964,2788.82,0.017193837355198305,2780.667,2739.4352000000003,2538.78125,0.31988044715884495,2930.9398372135825,2630.3941627864174,55.322849984736806
2020-03-26,GOOGL,2834.53,2834.53,2794.61,2811.43,1318821,2811.43,0.008107371576508982,2787.3199999999997,2739.7262,2540.7908,0.3205194662752127,2930.1195167322235,2644.520483267776,55.090050706817166
2020-03-27,GOOGL,2798.62,2798.62,2765.33,2779.36,1028305,2779.36,-0.011407006398878705,2791.9195,2739.4067999999997,2542.35835,0.3243302564112712,2926.8743349361403,2656.9646650638597,54.706464550423014
2020-03-30,GOOGL,2753.16,2801.27,2746.37,2773.82,831952,2773.82,-0.001993264636463099,2790.962,2738.5094,2543.9773,0.29273304526499117,2926.1569763314915,2655.7670236685085,54.31600723944417
2020-03-31,GOOGL,2823.28,2899.42,2793.47,2846.45,1325997,2846.45,0.026184107115818422,2798.212,2739.336,2545.80685,0.28022715309103274,2928.6640542857713,2667.7599457142287,57.311316954003466
2020-04-01,GOOGL,2885.98,2902.23,2859.45,2880.84,452051,2880.84,0.012081715821461891,2805.6594999999998,2741.7522,2548.17915,0.2805693392160271,2937.171941912939,2674.1470580870605,48.40738288875494
2020-04-02,GOOGL,2883.88,2902.99,2861.06,2882.02,1114723,2882.02,0.00040960275475199204,2813.3795,2744.2860000000005,2550.4264500000004,0.28024924649878796,2943.7252149640262,2683.033785035974,44.364896072598974
2020-04-03,GOOGL,2858.45,2909.83,2833.9,2871.87,1105155,2871.87,-0.003521835379352023,2819.3125,2746.3286,2552.77515,0.2800358457992689,2948.926733928422,2689.698266071578,47.20218017588661
2020-04-06,GOOGL,2899.15,2927.82,2824.52,2876.17,695261,2876.17,0.0014972822585981316,2826.8635000000004,2749.0204,2555.0829,0.2761908384057632,2950.8542744064234,2702.8727255935773,49.773766100242774
2020-04-07,GOOGL,2877.88,2908.4,2798.59,2853.49,827799,2853.49,-0.0078854866019743,2833.3505,2751.45,2557.3217,0.2786079685364358,2947.8379949687533,2718.8630050312468,49.471124060545165
2020-04-08,GOOGL,2754.37,2783.4,2736.1,2759.75,1658949,2759.75,-0.03285100000350438,2833.554,2752.8054,2558.8316499999996,0.30285429623774124,2947.4732555047067,2719.6347444952935,47.979438335769935
2020-04-09,GOOGL,2874.45,2874.45,2833.39,2852.19,1316012,2852.19,0.03349578766192596,2831.3035000000004,2755.0218,2560.97125,0.26744307702891257,2941.6510627327693,2720.9559372672315,58.34943364621567
2020-04-10,GOOGL,2853.43,2928.16,2791.97,2860.06,1249866,2860.06,0.002759283217457442,2827.5215,2757.6384000000003,2563.02455,0.2627359995170708,2927.501512165639,2727.541487834361,56.23644143539197
2020-04-13,GOOGL,2892.76,2908.53,2849.72,2879.12,1356435,2879.12,0.006664195856030952,2826.6315,2759.3374,2565.2244499999997,0.26011907679724633,2924.300570528517,2728.962429471483,64.75311292205552
2020-04-14,GOOGL,2875.86,2940.73,2813.75,2877.24,1245295,2877.24,-0.0006529772986190174,2826.5870000000004,2759.5995999999996,2567.4425,0.25906556081669857,2924.1580375707945,2729.0159624292064,60.51267417880061
2020-04-15,GOOGL,2822.9,2907.71,2781.03,2844.37,1972825,2844.37,-0.011424142581084595,2825.9004999999997,2759.263,2569.52865,0.26115804231769946,2922.7283453806667,2729.0726546193328,53.82311977540965
2020-04-16,GOOGL,2860.97,2894.7,2778.68,2836.69,1260732,2836.69,-0.0027000706659119356,2828.8395,2759.6733999999997,2571.73625,0.23980918802233184,2923.0674666777345,2734.6115333222656,57.053222113632174
2020-04-17,GOOGL,2763.24,2788.94,2742.61,2765.77,669674,2765.77,-0.0250009694397344,2828.9265,2760.4994,2573.5887,0.2565450363830007,2922.9054004931663,2734.9475995068337,49.14686618900768
2020-04-20,GOOGL,2882.64,2930.68,2807.68,2869.18,2303370,2869.18,0.03738922614678719,2832.516,2764.6474,2575.9669,0.28617302449353255,2926.906302222707,2738.125697777293,52.2613765232074
2020-04-21,GOOGL,2806.35,2871.19,2756.47,2813.83,1391604,2813.83,-0.019291226064589884,2836.1235,2768.8315999999995,2578.0188,0.28556411473536497,2920.924157960514,2751.322842039486,43.60017572897367
2020-04-22,GOOGL,2741.86,2815.39,2721.62,2768.5,948019,2768.5,-0.016109715227998866,2835.1075,2770.933,2579.82455,0.28568485036936686,2922.7342702126725,2747.4807297873276,40.00140924365836
2020-04-23,GOOGL,2727.85,2782.11,2717.52,2749.82,726847,2749.82,-0.006747336102582602,2832.027,2772.5476,2581.3788999999997,0.28481191824411967,2927.168098120574,2736.885901879426,39.409243156918976
2020-04-24,GOOGL,2807.63,2836.62,2779.06,2807.84,1405913,2807.84,0.02109956288047954,2833.451,2774.9741999999997,2583.03845,0.2922662717188577,2926.092730031167,2740.809269968833,44.57638150171596
2020-04-27,GOOGL,2819.93,2830.15,2788.36,2809.26,1145055,2809.26,0.000505726822041197,2835.223,2779.2904,2584.9081499999998,0.2920987944712941,2924.3513838304066,2746.0946161695933,46.3666683085266
2020-04-28,GOOGL,2745.88,2796.85,2713.13,2754.99,2252363,2754.99,-0.01931825462933312,2830.65,2783.492,2586.3327000000004,0.28419141726828107,2926.4858453980955,2734.8141546019046,49.58186928901237
2020-04-29,GOOGL,2822.6,2858.57,2764.63,2811.6,1044939,2811.6,0.020548168958871127,2827.188,2788.0842,2588.26925,0.29105616120407685,2920.3551689633277,2734.0208310366725,46.19494909603702
2020-04-30,GOOGL,2856.76,2880.13,2810.78,2845.45,858446,2845.45,0.012039408166168775,2825.3594999999996,2793.1018000000004,2590.25715,0.29473754426218535,2915.3778147388944,2735.341185261105,48.69401984324354
2020-05-01,GOOGL,2882.56,2912.5,2829.21,2870.85,1717105,2870.85,0.00892653183152059,2825.3085,2798.7353999999996,2592.2466999999997,0.29633885672718635,2915.216953621677,2735.400046378323,49.269034275504666
2020-05-04,GOOGL,2904.28,2940.35,2869.07,2904.71,1737477,2904.71,0.011794416287858933,2826.7355,2804.562,2594.7747,0.2992013979611887,2920.8504880060455,2732.620511993954,52.29809091851329
2020-05-05,GOOGL,3044.02,3072.77,2965.17,3018.97,1283745,3018.97,0.03933611272726023,2835.0094999999997,2811.2730000000006,2597.8529,0.3269727456458908,2962.2828198940447,2707.7361801059546,62.8560068316791
2020-05-06,GOOGL,3126.56,3199.24,3055.23,3127.23,1572810,3127.23,0.03585991248670917,2853.3835,2820.3242,2601.5589,0.31782426570924166,3031.040541607254,2675.726458392746,68.63295880026567
2020-05-07,GOOGL,3090.83,3119.52,3068.29,3093.9,1182045,3093.9,-0.010657994455156805,2865.469,2828.6348,2605.239,0.3064470793838601,3073.135327595141,2657.802672404859,72.10969611076136
2020-05-08,GOOGL,3157.11,3216.32,3136.1,3176.21,1317673,3176.21,0.026603962636154943,2881.2765,2838.4116000000004,2609.06975,0.3164336502202271,3131.067302095653,2631.485697904347,71.2934322754725
2020-05-11,GOOGL,3184.31,3221.6,3171.62,3196.61,1912321,3196.61,0.006422749125530203,2897.1510000000003,2846.4844,2613.1246499999997,0.3164224543195844,3183.9734954768887,2610.328504523112,77.89941690803121
2020-05-12,GOOGL,3193.61,3279.51,3166.71,3223.11,1541026,3223.11,0.008290032252918023,2914.4445,2856.9176,2617.46175,0.31573339437217557,3235.8363587037697,2593.0526412962304,84.07002712775306
2020-05-13,GOOGL,3146.25,3199.3,3076.44,3137.87,1121437,3137.87,-0.026446506634896227,2929.1195,2865.0372,2621.3552,0.33079578824410905,3263.5764387734325,2594.662561226567,76.44365093280874
2020-05-14,GOOGL,3114.43,3204.17,3056.18,3130.18,2061155,3130.18,-0.0024507070082572247,2943.794,2873.0883999999996,2625.0768,0.33071870534137804,3286.819901026072,2600.768098973928,73.58355282260725
2020-05-15,GOOGL,3078.47,3123.26,3057.88,3090.57,465976,3090.57,-0.01265422435770458,2960.034,2879.8356,2628.6241499999996,0.3184716101834028,3298.2936477886733,2621.774352211327,69.49237101266245
2020-05-18,GOOGL,3149.61,3207.84,3057.45,3132.64,2726860,3132.64,0.013612375710629232,2973.207,2887.9853999999996,2632.1543,0.2976518031063651,3317.0432133403383,2629.3707866596615,76.61793935483635
2020-05-19,GOOGL,3176.64,3207.63,3167.69,3187.66,606493,3187.66,0.01756346085091165,2991.8985000000002,2897.2635999999998,2635.8527000000004,0.2870285549814059,3339.873844031293,2643.9231559687073,76.56541395723099
2020-05-20,GOOGL,3068.53,3137.05,3031.81,3084.43,933778,3084.43,-0.03238425679024737,3007.695,2903.8386,2639.45095,0.30894151662259933,3341.3595307711767,2674.0304692288237,65.37481664361508
2020-05-21,GOOGL,3063.77,3103.13,3063.77,3084.18,1180519,3084.18,-8.105225276633377e-05,3024.413,2907.5782,2643.1445000000003,0.30630360033990744,3336.4817170682836,2712.3442829317164,64.18360969522682
2020-05-22,GOOGL,3158.16,3212.74,3069.05,3140.9,1131709,3140.9,0.018390625709264752,3041.066,2911.6822,2647.2234500000004,0.3046708653962403,3339.732019592053,2742.3999804079467,65.24022764403547
2020-05-25,GOOGL,3109.18,3181.23,3083.53,3132.38,1794786,3132.38,-0.0027125982998503773,3057.222,2916.3914,2651.1671,0.3056245918670312,3337.4814687710004,2776.962531229,58.47418366462135
2020-05-26,GOOGL,3167.06,3228.28,3111.71,3169.99,785988,3169.99,0.012006844635708225,3077.9719999999998,2922.2286,2655.7777,0.29160999156818235,3323.286705170003,2832.6572948299963,53.57226399206345
2020-05-27,GOOGL,3189.17,3257.7,3119.75,3188.72,1331929,3188.72,0.005908535989072483,3096.828,2928.841,2660.0109,0.287321035608392,3312.064369026225,2881.591630973775,58.11954101590395
2020-05-28,GOOGL,3219.09,3232.75,3181.4,3207.07,952216,3207.07,0.00575466017712456,3114.909,2937.4242,2664.2326999999996,0.28656988749321466,3299.8560749786884,2929.961925021312,52.96765011204843
2020-05-29,GOOGL,3202.57,3212.49,3175.62,3194.05,1350369,3194.05,-0.004059780422628778,3131.0690000000004,2946.0245999999997,2668.3579999999997,0.28860386213808037,3279.003080611369,2983.1349193886317,49.750273137395624
2020-06-01,GOOGL,3152.8,3204.07,3062.59,3133.33,1169308,3133.33,-0.01901034736463114,3142.5,2952.7434000000003,2671.9503499999996,0.3001821057659141,3245.205196916707,3039.794803083293,41.79011668205664
2020-06-02,GOOGL,3050.42,3113.23,3043.66,3078.44,1245448,3078.44,-0.017518103742663493,3145.4735,2959.4786000000004,2674.8035,0.2783749344878573,3235.820068577338,3055.126931422662,44.246074006894574
2020-06-03,GOOGL,3101.75,3138.04,3090.82,3114.43,963051,3114.43,0.011690986343732446,3144.8334999999997,2965.9908,2677.6571999999996,0.25016342793068713,3235.902667761968,3053.7643322380313,48.55432966666098
2020-06-04,GOOGL,3102.54,3161.02,3071.47,3116.25,978529,3116.25,0.0005843765953963409,3145.951,2972.0872000000004,2680.3219499999996,0.24702564417013598,3234.9127152192573,3056.9892847807428,52.53284412211413
2020-06-05,GOOGL,3088.17,3162.96,3057.43,3110.19,1346125,3110.19,-0.0019446450060168763,3142.65,2978.7038000000002,2682.92585,0.22694534686240883,3231.7834861761285,3053.5165138238717,47.61641857459364
2020-06-08,GOOGL,3076.98,3107.38,3072.65,3090.01,1750335,3090.01,-0.006488349586359576,3137.32,2985.0275999999994,2685.4546,0.22600636011464473,3225.612345975798,3049.0276540242025,38.8039166214698
2020-06-09,GOOGL,3064.09,3108.09,3043.51,3075.8,944603,3075.8,-0.004598690619124213,3129.9545,2989.6146000000003,2688.0068,0.22314019680936284,3212.504110850651,3047.4048891493485,48.756734950636535
2020-06-10,GOOGL,3129.97,3146.3,3110.91,3128.6,847736,3128.6,0.017166265686975546,3129.491,2994.5698,2690.9880000000003,0.21390574809337676,3211.9575349416245,3047.0244650583754,55.557779888949995
2020-06-11,GOOGL,3122.9,3154.44,3070.98,3112.71,1533734,3112.71,-0.005078949050693615,3128.6175000000003,2999.1836,2694.0247499999996,0.2144977715589786,3211.422701686433,3045.8122983135677,46.071518156456406
2020-06-12,GOOGL,3040.22,3117.26,2977.67,3047.46,1184499,3047.46,-0.020962441088312134,3126.4620000000004,3002.6953999999996,2696.9997,0.22276756993445143,3215.4508647322286,3037.4731352677722,39.78147862784716
2020-06-15,GOOGL,3098.32,3160.83,3008.73,3084.78,1672836,3084.78,0.012246264101907878,3124.0690000000004,3006.8676,2700.1728,0.22166097192546122,3214.9130284861585,3033.2249715138423,39.73942152407983
2020-06-16,GOOGL,3065.44,3130.08,3020.96,3075.52,835272,3075.52,-0.0030018348148004304,3118.462,3011.3082,2703.62215,0.21097939987368028,3206.582072771633,3030.341927228367,36.0508675066426
2020-06-17,GOOGL,3064.99,3103.24,3052.56,3077.9,588926,3077.9,0.0007738528769118957,3118.1355,3017.6711999999998,2707.04365,0.17714641525046662,3206.8329942921105,3029.4380057078893,33.43082172331759
2020-06-18,GOOGL,3161.56,3231.98,3085.93,3158.96,969591,3158.96,0.026336138276097376,3121.8745,3023.8066,2710.8741499999996,0.2003744734915286,3210.8493367680976,3032.899663231902,46.16779153693214
2020-06-19,GOOGL,3128.69,3207.18,3110.37,3158.78,883185,3158.78,-5.698077848403926e-05,3122.7684999999997,3029.781,2714.67235,0.1898999396476985,3212.9000285160882,3032.636971483911,53.20294998428144
2020-06-22,GOOGL,3147.61,3199.92,3147.61,3174.29,1162771,3174.29,0.0049101235287041245,3124.864,3035.6844,2718.6446499999997,0.19019595060235137,3217.8402852390705,3031.8877147609296,63.39023776679204
2020-06-23,GOOGL,3110.71,3188.84,3042.8,3115.82,930143,3115.82,-0.018419867119891298,3122.1555,3040.456,2721.72075,0.19682501794724222,3212.7215785749054,3031.5894214250943,50.18270721968889
2020-06-24,GOOGL,3133.25,3168.31,3043.16,3105.73,1614020,3105.73,-0.003238312867880788,3118.0060000000003,3045.6832,2724.4678499999995,0.19536981053404667,3203.1747077203345,3032.837292279666,48.646632015949535
2020-06-25,GOOGL,3150.92,3198.62,3075.43,3137.02,1069361,3137.02,0.010074926023833308,3114.5035,3051.6898000000006,2727.62,0.1980070550450192,3189.3913496997097,3039.61565030029,53.24119935068405
2020-06-26,GOOGL,3035.54,3119.47,3002.04,3060.75,1274445,3060.75,-0.024312882927109203,3107.8385,3057.5894,2730.3406,0.21448312029710023,3176.375468518449,3039.3015314815507,46.88710157739387
2020-06-29,GOOGL,3092.71,3099.1,3043.77,3071.44,1278100,3071.44,0.003492608020909893,3104.744,3061.6345999999994,2733.23305,0.2055600475329561,3174.019600443856,3035.4683995561445,49.532650172161674
2020-06-30,GOOGL,3091.53,3105.6,3048.86,3077.23,1297323,3077.23,0.001885109264709639,3104.6835,3066.9026,2736.3518000000004,0.19609758889316609,3174.0578672594297,3035.3091327405705,43.87650494548989
2020-07-01,GOOGL,3086.94,3137.9,3022.3,3080.1,1188473,3080.1,0.0009326569674674712,3102.967,3073.1346000000003,2739.7419,0.19128863332117793,3173.02147537463,3032.91252462537,45.98823905557208
2020-07-02,GOOGL,3152.56,3161.92,3103.07,3132.49,1471911,3132.49,0.017009188013376253,3103.779,3080.788,2743.3073,0.20113783642383387,3174.850828425925,3032.707171574075,60.80239855463769
2020-07-03,GOOGL,3144.12,3193.55,3106.77,3150.16,872894,3150.16,0.005640879938962229,3105.7775,3087.6344,2747.0889500000003,0.20179814479186392,3179.795192017474,3031.759807982526,58.74251176502351
2020-07-06,GOOGL,3208.45,3293.02,3159.83,3226.42,2100317,3226.42,0.02420829418188286,3112.598,3095.9776,2751.0618,0.2161698648982843,3203.6723517191717,3021.523648280828,67.11194774349188
2020-07-07,GOOGL,3177.16,3242.08,3110.72,3176.4,1091667,3176.4,-0.015503251281606234,3117.628,3104.4058,2754.5863,0.22407319919169041,3211.222464208847,3024.033535791153,60.08064515956868
2020-07-08,GOOGL,3187.29,3228.97,3139.4,3184.18,710136,3184.18,0.002449313688452248,3120.407,3111.8574,2757.8716000000004,0.21656865227492203,3218.5625852180024,3022.251414781998,53.03650548848363
2020-07-09,GOOGL,3191.8,3255.83,3122.88,3189.36,1293757,3189.36,0.0016267924552004764,3124.2394999999997,3118.7356,2761.3505999999998,0.2153896960072539,3227.006969863377,3021.4720301366224,53.63805082147393
2020-07-10,GOOGL,3140.19,3204.39,3067.83,3136.11,853721,3136.11,-0.016696139664384102,3128.6719999999996,3124.0408,2764.4647500000005,0.21000505088152788,3224.9373701959444,3032.406629804055,45.83205973398183
2020-07-13,GOOGL,3213.91,3242.97,3127.69,3185.33,1565891,3185.33,0.015694602549017667,3133.6994999999997,3129.6532,2767.6937,0.21268120619002875,3230.8119777012616,3036.587022298738,57.744501636008565
2020-07-14,GOOGL,3333.54,3338.58,3275.29,3306.94,2904216,3306.94,0.03817814794699448,3145.2705,3135.4125999999997,2771.62325,0.24794119466858563,3265.573725747601,3024.967274252399,67.95587998902107
2020-07-15,GOOGL,3331.79,3341.59,3272.28,3306.94,876071,3306.94,0.0,3156.7225,3139.0068,2775.7041,0.24807954181863587,3292.6182735101056,3020.826726489894,66.06049149163546
2020-07-16,GOOGL,3354.77,3372.34,3297.0,3334.67,1370630,3334.67,0.008385395562060305,3165.5080000000003,3143.8222000000005,2779.5952500000003,0.2341580549630451,3323.0135535328823,3008.0024464671183,78.50601506660476
2020-07-17,GOOGL,3369.71,3369.71,3315.59,3340.09,594591,3340.09,0.0016253482353576487,3174.5735,3147.0998,2783.4634,0.23396063457658337,3350.269373632804,2998.8776263671957,78.26764030999023
2020-07-20,GOOGL,3276.55,3337.63,3268.51,3303.07,1438906,3303.07,-0.011083533677236246,3181.0125,3149.2290000000003,2787.0117,0.23896989461659007,3365.865212791377,2996.1597872086227,72.29769756128873
2020-07-21,GOOGL,3194.03,3238.6,3179.62,3209.11,842009,3209.11,-0.028446263627473822,3185.677,3148.9489999999996,2790.2561500000006,0.25264625366837923,3368.2978335495472,3003.056166450453,60.79563521806977
2020-07-22,GOOGL,3173.62,3218.71,3129.16,3173.94,934622,3173.94,-0.010959424887274083,3189.0875,3149.6704,2793.5686499999997,0.25606921646798947,3367.9304809255354,3010.2445190744647,53.57149011571803
2020-07-23,GOOGL,3126.39,3176.81,3032.94,3104.88,772446,3104.88,-0.021758445339231325,3187.4805,3149.1644,2796.64635,0.2661844466120223,3368.8530945149055,3006.1079054850948,46.41590678721852
2020-07-24,GOOGL,3191.89,3214.19,3168.94,3191.56,1608306,3191.56,0.02791734302130844,3194.021,3151.1841999999997,2800.17875,0.2684598345438438,3365.305033471077,3022.7369665289234,47.285469551998126
2020-07-27,GOOGL,3202.37,3248.39,3124.72,3186.56,1795427,3186.56,-0.0015666319918785643,3199.777,3152.2626,2803.8926,0.2687447416979014,3361.1679798693026,3038.3860201306975,50.85080726081612
2020-07-28,GOOGL,3146.94,3229.25,3110.41,3169.83,1211277,3169.83,-0.005250175738100049,3204.407,3151.9060000000004,2807.5213999999996,0.26996780851546004,3356.011608609352,3052.802391390648,48.81606521016547
2020-07-29,GOOGL,3200.2,3238.36,3193.88,3216.12,849209,3216.12,0.014603306801941995,3211.2079999999996,3154.5398000000005,2811.7041499999996,0.2738394836451239,3351.082898632257,3071.333101367742,52.067558796042654
2020-07-30,GOOGL,3174.42,3233.88,3085.67,3159.78,2266259,3159.78,-0.017518003059587284,3212.5724999999998,3156.0517999999997,2815.8133499999994,0.2766594404637033,3349.7199565453475,3075.425043454652,51.82012518535675
2020-07-31,GOOGL,3101.16,3173.2,3070.98,3122.09,888836,3122.09,-0.011928045623429528,3211.169,3155.6756,2819.6047,0.27940984808454417,3351.5422875923673,3070.7957124076324,45.04931892808724
2020-08-03,GOOGL,3117.05,3164.72,3087.97,3126.34,505356,3126.34,0.0013612676124006295,3206.165,3155.5548,2823.29935,0.26418375819548856,3351.3035547095387,3061.026445290461,32.679249625086285
2020-08-04,GOOGL,3164.15,3243.09,3115.1,3179.1,1441489,3179.1,0.01687596358681387,3206.3,3155.737,2827.3291499999996,0.2663213504407157,3351.3269628652224,3061.273037134778,38.86605120964268
2020-08-05,GOOGL,3195.96,3238.12,3173.06,3205.59,771369,3205.59,0.008332546947249275,3207.3705,3156.0744,2831.6799,0.26780221151164674,3352.0255780268817,3062.7154219731183,38.73372202537745
2020-08-06,GOOGL,3232.64,3279.97,3158.48,3219.23,1782051,3219.23,0.004255066929956586,3208.8640000000005,3156.3176000000003,2836.2861,0.2681151499046175,3353.3528222812633,3064.3751777187376,39.60039925560264
2020-08-07,GOOGL,3215.61,3242.81,3205.45,3224.13,1030316,3224.13,0.0015221031116137151,3213.2650000000003,3156.9192000000003,2840.98215,0.26020877631927286,3353.7291734431547,3072.800826556846,42.81004080333842
2020-08-10,GOOGL,3249.31,3316.44,3175.01,3245.72,1527766,3245.72,0.006696380108742517,3216.2845,3159.1669999999995,2845.66455,0.25562388374365036,3356.8165636161957,3075.7524363838047,53.84082754410755
2020-08-11,GOOGL,3231.04,3302.58,3211.62,3257.1,2102068,3257.1,0.003506155799021471,3213.7925,3162.7401999999997,2850.2279000000003,0.21530039254632768,3349.2311816977185,3078.3538183022815,59.18286218898286
2020-08-12,GOOGL,3224.29,3261.57,3147.9,3204.74,739913,3204.74,-0.016075650118203333,3208.6825,3164.5464,2854.6190500000002,0.22209028470787892,3336.8399051704223,3080.5250948295775,61.449208895069255
2020-08-13,GOOGL,3199.62,3238.21,3177.74,3207.97,956902,3207.97,0.0010078820746768358,3202.3475,3166.3808000000004,2859.23595,0.219271908011604,3315.986388242839,3088.7086117571607,52.32666950026208
2020-08-14,GOOGL,3163.56,3212.67,3095.71,3154.19,1164222,3154.19,-0.01676449592733087,3193.0525000000002,3167.2607999999996,2863.5317999999997,0.2250529935090735,3288.1521633732214,3097.952836626779,45.9681638127605
2020-08-17,GOOGL,3173.38,3223.73,3094.56,3159.14,2219633,3159.14,0.0015693410986654666,3185.856,3168.6434000000004,2867.9994999999994,0.2233239955842548,3266.601419919092,3105.110580080908,48.62825612554652
2020-08-18,GOOGL,3117.59,3181.15,3090.44,3135.79,922164,3135.79,-0.007391252049608443,3182.19,3169.8432000000003,2872.4409499999997,0.20189592263211023,3265.118279983781,3099.261720016219,39.047203510821454
2020-08-19,GOOGL,3291.85,3323.41,3210.02,3266.71,946031,3266.71,0.04175024475491029,3186.8285,3172.6054,2877.2930499999998,0.24890329696844465,3277.8015757799135,3095.8554242200867,62.11561557961971
2020-08-20,GOOGL,3273.11,3311.65,3219.39,3265.52,1452923,3265.52,-0.00036428088198836583,3194.8605,3175.6616,2881.9831,0.23342697226092657,3283.7104770400406,3106.010522959959,67.71659378703023
2020-08-21,GOOGL,3189.28,3266.92,3120.75,3193.84,952590,3193.84,-0.021950562238173377,3194.9745,3178.5892,2886.2821000000004,0.22883947621905268,3283.812496488078,3106.1365035119215,57.14709245521144
2020-08-24,GOOGL,3167.6,3235.54,3140.17,3187.85,1275491,3187.85,-0.001875485309220326,3195.0389999999998,3180.6506,2890.78315,0.22887253441819114,3283.8531432313034,3106.224856768696,51.028322950489134
2020-08-25,GOOGL,3243.77,3285.54,3145.12,3215.33,645136,3215.33,0.008620229935536461,3197.314,3183.4467999999997,2895.3796999999995,0.2298511873019092,3285.7393960663417,3108.888603933658,51.14201294269768
2020-08-26,GOOGL,3320.33,3372.94,3234.01,3303.48,2909710,3303.48,0.027415537440947046,3201.682,3187.9583999999995,2900.2169999999996,0.24410480177349742,3301.8675711011215,3101.496428898878,58.40902285494017
2020-08-27,GOOGL,3254.24,3316.6,3230.12,3273.36,699938,3273.36,-0.009117657742743979,3207.361,3190.2464,2904.9705,0.2371690081907678,3310.382094804669,3104.3399051953306,54.678145844944616
2020-08-28,GOOGL,3182.03,3223.04,3161.74,3192.39,1055084,3192.39,-0.02473605103013421,3210.8759999999997,3190.9186,2909.0621499999997,0.25100746948853914,3306.1531870636018,3115.5988129363977,45.44616172720308
2020-08-31,GOOGL,3255.3,3277.72,3192.81,3235.26,1184509,3235.26,0.013428810389708223,3216.3219999999997,3192.138,2913.1167499999997,0.25471759882508255,3303.3481208459243,3129.295879154075,48.23026059789446
2020-09-01,GOOGL,3177.83,3233.58,3097.31,3165.44,2578987,3165.44,-0.021580954853705814,3215.639,3193.1304,2916.4919,0.2610982262987016,3304.0977480188844,3127.180251981116,46.903073285017136
2020-09-02,GOOGL,3161.0,3174.32,3114.25,3144.28,706369,3144.28,-0.006684694702790095,3212.5735,3193.9014,2919.6968500000007,0.2601146283301442,3306.5742745265684,3118.5727254734315,45.1190165985138
2020-09-03,GOOGL,3128.52,3180.72,3083.69,3132.2,2653297,3132.2,-0.003841897032071051,3208.2219999999998,3193.805,2922.7198,0.25959908275365273,3308.755912707237,3107.6880872927627,48.19969544532804
2020-09-04,GOOGL,3143.12,3195.67,3063.46,3129.57,1624487,3129.57,-0.0008396654108931978,3203.4939999999997,3195.1813999999995,2925.43685,0.25940068470282024,3309.616634204688,3097.3713657953112,47.569895299771595
2020-09-07,GOOGL,3157.94,3203.33,3126.93,3165.13,1417875,3165.13,0.011362583358097034,3199.4645,3197.0552000000002,2928.2352499999997,0.26184046754104473,3304.954422786442,3093.974577213558,52.36376526580986
2020-09-08,GOOGL,3113.46,3187.43,3075.67,3131.55,809343,3131.55,-0.010609358857298079,3193.187,3198.1416000000004,2930.9663,0.26331680210965,3299.17704562999,3087.1969543700097,37.08530805587988
2020-09-09,GOOGL,3126.99,3149.62,3087.79,3118.71,1507990,3118.71,-0.004100205968290527,3188.8855000000003,3198.9138000000003,2933.7220999999995,0.2581058176279995,3299.7711880282104,3077.99981197179,36.27764380291277
2020-09-10,GOOGL,3148.54,3148.54,3096.43,3118.85,898460,3118.85,4.489035530719221e-05,3184.4295,3198.6410000000005,2936.426,0.2580174445599424,3299.18131869452,3069.6776813054803,41.90854355815463
2020-09-11,GOOGL,3115.32,3192.49,3061.85,3127.17,1991695,3127.17,0.0026676499350721805,3183.0785,3198.1812,2939.4315,0.2516959497037906,3299.9460574765817,3066.2109425234185,43.48535600659456
2020-09-14,GOOGL,3130.48,3154.79,3111.05,3132.92,813749,3132.92,0.0018387231906165091,3181.7675,3196.3112,2942.49125,0.25172446520766045,3300.341547373538,3063.1934526264617,40.71938557046317
2020-09-15,GOOGL,3166.69,3188.62,3122.8,3155.71,1146894,3155.71,0.007274363852252774,3182.7635,3195.8974,2945.4383500000004,0.25162637667572674,3300.038969553369,3065.488030446631,30.486226658144375
2020-09-16,GOOGL,3202.13,3270.19,3128.76,3199.48,960993,3199.48,0.013870095794607185,3179.402,3196.2034000000003,2949.0429999999997,0.20628845065015805,3290.2226020368294,3068.5813979631707,40.583256855898426
2020-09-17,GOOGL,3242.64,3258.93,3182.1,3220.52,808408,3220.52,0.006576068611149344,3177.152,3196.8266,2952.4414,0.20801758872678897,3282.2923650465464,3072.0116349534537,54.231984351559376
2020-09-18,GOOGL,3261.84,3324.23,3165.48,3244.86,1614216,3244.86,0.007557785699203956,3179.703,3199.0016000000005,2955.7277499999996,0.1937520775341167,3288.944007935448,3070.461992064552,51.529539224009255
2020-09-21,GOOGL,3136.65,3242.43,3086.77,3164.6,1486619,3164.6,-0.02473450318349646,3178.5405,3198.5869999999995,2958.7041499999996,0.2139734896888828,3287.9112249342684,3069.1697750657318,49.8704743085851
2020-09-22,GOOGL,3199.59,3200.85,3135.17,3168.01,1946291,3168.01,0.0010775453453832906,3176.1745,3195.8084000000003,2961.5819,0.2114730655107503,3284.233697708892,3068.115302291108,53.87099931240678
2020-09-23,GOOGL,3209.39,3211.86,3174.69,3193.27,588823,3193.27,0.00797345967973584,3170.664,3193.535,2964.58175,0.18709907414063182,3261.209722186813,3080.1182778131874,59.55144045533576
2020-09-24,GOOGL,3255.13,3293.34,3169.89,3231.62,1836735,3231.62,0.012009632758896105,3168.577,3191.474,2967.5120500000003,0.19087475401613488,3250.6874022130855,3086.466597786915,64.3566585045412
2020-09-25,GOOGL,3206.55,3241.7,3152.06,3196.88,3269055,3196.88,-0.01075002630259736,3168.8015000000005,3188.6097999999997,2970.0553999999997,0.1730119715148086,3251.2100509807847,3086.3929490192163,54.47700160533947
2020-09-28,GOOGL,3186.76,3186.76,3142.01,3164.21,1001666,3164.21,-0.010219338855384064,3165.2490000000003,3185.8326,2972.7295499999996,0.16921970807961628,3241.4896143732835,3089.008385626717,54.61716805936256
2020-09-29,GOOGL,3111.82,3196.19,3076.07,3136.13,2560956,3136.13,-0.008874252973095964,3163.7835,3184.3730000000005,2975.13555,0.1541146396523541,3241.127467825313,3086.439532174687,52.360945460443865
2020-09-30,GOOGL,3154.39,3181.82,3146.23,3164.02,1080103,3164.02,0.008893126241577898,3164.7705,3184.1746000000003,2977.7210499999997,0.15562859011406147,3241.56840361047,3087.9725963895303,55.69364963123072
2020-10-01,GOOGL,3241.9,3289.76,3145.59,3217.67,693057,3217.67,0.01695627714110537,3169.0440000000003,3186.4303999999997,2980.5535999999997,0.1653875035805398,3247.700313133818,3090.387686866183,60.237556559177996
2020-10-02,GOOGL,3178.56,3222.49,3172.78,3197.64,1061909,3197.64,-0.006225001320831591,3172.4475,3186.552,2983.436,0.16744614991009432,3249.791886895406,3095.1031131045943,57.09213640571732
2020-10-05,GOOGL,3217.94,3269.8,3217.94,3245.31,1825042,3245.31,0.01490786955379586,3176.4565,3187.7270000000003,2986.1813500000003,0.17075988769219935,3260.2472027314266,3092.665797268573,59.31083215389816
2020-10-06,GOOGL,3271.36,3280.3,3224.92,3252.61,858173,3252.61,0.0022493999032451306,3182.5095,3189.3826,2988.7332499999993,0.16485688434683302,3270.047972137834,3094.971027862166,55.97382446022256
2020-10-07,GOOGL,3268.82,3325.63,3168.44,3247.03,943825,3247.03,-0.0017155453620323335,3188.9255,3190.0008000000003,2991.4148999999998,0.16391080050268403,3275.5807663022315,3102.270233697768,53.088087969752294
2020-10-08,GOOGL,3215.11,3298.01,3175.89,3236.95,1521561,3236.95,-0.0031043753830424237,3194.8305,3191.5442,2994.3289,0.16480533736626637,3277.3778242195376,3112.2831757804624,49.04691905273473
2020-10-09,GOOGL,3299.96,3345.64,3207.84,3276.74,1201469,3276.74,0.012292435780596023,3202.309,3194.6371999999997,2997.5199000000007,0.16888186766945698,3286.1377128049953,3118.480287195005,64.97196261439353
2020-10-12,GOOGL,3307.06,3337.43,3252.08,3294.75,1516144,3294.75,0.0054963164608727855,3210.4005,3198.0054000000005,3000.7053,0.1692214553265032,3297.2161060371354,3123.584893962865,66.28630171953733
2020-10-13,GOOGL,3419.24,3457.94,3377.79,3417.87,1319764,3417.87,0.03736854086045982,3223.5085000000004,3202.7808,3004.4515,0.209280200303313,3346.9816245038905,3100.03537549611,73.0614424161679
2020-10-14,GOOGL,3394.77,3405.17,3339.82,3372.49,1453786,3372.49,-0.013277275028014568,3232.159,3206.1188,3007.69685,0.21455606319035975,3371.7359207132963,3092.582079286704,64.25838579546219
2020-10-15,GOOGL,3396.0,3451.2,3351.79,3401.49,1009445,3401.49,0.008598987691586846,3241.2075,3209.7639999999997,3010.9102500000004,0.2151572190741612,3399.7788646247764,3082.6361353752236,70.95340501588657
2020-10-16,GOOGL,3353.08,3427.83,3319.63,3373.73,1316549,3373.73,-0.008161129387415422,3247.6510000000003,3212.756,3013.7653999999998,0.21778909650925762,3416.9571178862143,3078.3448821137863,71.67418380228524
2020-10-19,GOOGL,3313.72,3386.73,3269.34,3328.04,828094,3328.04,-0.013542873911071784,3255.823,3214.4024000000004,3016.3147500000005,0.20263814045922385,3424.024607364545,3087.621392635455,69.15460624619587
2020-10-20,GOOGL,3328.71,3362.12,3294.61,3328.36,2009116,3328.36,9.615269047258401e-05,3263.8405,3215.8276,3019.17175,0.202765689672917,3429.6881445384856,3097.992855461514,67.35814778625412
2020-10-21,GOOGL,3338.68,3416.58,3256.6,3336.59,931100,3336.59,0.002472689252364546,3271.0065,3218.4646,3022.10925,0.20175136958719952,3436.399880415541,3105.613119584459,63.89382185041938
2020-10-22,GOOGL,3518.4,3526.38,3467.67,3497.03,1884873,3497.03,0.04808502093454692,3284.2770000000005,3224.2457999999997,3025.61,0.2577179975416828,3476.7398804239133,3091.8141195760877,76.33759698599727
2020-10-23,GOOGL,3508.01,3572.48,3402.89,3487.69,1092948,3487.69,-0.0026708378252403575,3298.8174999999997,3230.9158,3029.0717999999997,0.2531073651437057,3506.7949288234586,3090.8400711765407,72.864312125462
2020-10-26,GOOGL,3431.69,3444.27,3407.97,3426.12,1300984,3426.12,-0.017653518517987576,3311.9129999999996,3236.2554,3032.10895,0.2601128431977539,3517.16832588517,3106.657674114829,64.84742687801358
2020-10-27,GOOGL,3461.38,3492.38,3391.72,3442.05,984457,3442.05,0.004649574445728888,3327.2090000000003,3242.3806,3035.2936,0.25554913762069253,3522.6695520465264,3131.748447953474,66.3976053527569
2020-10-28,GOOGL,3310.05,3369.44,3291.72,3330.58,799253,3330.58,-0.032384770703505206,3335.5369999999994,3243.658,3038.14635,0.2868392054791319,3515.283331443469,3155.79066855653,56.72580992630678
2020-10-29,GOOGL,3296.65,3373.1,3280.07,3326.59,597152,3326.59,-0.0011979895393594564,3340.983,3244.8794,3041.0026500000004,0.2820897271131811,3512.0851690594814,3169.880830940519,53.77508519386167
2020-10-30,GOOGL,3353.22,3382.97,3273.71,3328.34,786778,3328.34,0.0005260642279329986,3347.518,3247.5694,3043.79565,0.28055163245909803,3505.0110431346307,3190.0249568653694,52.60795974978416
2020-11-02,GOOGL,3343.22,3418.08,3325.61,3371.85,1054174,3371.85,0.013072582728927973,3353.8450000000003,3251.2494,3046.947,0.27951859846696275,3504.047831916734,3203.6421680832664,45.922959706859
2020-11-03,GOOGL,3408.36,3471.27,3380.16,3425.72,1306136,3425.72,0.01597639278141072,3362.5004999999996,3255.4572,3050.4155499999997,0.2838553234476528,3508.0183539923655,3216.982646007634,54.64590570152907
2020-11-04,GOOGL,3412.43,3465.96,3332.34,3399.15,1797637,3399.15,-0.007756033768083759,3370.1065000000003,3257.3706,3053.9514,0.285916982125509,3505.7811048882995,3234.431895111701,49.79489516741969
2020-11-05,GOOGL,3385.75,3455.38,3328.4,3391.89,1004026,3391.89,-0.0021358280746658354,3377.8534999999997,3259.7412,3057.204,0.28568826378047035,3498.3608831807405,3257.346116819259,51.65108920841706
2020-11-06,GOOGL,3376.7,3424.09,3278.87,3351.48,843274,3351.48,-0.011913711824381057,3381.5905,3262.9230000000007,3060.3152499999997,0.2875903408765465,3493.2025705555693,3269.9784294444303,52.15180112229626
2020-11-09,GOOGL,3279.12,3325.35,3259.5,3292.43,673838,3292.43,-0.017619081719121188,3381.4745000000003,3264.0664,3062.8065500000002,0.2947148381000025,3493.470750966466,3269.4782490335347,47.022655329623746
2020-11-10,GOOGL,3277.38,3366.59,3252.8,3309.69,1454041,3309.69,0.005242328614427638,3376.0654999999997,3266.9514,3065.03435,0.26100582997700744,3491.0696166266225,3261.061383373377,47.803794780266394
2020-11-11,GOOGL,3230.88,3298.0,3189.63,3243.81,2086732,3243.81,-0.019905187494901333,3369.6315000000004,3268.942,3066.9474,0.26599198870958296,3498.981334459709,3240.2816655402917,25.55130730244136
2020-11-12,GOOGL,3228.27,3263.19,3183.29,3223.24,1991431,3223.24,-0.006341308523002298,3360.719,3270.7627999999995,3068.98275,0.26351204711671405,3504.576317893794,3216.861682106206,25.008977677994054
2020-11-13,GOOGL,3165.31,3219.9,3126.47,3173.19,1594076,3173.19,-0.01552785396061096,3350.692,3271.6352,3071.22635,0.26686567496553226,3516.943510619227,3184.440489380773,25.565623972877276
2020-11-16,GOOGL,3204.32,3238.19,3165.98,3202.09,1549200,3202.09,0.009107554227764547,3344.3945,3272.3744,3073.9279000000006,0.2670260295598472,3523.3177142833642,3165.4712857166355,27.38530553703133
2020-11-17,GOOGL,3321.45,3322.46,3270.79,3296.62,2366402,3296.62,0.029521343872283223,3342.8075,3275.6757999999995,3077.3879,0.28928837542861774,3522.8888442952234,3162.7261557047764,46.69392523237204
2020-11-18,GOOGL,3256.2,3259.51,3199.6,3229.56,1370470,3229.56,-0.020342047309061972,3337.4559999999997,3277.8927999999996,3080.2185499999996,0.2975811099884367,3524.5403874214494,3150.37161257855,41.58704284845364
2020-11-19,GOOGL,3121.39,3158.36,3113.77,3136.06,1553908,3136.06,-0.028951312253062356,3319.4075,3278.2369999999996,3082.5534000000002,0.24915617113797842,3511.2595363937735,3127.555463606226,35.6168277422898
2020-11-20,GOOGL,3128.29,3189.08,3072.23,3130.66,1055493,3130.66,-0.0017219058308833857,3301.5559999999996,3278.3068,3084.7741499999997,0.2493124668392802,3493.919316494201,3109.192683505798,30.86735098533714
2020-11-23,GOOGL,3135.37,3189.35,3075.24,3132.29,695937,3132.29,0.0005206569860669585,3286.8645000000006,3278.2942,3087.46835,0.24565704482858478,3483.9940601188428,3089.7349398811584,24.61985572621886
2020-11-24,GOOGL,3172.37,3219.62,3068.63,3144.13,912818,3144.13,0.0037799820578554577,3271.9685,3278.0626,3090.46445,0.24525315397890807,3464.698517466528,3079.238482533472,27.3653566223185
2020-11-25,GOOGL,3153.74,3183.79,3061.42,3122.6,1195611,3122.6,-0.006847681234554592,3261.5695,3276.525,3093.1675,0.22228537409534074,3463.2210703124833,3059.917929687517,26.68928861970251
2020-11-26,GOOGL,3096.97,3132.25,3094.63,3113.44,1229534,3113.44,-0.002933452891820898,3250.9120000000003,3274.3834,3095.76185,0.2221710958596447,3460.4699192993417,3041.354080700659,28.21582839081374
2020-11-27,GOOGL,3146.88,3203.72,3061.59,3132.66,2593052,3132.66,0.0061732360347397375,3241.1279999999997,3272.1394,3098.4793,0.2243252938040095,3453.7150147641482,3028.540985235851,34.22896965534282
2020-11-30,GOOGL,3178.34,3257.01,3115.21,3186.11,1239654,3186.11,0.0170621771912689,3231.841,3272.5696000000003,3101.34295,0.22850807023100037,3436.4621679022985,3027.2198320977013,38.61475530560768
2020-12-01,GOOGL,3058.44,3131.66,3046.0,3088.83,1922947,3088.83,-0.030532530264178015,3214.9965,3270.986,3103.37,0.23746947273998512,3407.5253725060156,3022.4676274939848,36.50282170885698
2020-12-02,GOOGL,3041.34,3122.83,3020.13,3071.48,1008325,3071.48,-0.005617013561769357,3198.613,3268.5502,3105.35405,0.23726820622229983,3380.640230363209,3016.5857696367907,36.70870555173602
2020-12-03,GOOGL,3080.41,3158.44,3007.25,3082.85,1059345,3082.85,0.0037017984815137517,3183.161,3265.5748,3107.3764499999997,0.23908412201560833,3347.737568121812,3018.5844318781883,41.51290819476686
2020-12-04,GOOGL,3038.01,3086.27,2991.18,3038.72,705194,3038.72,-0.014314676354671874,3167.523,3262.4116000000004,3109.1331999999993,0.24019993720982288,3323.99519226302,3011.0508077369805,35.079002647746606
2020-12-07,GOOGL,3095.08,3197.12,3052.71,3124.92,891714,3124.92,0.028367207245155956,3159.1475,3261.6258,3110.79295,0.26206230014442994,3305.0437320317733,3013.251267968227,34.07590146817584
2020-12-08,GOOGL,3105.72,3114.76,3073.54,3094.15,1481587,3094.15,-0.009846652074293138,3148.3705,3260.7862,3112.7564500000003,0.2616396554263186,3278.427880935516,3018.313119064484,36.53521070637895
2020-12-09,GOOGL,3080.21,3120.23,3065.67,3092.95,1203634,3092.95,-0.00038782864437736375,3140.8275000000003,3259.3648,3114.56175,0.25421071693475894,3264.9417748268947,3016.713225173106,44.749470195536276
2020-12-10,GOOGL,3125.18,3164.56,3078.31,3121.44,1749792,3121.44,0.009211270793255677,3135.7374999999997,3257.4402,3116.53085,0.2568766605736733,3253.824506972849,3017.6504930271503,48.936857154455275
2020-12-11,GOOGL,3080.57,3144.52,3041.25,3092.89,1290233,3092.89,-0.009146419601209765,3131.7225,3255.3452,3118.2292500000003,0.2532204031817924,3249.908245667418,3013.5367543325815,45.722412818343436
2020-12-14,GOOGL,2983.66,3067.71,2939.61,3003.66,1042206,3003.66,-0.028850039930291782,3121.801,3250.5121999999997,3119.6218,0.2682096736491264,3248.148124500283,2995.453875499717,36.94346848006765
2020-12-15,GOOGL,2978.4,3057.84,2910.04,2983.94,2833861,2983.94,-0.006565323638494269,3106.1670000000004,3245.1387999999993,3120.92275,0.23907861341633757,3217.97756707436,2994.3564329256405,37.068193687012354
2020-12-16,GOOGL,3018.07,3073.09,2995.55,3034.32,1155762,3034.32,0.016883717501022133,3096.4049999999997,3240.8845999999994,3122.3159499999997,0.24358405439528896,3196.3132103997427,2996.4967896002568,43.147885127300974
2020-12-17,GOOGL,3020.93,3036.79,3000.87,3018.83,1910799,3018.83,-0.005104932900946602,3090.5434999999998,3236.5222000000003,3122.9241,0.22379225489733037,3194.3358614014023,2986.751138598597,40.077753176267734
2020-12-18,GOOGL,2961.09,3041.66,2916.4,2979.03,1022078,2979.03,-0.013183915622939968,3082.9620000000004,3230.5679999999998,3123.1407499999996,0.22740278719036497,3196.143179503045,2969.780820496956,31.509393527321393
2020-12-21,GOOGL,3024.81,3075.98,2972.63,3024.31,1593864,3024.31,0.015199578386253076,3077.563,3225.1592000000005,3123.7777,0.23570532932953536,3191.1376669493147,2963.9883330506855,43.6491062276339
2020-12-22,GOOGL,2988.54,3036.16,2982.17,3009.16,1739378,3009.16,-0.00500940710443043,3070.8144999999995,3216.985,3124.43285,0.23508500400112411,3183.772977229072,2957.856022770927,43.83897500669537
2020-12-23,GOOGL,2995.72,3029.98,2941.04,2985.51,1304367,2985.51,-0.007859336160257246,3063.96,3209.2454,3125.0699000000004,0.2353839597058574,3180.275016725295,2947.6449832747053,40.60497258789196
2020-12-24,GOOGL,3008.67,3052.88,2934.06,2993.47,467913,2993.47,0.0026662111331061666,3057.9615,3201.085,3126.1477,0.23597136764694027,3175.895066897083,2940.027933102917,45.30475024252544
2020-12-25,GOOGL,3007.82,3093.31,2969.57,3031.44,1208793,3031.44,0.012684276107661097,3052.9005,3194.2392,3127.4847499999996,0.24000768923749585,3165.921968938732,2939.8790310612685,39.22147403249446
2020-12-28,GOOGL,3148.02,3197.27,3102.82,3150.05,1963062,3150.05,0.039126619692291476,3051.0975,3190.6794,3129.24805,0.2731682258420982,3156.032605134029,2946.162394865971,55.359745338699405
2020-12-29,GOOGL,3165.48,3228.34,3157.43,3192.89,1481883,3192.89,0.01359978413041052,3056.3005,3187.97,3131.5041,0.2528241033359418,3178.0802707642138,2934.520729235786,58.873774682440285
2020-12-30,GOOGL,3259.96,3333.21,3173.94,3253.58,1434271,3253.58,0.019007858084681972,3065.4055,3186.3098000000005,3133.8278999999998,0.25832181463116094,3215.825787052173,2914.9852129478268,61.098232881718445
2020-12-31,GOOGL,3213.01,3287.19,3169.25,3228.22,602552,3228.22,-0.007794490991461789,3072.674,3180.9336,3135.91185,0.2611209676714279,3239.7682860719983,2905.5797139280016,61.42738925428541
2021-01-01,GOOGL,3178.28,3218.35,3134.71,3176.53,899550,3176.53,-0.01601191988154449,3079.5645,3174.7104000000004,3137.8977,0.2626299985719547,3252.042411260102,2907.0865887398977,65.58538740165139
2021-01-04,GOOGL,3181.67,3214.31,3146.82,3180.56,1414625,3180.56,0.0012686799746892685,3082.3464999999997,3169.7992000000004,3139.9314,0.24397702165235524,3259.632573342123,2905.060426657876,68.24271664324479
2021-01-05,GOOGL,3213.94,3249.42,3124.36,3186.89,1414073,3186.89,0.0019902155595241666,3086.9835000000003,3164.696,3141.6336000000006,0.24059557326095962,3270.317624916677,2903.649375083324,65.41578255852114
2021-01-06,GOOGL,3136.3,3164.06,3102.38,3133.22,1950699,3133.22,-0.016840869939031444,3088.997,3160.7488,3142.8955,0.2493163401979435,3273.4879283863525,2904.5060716136472,60.7301652799088
2021-01-07,GOOGL,3130.48,3151.65,3098.93,3125.29,1132440,3125.29,-0.0025309426085623477,3089.1895,3156.7228000000005,3144.11185,0.2475169741314432,3273.8309335066333,2904.5480664933666,64.59214621896345
2021-01-08,GOOGL,3139.99,3195.25,3097.11,3146.18,1411497,3146.18,0.0066841797081229615,3091.854,3153.0796,3145.4834,0.24598246972587812,3278.2499635208287,2905.458036479171,62.78079576970254
2021-01-11,GOOGL,3193.66,3199.42,3131.05,3165.24,1207885,3165.24,0.006058140347977581,3099.933,3148.9474,3146.92875,0.21965980359354004,3284.228718212863,2915.637281787137,66.23533327592729
2021-01-12,GOOGL,3209.44,3247.85,3135.64,3191.75,808596,3191.75,0.00837535226396735,3110.3234999999995,3144.268,3148.62005,0.21768255074129017,3290.469678337176,2930.177321662823,71.32605368532374
2021-01-13,GOOGL,3193.75,3231.12,3183.91,3207.51,486754,3207.51,0.004937730085376346,3118.9829999999997,3140.4352000000003,3150.85885,0.21196742038539854,3300.3921110229066,2937.573888977093,71.78125126998634
2021-01-14,GOOGL,3204.37,3240.06,3124.86,3182.46,1425789,3182.46,-0.007809796384111056,3127.1645,3136.2466,3152.5101999999997,0.2135277084668463,3304.2633297949847,2950.065670205015,65.78320304142602
2021-01-15,GOOGL,3152.99,3190.94,3123.59,3157.26,1286467,3157.26,-0.007918402745046182,3136.076,3132.3621999999996,3153.9962,0.2090955478843696,3299.1727366029822,2972.979263397018,50.93633931400976
2021-01-18,GOOGL,3118.48,3118.48,3082.61,3098.12,937115,3098.12,-0.018731431684435362,3139.7665,3128.4759999999997,3155.0912,0.2173456761523373,3295.383583661739,2984.1494163382613,38.192419823740515
2021-01-19,GOOGL,3209.32,3212.77,3164.69,3188.73,627916,3188.73,0.02924676900830181,3148.745,3126.0568,3156.64865,0.2372691551109152,3292.9351607710255,3004.5548392289743,42.48081070288541
2021-01-20,GOOGL,3170.43,3265.8,3114.76,3190.28,1543754,3190.28,0.00048608693743279474,3158.9835,3124.9862,3158.3782,0.23402687918260456,3281.8777763902776,3036.089223609722,45.34387118787788
2021-01-21,GOOGL,3192.48,3250.75,3108.63,3179.69,1078912,3179.69,-0.0033194578532291796,3168.2945,3124.1152,3160.0932000000003,0.23524550465059785,3263.483410339363,3073.1055896606367,50.43131687948775
2021-01-22,GOOGL,3120.52,3163.95,3103.33,3133.64,1499409,3133.64,-0.014482543895788624,3173.4044999999996,3123.3242,3161.93255,0.2403148960333934,3245.936089190798,3100.872910809201,44.254787675418605
2021-01-25,GOOGL,3271.93,3352.8,3217.66,3285.23,2529295,3285.23,0.0483750526544211,3180.1635,3124.987,3164.0128000000004,0.2607571098106611,3267.262690225347,3093.0643097746533,58.88186416036064
2021-01-26,GOOGL,3217.02,3285.64,3174.71,3230.18,509538,3230.18,-0.016756817635295018,3182.0280000000002,3123.6582,3166.09455,0.26542335151959745,3271.8288752976664,3092.227124702334,58.73544992464177
2021-01-27,GOOGL,3223.44,3287.32,3130.6,3208.96,907085,3208.96,-0.0065692933520732355,3179.797,3123.2462,3168.29685,0.2574470566809538,3264.165905996011,3095.428094003989,57.361817444519204
2021-01-28,GOOGL,3213.8,3271.56,3190.96,3231.26,1103593,3231.26,0.006949291982449202,3179.949,3125.1502,3170.7040500000003,0.25727685208395035,3264.695339501856,3095.2026604981443,57.46735008986706
2021-01-29,GOOGL,3230.75,3324.12,3202.54,3263.33,2147387,3263.33,0.009924920928677805,3184.2889999999998,3127.8036000000006,3172.9815000000003,0.25206019606551866,3276.8299887905473,3091.748011209452,58.416997029607785
2021-02-01,GOOGL,3328.9,3335.42,3293.85,3314.63,623604,3314.63,0.015720138631398095,3190.9925000000003,3131.4503999999997,3175.50835,0.25707940497117004,3300.300704512291,3081.6842954877097,60.11391321386448
2021-02-02,GOOGL,3390.38,3456.94,3368.71,3412.82,2603003,3412.82,0.029623215864214014,3202.2889999999998,3136.8242,3178.7975,0.27489079326208504,3349.82507086517,3054.7529291348296,64.87947703191962
2021-02-03,GOOGL,3414.29,3525.06,3357.96,3441.51,1267015,3441.51,0.008406537701959094,3217.7035000000005,3143.2024,3181.94705,0.2644357956511491,3396.0566457560244,3039.3503542439767,68.67565424127824
2021-02-04,GOOGL,3367.0,3438.18,3331.36,3384.77,1154793,3384.77,-0.016486949042716748,3230.6775000000002,3148.6289999999995,3184.64365,0.2740560110315915,3418.2387061645795,3043.116293835421,65.68839730113548
2021-02-05,GOOGL,3363.7,3408.07,3335.53,3371.8,1108599,3371.8,-0.003831870407738136,3241.9585,3153.4118,3187.1484,0.27529833963338635,3435.1759897036645,3048.741010296336,70.1555411521502
2021-02-08,GOOGL,3387.74,3414.47,3364.27,3389.37,1007846,3389.37,0.005210866599442365,3253.165,3157.4770000000003,3189.5717000000004,0.27521481643393286,3453.5144059991885,3052.8155940008114,66.55773420325505
2021-02-09,GOOGL,3472.44,3571.19,3437.53,3504.36,1824978,3504.36,0.033926658936616505,3268.7955,3165.7876,3191.99865,0.29534394226266203,3495.954302090929,3041.6366979090712,71.83172996579316
2021-02-10,GOOGL,3460.05,3489.14,3366.44,3427.79,782636,3427.79,-0.02184992409455655,3279.8095000000003,3172.9138000000003,3193.50145,0.31016715724936916,3515.6517760615925,3043.967223938408,65.79651088638587
2021-02-11,GOOGL,3510.44,3538.95,3451.72,3495.33,1377798,3495.33,0.019703657458595814,3295.453,3181.1633999999995,3195.5085999999997,0.3122232866043541,3545.202466052886,3045.703533947114,72.41537450759947
2021-02-12,GOOGL,3493.96,3590.58,3422.14,3506.36,1029063,3506.36,0.0031556390955933544,3312.9080000000004,3190.5162,3197.15935,0.3086561336889651,3570.659899036379,3055.1561009636216,66.5956201297865
2021-02-15,GOOGL,3541.76,3574.0,3535.3,3554.65,884677,3554.65,0.013772116953193692,3335.7345,3199.1108000000004,3198.9495500000003,0.2962160680168512,3594.2547932053208,3077.2142067946793,74.6008158050489
2021-02-16,GOOGL,3546.17,3589.13,3510.51,3549.82,3376067,3549.82,-0.0013587835651892588,3353.7889999999998,3208.2241999999997,3200.5831,0.28554186781668905,3619.419730379832,3088.1582696201676,76.50214592108131
2021-02-17,GOOGL,3512.09,3585.3,3421.19,3503.24,1418985,3503.24,-0.013121792090866724,3369.4370000000004,3216.43,3202.4099499999998,0.2927251521860199,3631.3577246960062,3107.5162753039945,70.37730759861947
2021-02-18,GOOGL,3521.47,3587.05,3506.05,3546.55,1533615,3546.55,0.012362841255523671,3387.78,3224.9322,3204.4918,0.2922131778754322,3645.093035405305,3130.4669645946956,70.86796345270827
2021-02-19,GOOGL,3562.55,3620.87,3548.85,3584.86,1891617,3584.86,0.010802047059818687,3410.3410000000003,3234.7715999999996,3206.9632500000002,0.28275746211749436,3652.511407066936,3168.1705929330647,70.29942458649327
2021-02-22,GOOGL,3668.22,3699.16,3584.91,3642.04,679622,3642.04,0.015950413684216347,3428.1815,3247.5391999999997,3209.5102500000003,0.2398418383768891,3683.7456434593737,3172.6173565406266,68.34934357835908
2021-02-23,GOOGL,3624.5,3720.47,3564.03,3642.25,2418719,3642.25,5.765999275131328e-05,3448.785,3260.7054000000003,3211.7832,0.2264044226703661,3703.5780196929036,3193.991980307096,66.83721398219193
2021-02-24,GOOGL,3599.8,3633.93,3582.96,3608.45,439876,3608.45,-0.009279978035555025,3468.7595,3272.188,3214.4033,0.2286127137996625,3706.452274858678,3231.0667251413224,69.51219512025334
2021-02-25,GOOGL,3546.66,3604.52,3436.52,3520.52,882333,3520.52,-0.024367803350468953,3483.2225,3282.2218,3216.585,0.25262157921710465,3693.7128457093936,3272.732154290606,61.472829942820006
2021-02-26,GOOGL,3579.59,3642.52,3493.37,3567.95,998709,3567.95,0.013472441571131588,3498.4534999999996,3294.0001999999995,3218.72025,0.25395794524306775,3684.6287158614846,3312.2782841385147,63.16961651786963
2021-03-01,GOOGL,3581.83,3624.2,3562.22,3593.21,1514387,3593.21,0.007079695623537496,3512.3825000000006,3305.3782,3221.0244000000002,0.25076895889945555,3681.5589115541343,3343.206088445867,57.55180444216816
2021-03-02,GOOGL,3552.07,3607.16,3470.98,3539.07,1309714,3539.07,-0.015067307504988525,3518.6949999999997,3315.9763999999996,3222.8698,0.24055333903737472,3681.5321512634528,3355.8578487365467,59.833168385342745
2021-03-03,GOOGL,3475.95,3554.23,3465.09,3509.66,1122541,3509.66,-0.008310092764483357,3522.1025,3326.4594,3224.4745000000003,0.24189587593734588,3680.9421017007057,3363.262898299294,51.35775331011538
2021-03-04,GOOGL,3500.92,3529.95,3439.04,3484.5,1194255,3484.5,-0.0071687855803695966,3527.089,3336.28,3225.8616500000003,0.23508040904888397,3673.555464191122,3380.6225358088777,47.98279934912195
2021-03-05,GOOGL,3402.83,3474.06,3333.37,3403.71,811486,3403.71,-0.023185535944898805,3528.6845000000003,3343.7254000000003,3226.9099499999998,0.2504970994436335,3668.5760452808727,3388.792954719128,36.85969982847089
2021-03-08,GOOGL,3381.44,3441.9,3278.88,3360.39,659303,3360.39,-0.012727288752567123,3527.2355000000002,3347.9321999999997,3228.04525,0.2541732693342405,3673.6511505116673,3380.819849488333,34.54465349202286
2021-03-09,GOOGL,3330.89,3330.89,3276.01,3300.87,1604682,3300.87,-0.017712229830466053,3517.061,3350.0918,3229.1574,0.2265149467908253,3695.0473803069062,3339.074619693094,33.83032104371637
2021-03-10,GOOGL,3307.98,3324.05,3236.06,3280.05,1583763,3280.05,-0.006307428041698038,3509.674,3350.6212,3229.9855000000007,0.21572147182146315,3713.629370391654,3305.718629608346,27.91241214628235
2021-03-11,GOOGL,3268.94,3289.8,3195.0,3242.4,2261705,3242.4,-0.011478483559701824,3497.0275,3350.9048000000003,3230.61625,0.20184613596558165,3733.501813181696,3260.5531868183043,21.58574225830175
2021-03-12,GOOGL,3160.71,3199.52,3120.36,3159.94,874865,3159.94,-0.025431778929188242,3479.7065000000002,3350.573,3230.865,0.2141537845500679,3759.9924536278454,3199.420546372155,11.6101290011745
2021-03-15,GOOGL,3255.63,3304.8,3224.72,3264.76,1583199,3264.76,0.03317151591485912,3465.2119999999995,3352.2569999999996,3231.73875,0.24559253083476867,3758.844310039214,3171.579689960785,24.233116270987082
2021-03-16,GOOGL,3329.42,3351.89,3311.61,3331.75,1071263,3331.75,0.020519119322706558,3454.3085,3355.1542,3233.0185,0.26068263550839754,3750.8927561229743,3157.724243877026,31.93156588683945
2021-03-17,GOOGL,3303.88,3352.96,3229.79,3291.38,1931914,3291.38,-0.012116755458842943,3443.7155,3358.3174,3233.8324,0.26019090616241425,3747.975679899785,3139.4553201002145,34.04628623878821
2021-03-18,GOOGL,3332.05,3352.04,3261.27,3306.65,1805985,3306.65,0.0046393913799074316,3431.7205000000004,3361.9446,3234.8021000000003,0.25555067666448045,3737.8206341133796,3125.620365886621,30.954255225468174
2021-03-19,GOOGL,3310.21,3359.34,3300.1,3329.72,1305786,3329.72,0.00697684968170198,3418.9635000000003,3365.6153999999997,3236.2134,0.2530853373608549,3719.4051790958156,3118.521820904185,30.73311981685856
2021-03-22,GOOGL,3423.1,3467.09,3322.33,3394.71,1047608,3394.71,0.019518157682928416,3406.597,3370.2048000000004,3237.76305,0.2570202864569432,3688.143934675698,3125.0500653243025,39.60900610308284
2021-03-23,GOOGL,3372.57,3422.0,3280.89,3351.45,1762431,3351.45,-0.012743356575377618,3392.057,3373.3988,3239.1427000000003,0.25875629541267736,3651.5329237264655,3132.581076273534,38.83470479393683
2021-03-24,GOOGL,3444.12,3461.69,3361.21,3411.45,1554390,3411.45,0.017902698831848918,3382.207,3377.4776,3240.81045,0.2692146131173251,3621.247425658435,3143.1665743415647,45.086300834580584
2021-03-25,GOOGL,3408.32,3419.7,3345.49,3382.59,912602,3382.59,-0.008459745855867618,3375.3105000000005,3381.4802,3241.9285999999997,0.25789092192872937,3605.337944904934,3145.283055095067,48.47266415869451
2021-03-26,GOOGL,3297.39,3370.79,3253.14,3311.96,705535,3311.96,-0.020880449596315298,3362.511,3384.5742,3242.6945,0.2596055659009055,3575.2434663218737,3149.778533678126,46.630769015802166
2021-03-29,GOOGL,3325.06,3387.54,3315.4,3351.47,1069197,3351.47,0.01192949190207604,3350.424,3389.6412,3243.5804000000003,0.26280014879139935,3533.3474520834443,3167.5005479165557,53.621010446900385
2021-03-30,GOOGL,3395.8,3455.6,3389.07,3422.34,2200065,3422.34,0.021145944913724568,3344.5875,3394.3133999999995,3245.113,0.2726327089019956,3508.6433328420317,3180.5316671579685,59.50183639287742
2021-03-31,GOOGL,3553.09,3637.96,3498.02,3567.99,1898219,3567.99,0.04255860025596503,3347.504,3401.8676,3247.4243,0.3127169467135091,3525.4055870347775,3169.6024129652224,69.00145900091505
2021-04-01,GOOGL,3509.1,3521.43,3480.78,3501.1,769042,3501.1,-0.018747249852157588,3348.3340000000003,3408.2958000000003,3249.2446999999997,0.31936228569754205,3529.059251711914,3167.6087482880866,70.27865617230094
2021-04-02,GOOGL,3562.99,3565.86,3517.02,3541.44,752178,3541.44,0.011522093056468119,3355.2205000000004,3416.4518,3251.64815,0.30891710693574864,3554.3859308913175,3156.0550691086833,67.81125273471179
2021-04-05,GOOGL,3547.35,3547.35,3501.18,3519.25,1998096,3519.25,-0.006265812776723556,3363.1635,3421.1321999999996,3253.8872,0.30561984702850814,3575.436787237833,3150.8902127621673,62.80912692870704
2021-04-06,GOOGL,3573.43,3593.34,3535.88,3564.61,761905,3564.61,0.012889109895574347,3376.3504999999996,3427.8208,3256.3241,0.29800351972740097,3604.5042007762813,3148.196799223718,68.53940208041968
2021-04-07,GOOGL,3448.23,3504.89,3448.23,3482.67,1471143,3482.67,-0.02298708694639806,3386.4814999999994,3433.295,3258.33695,0.31125494548243837,3614.6247304750614,3158.3382695249375,60.95251132354356
2021-04-08,GOOGL,3392.52,3499.0,3328.87,3413.94,937904,3413.94,-0.019734858599867344,3395.0585,3436.9485999999997,3259.7441999999996,0.31772568108842764,3613.0674455697617,3177.0495544302385,54.95866795321658
2021-04-09,GOOGL,3345.74,3409.08,3336.39,3372.74,2291346,3372.74,-0.012068167571779309,3405.6985,3439.1367999999998,3260.8570999999997,0.3052908688783272,3594.1608324392414,3217.2361675607585,48.66917848796218
2021-04-12,GOOGL,3368.68,3404.89,3350.94,3377.92,881748,3377.92,0.0015358432609688943,3411.3565000000003,3440.4026,3261.6146000000003,0.2843615373505802,3588.4550250942098,3234.257974905791,51.680955101640286
2021-04-13,GOOGL,3344.45,3377.2,3311.51,3344.36,1895847,3344.36,-0.00993510799545283,3411.987,3439.0334000000003,3262.4544,0.2783365806523021,3587.9785378468587,3235.9954621531415,45.591462852849524
2021-04-14,GOOGL,3349.86,3460.93,3300.53,3380.73,1292095,3380.73,0.010875025415924,3416.4545,3437.8178,3263.4371499999997,0.2766556430041194,3583.8831224006076,3249.025877599392,49.87897243603978
2021-04-15,GOOGL,3427.25,3490.62,3384.72,3437.67,1327369,3437.67,0.01684251626128086,3423.0055,3438.8758000000003,3264.6787,0.28184435766548976,3582.404627842219,3263.6063721577816,58.3281438384368
2021-04-16,GOOGL,3449.47,3514.44,3429.06,3471.75,545636,3471.75,0.009913691541072911,3430.107,3440.8747999999996,3266.3569,0.2827106832730168,3584.586502997431,3275.627497002569,58.02615774614659
2021-04-19,GOOGL,3574.3,3643.88,3483.74,3563.81,497159,3563.81,0.02651688629653637,3438.5620000000004,3444.3635999999997,3268.2493,0.2893960941437498,3603.069180531226,3274.054819468775,59.180521485251546
2021-04-20,GOOGL,3586.02,3634.87,3542.29,3588.58,1098664,3588.58,0.006950426650130126,3450.4184999999998,3446.048,3269.6575,0.28394803270150143,3622.4972928797865,3278.339707120213,51.58479703095367
2021-04-21,GOOGL,3520.01,3561.53,3479.15,3520.34,1324564,3520.34,-0.019015878146787846,3455.8630000000003,3447.8990000000003,3270.7245000000003,0.2894286178297276,3629.6325979830044,3282.093402016996,51.47781737630473
2021-04-22,GOOGL,3593.75,3631.87,3566.04,3598.96,765093,3598.96,0.02233307010118346,3466.6814999999997,3449.9716000000003,3272.0459499999997,0.2956241316274327,3648.0200421656236,3285.3429578343757,54.17271197150714
2021-04-23,GOOGL,3597.76,3610.01,3520.48,3565.25,776346,3565.25,-0.009366594794051664,3479.346,3451.1494000000002,3273.17175,0.28581164332047426,3650.267116357397,3308.424883642603,53.28215080663001
2021-04-26,GOOGL,3597.9,3659.56,3577.53,3618.55,1502169,3618.55,0.014949863263445717,3492.7,3452.4274,3274.7491500000006,0.28714281650140844,3663.2875475186784,3322.1124524813213,53.80555947403235
2021-04-27,GOOGL,3713.06,3780.67,3642.99,3711.83,1503000,3711.83,0.025778281355791632,3507.1745,3455.6676,3277.26275,0.2912538186649789,3700.2671874763987,3314.0818125236015,65.91300483178324
2021-04-28,GOOGL,3757.72,3780.43,3699.7,3740.07,1135672,3740.07,0.007608107052316626,3515.7785000000003,3460.4042000000004,3280.0934,0.25432821710980813,3733.9835922533184,3297.5734077466823,73.9960267809051
2021-04-29,GOOGL,3656.74,3713.02,3592.16,3652.59,1639517,3652.59,-0.02338993655198962,3523.353,3462.525,3282.8319500000002,0.2599396096652539,3749.7752478468396,3296.9307521531605,69.2779300924874
2021-04-30,GOOGL,3631.19,3631.19,3577.55,3600.3,750242,3600.3,-0.014315869013494575,3526.2960000000007,3462.8338,3284.87565,0.2638631064797078,3755.22434515817,3297.3676548418316,64.38533391867236
2021-05-03,GOOGL,3669.33,3710.77,3645.84,3678.31,1040756,3678.31,0.021667638807877143,3534.2490000000007,3463.5591999999997,3287.3344,0.2722210881448643,3772.9880097465275,3295.509990253474,70.42782514957855
2021-05-04,GOOGL,3666.7,3717.61,3621.12,3669.37,2319780,3669.37,-0.0024304639902563707,3539.487,3464.1016,3289.8321,0.26977687650702464,3785.516376346156,3293.457623653844,68.26927945597781
2021-05-05,GOOGL,3644.8,3762.28,3587.8,3675.04,1233246,3675.04,0.0015452243845675007,3549.1055,3465.4334000000003,3292.1267000000003,0.25371529999494374,3800.7593098658854,3297.451690134115,66.06695636745464
2021-05-06,GOOGL,3729.06,3767.62,3674.26,3720.94,1262187,3720.94,0.012489659976490097,3564.4555,3469.4418,3294.9325,0.2412088190072463,3818.832229776121,3310.078770223879,66.60137772856802
2021-05-07,GOOGL,3747.71,3832.46,3694.85,3763.66,3018319,3763.66,0.01148096986245406,3584.0015,3473.356,3298.1403499999997,0.23423673785007917,3836.420283459496,3331.5827165405035,64.25118016900393
2021-05-10,GOOGL,3755.82,3819.71,3743.31,3781.51,685631,3781.51,0.004742723837966256,3604.1809999999996,3477.1219999999994,3301.4162,0.23377459748417487,3851.7133175838553,3356.648682416144,63.89485055686782
2021-05-11,GOOGL,3773.29,3798.36,3741.5,3769.93,1650195,3769.93,-0.0030622687762297263,3625.4595,3481.7392000000004,3304.3703499999997,0.22887545912818172,3851.1530355252958,3399.765964474704,69.57292303678845
2021-05-12,GOOGL,3754.56,3775.29,3728.99,3752.14,2334776,3752.14,-0.0047189205104604115,3644.03,3486.5888,3307.1031,0.2312467988322365,3844.6666804896545,3443.393319510346,63.27935362909022
2021-05-13,GOOGL,3772.76,3847.3,3762.76,3805.03,1053774,3805.03,0.014095955907828639,3662.398,3492.9994,3310.0321000000004,0.2296324874649125,3850.351241844913,3474.444758155087,70.1177970920199
2021-05-14,GOOGL,3855.15,3871.24,3808.62,3839.93,1692444,3839.93,0.00917206960260497,3680.8070000000007,3501.7238,3313.1111000000005,0.2294451035513698,3862.14334107287,3499.4706589271314,69.16577206605889
2021-05-17,GOOGL,3834.66,3857.63,3792.75,3825.19,810190,3825.19,-0.003838611641358014,3693.8759999999993,3511.0198,3316.00845,0.21691384517293594,3877.37176405841,3510.3802359415886,61.35871743314826
2021-05-18,GOOGL,3868.84,3971.76,3814.36,3893.06,911766,3893.06,0.017742909502534543,3709.1,3522.8635999999997,3319.18825,0.2224156982047287,3905.85655168657,3512.3434483134297,64.20177115849685
2021-05-19,GOOGL,3883.71,3906.75,3865.42,3886.08,1399770,3886.08,-0.001792934092975762,3727.3869999999997,3534.9842,3322.59495,0.20642673576785495,3918.169716540406,3536.6042834595933,75.48294152084173
2021-05-20,GOOGL,3851.43,3896.48,3772.58,3834.53,1651606,3834.53,-0.013265295619235729,3739.1655,3546.8268,3325.72775,0.20553437975871128,3925.6014239694064,3552.7295760305938,75.6050635102244
2021-05-21,GOOGL,3791.51,3836.98,3741.58,3789.28,1878918,3789.28,-0.011800663966639924,3750.3670000000006,3559.4136,3328.9032,0.20768713320234294,3918.863490808406,3581.8705091915954,63.06666980457593
2021-05-24,GOOGL,3723.62,3787.88,3674.96,3731.42,2248296,3731.42,-0.015269391546679056,3756.0105000000003,3568.7468000000003,3331.7646000000004,0.21252713370920726,3913.0916762618285,3598.929323738172,56.551578501126144
2021-05-25,GOOGL,3702.99,3776.61,3655.79,3716.2,1168058,3716.2,-0.0040788761383067085,3756.2290000000003,3576.4358,3334.6666500000006,0.19304982314143432,3913.0633814212933,3599.394618578707,54.25998757863869
2021-05-26,GOOGL,3799.69,3834.03,3748.6,3791.32,1934340,3791.32,0.02021419729831564,3758.7915000000003,3586.4346,3337.2897000000003,0.20438070502699493,3916.1879468635593,3601.395053136441,56.86875390225609
2021-05-27,GOOGL,3776.69,3784.62,3702.99,3743.81,1046445,3743.81,-0.012531255604908087,3763.3525,3595.1778000000004,3339.6811500000003,0.19052861904464546,3912.8811836591967,3613.823816340803,48.0806791578714
2021-05-28,GOOGL,3769.04,3830.01,3682.26,3756.14,1721434,3756.14,0.0032934363656274,3771.1445,3603.7062000000005,3342.4926499999997,0.18141895542862638,3899.663207624546,3642.625792375454,47.520475379375476
2021-05-31,GOOGL,3686.27,3801.27,3634.51,3717.89,1303844,3717.89,-0.01018332650007725,3773.1235,3610.1697999999997,3345.1428499999997,0.17097607633448367,3896.748991371529,3649.4980086284713,45.16590495182194
2021-06-01,GOOGL,3700.53,3736.23,3670.66,3703.44,1434179,3703.44,-0.0038866131058207243,3774.8269999999998,3617.2096,3347.5834000000004,0.1713949081188789,3893.262821590426,3656.3911784095735,45.44791744440989
2021-06-02,GOOGL,3644.29,3644.29,3590.88,3616.02,1421517,3616.02,-0.023605080681744606,3771.876,3621.301,3349.1461000000004,0.19146936188787686,3903.038019598941,3640.7139804010594,33.40416190979424
2021-06-03,GOOGL,3575.03,3687.0,3521.53,3604.27,631561,3604.27,-0.003249428930149678,3766.0425000000005,3625.7346000000002,3350.80065,0.1850901506224239,3915.802454435896,3616.282545564105,28.43126487205194
2021-06-04,GOOGL,3629.23,3637.21,3550.97,3594.09,765422,3594.09,-0.002824427692708853,3757.564,3631.3772000000004,3352.8091500000005,0.1786078046419236,3925.9354536875303,3589.1925463124694,28.670579982276777
2021-06-07,GOOGL,3658.85,3684.4,3568.16,3626.28,1250243,3626.28,0.008956370040817063,3749.8025000000002,3636.8734000000004,3354.7642499999997,0.1813978805828696,3927.5751256678805,3572.02987433212,23.641465438226774
2021-06-08,GOOGL,3609.54,3684.63,3595.87,3640.25,611041,3640.25,0.0038524327961435567,3743.3185,3641.2316000000005,3357.1382999999996,0.18253380692897955,3927.3497012762186,3559.287298723781,26.04229607179694
2021-06-09,GOOGL,3603.05,3603.05,3545.24,3572.08,1673313,3572.08,-0.018726735801112615,3734.3154999999997,3641.3133999999995,3359.2772999999997,0.19214045806813648,3933.521433802474,3535.1095661975255,25.22514018095579
2021-06-10,GOOGL,3625.63,3696.61,3574.55,3635.58,1700536,3635.58,0.017776757519428532,3725.843,3644.0029999999997,3361.7942,0.19671796282032977,3926.7916777212167,3524.894322278783,35.97422981365227
2021-06-11,GOOGL,3673.98,3705.39,3592.26,3648.83,1367781,3648.83,0.00364453539737819,3716.2879999999996,3646.1508000000003,3364.3905000000004,0.1934300277514268,3912.513413194032,3520.062586805967,41.79531501344074
2021-06-14,GOOGL,3655.45,3694.59,3628.25,3661.42,766337,3661.42,0.0034504210938848257,3708.0995000000003,3648.9942000000005,3366.87195,0.19447790048063276,3898.780154440627,3517.4188455593735,44.52943996040705
2021-06-15,GOOGL,3657.55,3713.28,3610.48,3661.88,2084183,3661.88,0.0001256343167406193,3696.5405,3650.9396,3369.5236,0.1801462383462701,3866.9637674348464,3526.1172325651537,34.808224964820155
2021-06-16,GOOGL,3642.41,3708.72,3556.59,3632.66,2710697,3632.66,-0.007979507793810847,3683.8695,3653.9394,3372.09335,0.18093547548390487,3831.056341012979,3536.6826589870207,36.36965638900944
2021-06-17,GOOGL,3666.35,3707.62,3585.04,3646.33,1272714,3646.33,0.0037630826997296918,3674.4595,3658.5872000000004,3374.73075,0.1785828913198625,3804.1096406377187,3544.809359362281,36.57809176788303
2021-06-18,GOOGL,3640.91,3700.68,3640.91,3675.18,1471872,3675.18,0.007912065007829705,3668.7545,3664.636,3377.4708,0.17860602800793213,3786.6387755417873,3550.8702244582128,44.656841892998735
2021-06-21,GOOGL,3581.52,3631.91,3517.8,3574.86,1300848,3574.86,-0.02729662220625917,3660.9265,3668.5748000000003,3379.6805,0.19525919968158367,3782.0380162980473,3539.8149837019528,36.759072371968074
2021-06-22,GOOGL,3522.92,3612.69,3477.58,3545.14,1483596,3545.14,-0.008313612281320215,3652.3735,3672.5903999999996,3381.6276500000004,0.1964126362572177,3780.9783821657034,3523.768617834297,41.716529542389594
2021-06-23,GOOGL,3520.78,3605.31,3458.02,3531.66,1143962,3531.66,-0.003802388622170083,3639.3905000000004,3675.6090000000004,3383.28855,0.17752436670142915,3761.1804210202467,3517.600578979754,41.54852526810139
2021-06-24,GOOGL,3536.35,3609.5,3484.77,3547.13,1183523,3547.13,0.004380376366921013,3629.5564999999997,3677.7982,3384.9215999999997,0.17623468302816078,3747.548600409138,3511.5643995908613,44.600561098688296
2021-06-25,GOOGL,3614.26,3645.62,3587.37,3616.49,1723933,3616.49,0.01955383648188813,3622.5739999999996,3680.6929999999998,3386.77975,0.1922172917669597,3724.453588038823,3520.6944119611762,48.962989639036714
2021-06-28,GOOGL,3561.23,3641.7,3504.47,3573.08,3066605,3573.08,-0.012003351315778565,3615.3334999999997,3680.8784,3388.8221500000004,0.19337235544437495,3708.9378285718217,3521.729171428178,43.302690089923146
2021-06-29,GOOGL,3517.85,3611.45,3479.93,3545.69,685431,3545.69,-0.00766565540094255,3607.446000000001,3680.0206000000007,3390.71055,0.19434657715112244,3696.252848574295,3518.6391514257066,47.135818010679856
2021-06-30,GOOGL,3492.76,3537.0,3492.76,3517.69,1151190,3517.69,-0.007896911461520939,3602.5294999999996,3679.9675999999995,3392.3326500000003,0.178661506141835,3699.8199542243037,3505.2390457756956,36.13678590628682
2021-07-01,GOOGL,3441.4,3519.79,3427.84,3473.81,748366,3473.81,-0.012474095215894598,3596.0065000000004,3677.4646000000002,3393.5436,0.18293426197949186,3709.0276848377066,3482.9853151622942,30.801632222299986
2021-07-02,GOOGL,3453.45,3495.8,3415.22,3455.51,2268528,3455.51,-0.005267991053051202,3589.0775000000003,3675.2698,3394.83675,0.1833247983249434,3718.408464074482,3459.746535925519,27.692674364856686
2021-07-05,GOOGL,3531.15,3563.69,3434.99,3499.34,948594,3499.34,0.012684090047489383,3582.7305,3672.8856,3396.5124000000005,0.18669931194958883,3716.7485439501506,3448.7124560498496,33.90374331456792
2021-07-06,GOOGL,3415.31,3473.85,3409.68,3441.77,673707,3441.77,-0.016451673744191764,3572.8065,3667.4844,3398.0406,0.19249136993469868,3717.833267514841,3427.7797324851595,32.10126582194202
2021-07-07,GOOGL,3497.29,3524.65,3408.06,3466.35,1548979,3466.35,0.007141674196706971,3567.5199999999995,3662.01,3399.55225,0.1857612703170958,3720.166231942783,3414.8737680572162,33.46258453309966
2021-07-08,GOOGL,3389.9,3452.65,3295.65,3374.15,2411010,3374.15,-0.026598583524456543,3554.4485,3656.4411999999998,3400.33465,0.19158087084570263,3726.1407912502227,3382.756208749777,25.22427614302127
2021-07-09,GOOGL,3354.09,3414.99,3274.8,3344.89,1564804,3344.89,-0.008671813641954351,3539.2515,3651.333,3401.0708999999997,0.19034135119582057,3728.660317032071,3349.842682967929,28.565569949855657
2021-07-12,GOOGL,3337.88,3406.19,3250.23,3328.21,1302441,3328.21,-0.00498671107271087,3522.5910000000003,3644.3309999999997,3401.4854000000005,0.1881455906687658,3724.9307361812803,3320.2512638187204,29.277239639269624
2021-07-13,GOOGL,3441.88,3503.55,3335.52,3419.53,1413371,3419.53,0.02743817247108815,3510.4735,3639.3342000000002,3402.32,0.21974694875639156,3706.6232655820936,3314.3237344179065,40.67525987431278
2021-07-14,GOOGL,3378.69,3423.21,3378.69,3405.46,2113315,3405.46,-0.004114600544519287,3499.1135000000004,3633.9426000000003,3403.1121500000004,0.2190888595875507,3691.752935463784,3306.4740645362167,38.19121446939287
2021-07-15,GOOGL,3288.81,3345.9,3231.1,3288.5,845896,3288.5,-0.034344846217544744,3481.222,3625.2938,3403.3698999999997,0.24356989118906613,3682.562510484407,3279.8814895155933,24.670630936218416
2021-07-16,GOOGL,3198.42,3228.09,3143.62,3185.86,1147496,3185.86,-0.031211798692412862,3456.756,3613.7378,3402.9155,0.2552883051134198,3676.9008363811427,3236.611163618857,22.60287541699718
2021-07-19,GOOGL,3194.0,3259.23,3117.69,3188.46,1001246,3188.46,0.0008161061691347449,3437.436,3601.8768000000005,3402.3840499999997,0.24493028260392397,3680.5611566277757,3194.3108433722246,23.805892445506927
2021-07-20,GOOGL,3242.24,3253.13,3188.48,3220.8,752146,3220.8,0.010142827571931301,3421.219,3590.8941999999997,3401.3986999999997,0.25089685026613057,3677.032637585557,3165.405362414443,28.36803986943569
2021-07-21,GOOGL,3213.36,3320.89,3161.29,3241.09,1052292,3241.09,0.006299677098857481,3406.6904999999997,3580.6732,3400.7417,0.25390289962887497,3669.016383104077,3144.3646168959226,32.43993722012834
2021-07-22,GOOGL,3263.07,3306.83,3194.52,3250.67,1869012,3250.67,0.0029557957353854025,3391.8675000000003,3569.5860000000002,3399.9876,0.25331692195939365,3654.2835393746377,3129.451460625363,34.337533642523965
2021-07-23,GOOGL,3314.85,3381.73,3243.46,3312.59,1505255,3312.59,0.019048380795343656,3376.6724999999997,3559.0391999999997,3399.6819,0.25269300320118887,3618.7282735534213,3134.616726446578,36.10511748261861
2021-07-26,GOOGL,3277.07,3307.06,3262.96,3285.01,1552778,3285.01,-0.008325811525120796,3362.2690000000002,3548.2356000000004,3399.46675,0.25153249320803295,3588.9076550297714,3135.630344970229,37.79165757993665
2021-07-27,GOOGL,3322.64,3362.19,3304.39,3333.29,1272408,3333.29,0.014697063327052229,3351.649,3537.0402000000004,3399.4914000000003,0.2596907467730925,3561.3731099911943,3141.9248900088055,40.00630895788006
2021-07-28,GOOGL,3256.11,3313.77,3182.75,3248.26,1479421,3248.26,-0.02550933162131097,3338.1775000000002,3524.2838,3399.0497499999997,0.2713965794691387,3537.3415457803544,3139.013454219646,40.44187988677218
2021-07-29,GOOGL,3227.48,3227.48,3185.02,3202.44,871173,3202.44,-0.014106013681170926,3324.6090000000004,3511.6420000000003,3397.5768,0.27214621552717494,3521.8325794486727,3127.385420551328,39.44986742819349
2021-07-30,GOOGL,3111.78,3178.42,3045.62,3112.02,1060263,3112.02,-0.02823472102521829,3307.4345000000003,3498.0968,3395.6984500000003,0.2855380436652055,3516.150453287867,3098.7185467121335,35.56519997262747
2021-08-02,GOOGL,3119.33,3119.33,3082.85,3099.21,1295793,3099.21,-0.004116297453101159,3287.428,3485.4525999999996,3394.0639,0.2778087875974208,3495.398483290349,3079.457516709651,26.107646865224325
2021-08-03,GOOGL,3091.69,3153.96,3041.56,3097.76,1340882,3097.76,-0.0004678611646192765,3270.2275,3473.0838,3392.34245,0.27554634164178277,3481.3303845573714,3059.1246154426285,26.60858724020477
2021-08-04,GOOGL,3079.58,3142.45,3066.07,3104.26,1363966,3104.26,0.002098290377563039,3252.123,3459.3426,3391.2108500000004,0.2731438474330744,3454.324957416787,3049.921042583213,33.16705039567236
2021-08-05,GOOGL,3080.92,3161.74,3054.63,3108.18,1135402,3108.18,0.0012627808237710703,3238.8244999999997,3446.63,3390.1188,0.26209066320334107,3442.2161349235257,3035.4328650764737,41.340794576673666
2021-08-06,GOOGL,3035.74,3121.19,3005.27,3063.23,1031848,3063.23,-0.01446183940441026,3224.7415,3432.7718,3388.79325,0.2642661492566051,3436.0609971228014,3013.422002877199,37.24459654806282
2021-08-09,GOOGL,3047.43,3090.95,3018.55,3054.75,4243676,3054.75,-0.0027683197148108407,3211.0685000000003,3419.509,3387.20775,0.2643021158679163,3429.468436309569,2992.6685636904317,32.22276941427499
2021-08-10,GOOGL,2973.53,3004.6,2961.88,2983.24,1724671,2983.24,-0.023409444308044924,3189.254,3405.105,3384.99535,0.24460809211623424,3407.1386667777847,2971.369333222215,25.123010129567263
2021-08-11,GOOGL,3063.15,3069.35,3030.36,3049.85,1415638,3049.85,0.022328072833563528,3171.4735,3393.7816000000003,3383.24885,0.26542028280155416,3372.4530618072527,2970.4939381927475,32.54589069591215
2021-08-12,GOOGL,3050.64,3086.84,2984.96,3035.9,1093122,3035.9,-0.004573995442398782,3158.8435,3382.4141999999997,3381.4689000000003,0.24234260079913875,3360.604358681298,2957.082641318702,23.76400978488418
2021-08-13,GOOGL,2986.0,3059.5,2966.62,3013.06,1001835,3013.06,-0.0075233044566686,3150.2035,3370.7936,3379.7768,0.22050832725015473,3361.659756546495,2938.7472434535052,23.979562546001986
2021-08-16,GOOGL,3074.25,3152.84,3030.14,3091.49,1138829,3091.49,0.026030015997026146,3145.3550000000005,3360.0977999999996,3378.7720999999997,0.24285975779060412,3357.5633689505607,2933.14663104944,28.12635692503656
2021-08-17,GOOGL,3017.79,3077.54,2985.41,3031.47,1349120,3031.47,-0.019414586493891273,3135.8885,3347.9221999999995,3377.3810000000003,0.24680707747065542,3350.8006798880565,2920.9763201119436,29.459362148883926
2021-08-18,GOOGL,2981.01,3018.23,2938.12,2978.18,565608,2978.18,-0.017578930353920663,3122.743,3336.0442000000003,3376.0528499999996,0.24952926990434335,3342.6654485418844,2902.8205514581155,29.048170708160427
2021-08-19,GOOGL,2906.38,2965.13,2889.25,2927.19,640546,2927.19,-0.017121194823684238,3106.569,3321.8764,3374.5726,0.25215902476128066,3334.318464835065,2878.819535164935,31.358547654182487
2021-08-20,GOOGL,2903.4,2940.98,2903.4,2924.81,930129,2924.81,-0.0008130664562259193,3087.18,3307.396,3373.3307,0.23627973329268434,3306.9668125923413,2867.3931874076584,32.032473418675366
2021-08-23,GOOGL,2972.03,2980.38,2911.38,2945.88,1303662,2945.88,0.007203886748199162,3070.2235,3293.0851999999995,3372.0496499999995,0.24072834304467142,3277.7316114230084,2862.7153885769917,34.96058937598633
2021-08-24,GOOGL,2999.9,3054.88,2908.65,2981.76,1090473,2981.76,0.012179722188276454,3052.647,3279.4827999999998,3370.4753499999997,0.23810305164897158,3222.461956764948,2882.832043235052,38.53683186004731
2021-08-25,GOOGL,3088.02,3177.71,3038.04,3107.87,2167490,3107.87,0.042293813050010565,3045.6274999999996,3268.987,3369.8669,0.2802502602308287,3191.2846202119886,2899.9703797880106,49.976390305251
2021-08-26,GOOGL,2993.22,3033.57,2964.07,2998.82,663227,2998.82,-0.0350883402458918,3035.4465,3256.0368,3369.1807,0.301317558125712,3162.190096001524,2908.702903998476,45.53086967897
2021-08-27,GOOGL,3020.25,3079.75,2978.24,3029.0,888503,3029.0,0.010063958490339475,3031.2954999999997,3243.1132000000002,3368.6724000000004,0.2893920836419751,3152.8097627930338,2909.7812372069657,48.26554943261479
2021-08-30,GOOGL,3020.41,3068.83,2937.03,3002.93,2204185,3002.93,-0.008606800924397584,3026.4815,3231.6746,3368.0256,0.2904306564401771,3144.2376098248496,2908.72539017515,51.41274556126713
2021-08-31,GOOGL,2976.31,3016.84,2934.56,2975.7,1264616,2975.7,-0.009067810438471713,3020.3785,3220.2858,3367.1834499999995,0.2916590806667717,3135.1955954217283,2905.5614045782713,44.36113096682677
2021-09-01,GOOGL,2925.2,2962.93,2925.2,2947.14,1709598,2947.14,-0.009597741707833451,3012.5225,3208.5953999999997,3366.30615,0.29251360070858856,3124.643227014882,2900.401772985118,43.39681594910345
2021-09-02,GOOGL,2919.27,2924.24,2886.53,2905.39,2725959,2905.39,-0.014166276457854066,3002.3830000000003,3195.7606,3365.2659,0.2950441514150204,3114.7577010488567,2890.008298951144,42.20922996687322
2021-09-03,GOOGL,2979.41,3030.97,2940.17,2985.57,909190,2985.57,0.02759698353749429,2998.5,3183.1422000000002,3364.53045,0.31109556130303423,3107.3331553585285,2889.6668446414715,42.35521681304787
2021-09-06,GOOGL,3012.55,3100.72,2953.08,3026.9,1153263,3026.9,0.013843252712212317,2997.1075,3172.2185999999997,3363.7343999999994,0.31547257746680324,3103.597757498683,2890.617242501317,49.66101443367122
2021-09-07,GOOGL,3021.31,3085.98,2971.71,3028.85,1076107,3028.85,0.0006442234629489008,2999.388,3161.8818,3363.4345000000003,0.3033965956863439,3106.579020951673,2892.1969790483267,54.068376341661796
2021-09-08,GOOGL,3095.74,3115.75,3076.0,3095.88,549077,3095.88,0.02213051158030277,3001.6895,3153.4456000000005,3363.5565,0.3032125595453794,3115.2310070824615,2888.1479929175384,63.20428323045093
2021-09-09,GOOGL,3013.19,3049.24,2996.11,3022.67,1059887,3022.67,-0.023647557398865593,3001.028,3144.4228,3363.2556,0.31512268787563974,3113.8823748377986,2888.173625162201,56.89543404622811
2021-09-10,GOOGL,2944.53,3020.26,2899.35,2959.8,1707015,2959.8,-0.020799491839995743,2998.3650000000002,3134.5085999999997,3362.8610000000003,0.3227403943062335,3112.5298574374565,2884.200142562544,50.92627095992419
2021-09-13,GOOGL,2853.41,2921.63,2796.8,2859.22,1489674,2859.22,-0.03398202581255505,2986.7515,3121.7062,3361.5325,0.3271006475036434,3108.061253549938,2865.4417464500616,42.49234162407192
2021-09-14,GOOGL,2800.97,2877.25,2779.09,2828.17,1537188,2828.17,-0.01085960506711614,2976.5865,3109.4341999999997,3360.2026,0.3230325541291882,3114.985671624497,2838.1873283755026,30.604404748102127
2021-09-15,GOOGL,2851.72,2887.0,2785.53,2836.26,1032639,2836.26,0.0028605069709388697,2969.4905000000003,3096.8324,3358.91915,0.3191475151739248,3121.4357767802317,2817.545223219769,36.892013932853054
2021-09-16,GOOGL,2823.01,2857.53,2823.01,2841.71,923008,2841.71,0.001921544569256639,2965.2165,3086.1836,3357.5205,0.31450054095880764,3126.682270369711,2803.750729630289,34.27059712693409
2021-09-17,GOOGL,2823.29,2910.74,2787.82,2849.28,1993763,2849.28,0.002663888996414121,2961.44,3076.2714,3356.30245,0.3148131491517685,3130.2510273276016,2792.6289726723985,36.68197971654066
2021-09-20,GOOGL,2795.0,2844.29,2728.57,2786.43,983531,2786.43,-0.022058204177897722,2953.4674999999997,3065.4357999999997,3355.2163,0.32161261232260197,3139.5499352553416,2767.385064744658,34.548630952563116
2021-09-21,GOOGL,2838.71,2851.98,2794.5,2823.24,1349797,2823.24,0.013210452083849189,2945.5415,3053.51,3354.4127999999996,0.3222603206931713,3139.8711180016417,2751.211881998358,40.01965459376164
2021-09-22,GOOGL,2852.65,2889.21,2780.5,2834.85,1281018,2834.85,0.004112296510392355,2931.8905,3042.0977999999996,3353.4154500000004,0.2771639522875934,3116.3122547934236,2747.4687452065764,44.02790477053679
2021-09-23,GOOGL,2868.71,2895.75,2842.41,2869.08,2153314,2869.08,0.012074712947774957,2925.4035,3033.7094,3352.6666999999998,0.2578863656302321,3109.038177298023,2741.7688227019767,39.3055836062092
2021-09-24,GOOGL,2767.85,2800.42,2767.85,2784.25,1769835,2784.25,-0.02956696920267121,2913.166,3025.6772,3351.6928000000003,0.2711554162340617,3100.31918661188,2726.0128133881203,29.3710574185789
2021-09-27,GOOGL,2812.2,2824.18,2773.67,2798.92,714778,2798.92,0.005268923408458415,2902.9655,3017.8863999999994,3350.5658500000004,0.272542459896093,3091.750293263129,2714.1807067368704,30.86627277950886
2021-09-28,GOOGL,2757.95,2770.53,2723.43,2746.98,746246,2746.98,-0.01855715776085065,2891.5294999999996,3008.41,3349.25495,0.277214718934764,3089.260893080381,2693.7981069196185,20.218178092933897
2021-09-29,GOOGL,2716.46,2762.41,2698.22,2730.32,1512683,2730.32,-0.0060648421175253375,2880.6884999999997,2998.1946000000003,3347.979,0.2765251976076491,3089.0704987453028,2672.3065012546967,22.378639858821103
2021-09-30,GOOGL,2776.73,2791.34,2717.69,2754.51,1169511,2754.51,0.008859767353277315,2873.1445,2988.2713999999996,3346.7842,0.2770105323498538,3088.5667945483037,2657.722205451696,29.074674331015373
2021-10-01,GOOGL,2737.45,2801.14,2717.42,2759.28,1000252,2759.28,0.0017317054575949342,2861.83,2977.2052000000003,3345.4234,0.2539735637133949,3076.1575441198743,2647.5024558801256,37.340393188785114
2021-10-04,GOOGL,2748.96,2762.25,2683.11,2722.68,1801415,2722.68,-0.013264329825171894,2846.6189999999997,2965.9586,3343.28655,0.24711735386326714,3054.7103432935646,2638.5276567064348,36.82264471352958
2021-10-05,GOOGL,2743.32,2752.06,2695.33,2723.69,1293439,2723.69,0.0003709580266502144,2831.361,2953.7666000000004,3340.94055,0.24703402632274904,3027.60564022459,2635.11635977541,35.68503776672961
2021-10-06,GOOGL,2668.48,2673.33,2643.64,2658.48,1225445,2658.48,-0.02394178485804188,2809.491,2941.9709999999995,3337.9650500000002,0.23322659387860978,2977.001191476395,2641.980808523605,29.77370570611147
2021-10-07,GOOGL,2732.37,2754.92,2662.28,2708.6,1639273,2708.6,0.018852878336492962,2793.7875,2932.0942,3335.36695,0.24275639826060375,2933.7763076542515,2653.7986923457483,35.80423814227798
2021-10-08,GOOGL,2712.46,2735.33,2665.58,2700.45,1032804,2700.45,-0.0030089345049103544,2780.82,2923.8628000000003,3332.98655,0.23586364970960488,2902.9706683095083,2658.669331690492,40.247277675672734
2021-10-11,GOOGL,2732.94,2780.14,2719.79,2749.97,2247299,2749.97,0.018337684459997394,2775.3575,2916.8780000000006,3330.8336,0.22172597303513017,2892.410899217877,2658.304100782123,41.92189808254085
2021-10-12,GOOGL,2724.48,2788.57,2666.71,2727.64,875554,2727.64,-0.008120088582784568,2770.331,2909.4755999999998,3328.53735,0.22045964099823587,2886.465769606771,2654.196230393229,38.452922041793215
2021-10-13,GOOGL,2682.43,2759.56,2651.68,2705.62,1560635,2705.62,-0.00807291284773648,2763.799,2901.5027999999998,3326.39935,0.2208651237525235,2879.0124334091897,2648.5855665908102,31.91894163876188
2021-10-14,GOOGL,2667.57,2732.7,2614.24,2673.47,2129430,2673.47,-0.011882673841855151,2755.3869999999997,2892.8086,3324.1402500000004,0.22282350372675128,2871.2145595058964,2639.559440494103,36.129613861607105
2021-10-15,GOOGL,2725.05,2752.35,2671.54,2711.95,691704,2711.95,0.014393279146577287,2748.5205,2885.783,3321.9691,0.230502376106076,2856.9582220199763,2640.082777980024,39.72350230283318
2021-10-18,GOOGL,2675.98,2702.5,2661.63,2682.07,1046014,2682.07,-0.011017902247460243,2743.3025000000002,2878.3294,3319.55325,0.2211338603770012,2854.077759612176,2632.5272403878243,41.908299881356534
2021-10-19,GOOGL,2701.41,2761.91,2659.31,2710.61,1894972,2710.61,0.010641034723180232,2737.671,2872.8768,3317.14755,0.2189961806920468,2842.6346738968996,2632.7073261031,47.61362810696517
2021-10-20,GOOGL,2699.95,2719.39,2670.23,2694.81,1906405,2694.81,-0.0058289462519507396,2730.669,2865.776,3314.5840500000004,0.21819218374881916,2826.6352969130207,2634.702703086979,42.621978346441445
2021-10-21,GOOGL,2631.09,2647.76,2575.55,2611.65,1120442,2611.65,-0.030859318467721275,2717.7975,2857.2909999999997,3311.73,0.23303113607690704,2804.1744893519926,2631.4205106480076,34.716442014025645
2021-10-22,GOOGL,2565.21,2604.94,2565.21,2588.63,894449,2588.63,-0.008814351080734362,2708.0165,2848.8024,3308.88685,0.21442585143317136,2806.2049594517835,2609.828040548217,35.720829160186454
2021-10-25,GOOGL,2535.13,2595.59,2486.3,2540.95,1758912,2540.95,-0.018419009282902632,2695.118,2837.7916000000005,3306.1010000000006,0.21796296621836408,2809.4719910427684,2580.7640089572315,32.29469441450192
2021-10-26,GOOGL,2525.63,2562.14,2523.9,2543.02,1926569,2543.02,0.0008146559357720129,2684.92,2828.0226000000002,3302.8724500000008,0.21244440894607808,2815.085172801974,2554.7548271980263,37.2538196579494
2021-10-27,GOOGL,2505.47,2553.27,2438.16,2495.72,753110,2495.72,-0.018599932363882354,2673.19,2818.3733999999995,3299.3996500000003,0.21880877496100257,2826.37563901372,2520.00436098628,26.351921794336988
2021-10-28,GOOGL,2513.68,2590.12,2477.2,2533.66,741378,2533.66,0.015202025868286562,2662.1475,2810.5027999999998,3296.1695,0.2249743111501081,2822.331395882333,2501.9636041176673,32.62205922095333
2021-10-29,GOOGL,2539.0,2566.82,2494.49,2530.66,1313143,2530.66,-0.0011840578451726147,2650.7165,2802.6198,3293.1546,0.22421306739488794,2814.308140022666,2487.124859977334,24.69714101034741
2021-11-01,GOOGL,2513.37,2574.36,2473.96,2524.16,1543520,2524.16,-0.002568499917017686,2640.7905,2794.1854000000003,3289.3492499999998,0.22169101900537602,2809.9916323187213,2471.589367681279,25.63347224132093
2021-11-02,GOOGL,2536.12,2595.85,2507.12,2551.48,1064700,2551.48,0.010823402636916946,2632.18,2785.5798,3285.95575,0.22726231442621395,2801.145324502554,2463.2146754974456,31.773247563038495
2021-11-03,GOOGL,2614.46,2646.43,2537.26,2591.84,1574659,2591.84,0.01581827018044435,2628.848,2775.2592000000004,3282.8701499999997,0.22282626577927492,2798.2572928043323,2459.4387071956676,40.53126087329216
2021-11-04,GOOGL,2566.76,2627.06,2556.37,2591.72,903270,2591.72,-4.6299154268902853e-05,2623.004,2767.1171999999997,3279.67245,0.21002780148349534,2788.856011066432,2457.1519889335677,34.69148692229069
2021-11-05,GOOGL,2557.44,2613.68,2507.58,2560.63,515016,2560.63,-0.011995894618245684,2616.013,2757.7497999999996,3276.15895,0.21293502423839875,2779.8954205081873,2452.1305794918126,34.584920029235406
2021-11-08,GOOGL,2465.83,2525.12,2454.17,2489.65,1012842,2489.65,-0.027719740845026375,2602.997,2747.4842000000003,3272.0340499999998,0.21570155026229673,2763.396292307277,2442.597707692723,24.680295181863926
2021-11-09,GOOGL,2462.33,2521.81,2404.47,2463.14,1230738,2463.14,-0.01064808306388454,2589.772,2737.2329999999997,3267.28565,0.2163920147955598,2750.516172110259,2429.027827889741,24.089028072168162
2021-11-10,GOOGL,2439.65,2475.53,2403.67,2439.6,1074639,2439.6,-0.009556907037358786,2576.471,2727.0822000000003,3262.2761,0.21673552121969222,2740.8366453925446,2412.1053546074554,27.79598895183871
2021-11-11,GOOGL,2435.73,2479.28,2409.61,2444.45,754937,2444.45,0.0019880308247253176,2565.02,2717.8633999999997,3257.5745,0.21654730564737443,2732.8071715817787,2397.2328284182213,30.477170556175395
2021-11-12,GOOGL,2413.76,2481.98,2381.31,2431.64,580457,2431.64,-0.005240442635357612,2551.0045,2706.7848,3252.8737,0.20487330504371473,2713.871999064805,2388.137000935195,33.65531265746236
2021-11-15,GOOGL,2453.15,2511.93,2406.52,2459.23,976955,2459.23,0.011346251912289773,2539.8624999999997,2695.4314,3248.223,0.21194078854135578,2695.2968090049135,2384.428190995086,38.35958989598227
2021-11-16,GOOGL,2444.28,2475.08,2396.69,2435.89,1718383,2435.89,-0.009490775567962406,2526.1265,2683.5721999999996,3242.88065,0.20512791462644347,2665.7810995286927,2386.471900471307,41.09540109964184
2021-11-17,GOOGL,2448.08,2455.25,2413.4,2434.33,1983376,2434.33,-0.0006404230076070272,2513.1025,2670.3412,3237.9133500000003,0.20575918229040294,2633.82067268264,2392.3843273173597,33.4212371049575
2021-11-18,GOOGL,2483.08,2517.18,2445.93,2481.56,1929781,2481.56,0.019401642341013714,2506.598,2659.5190000000002,3232.8445,0.19918823974194075,2618.6678240245274,2394.5281759754725,42.85922047527626
2021-11-19,GOOGL,2500.33,2556.65,2435.04,2495.84,865851,2495.84,0.005754444784732193,2501.9584999999997,2650.2398,3227.7919,0.1997523504707032,2607.204379784557,2396.7126202154423,45.97246714647137
2021-11-22,GOOGL,2479.19,2544.16,2444.1,2494.13,756418,2494.13,-0.0006851400730816248,2499.6175,2642.938,3222.4892999999997,0.18979285758505804,2603.282593323311,2395.9524066766885,41.20317820481383
2021-11-23,GOOGL,2460.38,2523.33,2418.45,2470.89,1463711,2470.89,-0.009317878378432676,2496.011,2635.7924,3217.0946500000005,0.19200121757396166,2598.3283601365374,2393.6936398634625,30.419297392177867
2021-11-24,GOOGL,2430.11,2460.49,2430.11,2446.65,1547068,2446.65,-0.009810230321867786,2493.5575,2628.0002000000004,3211.8117,0.18390258098698078,2598.230455110791,2388.884544889209,28.215755171952424
2021-11-25,GOOGL,2402.13,2448.9,2379.57,2414.23,1408308,2414.23,-0.013250771463020894,2487.5860000000002,2619.4506,3206.1501000000003,0.17845488120244068,2596.1793954376535,2378.992604562347,28.103499849256835
2021-11-26,GOOGL,2380.9,2437.01,2351.15,2394.08,536170,2394.08,-0.008346346454149,2480.757,2610.3466,3200.1962,0.1796406646754003,2594.977280271545,2366.536719728455,33.1428369828765
2021-11-29,GOOGL,2424.8,2476.22,2371.5,2423.86,848375,2423.86,0.012439016240058942,2475.742,2603.0951999999997,3194.1052999999997,0.18752239803182089,2590.7433617495803,2360.74063825042,43.150589382004284
2021-11-30,GOOGL,2418.95,2430.39,2401.47,2415.93,1185833,2415.93,-0.003271641101383893,2468.9644999999996,2594.949,3187.9737,0.18135249541915993,2581.113628438526,2356.815371561473,45.63493526854687
2021-12-01,GOOGL,2386.0,2417.1,2312.81,2364.95,1458208,2364.95,-0.02110160476503875,2457.62,2585.551,3181.7562,0.1787827383369181,2563.14071625014,2352.0992837498598,37.47084410097529
2021-12-02,GOOGL,2418.66,2472.33,2394.62,2433.48,1631083,2433.48,0.028977356815154787,2449.7079999999996,2576.839,3176.321,0.21450745095026716,2534.6071812250248,2364.8088187749745,50.24666201752521
2021-12-03,GOOGL,2453.56,2468.52,2424.74,2446.63,1271278,2446.63,0.005403783881519519,2444.0080000000003,2570.0865999999996,3170.7144,0.21378262976514484,2510.961827169773,2377.0541728302273,48.24287387550792
2021-12-06,GOOGL,2408.0,2419.97,2365.67,2392.82,1369759,2392.82,-0.021993517614024127,2439.1665000000003,2561.9646,3164.71245,0.2055190374371096,2506.2274900804837,2372.105509919517,44.464152590878186
2021-12-07,GOOGL,2379.47,2401.89,2351.33,2376.61,1241434,2376.61,-0.0067744335135948575,2434.84,2554.5572,3158.90015,0.20378533908418092,2506.402711254911,2363.277288745089,42.85041866769091
2021-12-08,GOOGL,2369.81,2418.67,2344.29,2381.48,1578648,2381.48,0.002049137216455277,2431.934,2547.5804,3153.25925,0.20201343236075672,2507.301922927227,2356.566077072773,36.15001383751431
2021-12-09,GOOGL,2436.36,2462.76,2433.22,2447.99,1359977,2447.99,0.02792801115272847,2432.111,2541.45,3148.0766999999996,0.22678621078371822,2507.619182031703,2356.6028179682967,44.214446350642
2021-12-10,GOOGL,2383.46,2425.28,2383.46,2405.62,1231972,2405.62,-0.017308077238877617,2430.81,2534.3768,3143.08625,0.23451749363827462,2507.243329186782,2354.376670813218,40.25628041004074
2021-12-13,GOOGL,2434.64,2496.1,2392.2,2444.15,1077856,2444.15,0.016016660985525677,2430.056,2528.8062000000004,3138.50505,0.2381864922489309,2505.6012384235414,2354.5107615764587,47.15216835507345
2021-12-14,GOOGL,2512.41,2519.31,2481.05,2500.18,1239661,2500.18,0.022924124951414493,2433.2704999999996,2524.3360000000002,3134.5016000000005,0.24896624221341773,2515.0729888248716,2351.4680111751277,55.33943782637148
2021-12-15,GOOGL,2453.42,2499.77,2451.89,2475.83,1456677,2475.83,-0.009739298770488514,2435.3455000000004,2520.683,3130.4804999999997,0.25204081003000756,2519.337229035449,2351.3537709645516,56.24493106085272
2021-12-16,GOOGL,2451.69,2500.21,2430.85,2465.53,1335507,2465.53,-0.004160221016790255,2434.544,2515.8216,3126.5961500000003,0.24289170332565213,2516.9702044181663,2352.1177955818334,57.391124442322415
2021-12-17,GOOGL,2435.65,2462.86,2388.43,2425.65,1397454,2425.65,-0.016175021192198047,2431.0345,2510.3256,3122.9246999999996,0.24816171234846507,2508.2865793727724,2353.782420627228,50.18137602451607
2021-12-20,GOOGL,2432.09,2467.45,2369.39,2418.42,2053222,2418.42,-0.002980644363366536,2427.2490000000003,2503.6946000000003,3118.6929999999998,0.24821884002972122,2498.6838156016997,2355.8141843983008,50.25266362109888
2021-12-21,GOOGL,2415.5,2451.38,2383.94,2417.66,1334273,2417.66,-0.00031425476137325603,2424.5875,2497.495,3114.12255,0.2464727868247085,2493.0820969059755,2356.0929030940247,55.95552843697969
2021-12-22,GOOGL,2453.66,2494.81,2393.15,2443.98,925632,2443.98,0.010886559731310586,2424.454,2492.2622,3109.88555,0.2475786298933356,2492.7777344601072,2356.130265539893,51.31145083753407
2021-12-23,GOOGL,2482.09,2530.86,2444.46,2487.66,1708753,2487.66,0.017872486681560273,2428.1255,2488.546,3105.7906,0.2500214318868518,2501.8168910493323,2354.434108950668,54.76151792789447
2021-12-24,GOOGL,2442.01,2476.59,2440.88,2458.73,694781,2458.73,-0.011629402731884508,2431.3579999999997,2483.4816,3101.43565,0.2520201823150369,2504.4305069189295,2358.28549308107,58.11759489417039
2021-12-27,GOOGL,2378.34,2402.56,2363.82,2383.19,778610,2383.19,-0.030723178226157444,2429.3244999999997,2477.504,3096.37805,0.27277970164061377,2505.4743416146966,2353.174658385303,50.70707070554503
2021-12-28,GOOGL,2386.84,2415.77,2350.28,2383.03,1372536,2383.03,-6.713690473691969e-05,2427.6794999999997,2470.9524,3091.5359499999995,0.2726170118084913,2506.424845587074,2348.9341544129256,50.16826244446829
2021-12-29,GOOGL,2416.36,2425.88,2363.91,2394.9,1475327,2394.9,0.004981053532687296,2429.177,2464.9542,3086.4532,0.26204873649079774,2503.937804845195,2354.4161951548053,43.46101736517196
2021-12-30,GOOGL,2384.38,2452.92,2357.34,2405.13,729278,2405.13,0.004271577101340407,2427.7595,2460.8238,3081.5659,0.24055577647271437,2503.2482952581204,2352.27070474188,49.934458680348115
2021-12-31,GOOGL,2393.6,2433.0,2353.48,2393.24,1029624,2393.24,-0.004943599722260439,2425.0899999999997,2456.9159999999997,3076.9723,0.24000439545453464,2501.5389881523784,2348.641011847621,42.667857244009085
2022-01-03,GOOGL,2390.47,2429.29,2368.06,2398.68,941659,2398.68,0.0022730691447576667,2425.383,2454.0706,3072.2083499999994,0.22694570916837312,2501.3546639976717,2349.411336002328,32.888259489984364
2022-01-04,GOOGL,2458.62,2478.9,2437.53,2458.22,987726,2458.22,0.024821985425317328,2429.4635,2452.3746,3067.3877500000003,0.24129151723911813,2503.137031139582,2355.7899688604175,47.34605298651822
2022-01-05,GOOGL,2450.4,2497.54,2450.36,2473.95,1750253,2473.95,0.006398939069733434,2434.0870000000004,2451.9392000000003,3061.91755,0.2418446564561591,2506.679729837854,2361.4942701621467,51.24851719834668
2022-01-06,GOOGL,2450.68,2500.5,2419.27,2459.88,1591892,2459.88,-0.005687261262353638,2434.6814999999997,2450.4636,3056.7114500000002,0.22275953889125524,2507.9452813229195,2361.41771867708,55.49632293658451
2022-01-07,GOOGL,2456.55,2473.81,2408.06,2440.94,1190856,2440.94,-0.007699562580288477,2436.4475,2448.6692,3051.20895,0.21514649428889937,2508.4536923875553,2364.441307612445,53.484989165122904
2022-01-10,GOOGL,2437.6,2472.23,2397.72,2434.98,964579,2434.98,-0.002441682302719461,2435.989,2446.8856,3045.7876,0.2076978723293585,2507.905408171285,2364.072591828715,52.63783124965909
2022-01-11,GOOGL,2497.79,2521.3,2479.23,2500.26,699395,2500.26,0.026809255106818197,2435.993,2445.8612,3040.46585,0.21378048465943275,2507.924448389538,2364.0615516104617,57.66214670585618
2022-01-12,GOOGL,2482.92,2539.15,2448.09,2493.62,2117837,2493.62,-0.0026557238047244525,2436.8825,2443.8968,3035.5206,0.21092137182851697,2511.2856597733517,2362.4793402266487,50.90242868174965
2022-01-13,GOOGL,2483.44,2548.49,2438.53,2493.51,1520694,2493.51,-4.411257529202128e-05,2438.2815,2441.9326,3030.91845,0.21023515259131542,2515.9339563006347,2360.6290436993654,55.769741205106946
2022-01-14,GOOGL,2469.23,2500.16,2449.87,2475.01,904524,2475.01,-0.007419260399998406,2440.7495,2440.2201999999997,3026.4298000000003,0.20311960099195495,2519.83593012916,2361.66306987084,68.78785398198141
2022-01-17,GOOGL,2536.51,2556.97,2482.24,2519.6,1600252,2519.6,0.01801608882388339,2445.8085,2440.8192,3022.1382,0.21106341340017507,2531.545645981777,2360.0713540182232,73.64520931808218
2022-01-18,GOOGL,2624.87,2664.31,2536.83,2600.57,1166761,2600.57,0.032136053341800475,2454.9539999999997,2443.5678,3018.41925,0.23602395990924147,2563.922906120508,2345.9850938794916,78.73368911927611
2022-01-19,GOOGL,2616.89,2650.66,2589.54,2620.1,1069806,2620.1,0.007509892062124823,2463.7599999999998,2447.1778,3014.6160999999997,0.23497329019744076,2595.152875558058,2332.3671244419415,79.27231133443225
2022-01-20,GOOGL,2618.69,2668.64,2579.93,2624.29,1428187,2624.29,0.0015991756039845928,2470.5914999999995,2450.7745999999997,3010.5492,0.228874221560529,2620.1661248217683,2321.0168751782307,82.13580349620327
2022-01-21,GOOGL,2644.75,2644.75,2608.68,2626.55,892010,2626.55,0.0008611853110747081,2478.9825,2454.6728,3006.3232000000003,0.2226577935406698,2643.807051553411,2314.157948446589,81.97636888903581
2022-01-24,GOOGL,2525.22,2572.22,2485.63,2528.92,1045838,2528.92,-0.037170432696883804,2486.269,2456.0666,3001.14875,0.23650797381307412,2646.0712264387535,2326.466773561246,58.96298174232893
2022-01-25,GOOGL,2562.61,2577.34,2542.56,2559.95,1259740,2559.95,0.012270059946538403,2495.1150000000002,2458.5478,2996.0056,0.2383793525531528,2650.3771784698497,2339.852821530151,60.49548449878707
2022-01-26,GOOGL,2552.34,2628.21,2504.09,2566.15,982692,2566.15,0.0024219223031700654,2503.6775,2461.1842,2991.23465,0.23836922416162817,2654.4940362811203,2352.8609637188792,63.223253612509936
2022-01-27,GOOGL,2597.09,2634.41,2534.58,2584.5,1568242,2584.5,0.0071507900941099045,2512.6459999999997,2463.2430000000004,2986.16235,0.23870106586962267,2660.0828504105807,2365.2091495894188,67.88954241613384
2022-01-28,GOOGL,2557.58,2609.01,2502.87,2555.94,2534377,2555.94,-0.011050493325594823,2520.781,2464.445,2981.1158,0.24259016054447385,2658.083379463577,2383.478620536423,64.26953567171628
2022-01-31,GOOGL,2556.66,2589.44,2492.47,2540.96,887454,2540.96,-0.005860857453617863,2527.895,2465.3816,2975.7278499999998,0.24480163253878065,2652.7385560803227,2403.0514439196772,55.44787706597344
2022-02-01,GOOGL,2539.17,2567.39,2482.58,2524.99,616480,2524.99,-0.006285026131855775,2531.2335,2466.4636,2969.79365,0.23262043993934897,2651.7272306560476,2410.739769343952,54.09669078079411
2022-02-02,GOOGL,2552.67,2603.24,2531.36,2567.3,538819,2567.3,0.016756502005948803,2535.901,2468.8766,2963.9298,0.23838127983122875,2654.2650172742824,2417.5369827257173,58.67974686328952
2022-02-03,GOOGL,2563.49,2609.06,2495.9,2552.48,1129905,2552.48,-0.005772601565847468,2540.531,2471.6416,2958.4292499999997,0.23841778415599757,2653.495480286323,2427.566519713677,59.19219724998527
2022-02-04,GOOGL,2655.53,2703.4,2575.97,2639.69,920402,2639.69,0.03416677114022448,2550.4685,2476.5538,2953.6262,0.2611599023079626,2661.495938481811,2439.4410615181887,62.94045386762963
2022-02-07,GOOGL,2650.49,2698.5,2618.84,2658.67,1304038,2658.67,0.007190238247672953,2561.6530000000002,2481.25,2948.528,0.26022078469073434,2668.69140689968,2454.6145931003207,57.22600865429288
2022-02-08,GOOGL,2588.6,2667.24,2544.09,2605.66,1265365,2605.66,-0.01993854069892098,2566.923,2485.0446,2943.2094500000003,0.26004779022310576,2671.5867274122784,2462.259272587721,48.34213547490978
2022-02-09,GOOGL,2575.14,2644.37,2557.67,2601.02,631937,2601.02,-0.0017807388531120294,2572.293,2489.766,2937.83935,0.2598498319128322,2672.0256877948195,2472.5603122051807,47.331115952144444
2022-02-10,GOOGL,2572.21,2615.34,2534.14,2574.74,580635,2574.74,-0.010103728537266266,2576.3545000000004,2492.5912,2932.1083500000004,0.26345004704929154,2668.9381223952782,2483.7708776047225,44.36811096240805
2022-02-11,GOOGL,2479.25,2521.62,2451.55,2486.58,1350797,2486.58,-0.03424035048199037,2576.933,2493.3902000000003,2925.72295,0.2915181413272636,2666.959620414185,2486.906379585815,45.3007769131316
2022-02-14,GOOGL,2554.54,2575.17,2528.3,2551.74,1266798,2551.74,0.02620466665058019,2578.54,2496.5686,2919.5741,0.29942524909640184,2665.34738411497,2491.73261588503,49.15296205210544
2022-02-15,GOOGL,2565.2,2594.41,2565.2,2581.31,1012066,2581.31,0.01158817120866562,2577.577,2500.6626,2913.6310000000003,0.2791005822898143,2663.7805947720326,2491.373405227968,51.492125982832874
2022-02-16,GOOGL,2622.86,2629.73,2578.53,2604.13,618451,2604.13,0.008840472473279126,2576.7785000000003,2505.1156,2907.8909500000004,0.27962907468247816,2661.608531989917,2491.9484680100836,51.91523406106345
2022-02-17,GOOGL,2599.09,2651.43,2572.06,2611.74,1449006,2611.74,0.002922281145718353,2576.1510000000003,2508.3906,2901.9245,0.2797787273149436,2659.676888555521,2492.6251114444794,55.67626952966413
2022-02-18,GOOGL,2541.34,2587.51,2523.12,2555.32,1995872,2555.32,-0.021602456599814523,2572.5895,2511.3846,2895.5014499999997,0.28994242988567226,2653.086525110379,2492.092474889621,51.34719303377579
2022-02-21,GOOGL,2535.33,2571.74,2500.88,2536.31,1341132,2536.31,-0.007439381369065412,2572.959,2513.2278,2889.0570500000003,0.2585488264934628,2652.6760770586757,2493.241922941324,51.05597014792019
2022-02-22,GOOGL,2571.34,2634.69,2508.11,2571.4,854987,2571.4,0.013835059594450305,2573.5315,2514.6522,2882.44875,0.25956972904332176,2653.019334296165,2494.043665703835,50.3876848581538
2022-02-23,GOOGL,2514.79,2559.57,2498.84,2529.2,1221576,2529.2,-0.016411293458816312,2571.684,2515.7196,2875.66435,0.2661024681844833,2653.57549468104,2489.7925053189606,47.907077098909106
2022-02-24,GOOGL,2418.37,2463.58,2395.34,2429.46,694804,2429.46,-0.039435394591174955,2563.932,2514.9982,2868.6389999999997,0.2976378928893455,2667.261902453719,2460.6020975462807,31.51629182781265
2022-02-25,GOOGL,2405.31,2439.88,2402.73,2421.3,1832178,2421.3,-0.0033587710849324326,2557.2,2514.9112000000005,2861.7990999999997,0.29609972125566586,2678.673146610315,2435.7268533896845,28.72533027335733
2022-02-28,GOOGL,2427.03,2430.88,2402.08,2416.48,1239935,2416.48,-0.0019906661710652473,2550.976,2514.8724,2855.2244,0.2958419541582051,2687.7457355567144,2414.206264443286,31.441296498900925
2022-03-01,GOOGL,2435.47,2472.06,2372.7,2422.38,591590,2422.38,0.002441567900417274,2545.8455,2514.9668,2848.7553,0.29592130268148803,2693.948260267966,2397.742739732034,32.51849532145603
2022-03-02,GOOGL,2449.6,2491.69,2411.21,2451.45,1064017,2451.45,0.012000594456691216,2540.053,2515.1162,2842.05595,0.29240376366238496,2693.5852251928727,2386.520774807127,38.00050610139176
2022-03-03,GOOGL,2487.87,2527.34,2427.18,2477.26,1444325,2477.26,0.010528462746537848,2536.292,2514.9082,2835.7231999999995,0.295430444406628,2692.2091932183753,2380.3748067816246,48.96761043757913
2022-03-04,GOOGL,2499.96,2508.11,2468.32,2488.22,1050328,2488.22,0.004424242913541487,2528.7185,2515.498,2829.3836000000006,0.2653685767188475,2678.0650948761354,2379.3719051238645,42.00362555871884
2022-03-07,GOOGL,2518.61,2578.66,2495.26,2536.96,1074615,2536.96,0.01958830006992951,2522.633,2518.5734,2823.47895,0.27504207687287424,2659.0424374109834,2386.223562589016,44.67395220217262
2022-03-08,GOOGL,2499.81,2501.67,2451.77,2476.72,735327,2476.72,-0.023744954591321976,2516.186,2520.4472,2817.3453499999996,0.27860748670810265,2648.1900143569896,2384.1819856430106,35.96094937853215
2022-03-09,GOOGL,2513.51,2521.35,2473.6,2497.47,1505218,2497.47,0.008378016085790918,2511.0085,2522.4986,2811.7525999999993,0.2812218791469033,2636.9879344580118,2385.029065541988,37.76316634784289
2022-03-10,GOOGL,2508.41,2536.52,2508.41,2523.32,925828,2523.32,0.010350474680376642,2508.4375,2524.8624,2806.34785,0.28265633306656096,2630.9927963705195,2385.8822036294805,46.333134709976946
2022-03-11,GOOGL,2458.91,2493.27,2455.62,2474.44,506487,2474.44,-0.019371304471886286,2507.8304999999996,2526.4864000000002,2800.7495999999996,0.2636528925663034,2630.9605244672593,2384.70047553274,43.36457819307374
2022-03-14,GOOGL,2398.22,2443.34,2389.28,2416.31,1034396,2416.31,-0.023492184090137647,2501.059,2526.839,2794.69975,0.2567852519910492,2628.829894783317,2373.2881052166836,34.15022994281432
2022-03-15,GOOGL,2371.02,2405.82,2370.77,2388.29,1776742,2388.29,-0.011596194196936693,2491.4080000000004,2525.4404,2788.4399500000004,0.25295703579191353,2622.764842804723,2360.051157195278,35.169553959432605
2022-03-16,GOOGL,2375.52,2422.22,2305.36,2363.79,1027932,2363.79,-0.010258385706928386,2479.3909999999996,2523.2372,2782.3985,0.24940194752546635,2611.301164470265,2347.480835529734,41.78775979645093
2022-03-17,GOOGL,2391.65,2419.84,2366.37,2393.11,2404917,2393.11,0.012403809137021549,2468.4595,2521.9018,2776.18615,0.25544874408255297,2590.0191746633404,2346.8998253366594,46.65193947444565
2022-03-18,GOOGL,2383.75,2388.37,2352.31,2370.34,1424625,2370.34,-0.00951481544935251,2459.2105,2520.4898000000003,2769.7937,0.24804668473249475,2581.091713694425,2337.3292863055754,44.744156375298665
2022-03-21,GOOGL,2350.24,2359.72,2317.71,2338.72,1374135,2338.72,-0.013339858416936079,2449.331,2518.5645999999997,2763.1802000000002,0.2501231288224442,2576.8027149060927,2321.8592850939076,40.99771876087037
2022-03-22,GOOGL,2321.42,2355.38,2277.76,2316.57,1139924,2316.57,-0.009470992679756263,2436.5895,2514.8907999999997,2756.45365,0.24171036671277316,2563.6292011258815,2309.5497988741186,35.26674531285512
2022-03-23,GOOGL,2367.84,2373.87,2344.23,2359.05,1167666,2359.05,0.01833745580750845,2428.082,2512.1994,2750.0856,0.25140766923141833,2551.7528493246487,2304.411150675351,37.54136717074773
2022-03-24,GOOGL,2337.45,2412.69,2307.67,2360.18,1079990,2360.18,0.00047900637968667503,2424.618,2509.5328,2743.65485,0.212319199685762,2551.9530920501375,2297.2829079498624,36.21981144150187
2022-03-25,GOOGL,2345.2,2411.1,2297.02,2354.06,1063338,2354.06,-0.002593022566075409,2421.2560000000003,2507.1138,2737.04925,0.2122409882868475,2552.4520632273875,2290.059936772613,28.327329603762024
2022-03-28,GOOGL,2357.04,2373.92,2327.21,2350.56,1483892,2350.56,-0.0014867930299142795,2417.96,2503.7329999999997,2730.9277500000003,0.21222747012391677,2552.9194677556598,2283.0005322443403,32.728218606707784
2022-03-29,GOOGL,2376.76,2433.92,2366.71,2400.31,825297,2400.31,0.02116516915118094,2416.8565,2499.7278,2725.2036,0.2265269620407442,2552.0245490549155,2281.6884509450842,37.67693166118546
2022-03-30,GOOGL,2350.2,2385.27,2350.2,2372.36,780331,2372.36,-0.01164432927413539,2412.902,2494.7729999999997,2719.4070999999994,0.22495727181697098,2548.435933541021,2277.3680664589792,30.954784011825367
2022-03-31,GOOGL,2440.54,2466.65,2380.31,2423.48,765706,2423.48,0.02154816301067286,2410.213,2490.7568,2713.78885,0.23593313296050067,2542.4649138615746,2277.961086138426,43.60698514499573
2022-04-01,GOOGL,2441.27,2464.62,2400.02,2432.32,2719868,2432.32,0.0036476471850397374,2407.418,2486.8722,2707.868,0.2357126817596913,2535.009113632354,2279.8268863676462,52.291923151910915
2022-04-04,GOOGL,2415.36,2451.99,2401.5,2426.74,1483580,2426.74,-0.0022941060386793,2401.907,2484.8286000000003,2702.1363,0.22276743181198674,2514.5894843440387,2289.2245156559616,55.88226294776379
2022-04-05,GOOGL,2536.0,2549.59,2503.42,2526.51,1355429,2526.51,0.04111276857018065,2404.3965,2484.1598,2697.0404000000003,0.2557958863877077,2525.8936052332097,2282.89939476679,70.23377269091453
2022-04-06,GOOGL,2499.4,2529.79,2439.94,2484.87,786089,2484.87,-0.01648123300521287,2403.7665,2482.5342,2691.8763,0.261592619068955,2523.3470969608925,2284.185903039108,61.070894259796795
2022-04-07,GOOGL,2461.97,2504.45,2438.58,2471.52,1539809,2471.52,-0.005372514457496758,2401.1765,2480.2745999999997,2686.8648500000004,0.25918442011728104,2511.759692265501,2290.593307734499,62.49135802253113
2022-04-08,GOOGL,2401.42,2444.75,2401.42,2423.92,1145330,2423.92,-0.019259403120346907,2398.6505,2477.6342,2681.7069,0.2590789944700343,2504.38916921528,2292.91183078472,60.11924556786152
2022-04-11,GOOGL,2483.12,2508.05,2415.57,2461.81,1307332,2461.81,0.01563170401663405,2400.9255,2476.0512,2676.51925,0.2509336978068329,2510.163931925415,2291.6870680745847,66.6285033867631
2022-04-12,GOOGL,2522.11,2571.18,2488.7,2529.94,811941,2529.94,0.027674759628078638,2408.008,2476.1502,2671.9601000000002,0.26310661717347916,2531.26533928846,2284.7506607115397,68.47978891156708
2022-04-13,GOOGL,2578.7,2656.79,2541.52,2599.15,1279448,2599.15,0.027356379993201507,2419.776,2476.7871999999998,2667.6240999999995,0.2716786232423418,2567.726263108022,2271.8257368919776,72.52521443865518
2022-04-14,GOOGL,2650.84,2670.76,2631.79,2651.28,1012870,2651.28,0.020056556951311144,2432.6845000000003,2478.7632,2664.00975,0.2758105727027852,2612.4647873657495,2252.904212634251,75.7797592182269
2022-04-15,GOOGL,2657.82,2698.38,2588.87,2643.63,883447,2643.63,-0.0028853987507920786,2446.349,2478.8419999999996,2660.50345,0.27207337483278493,2646.560107941606,2246.1378920583943,75.23811163939072
2022-04-18,GOOGL,2614.3,2677.49,2580.38,2628.94,1609565,2628.94,-0.005556753403464176,2460.8599999999997,2478.2473999999997,2657.0071,0.2662236679955079,2670.0918814391653,2251.628118560834,70.95408303364792
2022-04-19,GOOGL,2548.47,2578.96,2541.58,2560.27,648715,2560.27,-0.026120793932155162,2473.045,2477.3396,2652.7108000000003,0.2849562702417247,2675.1594363188024,2270.930563681198,66.02589250528871
2022-04-20,GOOGL,2632.15,2695.76,2595.77,2645.76,1504156,2645.76,0.0333910095419625,2487.3805,2478.2344,2648.9123,0.2988561762222835,2696.0172508097903,2278.74374919021,67.90732147307502
2022-04-21,GOOGL,2692.63,2703.29,2629.53,2666.41,1577933,2666.41,0.007804940735365085,2502.692,2480.0678,2645.80185,0.298218379486807,2716.8964765959126,2288.4875234040874,68.50660131084018
2022-04-22,GOOGL,2630.21,2709.47,2582.98,2646.23,844056,2646.23,-0.007568228441987457,2517.3005,2483.2608,2643.1037,0.30069539075098783,2728.657230170735,2305.9437698292645,66.96082219158109
2022-04-25,GOOGL,2707.88,2724.97,2682.62,2703.79,864322,2703.79,0.02175169958771539,2534.962,2486.3018,2640.6803500000005,0.30427749132923027,2746.6856469503064,2323.2383530496936,64.6551154009239
2022-04-26,GOOGL,2685.41,2710.31,2615.21,2662.76,1097583,2662.76,-0.0151749950994714,2548.0845,2487.9308,2637.89015,0.30945179058171923,2757.1853093795917,2338.983690620408,64.72038793024831
2022-04-27,GOOGL,2661.94,2714.76,2646.99,2680.87,1343309,2680.87,0.006801213778184989,2563.51,2489.4656,2635.0890500000005,0.30284831142525753,2763.3409408634147,2363.6790591365857,67.18829537276372
2022-04-28,GOOGL,2699.39,2738.75,2609.66,2674.2,1128827,2674.2,-0.002487998299059657,2576.046,2490.7148,2632.2066999999997,0.29879176650884426,2770.267670794885,2381.8243292051147,72.02936309367249
2022-04-29,GOOGL,2726.59,2733.75,2671.06,2702.41,1427245,2702.41,0.010548949218457837,2589.5505000000003,2493.6566000000003,2629.1558,0.2993501396100359,2779.2000603087536,2399.900939691247,71.54446792327516
2022-05-02,GOOGL,2721.16,2765.86,2634.93,2700.39,2429082,2700.39,-0.0007474809521871295,2603.233,2496.9381999999996,2626.2327,0.29886967177168217,2782.633733097245,2423.8322669027552,67.31265362312882
2022-05-03,GOOGL,2624.08,2699.92,2578.36,2639.14,979448,2639.14,-0.022681908909453874,2608.8645,2498.2929999999997,2622.76195,0.28350838098570574,2785.169007805872,2432.5599921941284,54.12855402374964
2022-05-04,GOOGL,2650.14,2670.56,2615.55,2643.06,604260,2643.06,0.0014853323431118781,2616.774,2500.5702,2619.7359500000002,0.2747310443931141,2783.595095397172,2449.952904602828,49.05755560493736
2022-05-05,GOOGL,2702.54,2745.17,2631.87,2688.52,1669778,2688.52,0.017199760883218618,2627.624,2505.7513999999996,2617.16635,0.27702833416519695,2782.4640763301695,2472.78392366983,54.73613133133652
2022-05-06,GOOGL,2714.12,2754.95,2621.03,2687.99,2352897,2687.99,-0.0001971344829125865,2640.8275000000003,2511.0852,2615.0461999999998,0.26339984661732535,2764.4103892731114,2517.2446107268893,56.42196845940203
2022-05-09,GOOGL,2704.88,2749.64,2694.91,2722.27,1404145,2722.27,0.012753023634760607,2653.8505,2517.201,2613.1615,0.26209927713463965,2749.8100472830797,2557.8909527169203,69.04269324579981
2022-05-10,GOOGL,2692.09,2714.62,2641.06,2677.84,776640,2677.84,-0.016320938040679245,2661.2455,2522.3102000000003,2611.0619,0.25849756783405625,2737.840234593213,2584.650765406787,54.17382253250473
2022-05-11,GOOGL,2668.81,2718.69,2636.2,2677.45,1141981,2677.45,-0.00014563976936643463,2665.1605,2526.8302,2608.92785,0.24199354800292067,2736.193877914406,2594.127122085594,51.516316886272854
2022-05-12,GOOGL,2634.34,2680.44,2622.65,2651.55,767138,2651.55,-0.009673383256456614,2665.174,2530.3160000000003,2606.6447,0.2348160491145466,2736.1963722797727,2594.151627720227,50.719385545461755
2022-05-13,GOOGL,2679.94,2698.4,2669.92,2684.16,1551874,2684.16,0.012298466934434371,2667.2005,2534.2348,2604.74935,0.2384062482802004,2737.9469452447815,2596.4540547552183,47.153504826831714
2022-05-16,GOOGL,2702.03,2711.5,2660.98,2686.24,698937,2686.24,0.0007749165474486563,2670.0654999999997,2537.2203999999997,2602.9068,0.23719950651933744,2738.9032266439667,2601.2277733560327,53.83835741596234
2022-05-17,GOOGL,2714.89,2745.71,2687.9,2716.8,1064249,2716.8,0.011376496515575818,2677.892,2542.022,2601.5746,0.2163796103334328,2726.9086126944267,2628.875387305573,55.643869181681374
2022-05-18,GOOGL,2767.33,2803.61,2726.89,2765.25,802989,2765.25,0.01783348056537104,2683.8665,2547.3776000000003,2600.1516,0.19326777454466693,2744.2120771809196,2623.5209228190806,62.64267266273156
2022-05-19,GOOGL,2824.48,2824.48,2773.23,2796.78,1262446,2796.78,0.01140222403037705,2690.3849999999998,2552.8468,2598.9559999999997,0.19504497187071657,2768.376171565377,2612.3938284346227,62.98395751112584
2022-05-20,GOOGL,2804.12,2872.92,2746.67,2809.79,1036432,2809.79,0.004651778116262273,2698.563,2559.5538,2597.93965,0.19150185793411165,2790.1717272562396,2606.9542727437606,64.61004273262677
2022-05-23,GOOGL,2772.41,2818.85,2713.2,2766.03,1287917,2766.03,-0.01557411763868466,2701.675,2566.5482,2596.3123499999997,0.18903122293884575,2798.131740781241,2605.218259218759,67.776190073271
2022-05-24,GOOGL,2759.2,2785.2,2748.11,2766.65,1210776,2766.65,0.00022414796658032365,2706.8695,2574.1154,2594.9882500000003,0.1789673002347474,2805.663549783707,2608.0754502162927,67.47546732008527
2022-05-25,GOOGL,2738.02,2793.3,2694.51,2743.9,808688,2743.9,-0.008222941102054793,2710.0209999999997,2581.7176,2593.81685,0.18152255306814097,2809.342805715362,2610.6991942846375,58.368087032888646
2022-05-26,GOOGL,2740.26,2778.91,2680.25,2729.58,1541987,2729.58,-0.005218849083421517,2712.79,2588.4469999999997,2592.8288000000002,0.1825194757212248,2810.9884707782744,2614.5915292217255,56.032957147626995
2022-05-27,GOOGL,2737.78,2779.49,2648.54,2714.01,1176819,2714.01,-0.005704174268568729,2713.37,2595.3204,2591.7748,0.18045223208407393,2811.447283597826,2615.292716402174,48.733051105336976
2022-05-30,GOOGL,2674.78,2686.04,2658.99,2672.52,808083,2672.52,-0.015287342345827848,2711.9764999999998,2601.9964,2590.4080000000004,0.18873620453753617,2811.6099171959336,2612.343082804066,49.17657255854234
2022-05-31,GOOGL,2604.73,2616.62,2565.02,2590.82,2940830,2590.82,-0.030570397976441677,2709.5605,2607.4814,2588.4532999999997,0.20262584790878693,2818.5360021192337,2600.5849978807664,39.287745763447454
2022-06-01,GOOGL,2542.91,2624.37,2503.58,2563.97,1451929,2563.97,-0.010363514254174477,2705.606,2611.5798,2585.7338,0.2051670904957945,2829.465768822107,2581.7462311778936,39.19565753627249
2022-06-02,GOOGL,2557.75,2633.44,2511.79,2572.62,1128644,2572.62,0.0033736744189674095,2699.811,2615.8286,2583.6028,0.19407882172033936,2837.1485445122926,2562.4734554877077,35.37525567604959
2022-06-03,GOOGL,2518.51,2567.29,2469.52,2518.4,2113622,2518.4,-0.02107579043931862,2691.3315,2619.1154,2581.0498000000002,0.20515590104270992,2850.8866591507267,2531.776340849273,30.64039863331884
2022-06-06,GOOGL,2495.53,2570.91,2468.53,2519.72,2506902,2519.72,0.0005241423125792455,2681.204,2622.4986,2578.63375,0.19699460855011053,2857.3419679803474,2505.066032019653,25.623392043442607
2022-06-07,GOOGL,2585.37,2615.96,2580.47,2598.21,1132221,2598.21,0.031150286539774363,2677.2225,2626.4566000000004,2576.7463000000002,0.226749504721219,2857.237945872478,2497.2070541275216,30.76816800121867
2022-06-08,GOOGL,2642.73,2682.17,2601.45,2641.81,1378892,2641.81,0.016780783693388868,2675.4404999999997,2631.8456,2575.21965,0.23578289567560384,2856.1507341756687,2494.7302658243307,32.64030469260226
2022-06-09,GOOGL,2686.62,2739.07,2686.62,2712.94,808253,2712.94,0.02692472206555352,2678.5099999999998,2637.6348000000003,2574.2574000000004,0.252245420088615,2859.5967290904196,2497.42327090958,40.40081669759231
2022-06-10,GOOGL,2717.86,2754.27,2707.16,2730.72,1131387,2730.72,0.006553775608749035,2680.838,2643.6027999999997,2572.98315,0.24972427786482365,2863.4214986030793,2498.254501396921,46.310267715838656
2022-06-13,GOOGL,2783.74,2841.98,2723.95,2782.96,1108155,2782.96,0.019130485732700597,2685.674,2650.7272,2571.76345,0.257892952124779,2873.8964158473254,2497.4515841526745,51.538359961665435
2022-06-14,GOOGL,2755.69,2772.85,2730.47,2751.66,1292078,2751.66,-0.011247017564032569,2687.4170000000004,2655.2302,2570.3775,0.25936074175185997,2877.4895806079944,2497.3444193920063,50.720305943062236
2022-06-15,GOOGL,2747.37,2763.33,2685.02,2724.18,1370842,2724.18,-0.009986698938095562,2685.3635000000004,2660.0164,2568.519,0.253817664862286,2872.764133630995,2497.962866369006,49.510710012878924
2022-06-16,GOOGL,2615.66,2670.07,2546.08,2608.08,1501182,2608.08,-0.04261832918529607,2675.9285,2662.7476,2566.44605,0.28975141061785686,2858.6528863281064,2493.2041136718935,41.880892158218224
2022-06-17,GOOGL,2654.23,2681.94,2635.59,2658.77,1319665,2658.77,0.01943575350449378,2668.3775,2667.4446000000003,2564.9409,0.29973172151930483,2839.9517082047555,2496.8032917952446,48.960773938953295
2022-06-20,GOOGL,2749.31,2792.8,2658.9,2725.85,739356,2725.85,0.02522971148312947,2666.3685,2672.7254,2564.27405,0.3110663443901642,2834.02445928955,2498.71254071045,60.43621411768488
2022-06-21,GOOGL,2717.96,2769.82,2635.31,2702.56,824428,2702.56,-0.008544123851275787,2663.1639999999998,2676.1778000000004,2563.6459999999997,0.3123320498177855,2825.1019623125194,2501.22603768748,60.77062965190982
2022-06-22,GOOGL,2676.18,2735.72,2648.96,2692.34,964407,2692.34,-0.0037815996684623654,2660.5860000000002,2678.0416000000005,2562.9264000000003,0.3113636821493921,2818.708908810086,2502.4630911899144,59.28148354757044
2022-06-23,GOOGL,2641.14,2683.14,2638.42,2660.78,1071892,2660.78,-0.011722145048545074,2657.1459999999997,2678.2316000000005,2562.02175,0.31344633790288307,2811.9067671487114,2502.385232851288,61.44018769547446
2022-06-24,GOOGL,2687.27,2708.17,2647.53,2677.85,1826919,2677.85,0.006415412022038547,2655.338,2678.916,2561.1646,0.3140317068445056,2808.1340562457267,2502.5419437542737,62.39205052917029
2022-06-27,GOOGL,2730.49,2764.02,2690.44,2727.23,753629,2727.23,0.018440166551524584,2658.0735,2680.8818,2560.8686,0.3157607367212775,2814.0897573547513,2502.0572426452486,60.59416672001525
2022-06-28,GOOGL,2668.32,2682.63,2623.28,2652.95,1040140,2652.95,-0.02723642670401849,2661.18,2682.7354000000005,2560.01715,0.31150436402176634,2813.9993324778766,2508.360667522123,50.87085678437743
2022-06-29,GOOGL,2683.87,2699.46,2642.77,2671.12,1756855,2671.12,0.006848979437984237,2666.5375,2683.2426,2559.1985,0.3088867375430323,2812.360224512494,2520.714775487506,46.43563343677535
2022-06-30,GOOGL,2666.7,2725.06,2595.02,2660.04,1064356,2660.04,-0.004148072718559992,2670.9085,2683.1152,2558.1533,0.30967022741851025,2809.9615955428035,2531.8554044571965,43.90626616440549
2022-07-01,GOOGL,2691.53,2691.53,2644.09,2665.6,1442658,2665.6,0.0020901941324189544,2678.2685,2683.5025999999993,2557.56005,0.2976024876976394,2797.503625216099,2559.0333747839013,38.99598694718158
2022-07-04,GOOGL,2687.78,2738.8,2633.15,2685.97,1134854,2685.97,0.007641806722689104,2686.5809999999997,2683.1462,2556.9953,0.29788563264627105,2779.5671956706387,2593.5948043293606,43.711829685042076
2022-07-05,GOOGL,2657.9,2692.04,2657.9,2678.63,1329808,2678.63,-0.0027327185337139293,2690.602,2683.4636,2556.65355,0.27969769240445497,2773.954101252415,2607.2498987475847,45.46486389486748
2022-07-06,GOOGL,2692.48,2720.19,2629.65,2674.92,1095195,2674.92,-0.0013850363805377741,2692.2575,2683.3446000000004,2556.37655,0.27406038127653237,2772.797026713241,2611.7179732867594,58.57362749917902
2022-07-07,GOOGL,2653.27,2728.69,2604.33,2666.51,1566976,2666.51,-0.003144019260388986,2689.936,2683.1907999999994,2555.93655,0.2561955123574387,2770.6418384116,2609.2301615884003,51.113604970316594
2022-07-08,GOOGL,2723.99,2738.11,2679.82,2708.96,646811,2708.96,0.01591968528151022,2688.848,2683.3217999999997,2555.68495,0.2618262894419238,2767.8066257014816,2609.8893742985183,47.38455820662337
2022-07-11,GOOGL,2752.86,2752.86,2704.16,2727.92,1037689,2727.92,0.006998995924635265,2686.096,2683.8723999999997,2555.71115,0.2533067985620306,2754.3552415646595,2617.8367584353405,53.98041185096775
2022-07-12,GOOGL,2749.08,2787.69,2688.92,2738.31,1351142,2738.31,0.0038087627203142738,2685.4285,2685.8557999999994,2555.7842499999997,0.25075615466120005,2751.204102348027,2619.652897651973,57.21143287170657
2022-07-13,GOOGL,2689.07,2735.59,2632.24,2683.91,1485571,2683.91,-0.019866267880554123,2683.415,2686.6728,2555.9114,0.25825050148303424,2746.6107448603652,2620.2192551396347,53.385835990434124
2022-07-14,GOOGL,2666.32,2718.49,2618.37,2668.43,2180387,2668.43,-0.005767704580257882,2686.4325,2686.2709999999997,2555.71055,0.206754453573537,2739.421410806472,2633.4435891935277,48.61462438766808
2022-07-15,GOOGL,2700.47,2738.65,2676.98,2707.81,1026250,2707.81,0.014757741443470529,2688.8844999999997,2686.6674000000003,2555.74735,0.20189940109581173,2741.015316616352,2636.7536833836475,47.05739741602883
2022-07-18,GOOGL,2702.22,2737.41,2682.96,2710.19,2168670,2710.19,0.0008789390688417331,2688.1014999999998,2686.4257999999995,2555.5484500000002,0.1804940731660782,2738.330279871738,2637.8727201282613,61.08958462160866
2022-07-19,GOOGL,2747.15,2805.76,2673.6,2739.68,921928,2739.68,0.010881155933716746,2689.9575,2687.6626,2555.60865,0.18178732817687357,2744.9528448272363,2634.9621551727637,62.72457312220439
2022-07-20,GOOGL,2833.15,2885.14,2752.84,2818.99,2041694,2818.99,0.02894863633709055,2696.29,2690.4934,2556.1755,0.20643317689510812,2776.0369899120633,2616.5430100879366,73.53908123973125
2022-07-21,GOOGL,2877.24,2907.56,2826.45,2867.0,1664139,2867.0,0.01703092242256976,2706.6009999999997,2694.8024,2557.14315,0.20560789597368137,2815.144104200626,2598.0578957993735,76.49442222408203
2022-07-22,GOOGL,2854.74,2935.03,2809.09,2872.06,832716,2872.06,0.001764911056853835,2716.3115,2698.5604,2557.9437,0.2054916570200406,2846.596055335547,2586.0269446644525,75.50785426143298
2022-07-25,GOOGL,2849.11,2889.47,2809.43,2849.45,1356811,2849.45,-0.007872398208951137,2722.4224999999997,2701.8246000000004,2558.7806,0.20145216144154396,2865.6827126975204,2579.162287302479,72.47395010784484
2022-07-26,GOOGL,2752.08,2773.03,2699.22,2736.12,1175657,2736.12,-0.039772587692361694,2726.5809999999997,2702.211,2558.90815,0.2288568204168862,2866.1305772157193,2587.03142278428,56.249234160871836
2022-07-27,GOOGL,2728.18,2751.71,2707.3,2729.5,1541190,2729.5,-0.0024194845255324227,2729.5,2701.4959999999996,2559.0816,0.2284254293581711,2866.585519370523,2592.414480629477,56.45561317402097
2022-07-28,GOOGL,2718.03,2752.78,2679.3,2716.04,1097475,2716.04,-0.004931306100018351,2732.3,2699.8812,2559.60355,0.22868453796503604,2865.6485880572995,2598.951411942701,50.771443513095356
2022-07-29,GOOGL,2748.63,2776.85,2690.75,2733.8,1061224,2733.8,0.006538931679945792,2735.71,2698.3614000000002,2560.3294,0.2294731805482135,2865.312279219852,2606.107720780148,50.64237021344829
2022-08-01,GOOGL,2736.62,2742.69,2712.95,2727.82,2074996,2727.82,-0.0021874314141487883,2737.8025,2697.5972,2561.26375,0.22855727545698193,2865.358621456736,2610.2463785432637,48.84285304413751
2022-08-02,GOOGL,2709.69,2752.29,2676.92,2714.61,1153537,2714.61,-0.004842694899223621,2739.6014999999998,2696.5563999999995,2562.1217,0.22912072434207323,2864.633671737943,2614.5693282620564,53.72500485160129
2022-08-03,GOOGL,2660.0,2693.57,2584.69,2639.13,1670111,2639.13,-0.02780509907500528,2737.812,2694.461,2562.83875,0.2505983859043627,2867.6732526953747,2607.950747304625,46.89671242023272
2022-08-04,GOOGL,2582.89,2648.81,2552.07,2600.44,1096563,2600.44,-0.014660134210895293,2734.5085,2691.8782,2563.17265,0.2554638310762387,2874.938341974116,2594.0786580258837,38.61134092674738
2022-08-05,GOOGL,2647.04,2667.47,2574.66,2621.06,2337277,2621.06,0.00792942732768287,2730.1135,2690.0191999999997,2563.62465,0.24990503668070302,2879.148348100887,2581.078651899113,40.89822927399754
2022-08-08,GOOGL,2674.21,2757.25,2632.26,2694.75,914834,2694.75,0.02811457959756747,2728.455,2690.4638,2564.4776,0.2699024625000318,2878.3285161465783,2578.5814838534216,45.79173144888621
2022-08-09,GOOGL,2665.18,2705.71,2665.18,2691.28,938628,2691.28,-0.001287689024955907,2726.1035,2692.473,2565.1766000000002,0.26943585968203404,2876.799502849347,2575.4074971506534,36.05755584072844
2022-08-10,GOOGL,2727.28,2749.85,2662.49,2706.17,2208091,2706.17,0.005532683332837962,2727.2165,2695.317,2565.7482499999996,0.2604420348603596,2876.925960837463,2577.507039162537,31.07303410352573
2022-08-11,GOOGL,2734.46,2805.5,2691.46,2748.48,1004352,2748.48,0.015634642317370995,2731.219,2698.8342,2566.5320500000003,0.26461231973723714,2878.572685775457,2583.865314224543,36.62901410777978
2022-08-12,GOOGL,2726.25,2756.74,2670.84,2713.79,2276755,2713.79,-0.012621521713820028,2731.518,2702.742,2567.29785,0.2644188819715295,2878.6958495348995,2584.3401504651006,35.69590889814479
2022-08-15,GOOGL,2747.49,2761.84,2699.16,2730.5,1714390,2730.5,0.006157440332523967,2732.5335,2706.9576,2568.5020999999997,0.26524987445718606,2879.3716099644366,2585.6953900355634,49.25578685129092
2022-08-16,GOOGL,2718.46,2719.93,2678.23,2699.08,1128017,2699.08,-0.011507049990844176,2730.5035,2708.975,2569.6818,0.26554065436467367,2878.0464937377096,2582.96050626229,46.21999105162512
2022-08-17,GOOGL,2764.34,2799.71,2675.15,2737.43,581005,2737.43,0.014208545133897355,2726.4255000000003,2710.8874,2571.17095,0.24837658719800115,2868.061025795621,2584.7899742043796,52.503101081903594
2022-08-18,GOOGL,2733.51,2784.38,2705.25,2744.82,1190762,2744.82,0.002699612410180574,2720.3165,2711.525,2572.6728,0.2393559143036474,2846.0720902326834,2594.5609097673164,51.321659868749094
2022-08-19,GOOGL,2770.3,2820.95,2696.46,2758.7,1249787,2758.7,0.005056797895672371,2714.6485000000002,2712.0846,2574.3081,0.2403379790372557,2820.203079601128,2609.0939203988723,53.63465159898564
2022-08-22,GOOGL,2704.16,2770.67,2679.56,2725.12,1914025,2725.12,-0.012172400043498732,2708.432,2710.9277999999995,2575.63755,0.24223201924469343,2793.1466473635405,2623.717352636459,51.18044791716303
2022-08-23,GOOGL,2751.73,2807.83,2705.91,2756.87,2265284,2756.87,0.011650863081258844,2709.4695,2711.0319999999997,2577.2424499999997,0.20156893680624424,2796.0985347524406,2622.8404652475597,64.66470705234826
2022-08-24,GOOGL,2871.0,2911.27,2791.04,2851.15,912403,2851.15,0.03419820303460086,2715.5519999999997,2713.5714000000003,2579.3265499999998,0.23395144419523745,2822.744898350945,2608.3591016490545,77.42817757896859
2022-08-25,GOOGL,2798.88,2857.33,2755.28,2806.31,1653334,2806.31,-0.015726987355979216,2720.0655,2717.5360000000005,2580.9503,0.24138846238696748,2834.689232910552,2605.441767089448,69.2467532447388
2022-08-26,GOOGL,2796.94,2828.04,2755.67,2791.85,1629840,2791.85,-0.005152673795838725,2722.968,2720.1975999999995,2582.43035,0.2418762674937263,2841.9144616585386,2604.021538341461,61.50419411198269
2022-08-29,GOOGL,2803.19,2845.79,2760.17,2802.98,1843538,2802.98,0.003986603864820859,2726.726,2721.7402,2583.9746,0.2417354844234788,2850.9500467272605,2602.5019532727397,62.99804505473379
2022-08-30,GOOGL,2847.53,2899.04,2779.44,2839.24,1464915,2839.24,0.012936232152922944,2732.9575,2724.4737999999993,2585.8163499999996,0.24380692493638215,2866.757143123714,2599.157856876286,64.75113623565784
2022-08-31,GOOGL,2841.32,2849.81,2779.59,2814.7,551740,2814.7,-0.0086431580282047,2741.736,2726.921,2587.6566000000003,0.2207627777156261,2872.6221551764543,2610.8498448235455,57.641709747029644
2022-09-01,GOOGL,2666.79,2725.04,2656.36,2690.7,1127668,2690.7,-0.0440544285359008,2746.249,2727.5194,2589.03895,0.2713666393895049,2861.9672621989644,2630.5307378010352,47.79081115086573
2022-09-02,GOOGL,2754.67,2769.62,2731.58,2750.6,755812,2750.6,0.022261864942208387,2752.726,2728.9743999999996,2590.82155,0.2802509466729859,2852.318344749302,2653.133655250698,51.77630881133148
2022-09-05,GOOGL,2805.25,2849.9,2720.16,2785.03,1106585,2785.03,0.012517268959499894,2757.2400000000002,2730.1304,2592.6274000000003,0.26652285779038865,2853.909077187292,2660.5709228127084,57.55551257791845
2022-09-06,GOOGL,2708.17,2727.65,2690.7,2709.17,1775928,2709.17,-0.02723848576137422,2758.1344999999997,2731.2547999999997,2594.0935999999997,0.28571687956180297,2852.538252707692,2663.730747292307,47.669470558028436
2022-09-07,GOOGL,2661.07,2731.91,2635.48,2683.7,1355786,2683.7,-0.009401403381847695,2757.011,2731.5064,2595.68735,0.2871326002377766,2854.502987233664,2659.519012766336,45.105544699331354
2022-09-08,GOOGL,2755.96,2789.14,2716.12,2752.63,1899437,2752.63,0.02568468904870147,2757.2185,2733.3581999999997,2597.2831,0.2965725395960425,2854.6516836427863,2659.7853163572136,49.55330203156509
2022-09-09,GOOGL,2808.44,2854.86,2780.96,2817.91,1375783,2817.91,0.023715501175239684,2762.4245,2736.4044,2599.1394999999998,0.30363310623444933,2861.20463319878,2663.6443668012203,56.524123576854656
2022-09-12,GOOGL,2841.58,2914.52,2808.13,2861.32,713902,2861.32,0.015405034227494951,2768.9655,2739.9114,2601.482,0.30704395862149025,2875.838417641911,2662.0925823580887,57.2254735112534
2022-09-13,GOOGL,2873.97,2873.97,2835.95,2854.05,437789,2854.05,-0.0025407853717864803,2776.714,2743.4198000000006,2603.8691999999996,0.3032366099815287,2884.718143663344,2668.709856336656,50.22806631114035
2022-09-14,GOOGL,2859.85,2906.86,2810.38,2858.62,1273596,2858.62,0.001601233335085217,2782.7735000000002,2747.0938,2606.2549,0.30032737341302895,2895.0131504244355,2670.533849575565,54.392033717718434
2022-09-15,GOOGL,2878.14,2911.74,2795.09,2853.41,1101586,2853.41,-0.0018225577376496105,2788.203,2750.8318000000004,2608.282,0.300684161845859,2903.184662995862,2673.221337004138,55.2502302719382
2022-09-16,GOOGL,2923.97,2968.85,2843.51,2906.18,811836,2906.18,0.018493661969362973,2795.577,2754.7762,2610.7848,0.3061619191935744,2921.031413125494,2670.1225868745064,58.217869086136226
2022-09-19,GOOGL,2877.58,2890.63,2842.41,2866.52,607787,2866.52,-0.013646780309547246,2802.647,2757.5482,2612.89665,0.3071603641517625,2927.3178245278386,2677.9761754721612,52.16062093975885
2022-09-20,GOOGL,2802.55,2895.52,2765.61,2830.57,894423,2830.57,-0.01254133932433743,2806.332,2759.3934000000004,2614.5486,0.3098143725513445,2929.655233411135,2683.0087665888645,51.234615922084195
2022-09-21,GOOGL,2873.32,2929.62,2825.33,2877.48,1110183,2877.48,0.016572633780475243,2807.6485000000002,2763.2648000000004,2616.55685,0.29088184353292684,2933.522008650669,2681.7749913493317,66.51108517921723
2022-09-22,GOOGL,2858.82,2941.33,2811.11,2876.22,1566231,2876.22,-0.0004378831477543921,2811.144,2767.4205999999995,2618.6103,0.28447796766284444,2940.690215675407,2681.5977843245923,62.38904887594489
2022-09-23,GOOGL,2965.32,2984.41,2897.91,2941.16,1294046,2941.16,0.022578245057749413,2818.6095,2772.0875999999994,2621.1878500000003,0.29293042042305134,2960.1296547819356,2677.0893452180644,64.52399114234059
2022-09-26,GOOGL,2891.58,2956.62,2864.41,2910.52,2283132,2910.52,-0.010417658338886637,2823.9865,2776.0942000000005,2623.6483500000004,0.29657740814061406,2971.068860497453,2676.904139502547,70.4511751660952
2022-09-27,GOOGL,2896.31,2976.77,2840.75,2908.76,793009,2908.76,-0.0006047029396808457,2827.4625,2779.4757999999997,2626.10385,0.2938683572074217,2979.272647483547,2675.652352516453,74.01613453765538
2022-09-28,GOOGL,2867.89,2932.86,2800.99,2866.93,1707013,2866.93,-0.014380698304432227,2830.074,2780.4346,2628.2185999999997,0.29714974687594276,2982.754214607723,2677.393785392277,62.9456802408344
2022-09-29,GOOGL,2854.47,2908.09,2828.0,2868.04,1222919,2868.04,0.00038717373636609764,2838.941,2780.4554,2630.1205,0.24488264905227708,2977.4839890950702,2700.3980109049294,56.64343078058522
2022-09-30,GOOGL,2785.49,2831.14,2772.37,2801.75,1584373,2801.75,-0.023113345699502075,2841.4985,2779.0492,2631.8356,0.2511925625749328,2974.9707374090417,2708.0262625909586,42.55691331035358
2022-10-03,GOOGL,2786.25,2816.5,2744.96,2780.73,1007745,2780.73,-0.007502453823503119,2841.2835,2777.6748,2633.8233,0.2491042173587825,2975.1519946663657,2707.4150053336343,41.1432160790104
2022-10-04,GOOGL,2695.95,2752.97,2683.63,2718.3,1842261,2718.3,-0.0224509391418799,2841.7400000000002,2777.3183999999997,2635.4996499999997,0.24264689539768636,2973.761108679144,2709.7188913208565,35.12866166329265
2022-10-05,GOOGL,2725.1,2778.92,2719.88,2749.4,1350414,2749.4,0.011440974138248183,2845.025,2777.7164000000002,2637.2721500000002,0.24289722458763116,2963.0122266950366,2727.0377733049636,39.55030441747805
2022-10-06,GOOGL,2774.75,2810.71,2753.01,2781.86,914428,2781.86,0.011806212264494187,2846.4865,2779.0327999999995,2639.1558,0.22903407519081972,2960.3053250594894,2732.6676749405106,36.97838109494368
2022-10-07,GOOGL,2718.58,2766.78,2646.49,2706.64,1194242,2706.64,-0.027039462805461212,2840.9230000000002,2778.4896000000003,2640.7228000000005,0.23201319577994534,2970.4210755964586,2711.424924403542,34.41472354269318
2022-10-10,GOOGL,2768.81,2783.47,2748.08,2765.78,1090350,2765.78,0.02184996896521163,2836.146,2779.2488,2642.5583,0.23940298898001988,2969.4682122135023,2702.823787786498,43.95739680174703
2022-10-11,GOOGL,2874.87,2932.73,2825.9,2879.31,1459352,2879.31,0.04104809493162853,2837.409,2782.5428,2644.66375,0.28311217300225,2971.91866123011,2702.89933876989,50.15180926666646
2022-10-12,GOOGL,2886.01,2906.59,2857.84,2882.22,748571,2882.22,0.0010106588036715713,2838.589,2787.4046000000003,2646.7050999999997,0.2830919838564553,2974.2909208490933,2702.8870791509066,50.49637645073142
2022-10-13,GOOGL,2845.9,2887.51,2819.65,2853.58,1185993,2853.58,-0.00993678483946403,2838.5975000000003,2792.4674,2648.6736,0.2854536874520114,2974.3033509192314,2702.891649080769,42.291578649852
2022-10-14,GOOGL,3012.35,3012.35,2967.69,2986.3,1405572,2986.3,0.046509997967465466,2842.6035,2799.7722000000003,2651.4004,0.3240399753462515,2990.8593555549965,2694.347644445004,55.65387370063993
2022-10-17,GOOGL,2898.7,2955.15,2894.32,2924.73,1215956,2924.73,-0.020617486521782857,2845.514,2804.3718,2653.8491500000005,0.3292800661681653,2997.972716883333,2693.0552831166674,51.09388056945446
2022-10-18,GOOGL,2936.62,2986.08,2866.86,2926.47,2056690,2926.47,0.0005949267111835521,2850.309,2809.0756,2655.9802,0.3252822862175579,3006.768577412948,2693.8494225870522,54.31524322960454
2022-10-19,GOOGL,2958.67,3002.33,2869.05,2935.69,1635470,2935.69,0.003150553397096356,2853.2195,2813.6659999999997,2658.19055,0.32068981491682286,3013.915570560894,2692.523429439106,54.84605796534644
2022-10-20,GOOGL,3018.61,3028.67,2972.08,3000.38,1196414,3000.38,0.022035705404862327,2859.4275000000002,2818.704,2660.7248999999997,0.32898791012690665,3032.946334515468,2685.9086654845323,64.26140524576795
2022-10-21,GOOGL,2999.44,3061.59,2975.44,3018.52,1308651,3018.52,0.006045900852558628,2863.2954999999997,2824.7986,2663.44245,0.3206113584292642,3047.599440441143,2678.9915595588564,67.14394889628122
2022-10-24,GOOGL,2983.12,3038.5,2952.19,2995.35,1350652,2995.35,-0.007675947152909424,2867.537,2830.0956,2665.8212,0.319406140253579,3060.1348399726544,2674.939160027345,71.17309896676126
2022-10-25,GOOGL,2963.72,3017.22,2884.6,2950.91,1410072,2950.91,-0.014836329644281943,2869.6445,2835.1322000000005,2667.5728999999997,0.32467694506876216,3065.0437124614455,2674.2452875385543,65.09234709790243
2022-10-26,GOOGL,2911.2,2995.07,2876.15,2935.61,578138,2935.61,-0.005184841286247188,2873.0785,2839.0957999999996,2669.1504499999996,0.3205451341605991,3070.6784571996154,2675.4785428003847,61.819104283527096
2022-10-27,GOOGL,2907.5,2933.58,2845.38,2889.48,1063654,2889.48,-0.015713940203228693,2874.1504999999997,2841.9889999999996,2670.4763999999996,0.3262484741843902,3071.867958534901,2676.4330414650985,64.71336144316157
2022-10-28,GOOGL,2905.14,2945.74,2839.21,2892.48,662685,2892.48,0.0010382490967233426,2878.687,2844.6646,2671.8060499999997,0.3140289016168441,3073.5529243361825,2683.8210756638173,61.20842179607762
2022-10-31,GOOGL,2880.43,2930.19,2804.34,2867.27,2000973,2867.27,-0.008715704170815353,2883.014,2847.5076,2673.4977999999996,0.31453361089656307,3072.490161911355,2693.5378380886455,48.73762791334859
2022-11-01,GOOGL,2777.91,2814.83,2777.91,2800.3,1171144,2800.3,-0.023356712133841495,2887.114,2848.3762,2674.6995500000003,0.31547176143569367,3064.762665499379,2709.465334500621,42.42799571007141
2022-11-02,GOOGL,2870.33,2895.2,2820.56,2857.88,1110694,2857.88,0.020562082634003387,2892.538,2848.5107999999996,2676.1582,0.3208334648661631,3058.737984242271,2726.338015757729,50.37727240698871
2022-11-03,GOOGL,2846.19,2901.62,2770.35,2835.99,1717793,2835.99,-0.007659523842848626,2895.2445,2849.1044,2677.41565,0.3204862625308782,3055.512774363313,2734.9762256366866,33.62814508120944
2022-11-04,GOOGL,2798.18,2834.84,2724.72,2779.78,1420844,2779.78,-0.01982023914047637,2898.9015000000004,2848.8630000000003,2678.5348500000005,0.31299969346010276,3043.6343131821,2754.168686817901,34.025435869257976
2022-11-07,GOOGL,2747.64,2817.03,2729.09,2773.06,764042,2773.06,-0.002417457496636466,2899.2655,2848.2646000000004,2679.69535,0.3038088771566844,3042.618680858085,2755.912319141915,33.27664769776558
2022-11-08,GOOGL,2750.37,2820.15,2733.55,2776.85,1166443,2776.85,0.001366721239352886,2894.1425,2847.0168000000003,2680.9546499999997,0.2631571539037533,3047.474316848039,2740.810683151961,32.47727473203007
2022-11-09,GOOGL,2694.2,2733.36,2668.77,2701.06,1049437,2701.06,-0.02729351603435548,2885.0845,2844.744,2681.6234500000005,0.2780736604281217,3061.1068235215375,2709.0621764784623,17.76930697280271
2022-11-10,GOOGL,2697.09,2758.03,2674.32,2716.17,597206,2716.17,0.005594100094037158,2878.214,2845.2533999999996,2682.4419,0.27847087586485364,3069.480596351863,2686.947403648137,17.229195117727343
2022-11-11,GOOGL,2674.89,2720.15,2623.39,2671.77,910474,2671.77,-0.016346546791990213,2862.4875,2843.6768000000006,2682.6023,0.21427006735330534,3067.55945778177,2657.4155422182303,16.47117337375016
2022-11-14,GOOGL,2769.6,2783.39,2709.96,2746.67,1115056,2746.67,0.028033850219143064,2853.5845,2842.9096000000004,2683.0422999999996,0.2370171664214309,3062.6995319020507,2644.469468097949,30.093567250640746
2022-11-15,GOOGL,2764.54,2823.97,2717.12,2770.55,1146072,2770.55,0.008694164206111354,2845.7884999999997,2844.1372,2683.8667500000006,0.24037978932986143,3055.0881283121553,2636.488871687844,34.176923960891
2022-11-16,GOOGL,2772.62,2814.83,2692.43,2753.63,663271,2753.63,-0.0061070906498710276,2836.6855,2845.5357999999997,2684.6298000000006,0.23967480187513063,3045.357342952231,2628.013657047769,36.204480369423706
2022-11-17,GOOGL,2694.53,2743.76,2694.53,2721.73,1902155,2721.73,-0.011584708185195525,2822.7529999999997,2844.9178,2685.36475,0.2219918029591082,3022.4212997901295,2623.08470020987,33.62173153937364
2022-11-18,GOOGL,2699.88,2756.04,2679.77,2717.9,1151977,2717.9,-0.0014071932190187209,2807.722,2842.9176,2686.52135,0.21872850338738986,2989.827294191741,2625.616705808259,35.059713135908254
2022-11-21,GOOGL,2719.65,2781.56,2709.3,2745.43,1218161,2745.43,0.010129143824276099,2795.226,2840.5998,2687.4898,0.22503246812364064,2956.1929026981634,2634.259097301837,44.04169833724269
2022-11-22,GOOGL,2735.62,2796.52,2693.59,2745.06,1408574,2745.06,-0.00013476941681267451,2784.9335,2838.42,2688.30855,0.22188957316432772,2929.472361250561,2640.3946387494393,36.01081241815258
2022-11-23,GOOGL,2758.62,2763.63,2708.92,2736.28,875544,2736.28,-0.003198472893124249,2774.9669999999996,2835.9732,2688.9692999999997,0.22180346113041088,2902.214520435065,2647.7194795649343,37.22092635654506
2022-11-24,GOOGL,2717.5,2788.36,2690.8,2739.58,1440318,2739.58,0.0012060169280920796,2767.472,2833.6965999999998,2689.6085000000003,0.21745056357564668,2883.482150663089,2651.461849336911,44.03949943474121
2022-11-25,GOOGL,2719.75,2775.18,2652.78,2713.98,1036129,2713.98,-0.009344498061746642,2758.547,2829.8526,2690.4018,0.21828658602639184,2860.701133306537,2656.392866693463,41.70457736426884
2022-11-28,GOOGL,2697.23,2735.93,2663.77,2699.85,838355,2699.85,-0.0052063758760197976,2750.1760000000004,2826.5191999999997,2691.2195,0.21744083071211376,2841.702978801074,2658.6490211989267,39.49350507435619
2022-11-29,GOOGL,2634.85,2672.6,2551.3,2611.95,1509382,2611.95,-0.03255736429801659,2740.7585,2822.1468,2691.4222500000005,0.23094638270914764,2847.9836618694335,2633.5333381305663,38.23008849416132
2022-11-30,GOOGL,2633.64,2719.66,2587.7,2653.68,2179272,2653.68,0.015976569229885662,2730.5485,2817.6707999999994,2692.04465,0.22514349222649646,2829.3755208683638,2631.721479131636,42.28842214233025
2022-12-01,GOOGL,2651.76,2686.12,2648.13,2667.12,1603603,2667.12,0.005064664918151385,2722.105,2813.4888,2693.2329499999996,0.2266289992178048,2811.3964990945865,2632.8135009054135,49.378691107422824
2022-12-02,GOOGL,2610.24,2660.49,2609.58,2635.03,1735876,2635.03,-0.012031704610216187,2714.8675,2807.3662,2694.3016000000002,0.22055219655209088,2807.8639775508973,2621.8710224491024,33.15630657675257
2022-12-05,GOOGL,2713.46,2782.28,2651.82,2717.05,974402,2717.05,0.031126780340261728,2712.067,2803.4968,2695.8044499999996,0.25092636749810066,2800.96810202402,2623.16589797598,43.132926013749895
2022-12-06,GOOGL,2709.49,2787.35,2655.81,2721.58,633353,2721.58,0.0016672494065252952,2709.3035,2799.7532,2697.3004499999997,0.25096465498547804,2793.0098786227663,2625.5971213772336,45.75102744096373
2022-12-07,GOOGL,2697.37,2697.37,2658.94,2677.56,2177933,2677.56,-0.016174428089565596,2708.1285,2795.9657999999995,2698.4309999999996,0.23822717708626195,2792.9740955562565,2623.282904443743,44.326559969633976
2022-12-08,GOOGL,2720.95,2729.65,2700.86,2715.26,2729524,2715.26,0.014079983268348917,2708.0829999999996,2792.9102000000003,2699.6209999999996,0.24288481586850794,2792.9114123456598,2623.2545876543395,49.688046507785536
2022-12-09,GOOGL,2739.58,2755.82,2710.87,2733.35,2224304,2733.35,0.0066623454107523905,2711.1620000000003,2791.5422000000003,2700.84665,0.23585818998697794,2794.9041045078343,2627.4198954921662,48.54000483277844
2022-12-12,GOOGL,2753.16,2819.97,2682.84,2751.41,1049178,2751.41,0.006607276784897698,2711.3990000000003,2790.9558,2701.9189,0.21491307233999282,2795.5898550855295,2627.208144914471,50.735992951365795
2022-12-13,GOOGL,2711.16,2756.98,2709.96,2733.47,756137,2733.47,-0.006520293231470409,2709.545,2791.2592000000004,2703.2026499999997,0.21369470025505394,2789.792009847759,2629.2979901522413,49.681080466018486
2022-12-14,GOOGL,2750.96,2795.44,2712.54,2753.99,783525,2753.99,0.0075069417260844595,2709.563,2791.3509999999997,2704.48525,0.21449332293569673,2789.8517966493523,2629.274203350648,51.57393450701872
2022-12-15,GOOGL,2770.63,2803.49,2682.96,2743.23,611909,2743.23,-0.003907058486051107,2710.638,2790.5784000000003,2705.5848000000005,0.21064604630470143,2792.1786906754046,2629.0973093245952,53.30187614127238
2022-12-16,GOOGL,2787.05,2787.05,2753.52,2768.49,1149549,2768.49,0.00920812327074283,2713.1675,2791.8154,2707.05505,0.21274622993797448,2798.6978577686455,2627.6371422313546,57.55847244680039
2022-12-19,GOOGL,2707.25,2732.02,2640.21,2686.11,2280951,2686.11,-0.029756293141748658,2710.2015,2790.2219999999998,2708.40405,0.23591387406814612,2795.133232654006,2625.2697673459943,58.266821240434055
2022-12-20,GOOGL,2685.51,2696.38,2640.13,2668.26,1133892,2668.26,-0.0066452974747869265,2706.3615,2786.0009999999997,2709.8039000000003,0.23673271478395846,2791.6013580541135,2621.1216419458865,51.716667449903426
2022-12-21,GOOGL,2721.77,2804.58,2682.51,2743.55,1354253,2743.55,0.028216890407981143,2706.725,2783.2276,2711.7027,0.2586607790808278,2792.5619738763153,2620.8880261236845,57.85492589913889
2022-12-22,GOOGL,2696.04,2739.74,2681.9,2710.82,2080400,2710.82,-0.01192979898306934,2705.287,2780.3723999999997,2713.29125,0.26220132151708875,2789.7592252953514,2620.8147747046482,57.778918196019916
2022-12-23,GOOGL,2658.8,2735.8,2635.17,2685.49,1020898,2685.49,-0.009344036121911592,2703.8625,2774.3562,2714.867,0.2622011124676128,2788.677672395356,2619.0473276046446,46.33415415915833
2022-12-26,GOOGL,2656.55,2716.33,2617.73,2667.03,2708876,2667.03,-0.006873978305634965,2702.2215,2769.2022,2716.5085500000005,0.26267312787684544,2788.6187943718132,2615.824205628187,43.86237313932792
2022-12-27,GOOGL,2595.92,2641.08,2591.73,2616.41,2662217,2616.41,-0.018979913986719388,2702.4445,2763.001,2718.0077499999998,0.24447370649129824,2787.87839503021,2617.01060496979,43.22047051906895
2022-12-28,GOOGL,2524.89,2540.65,2511.87,2526.26,1138688,2526.26,-0.03445560902152167,2696.0735,2754.8124,2718.8438,0.2659053191946384,2810.8008410768307,2581.3461589231692,31.229143491901254
2022-12-29,GOOGL,2526.56,2550.84,2484.45,2517.64,952474,2517.64,-0.003412158685171085,2688.5995,2745.1576,2719.6311,0.26447995165669924,2828.0753749145933,2549.1236250854063,28.165678076817755
2022-12-30,GOOGL,2542.71,2551.03,2496.59,2523.81,1586002,2523.81,0.0024507078057227627,2683.0384999999997,2735.2634000000003,2720.4798500000006,0.26272761748119594,2839.359096383579,2526.7179036164202,26.3939595080287
2023-01-02,GOOGL,2534.95,2575.8,2468.95,2522.38,1044263,2522.38,-0.000566603666678489,2673.3050000000003,2725.804,2721.3389500000003,0.23197476802914277,2844.26585307533,2502.3441469246704,27.329939643055567
2023-01-03,GOOGL,2539.3,2570.1,2464.34,2517.22,755556,2517.22,-0.002045687009887609,2663.0870000000004,2717.1302,2721.9235,0.2312280344555135,2845.9156884203576,2480.2583115796433,23.704493457871052
2023-01-04,GOOGL,2497.16,2555.27,2484.01,2519.64,2003342,2519.64,0.0009613780281421125,2655.191,2708.8108,2722.6599,0.22702129678646293,2848.7154861320296,2461.66651386797,24.699572271605206
2023-01-05,GOOGL,2536.92,2605.8,2518.02,2561.91,1952089,2561.91,0.016776206124684556,2647.5235000000002,2702.2594,2723.35205,0.22988550771298463,2843.1670809027632,2451.8799190972372,27.490847279496023
2023-01-06,GOOGL,2563.05,2598.46,2511.16,2554.81,1277016,2554.81,-0.0027713697983144936,2638.5964999999997,2695.506,2723.9645,0.22715682612594096,2834.044018574366,2443.1489814256333,32.885818559800825
2023-01-09,GOOGL,2521.47,2586.69,2477.59,2532.14,724101,2532.14,-0.0088734583002259,2627.633,2688.8034000000002,2724.4915,0.22486023729557833,2821.024266019609,2434.2417339803906,32.47773029078138
2023-01-10,GOOGL,2509.03,2555.5,2487.42,2521.46,733821,2521.46,-0.004217776268294782,2617.0325000000003,2683.2266000000004,2724.46625,0.22467293851482503,2809.2356199566975,2424.829380043303,15.706741607053857
2023-01-11,GOOGL,2537.03,2572.39,2518.88,2545.64,1252589,2545.64,0.0095896821682675,2606.6150000000002,2676.9818,2724.7701,0.22619595427136033,2789.943140028617,2423.2868599713834,23.802575650785883
2023-01-12,GOOGL,2592.52,2631.34,2577.68,2604.51,982527,2604.51,0.023125815119184212,2599.6789999999996,2672.3522000000003,2725.43505,0.24559371856099038,2771.3717143598324,2427.986285640167,38.391628438826096
2023-01-13,GOOGL,2579.76,2619.72,2538.61,2579.17,1046953,2579.17,-0.00972927729208184,2590.213,2668.34,2726.2113,0.2428270432667406,2742.4964656126012,2437.929534387399,37.649010344896865
2023-01-16,GOOGL,2580.86,2620.09,2547.82,2583.96,1805986,2583.96,0.001857186614298456,2585.1055,2664.558,2726.82205,0.22243114537459235,2730.5448274079577,2439.6661725920426,44.76359528602008
2023-01-17,GOOGL,2599.33,2634.56,2562.82,2598.69,1608968,2598.69,0.005700552640133694,2581.6269999999995,2660.9948,2727.1657999999998,0.22321182506513207,2721.9294618609647,2441.3245381390343,65.44810817337247
2023-01-18,GOOGL,2567.28,2575.9,2540.98,2558.44,2082519,2558.44,-0.015488573088748514,2572.3715,2658.1423999999997,2726.9622499999996,0.19939180489186212,2690.343844890592,2454.399155109408,57.66744343077751
2023-01-19,GOOGL,2554.19,2609.56,2510.38,2559.97,807406,2559.97,0.0005980206688449563,2564.829,2655.0184000000004,2726.5057,0.19724042550687798,2663.1903383400086,2466.467661659992,56.91607374800386
2023-01-20,GOOGL,2488.88,2524.52,2478.12,2501.32,1046074,2501.32,-0.022910424731539702,2555.6205,2651.6094,2725.79415,0.20876583158776807,2639.8937559127935,2471.3472440872065,46.695330151099256
2023-01-23,GOOGL,2415.94,2453.91,2410.43,2432.17,1625660,2432.17,-0.027645403227096077,2543.8774999999996,2645.3194,2724.8102999999996,0.2256074824479005,2628.2381308468607,2459.5168691531385,38.88613020269086
2023-01-24,GOOGL,2439.78,2479.59,2414.71,2447.15,1435556,2447.15,0.006159108943864844,2535.4145,2638.8514,2724.2446999999997,0.2218263288120517,2623.0347325771886,2447.794267422811,40.82846225721403
2023-01-25,GOOGL,2444.59,2456.08,2409.58,2432.83,2215047,2432.83,-0.005851705044643829,2530.743,2632.4354,2723.1800499999995,0.18930055292635342,2629.6533964736013,2431.8326035263985,32.425661691389934
2023-01-26,GOOGL,2453.91,2482.1,2400.66,2441.38,1419828,2441.38,0.003514425586662595,2526.93,2626.8284000000003,2722.0549,0.1901202324846261,2633.5466707614214,2420.3133292385783,34.61715804474048
2023-01-27,GOOGL,2449.49,2471.69,2411.0,2441.34,2513221,2441.34,-1.6384176162675956e-05,2522.8065,2621.2972,2721.03045,0.18964682503933594,2636.1013110069107,2409.5116889930896,36.880887705842
2023-01-30,GOOGL,2391.37,2437.76,2370.55,2404.16,1489333,2404.16,-0.015229341263404694,2516.8954999999996,2614.4718,2719.5323,0.19564291731439065,2642.004003724765,2391.7869962752343,34.257569249303174
2023-01-31,GOOGL,2407.3,2440.9,2365.24,2403.07,1835264,2403.07,-0.0004533808066017331,2511.188,2607.632,2718.23385,0.19575466525668866,2646.253116553139,2376.122883446861,29.6019686942673
2023-02-01,GOOGL,2360.09,2378.14,2335.39,2356.76,1054340,2356.76,-0.01927118227933433,2503.044,2600.0416,2716.6133,0.20434482193447046,2654.5989983757418,2351.489001624258,13.232020420334067
2023-02-02,GOOGL,2409.7,2430.02,2390.9,2410.46,1206877,2410.46,0.0227855191024966,2495.4715,2593.4592000000002,2715.2946,0.21308492595536352,2649.7522381334015,2341.1907618665987,26.906124235834596
2023-02-03,GOOGL,2361.72,2412.71,2306.02,2359.37,1727541,2359.37,-0.0211951245820301,2485.6995,2586.367,2713.5794,0.22269179897298458,2648.66854148702,2322.7304585129805,22.71545545030486
2023-02-06,GOOGL,2352.24,2384.8,2320.46,2352.63,2287621,2352.63,-0.002856694795644543,2476.724,2579.4226,2711.8406,0.22192435977592773,2648.4608826402405,2304.98711735976,19.51533772666329
2023-02-07,GOOGL,2317.38,2344.99,2283.7,2314.35,1606433,2314.35,-0.01627115185983352,2466.3684999999996,2573.4706,2710.21665,0.22646402631409157,2651.223307124085,2281.5136928759143,19.611065460833714
2023-02-08,GOOGL,2346.27,2349.55,2322.86,2336.2,1160734,2336.2,0.009441095772031005,2455.8965,2567.1209999999996,2708.6823500000005,0.22634478829058305,2645.5112260854544,2266.2817739145453,23.48256819773715
2023-02-09,GOOGL,2306.33,2359.25,2289.71,2324.48,2081847,2324.48,-0.005016693776217718,2441.895,2560.2682,2706.8621500000004,0.20204406803763356,2626.596049893118,2257.193950106882,26.42133333234692
2023-02-10,GOOGL,2317.41,2342.98,2268.81,2305.9,499339,2305.9,-0.007993185572687245,2428.2315,2553.6856,2704.9517000000005,0.20166641371057561,2610.590405490301,2245.872594509699,30.5397158079476
2023-02-13,GOOGL,2321.2,2376.05,2300.4,2338.23,679381,2338.23,0.014020555965132964,2415.945,2546.1092,2703.0315,0.2119188184990205,2586.880446171754,2245.009553828246,34.06577330306945
2023-02-14,GOOGL,2319.68,2384.75,2295.18,2339.96,1576134,2339.96,0.0007398758890271306,2403.0085000000004,2538.4768,2701.3421000000003,0.20934390750343393,2553.6707759721057,2252.346224027895,35.89416446276459
2023-02-15,GOOGL,2382.5,2382.5,2339.85,2360.03,1206791,2360.03,0.008577069693499029,2393.088,2532.1262,2699.755,0.21099873887094064,2525.7059320415983,2260.470067958402,38.06169469480536
2023-02-16,GOOGL,2345.13,2347.24,2300.55,2323.89,1528867,2323.89,-0.015313364660618833,2381.284,2524.2988,2698.1167000000005,0.21399413588700392,2491.492198644493,2271.0758013555073,34.41522252466275
2023-02-17,GOOGL,2252.88,2321.08,2224.64,2272.86,1231317,2272.86,-0.021958870686650256,2369.861,2515.089,2696.0602000000003,0.21294656137669649,2474.9225833241126,2264.799416675887,33.19510571733802
2023-02-20,GOOGL,2274.8,2331.91,2222.85,2277.38,1507872,2277.38,0.0019886838608624835,2362.1215,2505.6084,2694.0159000000003,0.1958770231226803,2470.6063027729,2253.6366972271003,34.05313506945937
2023-02-21,GOOGL,2252.19,2283.9,2248.92,2266.41,866373,2266.41,-0.004816938762964518,2353.0845,2496.2672000000002,2691.76395,0.19276387225320563,2461.8575830628192,2244.3114169371806,37.40766550376662
2023-02-22,GOOGL,2289.19,2324.1,2255.62,2289.86,1507595,2289.86,0.010346759853689491,2345.936,2486.9846,2689.387,0.19890890794561786,2451.3834113682,2240.4885886318,31.6438356150898
2023-02-23,GOOGL,2302.67,2308.8,2266.32,2287.56,1786194,2287.56,-0.0010044282183191422,2338.245,2477.8712,2686.8408999999997,0.19760388350532176,2436.5797283519105,2239.9102716480893,37.163490756425304
2023-02-24,GOOGL,2316.39,2316.39,2281.47,2295.7,1955296,2295.7,0.003558376610886649,2330.9629999999997,2468.4154,2684.2704500000004,0.19876572194494543,2418.083137040405,2243.8428629595946,39.874070646514724
2023-02-27,GOOGL,2243.46,2263.2,2211.7,2237.45,2685167,2237.45,-0.025373524415211013,2322.6275,2459.4422,2681.62755,0.20999099672058005,2412.128315609587,2233.126684390413,37.22930782343162
2023-02-28,GOOGL,2299.97,2324.88,2288.55,2306.71,1323078,2306.71,0.0309548816733336,2317.8095000000003,2452.2111999999997,2679.3278499999997,0.24303683890268463,2399.072542023985,2236.5464579760155,45.76888863198155
2023-03-01,GOOGL,2306.04,2345.47,2257.1,2301.29,1338950,2301.29,-0.002349666841518938,2315.036,2443.366,2677.1148,0.23429086934950144,2394.4673949335984,2235.6046050664017,46.61153160334153
2023-03-02,GOOGL,2319.0,2364.23,2291.26,2327.75,652497,2327.75,0.011497899004471401,2310.9005,2435.7046,2675.10565,0.22214802363831873,2376.8881458855626,2244.912854114438,53.120804408422025
2023-03-03,GOOGL,2316.27,2316.27,2279.34,2297.44,970209,2297.44,-0.013021157770379044,2307.804,2427.9436,2673.0227999999997,0.21436880938791847,2369.913209555619,2245.6947904443814,44.14020973820441
2023-03-06,GOOGL,2326.53,2326.53,2297.44,2309.42,1110809,2309.42,0.005214499616964963,2305.6435,2420.7914,2671.2073,0.21547438513618605,2364.0851345014644,2247.201865498536,45.73820820362732
2023-03-07,GOOGL,2265.03,2310.27,2214.51,2262.39,1826587,2262.39,-0.020364420503849567,2303.0455,2413.7110000000002,2669.5651500000004,0.21980886795805235,2364.4043874791296,2241.6866125208708,37.32803820660698
2023-03-08,GOOGL,2271.45,2298.86,2260.0,2279.43,939808,2279.43,0.007531857902483674,2300.207,2408.7744000000002,2668.1424500000007,0.2187026943364193,2360.3483535286286,2240.065646471371,43.92888354649607
2023-03-09,GOOGL,2257.74,2305.93,2228.28,2267.11,1650135,2267.11,-0.0054048599869264136,2297.3385000000003,2403.7637999999997,2666.6149,0.21879829342354398,2358.0749166407672,2236.6020833592333,49.1220033571913
2023-03-10,GOOGL,2247.61,2295.41,2242.15,2268.78,1199221,2268.78,0.0007366206315528867,2295.4825,2398.6632,2665.3668,0.21737117389269764,2357.374982963713,2233.590017036287,48.67529266579961
2023-03-13,GOOGL,2309.38,2333.23,2256.54,2294.88,1117902,2294.88,0.011503980112659518,2293.3149999999996,2394.1132000000002,2664.2425999999996,0.21528092807007795,2351.8493452939592,2234.78065470604,54.19009212975406
2023-03-14,GOOGL,2248.45,2276.15,2225.22,2250.68,1325618,2250.68,-0.019260266332008724,2288.8509999999997,2388.7824,2662.50495,0.22481908405636325,2346.0086246794126,2231.6933753205867,44.56557922596557
2023-03-15,GOOGL,2218.99,2241.78,2211.77,2226.77,1026196,2226.77,-0.010623456022179845,2282.188,2382.925,2660.4297500000002,0.22333636158417078,2335.337067269562,2229.0389327304383,42.04506791439549
2023-03-16,GOOGL,2242.44,2264.96,2222.51,2243.74,1010764,2243.74,0.007620903820331648,2278.1805,2376.5616,2658.08375,0.22113033116402261,2330.164104085613,2226.196895914387,43.3541389527091
2023-03-17,GOOGL,2335.77,2341.31,2300.64,2320.97,606777,2320.97,0.03442020911513821,2280.5860000000002,2371.8848000000003,2656.035,0.24206025153690774,2335.880059222566,2225.2919407774343,60.18785069323583
2023-03-20,GOOGL,2299.09,2347.89,2285.07,2316.48,1086693,2316.48,-0.001934535991417241,2282.541,2367.5716,2653.7026,0.24228213115646122,2340.077198180781,2225.004801819219,51.41540868449622
2023-03-21,GOOGL,2355.86,2381.62,2296.64,2339.13,990380,2339.13,0.009777766266058974,2286.177,2363.925,2651.6399499999998,0.24320230244566143,2348.419586234009,2223.9344137659914,55.22132685513552
2023-03-22,GOOGL,2354.34,2359.77,2311.76,2335.77,976216,2335.77,-0.0014364314937606038,2288.4725,2359.7276,2649.6978999999997,0.2412289802554793,2354.554868976293,2222.3901310237065,51.18198431669944
2023-03-23,GOOGL,2431.68,2431.68,2397.51,2410.15,1417749,2410.15,0.03184388873904531,2294.602,2355.8404,2648.70825,0.2644831957259244,2380.190788641374,2209.0132113586255,64.7014321840038
2023-03-24,GOOGL,2339.53,2380.39,2308.29,2344.34,1561699,2344.34,-0.027305354438520446,2297.034,2351.1438,2647.1360999999997,0.285109671521699,2385.4709702166338,2208.5970297833665,53.99396101940728
2023-03-27,GOOGL,2335.25,2388.73,2308.34,2348.53,1316793,2348.53,0.0017872834145218341,2302.588,2346.4352,2645.2495,0.2672752038883005,2389.2025250007046,2215.973474999296,60.92260093108923
2023-03-28,GOOGL,2283.08,2344.38,2233.34,2288.86,1786909,2288.86,-0.025407382490323815,2301.6955000000003,2340.2385999999997,2643.1809999999996,0.26269569832811984,2388.4988430052504,2214.89215699475,51.07907083026641
2023-03-29,GOOGL,2192.13,2236.41,2162.55,2199.48,1510659,2199.48,-0.039050007427278266,2296.605,2333.0594,2640.7167,0.2966746265697776,2394.7134007350132,2198.496599264987,43.421334214104974
2023-03-30,GOOGL,2196.26,2242.46,2178.69,2210.57,1066411,2210.57,0.005042100860203291,2290.746,2326.0714000000003,2638.46565,0.293621245462975,2394.8364763126415,2186.6555236873587,44.439562117910405
2023-03-31,GOOGL,2220.87,2252.61,2179.62,2216.12,997183,2216.12,0.002510664670198004,2286.68,2320.3674,2636.157,0.29134835230931844,2395.8963594842485,2177.463640515751,42.16910594855556
2023-04-03,GOOGL,2205.61,2258.62,2154.65,2206.64,1359953,2206.64,-0.004277746692417428,2281.541,2315.8568,2633.55405,0.2903330352475833,2395.807650455683,2167.2743495443174,45.29647983459896
2023-04-04,GOOGL,2219.61,2251.02,2155.97,2203.49,1509575,2203.49,-0.001427509698002427,2278.596,2310.9836,2631.3067499999997,0.2822131742077868,2397.8673469629703,2159.3246530370297,47.39830129489587
2023-04-05,GOOGL,2294.43,2342.65,2289.57,2316.11,2098996,2316.11,0.05110983031463734,2280.43,2308.6492000000003,2629.5317,0.33708818358507586,2400.8775784644095,2159.98242153559,56.663290671589586
2023-04-06,GOOGL,2313.83,2329.67,2284.7,2307.19,1932454,2307.19,-0.003851285128944726,2282.434,2305.9654,2627.76745,0.33674091155898156,2403.2814862053438,2161.5865137946566,48.54867927564632
2023-04-07,GOOGL,2338.97,2350.58,2302.87,2326.73,966312,2326.73,0.008469176790814714,2285.3315,2303.6732,2626.0731,0.3377507288030799,2407.5714191023562,2163.0915808976433,51.046366808806525
2023-04-10,GOOGL,2315.26,2338.06,2268.55,2303.31,1152022,2303.31,-0.01006562858604143,2285.753,2301.6562,2624.1598,0.3379346303577528,2408.1895262151143,2163.316473784886,46.34907044877509
2023-04-11,GOOGL,2332.72,2360.86,2268.82,2314.84,1569455,2314.84,0.00500583942239663,2288.9610000000002,2299.8916,2622.34085,0.3300999585462936,2410.8893240529496,2167.032675947051,47.90167024107109
2023-04-12,GOOGL,2317.23,2341.41,2271.91,2306.66,1839549,2306.66,-0.0035337215531096033,2292.9555,2298.8896,2620.49955,0.327564582551601,2411.4925166436715,2174.4184833563286,38.03666797555658
2023-04-13,GOOGL,2311.8,2311.8,2277.62,2292.18,1747016,2292.18,-0.006277474790389537,2295.3775,2296.524,2618.6279,0.32809635823556904,2411.638078262539,2179.1169217374613,43.1584470078588
2023-04-14,GOOGL,2352.61,2406.48,2314.55,2360.51,1169727,2360.51,0.02981004982156743,2297.3545,2296.5468,2616.88565,0.3222748148536058,2416.749973506031,2177.959026493969,51.34503974329987
2023-04-17,GOOGL,2406.2,2456.86,2355.24,2406.05,726666,2406.05,0.019292441040283714,2301.833,2297.6151999999997,2615.2763,0.3284262996204837,2430.600733307291,2173.065266692709,63.588506757982756
2023-04-18,GOOGL,2388.54,2438.0,2385.95,2411.98,804726,2411.98,0.002464620435984166,2305.4754999999996,2299.5678,2613.64465,0.32718259834400826,2442.539682196143,2168.411317803856,80.55268000595879
2023-04-19,GOOGL,2302.38,2367.82,2282.79,2325.3,1338266,2325.3,-0.0359372797452715,2304.952,2299.3498,2611.8516,0.35348115297308413,2441.608369443648,2168.2956305563525,63.55025392490914
2023-04-20,GOOGL,2300.52,2343.83,2281.25,2312.54,1376042,2312.54,-0.005487463983142038,2300.0715,2299.111,2610.07215,0.33314389693705293,2427.5743574748644,2172.5686425251356,61.197045705925376
2023-04-21,GOOGL,2396.12,2470.43,2360.38,2415.41,773252,2415.41,0.04448355487905076,2303.625,2301.3012,2608.61015,0.35701340522799263,2439.976998731004,2167.273001268996,69.92270254608466
2023-04-24,GOOGL,2395.62,2459.89,2354.44,2407.16,1221585,2407.16,-0.003415569199431978,2306.5564999999997,2302.6798,2607.095,0.35748029044403135,2449.3427106383733,2163.770289361626,69.2486532445525
2023-04-25,GOOGL,2434.87,2488.7,2412.69,2450.7,1544671,2450.7,0.018087705013376754,2314.6485000000002,2304.8946,2605.6501000000003,0.34729764641742433,2470.9189184251827,2158.3780815748178,64.63030197424865
2023-04-26,GOOGL,2484.92,2555.81,2461.34,2508.58,757168,2508.58,0.023617741869669917,2330.1035,2307.8656,2604.09805,0.3148345709649996,2499.0417386399877,2161.1652613600127,69.78562866999977
2023-04-27,GOOGL,2538.68,2575.14,2460.99,2518.07,1866976,2518.07,0.0037830166867312,2345.4785,2311.7492,2602.3534,0.3149585037729652,2524.293868028596,2166.6631319714043,69.17695638035501
2023-04-28,GOOGL,2460.61,2522.12,2447.99,2485.05,1031804,2485.05,-0.013113217662733767,2358.925,2315.993,2600.41835,0.3225187062350691,2537.227734932066,2180.622265067934,67.87090937509794
2023-05-01,GOOGL,2402.02,2417.67,2363.8,2390.73,1984499,2390.73,-0.037954970724935144,2368.1295,2318.26,2598.12475,0.3569785857982632,2531.732189783067,2204.526810216933,56.417541899995165
2023-05-02,GOOGL,2400.89,2466.24,2369.17,2417.71,969417,2417.71,0.011285255967842467,2378.8405,2321.286,2596.5326999999997,0.3571476685395696,2524.077359969251,2233.6036400307485,59.10141459041189
2023-05-03,GOOGL,2406.72,2409.48,2364.6,2387.04,795862,2387.04,-0.012685557821244142,2382.3869999999997,2323.2296,2594.8204,0.3172009719051641,2524.606884626593,2240.1671153734064,57.573531758684844
2023-05-04,GOOGL,2413.24,2425.01,2363.85,2394.43,999067,2394.43,0.00309588444265696,2386.749,2325.3669999999997,2593.2123500000002,0.31654664078738937,2524.540419930122,2248.9575800698776,53.000070755073196
2023-05-05,GOOGL,2354.89,2400.05,2295.28,2347.66,1155187,2347.66,-0.019532832448641235,2387.7955,2326.4062,2591.28165,0.3245160776862015,2523.9761265649504,2251.61487343505,44.84688023894118
2023-05-08,GOOGL,2346.41,2383.93,2292.79,2338.36,1027295,2338.36,-0.003961391342868992,2389.548,2328.4244,2589.33435,0.3225611641965253,2522.0018992851205,2257.094100714879,43.541198763669335
2023-05-09,GOOGL,2317.1,2370.86,2309.65,2340.26,1100672,2340.26,0.0008125352811372277,2390.819,2329.0954,2587.4626,0.32220531623566956,2520.7176497075043,2260.9203502924956,51.54182297744655
2023-05-10,GOOGL,2373.77,2373.77,2329.12,2350.97,1371503,2350.97,0.004576414586413335,2393.0344999999998,2330.089,2586.0218,0.3220640452056501,2518.318949318724,2267.7500506812753,53.977519715258666
2023-05-11,GOOGL,2327.5,2338.04,2282.04,2310.04,1120583,2310.04,-0.017409835089346015,2393.9275,2329.7348,2584.5697999999998,0.32784030030784744,2516.4083692045247,2271.446630795475,37.49020538875731
2023-05-12,GOOGL,2373.96,2380.5,2330.18,2355.34,1168681,2355.34,0.019610050042423666,2393.6690000000003,2330.8928,2583.2412,0.3176228802679036,2516.468241537351,2270.8697584626498,44.34526407546744
2023-05-15,GOOGL,2341.02,2353.48,2313.71,2333.59,605700,2333.59,-0.009234335594861087,2390.046,2331.3762,2581.4354,0.31080548965107074,2515.552996810793,2264.5390031892066,36.582571433944814
2023-05-16,GOOGL,2265.47,2317.67,2227.37,2272.52,1403544,2272.52,-0.02616997844522828,2383.0730000000003,2331.5788000000002,2579.3416,0.322547716360849,2518.549418938739,2247.5965810612615,23.15059144603252
2023-05-17,GOOGL,2287.04,2291.96,2246.39,2269.18,1157937,2269.18,-0.0014697340397444858,2380.267,2331.3738,2577.15665,0.29780547699261234,2522.9165585398796,2237.61744146012,21.289652785100756
2023-05-18,GOOGL,2261.57,2303.03,2239.06,2271.04,2285166,2271.04,0.0008196793555381721,2378.192,2331.4524,2574.76945,0.29740143198732116,2526.1000348126804,2230.2839651873196,23.401029107540268
2023-05-19,GOOGL,2280.36,2306.47,2248.54,2277.5,824066,2277.5,0.002844511765534685,2371.2965,2331.6268,2572.5879999999997,0.2456505110142691,2524.6570851066513,2217.9359148933486,31.994402568304793
2023-05-22,GOOGL,2309.68,2385.69,2270.95,2328.32,582167,2328.32,0.022313940724478565,2367.3545,2332.2956,2570.5771,0.2613034406680948,2520.886584557154,2213.822415442846,36.78718183547163
2023-05-23,GOOGL,2339.74,2349.91,2290.41,2320.16,1536564,2320.16,-0.003504672897196359,2360.8275000000003,2333.6852,2568.6825,0.2508290240778197,2510.4911886490654,2211.1638113509352,39.40967823488809
2023-05-24,GOOGL,2299.71,2331.64,2299.71,2316.35,1378412,2316.35,-0.0016421281290944778,2351.216,2335.4768000000004,2566.5771,0.231037312578387,2484.74787806285,2217.68412193715,37.4943942580405
2023-05-25,GOOGL,2263.92,2291.92,2260.97,2276.44,801675,2276.44,-0.01722969326742496,2339.1345,2336.1308,2564.2352,0.23382050029585225,2451.0819140602703,2227.18708593973,38.3368269339162
2023-05-26,GOOGL,2309.84,2345.95,2268.36,2307.16,650783,2307.16,0.013494754968283784,2330.24,2335.8546,2561.9775,0.24044761694668834,2419.3016044629703,2241.1783955370292,45.225561606680635
2023-05-29,GOOGL,2326.82,2353.92,2275.28,2314.6,2219496,2314.6,0.0032247438409127582,2326.4335,2335.817,2559.9249,0.2040859221298709,2411.003788742204,2241.863211257796,46.13879860164332
2023-05-30,GOOGL,2305.21,2330.48,2268.96,2299.72,2112697,2299.72,-0.006428756588611417,2320.534,2335.0288,2557.63915,0.19894528535900385,2394.03124646502,2247.03675353498,42.38371228832407
2023-05-31,GOOGL,2219.35,2261.73,2200.87,2231.3,443675,2231.3,-0.02975144800236529,2312.7470000000003,2332.9393999999998,2554.5399,0.2188477735400034,2389.50454887644,2235.9894511235607,39.182282792359906
2023-06-01,GOOGL,2261.29,2297.97,2261.29,2284.09,999032,2284.09,0.023658853583113038,2307.23,2330.4182,2551.9288,0.23811403284160057,2374.5486321282924,2239.9113678717076,40.40869073428177
2023-06-02,GOOGL,2251.79,2274.62,2205.93,2240.27,2334968,2240.27,-0.019184883257665097,2301.8605,2328.3368,2549.1709,0.2377820247543894,2372.6432925791905,2231.077707420809,38.142312578058466
2023-06-05,GOOGL,2241.32,2253.29,2186.27,2219.78,991929,2219.78,-0.009146218982533205,2295.9314999999997,2325.7618,2546.2549,0.23899146448677558,2373.3917130199648,2218.4712869800346,42.52805168141398
2023-06-06,GOOGL,2246.99,2251.0,2215.31,2233.15,986173,2233.15,0.006023119408229638,2290.576,2324.6476000000002,2543.22445,0.24065658709205803,2369.9197227049335,2211.2322772950665,45.036506404103875
2023-06-07,GOOGL,2189.66,2206.91,2175.89,2191.4,1071669,2191.4,-0.018695564561269973,2282.5975000000003,2324.486,2540.10795,0.24604401188158137,2368.214258781541,2196.9807412184596,40.1151822049409
2023-06-08,GOOGL,2157.52,2157.52,2124.25,2140.24,766410,2140.24,-0.02334580633385064,2274.1075,2323.0794,2537.35565,0.25137336946668454,2379.628318175691,2168.586681824309,34.66505787083764
2023-06-09,GOOGL,2065.56,2083.82,2054.76,2069.29,606780,2069.29,-0.03315048779576113,2259.805,2320.1428,2533.9491,0.25622744529211355,2392.905526868522,2126.7044731314777,22.306327110329264
2023-06-12,GOOGL,2094.91,2129.87,2057.87,2093.87,1828215,2093.87,0.011878470393226648,2247.819,2317.8874,2530.4933,0.26389709611761974,2395.336512095289,2100.301487904711,26.62728005046003
2023-06-13,GOOGL,2075.3,2094.79,2057.71,2076.25,574156,2076.25,-0.008415040093224468,2238.0054999999998,2315.3426,2527.3287,0.25253077018934894,2403.6089670977144,2072.402032902285,25.888732676516454
2023-06-14,GOOGL,2174.12,2198.22,2154.57,2176.4,1324758,2176.4,0.04823600240818782,2233.3664999999996,2312.5484,2524.7922,0.31423929678648865,2400.484105142212,2066.2488948577875,41.03809080056162
2023-06-15,GOOGL,2154.42,2160.78,2124.48,2142.63,1710786,2142.63,-0.015516449182135683,2226.9460000000004,2309.2572,2521.7422,0.3176953481250389,2397.7945076442224,2056.0974923557783,35.340971862480146
2023-06-16,GOOGL,2112.98,2162.86,2060.83,2111.84,671548,2111.84,-0.014370189906796726,2218.663,2304.9594,2518.21185,0.319569623293027,2395.1612673063755,2042.1647326936245,32.65644780432959
2023-06-19,GOOGL,2085.72,2139.64,2047.15,2093.4,829123,2093.4,-0.008731722100159156,2206.9170000000004,2300.7612,2514.37225,0.3048715801622636,2383.9552494623113,2029.8787505376897,32.45876551529601
2023-06-20,GOOGL,2091.96,2122.33,2081.93,2102.13,1949539,2102.13,0.004170249355116118,2196.0155,2296.5069999999996,2510.61265,0.3066263899498744,2370.5262794560663,2021.5047205439337,37.777483392576045
2023-06-21,GOOGL,2067.65,2111.05,2062.83,2086.94,1485094,2086.94,-0.007226004100602701,2184.545,2292.1126,2506.75425,0.3065172852843481,2355.8816542037416,2013.2083457962585,29.91585338436701
2023-06-22,GOOGL,2111.57,2127.45,2088.67,2108.06,937449,2108.06,0.010120080117300922,2176.1259999999997,2288.4302,2503.0275,0.30744694878952755,2344.9796308418313,2007.2723691581682,35.87831919740594
2023-06-23,GOOGL,2064.66,2106.68,2045.07,2075.87,1941034,2075.87,-0.015269963853021262,2164.5615000000003,2282.7374,2498.87595,0.3030861131034834,2327.195386062648,2001.9276139373526,35.00343886019452
2023-06-26,GOOGL,2016.75,2041.99,2016.75,2031.04,1944365,2031.04,-0.021595764667344253,2150.3835000000004,2275.2372,2494.6985499999996,0.3068307920901512,2307.2827872113116,1993.4842127886889,30.234514052412052
2023-06-27,GOOGL,1980.05,2010.35,1937.6,1973.98,1336350,1973.98,-0.02809398140853947,2134.0965,2266.4772,2490.4156000000003,0.31640486143308044,2293.3341986938485,1974.858801306152,29.35546355651377
2023-06-28,GOOGL,1912.41,1934.96,1876.03,1905.5,837157,1905.5,-0.03469133425870574,2117.8064999999997,2258.0812,2485.5557,0.32147427406934076,2300.156435220133,1935.456564779866,28.42066556279117
2023-06-29,GOOGL,1899.82,1933.71,1846.86,1890.28,1017086,1890.28,-0.007987404880608784,2098.1160000000004,2249.636,2480.626,0.2994451389986954,2289.679324519866,1906.5526754801351,31.665198597940645
2023-06-30,GOOGL,1881.85,1897.31,1866.12,1881.71,1345648,1881.71,-0.004533719872188202,2080.188,2238.962,2475.32875,0.29750767954812923,2282.5446123249503,1877.83138767505,27.533039646760727
2023-07-03,GOOGL,1877.99,1902.59,1824.02,1863.31,1112804,1863.31,-0.009778339914227052,2062.3645,2228.085,2470.0927,0.2975338690819921,2275.4622243056865,1849.2667756943138,27.487630565431502
2023-07-04,GOOGL,1917.86,1940.88,1861.64,1901.26,1747007,1901.26,0.020366981339658974,2045.77,2217.0962,2465.0552000000002,0.3109071140441573,2254.515609370907,1837.0243906290932,16.506792617638652
2023-07-05,GOOGL,1951.44,1954.15,1924.89,1939.52,650777,1939.52,0.020123497049325145,2033.176,2205.715,2460.41815,0.3232079857682118,2235.212345703727,1831.139654296273,25.542470437209246
2023-07-06,GOOGL,1934.91,1954.71,1904.65,1929.68,660086,1929.68,-0.005073420227685199,2022.648,2193.9472,2455.72635,0.3165592246949005,2223.131993281654,1822.1640067183457,26.89966521158415
2023-07-07,GOOGL,1868.23,1891.35,1859.83,1875.59,1290035,1875.59,-0.028030554288794085,2012.9630000000002,2181.7580000000003,2451.09555,0.3109882643424362,2222.4713440721225,1803.4546559278776,24.669132183505752
2023-07-10,GOOGL,1877.12,1877.93,1840.4,1859.17,985805,1859.17,-0.008754578559279969,2001.2280000000003,2171.1268,2446.48775,0.30494695117176446,2217.827282848721,1784.6287171512797,22.240756820274726
2023-07-11,GOOGL,1833.59,1860.82,1823.0,1841.91,933795,1841.91,-0.009283712624450713,1989.511,2159.6108000000004,2442.1058000000003,0.30506310993458285,2214.223961788686,1764.7980382113135,22.13605039844002
2023-07-12,GOOGL,1812.3,1852.54,1793.74,1823.14,591613,1823.14,-0.010190508765357653,1971.848,2148.3328,2437.4745,0.22876755248806188,2190.151399264833,1753.544600735167,17.42580143539591
2023-07-13,GOOGL,1801.31,1827.25,1779.54,1803.39,1209418,1803.39,-0.010832958522110192,1954.886,2136.512,2432.58215,0.2275220493681205,2170.0115175743554,1739.7604824256446,17.935984937041425
2023-07-14,GOOGL,1769.3,1827.88,1742.36,1785.12,1174942,1785.12,-0.010130920100477558,1938.55,2125.2612,2427.97455,0.22656282576483347,2153.111404877983,1723.988595122017,19.13189737343012
2023-07-17,GOOGL,1791.58,1791.58,1761.24,1774.6,1558483,1774.6,-0.0058931612440620285,1922.61,2113.986,2423.01865,0.2267103045287784,2136.098932882279,1709.1210671177207,21.662876633589306
2023-07-18,GOOGL,1760.23,1800.13,1714.12,1757.12,1233534,1757.12,-0.00985010706638112,1905.3595,2102.3232000000003,2417.4077,0.22203615097046508,2113.459251331585,1697.259748668415,25.335771275416548
2023-07-19,GOOGL,1765.48,1780.42,1746.52,1763.47,1138008,1763.47,0.0036138681478783408,1889.1860000000001,2090.5732000000003,2411.8139499999997,0.22636671236155845,2087.9350700833716,1690.4369299166287,28.280752233768638
2023-07-20,GOOGL,1779.68,1810.44,1737.85,1774.15,1921530,1774.15,0.006056241387718542,1872.4905000000003,2079.8554,2406.4168,0.22240857864800326,2048.6383595984375,1696.3426404015634,31.709971430948414
2023-07-21,GOOGL,1748.86,1769.56,1728.36,1748.96,709875,1748.96,-0.014198348504917857,1856.145,2067.7278,2400.2300999999998,0.22200756811298927,2012.374508029072,1699.9154919709279,30.99424924231657
2023-07-24,GOOGL,1768.67,1799.42,1768.67,1785.38,1487173,1785.38,0.020823803860580137,1843.8619999999999,2056.7636,2394.5333499999997,0.2390698105812137,1979.4607606838879,1708.2632393161118,30.641496824493927
2023-07-25,GOOGL,1762.03,1797.03,1719.12,1758.08,614997,1758.08,-0.01529086244945066,1833.0670000000002,2046.4747999999997,2388.6913999999997,0.22764852847974423,1959.0875335150895,1707.046466484911,18.537143648957823
2023-07-26,GOOGL,1721.03,1732.78,1694.47,1713.62,858109,1713.62,-0.025288951583545716,1823.4730000000004,2035.3636000000001,2382.58105,0.2137784265767989,1955.3547095337083,1691.5912904662925,16.550037155586807
2023-07-27,GOOGL,1721.69,1755.91,1693.22,1724.56,738790,1724.56,0.006384145843302491,1815.187,2024.434,2376.20195,0.21735581397881684,1950.1826573338833,1680.1913426661165,23.01204388577196
2023-07-28,GOOGL,1711.38,1730.42,1674.82,1702.62,1640659,1702.62,-0.01272208563343702,1806.2324999999996,2012.9363999999998,2369.62245,0.2193132114541668,1946.3118302873208,1666.1531697126784,22.566852415392972
2023-07-31,GOOGL,1702.51,1736.57,1687.15,1711.86,1169010,1711.86,0.00542693026042218,1798.6599999999999,2000.6072,2363.205,0.2214560231779482,1942.0820946057931,1655.2379053942066,26.55151274612632
2023-08-01,GOOGL,1638.54,1672.3,1623.14,1647.72,1193535,1647.72,-0.03746801724440074,1785.9829999999997,1987.1584,2356.68905,0.23150640890487162,1935.8945590643812,1636.0714409356183,22.818271971242595
2023-08-02,GOOGL,1673.89,1718.41,1652.19,1685.3,770765,1685.3,0.022807273080377666,1773.2720000000002,1974.5374,2350.4375,0.23583675444840616,1910.9834256011968,1635.5605743988035,32.65983377740086
2023-08-03,GOOGL,1699.63,1715.5,1692.48,1703.99,1064435,1703.99,0.011090013647421904,1761.9875,1963.0884000000003,2344.51005,0.24431891937026426,1881.522395830106,1642.452604169894,38.101663096432084
2023-08-04,GOOGL,1675.57,1694.58,1633.46,1664.02,884206,1664.02,-0.023456710426704386,1751.4089999999997,1950.2256,2338.36775,0.23935941765865693,1865.95599663438,1636.8620033656193,35.072088124383086
2023-08-07,GOOGL,1636.22,1662.81,1588.3,1625.55,1398924,1625.55,-0.023118712515474593,1739.7279999999998,1936.4445999999998,2332.15915,0.2469744318505167,1855.644447332411,1623.8115526675888,33.191097936825344
2023-08-08,GOOGL,1666.18,1680.37,1659.81,1670.09,807255,1670.09,0.02739995693765196,1731.1370000000002,1923.8519999999999,2326.5081,0.2744401419933502,1840.4469335018,1621.8270664982003,39.130738428746085
2023-08-09,GOOGL,1653.89,1663.85,1638.05,1650.95,2042632,1650.95,-0.011460460214718915,1722.5275000000001,1912.245,2320.47345,0.2748113146534357,1828.3964115694737,1616.6585884305266,35.936715217334566
2023-08-10,GOOGL,1636.7,1661.01,1598.0,1629.5,613907,1629.5,-0.012992519458493668,1713.8329999999999,1899.1531999999997,2314.4410000000003,0.27554547383247463,1820.3002530037681,1607.3657469962316,36.24620060673426
2023-08-11,GOOGL,1563.77,1593.52,1550.3,1571.91,869109,1571.91,-0.03534212948757287,1703.1725,1885.786,2308.4016500000002,0.2956741156416821,1821.6096360460913,1584.7353639539085,26.564935776985592
2023-08-14,GOOGL,1553.16,1583.97,1543.1,1563.54,2347149,1563.54,-0.005324732332003812,1692.6195,1872.6612,2302.35405,0.2956881605954362,1821.4179703205202,1563.8210296794798,27.716943094501886
2023-08-15,GOOGL,1572.99,1572.99,1546.21,1558.27,1008300,1558.27,-0.0033705565575552487,1682.6770000000001,1859.1635999999999,2296.26115,0.29550594467009617,1820.8686105461086,1544.4853894538917,30.450758814017803
2023-08-16,GOOGL,1580.35,1600.51,1552.78,1576.64,709191,1576.64,0.011788714407644507,1673.3355,1846.8684,2290.6390499999998,0.3003528983814112,1813.7719924049723,1532.8990075950276,31.72744342216579
2023-08-17,GOOGL,1557.01,1557.01,1530.55,1542.16,1309899,1542.16,-0.021869291658209833,1661.736,1834.9068,2284.769,0.30255896592589304,1805.3978253364903,1518.07417466351,30.77402348327145
2023-08-18,GOOGL,1500.63,1527.39,1483.63,1505.51,992195,1505.51,-0.023765368055195357,1649.5635000000002,1823.6312000000003,2278.9377,0.3075230059344162,1803.0280935886467,1496.0989064113537,26.7994873054908
2023-08-21,GOOGL,1522.99,1547.58,1486.08,1516.83,858965,1516.83,0.007519046701782051,1636.136,1812.0903999999998,2272.7885,0.2947534567747888,1786.5285860996808,1485.7434139003192,33.30016075820714
2023-08-22,GOOGL,1533.32,1557.55,1526.2,1541.88,774121,1541.88,0.016514705009790243,1625.326,1801.4029999999998,2266.6451500000003,0.3056707468204186,1769.7755174467272,1480.8764825532728,31.097110922513323
2023-08-23,GOOGL,1496.83,1525.99,1482.03,1504.01,3631591,1504.01,-0.024560925623265173,1614.8455,1787.9552,2260.39705,0.30508323093949385,1762.6980748634448,1466.992925136555,24.910924874921605
2023-08-24,GOOGL,1531.04,1568.7,1492.65,1530.68,1085131,1530.68,0.01773259486306622,1605.1515,1775.7161999999998,2254.4418,0.3138864064024933,1748.0566291152109,1462.246370884789,32.69390509693255
2023-08-25,GOOGL,1526.49,1560.71,1503.31,1532.01,555489,1532.01,0.0008688948702537669,1596.6209999999999,1764.1196,2248.51235,0.3135946755873089,1735.3354682472582,1457.9065317527416,36.564205686550146
2023-08-28,GOOGL,1549.07,1593.47,1525.4,1559.44,2181047,1559.44,0.017904582868258023,1589.0,1753.4404000000002,2242.5824000000002,0.3221500834653847,1717.4227389279308,1460.5772610720692,33.28499350292766
2023-08-29,GOOGL,1550.72,1578.83,1537.39,1558.11,1532269,1558.11,-0.000852870261119465,1584.5195,1742.56,2236.6476500000003,0.29767246390365304,1710.5466946386512,1458.492305361349,35.177852990317106
2023-08-30,GOOGL,1482.99,1527.36,1466.41,1496.89,883145,1496.89,-0.03929119253454494,1575.099,1730.759,2230.4507,0.3087151786020587,1697.5226468216838,1452.675353178316,31.214052980770703
2023-08-31,GOOGL,1499.77,1502.34,1484.98,1493.66,826193,1493.66,-0.0021578071869008397,1564.5825,1718.471,2224.2211,0.3026645514126034,1676.0307127318367,1453.1342872681632,36.89674804743446
2023-09-01,GOOGL,1519.38,1530.96,1508.29,1519.62,1570997,1519.62,0.017380126668719686,1557.3625,1707.346,2218.2493,0.30681026982142423,1660.0522079610269,1454.672792038973,43.05458915616811
2023-09-04,GOOGL,1486.29,1512.03,1484.88,1498.46,1087144,1498.46,-0.01392453376502012,1551.008,1696.6944,2212.24235,0.30103184798155064,1651.6396498505692,1450.376350149431,40.994368655482525
2023-09-05,GOOGL,1479.81,1509.01,1470.16,1489.59,555398,1489.59,-0.005919410594877439,1541.983,1687.0066,2206.63055,0.277403966687141,1629.118222221831,1454.8477777781688,36.50680472297144
2023-09-06,GOOGL,1473.99,1518.36,1453.24,1485.8,2452768,1485.8,-0.002544324277150012,1533.7255,1678.6126000000002,2200.79115,0.27669150497927153,1607.68650579335,1459.76449420665,40.34534740110717
2023-09-07,GOOGL,1422.03,1435.75,1401.91,1418.83,1008763,1418.83,-0.045073361152241254,1523.192,1669.1836,2194.5497,0.31021521926613693,1599.6844804289601,1446.69951957104,36.54872749686007
2023-09-08,GOOGL,1445.85,1484.05,1431.31,1457.68,2182672,1457.68,0.02738171592086447,1517.4805000000001,1660.703,2188.66295,0.3133267608320336,1595.6956915454462,1439.265308454554,41.54347639441398
2023-09-11,GOOGL,1444.51,1464.77,1409.62,1437.2,2001097,1437.2,-0.014049722847264134,1511.1635,1652.1807999999999,2182.2637,0.3154949454557305,1593.9874327925686,1428.3395672074316,34.83601807715928
2023-09-12,GOOGL,1435.37,1473.51,1425.03,1449.27,804059,1449.27,0.008398274422488194,1505.7135,1643.141,2175.90215,0.318564343927307,1589.820951644759,1421.6060483552412,41.42973446712169
2023-09-13,GOOGL,1440.4,1465.24,1430.07,1447.65,1814114,1447.65,-0.0011178041358752555,1499.264,1633.3036000000002,2169.7526,0.31364498762632637,1580.193705534897,1418.3342944651029,35.89412524038423
2023-09-14,GOOGL,1489.03,1501.92,1453.04,1477.48,924728,1477.48,0.020605809415259246,1496.03,1624.2595999999999,2163.5637,0.31788703735586493,1574.8849402388369,1417.175059761163,41.55385520714428
2023-09-15,GOOGL,1494.02,1505.14,1469.9,1487.52,568724,1487.52,0.006795354251834196,1495.1305,1616.4982,2157.33455,0.30843662770321384,1573.9405318158,1416.3204681842,38.2260493728794
2023-09-18,GOOGL,1469.68,1492.24,1469.68,1482.34,1012560,1482.34,-0.0034823061202539085,1493.406,1608.9616,2150.9892,0.3071505278004452,1571.7246485560722,1415.0873514439277,37.75018591997766
2023-09-19,GOOGL,1471.08,1498.03,1425.36,1461.7,1406882,1461.7,-0.013923931081937901,1489.397,1601.3573999999999,2144.63035,0.3031471738879009,1565.443662988258,1413.3503370117419,43.45156127653308
2023-09-20,GOOGL,1480.67,1492.05,1469.71,1480.88,997230,1480.88,0.01312170760073883,1488.2405,1594.5122000000001,2138.2648,0.2961922036574119,1564.0546088040678,1412.4263911959324,47.755059019573594
2023-09-21,GOOGL,1447.51,1447.51,1428.27,1437.54,1061308,1437.54,-0.029266382151153514,1483.5835,1587.1951999999999,2131.73635,0.30446239116274776,1559.8622509286097,1407.3047490713902,36.4114959257342
2023-09-22,GOOGL,1455.79,1485.66,1420.07,1452.87,1896002,1452.87,0.010664051087273974,1479.6265,1580.5502,2125.15825,0.30805913228291315,1553.5007365964125,1405.7522634035877,42.30392653164435
2023-09-25,GOOGL,1433.12,1443.69,1412.17,1427.93,1252221,1427.93,-0.017166023112873074,1473.051,1573.6168,2118.86735,0.302399812003824,1540.1098944300206,1405.9921055699792,40.1268173939609
2023-09-26,GOOGL,1471.61,1483.46,1430.99,1457.22,856417,1457.22,0.020512209982282092,1468.0065,1567.6188,2112.8121499999997,0.3148111242478012,1522.0374857598106,1413.9755142401893,45.76918521837764
2023-09-27,GOOGL,1453.56,1478.31,1444.46,1461.39,1589045,1461.39,0.002861613208712477,1466.2314999999999,1561.5772,2106.4013499999996,0.28475620917800687,1518.573310308657,1413.8896896913427,57.7393075327017
2023-09-28,GOOGL,1480.59,1495.88,1457.98,1476.93,1298736,1476.93,0.010633711740192453,1465.395,1555.6328,2100.2319,0.28769817467495196,1516.409032951399,1414.380967048601,53.824756603403365
2023-09-29,GOOGL,1478.09,1494.42,1464.12,1479.27,437656,1479.27,0.0015843675732769569,1463.3775,1550.239,2094.2008,0.2801101777123653,1508.1748419684716,1418.5801580315285,59.00817951768184
2023-10-02,GOOGL,1425.51,1455.83,1421.7,1438.76,1424274,1438.76,-0.02738512915154101,1460.3925000000002,1543.3065999999997,2088.05945,0.2920440424955271,1503.2615632540812,1417.523436745919,47.99389196155024
2023-10-03,GOOGL,1405.68,1438.22,1400.71,1419.47,1403617,1419.47,-0.013407378575995943,1456.8865,1536.5344,2082.07475,0.2946198055116621,1501.148067159788,1412.624932840212,44.961018522890136
2023-10-04,GOOGL,1424.28,1463.07,1407.36,1435.21,1209697,1435.21,0.011088645762150628,1454.3570000000002,1530.9661999999998,2076.6195,0.29838502978371423,1497.427499906286,1411.2865000937145,42.04044740485607
2023-10-05,GOOGL,1443.73,1461.36,1417.51,1439.44,1714294,1439.44,0.002947303878874985,1455.3875,1525.2638,2071.2285,0.2503253501376666,1495.7820889428465,1414.9929110571536,40.74387802028949
2023-10-06,GOOGL,1469.26,1502.32,1432.27,1467.29,917010,1467.29,0.01934780192297003,1455.868,1520.5572,2065.9459,0.2404572352809766,1496.6045857038716,1415.1314142961282,47.33524558000393
2023-10-09,GOOGL,1478.77,1485.82,1468.57,1477.19,1372894,1477.19,0.006747132468700956,1457.8674999999998,1515.8638,2060.71995,0.2351103643281501,1498.6716617468296,1417.06333825317,52.85109515648844
2023-10-10,GOOGL,1441.29,1476.83,1433.0,1454.92,641169,1454.92,-0.01507592117466272,1458.15,1512.0078,2055.40845,0.24064660098090523,1498.781405536376,1417.5185944636241,45.275533229111666
2023-10-11,GOOGL,1436.01,1460.87,1412.92,1436.89,1412212,1436.89,-0.012392433948258286,1457.612,1507.0395999999998,2049.9947,0.2448218980032263,1499.1046157548215,1416.1193842451787,49.869702919864615
2023-10-12,GOOGL,1451.88,1473.35,1405.96,1439.65,2620972,1439.65,0.0019208150937093382,1455.7205000000001,1501.7528,2044.3834,0.23236829749038843,1496.8470494869632,1414.593950513037,47.20932195955027
2023-10-13,GOOGL,1384.86,1396.0,1379.4,1387.7,806040,1387.7,-0.03608515958739977,1450.7295,1496.2264000000002,2038.54785,0.260913471010454,1499.1823977903568,1402.276602209643,42.376928030495016
2023-10-16,GOOGL,1429.31,1449.23,1402.27,1425.75,885503,1425.75,0.027419471067233525,1447.9,1492.2304000000001,2033.0158999999999,0.2828238808830212,1495.175510518758,1400.624489481242,44.228441475189086
2023-10-17,GOOGL,1444.29,1467.95,1404.55,1436.25,903314,1436.25,0.007364544976328213,1446.6275,1487.5536000000002,2027.58985,0.2808007824880484,1493.7086692725702,1399.54633072743,45.4939776289184
2023-10-18,GOOGL,1473.44,1479.54,1450.71,1465.12,1264049,1465.12,0.020100957354221016,1445.8395,1483.8370000000002,2022.18725,0.28640342184927026,1490.9950051031992,1400.6839948968009,47.97974614023153
2023-10-19,GOOGL,1429.48,1461.11,1396.74,1428.93,784355,1428.93,-0.02470104837828968,1445.409,1479.8256000000003,2016.30935,0.2806978142465417,1491.059125221121,1399.7588747788793,42.28245538544198
2023-10-20,GOOGL,1468.5,1468.5,1450.22,1458.06,1420232,1458.06,0.020385883143331007,1445.6685,1477.5486,2010.7038,0.28769980606557133,1491.5555940584068,1399.7814059415932,53.06582793003266
2023-10-23,GOOGL,1508.19,1541.17,1481.77,1511.47,1683807,1511.47,0.036630865670822965,1449.8455,1476.5072,2005.3413500000001,0.30702160356558006,1503.4875045454232,1396.2034954545766,63.18504929808362
2023-10-24,GOOGL,1491.77,1515.29,1445.24,1480.27,1485959,1480.27,-0.020642156311405535,1450.998,1474.9472,1999.7492499999998,0.31066418153364106,1506.2727375824534,1395.7232624175467,56.183784375071156
2023-10-25,GOOGL,1491.27,1526.26,1471.86,1499.06,591528,1499.06,0.012693630216109142,1452.8815,1473.3956000000003,1994.4523499999998,0.3134076188976939,1512.0755069074257,1393.6874930925742,57.86751121454171
2023-10-26,GOOGL,1492.9,1520.16,1478.83,1499.49,1786732,1499.49,0.0002868464237588686,1454.0095000000001,1472.5422,1989.1499500000002,0.31153663561876044,1515.9300669349516,1392.0889330650486,54.58063047466677
2023-10-27,GOOGL,1450.21,1471.92,1450.21,1463.29,1745897,1463.29,-0.02414154145742886,1453.2105000000001,1471.6978,1983.9598,0.32396805882552815,1514.1634770359565,1392.2575229640438,48.16030493759794
2023-10-30,GOOGL,1484.0,1509.8,1440.75,1475.28,1672611,1475.28,0.00819386451079418,1455.0365,1470.8668000000002,1979.1753499999998,0.30884482992026524,1516.3537441708174,1393.7192558291824,52.77006802520059
2023-10-31,GOOGL,1493.01,1517.04,1473.95,1495.49,1392998,1495.49,0.013699094409197032,1458.8375,1469.9389999999999,1974.4170500000002,0.306547828402884,1520.2963073862088,1397.3786926137914,57.925773639875125
2023-11-01,GOOGL,1473.55,1489.85,1473.31,1481.58,1310484,1481.58,-0.009301299239714123,1461.156,1469.4904000000001,1969.6607999999999,0.30776812922444985,1522.3598569137966,1399.9521430862033,55.505081005233095
2023-11-02,GOOGL,1501.79,1538.27,1481.51,1509.89,1813533,1509.89,0.019107979319375357,1464.6785,1469.0746,1965.00335,0.31387362150656417,1528.665900824555,1400.691099175445,67.10434222419593
2023-11-03,GOOGL,1482.36,1492.08,1449.03,1470.55,2590178,1470.55,-0.026054878169933016,1464.8415,1467.8454000000002,1960.1494,0.3229447563306908,1528.8735045887265,1400.8094954112735,56.24860521985192
2023-11-06,GOOGL,1445.78,1446.94,1425.44,1436.19,819636,1436.19,-0.023365407500594904,1462.7915,1465.3804,1955.30955,0.33252820197558186,1527.7770638306508,1397.8059361693493,49.99215357875219
2023-11-07,GOOGL,1441.27,1453.09,1426.36,1439.73,1847016,1439.73,0.0024648549286654386,1462.032,1463.0128,1950.49285,0.3286249758949275,1527.75577943507,1396.3082205649298,46.44407719489591
2023-11-08,GOOGL,1444.05,1449.76,1431.64,1440.7,1159321,1440.7,0.0006737374368805948,1462.2225,1461.889,1945.91255,0.32551727389729296,1527.660908768682,1396.7840912313181,51.82883246612509
2023-11-09,GOOGL,1423.93,1448.15,1401.18,1424.67,1139343,1424.67,-0.011126535711806773,1461.4735,1460.5092000000002,1940.9836000000003,0.327958444479978,1528.327359244335,1394.6196407556652,44.59166153544244
2023-11-10,GOOGL,1440.51,1468.81,1418.46,1443.63,649020,1443.63,0.013308345090442097,1464.27,1458.9894,1936.4049000000002,0.3023846002206881,1522.216047138861,1406.3239528611389,37.631271876725386
2023-11-13,GOOGL,1468.45,1478.36,1434.33,1456.34,1070799,1456.34,0.00880419498070828,1465.7995,1458.147,1931.92345,0.2886601911883158,1521.0150449037594,1410.5839550962407,45.32160312557378
2023-11-14,GOOGL,1465.82,1508.4,1445.36,1476.88,805264,1476.88,0.014103849375832755,1467.8310000000001,1457.8928,1927.7360999999999,0.29154003283985686,1521.4351192060938,1414.2268807939065,45.693203881010895
2023-11-15,GOOGL,1471.97,1507.13,1441.61,1474.37,996784,1474.37,-0.0016995287362550071,1468.2935,1457.6642,1923.42695,0.2833012841405777,1521.9587165213384,1414.6282834786616,45.16141459036805
2023-11-16,GOOGL,1484.43,1514.84,1463.28,1489.06,773404,1489.06,0.009963577663680168,1471.3,1459.0688,1919.24985,0.26880936538540057,1522.3536766042205,1420.2463233957794,55.41227369775371
2023-11-17,GOOGL,1478.83,1486.66,1471.11,1478.89,1002762,1478.89,-0.006829812096221688,1472.3415,1459.4930000000002,1915.1148,0.2616519042645305,1523.106979475597,1421.576020524403,50.76402116101295
2023-11-20,GOOGL,1527.41,1557.61,1499.81,1528.71,1020076,1528.71,0.03368742773296174,1473.2035,1461.3232,1911.0672,0.2564688391509513,1527.246160449801,1419.1608395501992,56.24764913568244
2023-11-21,GOOGL,1509.94,1529.54,1489.21,1509.37,1247352,1509.37,-0.012651189565058174,1474.6585,1462.5252000000003,1906.9142500000003,0.2491159784394169,1531.019429459556,1418.297570540444,55.12182535009875
2023-11-22,GOOGL,1550.26,1586.97,1536.03,1561.5,629028,1561.5,0.03453758853031408,1477.7805,1464.8022,1902.9216000000001,0.27348505231005504,1545.5878253228564,1409.9731746771438,58.74419707626842
2023-11-23,GOOGL,1563.21,1590.9,1534.7,1562.8,673083,1562.8,0.0008325328210054828,1480.946,1466.5086,1899.1161500000003,0.2734417269226014,1558.2646348891633,1403.6273651108365,67.94258372835725
2023-11-24,GOOGL,1521.32,1547.56,1510.84,1529.2,1386922,1529.2,-0.021499872024571265,1484.2414999999999,1467.3422,1895.39785,0.2702068291846273,1563.972391398685,1404.5106086013147,68.14404431760751
2023-11-27,GOOGL,1553.59,1599.96,1526.97,1563.47,872272,1563.47,0.022410410672246917,1488.651,1468.9647999999997,1891.8283,0.2788637121324028,1575.7127377803477,1401.5892622196525,71.5544871759972
2023-11-28,GOOGL,1553.41,1579.08,1553.41,1567.04,1844362,1567.04,0.0022833824761587795,1492.2285,1471.0716,1888.33145,0.2760131220002687,1586.0882920252227,1398.3687079747772,71.80983289253783
2023-11-29,GOOGL,1597.31,1618.25,1559.68,1588.96,1313150,1588.96,0.013988156013886144,1497.5975,1473.2331999999997,1884.8269500000001,0.27520474416396035,1600.7202750385406,1394.4747249614595,77.79582444730096
2023-11-30,GOOGL,1618.47,1629.07,1612.58,1620.82,1529630,1620.82,0.020050850871009995,1503.144,1476.8988,1881.4932500000002,0.2759267064261213,1620.0608509581275,1386.2271490418725,78.72450798851554
2023-12-01,GOOGL,1634.18,1668.35,1591.76,1630.06,2109811,1630.06,0.00570081810441625,1511.1195000000002,1480.4426,1878.16505,0.25255159557177764,1639.8407352295355,1382.398264770465,78.48242392084614
2023-12-04,GOOGL,1622.47,1626.83,1603.41,1615.12,1060178,1615.12,-0.009165306798522788,1520.066,1484.1863999999998,1875.0534,0.23565283095035822,1651.6989583431707,1388.4330416568293,73.08925707835628
2023-12-05,GOOGL,1646.87,1652.3,1629.66,1640.98,953636,1640.98,0.016011194214671454,1530.1285,1487.8616,1871.7247499999999,0.2378592416597335,1666.5840945163338,1393.6729054836662,75.81419850310994
2023-12-06,GOOGL,1640.48,1660.59,1622.31,1641.45,1700636,1641.45,0.00028641421589536975,1540.166,1491.4628,1868.42555,0.23799266359186236,1678.4453554484064,1401.8866445515935,74.69934195258911
2023-12-07,GOOGL,1656.29,1680.71,1639.31,1660.01,1471271,1660.01,0.011307076060799837,1551.933,1495.1244,1865.08685,0.22891766126731194,1688.8767980919833,1414.9892019080166,78.57864175366035
2023-12-08,GOOGL,1600.24,1619.11,1589.32,1604.22,1113367,1604.22,-0.03360823127571522,1559.9625,1497.6234,1861.62075,0.27064228612548635,1688.7581777432042,1431.166822256796,61.694285269122744
2023-12-11,GOOGL,1620.7,1643.16,1589.18,1616.17,2093641,1616.17,0.007449102990861656,1567.954,1501.1716000000001,1858.1545,0.2704606093943066,1689.2964301894367,1446.6115698105632,66.92766119020803
2023-12-12,GOOGL,1600.01,1622.35,1578.0,1600.18,1102327,1600.18,-0.009893761176113958,1574.119,1504.7858,1854.84345,0.2735648314350669,1688.2959887225607,1459.9420112774392,56.92395818130842
2023-12-13,GOOGL,1654.99,1654.99,1634.18,1643.52,1215834,1643.52,0.0270844529990375,1582.5765,1508.9520000000002,1851.6639000000002,0.2842614829287461,1690.5325117585123,1474.6204882414875,62.5591237214469
2023-12-14,GOOGL,1672.88,1679.35,1641.52,1660.44,1210230,1660.44,0.010294976635514042,1591.1455,1513.3719999999998,1848.6305500000003,0.28433142289213686,1694.9750271818366,1487.3159728181636,71.53735065970355
2023-12-15,GOOGL,1656.29,1702.64,1631.91,1667.27,825706,1667.27,0.004113367541133561,1600.5645,1517.3716,1845.6229999999998,0.2806084201743226,1695.2962563553626,1505.8327436446373,68.72024238579539
2023-12-18,GOOGL,1668.53,1712.34,1649.17,1680.76,1237824,1680.76,0.008091071032286345,1608.167,1521.443,1842.5523999999998,0.26135500407011303,1703.023446464411,1513.3105535355887,69.80080790856243
2023-12-19,GOOGL,1658.88,1686.83,1622.31,1654.57,2098086,1654.57,-0.015582236607249111,1615.4270000000001,1525.4360000000001,1839.57185,0.26415492165886106,1700.1277487946936,1530.7262512053067,61.25656246488832
2023-12-20,GOOGL,1691.81,1730.77,1666.36,1698.57,1433772,1698.57,0.02659301208168885,1622.2805,1530.6696000000002,1836.93085,0.25355945214728326,1710.7085949583359,1533.8524050416643,62.80594261330406
2023-12-21,GOOGL,1737.15,1773.71,1734.35,1754.03,1215003,1754.03,0.03265099466021426,1631.842,1536.9572,1834.4823,0.2721959634132939,1733.5477811536068,1530.1362188463934,67.72063237671719
2023-12-22,GOOGL,1779.3,1779.3,1753.23,1765.58,1124810,1765.58,0.006584836063237232,1643.661,1544.5148,1831.70535,0.25218121040270974,1749.9783109440825,1537.3436890559176,71.71766743359109
2023-12-25,GOOGL,1801.68,1830.5,1792.64,1811.57,1369804,1811.57,0.026048097509033807,1656.066,1552.2312,1829.1807999999999,0.2553762465778857,1779.5045981435442,1532.627401856456,73.27094644087579
2023-12-26,GOOGL,1811.06,1834.49,1756.79,1795.64,1619679,1795.64,-0.008793477480859013,1667.4959999999999,1559.4189999999999,1826.4633500000002,0.26134274845604266,1798.3382436856523,1536.6537563143474,70.18246550699612
2023-12-27,GOOGL,1781.08,1817.01,1729.72,1773.37,1531146,1773.37,-0.012402263259896351,1676.7165,1565.5839999999998,1823.65135,0.26861824255182026,1810.2195759789945,1543.2134240210055,64.6953590850253
2023-12-28,GOOGL,1784.33,1801.42,1748.6,1775.01,1050825,1775.01,0.0009247929084172934,1684.426,1572.5056,1820.47565,0.2635416339244147,1822.081599446629,1546.7704005533708,75.75629618138865
2023-12-29,GOOGL,1777.22,1797.18,1777.22,1787.89,1366474,1787.89,0.007256297147621771,1692.3174999999999,1579.1022,1817.6933999999999,0.26367897709373883,1834.8595906814985,1549.7754093185013,75.82410971769266
2024-01-01,GOOGL,1767.69,1791.0,1763.28,1777.14,1453969,1777.14,-0.006012674157806153,1700.4185000000002,1584.4156,1814.8364499999998,0.2617003686718382,1842.903627316428,1557.9333726835725,77.03825937819784
