Date,Ticker,Open,High,Low,Close,Volume,Adj_Close,Return,SMA_20,SMA_50,SMA_200,Volatility,BB_upper,BB_lower,RSI,MACD,Signal,MACD_hist,ATR,Return_lag1,Close_lag1,Return_lag2,Close_lag2,Return_lag3,Close_lag3,Return_lag5,Close_lag5,Return_lag10,Close_lag10,Roll_mean_5,Roll_std_5,Roll_vol_5,Roll_max_5,Roll_min_5,Roll_mean_10,Roll_std_10,Roll_vol_10,Roll_max_10,Roll_min_10,Roll_mean_20,Roll_std_20,Roll_vol_20,Roll_max_20,Roll_min_20,Roll_mean_50,Roll_std_50,Roll_vol_50,Roll_max_50,Roll_min_50,DayOfWeek,Month,Quarter,Price_to_SMA20,Price_to_SMA50,High_Low_Ratio,Close_Open_Ratio,Target_Price,Target_Return
2019-10-08,GOOGL,2539.79,2544.69,2497.36,2521.03,1022643,2521.03,-0.0072887215794985,2465.2595,2440.3312,2700.5373,0.2761021935917309,2582.0149800652703,2348.504019934729,46.06741572889929,16.843659602717253,9.242522770364086,7.601136832353166,78.87571428571437,0.0104484975808505,2539.54,0.0079083719661849,2513.28,-0.0132799392193484,2493.56,0.0163044595678187,2471.5,-0.0158326480675503,2453.48,2518.906,17.11588969345388,0.22802051118748567,2539.54,2493.56,2471.3199999999997,55.322680500648275,0.23361285649857058,2539.54,2393.83,2465.2594999999997,58.3777400326353,0.27610219359173,2556.31,2379.83,2440.3312,80.4674437054496,0.2871222704394426,2589.41,2247.87,1,10,4,1.022622567725214,1.0330687900064415,0.018774072502104756,-0.007386437461361915,2490.77,-0.012003030507372059
2019-10-09,GOOGL,2480.25,2524.58,2456.95,2490.77,4633324,2490.77,-0.012003030507372,2470.118,2442.426,2699.1646,0.2811084728555029,2582.3159935274584,2357.920006472541,48.15660684997855,15.735392486062665,10.541096713503801,5.194295772558863,75.49000000000008,-0.0072887215794985,2521.03,0.0104484975808505,2539.54,0.0079083719661849,2513.28,0.0225045518915638,2527.12,-0.0209498345207623,2402.08,2511.636,20.197245604251286,0.17834220200754194,2539.54,2490.77,2480.189,49.82516554021838,0.21138671302677314,2539.54,2393.83,2470.118,56.098996763729176,0.281108472855502,2556.31,2379.83,2442.426,80.38828072269568,0.28803897013183843,2589.41,2247.87,2,10,4,1.0083607341831409,1.0197934348876814,0.027152246092562924,0.004241507912507102,2556.44,0.026365340838375273
2019-10-10,GOOGL,2535.28,2602.57,2510.31,2556.44,1572905,2556.44,0.0263653408383752,2478.297,2446.3972,2698.32515,0.2936923019933217,2590.630731747991,2365.963268252008,54.1064097523209,19.926403805081463,12.418158131819334,7.508245673262129,77.95214285714292,-0.012003030507372,2490.77,-0.0072887215794985,2521.03,0.0104484975808505,2539.54,-0.0132799392193484,2493.56,0.0072145806967294,2419.41,2524.212,25.10773127939885,0.24266474015231262,2556.44,2490.77,2493.8920000000003,50.094721567126946,0.24017278522778918,2556.44,2393.83,2478.2969999999996,56.16686587399571,0.2936923019933208,2556.44,2379.83,2446.3972,81.02835895700478,0.29201942851874113,2589.41,2247.87,3,10,4,1.0315309262767813,1.044981575354548,0.03608924911203241,0.008346218169192952,2566.46,0.003919513072866865
2019-10-11,GOOGL,2588.87,2616.61,2516.3,2566.46,1018759,2566.46,0.0039195130728668,2486.663,2449.5252,2697.8432000000003,0.2936786842624401,2599.0970315778573,2374.228968422142,57.80244974035871,23.782194396277646,14.690965384710996,9.09122901156665,80.09214285714292,0.0263653408383752,2556.44,-0.012003030507372,2490.77,-0.0072887215794985,2521.03,0.0079083719661849,2513.28,-0.0105728256062428,2393.83,2534.848,30.088847934052783,0.24139101652598238,2566.46,2490.77,2511.1549999999997,40.6324025734144,0.2232228167709856,2566.46,2431.85,2486.6629999999996,56.21701578892894,0.29367868426243915,2566.46,2379.83,2449.5252,82.60054077107114,0.28833249339824324,2589.41,2247.87,4,10,4,1.032089993697967,1.0477377411748825,0.03908496528290363,-0.0086562863334162,2593.41,0.010500845522626534
2019-10-14,GOOGL,2587.09,2606.42,2580.41,2593.41,786531,2593.41,0.0105008455226265,2497.342,2453.6808,2697.5948500000004,0.29134478404352,2607.602472203482,2387.081527796517,65.25787809199953,28.68194834212909,17.489161976194616,11.192786365934474,78.8585714285715,0.0039195130728668,2566.46,0.0263653408383752,2556.44,-0.012003030507372,2490.77,0.0104484975808505,2539.54,0.0158824979217404,2431.85,2545.6220000000003,40.15112912482789,0.24147544910712718,2593.41,2490.77,2527.311,37.60225745290725,0.21887047034137366,2593.41,2471.5,2497.3419999999996,55.13023610174124,0.2913447840435191,2593.41,2393.83,2453.6808,84.52464994500981,0.2878006649705452,2593.41,2247.87,0,10,4,1.038468099282742,1.0569467715600753,0.01002926648697668,0.002442899164697504,2560.22,-0.012797822172352258
2019-10-15,GOOGL,2564.13,2620.99,2499.45,2560.22,565642,2560.22,-0.0127978221723522,2500.323,2457.7714,2697.19445,0.2403029984770613,2614.1213598254208,2386.524640174579,67.95657900497027,29.54629176589151,19.900587934133995,9.645703831757515,79.79071428571436,0.0105008455226265,2593.41,0.0039195130728668,2566.46,0.0263653408383752,2556.44,-0.0072887215794985,2521.03,0.0163044595678187,2471.5,2553.46,37.91311316680076,0.2605445726300431,2593.41,2490.77,2536.183,33.17693075683211,0.2309340877759645,2593.41,2490.77,2500.323,56.89917991271046,0.24030299847706038,2593.41,2393.83,2457.7713999999996,84.63464816154487,0.28786484831772535,2593.41,2247.87,1,10,4,1.0239557049225143,1.0416835349288214,0.04747248283348794,-0.0015248836837441098,2511.44,-0.019053050128504445
2019-10-16,GOOGL,2526.11,2532.26,2490.62,2511.44,796310,2511.44,-0.0190530501285044,2498.0795,2460.8166,2696.4951,0.237183310241544,2608.962268340015,2387.196731659985,59.753280059271006,25.995491978059817,21.11956874291916,4.875923235140657,81.86571428571435,-0.0127978221723522,2560.22,0.0105008455226265,2593.41,0.0039195130728668,2566.46,-0.012003030507372,2490.77,0.0225045518915638,2527.12,2557.594,29.579600741028564,0.289638898842999,2593.41,2511.44,2534.6150000000002,34.012857781192515,0.23004621958402213,2593.41,2490.77,2498.0795,55.44138417000755,0.23718331024154318,2593.41,2393.83,2460.8166,83.7494504547302,0.2916579184655751,2593.41,2247.87,2,10,4,1.0053483085702417,1.0205717890552994,0.016580129328187712,-0.005807348056891531,2489.34,-0.008799732424425777
2019-10-17,GOOGL,2480.59,2513.41,2465.26,2489.34,1256460,2489.34,-0.0087997324244257,2497.217,2462.8862,2695.47825,0.2289332196469626,2608.089393811455,2386.344606188545,60.197305202018434,21.154318446533125,21.126518683641955,0.027799762891170587,77.13357142857146,-0.0190530501285044,2511.44,-0.0127978221723522,2560.22,0.0105008455226265,2593.41,0.0263653408383752,2556.44,-0.0132799392193484,2493.56,2544.174,42.59285714763209,0.19316468796453573,2593.41,2489.34,2534.193,34.59993932234985,0.22411543810815454,2593.41,2489.34,2497.217,55.43619690572736,0.22893321964696167,2593.41,2393.83,2462.8862,83.13567499391462,0.29164392576751885,2593.41,2247.87,3,10,4,0.9968456886201733,1.0107409753641843,0.0193424763190164,0.0035273866297922964,2485.08,-0.001711296970281384
2019-10-18,GOOGL,2495.82,2510.6,2459.56,2485.08,2123897,2485.08,-0.0017112969702813,2495.6395,2464.9658,2694.32245,0.2284237232509336,2606.2463796709094,2385.032620329091,56.12472672699173,16.780472307057153,20.257309408324996,-3.4768371012678436,75.49571428571429,-0.0087997324244257,2489.34,-0.0190530501285044,2511.44,-0.0127978221723522,2560.22,0.0039195130728668,2566.46,0.0079083719661849,2513.28,2527.898,47.24272451921589,0.1800216045411652,2593.41,2485.08,2531.373,37.51978945983423,0.21967328410733705,2593.41,2485.08,2495.6395,55.30343983545449,0.22842372325093274,2593.41,2393.83,2464.9658,82.34482348921098,0.29162956224963477,2593.41,2247.87,4,10,4,0.9957688199754027,1.0081600320779265,0.020538574210882315,-0.004303194941941299,2443.79,-0.01661515927052648
2019-10-21,GOOGL,2425.97,2457.85,2425.97,2443.79,1879483,2443.79,-0.0166151592705264,2493.1815,2465.3094,2692.9979000000003,0.2335131232250948,2606.198723331147,2380.1642766688533,46.82363190202542,9.86865014869818,18.179577556399632,-8.310927407701453,74.79571428571428,-0.0017112969702813,2485.08,-0.0087997324244257,2489.34,-0.0190530501285044,2511.44,0.0105008455226265,2593.41,0.0104484975808505,2539.54,2497.9739999999997,42.52236094102017,0.10870606749024733,2560.22,2443.79,2521.798,46.37634353848049,0.22203460757069307,2593.41,2443.79,2493.1815,56.5086116655734,0.23351312322509388,2593.41,2393.83,2465.3094,82.21725474122569,0.29125983264037925,2593.41,2247.87,0,10,4,0.9801893684832089,0.9912711159090248,0.013045310767286496,0.007345515402083628,2444.07,0.00011457612970033892
2019-10-22,GOOGL,2433.87,2462.3,2425.83,2444.07,1315161,2444.07,0.0001145761297003,2492.711,2465.2312,2691.7139999999995,0.2267440206709363,2606.499856710961,2378.9221432890395,39.09675725207472,4.3632778007108755,15.41631760526188,-11.053039804551005,68.92285714285715,-0.0166151592705264,2443.79,-0.0017112969702813,2485.08,-0.0087997324244257,2489.34,-0.0127978221723522,2560.22,-0.0072887215794985,2521.03,2474.744,29.855974778899938,0.13634265468195125,2511.44,2443.79,2514.102,52.499370535900866,0.22183946749608247,2593.41,2443.79,2492.7110000000002,56.89442835548041,0.22674402067093546,2593.41,2393.83,2465.2312,82.2359311369374,0.29060801653855955,2593.41,2247.87,1,10,4,0.9804867070426615,0.9914161397920846,0.014921831207774463,0.004190856537118286,2379.57,-0.026390406166762803
2019-10-23,GOOGL,2362.66,2438.41,2320.73,2379.57,1054487,2379.57,-0.0263904061667628,2491.5855,2465.527,2689.9932,0.2340843530615957,2609.518680273756,2373.652319726244,36.159207361746965,-5.145071221794296,11.304039839850647,-16.449111061644942,74.35857142857147,0.0001145761297003,2444.07,-0.0166151592705264,2443.79,-0.0017112969702813,2485.08,-0.0190530501285044,2511.44,-0.012003030507372,2490.77,2448.37,44.15617567224539,0.17435581468160422,2489.34,2379.57,2502.982,67.59650546522536,0.24834715901831117,2593.41,2379.57,2491.5855,58.96659013687814,0.23408435306159492,2593.41,2379.57,2465.527,81.89312259006213,0.2864924261670698,2593.41,2247.87,2,10,4,0.9550424819854847,0.9651364596692857,0.0494543131742081,0.0071571872381100765,2337.94,-0.017494757456179122
2019-10-24,GOOGL,2352.49,2364.37,2311.51,2337.94,1336222,2337.94,-0.0174947574561791,2487.512,2465.3764,2687.7803499999995,0.2398308059538033,2620.596765326892,2354.427234673108,29.78556605852661,-15.856910812397928,5.871849709400933,-21.72876052179886,73.24928571428573,-0.0263904061667628,2379.57,0.0001145761297003,2444.07,-0.0166151592705264,2443.79,-0.0087997324244257,2489.34,0.0263653408383752,2556.44,2418.09,58.58951143334519,0.1793040755454323,2485.08,2337.94,2481.132,82.14517430878904,0.1856723989026122,2593.41,2337.94,2487.5119999999997,66.54238266344592,0.23983080595380257,2593.41,2337.94,2465.3764,82.12500652651126,0.2886646559648466,2593.41,2247.87,3,10,4,0.9398708428337471,0.9483095563010385,0.02260964780960036,-0.006184935961467868,2363.82,0.011069574069479948
2019-10-25,GOOGL,2350.7,2381.09,2346.55,2363.82,975179,2363.82,0.0110695740694799,2486.0115,2466.1506,2685.6649500000003,0.2413938751782763,2624.125296601163,2347.8977033988363,29.723991506470696,-22.004170767288088,0.29664561406312817,-22.300816381351215,70.53500000000001,-0.0174947574561791,2337.94,-0.0263904061667628,2379.57,0.0001145761297003,2444.07,-0.0017112969702813,2485.08,0.0039195130728668,2566.46,2393.838,48.08247778555106,0.24005636516734258,2444.07,2337.94,2460.868,83.73596582910136,0.20215981295709629,2593.41,2337.94,2486.0114999999996,69.05689830058172,0.24139387517827549,2593.41,2337.94,2466.1506,80.94976878891946,0.28898126466859797,2593.41,2247.87,4,10,4,0.9508483770083321,0.9585059403910863,0.01461194168760115,0.005581316203681783,2387.41,0.009979609276509871
2019-10-28,GOOGL,2397.79,2404.46,2370.37,2387.41,2386116,2387.41,0.0099796092765098,2483.7895,2467.0258,2683.76795,0.2369421483144959,2626.9113037712823,2340.667696228717,34.760492699619846,-24.687816934027524,-4.7002468955550025,-19.98757003847252,70.05714285714286,0.0110695740694799,2363.82,-0.0174947574561791,2337.94,-0.0263904061667628,2379.57,-0.0166151592705264,2443.79,0.0105008455226265,2593.41,2382.5620000000004,39.23670054933237,0.2657983380973302,2444.07,2337.94,2440.268,72.02661835120549,0.2008282221735215,2560.22,2337.94,2483.7895,71.56090188564116,0.23694214831449512,2593.41,2337.94,2467.0258,79.82708028799532,0.2892832720265729,2593.41,2247.87,0,10,4,0.9611965909345533,0.9677280229493475,0.014279072300101728,-0.004328986274859675,2373.14,-0.005977188668892186
2019-10-29,GOOGL,2394.18,2419.15,2327.12,2373.14,1112539,2373.14,-0.0059771886688921,2478.8715,2469.5312,2682.01395,0.2286440918750961,2630.290636978014,2327.4523630219865,36.07632394946834,-27.64739365231071,-9.289676246906144,-18.357717405404568,71.80000000000003,0.0099796092765098,2387.41,0.0110695740694799,2363.82,-0.0174947574561791,2337.94,0.0001145761297003,2444.07,-0.0127978221723522,2560.22,2368.376,19.087965580384278,0.26257021352147186,2387.41,2337.94,2421.56,60.83520289363898,0.19934047360471174,2511.44,2337.94,2478.8715,75.70956848900688,0.2286440918750954,2593.41,2337.94,2469.5312,74.60333224597956,0.2737936392592216,2593.41,2337.94,1,10,4,0.9573469217743003,0.9609678144576748,0.03877984442551279,-0.008787977512129905,2335.44,-0.01588612555517155
2019-10-30,GOOGL,2336.74,2387.03,2283.85,2335.44,1159265,2335.44,-0.0158861255551715,2469.2875,2469.3984,2680.37915,0.2143951863040078,2631.712836871756,2306.862163128244,21.98559983696427,-32.65848773469952,-13.96343854446482,-18.6950491902347,71.18428571428574,-0.0059771886688921,2373.14,0.0099796092765098,2387.41,0.0110695740694799,2363.82,-0.0263904061667628,2379.57,-0.0190530501285044,2511.44,2359.55,22.513244990403027,0.21726154736008785,2387.41,2335.44,2403.96,57.29934767904038,0.1947775428630372,2489.34,2335.44,2469.2875,81.21266843587786,0.21439518630400714,2593.41,2335.44,2469.3984,74.84036912287988,0.2600283977100955,2593.41,2335.44,2,10,4,0.9457950927136084,0.94575261731726,0.04418011167058718,-0.0005563306144454115,2297.99,-0.016035522214229547
2019-10-31,GOOGL,2299.83,2321.29,2274.69,2297.99,494599,2297.99,-0.0160355222142295,2459.509,2468.104,2678.41075,0.2162181531379028,2638.486064558293,2280.531935441707,18.180956218136984,-39.19984648603304,-19.010720132778467,-20.189126353254572,68.35857142857147,-0.0158861255551715,2335.44,-0.0059771886688921,2373.14,0.0099796092765098,2387.41,-0.0174947574561791,2337.94,-0.0087997324244257,2489.34,2351.5600000000004,35.464157257686054,0.2115809964529737,2387.41,2297.99,2384.825,57.56865606482591,0.19979392231276952,2485.08,2297.99,2459.509,89.48853227914641,0.21621815313790207,2593.41,2297.99,2468.104,77.24432652041034,0.26171266307479285,2593.41,2297.99,3,10,4,0.9343287623664176,0.9310750276321699,0.02027859129064079,-0.0008000591348053315,2284.92,-0.0056875791452528635
2019-11-01,GOOGL,2283.14,2297.3,2272.54,2284.92,1109764,2284.92,-0.0056875791452528,2448.091,2466.4226,2676.24825,0.211634613481217,2641.203094407172,2254.978905592828,12.193926321305156,-44.920741844074655,-24.192724475037707,-20.728017369036948,67.32214285714288,-0.0160355222142295,2297.99,-0.0158861255551715,2335.44,-0.0059771886688921,2373.14,0.0110695740694799,2363.82,-0.0017112969702813,2485.08,2335.7799999999997,44.934301485589174,0.16861601075874977,2387.41,2284.92,2364.809,53.49028249233881,0.19733013280396877,2444.07,2284.92,2448.091,96.55604720358578,0.21163461348121632,2593.41,2284.92,2466.4226,80.30033554737075,0.2618779498520074,2593.41,2284.92,4,11,4,0.9333476574192163,0.9264105834900612,0.010836265602292151,0.0007796280560979267,2309.24,0.010643698685292913
2019-11-04,GOOGL,2301.2,2331.09,2287.39,2309.24,1676846,2309.24,0.0106436986852929,2436.576,2464.3102,2674.07755,0.2118205794825979,2634.141770996603,2239.010229003397,18.558328321658053,-46.95095055086995,-28.744369690204156,-18.20658086066579,61.93857142857145,-0.0056875791452528,2284.92,-0.0160355222142295,2297.99,-0.0158861255551715,2335.44,0.0099796092765098,2387.41,-0.0166151592705264,2443.79,2320.1459999999997,34.974886418654265,0.17277454781076448,2373.14,2284.92,2351.3540000000003,48.06296569199822,0.21203563105493575,2444.07,2284.92,2436.576,98.78288549830158,0.21182057948259725,2593.41,2284.92,2464.3102,83.0273629469122,0.25917913123545006,2593.41,2284.92,0,11,4,0.9477397790994625,0.9370735875698858,0.01892397498743368,0.0034938293064472755,2344.43,0.01523877985830846
2019-11-05,GOOGL,2343.29,2358.8,2330.06,2344.43,782886,2344.43,0.0152387798583084,2427.746,2461.0426,2672.10725,0.2229122804577032,2625.204664604461,2230.2873353955392,28.34020698675387,-45.19933685333535,-32.0353631228304,-13.163973730504956,60.50714285714292,0.0106436986852929,2309.24,-0.0056875791452528,2284.92,-0.0160355222142295,2297.99,-0.0059771886688921,2373.14,0.0001145761297003,2444.07,2314.404,25.047287877088465,0.2327471548631573,2344.43,2284.92,2341.3900000000003,35.35425512657035,0.23565852269226403,2387.41,2284.92,2427.746,98.72933230223042,0.22291228045770253,2593.41,2284.92,2461.0426,84.48267255768909,0.24598837933984902,2593.41,2284.92,1,11,4,0.9656817475959322,0.9526165861570405,0.012258843300925163,0.0004864954828465048,2326.51,-0.007643648989306362
2019-11-06,GOOGL,2331.29,2342.95,2310.07,2326.51,888725,2326.51,-0.0076436489893063,2419.533,2456.699,2669.73185,0.2212456661294162,2619.6012914038893,2219.4647085961105,28.65084567876984,-44.74141345095495,-34.57657318845531,-10.164840262499638,59.52214285714292,0.0152387798583084,2344.43,0.0106436986852929,2309.24,-0.0056875791452528,2284.92,-0.0158861255551715,2335.44,-0.0263904061667628,2379.57,2312.618,23.43906717422299,0.20864451574058382,2344.43,2284.92,2336.084,32.882747654847755,0.20234147179447357,2387.41,2284.92,2419.533,100.03414570194477,0.22124566612941549,2593.41,2284.92,2456.699,85.72069748042486,0.24378445429454287,2593.41,2284.92,2,11,4,0.9615533245461164,0.9470065319353543,0.014132756790207443,-0.0020503669642119578,2284.59,-0.018018405250783354
2019-11-07,GOOGL,2306.79,2315.73,2253.45,2284.59,1647742,2284.59,-0.0180184052507833,2405.9405,2450.7248,2667.25115,0.1970511624100916,2603.771231099536,2208.109768900464,26.075749981229407,-47.216813480988094,-37.10462124696187,-10.112192234026224,61.09500000000009,-0.0076436489893063,2326.51,0.0152387798583084,2344.43,0.0106436986852929,2309.24,-0.0160355222142295,2297.99,-0.0174947574561791,2337.94,2309.9379999999996,26.140188790399463,0.21808934122505372,2344.43,2284.59,2330.749,36.659152093594294,0.2034652192985687,2387.41,2284.59,2405.9405,98.915365549768,0.197051162410091,2593.41,2284.59,2450.7248,87.11510122937335,0.24323028826018575,2593.41,2284.59,3,11,4,0.949562135887837,0.9322099323429004,0.027260908959582653,-0.009623762891286244,2295.02,0.004565370591659734
2019-11-08,GOOGL,2315.12,2317.05,2272.99,2295.02,664751,2295.02,0.0045653705916597,2392.3685,2444.837,2664.6046,0.1974749234352852,2580.854772042368,2203.882227957632,30.83601700262342,-47.78612332239891,-39.24092166204928,-8.545201660349626,60.02000000000011,-0.0180184052507833,2284.59,-0.0076436489893063,2326.51,0.0152387798583084,2344.43,-0.0056875791452528,2284.92,0.0110695740694799,2363.82,2311.9579999999996,24.028536576282242,0.21662434996930882,2344.43,2284.59,2323.8689999999997,36.216275178113335,0.19395717350243713,2387.41,2284.59,2392.3685,94.24313602118401,0.19747492343528456,2593.41,2284.59,2444.837,87.49811576396813,0.2434991958738034,2593.41,2284.59,4,11,4,0.9593087352550582,0.9387210681117233,0.019198089776987216,-0.008682055357817835,2265.6,-0.012819060400345084
2019-11-11,GOOGL,2282.01,2300.3,2230.89,2265.6,1832061,2265.6,-0.012819060400345,2375.978,2438.4638,2661.8159,0.1896062359619253,2547.0632069153603,2204.89279308464,28.615591074790544,-50.034487177380015,-41.39963476511543,-8.634852412264586,62.37285714285726,0.0045653705916597,2295.02,-0.0180184052507833,2284.59,-0.0076436489893063,2326.51,0.0106436986852929,2309.24,0.0099796092765098,2387.41,2303.23,31.899329930230618,0.21455761751927194,2344.43,2265.6,2311.6879999999996,32.793321406773345,0.18519435954786626,2373.14,2265.6,2375.978,85.5426034576802,0.1896062359619247,2560.22,2265.6,2438.4638,88.73215120064276,0.24464007578111424,2593.41,2265.6,0,11,4,0.9535441826477544,0.9291095483964416,0.03063647598868718,-0.007191028961307407,2247.5,-0.007989053672316393
2019-11-12,GOOGL,2264.99,2270.13,2224.87,2247.5,969925,2247.5,-0.0079890536723163,2360.342,2432.1066,2659.0696,0.1883074877299485,2517.088523587768,2203.595476412232,32.19552967065502,-52.669706868007324,-43.65364918569381,-9.016057682313516,56.7957142857144,-0.012819060400345,2265.6,0.0045653705916597,2295.02,-0.0180184052507833,2284.59,0.0152387798583084,2344.43,-0.0059771886688921,2373.14,2283.844,29.998237114831415,0.13302462982709704,2326.51,2247.5,2299.124,30.63010037345527,0.18571698015079374,2344.43,2247.5,2360.3419999999996,78.3732617938839,0.1883074877299478,2511.44,2247.5,2432.1066,90.81717066834835,0.24471294119473636,2593.41,2247.5,1,11,4,0.9521925212528726,0.9240960079624289,0.020137931034473897,-0.00772188839685476,2296.29,0.021708565072302566
2019-11-13,GOOGL,2294.81,2350.96,2241.61,2296.29,1027259,2296.29,0.0217085650723025,2349.5845,2427.3852,2656.4302,0.2067391724015444,2491.498166932096,2207.670833067904,44.49146938070919,-50.24203332798061,-44.971326014151174,-5.270707313829433,59.74500000000012,-0.0079890536723163,2247.5,-0.012819060400345,2265.6,0.0045653705916597,2295.02,-0.0076436489893063,2326.51,-0.0158861255551715,2335.44,2277.8,20.9251200712833,0.25267498985185266,2296.29,2247.5,2295.209,27.84826922607482,0.21898275975625045,2344.43,2247.5,2349.5845,70.95683346604791,0.2067391724015437,2489.34,2247.5,2427.3851999999997,91.63158149628339,0.24946443630553491,2593.41,2247.5,2,11,4,0.9773174788985128,0.9459932440879403,0.04762029186206981,0.0006449335674846167,2327.51,0.013595843730539459
2019-11-14,GOOGL,2334.84,2381.32,2273.7,2327.51,765497,2327.51,0.0135958437305394,2341.493,2423.8282,2653.8502000000003,0.2154982916962747,2467.407597974844,2215.5784020251563,45.264613055547336,-45.276966784335855,-45.03245416818811,-0.24451261614774467,64.35000000000014,0.0217085650723025,2296.29,-0.0079890536723163,2247.5,-0.012819060400345,2265.6,-0.0180184052507833,2284.59,-0.0160355222142295,2297.99,2286.3839999999996,30.85448638363064,0.22900528459972724,2327.51,2247.5,2298.161,29.68017012902638,0.21478346527283837,2344.43,2247.5,2341.493,62.95729898742176,0.21549829169627396,2485.08,2247.5,2423.8282,91.99416167566274,0.25098971538449333,2593.41,2247.5,3,11,4,0.9940281692061459,0.9602619525587829,0.04623825461542769,-0.0031394014150848827,2334.04,0.0028055733380305536
2019-11-15,GOOGL,2352.48,2372.17,2295.91,2334.04,1395900,2334.04,0.0028055733380305,2333.941,2421.4596,2651.2175,0.2165249440859466,2440.174580754903,2227.7074192450964,42.71558430759693,-40.35006887368172,-44.095977109286835,3.745908235605114,66.89428571428587,0.0135958437305394,2327.51,0.0217085650723025,2296.29,-0.0079890536723163,2247.5,0.0045653705916597,2295.02,-0.0056875791452528,2284.92,2294.188,37.749169129898256,0.22898150380090163,2334.04,2247.5,2303.0730000000003,31.26750817984773,0.21118243428097608,2344.43,2247.5,2333.941,53.116790377451736,0.2165249440859458,2444.07,2247.5,2421.4596,92.7630752312964,0.24701731829246215,2593.41,2247.5,4,11,4,1.0000424175242648,0.9638979729412112,0.03267296190295262,-0.007838536353121903,2287.64,-0.019879693578516267
2019-11-18,GOOGL,2282.74,2315.29,2259.99,2287.64,3209998,2287.64,-0.0198796935785162,2326.1335,2418.2092,2648.3303,0.2195284365092493,2420.684309125699,2231.5826908743006,39.27119409589468,-39.7315583297368,-43.22309335337683,3.491535023640033,65.61000000000016,0.0028055733380305,2334.04,0.0135958437305394,2327.51,0.0217085650723025,2296.29,-0.012819060400345,2265.6,0.0106436986852929,2309.24,2298.596,34.74352212999814,0.26349180109664605,2334.04,2247.5,2300.913,31.539046716361653,0.2316427830187177,2344.43,2247.5,2326.1335,47.27540456284961,0.21952843650924853,2444.07,2247.5,2418.2092000000002,94.56669556218418,0.2506767111187352,2593.41,2247.5,0,11,4,0.9834517236431256,0.9460058294373597,0.024173383924033506,0.002146543189324209,2296.02,0.0036631637845117027
2019-11-19,GOOGL,2317.22,2325.0,2267.03,2296.02,1640367,2296.02,0.0036631637845117,2318.731,2416.4166,2645.4898,0.2205988979701127,2396.008597189464,2241.453402810536,44.66056238655997,-38.125698976734384,-42.203614478048344,4.07791550131396,62.38071428571441,-0.0198796935785162,2287.64,0.0028055733380305,2334.04,0.0135958437305394,2327.51,-0.0079890536723163,2247.5,0.0152387798583084,2344.43,2308.3,20.93708313012327,0.248061261495784,2334.04,2287.64,2296.072,27.584743287210106,0.21589329347768008,2334.04,2247.5,2318.7309999999998,38.63879859473197,0.22059889797011192,2387.41,2247.5,2416.4166,96.0345987739485,0.2442046505032404,2593.41,2247.5,1,11,4,0.9902054183943759,0.9501755616142721,0.025248037909066365,-0.009148893933243573,2336.02,0.017421451032656465
2019-11-20,GOOGL,2332.09,2366.94,2305.1,2336.02,849257,2336.02,0.0174214510326564,2316.5535,2415.265,2642.2874,0.2137703864837208,2388.910617068986,2244.196382931014,55.11582232297988,-33.242182971086095,-40.4113281766559,7.169145205569805,63.10714285714299,0.0036631637845117,2296.02,-0.0198796935785162,2287.64,0.0028055733380305,2334.04,0.0217085650723025,2296.29,-0.0076436489893063,2326.51,2316.246,22.704126937579183,0.2304333304773551,2336.02,2287.64,2297.023,28.884039056566913,0.2334993713138723,2336.02,2247.5,2316.5535,36.17855853449298,0.21377038648371993,2387.41,2247.5,2415.265,96.65700676165308,0.2474136844996755,2593.41,2247.5,2,11,4,1.0084032162430057,0.9671899356795354,0.02647237609265917,0.0016851836764439413,2322.66,-0.005719129117045307
2019-11-21,GOOGL,2327.35,2368.07,2277.24,2322.66,1889986,2322.66,-0.0057191291170453,2315.7895,2413.861,2638.7294,0.2055277811647788,2387.515744033593,2244.063255966407,55.07285337714117,-30.102993132232314,-38.34966116777119,8.246668035538875,67.77714285714303,0.0174214510326564,2336.02,0.0036631637845117,2296.02,-0.0198796935785162,2287.64,0.0135958437305394,2327.51,-0.0180184052507833,2284.59,2315.2760000000003,22.200600892716963,0.21767819207275033,2336.02,2287.64,2300.83,29.56411713921608,0.21348439383374992,2336.02,2247.5,2315.7895,35.86312201679644,0.2055277811647779,2387.41,2247.5,2413.861,97.49530727063595,0.24770492746998235,2593.41,2247.5,3,11,4,1.002966806784035,0.9622177913305853,0.039106024988574,-0.0020151674651419167,2374.06,0.02212979945407434
2019-11-22,GOOGL,2384.02,2407.37,2340.74,2374.06,1057227,2374.06,0.0221297994540743,2316.3015,2413.3594,2635.2477499999995,0.2170333934540372,2389.600291912269,2243.002708087731,58.12158572441815,-23.200174960683853,-35.31976392635372,12.11958896566987,70.53000000000017,-0.0057191291170453,2322.66,0.0174214510326564,2336.02,0.0036631637845117,2296.02,0.0028055733380305,2334.04,0.0045653705916597,2295.02,2323.2799999999997,34.47686760710327,0.2717860614200295,2374.06,2287.64,2308.734,37.372714110686225,0.23692550383471553,2374.06,2247.5,2316.3015,36.64939595613443,0.21703339345403633,2387.41,2247.5,2413.3594,97.63700407600888,0.2527794344743353,2593.41,2247.5,4,11,4,1.0249356571236408,0.9837158941179737,0.02806584500811776,-0.004177817300188697,2424.34,0.02117890870491901
2019-11-25,GOOGL,2446.18,2478.0,2370.67,2424.34,2079475,2424.34,0.021178908704919,2318.148,2414.2496,2631.98585,0.2270638426004006,2400.3135501123907,2235.9824498876096,59.64747072115164,-13.516654456356719,-30.959142032354322,17.442487575997603,74.6564285714287,0.0221297994540743,2374.06,-0.0057191291170453,2322.66,0.0174214510326564,2336.02,-0.0198796935785162,2287.64,-0.012819060400345,2265.6,2350.62,49.90028456830485,0.19432112033042034,2424.34,2296.02,2324.6079999999997,48.93856052915516,0.23282502881202985,2424.34,2247.5,2318.148,41.08277505619533,0.2270638426003998,2424.34,2247.5,2414.2496,97.5279105830412,0.2565332246149548,2593.41,2247.5,0,11,4,1.045808981997247,1.0041795181405417,0.04427184305829861,-0.008928206427977812,2490.41,0.027252778075682382
2019-11-26,GOOGL,2477.69,2549.89,2430.94,2490.41,1656972,2490.41,0.0272527780756823,2324.0115,2414.0458,2628.8001,0.2438038316242797,2434.5418555876136,2213.4811444123857,67.72658446690852,-0.5052733836632797,-24.868368302616116,24.363094918952836,81.17000000000014,0.021178908704919,2424.34,0.0221297994540743,2374.06,-0.0057191291170453,2322.66,0.0036631637845117,2296.02,-0.0079890536723163,2247.5,2389.498,68.85263843890013,0.2044881677110238,2490.41,2322.66,2348.8990000000003,64.29012114365493,0.23693473391597789,2490.41,2287.64,2324.0114999999996,55.26517779380701,0.2438038316242789,2490.41,2247.5,2414.0458,97.35427749876182,0.23758817435077226,2593.41,2247.5,1,11,4,1.071599688727413,1.0316332854989614,0.04776321971079142,0.005133814157539751,2503.29,0.005171839175075688
2019-11-27,GOOGL,2515.61,2532.62,2473.95,2503.29,369747,2503.29,0.0051718391750756,2332.4039999999995,2412.9854,2625.54435,0.2339714356006762,2469.003334574969,2195.80466542503,75.23888657837475,10.722051085070234,-17.750284425078846,28.47233551014908,80.14214285714297,0.0272527780756823,2490.41,0.021178908704919,2424.34,0.0221297994540743,2374.06,0.0174214510326564,2336.02,0.0217085650723025,2296.29,2422.9519999999998,76.57613120286247,0.21882174650821243,2503.29,2322.66,2369.599,77.44743815431131,0.2292848331322985,2503.29,2287.64,2332.4039999999995,68.29966728748465,0.23397143560067538,2503.29,2247.5,2412.9854,96.0531436919263,0.23239603679284027,2593.41,2247.5,2,11,4,1.0732660379586587,1.0374244286761796,0.023437156701771125,-0.004897420506356416,2527.61,0.009715214777353154
2019-11-28,GOOGL,2528.66,2568.6,2486.63,2527.61,803072,2527.61,0.0097152147773531,2343.885,2413.4058,2622.3993,0.2229337082832418,2504.749008142897,2183.0209918571027,76.00805098722103,21.33625628325035,-9.932976283413007,31.269232566663355,82.85000000000007,0.0051718391750756,2503.29,0.0272527780756823,2490.41,0.021178908704919,2424.34,-0.0057191291170453,2322.66,0.0135958437305394,2327.51,2463.942,63.14571774869701,0.14674924868946534,2527.61,2374.06,2389.609,90.16955774169357,0.22781697123960581,2527.61,2287.64,2343.8849999999998,80.43200407144862,0.22293370828324105,2527.61,2247.5,2413.4058,96.51607196371971,0.2292478068746566,2593.41,2247.5,3,11,4,1.0783848183673352,1.047320761389963,0.03242984479408111,-0.0004152396921687028,2586.16,0.023164174852924102
2019-11-29,GOOGL,2574.19,2604.01,2568.31,2586.16,1750804,2586.16,0.0231641748529241,2358.947,2414.7964,2619.6192,0.2282771273085677,2550.1205864931144,2167.773413506886,83.65247333255408,34.07973606777068,-1.1304338131762695,35.21016988094695,83.34928571428577,0.0097152147773531,2527.61,0.0051718391750756,2503.29,0.0272527780756823,2490.41,0.0221297994540743,2374.06,0.0028055733380305,2334.04,2506.362,58.75948919109311,0.14915142726414995,2586.16,2424.34,2414.8210000000004,106.64732881480285,0.23663649932620437,2586.16,2287.64,2358.947,95.58679324655714,0.22827712730856703,2586.16,2247.5,2414.7963999999997,98.5138905519078,0.2348208113994171,2593.41,2247.5,4,11,4,1.0963196714461594,1.0709639951421697,0.013804250317067186,0.004650006409781388,2605.45,0.007458935255359345
2019-12-02,GOOGL,2619.86,2628.92,2581.97,2605.45,1275048,2605.45,0.0074589352553593,2373.7575,2417.0464,2616.9516,0.2277544195898026,2592.6089472253734,2154.906052774627,87.48403040772239,45.214374234357365,8.138527796330457,37.07584643802691,83.47000000000006,0.0231641748529241,2586.16,0.0097152147773531,2527.61,0.0051718391750756,2503.29,0.021178908704919,2424.34,-0.0198796935785162,2287.64,2542.584,50.84625630268437,0.15818307745801552,2605.45,2490.41,2446.602,111.7671010827599,0.16869840098970512,2605.45,2296.02,2373.7575,109.42572361268655,0.22775441958980186,2605.45,2247.5,2417.0464,101.57253665780844,0.23415629185246334,2605.45,2247.5,0,12,4,1.0976058000865303,1.07794786231614,0.018019919783523866,-0.005500293908832841,2585.34,-0.007718436354564373
2019-12-03,GOOGL,2588.04,2619.65,2551.03,2585.34,796776,2585.34,-0.0077184363545643,2385.8030000000003,2419.6836000000003,2614.9557,0.2301693864311096,2623.560488750304,2148.0455112496966,82.20325764577902,51.818613547388395,16.874544946542045,34.94406860084635,80.56071428571434,0.0074589352553593,2605.45,0.0231641748529241,2586.16,0.0097152147773531,2527.61,0.0272527780756823,2490.41,0.0036631637845117,2296.02,2561.57,43.71777498910848,0.17521015744814883,2605.45,2503.29,2475.534,105.74059014609263,0.19433526062246795,2605.45,2322.66,2385.8030000000003,118.87874437515188,0.23016938643110885,2605.45,2247.5,2419.6836000000003,104.21520290911283,0.23185557795049352,2605.45,2247.5,1,12,4,1.0836351534468336,1.068462008834102,0.026541963532832565,-0.0010432605369309496,2567.55,-0.006881106546914539
2019-12-04,GOOGL,2575.82,2590.98,2544.12,2567.55,931355,2567.55,-0.0068811065469145,2397.855,2422.9930000000004,2612.8164,0.2296290043079017,2647.1159114963853,2148.594088503615,77.56798970717121,54.98320430776994,24.496276818787624,30.486927488982314,76.22071428571432,-0.0077184363545643,2585.34,0.0074589352553593,2605.45,0.0231641748529241,2586.16,0.0051718391750756,2503.29,0.0174214510326564,2336.02,2574.422,29.40368973442542,0.20407033614871395,2605.45,2527.61,2498.6870000000004,96.76536662922561,0.21278849844395384,2605.45,2322.66,2397.855,124.63045574819259,0.22962900430790098,2605.45,2247.5,2422.9930000000004,106.25216410280979,0.2270601125379835,2605.45,2247.5,2,12,4,1.0707695002403939,1.059660510781063,0.018250861716415212,-0.003210628071836064,2578.07,0.004097291191992314
2019-12-05,GOOGL,2568.94,2636.16,2519.98,2578.07,559801,2578.07,0.0040972911919923,2412.5289999999995,2426.1662,2610.84225,0.2129902034724751,2668.186756418323,2156.871243581676,77.7717082028251,57.675197589462186,31.132060972922538,26.54313661653965,79.07214285714288,-0.0068811065469145,2567.55,-0.0077184363545643,2585.34,0.0074589352553593,2605.45,0.0097152147773531,2527.61,-0.0057191291170453,2322.66,2584.514,13.883534492282326,0.20000566527042257,2605.45,2567.55,2524.228,76.78581665906546,0.19824132989929596,2605.45,2374.06,2412.5289999999995,127.82887820916186,0.2129902034724744,2605.45,2247.5,2426.1662,108.48861264215807,0.22675956955303586,2605.45,2247.5,3,12,4,1.0686172062590469,1.0626106323626705,0.0450647189564111,0.003553995032969456,2526.07,-0.020170127265745297
2019-12-06,GOOGL,2525.12,2546.7,2505.44,2526.07,1158321,2526.07,-0.0201701272657452,2424.0815,2428.811,2608.2203,0.2326182890306819,2678.258482872396,2169.904517127604,76.7928980760196,54.97889377780257,35.90142753389855,19.07746624390402,78.9707142857143,0.0040972911919923,2578.07,-0.0068811065469145,2567.55,-0.0077184363545643,2585.34,0.0231641748529241,2586.16,0.0221297994540743,2374.06,2572.496,29.418702894559324,0.17360801869320486,2605.45,2526.07,2539.429,55.98294927921929,0.23869611294392912,2605.45,2424.34,2424.0815,127.08849143619786,0.2326182890306811,2605.45,2247.5,2428.811,109.29314313219334,0.23035441999691816,2605.45,2247.5,4,12,4,1.0420730491111616,1.0400438733186568,0.016333672463543537,0.0003762197440121248,2520.97,-0.002018946426662893
2019-12-09,GOOGL,2526.89,2556.55,2485.39,2520.97,2905476,2520.97,-0.0020189464266628,2436.85,2430.5934,2605.56395,0.224726502967747,2683.0371398582547,2190.662860141745,75.46584553839624,51.83302732960374,39.087747493039586,12.745279836564151,79.91285714285719,-0.0201701272657452,2526.07,0.0040972911919923,2578.07,-0.0068811065469145,2567.55,0.0074589352553593,2605.45,0.021178908704919,2424.34,2555.6,30.014283266443385,0.14218041530497602,2585.34,2520.97,2549.0919999999996,39.9559987986743,0.2263693663071901,2605.45,2490.41,2436.85,123.09356992912734,0.2247265029677462,2605.45,2247.5,2430.5934,110.06767527873532,0.22797136713119878,2605.45,2247.5,0,12,4,1.0345199745568934,1.0371829364791998,0.028227229994792515,-0.0023428008342261555,2566.29,0.017977207186122834
2019-12-10,GOOGL,2561.41,2610.21,2522.37,2566.29,1655817,2566.29,0.0179772071861228,2452.7895,2432.4892,2603.4177,0.2230275324631341,2688.411163777042,2217.1678362229577,75.7578469293259,52.39289803452402,41.74877760133647,10.644120433187553,81.22142857142863,-0.0020189464266628,2520.97,-0.0201701272657452,2526.07,0.0040972911919923,2578.07,-0.0077184363545643,2585.34,0.0272527780756823,2490.41,2551.79,26.270976380756892,0.2228714853360664,2578.07,2520.97,2556.68,34.391137747321345,0.20331425506142517,2605.45,2503.29,2452.7895,117.8108318885212,0.22302753246313337,2605.45,2287.64,2432.4892,111.59239590508196,0.22858575234092743,2605.45,2247.5,1,12,4,1.046274048384076,1.0550057118440423,0.03422839975215814,0.001905200651203128,2478.55,-0.03418943299471211
2019-12-11,GOOGL,2463.6,2525.24,2431.86,2478.55,2882011,2478.55,-0.0341894329947121,2461.9025,2431.5178,2600.84065,0.2587035437775036,2685.8475235989763,2237.957476401024,64.95003548169385,45.2352708314329,42.446076247355755,2.789194584077144,84.3357142857143,0.0179772071861228,2566.29,-0.0020189464266628,2520.97,-0.0201701272657452,2526.07,-0.0068811065469145,2567.55,0.0051718391750756,2503.29,2533.9900000000002,39.661621247727766,0.3257604393441906,2578.07,2478.55,2554.2059999999997,39.21075708413164,0.2752590109006895,2605.45,2478.55,2461.9025,111.97251179948796,0.258703543777503,2605.45,2287.64,2431.5178,110.96144821035185,0.23627535403024744,2605.45,2247.5,2,12,4,1.0067620468312588,1.019342733168139,0.037675253676529415,0.006068355252473699,2540.84,0.025131629380081177
2019-12-12,GOOGL,2564.3,2573.01,2508.67,2540.84,1707927,2540.84,0.0251316293800811,2472.569,2432.4634,2598.8195,0.2674977768121952,2689.7826105942204,2255.3553894057795,65.66715514801163,44.08094443776963,42.77304988543853,1.3078945523310992,85.03214285714287,-0.0341894329947121,2478.55,0.0179772071861228,2566.29,-0.0020189464266628,2520.97,0.0040972911919923,2578.07,0.0097152147773531,2527.61,2526.5440000000003,32.089088176484196,0.39681423292183965,2566.29,2478.55,2555.529,38.42908431267628,0.30146888114844544,2605.45,2478.55,2472.569,108.60680529711011,0.26749777681219455,2605.45,2287.64,2432.4634,111.69995407906454,0.24109320755483318,2605.45,2247.5,3,12,4,1.0276113629180712,1.044554257218816,0.025322334346111846,-0.009148695550439062,2587.59,0.01839942696116248
2019-12-13,GOOGL,2588.18,2645.5,2529.67,2587.59,1809975,2587.59,0.0183994269611624,2485.2465,2433.9496,2596.9161,0.2718563228210534,2697.967464475478,2272.525535524522,65.43793618497887,46.40355544629256,43.499150997609334,2.9044044486832234,85.63928571428573,0.0251316293800811,2540.84,-0.0341894329947121,2478.55,0.0179772071861228,2566.29,-0.0201701272657452,2526.07,0.0231641748529241,2586.16,2538.848,42.09597866778045,0.3838131614702195,2587.59,2478.55,2555.672,38.55817503749232,0.292331324832177,2605.45,2478.55,2485.2465,106.360482237739,0.2718563228210527,2605.45,2287.64,2433.9496,113.28036440186901,0.2438878459900884,2605.45,2247.5,4,12,4,1.0411804221428171,1.0631239036333937,0.044763660394403736,-0.00022795941549639626,2569.32,-0.007060623978296432
2019-12-16,GOOGL,2581.34,2611.37,2527.27,2569.32,2643101,2569.32,-0.0070606239782964,2499.3305,2434.5452,2594.84805,0.2596364472312523,2693.450015489024,2305.210984510976,58.20389661527699,46.23701358178732,44.046723514444935,2.1902900673423886,82.67857142857146,0.0183994269611624,2587.59,0.0251316293800811,2540.84,-0.0341894329947121,2478.55,-0.0020189464266628,2520.97,0.0074589352553593,2605.45,2548.518,42.513706848477234,0.39126785154354204,2587.59,2478.55,2552.059,34.89424767939237,0.2913331927035724,2587.59,2478.55,2499.3305,97.05975774451197,0.2596364472312517,2605.45,2296.02,2434.5452,113.92332568738192,0.24345532484717183,2605.45,2247.5,0,12,4,1.028003299283137,1.0553593336443066,0.03273239612036149,-0.004656496238386003,2592.46,0.009006274033596329
2019-12-17,GOOGL,2587.85,2628.21,2556.71,2592.46,1395463,2592.46,0.0090062740335963,2514.1525,2435.9738,2592.66125,0.2597049311415324,2687.014139575851,2341.2908604241493,59.07693560368276,47.4255404562432,44.72248690280459,2.7030535534386075,83.59500000000003,-0.0070606239782964,2569.32,0.0183994269611624,2587.59,0.0251316293800811,2540.84,0.0179772071861228,2566.29,-0.0077184363545643,2585.34,2553.752,46.65764321092825,0.3760399106433773,2592.46,2478.55,2552.771,35.711845358207945,0.2930177029368935,2592.46,2478.55,2514.1525,86.43081978792542,0.25970493114153176,2605.45,2322.66,2435.9737999999998,115.46738219328978,0.24357488022921286,2605.45,2247.5,1,12,4,1.03114667865174,1.0642396892770094,0.02757998194763754,0.0017814015495482142,2593.3,0.00032401657113334537
2019-12-18,GOOGL,2585.78,2609.75,2576.84,2593.3,1113413,2593.3,0.0003240165711333,2527.0165,2438.0244,2590.6651,0.2569990212975742,2681.36329670694,2372.66970329306,57.02251394924566,47.883269027896404,45.354643327822956,2.528625700073448,80.09071428571431,0.0090062740335963,2592.46,-0.0070606239782964,2569.32,0.0183994269611624,2587.59,-0.0341894329947121,2478.55,-0.0068811065469145,2567.55,2576.702,22.265071749230376,0.2072317795450869,2593.3,2540.84,2555.346,37.76520715037568,0.29020338655231503,2593.3,2478.55,2527.0165,77.17339835347003,0.25699902129757357,2605.45,2322.66,2438.0244000000002,117.35536150565203,0.24184124561898146,2605.45,2247.5,2,12,4,1.0262299434922462,1.0636891082792022,0.012690394478073174,0.0029082133824211934,2645.56,0.02015192997339299
2019-12-19,GOOGL,2640.65,2683.37,2607.74,2645.56,1813728,2645.56,0.0201519299733929,2543.1615,2439.8068,2588.918,0.2586057096322128,2673.130481445205,2413.1925185547952,56.43665207232,51.865098888560624,46.65673443997049,5.208364448590132,81.06714285714285,0.0003240165711333,2593.3,0.0090062740335963,2592.46,-0.0070606239782964,2569.32,0.0251316293800811,2540.84,0.0040972911919923,2578.07,2597.6459999999997,28.482534648420383,0.18486107585750033,2645.56,2569.32,2562.0950000000003,47.14350839015933,0.30555429604236406,2645.56,2478.55,2543.1615,64.98449072260246,0.2586057096322122,2645.56,2374.06,2439.8068,119.8410244813291,0.23886319123017524,2645.56,2247.5,3,12,4,1.040264253764049,1.0843317593831265,0.02858752022255081,0.0018593906803241608,2688.21,0.016121350489121333
2019-12-20,GOOGL,2683.33,2745.78,2630.65,2688.21,2146540,2688.21,0.0161213504891213,2558.869,2442.2418,2587.7037,0.2546871651635273,2678.2938811068184,2439.444118893181,58.53583068439397,57.795990102601536,48.884585572496704,8.911404530104832,85.93714285714285,0.0201519299733929,2645.56,0.0003240165711333,2593.3,0.0090062740335963,2592.46,0.0183994269611624,2587.59,-0.0201701272657452,2526.07,2617.77,48.27229329541476,0.17747473298431696,2688.21,2569.32,2578.309,59.61063299072815,0.2827756941337025,2688.21,2478.55,2558.8689999999997,59.71244055340927,0.25468716516352663,2688.21,2424.34,2442.2418,123.6435249414987,0.24124250141383277,2688.21,2247.5,4,12,4,1.0505461592597938,1.100714106194931,0.042827755272079666,0.00181863579954694,2629.38,-0.021884450991552007
2019-12-23,GOOGL,2631.7,2674.84,2583.92,2629.38,990382,2629.38,-0.021884450991552,2569.121,2442.9612,2586.0258,0.2670184057693394,2674.2701319683315,2463.9718680316687,54.20630372347872,57.091064528387506,50.52588136367486,6.565183164712643,88.485,0.0161213504891213,2688.21,0.0201519299733929,2645.56,0.0003240165711333,2593.3,-0.0070606239782964,2569.32,-0.0020189464266628,2520.97,2629.782,39.95874772810817,0.26487438698449733,2688.21,2592.46,2589.1500000000005,57.85620239486264,0.31504809752237034,2688.21,2478.55,2569.121,52.574565984165694,0.2670184057693388,2688.21,2478.55,2442.9612,124.64163700819026,0.24562711661066086,2688.21,2247.5,0,12,4,1.0234551039047894,1.0763085389972316,0.034578493789397306,-0.0008815594482649343,2654.93,0.009717119625158643
2019-12-24,GOOGL,2657.23,2712.39,2597.46,2654.93,899149,2654.93,0.0097171196251586,2577.347,2444.8554,2584.348,0.2538726278264089,2682.310187752503,2472.3838122474963,58.22384519667367,57.92633862803859,52.00597281654761,5.920365811490981,93.34714285714283,-0.021884450991552,2629.38,0.0161213504891213,2688.21,0.0201519299733929,2645.56,0.0090062740335963,2592.46,0.0179772071861228,2566.29,2642.276,34.80587637165066,0.2656420166185345,2688.21,2593.3,2598.014,60.68569778420054,0.3077227443713561,2688.21,2478.55,2577.3469999999998,52.4815938762517,0.2538726278264082,2688.21,2478.55,2444.8554,127.15434076887496,0.2446074966749827,2688.21,2247.5,1,12,4,1.0301018838359637,1.0859251635082035,0.04328927693007219,-0.0008655630111052924,2646.92,-0.0030170286975550464
2019-12-25,GOOGL,2646.77,2686.31,2607.54,2646.92,1268536,2646.92,-0.003017028697555,2584.5285000000003,2447.565,2582.50695,0.2547453814023808,2687.797714299881,2481.25928570012,56.51063829637608,57.28165208357086,53.06110866995227,4.220543413618593,90.67499999999998,0.0097171196251586,2654.93,-0.021884450991552,2629.38,0.0161213504891213,2688.21,0.0003240165711333,2593.3,-0.0341894329947121,2478.55,2653.0,21.75829382094734,0.27027530084584506,2688.21,2629.38,2614.851,45.25248807155771,0.23078704929377677,2688.21,2540.84,2584.5285000000003,51.63460714994037,0.2547453814023801,2688.21,2478.55,2447.565,130.01354634680686,0.2405143523029026,2688.21,2247.5,2,12,4,1.0241403799567215,1.0814503394185317,0.029759116255863503,5.6672850304346155e-05,2651.16,0.0016018617865292128
2019-12-26,GOOGL,2631.79,2670.69,2631.62,2651.16,1673506,2651.16,0.0016018617865292,2590.706,2450.8014000000003,2580.6826,0.2534982478392621,2694.4195036429887,2486.9924963570115,63.00338884200908,56.46200704635521,53.74128834523286,2.720718701122351,88.27785714285713,-0.003017028697555,2646.92,0.0097171196251586,2654.93,-0.021884450991552,2629.38,0.0201519299733929,2645.56,0.0251316293800811,2540.84,2654.12,21.421095910309514,0.23053983527764843,2688.21,2629.38,2625.883,38.084342379044315,0.20715537729422057,2688.21,2569.32,2590.706,51.856751821494285,0.2534982478392616,2688.21,2478.55,2450.8014000000003,133.05320775508645,0.23942943666714314,2688.21,2247.5,3,12,4,1.0233349519393464,1.0817522790703962,0.014736945337129947,0.007360009727217039,2621.16,-0.011315801385054058
2019-12-27,GOOGL,2620.95,2634.98,2607.34,2621.16,1651291,2621.16,-0.011315801385054,2592.456,2453.523,2578.6037,0.2456639034346723,2697.024145979996,2487.8878540200044,59.9023503116515,52.78323093974632,53.549676864135556,-0.7664459243892381,86.32499999999995,0.0016018617865292,2651.16,-0.003017028697555,2646.92,0.0097171196251586,2654.93,0.0161213504891213,2688.21,0.0183994269611624,2587.59,2640.71,14.667535580274793,0.1926452352692037,2654.93,2621.16,2629.24,35.74137440620153,0.20435878666137028,2688.21,2569.32,2592.456,52.284072989997846,0.24566390343467165,2688.21,2478.55,2453.523,135.14401414862556,0.24103105926261284,2688.21,2247.5,4,12,4,1.0110721261996303,1.0683250167204186,0.010544949564310966,8.012361929832934e-05,2696.24,0.028643806558928064
2019-12-30,GOOGL,2678.4,2726.07,2666.41,2696.24,678856,2696.24,0.028643806558928,2596.9955,2458.572,2576.50115,0.2641121094386298,2711.362402550331,2482.628597449669,62.13012227971657,55.288768395368606,53.897495170382165,1.391273224986442,87.44428571428567,-0.011315801385054,2621.16,0.0016018617865292,2651.16,-0.003017028697555,2646.92,-0.021884450991552,2629.38,-0.0070606239782964,2569.32,2654.0819999999994,27.026405976353654,0.24117067598619238,2696.24,2621.16,2641.932,34.61653034798824,0.2388348932568398,2696.24,2592.46,2596.9955,57.18345127516539,0.2641121094386292,2696.24,2478.55,2458.5719999999997,139.42107080234786,0.24522604483927285,2696.24,2247.5,0,12,4,1.038215122051217,1.096669123376864,0.022127110346251887,0.006660692951012929,2742.23,0.017057086906210328
2019-12-31,GOOGL,2721.73,2794.22,2690.24,2742.23,2577871,2742.23,0.0170570869062103,2604.84,2464.5352000000003,2574.69525,0.2668403531178277,2736.1135036399355,2473.566496360064,76.69366268258008,60.29044283045323,55.17608470239638,5.11435812805685,85.26928571428569,0.028643806558928,2696.24,-0.011315801385054,2621.16,0.0016018617865292,2651.16,0.0097171196251586,2654.93,0.0090062740335963,2592.46,2671.542,47.87170166182489,0.25519529957276454,2742.23,2621.16,2656.909,42.36592222005147,0.24598987028777095,2742.23,2593.3,2604.8399999999997,65.63675181996793,0.26684035311782694,2742.23,2478.55,2464.5352000000003,145.050805979371,0.24746545116597893,2742.23,2247.5,1,12,4,1.0527441224792875,1.1126763375093556,0.03791804480293852,0.007531974148792301,2710.7,-0.011497941456406036
2020-01-01,GOOGL,2734.16,2767.1,2654.31,2710.7,928537,2710.7,-0.011497941456406,2611.9975000000004,2471.1578,2572.693,0.2696160572483287,2750.1405836983663,2473.8544163016345,68.33786759736422,61.00684937839196,56.3422376375955,4.66461174079646,86.5785714285714,0.0170570869062103,2742.23,0.028643806558928,2696.24,-0.011315801385054,2621.16,-0.003017028697555,2646.92,0.0003240165711333,2593.3,2684.298,48.16722869336402,0.2811049388202638,2742.23,2621.16,2668.649,38.90577376459893,0.2600355162223366,2742.23,2621.16,2611.9975000000004,69.07154184918298,0.269616057248328,2742.23,2478.55,2471.1578,148.6079736275052,0.24071389904288562,2742.23,2247.5,2,1,1,1.0377881295824218,1.096935209883765,0.041609178440977744,-0.008580331802086,2654.15,-0.020861770022503334
2020-01-02,GOOGL,2659.73,2683.12,2625.18,2654.15,1079281,2654.15,-0.0208617700225033,2615.8015000000005,2477.482,2570.67185,0.2823450417656303,2754.200640288664,2477.402359711337,57.03683342327037,56.36179069796344,56.34614824966909,0.015642448294350686,84.41357142857139,-0.011497941456406,2710.7,0.0170570869062103,2742.23,0.028643806558928,2696.24,0.0016018617865292,2651.16,0.0201519299733929,2645.56,2684.8959999999997,47.668948278715284,0.33731507350347034,2742.23,2621.16,2669.508,38.43128551930838,0.2723818687692331,2742.23,2621.16,2615.8015000000005,69.1995701443317,0.2823450417656296,2742.23,2478.55,2477.482,149.54840518667314,0.2422817775435023,2742.23,2247.5,3,1,1,1.014660324951639,1.0713094989182277,0.021829964395372613,-0.0020979573114556097,2638.54,-0.005881355612908146
2020-01-03,GOOGL,2646.96,2677.89,2599.2,2638.54,836323,2638.54,-0.0058813556129081,2621.425,2482.9764,2568.7795,0.272098444349072,2753.4663427282658,2489.3836572717346,57.3594454350535,50.834957934687736,55.24391018667283,-4.408952251985092,84.02714285714283,-0.0208617700225033,2654.15,-0.011497941456406,2710.7,0.0170570869062103,2742.23,-0.011315801385054,2621.16,0.0161213504891213,2688.21,2688.3720000000003,42.17671952628421,0.32748156667475165,2742.23,2638.54,2664.541,38.95184304582508,0.2590176035228591,2742.23,2621.16,2621.425,66.02067136413272,0.27209844434907127,2742.23,2478.55,2482.9764,150.3317933671364,0.24224248476842924,2742.23,2247.5,4,1,1,1.0065288917283512,1.0626520654803393,0.02982331137673495,-0.0031810076465065176,2657.67,0.007250221713523519
2020-01-06,GOOGL,2652.45,2693.35,2622.0,2657.67,3531254,2657.67,0.0072502217135235,2628.26,2488.3816,2566.9551,0.2721272192369988,2752.3177118670737,2504.2022881329267,56.99272953267872,47.45154243144134,53.68543663562654,-6.233894204185198,84.01642857142853,-0.0058813556129081,2638.54,-0.0208617700225033,2654.15,-0.011497941456406,2710.7,0.028643806558928,2696.24,-0.021884450991552,2629.38,2680.6580000000004,43.87106415393652,0.23900051585600224,2742.23,2638.54,2667.37,37.097614478560885,0.23583973253421145,2742.23,2621.16,2628.26,62.02885593353667,0.2721272192369982,2742.23,2478.55,2488.3816,151.6781544595157,0.2418755974267496,2742.23,2247.5,0,1,1,1.011189912717535,1.068031526996877,0.026846824474059255,0.0019679918565847754,2668.63,0.004123913051657935
2020-01-07,GOOGL,2690.46,2703.89,2633.38,2668.63,1322005,2668.63,0.0041239130516579,2633.377,2494.2914,2564.912,0.2662481283702281,2755.092615587748,2511.6613844122526,57.90633724299274,45.13426199520609,51.97520170754245,-6.840939712336365,86.70214285714282,0.0072502217135235,2657.67,-0.0058813556129081,2638.54,-0.0208617700225033,2654.15,0.0170570869062103,2742.23,0.0097171196251586,2654.93,2665.938,27.24358034471163,0.1822481331493081,2710.7,2638.54,2668.74,36.83923331329037,0.23180054156267804,2742.23,2621.16,2633.377,60.857807793873754,0.2662481283702275,2742.23,2478.55,2494.2914,152.84842678768138,0.241168287012317,2742.23,2247.5,1,1,1,1.0133869932026394,1.0698950411322952,0.026421796951984104,-0.008113854136464326,2723.42,0.02053113395262729
2020-01-08,GOOGL,2730.93,2749.64,2697.2,2723.42,853791,2723.42,0.0205311339526272,2645.6205,2502.051,2563.20165,0.236546864149907,2749.754076864217,2541.4869231357825,58.12870625404286,47.17509057655752,51.01517948134547,-3.8400889047879474,86.05499999999996,0.0041239130516579,2668.63,0.0072502217135235,2657.67,-0.0058813556129081,2638.54,-0.011497941456406,2710.7,-0.003017028697555,2646.92,2668.482,32.546254315954364,0.24535926157829757,2723.42,2638.54,2676.3900000000003,39.641065968400184,0.25084247336869636,2742.23,2621.16,2645.6205,52.0667884321088,0.23654686414990625,2742.23,2540.84,2502.051,154.45922884868494,0.24077617243415605,2742.23,2247.5,2,1,1,1.0294069009515805,1.088475015097179,0.01925520118086112,-0.00274997894490046,2758.81,0.012994690499445571
2020-01-09,GOOGL,2773.66,2780.13,2737.49,2758.81,1695352,2758.81,0.0129946904994455,2656.519,2511.2674,2561.72185,0.2264363884679075,2760.102602014631,2552.935397985369,57.48420472203541,51.0595563815873,51.024054861393836,0.03550152019346342,81.88214285714282,0.0205311339526272,2723.42,0.0041239130516579,2668.63,0.0072502217135235,2657.67,-0.0208617700225033,2654.15,0.0016018617865292,2651.16,2689.4139999999998,50.000082299920926,0.1567606395325611,2758.81,2638.54,2687.1549999999997,46.116251955730334,0.25558377428305135,2758.81,2621.16,2656.5190000000002,51.79180100731531,0.22643638846790679,2758.81,2569.32,2511.2674,155.77732710520047,0.23765440162023563,2758.81,2247.5,3,1,1,1.0385056534506103,1.0985727764390607,0.015455939336157572,-0.005353936675726137,2802.7,0.01590903324259374
2020-01-10,GOOGL,2795.34,2827.74,2777.67,2802.7,1632276,2802.7,0.0159090332425937,2667.2745,2521.623,2560.55645,0.2245326035053445,2784.4962731661662,2550.0527268338337,68.97442634225425,57.02226256636504,52.22369640238808,4.798566163976965,79.35642857142852,0.0129946904994455,2758.81,0.0205311339526272,2723.42,0.0041239130516579,2668.63,-0.0058813556129081,2638.54,-0.011315801385054,2621.16,2722.246,60.94236153940045,0.10455278026115196,2802.7,2657.67,2705.309,52.535710701282696,0.24595040291488934,2802.7,2638.54,2667.2745,58.61088658308309,0.22453260350534382,2802.7,2569.32,2521.623,157.62265056916405,0.23817864659432342,2802.7,2247.5,4,1,1,1.0507729894313274,1.1114667021988966,0.01786491597387585,0.002632953415325878,2818.17,0.005519677453883931
2020-01-13,GOOGL,2844.09,2844.09,2800.96,2818.17,1113191,2818.17,0.0055196774538839,2679.717,2531.8016,2559.5936500000003,0.2206491760302182,2805.663969809599,2553.7700301904,68.27422532474515,62.278146186160484,54.23458635914256,8.043559827017923,74.22785714285712,0.0159090332425937,2802.7,0.0129946904994455,2758.81,0.0205311339526272,2723.42,0.0072502217135235,2657.67,0.028643806558928,2696.24,2754.346,60.69429487191649,0.11024147709189916,2818.17,2668.63,2717.5019999999995,63.253172217332796,0.21381025698993636,2818.17,2638.54,2679.7169999999996,62.97348490479971,0.22064917603021755,2818.17,2592.46,2531.8016000000002,160.04167112145123,0.23774352130620885,2818.17,2247.5,0,1,1,1.0516670230471905,1.1131085468935984,0.015304257727527014,-0.009113635644438452,2756.96,-0.021719768502254988
2020-01-14,GOOGL,2774.63,2781.67,2732.25,2756.96,1679614,2756.96,-0.0217197685022549,2687.942,2540.0522,2558.2494500000003,0.2389390887390944,2811.3559126508803,2564.52808734912,61.00752240546153,60.80343225652905,55.54835553861986,5.255076717909191,74.7385714285714,0.0055196774538839,2818.17,0.0159090332425937,2802.7,0.0129946904994455,2758.81,0.0041239130516579,2668.63,0.0170570869062103,2742.23,2772.012,38.19146593153021,0.26619898074823345,2818.17,2723.42,2718.975,64.05937926816208,0.23742435424103064,2818.17,2638.54,2687.942,61.70695632544018,0.23893908873909367,2818.17,2593.3,2540.0522,160.81666941075224,0.24325379821400603,2818.17,2247.5,1,1,1,1.0256768933254417,1.0853950166846629,0.017925541175781348,-0.006368416689790604,2749.09,-0.0028545934652660643
2020-01-15,GOOGL,2768.55,2768.55,2734.84,2749.09,862607,2749.09,-0.002854593465266,2695.7315,2548.5038,2557.22,0.2397096317018419,2813.532102496043,2577.9308975039567,59.72550499367163,58.32730673038941,56.10414577697377,2.2231609534156362,74.35571428571426,-0.0217197685022549,2756.96,0.0055196774538839,2818.17,0.0159090332425937,2802.7,0.0205311339526272,2723.42,-0.011497941456406,2710.7,2777.1459999999997,31.091792003666388,0.2398210103285469,2818.17,2749.09,2722.8140000000003,64.65592268135842,0.22886548820824687,2818.17,2638.54,2695.7315,58.90030124802152,0.2397096317018412,2818.17,2621.16,2548.5038,160.46889903883095,0.24237548116251587,2818.17,2247.5,2,1,1,1.0197936997801822,1.0787074361038511,0.012262239504704384,-0.007028950172470429,2796.88,0.017383934320084116
2020-01-16,GOOGL,2778.54,2845.95,2747.81,2796.88,985263,2796.88,0.0173839343200841,2703.2975,2558.7496,2556.1195,0.2372762803531379,2826.8285459806048,2579.7664540193946,66.85531212650892,59.53493138392241,56.79030289836351,2.7446284855589056,78.23571428571427,-0.002854593465266,2749.09,-0.0217197685022549,2756.96,0.0055196774538839,2818.17,0.0129946904994455,2758.81,-0.0208617700225033,2654.15,2784.7599999999998,30.125383814970487,0.254130575494384,2818.17,2749.09,2737.0870000000004,63.55866687120253,0.20333317214720784,2818.17,2638.54,2703.2974999999997,61.765522990302486,0.23727628035313728,2818.17,2621.16,2558.7496,159.62676699944063,0.23925364474758612,2818.17,2247.5,3,1,1,1.034617906463852,1.0930651440058483,0.03508909928204456,0.006600588798431387,2795.33,-0.0005541889534053102
2020-01-17,GOOGL,2782.53,2827.0,2763.67,2795.33,536995,2795.33,-0.0005541889534053,2708.6535,2568.7558000000004,2555.1669,0.2322745445118048,2838.5548637585284,2578.752136241472,61.06582091694789,59.67896857533515,57.36803603375784,2.3109325415773085,75.26571428571424,0.0173839343200841,2796.88,-0.002854593465266,2749.09,-0.0217197685022549,2756.96,0.0159090332425937,2802.7,-0.0058813556129081,2638.54,2783.286,29.194061553666725,0.22616050312066002,2818.17,2749.09,2752.766,55.357186264397505,0.19676438159511073,2818.17,2657.67,2708.6535,64.95068187926421,0.23227454451180407,2818.17,2621.16,2568.7558000000004,158.43400185321434,0.239485633837219,2818.17,2247.5,4,1,1,1.0319998478945231,1.0882038689699158,0.022655643519719416,0.004600130097427566,2818.69,0.008356795083228175
2020-01-20,GOOGL,2806.61,2887.65,2749.74,2818.69,706622,2818.69,0.0083567950832281,2718.119,2579.8176,2554.15355,0.2151018147025312,2851.247398789365,2584.990601210635,58.99317807380403,60.97519180421659,58.08946718784959,2.885724616367,77.68928571428569,-0.0005541889534053,2795.33,0.0173839343200841,2796.88,-0.002854593465266,2749.09,0.0055196774538839,2818.17,0.0072502217135235,2657.67,2783.3900000000003,29.349908858449353,0.2317034403587311,2818.69,2749.09,2768.868,47.48068982930639,0.19706173552941195,2818.69,2668.63,2718.119,66.56419939468272,0.21510181470253048,2818.69,2621.16,2579.8176,156.12729033054734,0.23650838899228405,2818.69,2247.5,0,1,1,1.0370002196368013,1.0925927476418904,0.048926983811611556,0.004304124905133104,2805.12,-0.004814293164555172
2020-01-21,GOOGL,2792.26,2830.01,2780.22,2805.12,2472856,2805.12,-0.0048142931645551,2725.6285,2590.97,2553.3722,0.2157769193878389,2860.679003344838,2590.5779966551618,61.59551996644314,60.21337021084173,58.51424779244802,1.6991224183937135,73.18928571428572,0.0083567950832281,2818.69,-0.0005541889534053,2795.33,0.0173839343200841,2796.88,-0.0217197685022549,2756.96,0.0041239130516579,2668.63,2793.022,26.246140097151986,0.14684923812390738,2818.69,2749.09,2782.5170000000003,32.81825713092142,0.20437750495176954,2818.69,2723.42,2725.6285,67.52525167241892,0.21577691938783813,2818.69,2621.16,2590.97,151.75962407030082,0.23575329145647403,2818.69,2287.64,1,1,1,1.0291644661034953,1.0826524429070647,0.017749686287924463,0.004605588304812254,2760.03,-0.016074178644763792
2020-01-22,GOOGL,2779.64,2792.92,2727.14,2760.03,2313804,2760.03,-0.0160741786447637,2731.284,2600.2448,2552.2020500000003,0.225249708744092,2861.855435805964,2600.712564194036,63.37949858247242,55.33338611106501,57.878075456171416,-2.5446893451064057,72.6507142857143,-0.0048142931645551,2805.12,0.0083567950832281,2818.69,-0.0005541889534053,2795.33,-0.002854593465266,2749.09,0.0205311339526272,2723.42,2795.21,21.73680174265147,0.2023931710683057,2818.69,2760.03,2786.178,27.023698570784433,0.20941318680672139,2818.69,2749.09,2731.2839999999997,65.28571790298196,0.22524970874409117,2818.69,2621.16,2600.2448,147.49348493726296,0.23686787808125723,2818.69,2287.64,2,1,1,1.010524720241099,1.0614500603939054,0.02383307427816957,-0.007054870414871213,2755.33,-0.0017028800411590383
2020-01-23,GOOGL,2729.54,2788.83,2721.84,2755.33,1231997,2755.33,-0.001702880041159,2736.4925,2608.8012000000003,2550.84245,0.2256692048794674,2861.811511516124,2611.173488483876,65.17659900482761,50.504528071512595,56.40336597923965,-5.8988379077270565,71.81499999999998,-0.0160741786447637,2760.03,-0.0048142931645551,2805.12,0.0083567950832281,2818.69,0.0173839343200841,2796.88,0.0129946904994455,2758.81,2786.9,27.98347369429485,0.1399430806558352,2818.69,2755.33,2785.8300000000004,27.434575103530996,0.1994153634329802,2818.69,2749.09,2736.4925,62.65950575806191,0.22566920487946657,2818.69,2621.16,2608.8012000000003,143.7095019033396,0.2361011286974046,2818.69,2287.64,3,1,1,1.0068838120327366,1.0561671008120295,0.024312877223408982,0.009448478498205015,2769.74,0.005229863573510185
2020-01-24,GOOGL,2746.26,2784.06,2746.26,2769.74,2333791,2769.74,0.0052298635735101,2743.9214999999995,2617.5152,2549.45745,0.2202745510057394,2857.5210454541007,2630.3219545458983,64.74411261437592,47.29520022774386,54.5817328289405,-7.28653260119664,69.41857142857141,-0.001702880041159,2755.33,-0.0160741786447637,2760.03,-0.0048142931645551,2805.12,-0.0005541889534053,2795.33,0.0159090332425937,2802.7,2781.782,28.39335432806885,0.15172970450226567,2818.69,2755.33,2782.534,27.16116148719525,0.181915800192439,2818.69,2749.09,2743.9214999999995,56.79977272705065,0.2202745510057387,2818.69,2638.54,2617.5152,139.8672487555569,0.23612777282277203,2818.69,2287.64,4,1,1,1.009409343524948,1.0581562238870443,0.013647490378153214,0.008549809559179033,2741.58,-0.010167019287008805
2020-01-27,GOOGL,2729.19,2801.31,2681.86,2741.58,1125572,2741.58,-0.0101670192870088,2746.1885,2626.594,2548.168,0.202353872157139,2857.5695348167587,2634.8074651832408,59.18187539124341,41.99541117376248,52.064468497904905,-10.069057324142427,72.9142857142857,0.0052298635735101,2769.74,-0.001702880041159,2755.33,-0.0160741786447637,2760.03,0.0083567950832281,2818.69,0.0055196774538839,2818.17,2766.3599999999997,23.924570006568295,0.12887041607410607,2805.12,2741.58,2774.875,26.791916380383785,0.18291835111569807,2818.69,2741.58,2746.1884999999997,55.6905174083796,0.2023538721571382,2818.69,2638.54,2626.594,132.5597834325076,0.23214730572514194,2818.69,2296.02,0,1,1,0.9983218559101101,1.0437776070450766,0.04356976633910236,0.004539808514612516,2732.01,-0.003490687851530727
2020-01-28,GOOGL,2715.61,2747.42,2715.61,2732.01,1088670,2732.01,-0.0034906878515307,2745.6775,2635.3138,2546.7666,0.1935630201737499,2857.2286481221886,2634.126351877812,51.22006646957057,36.60115580470347,48.97180595926462,-12.370650154561154,69.39999999999999,-0.0101670192870088,2741.58,0.0052298635735101,2769.74,-0.001702880041159,2755.33,-0.0048142931645551,2805.12,-0.0217197685022549,2756.96,2751.7380000000003,14.98424739515169,0.12965797540035717,2769.74,2732.01,2772.38,29.65443905312813,0.14969503717984278,2818.69,2732.01,2745.6775000000002,55.77557406109424,0.1935630201737491,2818.69,2638.54,2635.3138,124.4632829209853,0.23271300881930712,2818.69,2322.66,1,1,1,0.9950221757649998,1.0366924804169293,0.011643442007894663,0.006039158789367417,2691.98,-0.014652215767877896
2020-01-29,GOOGL,2677.54,2756.06,2627.9,2691.98,1227434,2691.98,-0.0146522157678778,2744.7415,2642.433,2545.44345,0.1963271499954231,2857.8319180919875,2631.6510819080127,40.63139596666713,28.76450381122686,44.930345529657075,-16.165841718430215,74.5035714285714,-0.0034906878515307,2732.01,-0.0101670192870088,2741.58,0.0052298635735101,2769.74,-0.0160741786447637,2760.03,-0.002854593465266,2749.09,2738.1279999999997,29.471221046964367,0.12236070931043,2769.74,2691.98,2766.669,38.74425045517664,0.16500919913625156,2818.69,2691.98,2744.7415,56.545209045993744,0.19632714999542222,2818.69,2638.54,2642.433,116.9479615696912,0.23404403966078438,2818.69,2322.66,2,1,1,0.9807772425924333,1.0187505227186389,0.047608080297755644,0.005393010001716001,2741.37,0.018347090245841358
2020-01-30,GOOGL,2757.7,2803.99,2678.75,2741.37,1141511,2741.37,0.0183470902458413,2749.1025,2650.8072,2544.4229,0.1910544083766278,2853.907113573668,2644.2978864263323,41.532981747296965,26.23681915752104,41.19164025522987,-14.95482109770883,78.52571428571426,-0.0146522157678778,2691.98,-0.0034906878515307,2732.01,-0.0101670192870088,2741.58,-0.001702880041159,2755.33,0.0173839343200841,2796.88,2735.3360000000002,28.061703975329465,0.20845344576341485,2769.74,2691.98,2761.1179999999995,37.90228864388737,0.16822465446132956,2818.69,2691.98,2749.1025,52.40230678683389,0.19105440837662688,2818.69,2638.54,2650.8072,108.25064049468736,0.2356914856462479,2818.69,2374.06,3,1,1,0.9971872638430188,1.0341642349541549,0.04568518660376166,-0.005921601334443198,2729.23,-0.004428442712950065
2020-01-31,GOOGL,2732.67,2772.1,2686.35,2729.23,1101026,2729.23,-0.00442844271295,2753.637,2657.9106,2543.093,0.1903594144136691,2845.327152625193,2661.9468473748075,37.60729015570586,22.989011304531687,37.55111446509023,-14.562103160558543,81.56999999999996,0.0183470902458413,2741.37,-0.0146522157678778,2691.98,-0.0034906878515307,2732.01,0.0052298635735101,2769.74,-0.0005541889534053,2795.33,2727.234,20.465048985990336,0.201588386187861,2741.58,2691.98,2754.5080000000003,37.02658798455338,0.1684472576339848,2818.69,2691.98,2753.637,45.845076312596326,0.19035941441366816,2818.69,2657.67,2657.9106,101.13943350561429,0.2323719465374533,2818.69,2424.34,4,1,1,0.9911364497205001,1.026832881436634,0.031419118212817745,-0.0012588420848469795,2794.17,0.023794256988234785
2020-02-03,GOOGL,2766.55,2838.52,2749.82,2794.17,1895875,2794.17,0.0237942569882347,2760.462,2665.3072,2541.89155,0.2051707797345176,2841.812826890693,2679.1111731093065,55.13142289551856,25.362848327921256,35.11346123765644,-9.750612909735182,83.23928571428567,-0.00442844271295,2729.23,0.0183470902458413,2741.37,-0.0146522157678778,2691.98,-0.0101670192870088,2741.58,0.0083567950832281,2818.69,2737.752,36.73129347026912,0.259957951306517,2794.17,2691.98,2752.056,32.88420093466161,0.20887084625529936,2805.12,2691.98,2760.462,40.675413445346855,0.20517077973451667,2818.69,2668.63,2665.3072,97.15398883783351,0.23350157507970254,2818.69,2478.55,0,2,1,1.0122109994627666,1.0483481979109017,0.03174466836304451,0.009983553523337697,2864.13,0.025037846659294205
2020-02-04,GOOGL,2860.09,2915.9,2812.36,2864.13,1274272,2864.13,0.0250378466592942,2770.237,2672.7816000000003,2541.0321,0.2201341570141247,2852.1075286220403,2688.36647137796,63.54495360785186,32.514511541939555,34.593671298513065,-2.0791597565735103,89.52642857142853,0.0237942569882347,2794.17,-0.00442844271295,2729.23,0.0183470902458413,2741.37,-0.0034906878515307,2732.01,-0.0048142931645551,2805.12,2764.1760000000004,66.79079487473678,0.28632271001672366,2864.13,2691.98,2757.957,46.10243595637022,0.2436520198083062,2864.13,2691.98,2770.237,40.935264311020184,0.2201341570141239,2864.13,2691.98,2672.7816000000003,97.79759630116452,0.23236615818632037,2864.13,2478.55,1,2,1,1.033893489979004,1.0715914835686269,0.036150593723037645,0.0014125429619342576,2861.2,-0.0010229982577607544
2020-02-05,GOOGL,2855.93,2897.65,2824.75,2861.2,1595702,2861.2,-0.0010229982577607,2777.126,2679.9398,2540.3888500000003,0.2113074230433144,2865.3499863315005,2688.9020136685,58.46761453181,37.51339854389789,35.17761674759004,2.335781796307856,87.7235714285714,0.0250378466592942,2864.13,0.0237942569882347,2794.17,-0.00442844271295,2729.23,-0.0146522157678778,2691.98,-0.0160741786447637,2760.03,2798.02,63.87165568543935,0.22284760081880287,2864.13,2729.23,2768.0739999999996,56.529436029186606,0.22289312399353917,2864.13,2691.98,2777.126,44.11199316575027,0.21130742304331357,2864.13,2691.98,2679.9397999999997,98.23609855416025,0.23247155326554048,2864.13,2478.55,2,2,1,1.0302737434307876,1.0676359222691987,0.025478820075483927,0.0018452833227698637,2816.17,-0.015738151824409297
2020-02-06,GOOGL,2794.43,2866.71,2765.64,2816.17,1812802,2816.17,-0.0157381518244092,2779.994,2685.711,2539.36115,0.2170158828454474,2869.431941413143,2690.5560585868566,52.461727459992304,37.41026558481781,35.62414651503559,1.7861190697822167,90.4192857142857,-0.0010229982577607,2861.2,0.0250378466592942,2864.13,0.0237942569882347,2794.17,0.0183470902458413,2741.37,-0.001702880041159,2755.33,2812.98,55.49672422764594,0.2871252437177509,2864.13,2729.23,2774.158,58.253144273746415,0.2426677896941782,2864.13,2691.98,2779.9939999999997,44.71897070657154,0.21701588284544648,2864.13,2691.98,2685.7110000000002,97.57834987478287,0.23556947927141214,2864.13,2478.55,3,2,1,1.0130129777254868,1.0485752190012074,0.03588916862262018,0.007779761883458329,2724.47,-0.032561954711541
2020-02-07,GOOGL,2734.07,2740.54,2708.41,2724.47,1401573,2724.47,-0.032561954711541,2776.0825,2688.4772000000003,2537.86615,0.2401688275066253,2868.143459180716,2684.0215408192844,40.41739554825708,29.588035880868574,34.41692438820219,-4.828888507333616,88.26571428571427,-0.0157381518244092,2816.17,-0.0010229982577607,2861.2,0.0250378466592942,2864.13,-0.00442844271295,2729.23,0.0052298635735101,2769.74,2812.028,57.303952045207005,0.39702371543704484,2864.13,2724.47,2769.6310000000003,60.355705511392294,0.29775678299497516,2864.13,2691.98,2776.0825,46.030479590357906,0.24016882750662455,2864.13,2691.98,2688.4772000000003,96.65470302313084,0.2432474557268667,2864.13,2478.55,4,2,1,0.981408153395664,1.0133878018377787,0.011793119395694692,-0.003511248797579013,2661.78,-0.023009979922700374
2020-02-10,GOOGL,2672.54,2677.97,2645.59,2661.78,814006,2661.78,-0.0230099799227003,2768.263,2689.6038,2536.60465,0.2505423137068557,2871.196916685516,2665.3290833144843,36.74594074691269,18.121411060043556,31.157821722570464,-13.036410662526908,90.34357142857137,-0.032561954711541,2724.47,-0.0157381518244092,2816.17,-0.0010229982577607,2861.2,0.0237942569882347,2794.17,-0.0101670192870088,2741.58,2785.55,89.28200070562508,0.35655871630133396,2864.13,2661.78,2761.6510000000003,69.116227625003,0.31473396438429685,2864.13,2661.78,2768.263,51.46695834275792,0.25054231370685504,2864.13,2661.78,2689.6038,95.99321961365676,0.24874380159888804,2864.13,2478.55,0,2,1,0.9615343628835261,0.9896550562573605,0.012164791981301042,-0.004026132443292051,2604.62,-0.021474351749581233
2020-02-11,GOOGL,2616.12,2641.46,2567.78,2604.62,698496,2604.62,-0.0214743517495812,2760.646,2689.9894,2534.86975,0.2502970234368458,2886.986399072921,2634.3056009270795,35.94363343553259,4.371304308000617,25.800518239656498,-21.42921393165588,91.48785714285707,-0.0230099799227003,2661.78,-0.032561954711541,2724.47,-0.0157381518244092,2816.17,0.0250378466592942,2864.13,-0.0034906878515307,2732.01,2733.6479999999997,106.0387465504896,0.18438648760173282,2861.2,2604.62,2748.912,85.08218325047126,0.32852809226515606,2864.13,2604.62,2760.646,63.17019953646036,0.25029702343684507,2864.13,2604.62,2689.9894,95.60378315053069,0.2529759694748107,2864.13,2478.55,1,2,1,0.9434820690516119,0.9682640385122081,0.028288195590900612,-0.004395822821581428,2663.43,0.022579109428630728
2020-02-12,GOOGL,2675.6,2706.02,2620.83,2663.43,1273582,2663.43,0.0225791094286307,2756.3630000000003,2691.907,2533.4306,0.2659102626017698,2889.9527378819894,2622.773262118011,42.42898569730111,-1.7599907747448924,20.28841643677622,-22.048407211521113,93.94571428571423,-0.0214743517495812,2604.62,-0.0230099799227003,2661.78,-0.032561954711541,2724.47,-0.0010229982577607,2861.2,-0.0146522157678778,2691.98,2694.094,80.33573818667992,0.33885993676804504,2816.17,2604.62,2746.057,87.64525125628816,0.34906035112450035,2864.13,2604.62,2756.3630000000003,66.79486894099449,0.26591026260176914,2864.13,2604.62,2691.907,94.04669051560822,0.25729975964783475,2864.13,2478.55,2,2,1,0.9662841940626229,0.9894212541514288,0.031985071880983575,-0.00454851248317967,2669.09,0.0021250793150187075
2020-02-13,GOOGL,2642.4,2729.83,2608.35,2669.09,1120549,2669.09,0.0021250793150187,2749.9735,2693.7274,2531.72905,0.2569425485472132,2887.567847233221,2612.3791527667786,41.58683986060451,-6.092145146984876,15.012304120024002,-21.104449267008878,99.92285714285711,0.0225791094286307,2663.43,-0.0214743517495812,2604.62,-0.0230099799227003,2661.78,-0.0157381518244092,2816.17,0.0183470902458413,2741.37,2664.678,42.460182171048324,0.3564950217960286,2724.47,2604.62,2738.829,90.99128278760237,0.3332227103093613,2864.13,2604.62,2749.9735,68.79717361661078,0.2569425485472125,2864.13,2604.62,2693.7273999999998,92.66907107507977,0.25721032179213354,2864.13,2478.55,3,2,1,0.9705875347522547,0.9908537886940635,0.045513639480105395,0.010100666061152723,2686.51,0.006526568980439018
2020-02-14,GOOGL,2710.9,2710.9,2667.46,2686.51,1242689,2686.51,0.006526568980439,2744.5325000000003,2696.9362,2530.37195,0.2587709532415228,2883.177282751536,2605.8877172484645,45.31263299348967,-8.027227402762492,10.404397815466703,-18.431625218229193,94.49357142857141,0.0021250793150187,2669.09,0.0225791094286307,2663.43,-0.0214743517495812,2604.62,-0.032561954711541,2724.47,-0.00442844271295,2729.23,2657.0860000000002,30.922600634464338,0.3086769136234065,2686.51,2604.62,2734.557,92.48264642623546,0.33594671018549316,2864.13,2604.62,2744.5325000000003,69.32239137576778,0.25877095324152216,2864.13,2604.62,2696.9362,89.46764860266316,0.25295181463293126,2864.13,2478.55,4,2,1,0.9788588766935794,0.9961340576017349,0.016169677388129536,-0.00899701206241133,2593.45,-0.034639737056627484
2020-02-17,GOOGL,2609.75,2649.09,2537.81,2593.45,1192318,2593.45,-0.0346397370566274,2733.2705,2698.3858,2529.27865,0.2803690067857731,2882.722987852404,2583.8180121475957,39.67388064067929,-16.875428857827046,4.948432480807954,-21.823861338634998,102.84285714285716,0.006526568980439,2686.51,0.0021250793150187,2669.09,0.0225791094286307,2663.43,-0.0230099799227003,2661.78,0.0237942569882347,2794.17,2643.42,41.58887471426089,0.363223811139139,2686.51,2593.45,2714.4849999999997,99.61368873469844,0.3413893864565853,2864.13,2593.45,2733.2704999999996,74.72624392620207,0.28036900678577237,2864.13,2593.45,2698.3858,87.11460551620901,0.2654815921321072,2864.13,2478.55,0,2,1,0.9488449825946795,0.9611116394101388,0.04290809539414961,-0.00624580898553269,2544.91,-0.018716381653781644
2020-02-18,GOOGL,2565.47,2568.32,2521.49,2544.91,3372826,2544.91,-0.0187163816537816,2720.26,2697.9582,2527.8759,0.2852011885590589,2887.609671237107,2552.9103287628936,39.17695715445524,-27.487604597746213,-1.5387749349028796,-25.948829662843334,98.82857142857145,-0.0346397370566274,2593.45,0.006526568980439,2686.51,0.0021250793150187,2669.09,-0.0214743517495812,2604.62,0.0250378466592942,2864.13,2631.478,60.008877009975905,0.3557834790267563,2686.51,2544.91,2682.5629999999996,97.45534396726417,0.2928417672186722,2861.2,2544.91,2720.26,83.67483561855326,0.2852011885590582,2864.13,2544.91,2697.9581999999996,87.82579567809,0.2659838046522133,2864.13,2478.55,1,2,1,0.9355392499242955,0.9432725829477479,0.018401436593035503,-0.008014126066565555,2581.99,0.014570259852018319
2020-02-19,GOOGL,2556.97,2615.25,2548.73,2581.99,704850,2581.99,0.0145702598520183,2711.358,2700.027,2526.5886,0.2897030369519793,2888.457503473431,2534.2584965265683,38.054622855659005,-32.530789526768785,-7.737177853276061,-24.793611673492723,94.90714285714292,-0.0187163816537816,2544.91,-0.0346397370566274,2593.45,0.006526568980439,2686.51,0.0225791094286307,2663.43,-0.0010229982577607,2861.2,2615.19,60.2202175352955,0.3202566130352246,2686.51,2544.91,2654.6420000000003,78.80060967051205,0.31798408792096133,2816.17,2544.91,2711.3579999999997,88.54975173671575,0.28970303695197863,2864.13,2544.91,2700.027,83.6720782737759,0.2561206076475887,2864.13,2540.84,2,2,1,0.9522866401261093,0.9562830297619407,0.02576307421793819,0.009785018987313187,2594.57,0.004872210969058877
2020-02-20,GOOGL,2617.08,2623.97,2565.17,2594.57,541367,2594.57,0.0048722109690588,2703.32,2701.1016000000004,2525.73935,0.2910814478549922,2886.50459105506,2520.13540894494,39.91401521876869,-35.10774877854692,-13.211292038330233,-21.896456740216685,92.98214285714289,0.0145702598520183,2581.99,-0.0187163816537816,2544.91,-0.0346397370566274,2593.45,0.0021250793150187,2669.09,-0.0157381518244092,2816.17,2600.286,52.237981201403684,0.3252173858786269,2686.51,2544.91,2632.482,56.265757457108144,0.324399200088282,2724.47,2544.91,2703.32,91.59229552753,0.2910814478549915,2864.13,2544.91,2701.1016000000004,81.91244168934304,0.2502528942882351,2864.13,2544.91,3,2,1,0.9597716881460723,0.960559943394591,0.022662714823642092,-0.008601189111525503,2589.17,-0.002081269728702706
2020-02-21,GOOGL,2605.21,2622.83,2555.5,2589.17,1370632,2589.17,-0.0020812697287027,2694.2915000000003,2701.1332,2525.0741,0.289545633580367,2881.4487112901456,2507.134288709855,33.1420019070689,-37.15741487291962,-18.00051660524811,-19.156898267671508,89.98500000000003,0.0048722109690588,2594.57,0.0145702598520183,2581.99,-0.0187163816537816,2544.91,0.006526568980439,2686.51,-0.032561954711541,2724.47,2580.818,20.671229281251453,0.3106144820231891,2594.57,2544.91,2618.9519999999998,47.22998971933788,0.2944078473679654,2686.51,2544.91,2694.2915000000003,93.57860564507278,0.2895456335803664,2864.13,2544.91,2701.1332,81.86805049341079,0.24693822022175893,2864.13,2544.91,4,2,1,0.9609836203688572,0.9585495450572528,0.026004472475725394,-0.006156893302265002,2613.38,0.00935048683554962
2020-02-24,GOOGL,2631.01,2634.32,2592.45,2613.38,1032262,2613.38,0.0093504868355496,2687.8815000000004,2702.0144,2523.9126,0.2916038369341806,2876.9906914351936,2498.772308564807,27.70199370340264,-36.40855024745133,-21.682123333688754,-14.726426913762577,84.51500000000003,-0.0020812697287027,2589.17,0.0048722109690588,2594.57,0.0145702598520183,2581.99,-0.0346397370566274,2593.45,-0.0230099799227003,2661.78,2584.804,25.15191006659517,0.20473071560789483,2613.38,2544.91,2614.112,44.76928629714143,0.2833580640944213,2686.51,2544.91,2687.8815000000004,94.55459571759658,0.2916038369341799,2864.13,2544.91,2702.0144,80.64834039715974,0.24722848525915833,2864.13,2544.91,0,2,1,0.9722824462309917,0.9671969179731362,0.016021397577078083,-0.006700848723491514,2683.42,0.026800541827059154
2020-02-25,GOOGL,2661.59,2723.86,2642.97,2683.42,1361720,2683.42,0.0268005418270591,2685.452,2703.8336,2523.16685,0.309162720222264,2873.4191813012185,2497.484818698782,35.87657694794521,-29.819684227526523,-23.30963551245631,-6.510048715070212,87.19928571428575,0.0093504868355496,2613.38,-0.0020812697287027,2589.17,0.0048722109690588,2594.57,-0.0187163816537816,2544.91,-0.0214743517495812,2604.62,2612.506,41.312995897153634,0.17268799667737664,2683.42,2581.99,2621.992,49.58848181673607,0.2924574897759913,2686.51,2544.91,2685.452,93.98359065060924,0.30916272022226327,2864.13,2544.91,2703.8336,79.13843416624778,0.25353914318176357,2864.13,2544.91,1,2,1,0.9992433303589119,0.9924501271080468,0.030144368007978692,0.008201864299156416,2674.67,-0.0032607642486081057
2020-02-26,GOOGL,2687.44,2730.93,2618.41,2674.67,1515696,2674.67,-0.0032607642486081,2684.5865,2705.461,2522.20685,0.3049680440922384,2872.586525674715,2496.5864743252846,38.071151575564016,-25.015647497072223,-23.650837909379494,-1.3648095876927293,88.01714285714287,0.0268005418270591,2683.42,0.0093504868355496,2613.38,-0.0020812697287027,2589.17,0.0145702598520183,2581.99,0.0225791094286307,2663.43,2631.042,44.83936518282036,0.19275824481685525,2683.42,2589.17,2623.116,50.745977224252194,0.272445349392298,2686.51,2544.91,2684.5865,94.00001283735757,0.3049680440922377,2864.13,2544.91,2705.461,77.64152497871372,0.2537025309348264,2864.13,2544.91,2,2,1,0.9963061350412825,0.9886189451627696,0.04206874119048627,-0.004751733992198981,2678.37,0.0013833482261362828
2020-02-27,GOOGL,2703.0,2715.41,2641.32,2678.37,2005640,2678.37,0.0013833482261362,2681.4365000000003,2706.1172,2521.40995,0.2971691935652991,2867.5320469673093,2495.3409530326912,45.43654721711323,-20.67156575672152,-23.054983478847902,2.3834177221263815,85.61214285714284,-0.0032607642486081,2674.67,0.0268005418270591,2683.42,0.0093504868355496,2613.38,0.0048722109690588,2594.57,0.0021250793150187,2669.09,2647.802,43.438230511824564,0.1968869680112131,2683.42,2589.17,2624.0440000000003,51.75494806188836,0.2723510671732158,2686.51,2544.91,2681.4365000000003,93.04777348365454,0.2971691935652984,2864.13,2544.91,2706.1171999999997,77.26265515626379,0.24978709717543418,2864.13,2544.91,3,2,1,0.998856396561694,0.9897464899151486,0.027662346875141235,-0.009112097669253052,2687.37,0.0033602526910023744
2020-02-28,GOOGL,2696.96,2727.17,2647.56,2687.37,656673,2687.37,0.0033602526910023,2679.3435,2706.1004,2521.121,0.2972616133170309,2864.1126302851344,2494.574369714865,52.834452048603936,-16.314560794831323,-21.70689894204459,5.392338147213266,85.66428571428573,0.0013833482261362,2678.37,-0.0032607642486081,2674.67,0.0268005418270591,2683.42,-0.0020812697287027,2589.17,0.006526568980439,2686.51,2667.442,30.605500649368796,0.18551395318321967,2687.37,2613.38,2624.13,51.8708642260318,0.2708425771905413,2687.37,2544.91,2679.3435,92.38456514256734,0.2972616133170303,2864.13,2544.91,2706.1004,77.26671958183933,0.24727840897910985,2864.13,2544.91,4,2,1,1.0029956965200606,0.9930784534080875,0.029623758544588392,-0.00355585548172631,2792.97,0.03929492403353452
2020-03-02,GOOGL,2796.92,2854.35,2731.6,2792.97,960438,2792.97,0.0392949240335345,2679.2835,2709.3722,2521.39365,0.3184719326102659,2863.896343286498,2494.670656713502,68.84065219373053,-4.291100374035977,-18.223739228442867,13.932638854406889,90.87714285714287,0.0033602526910023,2687.37,0.0013833482261362,2678.37,-0.0032607642486081,2674.67,0.0093504868355496,2613.38,-0.0346397370566274,2593.45,2703.3599999999997,50.32606680437787,0.29408915467084573,2792.97,2674.67,2644.082,72.87747644734426,0.2588598398082352,2792.97,2544.91,2679.2835,92.306421643249,0.31847193261026535,2864.13,2544.91,2709.3722,77.41515772819591,0.25723251930203916,2864.13,2544.91,0,3,1,1.0424316799618096,1.0308550445741522,0.04394963067986984,-0.001412267780272178,2701.45,-0.03276798533460801
2020-03-03,GOOGL,2725.53,2753.11,2649.8,2701.45,1424507,2701.45,-0.032767985334608,2671.1495000000004,2710.3026,2521.26305,0.3246464500268203,2834.592018525978,2507.706981474023,53.56955084732241,-2.122849612740538,-15.003561305302402,12.880711692561864,93.86071428571427,0.0392949240335345,2792.97,0.0033602526910023,2687.37,0.0013833482261362,2678.37,0.0268005418270591,2683.42,-0.0187163816537816,2544.91,2706.966,49.17285918063668,0.4069604446811178,2792.97,2674.67,2659.736,65.6638441356167,0.3043988099478993,2792.97,2581.99,2671.1495000000004,81.72125926298865,0.3246464500268198,2861.2,2544.91,2710.3026,77.02606921036421,0.267588173660598,2864.13,2544.91,1,3,1,1.0113436181685032,0.996733722647428,0.038242425364142116,-0.008834978884837644,2731.89,0.011268022728534666
2020-03-04,GOOGL,2728.77,2772.34,2691.43,2731.89,1633144,2731.89,0.0112680227285346,2664.684,2712.0019999999995,2521.36795,0.3284086602821668,2805.076743912095,2524.2912560879054,55.63390389927353,2.028376477878737,-11.597173748666174,13.625550226544911,90.96285714285715,-0.032767985334608,2701.45,0.0392949240335345,2792.97,0.0033602526910023,2687.37,-0.0032607642486081,2674.67,0.0145702598520183,2581.99,2718.41,46.355228399812454,0.4090888586708404,2792.97,2678.37,2674.7259999999997,62.99949033303472,0.3022858311778152,2792.97,2589.17,2664.684,70.19637195604734,0.3284086602821663,2816.17,2544.91,2712.0019999999995,76.5349080552151,0.26854624812702116,2864.13,2544.91,2,3,1,1.0252210018144645,1.007333327924903,0.029616858658280787,0.0011433722886130921,2727.62,-0.0015630204730058272
2020-03-05,GOOGL,2733.03,2755.31,2699.92,2727.62,2885509,2727.62,-0.0015630204730058,2660.2565,2713.5312,2521.47265,0.3244351037792993,2785.2777267072174,2535.2352732927825,53.77717341231391,4.917019409527711,-8.294335117027398,13.211354526555109,91.81642857142856,0.0112680227285346,2731.89,-0.032767985334608,2701.45,0.0392949240335345,2792.97,0.0013833482261362,2678.37,0.0048722109690588,2594.57,2728.2599999999998,40.594761977363866,0.4110366380321786,2792.97,2687.37,2688.031,58.044985131265484,0.30456950140963196,2792.97,2589.17,2660.2565,62.510613353608754,0.32443510377929885,2792.97,2544.91,2713.5312,76.05680821649995,0.2685899682816293,2864.13,2544.91,3,3,1,1.0253221822779024,1.0051920538075976,0.02030708089835812,-0.001979487967566521,2753.21,0.009381805383447794
2020-03-06,GOOGL,2751.91,2815.71,2690.72,2753.21,1758749,2753.21,0.0093818053834477,2661.6935,2716.1722000000004,2521.64425,0.3045500996632321,2790.427938246086,2532.959061753914,66.7561671401775,9.165534305725487,-4.802361232476821,13.967895538202308,90.12285714285713,-0.0015630204730058,2727.62,0.0112680227285346,2731.89,-0.032767985334608,2701.45,0.0033602526910023,2687.37,-0.0020812697287027,2589.17,2741.428,34.187966011432934,0.412740925773316,2792.97,2701.45,2704.4350000000004,49.5612698810493,0.3023469259537112,2792.97,2613.38,2661.6935,64.3672191230431,0.30455009966323154,2792.97,2544.91,2716.1722000000004,75.07010196707314,0.26784262071127524,2864.13,2544.91,4,3,1,1.0343828092900125,1.0136360279362944,0.04539791734010658,0.00047239917003089114,2725.15,-0.0101917398236967
2020-03-09,GOOGL,2748.74,2770.22,2680.07,2725.15,1173048,2725.15,-0.0101917398236967,2664.862,2716.7504,2521.7045000000003,0.2945490897526773,2796.687699211651,2533.0363007883493,69.75276170222574,10.151287750828942,-1.8116314358156687,11.96291918664461,91.42214285714282,0.0093818053834477,2753.21,-0.0015630204730058,2727.62,0.0112680227285346,2731.89,0.0392949240335345,2792.97,0.0093504868355496,2613.38,2727.864,18.464514074267854,0.28408925725720935,2753.21,2701.45,2715.612,37.99959087499067,0.31261199846780124,2792.97,2674.67,2664.862,65.91284960582544,0.29454908975267685,2792.97,2544.91,2716.7504,75.02476907892994,0.26143416197162833,2864.13,2544.91,0,3,1,1.022623310324879,1.0030917820050738,0.03308074784873,-0.008582113986768888,2723.75,-0.0005137331889988328
2020-03-10,GOOGL,2700.66,2749.42,2698.09,2723.75,840420,2723.75,-0.0005137331889988,2670.8185,2716.3808000000004,2522.0257,0.2821515563386519,2801.9469394501843,2539.690060549816,66.85371884883025,10.696236600972043,0.6899421715418734,10.00629442943017,90.06428571428566,-0.0101917398236967,2725.15,0.0093818053834477,2753.21,-0.0015630204730058,2727.62,-0.032767985334608,2701.45,0.0268005418270591,2683.42,2732.324,12.078086768973483,0.13918869746262186,2753.21,2723.75,2719.6449999999995,36.30575627760569,0.2867373298884277,2792.97,2674.67,2670.8185,65.56421972509217,0.2821515563386515,2792.97,2544.91,2716.3808000000004,74.94215959699217,0.2586189174059583,2864.13,2544.91,1,3,1,1.0198184564016537,1.0027128744243063,0.018845341899947163,0.008549761910048505,2755.68,0.011722808627810943
2020-03-11,GOOGL,2755.75,2784.29,2727.07,2755.68,957533,2755.68,0.0117228086278109,2675.431,2717.2804,2522.3991,0.2743723708210103,2811.848356805883,2539.013643194116,68.31170011830515,13.548418901215427,3.2616375174765846,10.286781383738843,90.1885714285714,-0.0005137331889988,2723.75,-0.0101917398236967,2725.15,0.0093818053834477,2753.21,0.0112680227285346,2731.89,-0.0032607642486081,2674.67,2737.082,15.934571534837973,0.1411862399474669,2755.68,2723.75,2727.746,34.127994439235295,0.2894209676681903,2792.97,2678.37,2675.4309999999996,68.2086784029419,0.27437237082100985,2792.97,2544.91,2717.2803999999996,75.14227710150806,0.25856591657763095,2864.13,2544.91,2,3,1,1.0299947933618807,1.0141316295509972,0.020764384834225685,-2.5401433366647302e-05,2897.2,0.05135574522440911
2020-03-12,GOOGL,2908.03,2958.22,2836.18,2897.2,946712,2897.2,0.0513557452244091,2686.8365,2722.1414,2523.8882,0.3258567736600417,2855.381746060169,2518.291253939831,76.73732270702163,26.9179814566628,7.992906305313829,18.92507515134897,99.84642857142853,0.0117228086278109,2755.68,-0.0005137331889988,2723.75,-0.0101917398236967,2725.15,-0.0015630204730058,2727.62,0.0013833482261362,2678.37,2770.998,72.13253683324167,0.3726502573485895,2897.2,2723.75,2749.629,59.60098050088372,0.37654499260318475,2897.2,2687.37,2686.8365,84.27262303008425,0.32585677366004145,2897.2,2544.91,2722.1414,78.74991125385236,0.2780363972632443,2897.2,2544.91,3,3,1,1.0782941202410052,1.064309150141479,0.04212342951814091,-0.0037241706584858676,2935.7,0.013288692530719404
2020-03-13,GOOGL,2952.84,2952.97,2918.43,2935.7,1559577,2935.7,0.0132886925307194,2699.296,2728.0846,2525.98585,0.3273481499327791,2901.2672210244677,2497.3247789755324,77.30044721323652,40.15717740230775,14.425760524712615,25.731416877595137,100.60499999999995,0.0513557452244091,2897.2,0.0117228086278109,2755.68,-0.0005137331889988,2723.75,0.0093818053834477,2753.21,0.0033602526910023,2687.37,2807.496,101.19563641777776,0.37172016427111093,2935.7,2723.75,2774.462,79.26744249690456,0.37631852494621226,2935.7,2701.45,2699.296,100.98561051223376,0.32734814993277883,2935.7,2544.91,2728.0845999999997,83.3884294134423,0.27860606801339755,2935.7,2544.91,4,3,1,1.08757987267751,1.0761029918203135,0.011765507374727731,-0.005804581352187901,2896.92,-0.013209796641346139
2020-03-16,GOOGL,2901.73,2968.88,2824.95,2896.92,1329922,2896.92,-0.0132097966413461,2714.4695,2732.8696,2527.7364500000003,0.3010168690258141,2928.2135400868306,2500.7254599131697,69.09455156697436,46.97857391354137,20.936323202478366,26.042250711063,102.99428571428568,0.0132886925307194,2935.7,0.0513557452244091,2897.2,0.0117228086278109,2755.68,-0.0101917398236967,2725.15,0.0392949240335345,2792.97,2841.85,95.23264776324963,0.3840631863176532,2935.7,2723.75,2784.857,88.26903471773147,0.3498364972965207,2935.7,2701.45,2714.4695,106.8720200434153,0.30101686902581387,2935.7,2544.91,2732.8696,86.08612713759901,0.28051148155200284,2935.7,2544.91,0,3,1,1.0672140541637813,1.0600286233924006,0.04968380210704838,-0.0016576318265304794,2878.13,-0.006486199135633641
2020-03-17,GOOGL,2901.66,2901.66,2856.23,2878.13,706707,2878.13,-0.0064861991356336,2731.1305,2737.0596,2529.2859,0.29080756509568,2941.139773727586,2521.1212262724143,67.87559303997497,50.28868714697501,26.806795991377697,23.48189115559731,98.20214285714282,-0.0132097966413461,2896.92,0.0132886925307194,2935.7,0.0513557452244091,2897.2,-0.0005137331889988,2723.75,-0.032767985334608,2701.45,2872.7259999999997,68.70047365192802,0.39889494956610433,2935.7,2755.68,2802.525,87.39714275141505,0.29301630216175123,2935.7,2723.75,2731.1305,105.00463686379291,0.29080756509567995,2935.7,2581.99,2737.0596,87.97336048451612,0.28108532497812455,2935.7,2544.91,1,3,1,1.0538236821707883,1.0515408579334364,0.015784554554514232,-0.008109151313383248,2858.1,-0.006959379875127292
2020-03-18,GOOGL,2883.36,2917.9,2798.3,2858.1,1007992,2858.1,-0.0069593798751272,2744.936,2739.7532,2530.74345,0.2927502436379634,2949.905846347184,2539.9661536528165,65.35025536628649,50.71115549628075,31.58766789235831,19.12348760392244,101.45285714285713,-0.0064861991356336,2878.13,-0.0132097966413461,2896.92,0.0132886925307194,2935.7,0.0117228086278109,2755.68,0.0112680227285346,2731.89,2893.21,28.701928506623243,0.41927717477560683,2935.7,2858.1,2815.1459999999997,85.14740554539074,0.29894721634043875,2935.7,2723.75,2744.936,102.48492317359184,0.29275024363796315,2935.7,2589.17,2739.7532,89.59412577409493,0.27835851863186456,2935.7,2544.91,2,3,1,1.0412264621102125,1.043196153580168,0.04184598159615061,-0.008760612618608657,2777.91,-0.028057100871208163
2020-03-19,GOOGL,2753.7,2813.73,2742.09,2777.91,1704617,2777.91,-0.0280571008712081,2754.103,2740.1352,2532.08,0.3157488610218953,2946.788564979809,2561.417435020191,56.89439858548853,44.067321234383144,34.08359856076328,9.983722673619866,104.05285714285709,-0.0069593798751272,2858.1,-0.0064861991356336,2878.13,-0.0132097966413461,2896.92,0.0513557452244091,2897.2,-0.0015630204730058,2727.62,2869.352,58.581891143929745,0.23620589684330912,2935.7,2777.91,2820.1749999999997,80.77646566640367,0.3410638384861079,2935.7,2723.75,2754.103,96.3427824899044,0.31574886102189503,2935.7,2589.17,2740.1352,89.71766882247125,0.28453709571037533,2935.7,2544.91,3,3,1,1.0086441937716168,1.0137857431264654,0.025789172435382746,0.008791807386422358,2764.03,-0.004996562163640861
2020-03-20,GOOGL,2758.63,2805.06,2723.0,2764.03,1381246,2764.03,-0.0049965621636408,2762.846,2739.3618,2533.48515,0.3166136772954739,2939.1970571081647,2586.4949428918358,47.43848468637968,37.25260981854444,34.71740081231951,2.5352090062249317,97.9871428571428,-0.0280571008712081,2777.91,-0.0069593798751272,2858.1,-0.0064861991356336,2878.13,0.0132886925307194,2935.7,0.0093818053834477,2753.21,2835.018,60.257573548883514,0.15146126538782795,2896.92,2764.03,2821.257,79.84692244121538,0.3400253524460777,2935.7,2723.75,2762.846,88.17552855408226,0.31661367729547363,2935.7,2613.38,2739.3618,89.33318106700821,0.2825005687625855,2935.7,2544.91,4,3,1,1.0004285436101035,1.0090050901633334,0.029688534494911507,0.0019574933934591206,2797.39,0.012069333545583705
2020-03-23,GOOGL,2770.73,2860.65,2734.13,2797.39,1506485,2797.39,0.0120693335455837,2772.0464999999995,2738.9462,2535.1058500000004,0.3174306033265954,2934.1924846817988,2609.9005153182,59.4663930204197,34.150113868031895,34.60394342346199,-0.4538295554300973,96.79785714285711,-0.0049965621636408,2764.03,-0.0280571008712081,2777.91,-0.0069593798751272,2858.1,-0.0132097966413461,2896.92,-0.0101917398236967,2725.15,2815.112,50.31566674505105,0.2260731941287187,2878.13,2764.03,2828.481,73.17482542969826,0.3386117664670968,2935.7,2723.75,2772.0464999999995,81.07299234089967,0.317430603326595,2935.7,2674.67,2738.9462,89.00680416297382,0.28355409726006,2935.7,2544.91,0,3,1,1.0091425234024722,1.0213380606011826,0.04522787312457496,0.009622012971307284,2741.68,-0.019914992189147718
2020-03-24,GOOGL,2732.33,2778.03,2705.33,2741.68,1398625,2741.68,-0.0199149921891477,2774.9595,2738.6406,2536.7564500000003,0.315443777011991,2932.4273099736706,2617.4916900263293,50.92009548558696,26.886105771556686,33.06037589308093,-6.174270121524245,97.59428571428566,0.0120693335455837,2797.39,-0.0049965621636408,2764.03,-0.0280571008712081,2777.91,-0.0064861991356336,2878.13,-0.0005137331889988,2723.75,2787.822,44.22650528810687,0.2439700862353301,2858.1,2741.68,2830.2740000000003,70.49403319115537,0.35744500893446746,2935.7,2741.68,2774.9595,78.73390498683527,0.31544377701199067,2935.7,2674.67,2738.6406,88.96991641090328,0.2828710037429369,2935.7,2544.91,1,3,1,0.9880072123571576,1.001109820689505,0.026516588369165532,0.0034219878272377375,2788.82,0.017193837355198305
2020-03-25,GOOGL,2790.88,2832.74,2744.9,2788.82,2299964,2788.82,0.0171938373551983,2780.667,2739.4352000000003,2538.78125,0.3198804471588449,2930.9398372135825,2630.3941627864174,55.322849984736806,24.648992809684387,31.378099276401624,-6.729106466717237,100.14214285714282,-0.0199149921891477,2741.68,0.0120693335455837,2797.39,-0.0049965621636408,2764.03,-0.0069593798751272,2858.1,0.0117228086278109,2755.68,2773.966,21.943051975486664,0.3112456583024333,2797.39,2741.68,2833.588,67.30446721181907,0.363101685525012,2935.7,2741.68,2780.667,75.13641860679118,0.31988044715884467,2935.7,2678.37,2739.4352000000003,89.24214571830967,0.2853840875256305,2935.7,2544.91,2,3,1,1.0029320303362457,1.0180273656405459,0.03149719236091544,-0.0007381184429281112,2811.43,0.008107371576508982
2020-03-26,GOOGL,2834.53,2834.53,2794.61,2811.43,1318821,2811.43,0.0081073715765089,2787.32,2739.7262,2540.7908,0.3205194662752127,2930.1195167322235,2644.520483267776,55.090050706817166,24.419015499845045,29.98628252109031,-5.567267021245264,94.47928571428565,0.0171938373551983,2788.82,-0.0199149921891477,2741.68,0.0120693335455837,2797.39,-0.0280571008712081,2777.91,0.0513557452244091,2897.2,2780.6699999999996,27.790592832808134,0.23779376939881297,2811.43,2741.68,2825.011,63.66392916453404,0.24095202583261585,2935.7,2741.68,2787.3199999999997,71.39975836611195,0.32051946627521244,2935.7,2687.37,2739.7262,89.4567482057719,0.2833046634760343,2935.7,2544.91,3,3,1,1.0086498859115534,1.0261718853507966,0.014199179776834521,-0.008149499211506745,2779.36,-0.011407006398878705
2020-03-27,GOOGL,2798.62,2798.62,2765.33,2779.36,1028305,2779.36,-0.0114070063988787,2791.9195,2739.4068,2542.35835,0.3243302564112712,2926.8743349361403,2656.96466506386,54.70646455042301,21.402263869631497,28.269478790798548,-6.867214921167051,91.3328571428571,0.0081073715765089,2811.43,0.0171938373551983,2788.82,-0.0199149921891477,2741.68,-0.0049965621636408,2764.03,0.0132886925307194,2935.7,2783.736,26.30158227177481,0.2542940657294933,2811.43,2741.68,2809.377,51.494986174492816,0.2259277787018667,2896.92,2741.68,2791.9195,67.47741746807026,0.3243302564112709,2935.7,2701.45,2739.4067999999997,89.28250678672896,0.284510058961033,2935.7,2544.91,4,3,1,0.9955014820445234,1.0145846173700763,0.01197757757181077,-0.006881963253315164,2773.82,-0.001993264636463099
2020-03-30,GOOGL,2753.16,2801.27,2746.37,2773.82,831952,2773.82,-0.001993264636463,2790.962,2738.5094,2543.9773,0.2927330452649911,2926.1569763314915,2655.7670236685085,54.31600723944417,18.352874257701842,26.286157884179207,-7.933283626477365,91.58785714285712,-0.0114070063988787,2779.36,0.0081073715765089,2811.43,0.0171938373551983,2788.82,0.0120693335455837,2797.39,-0.0132097966413461,2896.92,2779.022,25.337123356824137,0.23535160066314922,2811.43,2741.68,2797.067,42.09877909288063,0.22200659486231245,2878.13,2741.68,2790.962,67.59748816574567,0.2927330452649909,2935.7,2701.45,2738.5094,88.69290184906576,0.2839026795177553,2935.7,2544.91,0,3,1,0.9938580317464036,1.012894094867444,0.01979219992644811,0.007504104374606926,2846.45,0.026184107115818422
2020-03-31,GOOGL,2823.28,2899.42,2793.47,2846.45,1325997,2846.45,0.0261841071158184,2798.212,2739.336,2545.80685,0.2802271530910327,2928.6640542857717,2667.7599457142287,57.311316954003466,21.54844793202801,25.338615893748972,-3.790167961720961,96.23499999999997,-0.001993264636463,2773.82,-0.0114070063988787,2779.36,0.0081073715765089,2811.43,-0.0199149921891477,2741.68,-0.0064861991356336,2878.13,2799.9759999999997,29.684334757561714,0.23691921889543036,2846.45,2773.82,2793.899,36.08304201576068,0.26848213925642694,2858.1,2741.68,2798.212,65.22602714288563,0.2802271530910324,2935.7,2723.75,2739.336,89.5151507869367,0.2897605951171086,2935.7,2544.91,1,3,1,1.0172388653893925,1.0391021765854795,0.03722180259620336,0.008206766597713088,2880.84,0.012081715821461891
2020-04-01,GOOGL,2885.98,2902.23,2859.45,2880.84,452051,2880.84,0.0120817158214618,2805.6595,2741.7522,2548.17915,0.2805693392160271,2937.171941912939,2674.1470580870605,48.40738288875494,26.54989798533734,25.580872312066646,0.9690256732706928,85.75214285714284,0.0261841071158184,2846.45,-0.001993264636463,2773.82,-0.0114070063988787,2779.36,0.0171938373551983,2788.82,-0.0069593798751272,2858.1,2818.38,45.40273394850853,0.22644902828033375,2880.84,2773.82,2796.1730000000002,40.96493298474315,0.273570146405789,2880.84,2741.68,2805.6594999999998,65.75622095646956,0.2805693392160268,2935.7,2723.75,2741.7522,91.68918081613856,0.28839158916167884,2935.7,2544.91,2,4,2,1.0267960171214552,1.050729529823647,0.014849835464651056,-0.0017810241235206384,2882.02,0.00040960275475199204
2020-04-02,GOOGL,2883.88,2902.99,2861.06,2882.02,1114723,2882.02,0.0004096027547519,2813.3795,2744.2860000000005,2550.4264500000004,0.2802492464987879,2943.7252149640262,2683.033785035974,44.364896072598974,30.259981098496155,26.51669406935255,3.7432870291436053,84.7635714285714,0.0120817158214618,2880.84,0.0261841071158184,2846.45,-0.001993264636463,2773.82,0.0081073715765089,2811.43,-0.0280571008712081,2777.91,2832.4980000000005,53.03487173548262,0.22977895109076985,2882.02,2773.82,2806.584,48.36827775860355,0.2214889454117585,2882.02,2741.68,2813.3795,65.1728574820132,0.28024924649878763,2935.7,2723.75,2744.2860000000005,93.79831598505655,0.2883280633051662,2935.7,2544.91,3,4,2,1.024397881622076,1.0501893753052522,0.014548823394697222,-0.0006449644229300394,2871.87,-0.003521835379352023
2020-04-03,GOOGL,2858.45,2909.83,2833.9,2871.87,1105155,2871.87,-0.003521835379352,2819.3125,2746.3286,2552.77515,0.2800358457992689,2948.926733928422,2689.698266071578,47.20218017588661,32.01221167321046,27.615797590124135,4.396414083086324,79.9064285714285,0.0004096027547519,2882.02,0.0120817158214618,2880.84,0.0261841071158184,2846.45,-0.0114070063988787,2779.36,-0.0049965621636408,2764.03,2851.0,45.457886554470996,0.19893838089728655,2882.02,2773.82,2817.368,49.82623690832542,0.2199724812513791,2882.02,2741.68,2819.3125,64.807116964211,0.2800358457992686,2935.7,2723.75,2746.3286,95.4612048780832,0.28834665012186217,2935.7,2544.91,4,4,2,1.018641956150296,1.0457124467913106,0.026439219045421066,0.004694852105160271,2876.17,0.0014972822585981316
2020-04-06,GOOGL,2899.15,2927.82,2824.52,2876.17,695261,2876.17,0.0014972822585981,2826.8635000000004,2749.0204,2555.0829,0.2761908384057632,2950.8542744064234,2702.8727255935773,49.77376610024277,33.36325030954549,28.765288134008408,4.597962175537084,84.03999999999996,-0.003521835379352,2871.87,0.0004096027547519,2882.02,0.0120817158214618,2880.84,-0.001993264636463,2773.82,0.0120693335455837,2797.39,2871.4700000000003,14.554636718215718,0.190780114182987,2882.02,2846.45,2825.246,52.474132082178606,0.2153608328782627,2882.02,2741.68,2826.8635000000004,61.99538720321141,0.27619083840576286,2935.7,2723.75,2749.0204,97.20619687057346,0.28723417417341623,2935.7,2544.91,0,4,2,1.01744212269145,1.0462526942320813,0.03591581860598096,-0.007926461204143314,2853.49,-0.0078854866019743
2020-04-07,GOOGL,2877.88,2908.4,2798.59,2853.49,827799,2853.49,-0.0078854866019743,2833.3505,2751.45,2557.3217,0.2786079685364358,2947.8379949687533,2718.8630050312468,49.471124060545165,32.23231761368743,29.458694029944212,2.773623583743216,83.34071428571426,0.0014972822585981,2876.17,-0.003521835379352,2871.87,0.0004096027547519,2882.02,0.0261841071158184,2846.45,-0.0199149921891477,2741.68,2872.8779999999997,11.561979501765167,0.11816358944459429,2882.02,2853.49,2836.427,43.90154440462531,0.18623117037655246,2882.02,2773.82,2833.3505,57.24374748437661,0.2786079685364355,2935.7,2741.68,2751.45,98.28452933255736,0.2877658471717062,2935.7,2544.91,1,4,2,1.0071080157569607,1.037085900161356,0.03848270013210541,-0.008474988533223015,2759.75,-0.03285100000350438
2020-04-08,GOOGL,2754.37,2783.4,2736.1,2759.75,1658949,2759.75,-0.0328510000035043,2833.554,2752.8054,2558.83165,0.3028542962377412,2947.4732555047067,2719.634744495293,47.979438335769935,23.501104617061173,28.267176147367607,-4.766071530306434,83.43928571428569,-0.0078854866019743,2853.49,0.0014972822585981,2876.17,-0.003521835379352,2871.87,0.0120817158214618,2880.84,0.0171938373551983,2788.82,2848.66,50.83480795674498,0.22414181283454102,2882.02,2759.75,2833.52,48.1600800571519,0.24699383538520697,2882.02,2759.75,2833.554,56.95962775235326,0.30285429623774085,2935.7,2741.68,2752.8054,97.91426281232737,0.29565876203377767,2935.7,2544.91,2,4,2,0.973953557969612,1.002522735533357,0.017139233626228115,0.0019532597290843846,2852.19,0.03349578766192596
2020-04-09,GOOGL,2874.45,2874.45,2833.39,2852.19,1316012,2852.19,0.0334957876619259,2831.3035000000004,2755.0218,2560.97125,0.2674430770289125,2941.6510627327693,2720.9559372672315,58.34943364621567,23.766722871932416,27.367085492280573,-3.6003626203481573,85.77071428571425,-0.0328510000035043,2759.75,-0.0078854866019743,2853.49,0.0014972822585981,2876.17,0.0004096027547519,2882.02,0.0081073715765089,2811.43,2842.694,47.58759376139038,0.3774006156788841,2876.17,2759.75,2837.596,47.806325522886425,0.30018197530225793,2882.02,2759.75,2831.3035000000004,55.17378136638448,0.26744307702891207,2935.7,2741.68,2755.0218,98.89943863339107,0.30220113663132153,2935.7,2544.91,3,4,2,1.0073769908450267,1.035269484981558,0.014395955388661187,-0.007744090173769598,2860.06,0.002759283217457442
2020-04-10,GOOGL,2853.43,2928.16,2791.97,2860.06,1249866,2860.06,0.0027592832174574,2827.5215,2757.6384000000003,2563.02455,0.2627359995170708,2927.501512165639,2727.541487834361,56.23644143539197,24.331788765384317,26.760026146901325,-2.4282373815170075,86.46142857142854,0.0334957876619259,2852.19,-0.0328510000035043,2759.75,-0.0078854866019743,2853.49,-0.003521835379352,2871.87,-0.0114070063988787,2779.36,2840.332,46.0455211719784,0.3782841747473931,2876.17,2759.75,2845.666,43.50089838153009,0.2912851633686957,2882.02,2759.75,2827.5215,49.99000608281942,0.2627359995170702,2896.92,2741.68,2757.6384000000003,99.92847706234642,0.301971525136695,2935.7,2544.91,4,4,2,1.0115077816380844,1.0371410551865548,0.04761788214231605,0.0023235194134770387,2879.12,0.006664195856030952
2020-04-13,GOOGL,2892.76,2908.53,2849.72,2879.12,1356435,2879.12,0.0066641958560309,2826.6315,2759.3374,2565.22445,0.2601190767972463,2924.300570528517,2728.962429471483,64.75311292205552,26.017674707372407,26.611555858995544,-0.5938811516231368,84.08642857142857,0.0027592832174574,2860.06,0.0334957876619259,2852.19,-0.0328510000035043,2759.75,0.0014972822585981,2876.17,-0.001993264636463,2773.82,2840.922,46.63466060774012,0.381847843455137,2879.12,2759.75,2856.196,36.330988976357865,0.29035575016195064,2882.02,2759.75,2826.6315,48.834535264258506,0.2601190767972458,2882.02,2741.68,2759.3374,101.27535884620933,0.2977743068229427,2935.7,2544.91,0,4,2,1.0185692758320217,1.043409914278318,0.020426380282857252,-0.0047152200666476345,2877.24,-0.0006529772986190174
2020-04-14,GOOGL,2875.86,2940.73,2813.75,2877.24,1245295,2877.24,-0.000652977298619,2826.5870000000004,2759.5996,2567.4425,0.2590655608166985,2924.1580375707945,2729.0159624292064,60.51267417880061,26.892056289188076,26.667655945034053,0.22440034415402366,86.65214285714286,0.0066641958560309,2879.12,0.0027592832174574,2860.06,0.0334957876619259,2852.19,-0.0078854866019743,2853.49,0.0261841071158184,2846.45,2845.672,49.364451480788546,0.37531361975937955,2879.12,2759.75,2859.275,36.71592123619487,0.26256612319450306,2882.02,2759.75,2826.5870000000004,48.785518785396924,0.25906556081669807,2882.02,2741.68,2759.5995999999996,101.56874758286094,0.2925467188592823,2935.7,2544.91,1,4,2,1.0179201984580633,1.0426295177021179,0.04413257149210907,0.00047985646032810167,2844.37,-0.011424142581084595
2020-04-15,GOOGL,2822.9,2907.71,2781.03,2844.37,1972825,2844.37,-0.0114241425810845,2825.9005,2759.263,2569.52865,0.2611580423176994,2922.7283453806667,2729.0726546193328,53.82311977540965,24.648542642015855,26.263833284430415,-1.6152906424145606,92.43571428571428,-0.000652977298619,2877.24,0.0066641958560309,2879.12,0.0027592832174574,2860.06,-0.0328510000035043,2759.75,0.0120817158214618,2880.84,2862.596,15.283917364314744,0.2650000249888399,2879.12,2844.37,2855.6279999999997,36.14267031886287,0.2618019268239841,2882.02,2759.75,2825.9004999999997,48.41392269033338,0.2611580423176989,2882.02,2741.68,2759.263,101.25256643257775,0.29371039963653744,2935.7,2544.91,2,4,2,1.0065357927496008,1.0308441058351339,0.04453710311947999,0.007605653760314639,2836.69,-0.0027000706659119356
2020-04-16,GOOGL,2860.97,2894.7,2778.68,2836.69,1260732,2836.69,-0.0027000706659119,2828.8395,2759.6734,2571.73625,0.2398091880223318,2923.0674666777345,2734.6115333222656,57.053222113632174,21.997259384065273,25.41051850435739,-3.4132591202921176,97.42999999999999,-0.0114241425810845,2844.37,-0.000652977298619,2877.24,0.0066641958560309,2879.12,0.0334957876619259,2852.19,0.0004096027547519,2882.02,2859.496,19.034038720124112,0.10781832625991841,2879.12,2836.69,2851.0950000000003,35.29756499313607,0.2617483160392041,2879.12,2759.75,2828.8395,47.113983338867214,0.23980918802233137,2882.02,2741.68,2759.6733999999997,101.52913933005607,0.2915568015305476,2935.7,2544.91,3,4,2,1.0027751662824975,1.0279078676480238,0.04089978108286738,-0.008486632156223679,2765.77,-0.0250009694397344
2020-04-17,GOOGL,2763.24,2788.94,2742.61,2765.77,669674,2765.77,-0.0250009694397344,2828.9265,2760.4994,2573.5887,0.2565450363830007,2922.9054004931663,2734.9475995068337,49.14686618900768,14.011926240269077,23.13080005153973,-9.118873811270653,100.22857142857141,-0.0027000706659119,2836.69,-0.0114241425810845,2844.37,-0.000652977298619,2877.24,0.0027592832174574,2860.06,-0.003521835379352,2871.87,2840.638,45.97635990374921,0.19253050029935478,2879.12,2765.77,2840.4849999999997,43.379842797217535,0.28743006306292973,2879.12,2759.75,2828.9265,46.98945024658313,0.2565450363830003,2882.02,2741.68,2760.4994,101.40481772981117,0.28764046806170745,2935.7,2544.91,4,4,2,0.9776747469398807,1.00190929220959,0.01675121213983201,0.0009155918414612139,2869.18,0.03738922614678719
2020-04-20,GOOGL,2882.64,2930.68,2807.68,2869.18,2303370,2869.18,0.0373892261467871,2832.516,2764.6474,2575.9669,0.2861730244935325,2926.906302222707,2738.125697777293,52.2613765232074,15.84516179723505,21.673672400678797,-5.828510603443746,103.03642857142856,-0.0250009694397344,2765.77,-0.0027000706659119,2836.69,-0.0114241425810845,2844.37,0.0066641958560309,2879.12,0.0014972822585981,2876.17,2838.65,44.0718827598625,0.36889783572651125,2877.24,2765.77,2839.786,42.79329469801667,0.3540402126170192,2879.12,2759.75,2832.516,47.195151111353475,0.28617302449353205,2882.02,2741.68,2764.6474,101.52606718272774,0.2941798816251616,2935.7,2544.91,0,4,2,1.0129439692481832,1.0378104636413896,0.04286939125462925,-0.004669330891125971,2813.83,-0.019291226064589884
2020-04-21,GOOGL,2806.35,2871.19,2756.47,2813.83,1391604,2813.83,-0.0192912260645898,2836.1235,2768.8315999999995,2578.0188,0.2855641147353649,2920.924157960514,2751.322842039486,43.60017572897367,12.68550120172722,19.876038160888484,-7.190536959161264,107.24642857142855,0.0373892261467871,2869.18,-0.0250009694397344,2765.77,-0.0027000706659119,2836.69,-0.000652977298619,2877.24,-0.0078854866019743,2853.49,2825.968,39.02563926445027,0.3924349673708953,2869.18,2765.77,2835.8199999999997,43.21781705629395,0.36557656419297035,2879.12,2759.75,2836.1235,42.40032898025702,0.2855641147353644,2882.02,2759.75,2768.8315999999995,99.0778251588316,0.2933362134864487,2935.7,2544.91,1,4,2,0.9921394466774834,1.016251764823467,0.040770053627958866,0.0026653838615986435,2768.5,-0.016109715227998866
2020-04-22,GOOGL,2741.86,2815.39,2721.62,2768.5,948019,2768.5,-0.0161097152279988,2835.1075,2770.933,2579.82455,0.2856848503693668,2922.7342702126725,2747.480729787328,40.00140924365836,6.449351148816731,17.190700758474133,-10.741349609657401,110.94928571428571,-0.0192912260645898,2813.83,0.0373892261467871,2869.18,-0.0250009694397344,2765.77,-0.0114241425810845,2844.37,-0.0328510000035043,2759.75,2810.7940000000003,44.45415649856523,0.3992161197054237,2869.18,2765.77,2836.6949999999997,41.56347040638457,0.3331658260963535,2879.12,2765.77,2835.1075,43.81338510633625,0.28568485036936625,2882.02,2759.75,2770.933,97.90396951052749,0.2920386744474848,2935.7,2544.91,2,4,2,0.9765061818640116,0.9991219563948319,0.03387032689180643,0.009716032182529434,2749.82,-0.006747336102582602
2020-04-23,GOOGL,2727.85,2782.11,2717.52,2749.82,726847,2749.82,-0.0067473361025826,2832.027,2772.5476,2581.3789,0.2848119182441196,2927.168098120574,2736.885901879426,39.409243156918976,-0.00016072909193098894,13.75252846096092,-13.752689190052852,110.13928571428573,-0.0161097152279988,2768.5,-0.0192912260645898,2813.83,0.0373892261467871,2869.18,-0.0027000706659119,2836.69,0.0334957876619259,2852.19,2793.42,48.586609780873104,0.39868975918630695,2869.18,2749.82,2826.4579999999996,49.22387356648236,0.2783531118830254,2879.12,2749.82,2832.027,47.57054906028696,0.28481191824411906,2882.02,2749.82,2772.5476,96.85014624034103,0.29253222996613587,2935.7,2544.91,3,4,2,0.9709723812657962,0.9918026294657695,0.023488810176657618,0.008053961911392562,2807.84,0.02109956288047954
2020-04-24,GOOGL,2807.63,2836.62,2779.06,2807.84,1405913,2807.84,0.0210995628804795,2833.451,2774.9742,2583.03845,0.2922662717188577,2926.092730031167,2740.809269968833,44.57638150171596,-0.4248192006257341,10.917058928643591,-11.341878129269325,108.96071428571427,-0.0067473361025826,2749.82,-0.0161097152279988,2768.5,-0.0192912260645898,2813.83,-0.0250009694397344,2765.77,0.0027592832174574,2860.06,2801.834,46.18460652640531,0.3942302426372469,2869.18,2749.82,2821.236,48.01822598416985,0.3039690571563795,2879.12,2749.82,2833.451,46.32086501558353,0.29226627171885705,2882.02,2749.82,2774.9741999999997,96.16803491359694,0.29582018578044567,2935.7,2544.91,4,4,2,0.9909611989051545,1.0118436416450243,0.020499743575125164,7.479618040837345e-05,2809.26,0.000505726822041197
2020-04-27,GOOGL,2819.93,2830.15,2788.36,2809.26,1145055,2809.26,0.0005057268220411,2835.223,2779.2904,2584.90815,0.2920987944712941,2924.3513838304066,2746.0946161695933,46.3666683085266,-0.6394112315924758,8.605764896596378,-9.245176128188854,104.10214285714285,0.0210995628804795,2807.84,-0.0067473361025826,2749.82,-0.0161097152279988,2768.5,0.0373892261467871,2869.18,0.0066641958560309,2879.12,2789.8500000000004,28.868893293627142,0.25575272231165397,2813.83,2749.82,2814.25,43.53360821761236,0.30079255095899926,2877.24,2749.82,2835.223,44.564191915203324,0.29209879447129344,2882.02,2749.82,2779.2904,92.63261401595298,0.28430999151836195,2935.7,2544.91,0,4,2,0.9908426956183022,1.0107831840814439,0.014875803592399808,-0.003783781866924298,2754.99,-0.01931825462933312
2020-04-28,GOOGL,2745.88,2796.85,2713.13,2754.99,2252363,2754.99,-0.0193182546293331,2830.65,2783.492,2586.3327000000004,0.284191417268281,2926.4858453980955,2734.8141546019046,49.58186928901237,-5.1294829227304035,5.8587153327310215,-10.988198255461425,102.58357142857143,0.0005057268220411,2809.26,0.0210995628804795,2807.84,-0.0067473361025826,2749.82,-0.0192912260645898,2813.83,-0.000652977298619,2877.24,2778.0820000000003,28.641761817297116,0.25585386011573924,2809.26,2749.82,2802.025,40.968926775193964,0.3123158786003217,2869.18,2749.82,2830.65,47.91792269904764,0.28419141726828046,2882.02,2749.82,2783.492,86.33500522111865,0.28453600041352495,2935.7,2581.99,1,4,2,0.9732711568010974,0.9897603442003821,0.030388495058047187,0.0033176977872289956,2811.6,0.020548168958871127
2020-04-29,GOOGL,2822.6,2858.57,2764.63,2811.6,1044939,2811.6,0.0205481689588711,2827.188,2788.0842,2588.26925,0.2910561612040768,2920.355168963328,2734.0208310366725,46.19494909603702,-4.0729922770665326,3.872373810771511,-7.945366087838043,101.78928571428575,-0.0193182546293331,2754.99,0.0005057268220411,2809.26,0.0210995628804795,2807.84,-0.0161097152279988,2768.5,-0.0114241425810845,2844.37,2786.7019999999998,31.390769662415405,0.27889393433899123,2811.6,2749.82,2798.748,38.437931150247884,0.3321065940414729,2869.18,2749.82,2827.188,46.58358448166388,0.29105616120407624,2882.02,2749.82,2788.0842,81.36156539064571,0.286233280097301,2935.7,2589.17,2,4,2,0.9944863942542927,1.0084343937672298,0.033411580594667326,-0.0038971161340594146,2845.45,0.012039408166168775
2020-04-30,GOOGL,2856.76,2880.13,2810.78,2845.45,858446,2845.45,0.0120394081661687,2825.3595,2793.1018000000004,2590.25715,0.2947375442621853,2915.3778147388944,2735.341185261105,48.69401984324354,-0.49855667403016923,2.998187713811175,-3.4967443878413444,97.01500000000003,0.0205481689588711,2811.6,-0.0193182546293331,2754.99,0.0005057268220411,2809.26,-0.0067473361025826,2749.82,-0.0027000706659119,2836.69,2805.828,32.41738684716769,0.2682943474410789,2845.45,2754.99,2799.624,39.484284693759655,0.3381350724781062,2869.18,2749.82,2825.3594999999996,45.00915736944738,0.29473754426218474,2879.12,2749.82,2793.1018000000004,76.79149954790793,0.28707174299141003,2935.7,2589.17,3,4,2,1.0071107765220648,1.018741959207853,0.02437224340613103,-0.003959030510087106,2870.85,0.00892653183152059
2020-05-01,GOOGL,2882.56,2912.5,2829.21,2870.85,1717105,2870.85,0.0089265318315205,2825.3085,2798.7354,2592.2467,0.2963388567271863,2915.216953621677,2735.400046378323,49.269034275504666,4.333819444291748,3.26531405990729,1.0685053843844585,98.76357142857144,0.0120394081661687,2845.45,0.0205481689588711,2811.6,-0.0193182546293331,2754.99,0.0210995628804795,2807.84,-0.0250009694397344,2765.77,2818.43,43.68440282296409,0.24038690411896282,2870.85,2754.99,2810.132,43.2742517234248,0.3080102928119675,2870.85,2749.82,2825.3085,44.9542268108385,0.2963388567271857,2879.12,2749.82,2798.7353999999996,71.68803117049657,0.28732910535355255,2935.7,2613.38,4,5,2,1.0161191246899175,1.0257668516998693,0.02901231342632703,-0.004062361234456862,2904.71,0.011794416287858933
2020-05-04,GOOGL,2904.28,2940.35,2869.07,2904.71,1737477,2904.71,0.0117944162878589,2826.7355,2804.562,2594.7747,0.2992013979611887,2920.850488006045,2732.620511993954,52.29809091851329,10.771563474951563,4.766563942916145,6.004999532035418,94.78499999999998,0.0089265318315205,2870.85,0.0120394081661687,2845.45,0.0205481689588711,2811.6,0.0005057268220411,2809.26,0.0373892261467871,2869.18,2837.5199999999995,57.38317959122782,0.24180542668294042,2904.71,2754.99,2813.685,49.649931688440354,0.25176244516659246,2904.71,2749.82,2826.7355,47.057494003022796,0.29920139796118805,2904.71,2749.82,2804.562,68.06300277638988,0.28769286246740194,2935.7,2674.67,0,5,2,1.0275846466706817,1.0357089627538862,0.024539454885332858,0.00014805734984219435,3018.97,0.03933611272726023
2020-05-05,GOOGL,3044.02,3072.77,2965.17,3018.97,1283745,3018.97,0.0393361127272602,2835.0095,2811.2730000000006,2597.8529,0.3269727456458908,2962.2828198940447,2707.736180105954,62.8560068316791,24.80738499783365,8.774728153899646,16.032656843934006,97.74071428571428,0.0117944162878589,2904.71,0.0089265318315205,2870.85,0.0120394081661687,2845.45,-0.0193182546293331,2754.99,-0.0192912260645898,2813.83,2890.316,79.60391121043838,0.19710773015041805,3018.97,2811.6,2834.199,81.73106963287285,0.2867932046259027,3018.97,2749.82,2835.0094999999997,63.63665994702248,0.3269727456458902,3018.97,2749.82,2811.2730000000006,72.28621897762915,0.2944848162855565,3018.97,2674.67,1,5,2,1.0648888478147727,1.073880053626569,0.03564129487870508,-0.008229249479304325,3127.23,0.03585991248670917
2020-05-06,GOOGL,3126.56,3199.24,3055.23,3127.23,1572810,3127.23,0.0358599124867091,2853.3835,2820.3242,2601.5589,0.3178242657092416,3031.040541607254,2675.726458392746,68.63295880026567,44.157531376185034,15.851288798356725,28.306242577828307,102.33,0.0393361127272602,3018.97,0.0117944162878589,2904.71,0.0089265318315205,2870.85,0.0205481689588711,2811.6,-0.0161097152279988,2768.5,2953.442,117.63790426558802,0.2335880838502353,3127.23,2845.45,2870.072,119.62989070926794,0.2871438736375043,3127.23,2749.82,2853.3835,88.82852080362711,0.3178242657092411,3127.23,2749.82,2820.3242,82.45119897619696,0.30348953138735457,3127.23,2678.37,2,5,2,1.0959725532859161,1.108819333606715,0.046050338478446966,0.00021429302492191368,3093.9,-0.010657994455156805
2020-05-07,GOOGL,3090.83,3119.52,3068.29,3093.9,1182045,3093.9,-0.0106579944551568,2865.469,2828.6348,2605.239,0.3064470793838601,3073.135327595141,2657.802672404859,72.10969611076136,56.15587932074868,23.912206902835116,32.243672417913565,99.82000000000001,0.0358599124867091,3127.23,0.0393361127272602,3018.97,0.0117944162878589,2904.71,0.0120394081661687,2845.45,-0.0067473361025826,2749.82,3003.132,112.99933990957588,0.32839791905220667,3127.23,2870.85,2904.4800000000005,130.2139786829541,0.2950104569618003,3127.23,2754.99,2865.469,103.83316379757049,0.3064470793838595,3127.23,2749.82,2828.6348,88.56580975818308,0.3050822393871396,3127.23,2687.37,3,5,2,1.079718538221464,1.093778525244371,0.016558389088200478,0.000993260709906132,3176.21,0.026603962636154943
2020-05-08,GOOGL,3157.11,3216.32,3136.1,3176.21,1317673,3176.21,0.0266039626361549,2881.2765,2838.4116000000004,2609.06975,0.3164336502202271,3131.067302095653,2631.485697904347,71.2934322754725,71.48238122237808,33.426241766743715,38.056139455634366,96.78500000000001,-0.0106579944551568,3093.9,0.0358599124867091,3127.23,0.0393361127272602,3018.97,0.0089265318315205,2870.85,0.0210995628804795,2807.84,3064.204,105.92913187598658,0.32480287894438253,3176.21,2904.71,2941.317,150.38076849931625,0.3009908292543575,3176.21,2754.99,2881.2765,124.89540104782634,0.3164336502202265,3176.21,2749.82,2838.4116000000004,99.01810958587055,0.3096254955437577,3176.21,2701.45,4,5,2,1.1023620954111477,1.1190096601912425,0.025256516414209073,0.006049836717755751,3196.61,0.006422749125530203
2020-05-11,GOOGL,3184.31,3221.6,3171.62,3196.61,1912321,3196.61,0.0064227491255302,2897.1510000000003,2846.4844,2613.12465,0.3164224543195844,3183.9734954768887,2610.328504523112,77.89941690803121,84.3030607040264,43.601605554200255,40.70145514982614,92.16071428571429,0.0266039626361549,3176.21,-0.0106579944551568,3093.9,0.0358599124867091,3127.23,0.0117944162878589,2904.71,0.0005057268220411,2809.26,3122.584,70.59712232095906,0.3360096253161519,3196.61,3018.97,2980.052,162.02223515445365,0.2957740335610179,3196.61,2754.99,2897.1510000000003,143.4112477384443,0.31642245431958377,3196.61,2749.82,2846.4844,110.9704285882575,0.29870137098024063,3196.61,2701.45,0,5,2,1.1033632696393445,1.1230028170886435,0.01563531366040411,0.0038626892482190238,3223.11,0.008290032252918023
2020-05-12,GOOGL,3193.61,3279.51,3166.71,3223.11,1541026,3223.11,0.008290032252918,2914.4445,2856.9176,2617.46175,0.3157333943721755,3235.8363587037697,2593.0526412962304,84.07002712775306,95.50099407906146,53.9814832591725,41.51951081988896,93.52000000000001,0.0064227491255302,3196.61,0.0266039626361549,3176.21,-0.0106579944551568,3093.9,0.0393361127272602,3018.97,-0.0193182546293331,2754.99,3163.4120000000003,52.37079930649,0.28971812520693857,3223.11,3093.9,3026.864,157.32891810189213,0.23766289763468462,3223.11,2811.6,2914.4445,160.6959293518848,0.315733394372175,3223.11,2749.82,2856.9176,121.11528049603423,0.2875170146870837,3223.11,2723.75,1,5,2,1.1059088618770727,1.1281774455094091,0.034997254204778984,0.00923719552481072,3137.87,-0.026446506634896227
2020-05-13,GOOGL,3146.25,3199.3,3076.44,3137.87,1121437,3137.87,-0.0264465066348962,2929.1195,2865.0372,2621.3552,0.330795788244109,3263.5764387734325,2594.662561226567,76.44365093280874,96.38620120674932,62.46242684868787,33.92377435806145,99.38285714285715,0.008290032252918,3223.11,0.0064227491255302,3196.61,0.0266039626361549,3176.21,0.0358599124867091,3127.23,0.0205481689588711,2811.6,3165.54,50.723311208956645,0.3201783490273428,3223.11,3093.9,3059.491,140.67694563155356,0.3161458873658524,3223.11,2845.45,2929.1195,167.22846938671628,0.3307957882441086,3223.11,2749.82,2865.0372,126.06951454702637,0.2947843870596502,3223.11,2723.75,2,5,2,1.0712673211178065,1.0952283621304828,0.039153948378983505,-0.0026634882796972414,3130.18,-0.0024507070082572247
2020-05-14,GOOGL,3114.43,3204.17,3056.18,3130.18,2061155,3130.18,-0.0024507070082572,2943.794,2873.0884,2625.0768,0.330718705341378,3286.819901026072,2600.768098973928,73.58355282260725,95.36787401383481,69.04351628171726,26.324357732117548,103.75357142857148,-0.0264465066348962,3137.87,0.008290032252918,3223.11,0.0064227491255302,3196.61,-0.0106579944551568,3093.9,0.0120394081661687,2845.45,3172.796,39.19888238203619,0.30662074246242554,3223.11,3130.18,3087.964,119.80831683244348,0.3233757086158154,3223.11,2870.85,2943.794,171.51295051303595,0.33071870534137754,3223.11,2749.82,2873.0883999999996,129.9103873925803,0.294860889740062,3223.11,2723.75,3,5,2,1.0633148922781066,1.089482662628449,0.04727843127230797,0.005057105152466083,3090.57,-0.01265422435770458
2020-05-15,GOOGL,3078.47,3123.26,3057.88,3090.57,465976,3090.57,-0.0126542243577045,2960.034,2879.8356,2628.62415,0.3184716101834028,3298.2936477886733,2621.774352211327,69.49237101266245,90.32345385968438,73.29950379731069,17.023950062373686,105.93285714285717,-0.0024507070082572,3130.18,-0.0264465066348962,3137.87,0.008290032252918,3223.11,0.0266039626361549,3176.21,0.0089265318315205,2870.85,3155.668,53.45284669688426,0.22887202333845966,3223.11,3090.57,3109.936,92.6324333889408,0.34252733262885005,3223.11,2904.71,2960.034,169.12982389433654,0.31847161018340225,3223.11,2749.82,2879.8356,132.29604318145695,0.29652449647285795,3223.11,2723.75,4,5,2,1.0440994934514116,1.073175843787377,0.02115467373331746,0.00393052392909349,3132.64,0.013612375710629232
2020-05-18,GOOGL,3149.61,3207.84,3057.45,3132.64,2726860,3132.64,0.0136123757106292,2973.207,2887.9854,2632.1543,0.2976518031063651,3317.0432133403383,2629.370786659661,76.61793935483635,88.69795711372944,76.37919446059445,12.318762653134996,109.80857142857147,-0.0126542243577045,3090.57,-0.0024507070082572,3130.18,-0.0264465066348962,3137.87,0.0064227491255302,3196.61,0.0117944162878589,2904.71,3142.8740000000003,48.6426677927983,0.2562587149627861,3223.11,3090.57,3132.7290000000003,58.146807966282424,0.3432699803724636,3223.11,3018.97,2973.207,171.91810667016912,0.2976518031063646,3223.11,2749.82,2887.9853999999996,135.09417552982148,0.2961064807161418,3223.11,2723.75,0,5,2,1.0536232425118555,1.0847146249419803,0.04800743143162072,-0.005387968669135184,3187.66,0.01756346085091165
2020-05-19,GOOGL,3176.64,3207.63,3167.69,3187.66,606493,3187.66,0.0175634608509116,2991.8985,2897.2636,2635.8527000000004,0.2870285549814059,3339.873844031293,2643.9231559687078,76.56541395723099,90.80267667614407,79.26389090370438,11.538785772439695,107.7664285714286,0.0136123757106292,3132.64,-0.0126542243577045,3090.57,-0.0024507070082572,3130.18,0.008290032252918,3223.11,0.0393361127272602,3018.97,3135.784,34.572626888920155,0.29031198042724216,3187.66,3090.57,3149.598,44.29714633398435,0.30219039099506806,3223.11,3090.57,2991.8985000000002,173.98767201564644,0.28702855498140545,3223.11,2749.82,2897.2635999999998,139.44487070655555,0.29779207721623824,3223.11,2741.68,1,5,2,1.0654305284751253,1.1002312664953577,0.012529567143292423,0.003469074241965257,3084.43,-0.03238425679024737
2020-05-20,GOOGL,3068.53,3137.05,3031.81,3084.43,933778,3084.43,-0.0323842567902473,3007.695,2903.8386,2639.45095,0.3089415166225993,3341.3595307711767,2674.030469228824,65.37481664361508,83.18201335124195,80.0475153932119,3.134497958030053,113.94500000000004,0.0175634608509116,3187.66,0.0136123757106292,3132.64,-0.0126542243577045,3090.57,-0.0264465066348962,3137.87,0.0358599124867091,3127.23,3125.096,41.360552825130576,0.32294210651804783,3187.66,3084.43,3145.318,48.56094837076133,0.30511197910822,3223.11,3084.43,3007.695,166.83226538558836,0.30894151662259883,3223.11,2749.82,2903.8386,140.38013556506488,0.3076909946814255,3223.11,2741.68,2,5,2,1.0255128927630541,1.0621905776715475,0.0341197563244963,0.005181634202694597,3084.18,-8.105225276633377e-05
2020-05-21,GOOGL,3063.77,3103.13,3063.77,3084.18,1180519,3084.18,-8.105225276633377e-05,3024.413,2907.5782,2643.1445000000003,0.3063036003399074,3336.481717068284,2712.3442829317164,64.18360969522682,76.24352199012219,79.28671671259396,-3.0431947224717675,110.8071428571429,-0.0323842567902473,3084.43,0.0175634608509116,3187.66,0.0136123757106292,3132.64,-0.0024507070082572,3130.18,-0.0106579944551568,3093.9,3115.8959999999997,44.91061489225414,0.3237546086367934,3187.66,3084.18,3144.346,49.78630762235487,0.30052690819826205,3223.11,3084.18,3024.413,156.03435853414192,0.30630360033990695,3223.11,2754.99,2907.5782,142.6714693199698,0.2865806899425201,3223.11,2741.68,3,5,2,1.0197615206649953,1.0607384523652499,0.012761901056354483,0.006661727218424749,3140.9,0.018390625709264752
2020-05-22,GOOGL,3158.16,3212.74,3069.05,3140.9,1131709,3140.9,0.0183906257092647,3041.066,2911.6822,2647.2234500000004,0.3046708653962403,3339.732019592053,2742.3999804079467,65.24022764403547,74.46318235402987,78.32200984088115,-3.8588274868512826,115.97928571428575,-8.105225276633377e-05,3084.18,-0.0323842567902473,3084.43,0.0175634608509116,3187.66,-0.0126542243577045,3090.57,0.0266039626361549,3176.21,3125.9620000000004,43.431052485525,0.3388234941499254,3187.66,3084.18,3140.8149999999996,48.511131196881784,0.2823293716053706,3223.11,3084.18,3041.066,149.3330097960266,0.3046708653962398,3223.11,2754.99,2911.6822,146.3995334035469,0.28789407304707887,3223.11,2741.68,4,5,2,1.0328286199638441,1.0787234953041651,0.045748034002978076,-0.005465207589227366,3132.38,-0.0027125982998503773
2020-05-25,GOOGL,3109.18,3181.23,3083.53,3132.38,1794786,3132.38,-0.0027125982998503,3057.222,2916.3914,2651.1671,0.3056245918670312,3337.4814687710004,2776.962531229,58.47418366462135,71.54008796844118,76.96562546639316,-5.425537497951979,110.95357142857145,0.0183906257092647,3140.9,-8.105225276633377e-05,3084.18,-0.0323842567902473,3084.43,0.0136123757106292,3132.64,0.0064227491255302,3196.61,3125.91,43.42121255792412,0.32751870405382216,3187.66,3084.18,3134.392,44.37903228629181,0.27933677188812234,3223.11,3084.18,3057.222,140.12973438550003,0.30562459186703067,3223.11,2754.99,2916.3914,149.66555326024303,0.2860921857234593,3223.11,2741.68,0,5,2,1.0245837561024274,1.074060223877675,0.03119034089094191,0.0074617744871615065,3169.99,0.012006844635708225
2020-05-26,GOOGL,3167.06,3228.28,3111.71,3169.99,785988,3169.99,0.0120068446357082,3077.972,2922.2286,2655.7777,0.2916099915681823,3323.286705170003,2832.6572948299963,53.57226399206345,71.43487056698632,75.8594744865118,-4.424603919525481,106.40357142857147,-0.0027125982998503,3132.38,0.0183906257092647,3140.9,-8.105225276633377e-05,3084.18,0.0175634608509116,3187.66,0.008290032252918,3223.11,3122.3759999999997,37.4471124387503,0.310864226137572,3169.99,3084.18,3129.0799999999995,34.704542129892694,0.2837172614668002,3187.66,3084.18,3077.9719999999998,122.65735258500163,0.2916099915681818,3223.11,2811.6,2922.2286,153.777853544839,0.2863754775291399,3223.11,2741.68,1,5,2,1.0298956585696588,1.0847850849173521,0.03677298666556153,0.0009251482447439932,3188.72,0.005908535989072483
2020-05-27,GOOGL,3189.17,3257.7,3119.75,3188.72,1331929,3188.72,0.0059085359890724,3096.828,2928.841,2660.0109,0.287321035608392,3312.064369026225,2881.591630973775,58.11954101590395,72.03249373602375,75.09407833641419,-3.0615846003904323,112.04714285714287,0.0120068446357082,3169.99,-0.0027125982998503,3132.38,0.0183906257092647,3140.9,-0.0323842567902473,3084.43,-0.0264465066348962,3137.87,3143.234,39.98590851788321,0.13748629607692522,3188.72,3084.18,3134.165,39.525997703353504,0.24840332150140662,3188.72,3084.18,3096.828,107.61818451311251,0.2873210356083914,3223.11,2845.45,2928.841,158.01399970591868,0.2857400299095793,3223.11,2741.68,2,5,2,1.0296729427656202,1.088731003150704,0.04326187310267335,-0.00014110254392212763,3207.07,0.00575466017712456
2020-05-28,GOOGL,3219.09,3232.75,3181.4,3207.07,952216,3207.07,0.0057546601771245,3114.909,2937.4242,2664.2327,0.2865698874932146,3299.8560749786884,2929.961925021312,52.96765011204843,73.14365156092754,74.70399298131686,-1.5603414203893209,106.9707142857143,0.0059085359890724,3188.72,0.0120068446357082,3169.99,-0.0027125982998503,3132.38,-8.105225276633377e-05,3084.18,-0.0024507070082572,3130.18,3167.8120000000004,31.475232644107077,0.12502382823501118,3207.07,3132.38,3141.854,45.66641367327694,0.24796064314944477,3207.07,3084.18,3114.909,92.47353748934424,0.2865698874932141,3223.11,2870.85,2937.4242,161.27049305741116,0.2771900785581958,3223.11,2741.68,3,5,2,1.0295870601673982,1.0917966836383075,0.016011499593081503,-0.003733974508322615,3194.05,-0.004059780422628778
2020-05-29,GOOGL,3202.57,3212.49,3175.62,3194.05,1350369,3194.05,-0.0040597804226287,3131.0690000000004,2946.0246,2668.358,0.2886038621380803,3279.003080611369,2983.134919388632,49.75027313739562,72.14203844299254,74.19160207365199,-2.049563630659449,106.03428571428572,0.0057546601771245,3207.07,0.0059085359890724,3188.72,0.0120068446357082,3169.99,0.0183906257092647,3140.9,-0.0126542243577045,3090.57,3178.442,28.99117745109238,0.10617098225700644,3207.07,3132.38,3152.2019999999998,44.462661938617224,0.23671257633196433,3207.07,3084.18,3131.0690000000004,73.96704030568426,0.2886038621380798,3223.11,2904.71,2946.0245999999997,163.28848474352898,0.2770585839924247,3223.11,2741.68,4,5,2,1.020114855341412,1.0841898604644766,0.011543338394824234,-0.0026603633956470336,3133.33,-0.01901034736463114
2020-06-01,GOOGL,3152.8,3204.07,3062.59,3133.33,1169308,3133.33,-0.0190103473646311,3142.5,2952.7434000000003,2671.95035,0.3001821057659141,3245.205196916707,3039.794803083293,41.79011668205664,65.69140664469023,72.49156298785964,-6.800156343169405,108.08285714285714,-0.0040597804226287,3194.05,0.0057546601771245,3207.07,0.0059085359890724,3188.72,-0.0027125982998503,3132.38,0.0136123757106292,3132.64,3178.632,28.614496675649107,0.1927943089907342,3207.07,3133.33,3152.2709999999997,44.42945430681199,0.25336696515694146,3207.07,3084.18,3142.5,51.352598458353505,0.3001821057659135,3223.11,3018.97,2952.7434000000003,163.95788957385128,0.28061531800694384,3223.11,2741.68,0,6,2,0.9970819411293566,1.0611589208865688,0.0451532395247085,-0.006175463080434559,3078.44,-0.017518103742663493
2020-06-02,GOOGL,3050.42,3113.23,3043.66,3078.44,1245448,3078.44,-0.0175181037426634,3145.4735,2959.4786000000004,2674.8035,0.2783749344878573,3235.820068577338,3055.126931422662,44.246074006894574,55.51018336516927,69.09528706332156,-13.585103698152295,104.01142857142857,-0.0190103473646311,3133.33,-0.0040597804226287,3194.05,0.0057546601771245,3207.07,0.0120068446357082,3169.99,0.0175634608509116,3187.66,3160.322,53.76483488304071,0.19205111551865814,3207.07,3078.44,3141.3489999999997,48.04109593764453,0.24693036025444887,3207.07,3078.44,3145.4735,45.17328428866895,0.27837493448785655,3223.11,3078.44,2959.4786000000004,162.01606235576259,0.27968408563847175,3223.11,2749.82,1,6,2,0.9786889000969238,1.0401967427637286,0.022599108639433468,0.009185620340802511,3114.43,0.011690986343732446
2020-06-03,GOOGL,3101.75,3138.04,3090.82,3114.43,963051,3114.43,0.0116909863437324,3144.8335,2965.9908,2677.6572,0.2501634279306871,3235.902667761968,3053.764332238032,48.55432966666098,49.771843948277365,65.23059844031273,-15.458754492035368,97.6978571428571,-0.0175181037426634,3078.44,-0.0190103473646311,3133.33,-0.0040597804226287,3194.05,0.0059085359890724,3188.72,-0.0323842567902473,3084.43,3145.464,54.21821262270228,0.21699913854751354,3207.07,3078.44,3144.3489999999997,44.927573926153286,0.19574670291527735,3207.07,3078.44,3144.8334999999997,45.534583880984094,0.25016342793068647,3223.11,3078.44,2965.9908,161.55975452129368,0.2784645417526273,3223.11,2749.82,2,6,2,0.9903322385744776,1.0500470871315413,0.015161682876155392,0.004088014830336342,3116.25,0.0005843765953963409
2020-06-04,GOOGL,3102.54,3161.02,3071.47,3116.25,978529,3116.25,0.0005843765953963,3145.951,2972.0872000000004,2680.32195,0.2470256441701359,3234.9127152192573,3056.9892847807428,52.53284412211413,44.85397866212861,61.15527448467591,-16.301295822547296,98.92999999999999,0.0116909863437324,3114.43,-0.0175181037426634,3078.44,-0.0190103473646311,3133.33,0.0057546601771245,3207.07,-8.105225276633377e-05,3084.18,3127.3,42.328956991643985,0.20413654792017163,3194.05,3078.44,3147.5559999999996,41.14038140590465,0.19566877085480963,3207.07,3078.44,3145.951,44.480857609628735,0.24702564417013528,3223.11,3078.44,2972.0872000000004,161.3594442008817,0.2781782032932179,3223.11,2749.82,3,6,2,0.9905589756480662,1.0485055754753598,0.02873646209385365,0.004418959948943645,3110.19,-0.0019446450060168763
2020-06-05,GOOGL,3088.17,3162.96,3057.43,3110.19,1346125,3110.19,-0.0019446450060168,3142.65,2978.7038,2682.92585,0.2269453468624088,3231.7834861761285,3053.516513823872,47.61641857459364,40.006375048625614,56.92549459746586,-16.919119548840243,95.72571428571428,0.0005843765953963,3116.25,0.0116909863437324,3114.43,-0.0175181037426634,3078.44,-0.0040597804226287,3194.05,0.0183906257092647,3140.9,3110.528,19.98532011253141,0.20572886365408832,3133.33,3078.44,3144.485,42.80496343235818,0.17035529577109396,3207.07,3078.44,3142.65,44.566743088064236,0.22694534686240816,3223.11,3078.44,2978.7038000000002,160.07308798643004,0.2766025883453048,3223.11,2749.82,4,6,2,0.9896711374155602,1.0441420862319228,0.03393040296572437,0.007130436472083095,3090.01,-0.006488349586359576
2020-06-08,GOOGL,3076.98,3107.38,3072.65,3090.01,1750335,3090.01,-0.0064883495863595,3137.32,2985.0275999999994,2685.4546,0.2260063601146447,3225.612345975798,3049.0276540242025,38.8039166214698,34.142681333788005,52.36893194473029,-18.226250610942287,93.05071428571425,-0.0019446450060168,3110.19,0.0005843765953963,3116.25,0.0116909863437324,3114.43,-0.0190103473646311,3133.33,-0.0027125982998503,3132.38,3101.864,16.75846592025386,0.16881921388164303,3116.25,3078.44,3140.248,46.10598534296291,0.17250246455095342,3207.07,3078.44,3137.32,44.146172987898844,0.22600636011464406,3223.11,3078.44,2985.0275999999994,158.0466514512092,0.27715330642794594,3223.11,2749.82,0,6,2,0.9849202504044902,1.0351696580624465,0.011239445827032526,0.004234671658573005,3075.8,-0.004598690619124213
2020-06-09,GOOGL,3064.09,3108.09,3043.51,3075.8,944603,3075.8,-0.0045986906191242,3129.9545,2989.6146000000003,2688.0068,0.2231401968093628,3212.504110850651,3047.4048891493485,48.756734950636535,28.025967667362238,47.500339089256684,-19.474371421894446,86.53142857142855,-0.0064883495863595,3090.01,-0.0019446450060168,3110.19,0.0005843765953963,3116.25,-0.0175181037426634,3078.44,0.0120068446357082,3169.99,3101.3360000000002,17.696321086607345,0.11334846967625227,3116.25,3075.8,3130.8289999999997,48.891761962306305,0.1559635396885574,3207.07,3075.8,3129.9545,41.27480542532576,0.2231401968093622,3207.07,3075.8,2989.6146000000003,157.2689303774998,0.27208586856695544,3223.11,2749.82,1,6,2,0.9826979912963647,1.028828264351857,0.020996163599707046,0.0038216893106913356,3128.6,0.017166265686975546
2020-06-10,GOOGL,3129.97,3146.3,3110.91,3128.6,847736,3128.6,0.0171662656869755,3129.491,2994.5698,2690.9880000000003,0.2139057480933767,3211.9575349416245,3047.0244650583754,55.55777988895,27.12625220030668,43.425521711466686,-16.299269511160006,88.75571428571425,-0.0045986906191242,3075.8,-0.0064883495863595,3090.01,-0.0019446450060168,3110.19,0.0116909863437324,3114.43,0.0059085359890724,3188.72,3104.1699999999996,21.120808459912702,0.15009528564754707,3128.6,3075.8,3124.817,44.47945669383572,0.18197398315209323,3207.07,3075.8,3129.491,41.233267470812336,0.213905748093376,3207.07,3075.8,2994.5698,157.67440192500953,0.2733207820553549,3223.11,2749.82,2,6,2,0.9997152891633176,1.044757747840426,0.011311768842290166,-0.00043770387575582296,3112.71,-0.005078949050693615
2020-06-11,GOOGL,3122.9,3154.44,3070.98,3112.71,1533734,3112.71,-0.0050789490506936,3128.6175000000003,2999.1836,2694.02475,0.2144977715589786,3211.422701686433,3045.812298313568,46.071518156456406,24.84463749306633,39.70934486778662,-14.86470737472029,84.45357142857142,0.0171662656869755,3128.6,-0.0045986906191242,3075.8,-0.0064883495863595,3090.01,0.0005843765953963,3116.25,0.0057546601771245,3207.07,3103.462,20.669138104921466,0.15620997991008195,3128.6,3075.8,3115.3810000000003,33.823793548343986,0.17737869998248135,3194.05,3075.8,3128.6175000000003,41.4026008432164,0.21449777155897787,3207.07,3075.8,2999.1836,157.68898127436884,0.2737414002076415,3223.11,2749.82,3,6,2,0.9949154858332809,1.0378524342420925,0.026812648785133605,-0.003262992731114282,3047.46,-0.020962441088312134
2020-06-12,GOOGL,3040.22,3117.26,2977.67,3047.46,1184499,3047.46,-0.0209624410883121,3126.4620000000004,3002.6954,2696.9997,0.2227675699344514,3215.4508647322286,3037.473135267772,39.78147862784716,17.56878964559246,35.28123382334779,-17.71244417775533,87.4457142857143,-0.0050789490506936,3112.71,0.0171662656869755,3128.6,-0.0045986906191242,3075.8,-0.0019446450060168,3110.19,-0.0040597804226287,3194.05,3090.916,31.673334683929927,0.21641929278547653,3128.6,3047.46,3100.722,27.022683804554802,0.19933961440822276,3133.33,3047.46,3126.4620000000004,44.49443236611399,0.2227675699344507,3207.07,3047.46,3002.6953999999996,156.7482153035832,0.27821161005057476,3223.11,2749.82,4,6,2,0.9747311817636116,1.0149081388671608,0.04580535921716916,0.0023814066087315573,3084.78,0.012246264101907878
2020-06-15,GOOGL,3098.32,3160.83,3008.73,3084.78,1672836,3084.78,0.0122462641019078,3124.0690000000004,3006.8676,2700.1728,0.2216609719254612,3214.9130284861585,3033.2249715138423,39.73942152407983,14.645218942920565,31.154030847262348,-16.508811904341783,89.98357142857142,-0.0209624410883121,3047.46,-0.0050789490506936,3112.71,0.0171662656869755,3128.6,-0.0064883495863595,3090.01,-0.0190103473646311,3133.33,3089.87,31.79685361793257,0.242147120088248,3128.6,3047.46,3095.867,24.781678738778947,0.19789041378660502,3128.6,3047.46,3124.0690000000004,45.42201424307895,0.2216609719254605,3207.07,3047.46,3006.8676,156.08664450914375,0.2792878045955966,3223.11,2749.82,0,6,2,0.9874237732902226,1.025911483431786,0.04930659560809866,-0.004370110253297139,3075.52,-0.0030018348148004304
2020-06-16,GOOGL,3065.44,3130.08,3020.96,3075.52,835272,3075.52,-0.0030018348148004,3118.462,3011.3082,2703.62215,0.2109793998736802,3206.582072771633,3030.341927228367,36.0508675066426,11.44908555543816,27.213041788897513,-15.763956233459353,87.92428571428572,0.0122462641019078,3084.78,-0.0209624410883121,3047.46,-0.0050789490506936,3112.71,-0.0045986906191242,3075.8,-0.0175181037426634,3078.44,3089.814,31.828059632975314,0.24059897877860156,3128.6,3047.46,3095.575,25.025835206416467,0.17731795233607267,3128.6,3047.46,3118.462,44.06003638581665,0.21097939987367959,3207.07,3047.46,3011.3082,154.78698374705672,0.27865353022033396,3223.11,2749.82,1,6,2,0.9862297504343531,1.021323556319801,0.03548017896159492,0.0032882718304702227,3077.9,0.0007738528769118957
2020-06-17,GOOGL,3064.99,3103.24,3052.56,3077.9,588926,3077.9,0.0007738528769118,3118.1355,3017.6712,2707.04365,0.1771464152504666,3206.8329942921105,3029.4380057078893,33.43082172331759,9.004376085980766,23.571308648314165,-14.566932562333399,87.87642857142858,-0.0030018348148004,3075.52,0.0122462641019078,3084.78,-0.0209624410883121,3047.46,0.0171662656869755,3128.6,0.0116909863437324,3114.43,3079.674,23.321626872930082,0.19007237553181583,3112.71,3047.46,3091.922,24.630790035618116,0.16514851533875125,3128.6,3047.46,3118.1355,44.3487471460553,0.17714641525046596,3207.07,3047.46,3017.6711999999998,150.7207214555553,0.2672334404927011,3223.11,2749.82,2,6,2,0.9870962952055846,1.019958701928487,0.016465772117347337,0.004212085520669267,3158.96,0.026336138276097376
2020-06-18,GOOGL,3161.56,3231.98,3085.93,3158.96,969591,3158.96,0.0263361382760973,3121.8745,3023.8066,2710.87415,0.2003744734915286,3210.8493367680976,3032.899663231902,46.16779153693214,13.452716232862258,21.547590165223784,-8.094873932361526,96.24857142857142,0.0007738528769118,3077.9,-0.0030018348148004,3075.52,0.0122462641019078,3084.78,-0.0050789490506936,3112.71,0.0005843765953963,3116.25,3088.924,41.66135235443309,0.2800866015437728,3158.96,3047.46,3096.193,31.93728195839201,0.2155420893658928,3158.96,3047.46,3121.8745,44.487418384048745,0.20037447349152784,3207.07,3047.46,3023.8066,150.0895242181889,0.26339403522632515,3223.11,2749.82,3,6,2,1.0118792411414963,1.0446964432179477,0.046233570542189184,-0.0008223788256427481,3158.78,-5.698077848403926e-05
2020-06-19,GOOGL,3128.69,3207.18,3110.37,3158.78,883185,3158.78,-5.698077848403926e-05,3122.7685,3029.781,2714.67235,0.1898999396476985,3212.900028516088,3032.636971483911,53.20294998428144,16.77021673275067,20.592115478729163,-3.821898745978494,93.05785714285715,0.0263361382760973,3158.96,0.0007738528769118,3077.9,-0.0030018348148004,3075.52,-0.0209624410883121,3047.46,-0.0019446450060168,3110.19,3111.1879999999996,43.66017086545078,0.1927421933341491,3158.96,3075.52,3101.052,37.51300153873859,0.21491834601732393,3158.96,3047.46,3122.7684999999997,45.06576425804419,0.18989993964769775,3207.07,3047.46,3029.781,149.38216949919845,0.26343803644045855,3223.11,2749.82,4,6,2,1.011531914709332,1.0425770047402627,0.03064790836967731,0.009617443722449501,3174.29,0.0049101235287041245
2020-06-22,GOOGL,3147.61,3199.92,3147.61,3174.29,1162771,3174.29,0.0049101235287041,3124.864,3035.6844,2718.64465,0.1901959506023513,3217.8402852390705,3031.8877147609296,63.39023776679204,20.41554941234699,20.556802265452728,-0.14125285310573688,90.3892857142857,-5.698077848403926e-05,3158.78,0.0263361382760973,3158.96,0.0007738528769118,3077.9,0.0122462641019078,3084.78,-0.0064883495863595,3090.01,3129.09,48.23617418494606,0.18775644738802372,3174.29,3075.52,3109.4800000000005,43.71192895920192,0.21042741827050154,3174.29,3047.46,3124.864,46.48814261953528,0.19019595060235062,3207.07,3047.46,3035.6844,149.13890274123224,0.26331194169222505,3223.11,2749.82,0,6,2,1.0158170083558786,1.0456587647908835,0.016479275680540677,0.008476272473397708,3115.82,-0.018419867119891298
2020-06-23,GOOGL,3110.71,3188.84,3042.8,3115.82,930143,3115.82,-0.0184198671198912,3122.1555,3040.456,2721.72075,0.1968250179472422,3212.7215785749054,3031.5894214250943,50.18270721968889,18.374649951490937,20.120371802660372,-1.745721851169435,96.56357142857142,0.0049101235287041,3174.29,-5.698077848403926e-05,3158.78,0.0263361382760973,3158.96,-0.0030018348148004,3075.52,-0.0045986906191242,3075.8,3137.15,39.64985498082555,0.2536087495715143,3174.29,3077.9,3113.4820000000004,42.08759088695458,0.23409271864042117,3174.29,3047.46,3122.1555,45.28303928745266,0.19682501794724144,3207.07,3047.46,3040.456,147.77650536799524,0.2672546485366173,3223.11,2749.82,1,6,2,0.9979707929342412,1.0247870714126353,0.04687048674183781,0.0016427117924841868,3105.73,-0.003238312867880788
2020-06-24,GOOGL,3133.25,3168.31,3043.16,3105.73,1614020,3105.73,-0.0032383128678807,3118.0060000000003,3045.6832,2724.4678499999995,0.1953698105340466,3203.1747077203345,3032.837292279666,48.646632015949535,15.761356642256487,19.2485687705796,-3.4872121283231117,99.10642857142855,-0.0184198671198912,3115.82,0.0049101235287041,3174.29,-5.698077848403926e-05,3158.78,0.0007738528769118,3077.9,0.0171662656869755,3128.6,3142.7160000000003,30.04245379459761,0.25711245752236567,3174.29,3105.73,3111.195,41.79516671951555,0.21740728253450303,3174.29,3047.46,3118.0060000000003,42.58435386016697,0.1953698105340459,3207.07,3047.46,3045.6832,145.30065073439414,0.2658100597855091,3223.11,2749.82,2,6,2,0.9960628683841544,1.0197153794586975,0.04029648424040718,-0.008783212319473772,3137.02,0.010074926023833308
2020-06-25,GOOGL,3150.92,3198.62,3075.43,3137.02,1069361,3137.02,0.0100749260238333,3114.5035,3051.689800000001,2727.62,0.1980070550450192,3189.3913496997097,3039.61565030029,53.24119935068405,16.030356395508534,18.604926295565384,-2.5745699000568507,100.36785714285712,-0.0032383128678807,3105.73,-0.0184198671198912,3115.82,0.0049101235287041,3174.29,0.0263361382760973,3158.96,-0.0050789490506936,3112.71,3138.328,28.6465542430588,0.17140352201300912,3174.29,3105.73,3113.626,42.5924633917642,0.22202182989370534,3174.29,3047.46,3114.5035,37.44392484985501,0.19800705504501848,3194.05,3047.46,3051.6898000000006,142.66858751395202,0.2662208178228319,3223.11,2749.82,3,6,2,1.0072295632350365,1.0279616230977904,0.039269752822730104,-0.004411410000887258,3060.75,-0.024312882927109203
2020-06-26,GOOGL,3035.54,3119.47,3002.04,3060.75,1274445,3060.75,-0.0243128829271092,3107.8385,3057.5894,2730.3406,0.2144831202971002,3176.375468518449,3039.3015314815507,46.88710157739387,9.97421253956054,16.878783544364417,-6.904571004803877,107.32785714285713,0.0100749260238333,3137.02,-0.0032383128678807,3105.73,-0.0184198671198912,3115.82,-5.698077848403926e-05,3158.78,-0.0209624410883121,3047.46,3118.722,41.71506286703171,0.23471753558227712,3174.29,3060.75,3114.9550000000004,40.452071571743296,0.23167253884289407,3174.29,3060.75,3107.8385,34.26848425922459,0.21448312029709954,3174.29,3047.46,3057.5894,136.57274793759638,0.2658641301655452,3223.11,2749.82,4,6,2,0.9848484726600225,1.0010336901347836,0.038366413460740496,0.008304947389918015,3071.44,0.003492608020909893
2020-06-29,GOOGL,3092.71,3099.1,3043.77,3071.44,1278100,3071.44,0.0034926080209098,3104.744,3061.6345999999994,2733.23305,0.2055600475329561,3174.019600443856,3035.4683995561445,49.53265017216168,5.96846778017607,14.696720391526748,-8.728252611350678,106.66714285714284,-0.0243128829271092,3060.75,0.0100749260238333,3137.02,-0.0032383128678807,3105.73,0.0049101235287041,3174.29,0.0122462641019078,3084.78,3098.152,31.59409074495255,0.23067238036004328,3137.02,3060.75,3113.621,41.75664935739637,0.2232943009594314,3174.29,3060.75,3104.744,34.6378002219279,0.2055600475329554,3174.29,3047.46,3061.6345999999994,133.8464863452955,0.25336519019496884,3223.11,2749.82,0,6,2,0.9892731896732905,1.0032026682736723,0.01801435157449988,-0.006877463454379203,3077.23,0.001885109264709639
2020-06-30,GOOGL,3091.53,3105.6,3048.86,3077.23,1297323,3077.23,0.0018851092647096,3104.6835,3066.9026,2736.3518000000004,0.196097588893166,3174.0578672594297,3035.3091327405705,43.87650494548989,3.2239273814543594,12.402161789512272,-9.178234408057913,105.68428571428568,0.0034926080209098,3071.44,-0.0243128829271092,3060.75,0.0100749260238333,3137.02,-0.0184198671198912,3115.82,-0.0030018348148004,3075.52,3090.434,30.905017877364966,0.20843174938016973,3137.02,3060.75,3113.7920000000004,41.586437639650626,0.22301316378689018,3174.29,3060.75,3104.6835,34.68718362971483,0.19609758889316548,3174.29,3047.46,3066.9026,128.9896150670459,0.2488535114242752,3223.11,2749.82,1,6,2,0.9911573917273722,1.0033673713664715,0.018438660743584762,-0.00462554139859408,3080.1,0.0009326569674674712
2020-07-01,GOOGL,3086.94,3137.9,3022.3,3080.1,1188473,3080.1,0.0009326569674674,3102.967,3073.1346000000003,2739.7419,0.1912886333211779,3173.02147537463,3032.91252462537,45.98823905557208,1.265852398052175,10.174899911220255,-8.90904751316808,107.97999999999995,0.0018851092647096,3077.23,0.0034926080209098,3071.44,-0.0243128829271092,3060.75,-0.0032383128678807,3105.73,0.0007738528769118,3077.9,3085.308,29.84093279373513,0.2095003396740526,3137.02,3060.75,3114.012,41.380775676110176,0.2230271370079698,3174.29,3060.75,3102.967,35.027237687314965,0.19128863332117732,3174.29,3047.46,3073.1346000000003,121.59365983086079,0.24542397110164416,3223.11,2749.82,2,7,3,0.9926306016141994,1.0022665456953943,0.03753124898541034,-0.002215786507025705,3132.49,0.017009188013376253
2020-07-02,GOOGL,3152.56,3161.92,3103.07,3132.49,1471911,3132.49,0.0170091880133762,3103.779,3080.788,2743.3073,0.2011378364238338,3174.850828425925,3032.707171574075,60.80239855463769,3.8965816572317635,8.919236260422556,-5.022654603190793,103.85357142857139,0.0009326569674674,3080.1,0.0018851092647096,3077.23,0.0034926080209098,3071.44,0.0100749260238333,3137.02,0.0263361382760973,3158.96,3084.402,27.88292972411984,0.2377009726476996,3132.49,3060.75,3111.3650000000002,38.96204000193132,0.19560533687445514,3174.29,3060.75,3103.779,35.53591421296247,0.20113783642383323,3174.29,3047.46,3080.788,112.53370413946598,0.24673526201344437,3223.11,2754.99,3,7,3,1.0092503364443766,1.0167820700414905,0.01878697138697366,-0.006366254726315692,3150.16,0.005640879938962229
2020-07-03,GOOGL,3144.12,3193.55,3106.77,3150.16,872894,3150.16,0.0056408799389622,3105.7775,3087.6344,2747.0889500000003,0.2017981447918639,3179.795192017474,3031.759807982526,58.74251176502351,7.322861485281464,8.599961305394338,-1.2770998201128734,99.18785714285711,0.0170091880133762,3132.49,0.0009326569674674,3080.1,0.0018851092647096,3077.23,-0.0243128829271092,3060.75,-5.698077848403926e-05,3158.78,3102.284,36.3170033180093,0.10349289118717143,3150.16,3071.44,3110.5029999999997,37.876707016917706,0.19826204714128529,3174.29,3060.75,3105.7775,37.00884600873691,0.2017981447918633,3174.29,3047.46,3087.6344,105.80074628725805,0.2432312870038256,3223.11,2754.99,4,7,3,1.0142903025084653,1.0202503249733776,0.027547807095503928,0.001921046270497959,3226.42,0.02420829418188286
2020-07-06,GOOGL,3208.45,3293.02,3159.83,3226.42,2100317,3226.42,0.0242082941818828,3112.598,3095.9776,2751.0618,0.2161698648982843,3203.672351719172,3021.523648280828,67.11194774349188,16.007236148451284,10.081416274005727,5.925819874445557,101.59785714285714,0.0056408799389622,3150.16,0.0170091880133762,3132.49,0.0009326569674674,3080.1,0.0034926080209098,3071.44,0.0049101235287041,3174.29,3133.2799999999997,61.094870897649606,0.16228791510491428,3226.42,3077.23,3115.7159999999994,49.45033450062024,0.23284773878804926,3226.42,3060.75,3112.598,45.53717585958582,0.21616986489828371,3226.42,3047.46,3095.9776,99.67137684145548,0.24804582748978174,3226.42,2754.99,0,7,3,1.0365681658855284,1.0421328629764497,0.04128104834459208,0.00560083529429932,3176.4,-0.015503251281606234
2020-07-07,GOOGL,3177.16,3242.08,3110.72,3176.4,1091667,3176.4,-0.0155032512816062,3117.628,3104.4058,2754.5863,0.2240731991916904,3211.222464208847,3024.033535791153,60.08064515956868,18.638615315909647,11.792856082386512,6.845759233523134,107.3607142857143,0.0242082941818828,3226.42,0.0056408799389622,3150.16,0.0170091880133762,3132.49,0.0018851092647096,3077.23,-0.0184198671198912,3115.82,3153.114,54.03963156795742,0.24333789818292698,3226.42,3080.1,3121.774,53.04459721153867,0.22614552153915085,3226.42,3060.75,3117.628,46.797232104423465,0.22407319919168978,3226.42,3047.46,3104.4058,87.29825442045934,0.2464316230604195,3226.42,2811.6,1,7,3,1.0188515114692904,1.0231909758701574,0.04135499307390718,-0.00023920734240627617,3184.18,0.002449313688452248
2020-07-08,GOOGL,3187.29,3228.97,3139.4,3184.18,710136,3184.18,0.0024493136884522,3120.407,3111.8574,2757.8716000000004,0.216568652274922,3218.5625852180024,3022.251414781998,53.03650548848363,21.10845807883652,13.655976481676515,7.452481597160006,102.75285714285714,-0.0155032512816062,3176.4,0.0242082941818828,3226.42,0.0056408799389622,3150.16,0.0009326569674674,3080.1,-0.0032383128678807,3105.73,3173.93,35.87704697993823,0.2413989733937367,3226.42,3132.49,3129.6189999999997,56.12013135528474,0.22423765899561235,3226.42,3060.75,3120.407,49.07779260900117,0.2165686522749214,3226.42,3047.46,3111.8574,77.10060289371022,0.2431190558582262,3226.42,2845.45,2,7,3,1.0204373980698604,1.0232409749877924,0.028129691160666666,-0.000975750559252265,3189.36,0.0016267924552004764
2020-07-09,GOOGL,3191.8,3255.83,3122.88,3189.36,1293757,3189.36,0.0016267924552004,3124.2395,3118.7356,2761.3506,0.2153896960072539,3227.006969863377,3021.4720301366224,53.63805082147393,23.2161872169836,15.568018628737931,7.648168588245667,105.3342857142857,0.0024493136884522,3184.18,-0.0155032512816062,3176.4,0.0242082941818828,3226.42,0.0170091880133762,3132.49,0.0100749260238333,3137.02,3185.304,27.48918842019087,0.22435672772523904,3226.42,3150.16,3134.853,59.24102089488139,0.22031544579378667,3226.42,3060.75,3124.2394999999997,51.38373493168859,0.21538969600725327,3226.42,3047.46,3118.7356,67.60462999361548,0.24216328701601011,3226.42,2870.85,3,7,3,1.02084363250608,1.0226452027542756,0.041685479218388055,-0.0007644589259976471,3136.11,-0.016696139664384102
2020-07-10,GOOGL,3140.19,3204.39,3067.83,3136.11,853721,3136.11,-0.0166961396643841,3128.672,3124.0408,2764.4647500000005,0.2100050508815278,3224.9373701959444,3032.406629804055,45.83205973398183,20.355106772887666,16.52543625756788,3.829670515319787,111.35214285714285,0.0016267924552004,3189.36,0.0024493136884522,3184.18,-0.0155032512816062,3176.4,0.0056408799389622,3150.16,-0.0243128829271092,3060.75,3182.494,32.28037453315459,0.2645301750863962,3226.42,3136.11,3142.389,53.25817567911813,0.19719814601731542,3226.42,3071.44,3128.6719999999996,48.13268509797237,0.21000505088152727,3226.42,3060.75,3124.0408,57.391646901296404,0.24542092880731806,3226.42,2904.71,4,7,3,1.0023773664989484,1.0038633298255888,0.043544390981169794,-0.001299284438202347,3185.33,0.015694602549017667
2020-07-13,GOOGL,3213.91,3242.97,3127.69,3185.33,1565891,3185.33,0.0156946025490176,3133.6995,3129.6532,2767.6937,0.2126812061900287,3230.8119777012616,3036.587022298738,57.744501636008565,21.807934267993915,17.581935859653086,4.225998408340828,109.15499999999997,-0.0166961396643841,3136.11,0.0016267924552004,3189.36,0.0024493136884522,3184.18,0.0242082941818828,3226.42,0.0034926080209098,3071.44,3174.2760000000003,21.84583552992855,0.21638060515933752,3189.36,3136.11,3153.778,48.351692099554185,0.20812077790607897,3226.42,3077.23,3133.6994999999997,48.556238850631026,0.21268120619002817,3226.42,3060.75,3129.6532,48.54446101952093,0.24638504666508648,3226.42,3018.97,0,7,3,1.0164758937476244,1.017790086134458,0.036190912715468586,-0.008892595001101785,3306.94,0.03817814794699448
2020-07-14,GOOGL,3333.54,3338.58,3275.29,3306.94,2904216,3306.94,0.0381781479469944,3145.2705,3135.4126,2771.62325,0.2479411946685856,3265.573725747601,3024.967274252399,67.95587998902107,32.39874858161875,20.545298404046218,11.85345017757253,111.16214285714283,0.0156946025490176,3185.33,-0.0166961396643841,3136.11,0.0016267924552004,3189.36,-0.0155032512816062,3176.4,0.0018851092647096,3077.23,3200.384,63.43510329463364,0.3225046895151895,3306.94,3136.11,3176.7490000000003,60.88541942772685,0.26975621951475753,3306.94,3080.1,3145.2705,60.1516128738005,0.24794119466858508,3306.94,3060.75,3135.4125999999997,52.09743116431688,0.2454938439508411,3306.94,3047.46,1,7,3,1.0514008254612595,1.0547064842435554,0.019138538951411523,-0.007979505270670798,3306.94,0.0
2020-07-15,GOOGL,3331.79,3341.59,3272.28,3306.94,876071,3306.94,0.0,3156.7225,3139.0068,2775.7041,0.2480795418186358,3292.6182735101056,3020.826726489894,66.06049149163546,40.327178615580124,24.501674446353,15.825504169227123,107.3135714285714,0.0381781479469944,3306.94,0.0156946025490176,3185.33,-0.0166961396643841,3136.11,0.0024493136884522,3184.18,0.0009326569674674,3080.1,3224.936,77.73940011346225,0.3257329722934705,3306.94,3136.11,3199.433,63.09282175230488,0.2704176763307231,3306.94,3132.49,3156.7225,67.94788675505285,0.24807954181863526,3306.94,3060.75,3139.0068,57.44593815024335,0.2328892685853383,3306.94,3047.46,2,7,3,1.0475865395196926,1.0534988328151906,0.020958952989766667,-0.007458453263858902,3334.67,0.008385395562060305
2020-07-16,GOOGL,3354.77,3372.34,3297.0,3334.67,1370630,3334.67,0.0083853955620603,3165.5080000000003,3143.8222000000005,2779.5952500000003,0.2341580549630451,3323.0135535328823,3008.0024464671183,78.50601506660476,48.29142233317771,29.259624023717944,19.031798309459763,103.0535714285714,0.0,3306.94,0.0381781479469944,3306.94,0.0156946025490176,3185.33,0.0016267924552004,3189.36,0.0170091880133762,3132.49,3253.998,87.64496146385794,0.3212174583127886,3334.67,3136.11,3219.6510000000003,71.13863076964104,0.2651264189491614,3334.67,3136.11,3165.5080000000003,78.75277676644092,0.2341580549630445,3334.67,3060.75,3143.8222000000005,63.373176463419206,0.23181432535809407,3334.67,3047.46,3,7,3,1.053439132044192,1.0607056594991087,0.02259294023096065,-0.005991468863735493,3340.09,0.0016253482353576487
2020-07-17,GOOGL,3369.71,3369.71,3315.59,3340.09,594591,3340.09,0.0016253482353576,3174.5735,3147.0998,2783.4634,0.2339606345765833,3350.269373632804,2998.877626367196,78.26764030999023,54.413249492741215,34.2903491175226,20.122900375218613,102.96714285714282,0.0083853955620603,3334.67,0.0,3306.94,0.0381781479469944,3306.94,-0.0166961396643841,3136.11,0.0056408799389622,3150.16,3294.7940000000003,63.085737136070534,0.2460072408283296,3340.09,3185.33,3238.6440000000002,75.73019083856894,0.2662117567968128,3340.09,3136.11,3174.5735,87.84793681640218,0.23396063457658284,3340.09,3060.75,3147.0998,69.0647081821692,0.22463198971316176,3340.09,3047.46,4,7,3,1.0521381848613516,1.0613231903223848,0.016203156202372896,-0.008790073923272655,3303.07,-0.011083533677236246
2020-07-20,GOOGL,3276.55,3337.63,3268.51,3303.07,1438906,3303.07,-0.0110835336772362,3181.0125,3149.2290000000003,2787.0117,0.23896989461659,3365.865212791377,2996.1597872086227,72.29769756128873,55.63629641840771,38.55953857769963,17.076757840708083,104.02714285714283,0.0016253482353576,3340.09,0.0083853955620603,3334.67,0.0,3306.94,0.0156946025490176,3185.33,0.0242082941818828,3226.42,3318.3419999999996,17.555798757149248,0.29464330999124244,3340.09,3303.07,3246.309,78.19442811210682,0.2574171363195833,3340.09,3136.11,3181.0125,92.42635639568847,0.2389698946165895,3340.09,3060.75,3149.2290000000003,72.19242012477405,0.22593487349798203,3340.09,3047.46,0,7,3,1.0383706445664587,1.0488503694075442,0.020925987036296223,0.008093879232727072,3209.11,-0.028446263627473822
2020-07-21,GOOGL,3194.03,3238.6,3179.62,3209.11,842009,3209.11,-0.0284462636274738,3185.677,3148.949,2790.2561500000006,0.2526462536683792,3368.2978335495472,3003.056166450453,60.79563521806977,48.46510758332124,40.54065237882395,7.924455204497292,104.58785714285715,-0.0110835336772362,3303.07,0.0016253482353576,3340.09,0.0083853955620603,3334.67,0.0381781479469944,3306.94,-0.0155032512816062,3176.4,3298.7760000000003,52.7264324604028,0.22876872539769827,3340.09,3209.11,3249.5800000000004,75.58572778273768,0.2889820129058211,3340.09,3136.11,3185.677,91.31041677477351,0.25264625366837873,3340.09,3060.75,3148.9489999999996,71.92668356866014,0.23452297991501453,3340.09,3047.46,1,7,3,1.0073557363157009,1.0191051045917165,0.01837892749079391,0.004721308190591574,3173.94,-0.010959424887274083
2020-07-22,GOOGL,3173.62,3218.71,3129.16,3173.94,934622,3173.94,-0.010959424887274,3189.0875,3149.6704,2793.56865,0.2560692164679894,3367.9304809255354,3010.2445190744647,53.57149011571803,39.48876182838694,40.33027426873655,-0.8415124403496108,105.14,-0.0284462636274738,3209.11,-0.0110835336772362,3303.07,0.0016253482353576,3340.09,0.0,3306.94,0.0024493136884522,3184.18,3272.1760000000004,75.99322785617994,0.22413416606861922,3340.09,3173.94,3248.556,76.63229957256569,0.29509883786431274,3340.09,3136.11,3189.0875,89.4214904627677,0.2560692164679889,3340.09,3060.75,3149.6704,71.99415049822923,0.22802165720134823,3340.09,3047.46,2,7,3,0.9952502087192668,1.0077054411785413,0.028214143934659118,0.00010083122743115525,3104.88,-0.021758445339231325
2020-07-23,GOOGL,3126.39,3176.81,3032.94,3104.88,772446,3104.88,-0.0217584453392313,3187.4805,3149.1644,2796.64635,0.2661844466120223,3368.853094514905,3006.1079054850948,46.41590678721852,26.4969380964194,37.56360703427312,-11.06666893785372,109.21785714285713,-0.010959424887274,3173.94,-0.0284462636274738,3209.11,-0.0110835336772362,3303.07,0.0083853955620603,3334.67,0.0016267924552004,3189.36,3226.218,95.68391385181233,0.1828521661012325,3340.09,3104.88,3240.108,87.73541256402352,0.3138704578142802,3340.09,3104.88,3187.4805,90.68629725745261,0.26618444661202173,3340.09,3060.75,3149.1644,72.22247799117783,0.23329145688762273,3340.09,3047.46,3,7,3,0.9740859591137973,0.9859377300210221,0.04633673443094533,-0.006880139713853001,3191.56,0.02791734302130844
2020-07-24,GOOGL,3191.89,3214.19,3168.94,3191.56,1608306,3191.56,0.0279173430213084,3194.021,3151.1842,2800.17875,0.2684598345438438,3365.305033471077,3022.7369665289234,47.285469551998126,22.930843285374976,34.63705428449349,-11.706210999118511,106.82142857142854,-0.0217584453392313,3104.88,-0.010959424887274,3173.94,-0.0284462636274738,3209.11,0.0016253482353576,3340.09,-0.0166961396643841,3136.11,3196.512,71.4908348671414,0.3470600998331095,3303.07,3104.88,3245.653,81.99686823966373,0.3364816178503298,3340.09,3104.88,3194.021,85.64201673553839,0.26845983454384326,3340.09,3071.44,3151.1841999999997,71.96205542352176,0.23971620895586215,3340.09,3047.46,4,7,3,0.999229497864604,1.012812897449469,0.014178019526496704,-0.0001033870214825147,3186.56,-0.0015666319918785643
2020-07-27,GOOGL,3202.37,3248.39,3124.72,3186.56,1795427,3186.56,-0.0015666319918785,3199.777,3152.2626,2803.8926,0.2687447416979014,3361.1679798693026,3038.386020130697,50.85080726081612,19.476713809081957,31.604986189411182,-12.128272380329225,106.27214285714282,0.0279173430213084,3191.56,-0.0217584453392313,3104.88,-0.010959424887274,3173.94,-0.0110835336772362,3303.07,0.0156946025490176,3185.33,3173.21,40.2283382704375,0.3497949111619562,3209.11,3104.88,3245.7760000000003,81.89718801305762,0.32779174932372596,3340.09,3104.88,3199.777,80.69548993465133,0.2687447416979008,3340.09,3077.23,3152.2626,72.08239986748207,0.23794474650747485,3340.09,3047.46,0,7,3,0.9958693996484768,1.0108802483647743,0.038809876481208976,-0.004936968557660423,3169.83,-0.005250175738100049
2020-07-28,GOOGL,3146.94,3229.25,3110.41,3169.83,1211277,3169.83,-0.0052501757381,3204.407,3151.9060000000004,2807.5214,0.26996780851546,3356.011608609352,3052.802391390648,48.81606521016547,15.213943264304817,28.32677760438991,-13.112834340085094,108.36285714285714,-0.0015666319918785,3186.56,0.0279173430213084,3191.56,-0.0217584453392313,3104.88,-0.0284462636274738,3209.11,0.0381781479469944,3306.94,3165.3540000000003,34.95464032143226,0.2944221789173169,3191.56,3104.88,3232.0649999999996,81.99674075502061,0.2503673033177637,3340.09,3104.88,3204.407,75.80230430467594,0.26996780851545943,3340.09,3080.1,3151.9060000000004,71.94768870649423,0.2350008677494551,3340.09,3047.46,1,7,3,0.9892095479753386,1.0056867178142348,0.03749096954725101,0.00727373257831182,3216.12,0.014603306801941995
2020-07-29,GOOGL,3200.2,3238.36,3193.88,3216.12,849209,3216.12,0.0146033068019419,3211.208,3154.5398000000005,2811.70415,0.2738394836451239,3351.082898632257,3071.333101367742,52.067558796042654,15.393437073788846,25.7401094982697,-10.346672424480854,103.7614285714286,-0.0052501757381,3169.83,-0.0015666319918785,3186.56,0.0279173430213084,3191.56,-0.010959424887274,3173.94,0.0,3306.94,3173.79,41.937287704389654,0.30298988481407924,3216.12,3104.88,3222.983,77.69909166494246,0.26724880731211137,3340.09,3104.88,3211.2079999999996,69.93744931612873,0.2738394836451233,3340.09,3104.88,3154.5398000000005,71.837487754657,0.22517526433157423,3340.09,3047.46,2,7,3,1.001529642427086,1.0195211358560066,0.0138303297140611,0.0049746890819308475,3159.78,-0.017518003059587284
2020-07-30,GOOGL,3174.42,3233.88,3085.67,3159.78,2266259,3159.78,-0.0175180030595872,3212.5725,3156.0518,2815.8133499999994,0.2766594404637033,3349.7199565453475,3075.425043454652,51.82012518535675,10.864283368127872,22.764944272241337,-11.900660904113465,104.59357142857145,0.0146033068019419,3216.12,-0.0052501757381,3169.83,-0.0015666319918785,3186.56,-0.0217584453392313,3104.88,0.0083853955620603,3334.67,3184.77,21.678528547870403,0.28212318731398506,3216.12,3159.78,3205.494,68.95757281756934,0.26892031705336944,3340.09,3104.88,3212.5724999999998,68.57372827267378,0.27665944046370256,3340.09,3104.88,3156.0517999999997,71.11836335926543,0.22895088201834055,3340.09,3047.46,3,7,3,0.9835669078282331,1.0011812860609572,0.04690516428357453,-0.004611866104672747,3122.09,-0.011928045623429528
2020-07-31,GOOGL,3101.16,3173.2,3070.98,3122.09,888836,3122.09,-0.0119280456234295,3211.169,3155.6756,2819.6047,0.2794098480845441,3351.5422875923678,3070.7957124076324,45.04931892808724,4.185381936420981,19.049031805077266,-14.863649868656285,103.66071428571432,-0.0175180030595872,3159.78,0.0146033068019419,3216.12,-0.0052501757381,3169.83,0.0279173430213084,3191.56,0.0016253482353576,3340.09,3170.876,34.631259434227,0.1941963552440128,3216.12,3122.09,3183.694,54.65453690633397,0.267831547974691,3303.07,3104.88,3211.169,70.18664379618382,0.27940984808454344,3340.09,3104.88,3155.6756,71.24977754811313,0.22693406428141683,3340.09,3047.46,4,7,3,0.9722596350422628,0.9893570809366498,0.03274088831518856,0.006749087438246831,3126.34,0.0013612676124006295
2020-08-03,GOOGL,3117.05,3164.72,3087.97,3126.34,505356,3126.34,0.0013612676124006,3206.165,3155.5548,2823.29935,0.2641837581954885,3351.3035547095387,3061.026445290461,32.679249625086285,-0.7560409167563193,15.08801726071055,-15.84405817746687,98.1964285714286,-0.0119280456234295,3122.09,-0.0175180030595872,3159.78,0.0146033068019419,3216.12,-0.0015666319918785,3186.56,-0.0110835336772362,3303.07,3158.832,38.1099536866769,0.1979000674811239,3216.12,3122.09,3166.0209999999997,37.711725689044364,0.2692790738337364,3216.12,3104.88,3206.165,72.56927735476927,0.2641837581954879,3340.09,3104.88,3155.5548,71.29518575041527,0.22686978250799125,3340.09,3047.46,0,8,3,0.9751026537932468,0.9907417865153252,0.024549473185890035,0.0029803820920411873,3179.1,0.01687596358681387
2020-08-04,GOOGL,3164.15,3243.09,3115.1,3179.1,1441489,3179.1,0.0168759635868138,3206.3,3155.737,2827.32915,0.2663213504407157,3351.3269628652224,3061.273037134778,38.86605120964268,-0.41013527845643694,11.988386752877153,-12.39852203133359,102.3878571428572,0.0013612676124006,3126.34,-0.0119280456234295,3122.09,-0.0175180030595872,3159.78,-0.0052501757381,3169.83,-0.0284462636274738,3209.11,3160.686,38.99398517721253,0.24422531269257067,3216.12,3122.09,3163.0199999999995,34.99826440142968,0.25625521866807605,3216.12,3104.88,3206.3,72.51348143261113,0.26632135044071503,3340.09,3104.88,3155.737,71.3444524179622,0.22844616907284337,3340.09,3047.46,1,8,3,0.9915167014936245,1.0074033419131545,0.04025982196217797,0.004724807610257129,3205.59,0.008332546947249275
2020-08-05,GOOGL,3195.96,3238.12,3173.06,3205.59,771369,3205.59,0.0083325469472492,3207.3705,3156.0744,2831.6799,0.2678022115116467,3352.0255780268817,3062.7154219731183,38.73372202537745,1.9787097119892678,9.986451344699576,-8.007741632710308,101.65357142857147,0.0168759635868138,3179.1,0.0013612676124006,3126.34,-0.0119280456234295,3122.09,0.0146033068019419,3216.12,-0.010959424887274,3173.94,3158.5800000000004,35.367316126625546,0.22500213130834706,3205.59,3122.09,3166.185,37.44135095202091,0.25316795556634025,3216.12,3104.88,3207.3705,72.32753901344078,0.26780221151164607,3340.09,3104.88,3156.0744,71.54323154741786,0.2288244459379134,3340.09,3047.46,2,8,3,0.9994448723647613,1.0156889837574756,0.020295795781737416,0.003013179138661653,3219.23,0.004255066929956586
2020-08-06,GOOGL,3232.64,3279.97,3158.48,3219.23,1782051,3219.23,0.0042550669299565,3208.8640000000005,3156.3176000000003,2836.2861,0.2681151499046175,3353.352822281264,3064.3751777187376,39.60039925560264,4.915853682145098,8.972331812188681,-4.056478130043583,106.46571428571431,0.0083325469472492,3205.59,0.0168759635868138,3179.1,0.0013612676124006,3126.34,-0.0175180030595872,3159.78,-0.0217584453392313,3104.88,3170.4700000000003,44.64725691462749,0.1674456973456871,3219.23,3122.09,3177.62,33.93551008082523,0.21871822441722966,3219.23,3122.09,3208.8640000000005,72.24441114063144,0.2681151499046168,3340.09,3104.88,3156.3176000000003,71.74051687485907,0.2286621815479641,3340.09,3047.46,3,8,3,1.0032304267176784,1.0199322146792134,0.03773883816936412,-0.004148312215401562,3224.13,0.0015221031116137151
2020-08-07,GOOGL,3215.61,3242.81,3205.45,3224.13,1030316,3224.13,0.0015221031116137,3213.2650000000003,3156.9192000000003,2840.98215,0.2602087763192728,3353.7291734431547,3072.800826556846,42.81004080333842,7.551896921643674,8.688244834079681,-1.1363479124360065,104.02142857142861,0.0042550669299565,3219.23,0.0083325469472492,3205.59,0.0168759635868138,3179.1,-0.0119280456234295,3122.09,0.0279173430213084,3191.56,3190.8779999999997,40.09316986720939,0.1026455781738873,3224.13,3126.34,3180.877,36.859109547953416,0.17207693431486348,3224.13,3122.09,3213.2650000000003,70.2320867215771,0.2602087763192722,3340.09,3104.88,3156.9192000000003,72.18811561527416,0.22847356764846305,3340.09,3047.46,4,8,3,1.0033812959712307,1.0212899969055207,0.011587622087195163,0.002649575041748636,3245.72,0.006696380108742517
2020-08-10,GOOGL,3249.31,3316.44,3175.01,3245.72,1527766,3245.72,0.0066963801087425,3216.2845,3159.1669999999995,2845.66455,0.2556238837436503,3356.816563616196,3075.7524363838047,53.84082754410755,11.253390662884613,9.201273999840668,2.052116663043945,105.3057142857143,0.0015221031116137,3224.13,0.0042550669299565,3219.23,0.0083325469472492,3205.59,0.0013612676124006,3126.34,-0.0015666319918785,3186.56,3214.754,24.607030093066747,0.09239517435658168,3245.72,3179.1,3186.793,42.229101616476804,0.1735269399555631,3245.72,3122.09,3216.2845,70.26603180809774,0.2556238837436497,3340.09,3104.88,3159.1669999999995,73.18157168082715,0.2245615049461669,3340.09,3047.46,0,8,3,1.0091520199780182,1.0273974120389877,0.04357430708747405,-0.001104849952758906,3257.1,0.003506155799021471
2020-08-11,GOOGL,3231.04,3302.58,3211.62,3257.1,2102068,3257.1,0.0035061557990214,3213.7925,3162.7402,2850.2279000000003,0.2153003925463276,3349.2311816977185,3078.353818302281,59.18286218898286,14.93298387140203,10.34761597415294,4.585367897249089,105.40642857142858,0.0066963801087425,3245.72,0.0015221031116137,3224.13,0.0042550669299565,3219.23,0.0168759635868138,3179.1,-0.0052501757381,3169.83,3230.3540000000003,20.779796197297447,0.04257449930624265,3257.1,3205.59,3195.52,47.07369966341538,0.16893808754115328,3257.1,3122.09,3213.7925,67.71934084885918,0.21530039254632705,3340.09,3104.88,3162.7401999999997,73.52040051440497,0.22066658667124542,3340.09,3047.46,1,8,3,1.0134755121866101,1.029834824877165,0.02792668324582362,0.008065514509257663,3204.74,-0.016075650118203333
2020-08-12,GOOGL,3224.29,3261.57,3147.9,3204.74,739913,3204.74,-0.0160756501182033,3208.6825,3164.5464,2854.61905,0.2220902847078789,3336.8399051704223,3080.525094829577,61.449208895069255,13.468813492076606,10.971855477737675,2.496958014338931,103.24928571428573,0.0035061557990214,3257.1,0.0066963801087425,3245.72,0.0015221031116137,3224.13,0.0083325469472492,3205.59,0.0146033068019419,3216.12,3230.1839999999997,21.03495020201428,0.1454883085681086,3257.1,3204.74,3194.382,46.656066367518775,0.1786884406831389,3257.1,3122.09,3208.6825,64.07870258521126,0.22209028470787828,3340.09,3104.88,3164.5464,73.4185937012133,0.22268804333831319,3340.09,3047.46,2,8,3,0.998771302551437,1.0127012199912717,0.03546933604597085,-0.006063350381012291,3207.97,0.0010078820746768358
2020-08-13,GOOGL,3199.62,3238.21,3177.74,3207.97,956902,3207.97,0.0010078820746768,3202.3475,3166.3808000000004,2859.23595,0.219271908011604,3315.986388242839,3088.7086117571607,52.32666950026208,12.425844522610532,11.262653286712247,1.1631912358982852,99.76071428571433,-0.0160756501182033,3204.74,0.0035061557990214,3257.1,0.0066963801087425,3245.72,0.0042550669299565,3219.23,-0.0175180030595872,3159.78,3227.932,23.010816369724992,0.14124264393762279,3257.1,3204.74,3199.201,45.14938721131227,0.15070739399937114,3257.1,3122.09,3202.3475,56.81944412141948,0.21927190801160337,3340.09,3104.88,3166.3808000000004,73.33304246870514,0.22268925472701548,3340.09,3047.46,3,8,3,1.001755743247414,1.0131346172889206,0.01884992690080687,0.0026096849000810407,3154.19,-0.01676449592733087
2020-08-14,GOOGL,3163.56,3212.67,3095.71,3154.19,1164222,3154.19,-0.0167644959273308,3193.0525,3167.2608,2863.5318,0.2250529935090735,3288.1521633732214,3097.952836626779,45.9681638127605,7.176956076189981,10.445513844607795,-3.268557768417814,99.2814285714286,0.0010078820746768,3207.97,-0.0160756501182033,3204.74,0.0035061557990214,3257.1,0.0015221031116137,3224.13,-0.0119280456234295,3122.09,3213.9439999999995,40.50647269265834,0.17820085837408275,3257.1,3154.19,3202.411,39.892978064947215,0.1641768620757793,3257.1,3126.34,3193.0525000000002,47.54983168661057,0.22505299350907282,3303.07,3104.88,3167.2607999999996,72.90775698045444,0.2260464084592448,3340.09,3047.46,4,8,3,0.9878290444641961,0.9958731532303889,0.03708083533330679,-0.0029618531022003467,3159.14,0.0015693410986654666
2020-08-17,GOOGL,3173.38,3223.73,3094.56,3159.14,2219633,3159.14,0.0015693410986654,3185.856,3168.6434000000004,2867.9994999999994,0.2233239955842548,3266.601419919092,3105.110580080908,48.62825612554652,3.3776622098921507,9.031943517664667,-5.654281307772516,100.01928571428574,-0.0167644959273308,3154.19,0.0010078820746768,3207.97,-0.0160756501182033,3204.74,0.0066963801087425,3245.72,0.0013612676124006,3126.34,3196.6279999999997,42.00488745373479,0.16112072600709162,3257.1,3154.19,3205.691,33.831355755034615,0.16419045917181502,3257.1,3154.19,3185.856,40.372709959545936,0.22332399558425411,3257.1,3104.88,3168.6434000000004,72.06349135426284,0.225510434042359,3340.09,3047.46,0,8,3,0.9916141846960466,0.997000798511755,0.04088770994636489,-0.004487328967849973,3135.79,-0.007391252049608443
2020-08-18,GOOGL,3117.59,3181.15,3090.44,3135.79,922164,3135.79,-0.0073912520496084,3182.19,3169.8432000000003,2872.44095,0.2018959226321102,3265.118279983781,3099.261720016219,39.047203510821454,-1.5001624683745831,6.925522320456817,-8.4256847888314,101.60357142857144,0.0015693410986654,3159.14,-0.0167644959273308,3154.19,0.0010078820746768,3207.97,0.0035061557990214,3257.1,0.0168759635868138,3179.1,3172.366,32.24445115055795,0.14065224650072153,3207.97,3135.79,3201.36,39.85046855992938,0.14265205992090463,3257.1,3135.79,3182.19,41.46413999189046,0.20189592263210948,3257.1,3104.88,3169.8432000000003,70.97738436709609,0.22592453883989225,3340.09,3047.46,1,8,3,0.9854188467687393,0.9892571342326998,0.028927319750356725,0.0058378426925907445,3266.71,0.04175024475491029
2020-08-19,GOOGL,3291.85,3323.41,3210.02,3266.71,946031,3266.71,0.0417502447549102,3186.8285,3172.6054,2877.29305,0.2489032969684446,3277.801575779913,3095.8554242200867,62.11561557961971,5.139036572509212,6.568225170867296,-1.4291885983580839,104.41857142857144,-0.0073912520496084,3135.79,0.0015693410986654,3159.14,-0.0167644959273308,3154.19,-0.0160756501182033,3204.74,0.0083325469472492,3205.59,3184.76,53.01763102969455,0.3550411732462211,3266.71,3135.79,3207.472,44.93415276208002,0.25803443813746185,3266.71,3135.79,3186.8285,45.48653788995665,0.24890329696844393,3266.71,3104.88,3172.6054,72.01932187481918,0.24146617908480247,3340.09,3047.46,2,8,3,1.0250661433456412,1.029661615024349,0.03471076404087451,-0.007637043000134343,3265.52,-0.00036428088198836583
2020-08-20,GOOGL,3273.11,3311.65,3219.39,3265.52,1452923,3265.52,-0.0003642808819883,3194.8605,3175.6616,2881.9831,0.2334269722609265,3283.7104770400406,3106.010522959959,67.71659378703023,10.187194948443903,7.292019126382618,2.895175822061285,103.7071428571429,0.0417502447549102,3266.71,-0.0073912520496084,3135.79,0.0015693410986654,3159.14,0.0010078820746768,3207.97,0.0042550669299565,3219.23,3196.2699999999995,64.3516701415039,0.35591063774032955,3266.71,3135.79,3212.1009999999997,48.52118218997372,0.25794982057344973,3266.71,3135.79,3194.8605,44.42498852002038,0.23342697226092585,3266.71,3122.09,3175.6616,72.66515312736307,0.24108974504817735,3340.09,3047.46,3,8,3,1.0221166151069752,1.0282959620127572,0.02825277444326538,-0.002318895484721817,3193.84,-0.021950562238173377
2020-08-21,GOOGL,3189.28,3266.92,3120.75,3193.84,952590,3193.84,-0.0219505622381733,3194.9745,3178.5892,2886.2821000000004,0.2288394762190526,3283.812496488078,3106.136503511921,57.14709245521144,8.308148719351266,7.495245044976348,0.8129036743749181,108.66571428571433,-0.0003642808819883,3265.52,0.0417502447549102,3266.71,-0.0073912520496084,3135.79,-0.0167644959273308,3154.19,0.0015221031116137,3224.13,3204.2,60.17745383448015,0.3760843821135608,3266.71,3135.79,3209.072,48.632139532998735,0.2836430781740727,3266.71,3135.79,3194.9745,44.418998244039024,0.22883947621905187,3266.71,3122.09,3178.5892,70.30505851225008,0.2415639204201499,3340.09,3060.75,4,8,3,0.9996449110936568,1.004797977668519,0.04576622498307814,0.001429789795815518,3187.85,-0.001875485309220326
2020-08-24,GOOGL,3167.6,3235.54,3140.17,3187.85,1275491,3187.85,-0.0018754853092203,3195.039,3180.6506,2890.78315,0.2288725344181911,3283.8531432313034,3106.224856768696,51.028322950489134,6.263446987504722,7.248885433482023,-0.9854384459773016,106.3357142857143,-0.0219505622381733,3193.84,-0.0003642808819883,3265.52,0.0417502447549102,3266.71,0.0015693410986654,3159.14,0.0066963801087425,3245.72,3209.942,56.029835534302926,0.3775422666575969,3266.71,3135.79,3203.285,47.20895471790331,0.2805455182619919,3266.71,3135.79,3195.0389999999998,44.40707161565178,0.22887253441819033,3266.71,3122.09,3180.6506,68.99724769460978,0.24027521025726414,3340.09,3060.75,0,8,3,0.9977499492178349,1.0022634991718353,0.029916715027360125,0.006392852632906177,3215.33,0.008620229935536461
2020-08-25,GOOGL,3243.77,3285.54,3145.12,3215.33,645136,3215.33,0.0086202299355364,3197.314,3183.4468,2895.3796999999995,0.2298511873019092,3285.7393960663417,3108.888603933658,51.14201294269768,6.782231135061011,7.155554573797821,-0.3733234387368105,111.71857142857145,-0.0018754853092203,3187.85,-0.0219505622381733,3193.84,-0.0003642808819883,3265.52,-0.0073912520496084,3135.79,0.0035061557990214,3257.1,3225.85,38.15284720700642,0.3693841942009019,3266.71,3187.85,3199.108,43.63067621144723,0.2843308768199282,3266.71,3135.79,3197.314,44.212698033171016,0.2298511873019084,3266.71,3122.09,3183.4467999999997,67.46573889203087,0.2407532941191656,3340.09,3060.75,1,8,3,1.0056347296508865,1.0100153079357224,0.04367203366371614,-0.008767575999528723,3303.48,0.027415537440947046
2020-08-26,GOOGL,3320.33,3372.94,3234.01,3303.48,2909710,3303.48,0.027415537440947,3201.682,3187.9583999999995,2900.217,0.2441048017734974,3301.867571101121,3101.496428898878,58.40902285494017,14.143304400125999,8.553104539063458,5.5901998610625405,114.29857142857148,0.0086202299355364,3215.33,-0.0018754853092203,3187.85,-0.0219505622381733,3193.84,0.0417502447549102,3266.71,-0.0160756501182033,3204.74,3233.204,49.772054709457706,0.284341473499755,3303.48,3187.85,3208.982,54.79209123791247,0.3035647967226474,3303.48,3135.79,3201.682,50.092785550560784,0.24410480177349672,3303.48,3122.09,3187.9583999999995,67.80521105615834,0.24794559679757003,3340.09,3060.75,2,8,3,1.0317951626673005,1.0362368593012268,0.04205565040501465,-0.005074796782245992,3273.36,-0.009117657742743979
2020-08-27,GOOGL,3254.24,3316.6,3230.12,3273.36,699938,3273.36,-0.0091176577427439,3207.361,3190.2464,2904.9705,0.2371690081907678,3310.382094804669,3104.33990519533,54.678145844944616,17.346614742838938,10.311806579818555,7.034808163020383,117.8071428571429,0.027415537440947,3303.48,0.0086202299355364,3215.33,-0.0018754853092203,3187.85,-0.0003642808819883,3265.52,0.0010078820746768,3207.97,3234.772,51.1490886526952,0.2961866041603283,3303.48,3187.85,3215.521,58.4384547004735,0.30980514057668185,3303.48,3135.79,3207.361,51.510547402334595,0.2371690081907671,3303.48,3122.09,3190.2464,68.73055414073603,0.242420685433795,3340.09,3060.75,3,8,3,1.0205773531569973,1.0260524077384663,0.02641933670600655,0.005875411770488492,3192.39,-0.02473605103013421
2020-08-28,GOOGL,3182.03,3223.04,3161.74,3192.39,1055084,3192.39,-0.0247360510301342,3210.876,3190.9186,2909.06215,0.2510074694885391,3306.1531870636018,3115.5988129363977,45.44616172720308,13.19950330487518,10.889345924829879,2.3101573800453004,115.67785714285722,-0.0091176577427439,3273.36,0.027415537440947,3303.48,0.0086202299355364,3215.33,-0.0219505622381733,3193.84,-0.0167644959273308,3154.19,3234.482,51.44244813382502,0.3099009911620241,3303.48,3187.85,3219.341,55.13932302209428,0.32564032872720833,3303.48,3135.79,3210.8759999999997,47.6385935318011,0.25100746948853847,3303.48,3126.34,3190.9186,68.5807185079311,0.24912128718845003,3340.09,3060.75,4,8,3,0.9942426926480517,1.0004611211326417,0.019201914553040506,0.0032557832578562792,3235.26,0.013428810389708223
2020-08-31,GOOGL,3255.3,3277.72,3192.81,3235.26,1184509,3235.26,0.0134288103897082,3216.322,3192.138,2913.11675,0.2547175988250825,3303.3481208459243,3129.295879154075,48.23026059789446,13.219749291599783,11.35542659818386,1.8643226934159234,115.27571428571436,-0.0247360510301342,3192.39,-0.0091176577427439,3273.36,0.027415537440947,3303.48,-0.0018754853092203,3187.85,0.0015693410986654,3159.14,3243.964,44.614521514876415,0.32265860435583016,3303.48,3192.39,3226.953,51.004284362540226,0.3312154913906455,3303.48,3135.79,3216.3219999999997,43.51306042296241,0.2547175988250819,3303.48,3135.79,3192.138,68.82063869368659,0.2506557684458742,3340.09,3060.75,0,8,3,1.0058880920501723,1.01350881446823,0.026245185858315437,-0.006156114643809728,3165.44,-0.021580954853705814
2020-09-01,GOOGL,3177.83,3233.58,3097.31,3165.44,2578987,3165.44,-0.0215809548537058,3215.639,3193.1304,2916.4919,0.2610982262987016,3304.0977480188844,3127.180251981116,46.903073285017136,7.515272508645467,10.587395780276182,-3.0721232716307156,117.01000000000009,0.0134288103897082,3235.26,-0.0247360510301342,3192.39,-0.0091176577427439,3273.36,0.0086202299355364,3215.33,-0.0073912520496084,3135.79,3233.986,56.59092754144664,0.35938415900374543,3303.48,3165.44,3229.918,45.70214869737625,0.35028477893738325,3303.48,3165.44,3215.639,44.22937400944211,0.26109822629870094,3303.48,3135.79,3193.1304,68.0511269969418,0.25197997668092964,3340.09,3060.75,1,9,3,0.9843891058663661,0.9913281336706476,0.04304930752121567,-0.0038988869763316395,3144.28,-0.006684694702790095
2020-09-02,GOOGL,3161.0,3174.32,3114.25,3144.28,706369,3144.28,-0.00668469470279,3212.5735,3193.9014,2919.6968500000007,0.2601146283301442,3306.5742745265684,3118.5727254734315,45.1190165985138,1.2723317526706523,8.724382974755077,-7.452051222084425,116.98142857142865,-0.0215809548537058,3165.44,0.0134288103897082,3235.26,-0.0247360510301342,3192.39,0.027415537440947,3303.48,0.0417502447549102,3266.71,3202.146,52.34251312270856,0.23964799204011505,3273.36,3144.28,3217.675,50.858718088023764,0.2678044473977289,3303.48,3144.28,3212.5735,47.000387263284225,0.26011462833014354,3303.48,3135.79,3193.9014,67.25441310186534,0.25235713829911793,3340.09,3060.75,2,9,3,0.9787418093310617,0.9844637032311065,0.019104532675201017,-0.005289465359061851,3132.2,-0.003841897032071051
2020-09-03,GOOGL,3128.52,3180.72,3083.69,3132.2,2653297,3132.2,-0.003841897032071,3208.222,3193.805,2922.7198,0.2595990827536527,3308.755912707237,3107.6880872927627,48.19969544532804,-4.5970073781086285,6.060104904182336,-10.657112282290964,115.5578571428572,-0.00668469470279,3144.28,-0.0215809548537058,3165.44,0.0134288103897082,3235.26,-0.0091176577427439,3273.36,-0.0003642808819883,3265.52,3173.9139999999998,41.21509044028166,0.24340587275584685,3235.26,3132.2,3204.343,54.28207419480582,0.2671654599144901,3303.48,3132.2,3208.2219999999998,50.266956353618475,0.25959908275365207,3303.48,3132.2,3193.805,67.3410073765806,0.2515373932518188,3340.09,3060.75,3,9,3,0.9763040088868611,0.9807110953859172,0.030978226166901466,0.0011762750437902458,3129.57,-0.0008396654108931978
2020-09-04,GOOGL,3143.12,3195.67,3063.46,3129.57,1624487,3129.57,-0.0008396654108931,3203.494,3195.1813999999995,2925.43685,0.2594006847028202,3309.616634204688,3097.3713657953112,47.5698952997716,-9.352905473413557,2.9775028286631575,-12.330408302076714,115.77500000000006,-0.003841897032071,3132.2,-0.00668469470279,3144.28,-0.0215809548537058,3165.44,-0.0247360510301342,3192.39,-0.0219505622381733,3193.84,3161.3500000000004,43.676343711446904,0.19922781137348838,3235.26,3129.57,3197.916,59.241987212537005,0.24784083765061632,3303.48,3129.57,3203.4939999999997,53.061317102344255,0.2594006847028196,3303.48,3129.57,3195.1813999999995,65.23638818099035,0.24526689019501985,3340.09,3071.44,4,9,3,0.9769239461659748,0.9794655164176348,0.042245420297343655,-0.004311003079740964,3165.13,0.011362583358097034
2020-09-07,GOOGL,3157.94,3203.33,3126.93,3165.13,1417875,3165.13,0.011362583358097,3199.4645,3197.0552,2928.23525,0.2618404675410447,3304.954422786442,3093.974577213558,52.36376526580986,-10.13575548570725,0.3548511657890763,-10.490606651496327,114.75285714285721,-0.0008396654108931,3129.57,-0.003841897032071,3132.2,-0.00668469470279,3144.28,0.0134288103897082,3235.26,-0.0018754853092203,3187.85,3147.324,17.309310500429426,0.18813418823968658,3165.44,3129.57,3195.6440000000002,60.10037441186162,0.2566615839570272,3303.48,3129.57,3199.4645,52.74496139322101,0.26184046754104406,3303.48,3129.57,3197.0552000000002,62.913793797243684,0.246384462386308,3340.09,3077.23,0,9,3,0.9892686729291764,0.9900141855539467,0.024138029085685565,0.0022768006991892745,3131.55,-0.010609358857298079
2020-09-08,GOOGL,3113.46,3187.43,3075.67,3131.55,809343,3131.55,-0.010609358857298,3193.187,3198.1416000000004,2930.9663,0.26331680210965,3299.17704562999,3087.1969543700097,37.08530805587988,-13.312338766157154,-2.37858682060017,-10.933751945556985,109.33428571428577,0.011362583358097,3165.13,-0.0008396654108931,3129.57,-0.003841897032071,3132.2,-0.0215809548537058,3165.44,0.0086202299355364,3215.33,3140.5460000000003,14.91117131549999,0.13264712974793483,3165.13,3129.57,3187.266,62.82876945406946,0.25547506344512333,3303.48,3129.57,3193.187,52.99502281499507,0.26331680210964925,3303.48,3129.57,3198.1416000000004,61.24940090871414,0.24767355073242941,3340.09,3080.1,1,9,3,0.9806973409321219,0.9791780326421509,0.035688397119625764,0.005810256113775136,3118.71,-0.004100205968290527
2020-09-09,GOOGL,3126.99,3149.62,3087.79,3118.71,1507990,3118.71,-0.0041002059682905,3188.8855000000003,3198.9138000000003,2933.7220999999995,0.2581058176279995,3299.7711880282104,3077.99981197179,36.27764380291277,-16.673680780570976,-5.237605612594331,-11.436075167976645,107.16071428571432,-0.010609358857298,3131.55,0.011362583358097,3165.13,-0.0008396654108931,3129.57,-0.00668469470279,3144.28,0.027415537440947,3303.48,3135.432,17.474805292194866,0.12824308212238045,3165.13,3118.71,3168.7889999999998,50.889121834755585,0.1935560317411843,3273.36,3118.71,3188.8855000000003,55.44284401410494,0.2581058176279988,3303.48,3118.71,3198.9138000000003,59.96065233238692,0.24788269484644607,3340.09,3104.88,2,9,3,0.9779937222578301,0.9749278020555054,0.01982550477600678,-0.0026479138084858278,3118.85,4.489035530719221e-05
2020-09-10,GOOGL,3148.54,3148.54,3096.43,3118.85,898460,3118.85,4.489035530719221e-05,3184.4295,3198.6410000000005,2936.426,0.2580174445599424,3299.18131869452,3069.6776813054803,41.90854355815463,-19.10602930148707,-8.01129035037288,-11.09473895111419,100.4421428571429,-0.0041002059682905,3118.71,-0.010609358857298,3131.55,0.011362583358097,3165.13,-0.003841897032071,3132.2,-0.0091176577427439,3273.36,3132.7619999999997,19.041715258875364,0.12693520648128176,3165.13,3118.71,3153.3379999999997,37.23618335856382,0.19445182489780657,3235.26,3118.71,3184.4295,57.37590934726005,0.2580174445599417,3303.48,3118.71,3198.6410000000005,60.29909828583308,0.24493378986856104,3340.09,3104.88,3,9,3,0.9794062013302604,0.9750547185504795,0.016708081504395345,-0.009429767447766465,3127.17,0.0026676499350721805
2020-09-11,GOOGL,3115.32,3192.49,3061.85,3127.17,1991695,3127.17,0.0026676499350721,3183.0785,3198.1812,2939.4315,0.2516959497037906,3299.9460574765817,3066.2109425234185,43.48535600659456,-20.13027923324171,-10.435088126946646,-9.695191106295063,102.96142857142861,4.489035530719221e-05,3118.85,-0.0041002059682905,3118.71,-0.010609358857298,3131.55,-0.0008396654108931,3129.57,-0.0247360510301342,3192.39,3132.282,19.17209743351208,0.12933495369064757,3165.13,3118.71,3146.816,35.29737295861054,0.1614735699447061,3235.26,3118.71,3183.0785,58.43377873829082,0.25169594970378995,3303.48,3118.71,3198.1812,60.76220077837449,0.2446742441892293,3340.09,3104.88,4,9,3,0.9824357143560919,0.9777963800171867,0.041775790890792024,0.0038037825969711313,3132.92,0.0018387231906165091
2020-09-14,GOOGL,3130.48,3154.79,3111.05,3132.92,813749,3132.92,0.0018387231906165,3181.7675,3196.3112,2942.49125,0.2517244652076604,3300.341547373538,3063.1934526264617,40.71938557046317,-20.244659900762144,-12.397002481709745,-7.8476574190524,96.0557142857143,0.0026676499350721,3127.17,4.489035530719221e-05,3118.85,-0.0041002059682905,3118.71,0.011362583358097,3165.13,0.0134288103897082,3235.26,3125.84,6.785948717754434,0.08666930372354556,3132.92,3118.71,3136.582,16.788061101777615,0.1394091898965624,3165.44,3118.71,3181.7675,59.287023686769146,0.25172446520765973,3303.48,3118.71,3196.3112,61.311675574875835,0.23834933079862825,3340.09,3104.88,0,9,3,0.9846476840306576,0.9801673879561602,0.013961416186811607,0.0007794331859648601,3155.71,0.007274363852252774
2020-09-15,GOOGL,3166.69,3188.62,3122.8,3155.71,1146894,3155.71,0.0072743638522527,3182.7635,3195.8974,2945.4383500000004,0.2516263766757267,3300.038969553369,3065.488030446631,30.48622665814437,-18.2855603109183,-13.574714047551456,-4.710846263366843,89.4992857142857,0.0018387231906165,3132.92,0.0026676499350721,3127.17,4.489035530719221e-05,3118.85,-0.010609358857298,3131.55,-0.0215809548537058,3165.44,3130.672,15.223896347520874,0.06559212649079142,3155.71,3118.71,3135.609,15.12973485121696,0.10331455986330475,3165.13,3118.71,3182.7635,58.637734776684454,0.251626376675726,3303.48,3118.71,3195.8974,61.518272805917704,0.23644261228187452,3340.09,3104.88,1,9,3,0.9914999967792167,0.9874253159688458,0.020857429865221724,-0.003467342872209326,3199.48,0.013870095794607185
2020-09-16,GOOGL,3202.13,3270.19,3128.76,3199.48,960993,3199.48,0.0138700957946071,3179.402,3196.2034000000003,2949.043,0.206288450650158,3290.2226020368294,3068.5813979631707,40.583256855898426,-13.050646839549245,-13.469900605951015,0.4192537664017699,93.42428571428569,0.0072743638522527,3155.71,0.0018387231906165,3132.92,0.0026676499350721,3127.17,-0.0041002059682905,3118.71,-0.00668469470279,3144.28,3146.826,32.456743983343145,0.08829322347834141,3199.48,3118.85,3141.129,25.297769532802636,0.11814705790149528,3199.48,3118.71,3179.402,55.41030101841455,0.20628845065015736,3303.48,3118.71,3196.2034000000003,61.49684782400332,0.23843840484075657,3340.09,3104.88,2,9,3,1.0063150240199237,1.0010251537805757,0.044204058159437044,-0.000827574145958866,3220.52,0.006576068611149344
2020-09-17,GOOGL,3242.64,3258.93,3182.1,3220.52,808408,3220.52,0.0065760686111493,3177.152,3196.8266,2952.4414,0.2080175887267889,3282.2923650465464,3072.0116349534537,54.231984351559376,-7.122089027627226,-12.200338290286258,5.078249262659032,90.93928571428566,0.0138700957946071,3199.48,0.0072743638522527,3155.71,0.0018387231906165,3132.92,4.489035530719221e-05,3118.85,-0.003841897032071,3132.2,3167.16,41.21453687718144,0.07585092930056896,3220.52,3127.17,3149.9610000000002,35.281338929640015,0.11585199287832318,3220.52,3118.71,3177.152,52.570182523273196,0.20801758872678824,3303.48,3118.71,3196.8266,61.583906313081684,0.238848625060751,3340.09,3104.88,3,9,3,1.0136499607192184,1.0074115374287091,0.023856395861530457,-0.0068216021513313446,3244.86,0.007557785699203956
2020-09-18,GOOGL,3261.84,3324.23,3165.48,3244.86,1614216,3244.86,0.0075577856992039,3179.703,3199.0016000000005,2955.72775,0.1937520775341167,3288.944007935448,3070.461992064552,51.529539224009255,-0.45439172167516517,-9.85114897656404,9.396757254888875,96.18357142857137,0.0065760686111493,3220.52,0.0138700957946071,3199.48,0.0072743638522527,3155.71,0.0026676499350721,3127.17,-0.0008396654108931,3129.57,3190.698,45.995801112719626,0.06805089889801866,3244.86,3132.92,3161.4900000000002,45.293861247062395,0.11611689898262431,3244.86,3118.71,3179.703,54.62050396772402,0.19375207753411602,3303.48,3118.71,3199.0016000000005,61.315588634829076,0.23616148696138092,3340.09,3104.88,4,9,3,1.0204915364733687,1.0143352225891307,0.04892352828780011,-0.005205650798320829,3164.6,-0.02473450318349646
2020-09-21,GOOGL,3136.65,3242.43,3086.77,3164.6,1486619,3164.6,-0.0247345031834964,3178.5405,3198.5869999999995,2958.70415,0.2139734896888828,3287.9112249342684,3069.169775065732,49.8704743085851,-1.6277412201834522,-8.206467425287924,6.578726205104472,97.62214285714279,0.0075577856992039,3244.86,0.0065760686111493,3220.52,0.0138700957946071,3199.48,0.0018387231906165,3132.92,0.011362583358097,3165.13,3197.034,37.43173359598702,0.24273233256716165,3244.86,3155.71,3161.437,45.28943856526629,0.17528464646235212,3244.86,3118.71,3178.5405,54.68536246713409,0.21397348968888213,3303.48,3118.71,3198.5869999999995,61.4797846068856,0.2404416508180649,3340.09,3104.88,0,9,3,0.9956141820433008,0.9893743706202179,0.049187891044666206,0.008910780609883444,3168.01,0.0010775453453832906
2020-09-22,GOOGL,3199.59,3200.85,3135.17,3168.01,1946291,3168.01,0.0010775453453832,3176.1745,3195.8084000000003,2961.5819,0.2114730655107503,3284.233697708892,3068.115302291108,53.87099931240678,-2.2564595883009133,-7.016465857890522,4.760006269589609,98.02285714285706,-0.0247345031834964,3164.6,0.0075577856992039,3244.86,0.0065760686111493,3220.52,0.0072743638522527,3155.71,-0.010609358857298,3131.55,3199.4939999999997,34.31107809441396,0.23837171844980568,3244.86,3164.6,3165.083,44.06716793715561,0.16491790556822786,3244.86,3118.71,3176.1745,54.02959885444608,0.2114730655107496,3303.48,3118.71,3195.8084000000003,59.59334664824252,0.22399413575764632,3340.09,3104.88,1,9,3,0.9974294548359993,0.9913016061910997,0.020732257789583715,-0.009870014595616957,3193.27,0.00797345967973584
2020-09-23,GOOGL,3209.39,3211.86,3174.69,3193.27,588823,3193.27,0.0079734596797358,3170.664,3193.535,2964.58175,0.1870990741406318,3261.209722186813,3080.1182778131874,59.55144045533576,-0.7082878301216624,-5.754830252336751,5.046542422215088,94.22428571428564,0.0010775453453832,3168.01,-0.0247345031834964,3164.6,0.0075577856992039,3244.86,0.0138700957946071,3199.48,-0.0041002059682905,3118.71,3198.252,34.42392147912489,0.22116575705383196,3244.86,3164.6,3172.5389999999998,41.58708411943583,0.1651753795775042,3244.86,3118.85,3170.664,45.27286109340646,0.18709907414063107,3273.36,3118.71,3193.535,57.39493948576231,0.2248470205152913,3340.09,3104.88,2,9,3,1.007129736862371,0.999917019853861,0.011640105597080244,-0.005022761334706866,3231.62,0.012009632758896105
2020-09-24,GOOGL,3255.13,3293.34,3169.89,3231.62,1836735,3231.62,0.0120096327588961,3168.577,3191.474,2967.5120500000003,0.1908747540161348,3250.687402213085,3086.466597786915,64.3566585045412,3.571998166515641,-3.8894645685662725,7.461462735081914,93.59857142857138,0.0079734596797358,3193.27,0.0010775453453832,3168.01,-0.0247345031834964,3164.6,0.0065760686111493,3220.52,4.489035530719221e-05,3118.85,3200.472,36.51350120162386,0.2347693263141508,3244.86,3164.6,3183.8160000000003,40.69086525938019,0.17118014537924997,3244.86,3127.17,3168.577,41.05520110654265,0.19087475401613424,3244.86,3118.71,3191.474,53.971603985221414,0.22573742600205576,3340.09,3104.88,3,9,3,1.0198963130764944,1.012579140547279,0.03820065477994383,-0.007222445800933602,3196.88,-0.01075002630259736
2020-09-25,GOOGL,3206.55,3241.7,3152.06,3196.88,3269055,3196.88,-0.0107500263025973,3168.8015000000005,3188.6098,2970.0554,0.1730119715148086,3251.2100509807847,3086.3929490192163,54.47700160533947,4.113510008137837,-2.2888696532254507,6.4023796613632875,94.54428571428564,0.0120096327588961,3231.62,0.0079734596797358,3193.27,0.0010775453453832,3168.01,0.0075577856992039,3244.86,0.0026676499350721,3127.17,3190.876,26.9959947029341,0.2374177705694196,3231.62,3164.6,3190.787,35.555385605517465,0.18587195940247941,3244.86,3132.92,3168.8015000000005,41.2042754903922,0.17301197151480785,3244.86,3118.71,3188.6097999999997,49.54200343187255,0.22683709624416354,3303.48,3104.88,4,9,3,1.008860921076625,1.0025936695041824,0.02803983884286299,-0.003015702234487863,3164.21,-0.010219338855384064
2020-09-28,GOOGL,3186.76,3186.76,3142.01,3164.21,1001666,3164.21,-0.010219338855384,3165.2490000000003,3185.8326,2972.72955,0.1692197080796162,3241.4896143732835,3089.008385626717,54.61716805936256,1.8847399694295746,-1.4541477286944455,3.33888769812402,90.48071428571423,-0.0107500263025973,3196.88,0.0120096327588961,3231.62,0.0079734596797358,3193.27,-0.0247345031834964,3164.6,0.0018387231906165,3132.92,3190.798,27.091289559576953,0.164392146648363,3231.62,3164.21,3193.916,30.979401471898083,0.1962221792216878,3244.86,3155.71,3165.2490000000003,38.1203071866416,0.1692197080796155,3244.86,3118.71,3185.8326,46.81153397949102,0.22664335908931807,3303.48,3104.88,0,9,3,0.9996717477831918,0.9932128888376014,0.014142550589242135,-0.007076152581302986,3136.13,-0.008874252973095964
2020-09-29,GOOGL,3111.82,3196.19,3076.07,3136.13,2560956,3136.13,-0.0088742529730959,3163.7835,3184.3730000000005,2975.13555,0.1541146396523541,3241.127467825313,3086.439532174687,52.360945460443865,-2.122925901004237,-1.587903363156404,-0.535022537847833,94.64428571428564,-0.010219338855384,3164.21,-0.0107500263025973,3196.88,0.0120096327588961,3231.62,0.0010775453453832,3168.01,0.0072743638522527,3155.71,3184.422,36.06169116944944,0.1751800067364144,3231.62,3136.13,3191.9579999999996,34.12183328410343,0.19864070119605348,3244.86,3136.13,3163.7835,38.67198391265644,0.15411463965235322,3244.86,3118.71,3184.3730000000005,47.20702460918087,0.2184583796496184,3303.48,3104.88,1,9,3,0.9912593576643309,0.9848500788064133,0.03830198365500205,0.0078121485175852495,3164.02,0.008893126241577898
2020-09-30,GOOGL,3154.39,3181.82,3146.23,3164.02,1080103,3164.02,0.0088931262415778,3164.7705,3184.1746000000003,2977.72105,0.1556285901140614,3241.56840361047,3087.9725963895303,55.69364963123072,-3.013798866147681,-1.8730824637546595,-1.1407164023930216,94.18571428571421,-0.0088742529730959,3136.13,-0.010219338855384,3164.21,-0.0107500263025973,3196.88,0.0079734596797358,3193.27,0.0138700957946071,3199.48,3178.572,36.635448270775434,0.17855849022854908,3231.62,3136.13,3188.412,35.08229334961081,0.18990242632002152,3244.86,3136.13,3164.7705,38.398951805235,0.15562859011406055,3244.86,3118.71,3184.1746000000003,47.272567106726605,0.218054134496388,3303.48,3104.88,2,9,3,0.9997628580015518,0.9936703847832359,0.011248348619790297,0.0030528881970831308,3217.67,0.01695627714110537
2020-10-01,GOOGL,3241.9,3289.76,3145.59,3217.67,693057,3217.67,0.0169562771411053,3169.0440000000003,3186.4304,2980.5536,0.1653875035805398,3247.700313133818,3090.387686866183,60.237556559178,0.6023411055052748,-1.3779977499026725,1.9803388554079473,95.1521428571428,0.0088931262415778,3164.02,-0.0088742529730959,3136.13,-0.010219338855384,3164.21,0.0120096327588961,3231.62,0.0065760686111493,3220.52,3175.782,31.79727614121415,0.20424554727302516,3217.67,3136.13,3188.127,34.80293795071732,0.20787163745759274,3244.86,3136.13,3169.0440000000003,39.328156566908845,0.16538750358053894,3244.86,3118.71,3186.4303999999997,46.08775148099839,0.21546588847660675,3303.48,3118.71,3,10,4,1.0153440595962013,1.009803948643909,0.044805713451023646,-0.007474012153364552,3197.64,-0.006225001320831591
2020-10-02,GOOGL,3178.56,3222.49,3172.78,3197.64,1061909,3197.64,-0.0062250013208315,3172.4475,3186.552,2983.436,0.1674461499100943,3249.791886895406,3095.1031131045943,57.09213640571732,1.8308001590162348,-0.7362381681188912,2.5670383271351263,95.57857142857135,0.0169562771411053,3217.67,0.0088931262415778,3164.02,-0.0088742529730959,3136.13,-0.0107500263025973,3196.88,0.0075577856992039,3244.86,3175.934,31.924904541762153,0.19254746937714065,3217.67,3136.13,3183.4049999999997,28.96375407300438,0.20531891436230182,3231.62,3136.13,3172.4475,38.67219344770305,0.1674461499100934,3244.86,3118.71,3186.552,46.10957756106625,0.20683083235372687,3303.48,3118.71,4,10,4,1.0079410297566758,1.0034796231158307,0.015545840057037076,0.006002718212018626,3245.31,0.01490786955379586
2020-10-05,GOOGL,3217.94,3269.8,3217.94,3245.31,1825042,3245.31,0.0149078695537958,3176.4565,3187.7270000000003,2986.1813500000003,0.1707598876921993,3260.2472027314266,3092.665797268573,59.31083215389816,6.575139301693071,0.7260373258435013,5.849101975849569,96.03142857142855,-0.0062250013208315,3197.64,0.0169562771411053,3217.67,0.0088931262415778,3164.02,-0.010219338855384,3164.21,-0.0247345031834964,3164.6,3192.154,43.118828022116396,0.1902763282083182,3245.31,3136.13,3191.476,33.95631513841366,0.17300983596688274,3245.31,3136.13,3176.4565,41.895351365713296,0.1707598876921984,3245.31,3118.71,3187.7270000000003,46.85235934863323,0.2094300046536248,3303.48,3118.71,0,10,4,1.0216761979894824,1.0180639684637303,0.015979983422225966,0.008505441369320554,3252.61,0.0022493999032451306
2020-10-06,GOOGL,3271.36,3280.3,3224.92,3252.61,858173,3252.61,0.0022493999032451,3182.5095,3189.3826,2988.7332499999998,0.164856884346833,3270.047972137834,3094.971027862166,55.97382446022256,10.799619948500549,2.740753850374911,8.058866098125637,89.88499999999999,0.0149078695537958,3245.31,-0.0062250013208315,3197.64,0.0169562771411053,3217.67,-0.0088742529730959,3136.13,0.0010775453453832,3168.01,3215.45,36.192729242227365,0.1510331940077802,3252.61,3164.02,3199.9359999999997,37.783416174020964,0.1728257647777481,3252.61,3136.13,3182.5095,43.76923606891708,0.16485688434683213,3252.61,3118.71,3189.3826,47.662607977610136,0.20905658512527361,3303.48,3118.71,1,10,4,1.022026799919679,1.019824338415523,0.01702632655005767,-0.005731561185560216,3247.03,-0.0017155453620323335
2020-10-07,GOOGL,3268.82,3325.63,3168.44,3247.03,943825,3247.03,-0.0017155453620323,3188.9255,3190.0008000000003,2991.4149,0.163910800502684,3275.5807663022315,3102.270233697768,53.08808796975229,13.541197435902632,4.900842567480455,8.640354868422175,95.625,0.0022493999032451,3252.61,0.0149078695537958,3245.31,-0.0062250013208315,3197.64,0.0088931262415778,3164.02,0.0079734596797358,3193.27,3232.0519999999997,23.525380337019236,0.16257004789395094,3252.61,3197.64,3205.3120000000004,40.45940950853428,0.17137346925049038,3252.61,3136.13,3188.9255,43.327633151115755,0.16391080050268317,3252.61,3118.85,3190.0008000000003,48.213748434708,0.20663116865057343,3303.48,3118.71,2,10,4,1.0182207141555932,1.0178774876793077,0.04841039349804333,-0.00666601403564384,3236.95,-0.0031043753830424237
2020-10-08,GOOGL,3215.11,3298.01,3175.89,3236.95,1521561,3236.95,-0.0031043753830424,3194.8305,3191.5442,2994.3289,0.1648053373662663,3277.3778242195376,3112.2831757804624,49.04691905273473,14.73073880140646,6.8668218142656565,7.8639169871408034,93.00857142857146,-0.0017155453620323,3247.03,0.0022493999032451,3252.61,0.0149078695537958,3245.31,0.0169562771411053,3217.67,0.0120096327588961,3231.62,3235.9080000000004,22.116616377770438,0.13070300424205672,3252.61,3197.64,3205.845,40.87743964858511,0.1625395914408025,3252.61,3136.13,3194.8305,41.273662109768814,0.16480533736626546,3252.61,3127.17,3191.5442,48.46112218712563,0.20274554857455176,3303.48,3118.71,3,10,4,1.0131836415105548,1.0142269062101619,0.03772687251887197,0.006792924658874159,3276.74,0.012292435780596023
2020-10-09,GOOGL,3299.96,3345.64,3207.84,3276.74,1201469,3276.74,0.012292435780596,3202.309,3194.6372,2997.5199000000007,0.1688818676694569,3286.1377128049958,3118.480287195005,64.97196261439353,18.66897504159988,9.227252459732501,9.441722581867378,91.5592857142857,-0.0031043753830424,3236.95,-0.0017155453620323,3247.03,0.0022493999032451,3252.61,-0.0062250013208315,3197.64,-0.0107500263025973,3196.88,3251.728,15.066762094148686,0.13034105364778892,3276.74,3236.95,3213.831,46.36408271018691,0.16016950709896352,3276.74,3136.13,3202.309,41.91435640249763,0.1688818676694561,3276.74,3132.92,3194.6371999999997,48.8712685945812,0.20236282052519983,3303.48,3118.71,4,10,4,1.0232429162828998,1.025700195314502,0.04205399268784148,-0.007036448926651602,3294.75,0.0054963164608727855
2020-10-12,GOOGL,3307.06,3337.43,3252.08,3294.75,1516144,3294.75,0.0054963164608727,3210.4005,3198.0054000000005,3000.7053,0.1692214553265032,3297.2161060371354,3123.584893962865,66.28630171953733,22.97843106976734,11.977488181739469,11.00094288802787,92.96428571428571,0.012292435780596,3276.74,-0.0031043753830424,3236.95,-0.0017155453620323,3247.03,0.0149078695537958,3245.31,-0.010219338855384,3164.21,3261.616,23.605445981845175,0.09806110270270528,3294.75,3236.95,3226.8849999999998,49.134990078369896,0.14377094843778737,3294.75,3136.13,3210.4005,43.40780301856766,0.1692214553265023,3294.75,3136.13,3198.0054000000005,49.861536941475904,0.20260864908157952,3303.48,3118.71,0,10,4,1.0262738247140735,1.0302515436649886,0.025904848622801124,-0.003722339479778481,3417.87,0.03736854086045982
2020-10-13,GOOGL,3419.24,3457.94,3377.79,3417.87,1319764,3417.87,0.0373685408604598,3223.5085000000004,3202.7808,3004.4515,0.209280200303313,3346.9816245038905,3100.03537549611,73.0614424161679,35.91446150699494,16.764882846790563,19.149578660204376,101.48857142857143,0.0054963164608727,3294.75,0.012292435780596,3276.74,-0.0031043753830424,3236.95,0.0022493999032451,3252.61,-0.0088742529730959,3136.13,3294.668,72.63074293990303,0.2612708843497361,3417.87,3236.95,3255.059,68.33681510643008,0.20246390071636894,3417.87,3164.02,3223.5085000000004,61.736562251944996,0.20928020030331224,3417.87,3136.13,3202.7808,58.66982612305109,0.21560577612565815,3417.87,3118.71,1,10,4,1.0602950170594987,1.067157015553151,0.023450277512010884,-0.0004006738339512553,3372.49,-0.013277275028014568
2020-10-14,GOOGL,3394.77,3405.17,3339.82,3372.49,1453786,3372.49,-0.0132772750280145,3232.159,3206.1188,3007.69685,0.2145560631903597,3371.7359207132963,3092.582079286704,64.25838579546219,42.02018949619605,21.815944176671664,20.20424531952439,98.24571428571426,0.0373685408604598,3417.87,0.0054963164608727,3294.75,0.012292435780596,3276.74,-0.0017155453620323,3247.03,0.0088931262415778,3164.02,3319.7599999999998,73.72201435122786,0.30358667201444356,3417.87,3236.95,3275.906,69.27020270089979,0.23054958059972966,3417.87,3197.64,3232.159,69.7884603566482,0.21455606319035897,3417.87,3136.13,3206.1188,63.390832583871415,0.21755345095055253,3417.87,3118.71,2,10,4,1.0434171091208557,1.0518917764366522,0.019377373987759943,-0.006563036671112811,3401.49,0.008598987691586846
2020-10-15,GOOGL,3396.0,3451.2,3351.79,3401.49,1009445,3401.49,0.0085989876915868,3241.2075,3209.764,3010.9102500000004,0.2151572190741612,3399.7788646247764,3082.636135375224,70.95340501588657,48.63840727125489,27.180436795588314,21.457970475666578,98.9435714285714,-0.0132772750280145,3372.49,0.0373685408604598,3417.87,0.0054963164608727,3294.75,-0.0031043753830424,3236.95,0.0169562771411053,3217.67,3352.668,63.53612374077551,0.28819161664297677,3417.87,3276.74,3294.2879999999996,76.14764821641184,0.22364516099852882,3417.87,3197.64,3241.2075,79.2856823123882,0.21515721907416044,3417.87,3136.13,3209.7639999999997,69.1397746066331,0.21809460873204878,3417.87,3118.71,3,10,4,1.049451477574006,1.0597321173765235,0.02922542768021386,0.0016166077738510498,3373.73,-0.008161129387415422
2020-10-16,GOOGL,3353.08,3427.83,3319.63,3373.73,1316549,3373.73,-0.0081611293874154,3247.6510000000003,3212.756,3013.7654,0.2177890965092576,3416.9571178862143,3078.3448821137863,71.67418380228524,51.054863849762114,31.955322206423077,19.099541643339037,102.75285714285711,0.0085989876915868,3401.49,-0.0132772750280145,3372.49,0.0373685408604598,3417.87,0.012292435780596,3276.74,-0.0062250013208315,3197.64,3372.066,47.287658855175174,0.31381221843827467,3417.87,3294.75,3311.897,71.53523266351861,0.22671598607305418,3417.87,3236.95,3247.6510000000003,84.65305894310711,0.21778909650925687,3417.87,3136.13,3212.756,72.9083821501896,0.21910078730968066,3417.87,3118.71,4,10,4,1.0388215975173936,1.050104645357117,0.03207132758103575,0.006158516945612372,3328.04,-0.013542873911071784
2020-10-19,GOOGL,3313.72,3386.73,3269.34,3328.04,828094,3328.04,-0.0135428739110717,3255.823,3214.4024000000004,3016.3147500000005,0.2026381404592238,3424.024607364545,3087.621392635455,69.15460624619587,48.721490925803664,35.308555950299194,13.41293497550447,102.5578571428571,-0.0081611293874154,3373.73,0.0085989876915868,3401.49,-0.0132772750280145,3372.49,0.0054963164608727,3294.75,0.0149078695537958,3245.31,3378.7239999999997,34.21757852337785,0.3434649252960662,3417.87,3328.04,3320.1700000000005,67.65759233080584,0.23823141472036308,3417.87,3236.95,3255.823,84.1008036822724,0.2026381404592231,3417.87,3136.13,3214.4024000000004,74.578300300812,0.2210970410377462,3417.87,3118.71,0,10,4,1.0221808740828289,1.035352636620407,0.03527301354549963,0.004321427278103112,3328.36,9.615269047258401e-05
2020-10-20,GOOGL,3328.71,3362.12,3294.61,3328.36,2009116,3328.36,9.6152690472584e-05,3263.8405,3215.8276,3019.17175,0.202765689672917,3429.6881445384856,3097.992855461514,67.35814778625412,46.36364614576996,37.51957398939335,8.844072156376612,104.11642857142851,-0.0135428739110717,3328.04,-0.0081611293874154,3373.73,0.0085989876915868,3401.49,0.0373685408604598,3417.87,0.0022493999032451,3252.61,3360.822,31.9573382809528,0.15102888731608025,3401.49,3328.04,3327.745,63.35689425785894,0.23857029944367558,3417.87,3236.95,3263.8405,82.92382226924286,0.20276568967291622,3417.87,3136.13,3215.8276,76.07674840045858,0.22099868714051768,3417.87,3118.71,1,10,4,1.0197679696660975,1.0349932937944077,0.020283262627834572,-0.00010514583727624332,3336.59,0.002472689252364546
2020-10-21,GOOGL,3338.68,3416.58,3256.6,3336.59,931100,3336.59,0.0024726892523645,3271.0065,3218.4646,3022.10925,0.2017513695871995,3436.399880415541,3105.613119584459,63.89382185041938,44.64449543610499,38.944558278735684,5.699937157369305,105.24571428571423,9.6152690472584e-05,3328.36,-0.0135428739110717,3328.04,-0.0081611293874154,3373.73,-0.0132772750280145,3372.49,-0.0017155453620323,3247.03,3353.642,32.70463071192124,0.13927049238150388,3401.49,3328.04,3336.7009999999996,56.65498692379038,0.23746865564953643,3417.87,3236.95,3271.0065,82.69669020777035,0.20175136958719875,3417.87,3136.13,3218.4646,77.9467171020218,0.21773106647303075,3417.87,3118.71,2,10,4,1.0200499448713967,1.0367024077253992,0.04794715562893615,-0.000625995902571994,3497.03,0.04808502093454692
2020-10-22,GOOGL,3518.4,3526.38,3467.67,3497.03,1884873,3497.03,0.0480850209345469,3284.2770000000005,3224.2458,3025.61,0.2577179975416828,3476.7398804239133,3091.814119576088,76.33759698599727,55.58744578681126,42.2731357803508,13.31431000646046,115.25142857142853,0.0024726892523645,3336.59,9.6152690472584e-05,3328.36,-0.0135428739110717,3328.04,0.0085989876915868,3401.49,-0.0031043753830424,3236.95,3372.75,71.97826164894123,0.3889001130290414,3497.03,3328.04,3362.7090000000003,64.8751394689263,0.32470005432097276,3497.03,3276.74,3284.2770000000005,96.2314402119564,0.2577179975416822,3497.03,3136.13,3224.2457999999997,87.30970869853752,0.24213592738854922,3497.03,3118.71,3,10,4,1.0647792497401818,1.0846040336003278,0.01678853198284923,-0.006073783537970048,3487.69,-0.0026708378252403575
2020-10-23,GOOGL,3508.01,3572.48,3402.89,3487.69,1092948,3487.69,-0.0026708378252403,3298.8175,3230.9158,3029.0718,0.2531073651437057,3506.7949288234586,3090.8400711765407,72.864312125462,62.78243599563393,46.374995823407424,16.407440172226508,122.21071428571425,0.0480850209345469,3497.03,0.0024726892523645,3336.59,9.6152690472584e-05,3328.36,-0.0081611293874154,3373.73,0.012292435780596,3276.74,3395.542,88.51037718823576,0.3783007705142766,3497.03,3328.04,3383.804,68.03483147134902,0.32776167922487937,3497.03,3294.75,3298.8174999999997,103.98871441172935,0.2531073651437051,3497.03,3136.13,3230.9158,94.30701737888374,0.23860838060616982,3497.03,3118.71,4,10,4,1.0572546071429967,1.0794741230950433,0.04862530786851799,-0.005792457832216661,3426.12,-0.017653518517987576
2020-10-26,GOOGL,3431.69,3444.27,3407.97,3426.12,1300984,3426.12,-0.0176535185179875,3311.913,3236.2554,3032.10895,0.2601128431977539,3517.16832588517,3106.657674114829,64.84742687801358,62.79250027895023,49.65849671451599,13.134003564434238,123.94928571428568,-0.0026708378252403,3487.69,0.0480850209345469,3497.03,0.0024726892523645,3336.59,-0.0135428739110717,3328.04,0.0054963164608727,3294.75,3415.1580000000004,80.29773390329291,0.39312225746042817,3497.03,3328.36,3396.9410000000003,61.27611995441773,0.34952061269784657,3497.03,3328.04,3311.9129999999996,102.62766294258513,0.2601128431977532,3497.03,3136.13,3236.2554,97.65873636605895,0.24270465734411223,3497.03,3118.71,0,10,4,1.0344836956764762,1.0586679901712768,0.010595075478964423,-0.0016231069822736147,3442.05,0.004649574445728888
2020-10-27,GOOGL,3461.38,3492.38,3391.72,3442.05,984457,3442.05,0.0046495744457288,3327.2090000000003,3242.3806,3035.2936,0.2555491376206925,3522.6695520465264,3131.748447953474,66.3976053527569,63.35557058321274,52.397911488255346,10.957659094957393,119.91142857142856,-0.0176535185179875,3426.12,-0.0026708378252403,3487.69,0.0480850209345469,3497.03,9.6152690472584e-05,3328.36,0.0373685408604598,3417.87,3437.8959999999997,64.02169148034409,0.3900833943768977,3497.03,3336.59,3399.3590000000004,62.6553158957923,0.29705757298711744,3497.03,3328.04,3327.2090000000003,97.73027602326316,0.25554913762069187,3497.03,3164.02,3242.3806,100.78330235872278,0.2418795221133293,3497.03,3118.71,1,10,4,1.0345157157241898,1.0615811111129083,0.029244200403820704,-0.005584477867207398,3330.58,-0.032384770703505206
2020-10-28,GOOGL,3310.05,3369.44,3291.72,3330.58,799253,3330.58,-0.0323847707035052,3335.537,3243.658,3038.14635,0.2868392054791319,3515.283331443469,3155.79066855653,56.72580992630678,54.18252799443553,52.75483478949139,1.4276932049441413,121.92642857142856,0.0046495744457288,3442.05,-0.0176535185179875,3426.12,-0.0026708378252403,3487.69,0.0024726892523645,3336.59,-0.0132772750280145,3372.49,3436.6940000000004,66.4110347006004,0.4828917997511214,3497.03,3330.58,3395.168,65.96645642548084,0.33551520216571945,3497.03,3328.04,3335.5369999999994,89.87316572173462,0.28683920547913133,3497.03,3197.64,3243.658,101.50018142138784,0.23638532488678426,3497.03,3118.71,2,10,4,0.9985138824719982,1.0267975230431117,0.023335274937091113,0.006202323227743853,3326.59,-0.0011979895393594564
2020-10-29,GOOGL,3296.65,3373.1,3280.07,3326.59,597152,3326.59,-0.0011979895393594,3340.983,3244.8794,3041.0026500000004,0.2820897271131811,3512.0851690594814,3169.880830940519,53.77508519386167,46.05991596055628,51.41585102370437,-5.355935063148088,118.72857142857141,-0.0323847707035052,3330.58,0.0046495744457288,3442.05,-0.0176535185179875,3426.12,0.0480850209345469,3497.03,0.0085989876915868,3401.49,3402.6059999999998,71.26394831893487,0.23882379264672648,3487.69,3326.59,3387.678,69.33504305585376,0.3312021250974081,3497.03,3326.59,3340.983,85.5510845297405,0.28208972711318053,3497.03,3197.64,3244.8794,102.13408886262776,0.2364083266349485,3497.03,3118.71,3,10,4,0.9956919864599743,1.0251813981126618,0.027965574356915573,0.009081946824804262,3328.34,0.0005260642279329986
2020-10-30,GOOGL,3353.22,3382.97,3273.71,3328.34,786778,3328.34,0.0005260642279329,3347.518,3247.5694,3043.79565,0.280551632459098,3505.0110431346307,3190.0249568653694,52.60795974978416,39.310747945858566,48.994830408135215,-9.684082462276649,120.43642857142855,-0.0011979895393594,3326.59,-0.0323847707035052,3330.58,0.0046495744457288,3442.05,-0.0026708378252403,3487.69,-0.0081611293874154,3373.73,3370.736,58.12028157195493,0.2458543158435572,3442.05,3326.59,3383.139,71.79179780604304,0.32956685050220397,3497.03,3326.59,3347.518,78.7465215673153,0.28055163245909753,3497.03,3236.95,3247.5694,102.53282995218285,0.23075899773940045,3497.03,3118.71,4,10,4,0.994270979274497,1.0248710928237517,0.03282717510830232,-0.0074197338677427175,3371.85,0.013072582728927973
2020-11-02,GOOGL,3343.22,3418.08,3325.61,3371.85,1054174,3371.85,0.0130725827289279,3353.8450000000003,3251.2494,3046.947,0.2795185984669627,3504.047831916734,3203.6421680832664,45.922959706859,37.04583570704017,46.605031467916206,-9.559195760876037,115.38499999999996,0.0005260642279329,3328.34,-0.0011979895393594,3326.59,-0.0323847707035052,3330.58,-0.0176535185179875,3426.12,-0.0135428739110717,3328.04,3359.882,49.64039554640116,0.27449207349677535,3442.05,3326.59,3387.5200000000004,69.35109564144032,0.3286523319896835,3497.03,3326.59,3353.8450000000003,75.10141595836697,0.27951859846696225,3497.03,3236.95,3251.2494,103.64167277871687,0.23226019479736504,3497.03,3118.71,0,11,4,1.0053684651494015,1.0370936169950429,0.02742411435857834,0.008563600361325772,3425.72,0.01597639278141072
2020-11-03,GOOGL,3408.36,3471.27,3380.16,3425.72,1306136,3425.72,0.0159763927814107,3362.5005,3255.4572,3050.41555,0.2838553234476528,3508.018353992365,3216.982646007634,54.64590570152907,39.14647898765725,45.11332097186442,-5.966841984207171,116.91142857142856,0.0130725827289279,3371.85,0.0005260642279329,3328.34,-0.0011979895393594,3326.59,0.0046495744457288,3442.05,9.6152690472584e-05,3328.36,3356.6160000000004,42.97209478258073,0.30467172504018514,3425.72,3326.59,3397.256,66.9142134378155,0.33633221325109974,3497.03,3326.59,3362.5004999999996,72.75892699618291,0.28385532344765224,3497.03,3236.95,3255.4572,106.38807747458358,0.23404467358072775,3497.03,3118.71,1,11,4,1.018801335493922,1.0523007336723542,0.026595868897625472,0.005093358682766662,3399.15,-0.007756033768083759
2020-11-04,GOOGL,3412.43,3465.96,3332.34,3399.15,1797637,3399.15,-0.0077560337680837,3370.1065000000003,3257.3706,3053.9514,0.285916982125509,3505.7811048882995,3234.431895111701,49.79489516741969,38.22662424754117,43.735981626999774,-5.509357379458606,119.35499999999999,0.0159763927814107,3425.72,0.0130725827289279,3371.85,0.0005260642279329,3328.34,-0.0323847707035052,3330.58,0.0024726892523645,3336.59,3370.3299999999995,43.52385150699906,0.15933140506019153,3425.72,3326.59,3403.512,63.446789569435225,0.3407464352103912,3497.03,3326.59,3370.1065000000003,67.83730244414971,0.2859169821255084,3497.03,3236.95,3257.3706,108.11568868786945,0.22713607943542638,3497.03,3118.71,2,11,4,1.0086179769093324,1.0435257197934298,0.03930982745685262,-0.0038916549203927564,3391.89,-0.0021358280746658354
2020-11-05,GOOGL,3385.75,3455.38,3328.4,3391.89,1004026,3391.89,-0.0021358280746658,3377.8535,3259.7412,3057.204,0.2856882637804703,3498.3608831807405,3257.346116819259,51.65108920841706,36.491163989643155,42.28701809952845,-5.795854109885298,120.69642857142857,-0.0077560337680837,3399.15,0.0159763927814107,3425.72,0.0130725827289279,3371.85,-0.0011979895393594,3326.59,0.0480850209345469,3497.03,3383.3899999999994,36.31848909307079,0.16143028389634678,3425.72,3328.34,3392.9980000000005,54.27652301974249,0.22414214203505373,3487.69,3326.59,3377.8534999999997,60.25369159037036,0.2856882637804698,3497.03,3276.74,3259.7412,109.76040006771,0.22612724582054894,3497.03,3118.71,3,11,4,1.0041554496069753,1.0405396600193166,0.03743635554217931,0.001813482980136767,3351.48,-0.011913711824381057
2020-11-06,GOOGL,3376.7,3424.09,3278.87,3351.48,843274,3351.48,-0.011913711824381,3381.5905,3262.9230000000007,3060.31525,0.2875903408765465,3493.2025705555693,3269.9784294444303,52.15180112229626,31.492029440126316,40.12802036764803,-8.63599092752171,122.68428571428574,-0.0021358280746658,3391.89,-0.0077560337680837,3399.15,0.0159763927814107,3425.72,0.0005260642279329,3328.34,-0.0026708378252403,3487.69,3388.018,28.092633732058264,0.1980020376231753,3425.72,3351.48,3379.3769999999995,43.98904107213493,0.22856992424335024,3442.05,3326.59,3381.5905,55.80603527778481,0.2875903408765459,3497.03,3294.75,3262.9230000000007,110.0735891555972,0.22043799309436138,3497.03,3118.71,4,11,4,0.9910957580461056,1.0271403891538269,0.04333011087637609,-0.007468830514997581,3292.43,-0.017619081719121188
2020-11-09,GOOGL,3279.12,3325.35,3259.5,3292.43,673838,3292.43,-0.0176190817191211,3381.4745000000003,3264.0664,3062.80655,0.2947148381000025,3493.470750966466,3269.4782490335347,47.02265532962375,22.505903745317482,36.603597043181914,-14.097693297864431,124.4321428571429,-0.011913711824381,3351.48,-0.0021358280746658,3391.89,-0.0077560337680837,3399.15,0.0130725827289279,3371.85,-0.0176535185179875,3426.12,3372.1339999999996,51.89156607776789,0.20427711760248632,3425.72,3292.43,3366.0080000000003,48.30791602949414,0.2285118854409534,3442.05,3292.43,3381.4745000000003,55.99812548323283,0.2947148381000019,3497.03,3292.43,3264.0664,110.07730212864843,0.2224939996395425,3497.03,3118.71,0,11,4,0.9736669609660005,1.008689651656287,0.020000425217842115,0.004059015833515055,3309.69,0.005242328614427638
2020-11-10,GOOGL,3277.38,3366.59,3252.8,3309.69,1454041,3309.69,0.0052423286144276,3376.0655,3266.9514,3065.03435,0.2610058299770074,3491.0696166266225,3261.061383373377,47.8037947802664,16.585880437472497,32.60005372204003,-16.014173284567534,121.13285714285719,-0.0176190817191211,3292.43,-0.011913711824381,3351.48,-0.0021358280746658,3391.89,0.0159763927814107,3425.72,0.0046495744457288,3442.05,3348.928,47.71304873934408,0.1399484648215159,3399.15,3292.43,3352.772,42.999104848581766,0.22914975800328638,3425.72,3292.43,3376.0654999999997,57.50205831331137,0.2610058299770068,3497.03,3292.43,3266.9514,109.32742384290347,0.2169161865493739,3497.03,3118.71,1,11,4,0.9803393921116221,1.0130821046186935,0.034380863464543686,0.009858484521169376,3243.81,-0.019905187494901333
2020-11-11,GOOGL,3230.88,3298.0,3189.63,3243.81,2086732,3243.81,-0.0199051874949013,3369.6315000000004,3268.942,3066.9474,0.2659919887095829,3498.981334459709,3240.281665540292,25.55130730244136,6.5032880403009585,27.380700585692217,-20.87741254539126,116.15214285714289,0.0052423286144276,3309.69,-0.0176190817191211,3292.43,-0.011913711824381,3351.48,-0.0077560337680837,3399.15,-0.0323847707035052,3330.58,3317.8599999999997,56.58529314232276,0.16861903695875413,3391.89,3243.81,3344.095,55.0430502728082,0.19097351577573266,3425.72,3243.81,3369.6315000000004,64.67491722985429,0.26599198870958235,3497.03,3243.81,3268.942,107.94565168811003,0.22130551622570666,3497.03,3118.71,2,11,4,0.9626601603169477,0.992311885618958,0.033408245242466876,0.004002005645519436,3223.24,-0.006341308523002298
2020-11-12,GOOGL,3228.27,3263.19,3183.29,3223.24,1991431,3223.24,-0.0063413085230022,3360.719,3270.7627999999995,3068.98275,0.263512047116714,3504.576317893794,3216.861682106206,25.008977677994054,-3.1112021630701747,21.28232003593974,-24.393522199009915,109.74571428571433,-0.0199051874949013,3243.81,0.0052423286144276,3309.69,-0.0176190817191211,3292.43,-0.0021358280746658,3391.89,-0.0011979895393594,3326.59,3284.13,51.457556782285835,0.15982925205999463,3351.48,3223.24,3333.7599999999998,67.08122787587376,0.19168213750546087,3425.72,3223.24,3360.719,71.92865894689695,0.26351204711671344,3497.03,3223.24,3270.7627999999995,106.34804765948003,0.22164125453019615,3497.03,3118.71,3,11,4,0.9590923846947753,0.9854704229848201,0.024788721907141667,-0.0015581100713380981,3173.19,-0.01552785396061096
2020-11-13,GOOGL,3165.31,3219.9,3126.47,3173.19,1594076,3173.19,-0.0155278539606109,3350.692,3271.6352,3071.22635,0.2668656749655322,3516.943510619227,3184.440489380773,25.56562397287728,-14.601059705163607,14.105644087719071,-28.706703792882678,110.96357142857144,-0.0063413085230022,3223.24,-0.0199051874949013,3243.81,0.0052423286144276,3309.69,-0.011913711824381,3351.48,0.0005260642279329,3328.34,3248.472,54.785301130884456,0.1643967185694261,3309.69,3173.19,3318.245,84.22536992433139,0.1999750928500078,3425.72,3173.19,3350.692,83.12575530961348,0.2668656749655316,3497.03,3173.19,3271.6352,105.34030812214647,0.22458846809335098,3497.03,3118.71,4,11,4,0.9470252711974282,0.9699094813501915,0.029443556799300025,0.0024894876015295877,3202.09,0.009107554227764547
2020-11-16,GOOGL,3204.32,3238.19,3165.98,3202.09,1549200,3202.09,0.0091075542277645,3344.3945,3272.3744,3073.9279000000006,0.2670260295598472,3523.317714283364,3165.4712857166355,27.38530553703133,-21.13127789677401,7.058259690820456,-28.189537587594465,108.93142857142857,-0.0155278539606109,3173.19,-0.0063413085230022,3223.24,-0.0199051874949013,3243.81,-0.0176190817191211,3292.43,0.0130725827289279,3371.85,3230.404,51.45978507535239,0.2004140437674095,3309.69,3173.19,3301.2690000000002,89.1826208094718,0.19089791802692782,3425.72,3173.19,3344.3945,89.4616071416821,0.26702602955984656,3497.03,3173.19,3272.3744,104.70544706725852,0.2240775339727912,3497.03,3118.71,0,11,4,0.9574498463022358,0.9785218952938336,0.022550896445751832,-0.0006959354870922136,3296.62,0.029521343872283223
2020-11-17,GOOGL,3321.45,3322.46,3270.79,3296.62,2366402,3296.62,0.0295213438722832,3342.8075,3275.6757999999995,3077.3879,0.2892883754286177,3522.8888442952234,3162.7261557047764,46.69392523237204,-18.465878726135088,1.9534320074293472,-20.419310733564437,106.79142857142854,0.0091075542277645,3202.09,-0.0155278539606109,3173.19,-0.0063413085230022,3223.24,0.0052423286144276,3309.69,0.0159763927814107,3425.72,3227.79,46.52032297825781,0.32045491275252175,3296.62,3173.19,3288.3589999999995,77.7808456069676,0.23883572765763764,3399.15,3173.19,3342.8075,90.0406721476118,0.2892883754286171,3497.03,3173.19,3275.6757999999995,102.75884956360761,0.23197494044820277,3497.03,3118.71,1,11,4,0.9861830213073932,1.0063938561926653,0.015673629353696938,-0.0074756506947244285,3229.56,-0.020342047309061972
2020-11-18,GOOGL,3256.2,3259.51,3199.6,3229.56,1370470,3229.56,-0.0203420473090619,3337.456,3277.8928,3080.21855,0.2975811099884367,3524.5403874214494,3150.37161257855,41.58704284845364,-21.51668132775785,-2.7405906596080927,-18.77609066814976,107.07642857142855,0.0295213438722832,3296.62,0.0091075542277645,3202.09,-0.0155278539606109,3173.19,-0.0199051874949013,3243.81,-0.0077560337680837,3399.15,3224.94,45.72319378610145,0.3221211103739504,3296.62,3173.19,3271.4,68.92454763484679,0.25272522224314586,3391.89,3173.19,3337.4559999999997,93.54219371072479,0.297581109988436,3497.03,3173.19,3277.8927999999996,100.47360575408847,0.23667693748874513,3497.03,3118.85,2,11,4,0.9676711842789933,0.9852549174271393,0.01855051462118114,-0.00818131564399966,3136.06,-0.028951312253062356
2020-11-19,GOOGL,3121.39,3158.36,3113.77,3136.06,1553908,3136.06,-0.0289513122530623,3319.4075,3278.237,3082.5534,0.2491561711379784,3511.259536393773,3127.555463606226,35.6168277422898,-31.12039639936802,-8.416551807560078,-22.703844591807943,107.54285714285713,-0.0203420473090619,3229.56,0.0295213438722832,3296.62,0.0091075542277645,3202.09,-0.0063413085230022,3223.24,-0.0021358280746658,3391.89,3207.504,60.70242112141131,0.38151213615611085,3296.62,3136.06,3245.817,66.67459620343037,0.27875171666428056,3351.48,3136.06,3319.4075,95.92601819688683,0.24915617113797764,3487.69,3136.06,3278.2369999999996,99.94573368912037,0.24592844830842245,3497.03,3127.17,3,11,4,0.9447649919448141,0.9566300423059844,0.014218477962789591,0.004699829242739733,3130.66,-0.0017219058308833857
2020-11-20,GOOGL,3128.29,3189.08,3072.23,3130.66,1055493,3130.66,-0.0017219058308833,3301.556,3278.3068,3084.77415,0.2493124668392802,3493.919316494201,3109.192683505798,30.86735098533714,-38.72079542813026,-14.477400531674114,-24.243394896456145,109.28428571428572,-0.0289513122530623,3136.06,-0.0203420473090619,3229.56,0.0295213438722832,3296.62,-0.0155278539606109,3173.19,-0.011913711824381,3351.48,3198.998,69.11028374996779,0.3704848951266742,3296.62,3130.66,3223.7349999999997,64.316780124297,0.27910522545678174,3309.69,3130.66,3301.5559999999996,96.18165824710071,0.24931246683927943,3442.05,3130.66,3278.3068,99.83924050520704,0.24590185549449517,3497.03,3130.66,4,11,4,0.9482377400229018,0.9549624824616918,0.03732439805023943,0.0007576023961970064,3132.29,0.0005206569860669585
2020-11-23,GOOGL,3135.37,3189.35,3075.24,3132.29,695937,3132.29,0.0005206569860669,3286.8645000000006,3278.2942,3087.46835,0.2456570448285847,3483.9940601188428,3089.7349398811584,24.61985572621886,-44.10423289592791,-20.402767004524875,-23.701465891403032,110.33357142857143,-0.0017219058308833,3130.66,-0.0289513122530623,3136.06,-0.0203420473090619,3229.56,0.0091075542277645,3202.09,-0.0176190817191211,3292.43,3185.0379999999996,75.11809715375446,0.358386799858194,3296.62,3130.66,3207.721,65.2418891425632,0.2739578886912295,3309.69,3130.66,3286.8645000000006,98.56478005942115,0.24565704482858403,3442.05,3130.66,3278.2942,99.85800118353491,0.24587281043035075,3497.03,3130.66,0,11,4,0.9529720498058397,0.9554633626228679,0.03643021559305291,-0.0009823402022724416,3144.13,0.0037799820578554577
2020-11-24,GOOGL,3172.37,3219.62,3068.63,3144.13,912818,3144.13,0.0037799820578554,3271.9685,3278.0626,3090.46445,0.245253153978908,3464.698517466528,3079.238482533472,27.3653566223185,-46.87491201860803,-25.697196007341507,-21.177716011266522,111.57428571428571,0.0005206569860669,3132.29,-0.0017219058308833,3130.66,-0.0289513122530623,3136.06,0.0295213438722832,3296.62,0.0052423286144276,3309.69,3154.54,42.258714485896434,0.2290898865584795,3229.56,3130.66,3191.165,56.9733503491028,0.27254573267955196,3296.62,3130.66,3271.9685,96.36500873326405,0.24525315397890732,3425.72,3130.66,3278.0626,100.16108089352178,0.24547420051746136,3497.03,3130.66,1,11,4,0.9609291776491856,0.9591427570660307,0.04802282348374646,-0.00890186201483146,3122.6,-0.006847681234554592
2020-11-25,GOOGL,3153.74,3183.79,3061.42,3122.6,1195611,3122.6,-0.0068476812345545,3261.5695,3276.525,3093.1675,0.2222853740953407,3463.221070312484,3059.917929687517,26.68928861970251,-50.228977860951545,-30.60355237806352,-19.625425482888026,111.24499999999999,0.0037799820578554,3144.13,0.0005206569860669,3132.29,-0.0017219058308833,3130.66,-0.0203420473090619,3229.56,-0.0199051874949013,3243.81,3133.1479999999997,7.862421382770149,0.20726363039871262,3144.13,3122.6,3179.044,57.420612481750744,0.2601317551723212,3296.62,3122.6,3261.5695,100.82578515624154,0.22228537409533988,3425.72,3122.6,3276.525,101.965885496599,0.24387369346821955,3497.03,3122.6,2,11,4,0.9573918323675281,0.9530218753096793,0.03918849676550333,-0.009873990880665496,3113.44,-0.002933452891820898
2020-11-26,GOOGL,3096.97,3132.25,3094.63,3113.44,1229534,3113.44,-0.0029334528918208,3250.9120000000003,3274.3834,3095.76185,0.2221710958596447,3460.4699192993417,3041.354080700659,28.21582839081374,-53.01510947121005,-35.08586379669283,-17.929245674517226,103.55928571428568,-0.0068476812345545,3122.6,0.0037799820578554,3144.13,0.0005206569860669,3132.29,-0.0289513122530623,3136.06,-0.0063413085230022,3223.24,3128.624,11.454947839260587,0.06282238769417725,3144.13,3113.44,3168.064,58.517931762660474,0.2597178371526839,3296.62,3113.44,3250.9120000000003,104.77895964967063,0.22217109585964384,3425.72,3113.44,3274.3834,104.26476140998467,0.2434144857430704,3497.03,3113.44,3,11,4,0.957712789518462,0.9508477229633674,0.012083097795360697,0.005318101240888655,3132.66,0.0061732360347397375
2020-11-27,GOOGL,3146.88,3203.72,3061.59,3132.66,2593052,3132.66,0.0061732360347397,3241.128,3272.1394,3098.4793,0.2243252938040095,3453.715014764148,3028.540985235851,34.22896965534282,-53.060595952510084,-38.680810227856284,-14.3797857246538,107.1414285714285,-0.0029334528918208,3113.44,-0.0068476812345545,3122.6,0.0037799820578554,3144.13,-0.0017219058308833,3130.66,-0.0155278539606109,3173.19,3129.024,11.578075401386268,0.0825123635158143,3144.13,3113.44,3164.011,59.518469859750695,0.25398604074212106,3296.62,3113.44,3241.1279999999997,106.29350738207432,0.22432529380400865,3425.72,3113.44,3272.1394,106.10429959956221,0.24319672281278762,3497.03,3113.44,4,11,4,0.9665338733919281,0.957373637565393,0.04537038810466322,-0.004518761439901024,3186.11,0.0170621771912689
2020-11-30,GOOGL,3178.34,3257.01,3115.21,3186.11,1239654,3186.11,0.0170621771912689,3231.841,3272.5696000000003,3101.34295,0.2285080702310003,3436.4621679022985,3027.2198320977013,38.61475530560768,-48.227736689112135,-40.59019552010746,-7.6375411690046775,109.14214285714282,0.0061732360347397,3132.66,-0.0029334528918208,3113.44,-0.0068476812345545,3122.6,0.0005206569860669,3132.29,0.0091075542277645,3202.09,3139.788,28.30650755568982,0.14627110661357257,3186.11,3113.44,3162.413,58.58977329232508,0.2658597538097503,3296.62,3113.44,3231.841,102.3105839511494,0.22850807023099956,3425.72,3113.44,3272.5696000000003,105.702226994879,0.2399355286802545,3497.03,3113.44,0,11,4,0.985849860806585,0.9735805160565649,0.044505682477992185,0.0024446723761452635,3088.83,-0.030532530264178015
2020-12-01,GOOGL,3058.44,3131.66,3046.0,3088.83,1922947,3088.83,-0.030532530264178,3214.9965,3270.986,3103.37,0.2374694727399851,3407.525372506016,3022.4676274939848,36.50282170885698,-51.651932574608054,-42.80254293100758,-8.849389643600475,110.57428571428568,0.0170621771912689,3186.11,0.0061732360347397,3132.66,-0.0029334528918208,3113.44,0.0037799820578554,3144.13,0.0295213438722832,3296.62,3128.728,35.95580718048465,0.28159075880246,3186.11,3088.83,3141.6339999999996,39.41252542024668,0.24703478332774578,3229.56,3088.83,3214.9965,96.26443625300779,0.23746947273998445,3399.15,3088.83,3270.986,107.87154303115264,0.2496695589617023,3497.03,3088.83,1,12,4,0.9607568779620876,0.9443115928955538,0.027732183383343247,0.009936438184169033,3071.48,-0.005617013561769357
2020-12-02,GOOGL,3041.34,3122.83,3020.13,3071.48,1008325,3071.48,-0.0056170135617693,3198.613,3268.5502,3105.35405,0.2372682062222998,3380.640230363209,3016.5857696367907,36.70870555173602,-55.1301267005706,-45.26805968492019,-9.86206701565041,112.20285714285708,-0.030532530264178,3088.83,0.0170621771912689,3186.11,0.0061732360347397,3132.66,-0.0068476812345545,3122.6,-0.0203420473090619,3229.56,3118.504,44.408362162998785,0.2807801693778151,3186.11,3071.48,3125.826,31.040829814248397,0.23447067417963724,3186.11,3071.48,3198.613,91.01361518160446,0.23726820622229916,3391.89,3071.48,3268.5502,110.99213350486875,0.24919331245284557,3497.03,3071.48,2,12,4,0.9602537099671139,0.9397071521187161,0.03343664943283576,0.009910105414057607,3082.85,0.0037017984815137517
2020-12-03,GOOGL,3080.41,3158.44,3007.25,3082.85,1059345,3082.85,0.0037017984815137,3183.161,3265.5748,3107.37645,0.2390841220156083,3347.737568121812,3018.5844318781883,41.51290819476686,-56.31993546933836,-47.47843484180383,-8.84150062753453,116.08999999999995,-0.0056170135617693,3071.48,-0.030532530264178,3088.83,0.0170621771912689,3186.11,-0.0029334528918208,3113.44,-0.0289513122530623,3136.06,3112.386,47.293827609953354,0.28505052422206273,3186.11,3071.48,3120.505,33.55074009783814,0.1946231739571517,3186.11,3071.48,3183.161,82.28828406090587,0.23908412201560764,3351.48,3071.48,3265.5748,113.95680399385195,0.24771507010931798,3497.03,3071.48,3,12,4,0.9684869851066381,0.9440451341059638,0.04904228230369659,0.0007921023500116097,3038.72,-0.014314676354671874
2020-12-04,GOOGL,3038.01,3086.27,2991.18,3038.72,705194,3038.72,-0.0143146763546718,3167.523,3262.4116000000004,3109.1331999999998,0.2401999372098228,3323.99519226302,3011.0508077369805,35.079002647746606,-60.1306410805455,-50.00887608955217,-10.121764990993334,117.72428571428567,0.0037017984815137,3082.85,-0.0056170135617693,3071.48,-0.030532530264178,3088.83,0.0061732360347397,3132.66,-0.0017219058308833,3130.66,3093.598,55.221201272697414,0.285861994083738,3186.11,3038.72,3111.311,41.99369700061362,0.20477075665254607,3186.11,3038.72,3167.523,78.23609613150985,0.24019993720982216,3309.69,3038.72,3262.4116000000004,118.02501798712217,0.24857746548057516,3497.03,3038.72,4,12,4,0.9593363647238048,0.9314336670452827,0.03129278117100913,0.0002337056165053268,3124.92,0.028367207245155956
2020-12-07,GOOGL,3095.08,3197.12,3052.71,3124.92,891714,3124.92,0.0283672072451559,3159.1475,3261.6258,3110.79295,0.2620623001444299,3305.0437320317733,3013.251267968227,34.07590146817584,-55.55463389752549,-51.11802765114684,-4.436606246378652,120.44071428571426,-0.0143146763546718,3038.72,0.0037017984815137,3082.85,-0.0056170135617693,3071.48,0.0170621771912689,3186.11,0.0005206569860669,3132.29,3081.3599999999997,31.10979990291804,0.34774061365810605,3124.92,3038.72,3110.5739999999996,41.647849137492635,0.25847103089003626,3186.11,3038.72,3159.1475,72.94811601588673,0.2620623001444292,3309.69,3038.72,3261.6258,118.8202939460761,0.2561133955407743,3497.03,3038.72,0,12,4,0.9891655897671796,0.9580866082182211,0.04621238303699091,0.009641107822734956,3094.15,-0.009846652074293138
2020-12-08,GOOGL,3105.72,3114.76,3073.54,3094.15,1481587,3094.15,-0.0098466520742931,3148.3705,3260.7862,3112.7564500000003,0.2616396554263186,3278.427880935516,3018.313119064484,36.53521070637895,-53.790928738207185,-51.65260786855892,-2.1383208696482683,117.18071428571427,0.0283672072451559,3124.92,-0.0143146763546718,3038.72,0.0037017984815137,3082.85,-0.030532530264178,3088.83,0.0037799820578554,3144.13,3082.424,31.51746071623813,0.2692554370259389,3124.92,3038.72,3105.576,40.145336853894676,0.2617507902624883,3186.11,3038.72,3148.3705,65.02869046775791,0.26163965542631795,3296.62,3038.72,3260.7862,119.8688528059886,0.25629351445774173,3497.03,3038.72,1,12,4,0.9827782340099481,0.9488969255325759,0.013321913934355778,-0.003725384129926711,3092.95,-0.00038782864437736375
2020-12-09,GOOGL,3080.21,3120.23,3065.67,3092.95,1203634,3092.95,-0.0003878286443773,3140.8275000000003,3259.3648,3114.56175,0.2542107169347589,3264.9417748268947,3016.713225173106,44.74947019553628,-51.89183291551399,-51.700452877949935,-0.19138003756405197,112.80714285714284,-0.0098466520742931,3094.15,0.0283672072451559,3124.92,-0.0143146763546718,3038.72,-0.0056170135617693,3071.48,-0.0068476812345545,3122.6,3086.718,31.113641220526862,0.26433666198303946,3124.92,3038.72,3102.611,39.84207671128889,0.26004393368986145,3186.11,3038.72,3140.8275000000003,62.05713741344715,0.2542107169347583,3296.62,3038.72,3259.3648,121.45065559246716,0.25545634734216094,3497.03,3038.72,2,12,4,0.9847564057558127,0.9489425669685857,0.017640117040360274,0.004136081630796487,3121.44,0.009211270793255677
2020-12-10,GOOGL,3125.18,3164.56,3078.31,3121.44,1749792,3121.44,0.0092112707932556,3135.7375,3257.4402,3116.53085,0.2568766605736733,3253.824506972849,3017.6504930271503,48.93685715445528,-47.53987085596236,-50.868336473552425,3.328465617590062,110.62142857142855,-0.0003878286443773,3092.95,-0.0098466520742931,3094.15,0.0283672072451559,3124.92,0.0037017984815137,3082.85,-0.0029334528918208,3113.44,3094.436,34.51468136894457,0.2700545228242475,3124.92,3038.72,3103.411,40.16270200352293,0.2644069261052744,3186.11,3038.72,3135.7374999999997,59.0435034864248,0.2568766605736726,3296.62,3038.72,3257.4402,122.87893621475013,0.25334433065510276,3497.03,3038.72,3,12,4,0.995440466556593,0.9582493640248689,0.02763147777947754,-0.0011967310682900138,3092.89,-0.009146419601209765
2020-12-11,GOOGL,3080.57,3144.52,3041.25,3092.89,1290233,3092.89,-0.0091464196012097,3131.7225,3255.3452,3118.2292500000003,0.2532204031817924,3249.908245667418,3013.536754332581,45.72241281834344,-45.86594193915107,-49.86785756667216,4.001915627521086,109.84714285714283,0.0092112707932556,3121.44,-0.0003878286443773,3092.95,-0.0098466520742931,3094.15,-0.0143146763546718,3038.72,0.0061732360347397,3132.66,3105.27,16.403449332378436,0.2515094662230067,3124.92,3092.89,3099.434,38.893595359667636,0.26618920582313804,3186.11,3038.72,3131.7225,59.0928728337092,0.2532204031817917,3296.62,3038.72,3255.3452,124.79727793736022,0.25376939661269626,3497.03,3038.72,4,12,4,0.9876002742896322,0.9500958608011985,0.033389483622103144,0.00399925987722912,3003.66,-0.028850039930291782
2020-12-14,GOOGL,2983.66,3067.71,2939.61,3003.66,1042206,3003.66,-0.0288500399302917,3121.801,3250.5122,3119.6218,0.2682096736491264,3248.148124500283,2995.453875499717,36.94346848006765,-51.14983305060514,-50.12425266345876,-1.025580387146377,110.01071428571426,-0.0091464196012097,3092.89,0.0092112707932556,3121.44,-0.0003878286443773,3092.95,0.0283672072451559,3124.92,0.0170621771912689,3186.11,3081.018,44.927621459404946,0.2235756006324393,3121.44,3003.66,3081.189,36.43187811978485,0.27776041066097046,3124.92,3003.66,3121.801,63.17356225014143,0.2682096736491257,3296.62,3003.66,3250.5121999999997,129.77378344864073,0.25902866359214405,3497.03,3003.66,0,12,4,0.9621561399970843,0.9240574454693865,0.042647969477223546,0.0067031766354052735,2983.94,-0.006565323638494269
2020-12-15,GOOGL,2978.4,3057.84,2910.04,2983.94,2833861,2983.94,-0.0065653236384942,3106.1670000000004,3245.1387999999997,3120.92275,0.2390786134163375,3217.97756707436,2994.3564329256405,37.068193687012354,-56.27983511170942,-51.355369153108896,-4.924465958600521,111.82714285714285,-0.0288500399302917,3003.66,-0.0091464196012097,3092.89,0.0092112707932556,3121.44,-0.0098466520742931,3094.15,-0.030532530264178,3088.83,3058.9759999999997,61.02541380440845,0.22289942883082595,3121.44,2983.94,3070.7,47.42752084322805,0.24156318567829388,3124.92,2983.94,3106.1670000000004,55.9052835371799,0.23907861341633674,3229.56,2983.94,3245.1387999999993,135.13660317212796,0.2591429680277686,3497.03,2983.94,1,12,4,0.9606502161664324,0.9195107463505354,0.0495318270474442,0.0018600590921293658,3034.32,0.016883717501022133
2020-12-16,GOOGL,3018.07,3073.09,2995.55,3034.32,1155762,3034.32,0.0168837175010221,3096.405,3240.8845999999994,3122.31595,0.2435840543952889,3196.3132103997427,2996.4967896002568,43.147885127300974,-55.638784474549084,-52.21205221739694,-3.426732257152146,115.50785714285715,-0.0065653236384942,2983.94,-0.0288500399302917,3003.66,-0.0091464196012097,3092.89,-0.0003878286443773,3092.95,-0.0056170135617693,3071.48,3047.25,58.44355139790129,0.2818326741185421,3121.44,2983.94,3066.9839999999995,48.795647620132634,0.26124314142035915,3124.92,2983.94,3096.4049999999997,49.954105199871584,0.24358405439528813,3186.11,2983.94,3240.8845999999994,138.38494471332245,0.2624406662509112,3497.03,2983.94,2,12,4,0.9799493283336709,0.9362628956301204,0.0255543251865243,0.005384235620775732,3018.83,-0.005104932900946602
2020-12-17,GOOGL,3020.93,3036.79,3000.87,3018.83,1910799,3018.83,-0.0051049329009466,3090.5435,3236.5222000000003,3122.9241,0.2237922548973303,3194.3358614014023,2986.751138598597,40.07775317626773,-55.738146118089844,-52.917270997535525,-2.8208751205543194,107.9214285714286,0.0168837175010221,3034.32,-0.0065653236384942,2983.94,-0.0288500399302917,3003.66,0.0092112707932556,3121.44,0.0037017984815137,3082.85,3026.728,41.41368336671885,0.2578398984507483,3092.89,2983.94,3060.582,50.64731950789508,0.2604552431965855,3124.92,2983.94,3090.5434999999998,51.89618070070124,0.22379225489732957,3186.11,2983.94,3236.5222000000003,141.9047173036315,0.262552912951678,3497.03,2983.94,3,12,4,0.9767958289533938,0.932738851597887,0.011898649476780135,-0.0006951501689874357,2979.03,-0.013183915622939968
2020-12-18,GOOGL,2961.09,3041.66,2916.4,2979.03,1022078,2979.03,-0.0131839156229399,3082.9620000000004,3230.568,3123.14075,0.2274027871903649,3196.143179503045,2969.780820496956,31.509393527321397,-58.35572978618484,-54.00496275526539,-4.3507670309194495,106.74000000000001,-0.0051049329009466,3018.83,0.0168837175010221,3034.32,-0.0065653236384942,2983.94,-0.0091464196012097,3092.89,-0.0143146763546718,3038.72,3003.956,23.26607895625172,0.2619551627912062,3034.32,2979.03,3054.613,56.66946150952236,0.2590131228604606,3124.92,2979.03,3082.9620000000004,56.59058975152222,0.22740278719036414,3186.11,2979.03,3230.5679999999998,146.35870302453327,0.26201846534953654,3497.03,2979.03,4,12,4,0.9662882643376836,0.9221381503187915,0.04204724356584449,0.006058579779741243,3024.31,0.015199578386253076
2020-12-21,GOOGL,3024.81,3075.98,2972.63,3024.31,1593864,3024.31,0.015199578386253,3077.563,3225.1592000000005,3123.7777,0.2357053293295353,3191.1376669493147,2963.988333050685,43.6491062276339,-56.129440867613084,-54.42985837773493,-1.6995824898781535,104.11428571428571,-0.0131839156229399,2979.03,-0.0051049329009466,3018.83,0.0168837175010221,3034.32,-0.0288500399302917,3003.66,0.0283672072451559,3124.92,3008.0860000000002,24.9707574974928,0.21716978026380057,3034.32,2979.03,3044.552,51.49521138471992,0.22173472954447088,3121.44,2979.03,3077.563,56.787333474657274,0.2357053293295345,3186.11,2979.03,3225.1592000000005,148.9132678103676,0.26429805587974353,3497.03,2979.03,0,12,4,0.9826963737213559,0.9377242524955238,0.03417308410842994,-0.00016529963865493524,3009.16,-0.00500940710443043
2020-12-22,GOOGL,2988.54,3036.16,2982.17,3009.16,1739378,3009.16,-0.0050094071044304,3070.8144999999995,3216.985,3124.43285,0.2350850040011241,3183.772977229072,2957.856022770927,43.83897500669537,-54.95409267365994,-54.53470523691993,-0.4193874367400099,100.63499999999999,0.015199578386253,3024.31,-0.0131839156229399,2979.03,-0.0051049329009466,3018.83,-0.0065653236384942,2983.94,-0.0098466520742931,3094.15,3013.13,21.125040828331176,0.2138087373491043,3034.32,2979.03,3036.053,49.369483613094765,0.21897439715158598,3121.44,2979.03,3070.8144999999995,56.479238614536165,0.2350850040011233,3186.11,2979.03,3216.985,149.33596077507679,0.24885572378761162,3497.03,2979.03,1,12,4,0.9799224277464563,0.9353975850055454,0.017941884113833045,0.006899690149702862,2985.51,-0.007859336160257246
2020-12-23,GOOGL,2995.72,3029.98,2941.04,2985.51,1304367,2985.51,-0.0078593361602572,3063.96,3209.2454,3125.0699000000004,0.2353839597058574,3180.275016725295,2947.6449832747053,40.60497258789196,-55.2935880467885,-54.68648179889365,-0.6071062478948477,96.18857142857142,-0.0050094071044304,3009.16,0.015199578386253,3024.31,-0.0131839156229399,2979.03,0.0168837175010221,3034.32,-0.0003878286443773,3092.95,3003.368,20.139727406261535,0.17149517467447137,3024.31,2979.03,3025.309,47.25710304048654,0.2199796993054566,3121.44,2979.03,3063.96,58.15750836264729,0.2353839597058566,3186.11,2979.03,3209.2454,151.12935600259163,0.24793604983442522,3497.03,2979.03,2,12,4,0.9743958798414555,0.9302841097782893,0.029790555047536353,-0.003408195692520053,2993.47,0.0026662111331061666
2020-12-24,GOOGL,3008.67,3052.88,2934.06,2993.47,467913,2993.47,0.0026662111331061,3057.9615,3201.085,3126.1477,0.2359713676469402,3175.895066897083,2940.027933102917,45.30475024252544,-54.29446233574345,-54.60807790626362,0.3136155705201702,97.88357142857141,-0.0078593361602572,2985.51,-0.0050094071044304,3009.16,0.015199578386253,3024.31,-0.0051049329009466,3018.83,0.0092112707932556,3121.44,2998.296,18.3895725887921,0.17487372825164138,3024.31,2979.03,3012.5119999999997,33.72111893492818,0.2117373030352666,3092.89,2979.03,3057.9615,58.96678344854138,0.23597136764693946,3186.11,2979.03,3201.085,151.55220429117202,0.24694867332202214,3497.03,2979.03,3,12,4,0.9789102969409592,0.9351423033124908,0.0396930652386563,-0.005052066195360481,3031.44,0.012684276107661097
2020-12-25,GOOGL,3007.82,3093.31,2969.57,3031.44,1208793,3031.44,0.012684276107661,3052.9005,3194.2392,3127.48475,0.2400076892374958,3165.921968938732,2939.8790310612685,39.22147403249446,-49.863985356027115,-53.659259396216314,3.7952740401891987,95.40785714285711,0.0026662111331061,2993.47,-0.0078593361602572,2985.51,-0.0050094071044304,3009.16,-0.0131839156229399,2979.03,-0.0091464196012097,3092.89,3008.778,19.562016000366757,0.1633154790895934,3031.44,2985.51,3006.3669999999997,20.423463657742126,0.22509876918201369,3034.32,2979.03,3052.9005,56.5107344693658,0.24000768923749502,3186.11,2979.03,3194.2392,151.32512246532545,0.24888906935752883,3497.03,2979.03,4,12,4,0.9929704554730844,0.9490334975536745,0.0408188847544266,0.00785286353571425,3150.05,0.039126619692291476
2020-12-28,GOOGL,3148.02,3197.27,3102.82,3150.05,1963062,3150.05,0.0391266196922914,3051.0975,3190.6794,3129.24805,0.2731682258420982,3156.032605134029,2946.162394865971,55.359745338699405,-36.36279700603882,-50.19996691818082,13.837169912142002,103.5828571428571,0.012684276107661,3031.44,0.0026662111331061,2993.47,-0.0078593361602572,2985.51,0.015199578386253,3024.31,-0.0288500399302917,3003.66,3033.9260000000004,67.24045530779043,0.3011457373630073,3150.05,2985.51,3021.0060000000003,49.719808527400694,0.2541195178721235,3150.05,2979.03,3051.0975,52.46755256701448,0.2731682258420974,3150.05,2979.03,3190.6794,150.20270414439474,0.2639757411478879,3497.03,2979.03,0,12,4,1.032431772501196,0.9872662229865568,0.02998365105314831,0.0006448497785908461,3192.89,0.01359978413041052
2020-12-29,GOOGL,3165.48,3228.34,3157.43,3192.89,1481883,3192.89,0.0135997841304105,3056.3005,3187.97,3131.5041,0.2528241033359418,3178.0802707642138,2934.520729235786,58.873774682440285,-21.95311613916965,-44.55059676237859,22.597480623208938,105.2778571428571,0.0391266196922914,3150.05,0.012684276107661,3031.44,0.0026662111331061,2993.47,-0.0050094071044304,3009.16,-0.0065653236384942,2983.94,3070.672,94.85511488580602,0.2772800362064813,3192.89,2985.51,3041.9010000000003,71.53301109745149,0.24878710853531294,3192.89,2979.03,3056.3005,60.88988538210691,0.25282410333594085,3192.89,2979.03,3187.97,148.8845368953185,0.26598770517125614,3497.03,2979.03,1,12,4,1.0446911224858142,1.0015433018500797,0.022208719999742586,0.008659034332863007,3253.58,0.019007858084681972
2020-12-30,GOOGL,3259.96,3333.21,3173.94,3253.58,1434271,3253.58,0.0190078580846819,3065.4055,3186.3098000000005,3133.8279,0.2583218146311609,3215.825787052173,2914.9852129478268,61.098232881718445,-5.571934649296054,-36.75486433976208,31.182929690466025,110.49357142857139,0.0135997841304105,3192.89,0.0391266196922914,3150.05,0.012684276107661,3031.44,-0.0078593361602572,2985.51,0.0168837175010221,3034.32,3124.286,109.33942166483317,0.21421676423350566,3253.58,2993.47,3063.827,97.75012236992269,0.2513886992719606,3253.58,2979.03,3065.4055,75.21014352608661,0.25832181463116,3253.58,2979.03,3186.3098000000005,147.651175762483,0.2695663193303331,3497.03,2979.03,2,12,4,1.0613864951958032,1.0211122597052484,0.04895223108082513,-0.0019570792279654204,3228.22,-0.007794490991461789
2020-12-31,GOOGL,3213.01,3287.19,3169.25,3228.22,602552,3228.22,-0.0077944909914617,3072.674,3180.9336,3135.91185,0.2611209676714279,3239.7682860719983,2905.5797139280016,61.42738925428541,5.302802240482833,-28.343331023713098,33.64613326419593,111.54142857142854,0.0190078580846819,3253.58,0.0135997841304105,3192.89,0.0391266196922914,3150.05,0.0026662111331061,2993.47,-0.0051049329009466,3018.83,3171.236,87.30460257054486,0.266169298713294,3253.58,3031.44,3084.766,108.83815152173548,0.2553795720598195,3253.58,2979.03,3072.674,83.5471430359992,0.2611209676714269,3253.58,2979.03,3180.9336,140.84344046306234,0.24608417422379744,3487.69,2979.03,3,12,4,1.0506223569434796,1.0148655727988114,0.03653406521239678,0.004733878823904951,3176.53,-0.01601191988154449
2021-01-01,GOOGL,3178.28,3218.35,3134.71,3176.53,899550,3176.53,-0.0160119198815444,3079.5645,3174.7104000000004,3137.8977,0.2626299985719547,3252.042411260102,2907.0865887398977,65.58538740165139,9.639045647113562,-20.74685568954777,30.38590133666133,107.27214285714282,-0.0077944909914617,3228.22,0.0190078580846819,3253.58,0.0135997841304105,3192.89,0.012684276107661,3031.44,-0.0131839156229399,2979.03,3200.254,41.1195139806049,0.34913679030262784,3253.58,3150.05,3104.516,105.38374006986446,0.26190075710072613,3253.58,2985.51,3079.5645,86.23895563005115,0.2626299985719537,3253.58,2979.03,3174.7104000000004,133.70622329113286,0.248229282395132,3442.05,2979.03,4,1,1,1.0314867572992767,1.0005731546408136,0.02633061863101357,-0.0005506122808561389,3180.56,0.0012686799746892685
2021-01-04,GOOGL,3181.67,3214.31,3146.82,3180.56,1414625,3180.56,0.0012686799746892,3082.3465,3169.7992000000004,3139.9314,0.2439770216523552,3259.632573342123,2905.060426657876,68.24271664324479,13.248022154905357,-13.947880120657143,27.1959022755625,101.53571428571422,-0.0160119198815444,3176.53,-0.0077944909914617,3228.22,0.0190078580846819,3253.58,0.0391266196922914,3150.05,0.015199578386253,3024.31,3206.356,33.333533116086656,0.2306885252205994,3253.58,3176.53,3120.141,103.74106402749705,0.2583472227266483,3253.58,2985.51,3082.3464999999997,88.64303667106174,0.24397702165235427,3253.58,2979.03,3169.7992000000004,128.69928482177124,0.24561471564657741,3442.05,2979.03,0,1,1,1.0318632249810227,1.0033947891711867,0.02121953366702045,-0.0003488733903892542,3186.89,0.0019902155595241666
2021-01-05,GOOGL,3213.94,3249.42,3124.36,3186.89,1414073,3186.89,0.0019902155595241,3086.9835000000003,3164.696,3141.633600000001,0.2405955732609596,3270.317624916677,2903.649375083324,65.41578255852114,16.429550505398765,-7.872393995445961,24.301944500844726,104.1007142857142,0.0012686799746892,3180.56,-0.0160119198815444,3176.53,-0.0077944909914617,3228.22,0.0135997841304105,3192.89,-0.0050094071044304,3009.16,3205.156,34.04001219155527,0.2075149062290753,3253.58,3176.53,3137.9139999999998,97.66139157541313,0.25295986531255676,3253.58,2985.51,3086.9835000000003,91.66706245833821,0.24059557326095868,3253.58,2979.03,3164.696,122.5978371983658,0.24535199574136968,3425.72,2979.03,1,1,1,1.0323637946231223,1.007012995876695,0.039242019649238194,-0.008416460792669361,3133.22,-0.016840869939031444
2021-01-06,GOOGL,3136.3,3164.06,3102.38,3133.22,1950699,3133.22,-0.0168408699390314,3088.997,3160.7488,3142.8955,0.2493163401979435,3273.4879283863525,2904.5060716136472,60.7301652799088,14.453602056293676,-3.4071947850980333,17.86079684139171,107.57142857142847,0.0019902155595241,3186.89,0.0012686799746892,3180.56,-0.0160119198815444,3176.53,0.0190078580846819,3253.58,-0.0078593361602572,2985.51,3181.084,33.7915970324123,0.1434740279117419,3228.22,3133.22,3152.685,81.95727657343859,0.27004777707740046,3253.58,2993.47,3088.997,92.24546419317626,0.24931634019794252,3253.58,2979.03,3160.7488,120.30365257556858,0.2376237382101097,3425.72,2979.03,2,1,1,1.0143162974904105,0.9912904182701924,0.01968581842321323,-0.0009820489111371361,3125.29,-0.0025309426085623477
2021-01-07,GOOGL,3130.48,3151.65,3098.93,3125.29,1132440,3125.29,-0.0025309426085623,3089.1895,3156.7228000000005,3144.11185,0.2475169741314432,3273.8309335066333,2904.5480664933666,64.59214621896345,12.108188290683302,-0.3041181699417663,12.412306460625068,102.38999999999994,-0.0168408699390314,3133.22,0.0019902155595241,3186.89,0.0012686799746892,3180.56,-0.0077944909914617,3228.22,0.0026662111331061,2993.47,3160.498,28.89523784295059,0.1475500338540486,3186.89,3125.29,3165.8669999999997,61.56872872382912,0.2725378037101078,3253.58,3031.44,3089.1895,92.32071675331676,0.24751697413144222,3253.58,2979.03,3156.7228000000005,117.98642791268206,0.23764507830188153,3425.72,2979.03,3,1,1,1.0116860749393937,0.9900425846700919,0.01686883457214639,-0.0016578927193268754,3146.18,0.0066841797081229615
2021-01-08,GOOGL,3139.99,3195.25,3097.11,3146.18,1411497,3146.18,0.0066841797081229,3091.854,3153.0796,3145.4834,0.2459824697258781,3278.2499635208287,2905.458036479171,62.78079576970254,11.799067097790157,2.1165188836046185,9.68254821418554,102.01785714285708,-0.0025309426085623,3125.29,-0.0168408699390314,3133.22,0.0019902155595241,3186.89,-0.0160119198815444,3176.53,0.012684276107661,3031.44,3154.428,27.854508970732322,0.14253706349743722,3186.89,3125.29,3177.3409999999994,40.98347646717101,0.2691046187611856,3253.58,3125.29,3091.854,93.19798176041454,0.24598246972587712,3253.58,2979.03,3153.0796,115.36226024846826,0.23826816335520049,3425.72,2979.03,4,1,1,1.017570687360717,0.9978117900984809,0.03119338372247255,0.0019713438577823763,3165.24,0.006058140347977581
2021-01-11,GOOGL,3193.66,3199.42,3131.05,3165.24,1207885,3165.24,0.0060581403479775,3099.933,3148.9474,3146.92875,0.21965980359354,3284.228718212863,2915.637281787137,66.23533327592729,12.942871666346491,4.281789440152993,8.661082226193498,103.04499999999994,0.0066841797081229,3146.18,-0.0025309426085623,3125.29,-0.0168408699390314,3133.22,0.0012686799746892,3180.56,0.0391266196922914,3150.05,3151.364,24.952816073553034,0.15289390187903143,3186.89,3125.29,3178.8599999999997,40.132239741490885,0.18613831211053006,3253.58,3125.29,3099.933,92.14785910643157,0.2196598035935391,3253.58,2979.03,3148.9474,110.9833354802836,0.23665017998319687,3425.72,2979.03,0,1,1,1.0210672295172116,1.0051739828994903,0.021600257800349514,-0.008898880907795812,3191.75,0.00837535226396735
2021-01-12,GOOGL,3209.44,3247.85,3135.64,3191.75,808596,3191.75,0.0083753522639673,3110.3234999999995,3144.268,3148.62005,0.2176825507412901,3290.469678337176,2930.177321662823,71.32605368532374,15.806275568590081,6.586686665840411,9.21958890274967,104.7071428571428,0.0060581403479775,3165.24,0.0066841797081229,3146.18,-0.0025309426085623,3125.29,0.0019902155595241,3186.89,0.0135997841304105,3192.89,3152.3360000000002,26.71507308619208,0.16667039112146392,3191.75,3125.29,3178.746,40.089554250475686,0.17752553707161928,3253.58,3125.29,3110.3234999999995,90.07308916858824,0.21768255074128923,3253.58,2979.03,3144.268,103.7738797893441,0.23442507486334452,3399.15,2979.03,1,1,1,1.0261794311745946,1.0151011300560209,0.03515626223857284,-0.005511864998253447,3207.51,0.004937730085376346
2021-01-13,GOOGL,3193.75,3231.12,3183.91,3207.51,486754,3207.51,0.0049377300853763,3118.983,3140.4352000000003,3150.85885,0.2119674203853985,3300.392111022906,2937.573888977093,71.78125126998634,19.1267626650083,9.09470186567399,10.03206079933431,99.59214285714279,0.0083753522639673,3191.75,0.0060581403479775,3165.24,0.0066841797081229,3146.18,-0.0168408699390314,3133.22,0.0190078580846819,3253.58,3167.194,33.27810286060159,0.06717780361329007,3207.51,3125.29,3174.139,32.454321557838746,0.14677725310085754,3228.22,3125.29,3118.9829999999997,90.7045555114535,0.2119674203853976,3253.58,2979.03,3140.4352000000003,97.51840088509596,0.2343613229361412,3391.89,2979.03,2,1,1,1.0283832903221888,1.0213584410208427,0.014718582327096507,0.004308414872797154,3182.46,-0.007809796384111056
2021-01-14,GOOGL,3204.37,3240.06,3124.86,3182.46,1425789,3182.46,-0.007809796384111,3127.1645,3136.2466,3152.5102,0.2135277084668463,3304.2633297949847,2950.065670205015,65.78320304142602,19.51202449080529,11.17816639070025,8.333858100105038,98.98214285714279,0.0049377300853763,3207.51,0.0083753522639673,3191.75,0.0060581403479775,3165.24,-0.0025309426085623,3125.29,-0.0077944909914617,3228.22,3178.6279999999997,23.733690610626127,0.1035863391935189,3207.51,3146.18,3169.563,26.697135947130786,0.14679598197831484,3207.51,3125.29,3127.1645,88.5494148974924,0.21352770846684532,3253.58,2979.03,3136.2466,90.76111681188902,0.2348417836516235,3351.48,2979.03,3,1,1,1.0176823125227286,1.0147352571060533,0.03619841254877158,-0.006837537487865951,3157.26,-0.007918402745046182
2021-01-15,GOOGL,3152.99,3190.94,3123.59,3157.26,1286467,3157.26,-0.0079184027450461,3136.076,3132.3622,3153.9962,0.2090955478843696,3299.1727366029822,2972.979263397018,50.93633931400976,17.581252137902084,12.458783540140617,5.122468597761467,91.94785714285707,-0.007809796384111,3182.46,0.0049377300853763,3207.51,0.0083753522639673,3191.75,0.0066841797081229,3146.18,-0.0160119198815444,3176.53,3180.844,20.200975966545357,0.12606709860097684,3207.51,3157.26,3167.636,26.833488695235886,0.12873092470357134,3207.51,3125.29,3136.076,81.54836830149102,0.20909554788436857,3253.58,2985.51,3132.3621999999996,85.35677277362998,0.2340715146766693,3309.69,2979.03,4,1,1,1.0067549383366325,1.0079485699319806,0.021331787689318767,0.0013542700738026707,3098.12,-0.018731431684435362
2021-01-18,GOOGL,3118.48,3118.48,3082.61,3098.12,937115,3098.12,-0.0187314316844353,3139.7665,3128.476,3155.0912,0.2173456761523373,3295.383583661739,2984.1494163382613,38.19241982374052,11.150461808557338,12.197119193823962,-1.0466573852666237,91.68785714285708,-0.0079184027450461,3157.26,-0.007809796384111,3182.46,0.0049377300853763,3207.51,0.0060581403479775,3165.24,0.0012686799746892,3180.56,3167.42,42.81084617244539,0.1738336452874655,3207.51,3098.12,3159.392,34.10137527369416,0.15678912738721285,3207.51,3098.12,3139.7665,77.80854183086942,0.2173456761523363,3253.58,2985.51,3128.4759999999997,82.28854836390838,0.23448850739279842,3309.69,2979.03,0,1,1,0.9867357970724935,0.9902968729819278,0.011577989232175744,-0.006528821733663066,3188.73,0.02924676900830181
2021-01-19,GOOGL,3209.32,3212.77,3164.69,3188.73,627916,3188.73,0.0292467690083018,3148.745,3126.0568,3156.64865,0.2372691551109152,3292.935160771025,3004.5548392289743,42.48081070288541,13.21317067521295,12.40032949010176,0.812841185111191,88.50071428571424,-0.0187314316844353,3098.12,-0.0079184027450461,3157.26,-0.007809796384111,3182.46,0.0083753522639673,3191.75,0.0019902155595241,3186.89,3166.816,42.401112367493106,0.2920974250569057,3207.51,3098.12,3159.576,34.27077446198128,0.22422771834118818,3207.51,3098.12,3148.745,72.0950803855127,0.23726915511091426,3253.58,2985.51,3126.0568,78.54522403128654,0.24383840719051675,3296.62,2979.03,1,1,1,1.0126987101206948,1.0200486440294303,0.015078103194684044,-0.006415689304897526,3190.28,0.00048608693743279474
2021-01-20,GOOGL,3170.43,3265.8,3114.76,3190.28,1543754,3190.28,0.0004860869374327,3158.9835,3124.9862,3158.3782,0.2340268791826045,3281.8777763902776,3036.089223609722,45.34387118787788,14.802322400652429,12.880728072211895,1.9215943284405341,90.86499999999994,0.0292467690083018,3188.73,-0.0187314316844353,3098.12,-0.0079184027450461,3157.26,0.0049377300853763,3207.51,-0.0168408699390314,3133.22,3163.37,38.8155909397336,0.2889969146858342,3190.28,3098.12,3165.282,34.14493025654052,0.20337191681444136,3207.51,3098.12,3158.9835,61.447138195139,0.23402687918260368,3253.58,2993.47,3124.9862,77.26178039469218,0.23981214793214942,3296.62,2979.03,2,1,1,1.0099071425979245,1.0208941082680556,0.04734380681318023,0.006260980371745821,3179.69,-0.0033194578532291796
2021-01-21,GOOGL,3192.48,3250.75,3108.63,3179.69,1078912,3179.69,-0.0033194578532291,3168.2945,3124.1152,3160.0932000000003,0.2352455046505978,3263.483410339363,3073.1055896606367,50.43131687948775,15.033910534251845,13.311364564619886,1.722545969631959,94.33714285714281,0.0004860869374327,3190.28,0.0292467690083018,3188.73,-0.0187314316844353,3098.12,-0.007809796384111,3182.46,-0.0025309426085623,3125.29,3162.8160000000003,38.493441389420134,0.28399235390143285,3190.28,3098.12,3170.7219999999998,31.278641559051092,0.20388861648493603,3207.51,3098.12,3168.2945,47.594455169681616,0.23524550465059693,3253.58,3031.44,3124.1152,76.37187713621199,0.23951130573200857,3296.62,2979.03,3,1,1,1.0035967300385102,1.017788972698248,0.04469618107424157,-0.004006289780984049,3133.64,-0.014482543895788624
2021-01-22,GOOGL,3120.52,3163.95,3103.33,3133.64,1499409,3133.64,-0.0144825438957886,3173.4045,3123.3242,3161.93255,0.2403148960333934,3245.936089190798,3100.872910809201,44.254787675418605,11.370523339387546,12.92319631957342,-1.5526729801858732,94.97071428571427,-0.0033194578532291,3179.69,0.0004860869374327,3190.28,0.0292467690083018,3188.73,-0.0079184027450461,3157.26,0.0066841797081229,3146.18,3158.092,40.73011502562524,0.2988868447181724,3190.28,3098.12,3169.468,32.595535754347196,0.2169622524815929,3207.51,3098.12,3173.4044999999996,36.26579459539914,0.24031489603339246,3253.58,3098.12,3123.3242,76.05739226884673,0.23917765278350553,3296.62,2979.03,4,1,1,0.9874694511837404,1.0033028271605606,0.019344915178508237,0.00420442746721562,3285.23,0.0483750526544211
2021-01-25,GOOGL,3271.93,3352.8,3217.66,3285.23,2529295,3285.23,0.0483750526544211,3180.1635,3124.987,3164.0128000000004,0.2607571098106611,3267.262690225347,3093.0643097746533,58.88186416036064,20.463419145811713,14.43124088482108,6.032178260990634,101.69214285714285,-0.0144825438957886,3133.64,-0.0033194578532291,3179.69,0.0004860869374327,3190.28,-0.0187314316844353,3098.12,0.0060581403479775,3165.24,3195.514,55.229450748682666,0.4116029001294949,3285.23,3133.64,3181.4669999999996,48.88242721062318,0.32757184062495126,3285.23,3098.12,3180.1635,43.54959511267345,0.26075710981066036,3285.23,3098.12,3124.987,78.67821453133818,0.2621302999297782,3296.62,2979.03,0,1,1,1.0330380812178264,1.0512779733160327,0.04113562825128201,0.004064879138611192,3230.18,-0.016756817635295018
2021-01-26,GOOGL,3217.02,3285.64,3174.71,3230.18,509538,3230.18,-0.016756817635295,3182.028,3123.6582,3166.09455,0.2654233515195974,3271.8288752976664,3092.227124702334,58.73544992464177,22.962828462573725,16.13755840037161,6.825270062202115,103.57928571428572,0.0483750526544211,3285.23,-0.0144825438957886,3133.64,-0.0033194578532291,3179.69,0.0292467690083018,3188.73,0.0083753522639673,3191.75,3203.804,57.0378324448017,0.42007683366415044,3285.23,3133.64,3185.31,51.23470503478953,0.34197089880460496,3285.23,3098.12,3182.0280000000002,44.90043764883301,0.26542335151959673,3285.23,3098.12,3123.6582,76.24372918183865,0.256439608841873,3285.23,2979.03,1,1,1,1.0151324878344832,1.0341016184161782,0.0343417394696164,0.004090742364049886,3208.96,-0.0065692933520732355
2021-01-27,GOOGL,3223.44,3287.32,3130.6,3208.96,907085,3208.96,-0.0065692933520732,3179.797,3123.2462,3168.29685,0.2574470566809538,3264.165905996011,3095.428094003989,57.3618174445192,22.96660694764296,17.503368109825878,5.46323883781708,111.00785714285715,-0.016756817635295,3230.18,0.0483750526544211,3285.23,-0.0144825438957886,3133.64,0.0004860869374327,3190.28,0.0049377300853763,3207.51,3207.54,56.540150778020795,0.425539828805837,3285.23,3133.64,3185.4550000000004,51.30651599295376,0.34351554558153774,3285.23,3098.12,3179.797,42.18445299800566,0.25744705668095313,3285.23,3098.12,3123.2462,75.71360166512073,0.2527355835818518,3285.23,2979.03,2,1,1,1.0091713401827196,1.027443817909383,0.048838252891887535,-0.004492095401184922,3231.26,0.006949291982449202
2021-01-28,GOOGL,3213.8,3271.56,3190.96,3231.26,1103593,3231.26,0.0069492919824492,3179.949,3125.1502,3170.7040500000003,0.2572768520839503,3264.695339501856,3095.2026604981443,57.46735008986706,24.48675696360715,18.900045880582134,5.5867110830250155,109.75500000000001,-0.0065692933520732,3208.96,-0.016756817635295,3230.18,0.0483750526544211,3285.23,-0.0033194578532291,3179.69,-0.007809796384111,3182.46,3217.854,54.8686557152758,0.42453322043267316,3285.23,3133.64,3190.335,53.27310270881668,0.3418027251722022,3285.23,3098.12,3179.949,42.3731697509279,0.25727685208394974,3285.23,3098.12,3125.1502,77.22435524378864,0.24429930311556428,3285.23,2979.03,3,1,1,1.0161357933724673,1.0339535040584502,0.02494382996106007,0.005432820959609995,3263.33,0.009924920928677805
2021-01-29,GOOGL,3230.75,3324.12,3202.54,3263.33,2147387,3263.33,0.0099249209286778,3184.289,3127.8036000000006,3172.9815000000003,0.2520601960655186,3276.8299887905478,3091.748011209452,58.416997029607785,27.95699692524704,20.711436089515118,7.245560835731922,113.5557142857143,0.0069492919824492,3231.26,-0.0065692933520732,3208.96,-0.016756817635295,3230.18,-0.0144825438957886,3133.64,-0.0079184027450461,3157.26,3243.792,30.226011480210193,0.3936252849104178,3285.23,3208.96,3200.942,56.42245530127322,0.3394311737696193,3285.23,3098.12,3184.2889999999998,46.270494395273815,0.2520601960655181,3285.23,3098.12,3127.8036000000006,79.65841920376882,0.2451001458200087,3285.23,2979.03,4,1,1,1.0248221816546723,1.0433295747849884,0.03725642212095089,0.010084345740150071,3314.63,0.015720138631398095
2021-02-01,GOOGL,3328.9,3335.42,3293.85,3314.63,623604,3314.63,0.015720138631398,3190.9925000000003,3131.4504,3175.50835,0.25707940497117,3300.300704512291,3081.6842954877097,60.11391321386448,34.44955533479151,23.459059938570398,10.990495396221114,110.69000000000003,0.0099249209286778,3263.33,0.0069492919824492,3231.26,-0.0065692933520732,3208.96,0.0483750526544211,3285.23,-0.0187314316844353,3098.12,3249.672,41.177935475225986,0.21010287013893286,3314.63,3208.96,3222.593,54.074414580504396,0.3197017198268481,3314.63,3133.64,3190.9925000000003,54.65410225614535,0.25707940497116943,3314.63,3098.12,3131.4503999999997,83.92741545612742,0.24732953272807723,3314.63,2979.03,0,2,1,1.0387457820721802,1.0584967272670012,0.012541369624961949,-0.004286701312744659,3412.82,0.029623215864214014
2021-02-02,GOOGL,3390.38,3456.94,3368.71,3412.82,2603003,3412.82,0.029623215864214,3202.289,3136.8242,3178.7975,0.274890793262085,3349.82507086517,3054.7529291348296,64.87947703191962,46.97655060910938,28.162558072678195,18.813992536431186,117.48285714285716,0.015720138631398,3314.63,0.0099249209286778,3263.33,0.0069492919824492,3231.26,-0.016756817635295,3230.18,0.0292467690083018,3188.73,3286.2,81.16087019002661,0.20928838308682152,3412.82,3208.96,3245.0019999999995,79.11619918408287,0.32044132570456624,3412.82,3133.64,3202.2889999999998,73.76803543258508,0.2748907932620844,3412.82,3098.12,3136.8242,92.88031968099268,0.25536328256655255,3412.82,2979.03,1,2,1,1.065743910059003,1.0879857404820175,0.02585252078925175,0.00661872710433445,3441.51,0.008406537701959094
2021-02-03,GOOGL,3414.29,3525.06,3357.96,3441.51,1267015,3441.51,0.008406537701959,3217.7035000000005,3143.2024,3181.94705,0.2644357956511491,3396.0566457560244,3039.3503542439767,68.67565424127824,58.54446370882715,34.23893919990799,24.305524508919163,121.19000000000003,0.029623215864214,3412.82,0.015720138631398,3314.63,0.0099249209286778,3263.33,-0.0065692933520732,3208.96,0.0004860869374327,3190.28,3332.7100000000005,91.77094502075796,0.14733634867681203,3441.51,3231.26,3270.125,97.54976066376491,0.3183967723645907,3441.51,3133.64,3217.7035000000005,89.17657287801201,0.2644357956511485,3441.51,3098.12,3143.2024,102.35073477220752,0.25501273584934014,3441.51,2979.03,2,2,1,1.0695547305707098,1.0949056287304009,0.04855426832987594,0.007972374930071049,3384.77,-0.016486949042716748
2021-02-04,GOOGL,3367.0,3438.18,3331.36,3384.77,1154793,3384.77,-0.0164869490427167,3230.6775,3148.6289999999995,3184.64365,0.2740560110315915,3418.2387061645795,3043.116293835421,65.68839730113548,62.41420230594122,39.873991821114636,22.54021048482658,124.24714285714289,0.008406537701959,3441.51,0.029623215864214,3412.82,0.015720138631398,3314.63,0.0069492919824492,3231.26,-0.0033194578532291,3179.69,3363.4120000000003,73.13122192335787,0.26566834249170185,3441.51,3263.33,3290.6330000000003,97.98118209920669,0.3375433354294051,3441.51,3133.64,3230.6775000000002,93.7806030822896,0.27405601103159094,3441.51,3098.12,3148.6289999999995,107.78897354251762,0.258176609584972,3441.51,2979.03,3,2,1,1.047696651862946,1.074998038828622,0.0315590128723571,0.005277695277693705,3371.8,-0.003831870407738136
2021-02-05,GOOGL,3363.7,3408.07,3335.53,3371.8,1108599,3371.8,-0.0038318704077381,3241.9585,3153.4118,3187.1484,0.2752983396333863,3435.1759897036645,3048.741010296336,70.1555411521502,63.70013194976673,44.63921984684505,19.060912102921677,124.0964285714286,-0.0164869490427167,3384.77,0.008406537701959,3441.51,0.029623215864214,3412.82,0.0099249209286778,3263.33,-0.0144825438957886,3133.64,3385.1060000000007,47.67993844379119,0.2815547649876736,3441.51,3314.63,3314.4490000000005,83.44796761390498,0.32295047984149905,3441.51,3208.96,3241.9585,96.6087448518321,0.27529833963338574,3441.51,3098.12,3153.4118,112.27800823594626,0.2582823065610147,3441.51,2979.03,4,2,1,1.0400503276025772,1.0692545768995128,0.0215137315380445,0.002408062550167362,3389.37,0.005210866599442365
2021-02-08,GOOGL,3387.74,3414.47,3364.27,3389.37,1007846,3389.37,0.0052108665994423,3253.165,3157.4770000000003,3189.5717000000004,0.2752148164339328,3453.5144059991885,3052.8155940008114,66.55773420325505,65.38329469692599,48.78803481686124,16.595259880064745,119.49285714285715,-0.0038318704077381,3371.8,-0.0164869490427167,3384.77,0.008406537701959,3441.51,0.015720138631398,3314.63,0.0483750526544211,3285.23,3400.054,27.51185071935242,0.2699575297364773,3441.51,3371.8,3324.863,85.85968010527561,0.22919640102255687,3441.51,3208.96,3253.165,100.17470299959437,0.27521481643393225,3441.51,3098.12,3157.4770000000003,117.06373746636699,0.25599402418036776,3441.51,2979.03,0,2,1,1.0418684573327692,1.07344249855151,0.0148110120759861,0.0004811467231840779,3504.36,0.033926658936616505
2021-02-09,GOOGL,3472.44,3571.19,3437.53,3504.36,1824978,3504.36,0.0339266589366165,3268.7955,3165.7876,3191.99865,0.295343942262662,3495.954302090929,3041.6366979090712,71.83172996579316,75.12989463049007,54.05640677958701,21.073487850903064,121.69142857142859,0.0052108665994423,3389.37,-0.0038318704077381,3371.8,-0.0164869490427167,3384.77,0.029623215864214,3412.82,-0.016756817635295,3230.18,3418.362,54.928281149187455,0.29561355075279006,3504.36,3371.8,3352.2810000000004,95.50090010630099,0.2461061841076156,3504.36,3208.96,3268.7955,113.57940104546444,0.29534394226266153,3504.36,3098.12,3165.7876,126.4632006095483,0.25559021876842397,3504.36,2979.03,1,2,1,1.0720646182971458,1.1069472885669567,0.038141058567031275,0.009192383453707157,3427.79,-0.02184992409455655
2021-02-10,GOOGL,3460.05,3489.14,3366.44,3427.79,782636,3427.79,-0.0218499240945565,3279.8095000000003,3172.9138000000003,3193.50145,0.3101671572493691,3515.6517760615925,3043.967223938408,65.79651088638587,75.80179036612572,58.405483496894746,17.39630686923097,121.3914285714286,0.0339266589366165,3504.36,0.0052108665994423,3389.37,-0.0038318704077381,3371.8,0.008406537701959,3441.51,-0.0065692933520732,3208.96,3415.618,53.814203236730556,0.3496227974365887,3504.36,3371.8,3374.1639999999998,83.30388842466664,0.2813635622442679,3504.36,3231.26,3279.8095000000003,117.92113803079599,0.31016715724936855,3504.36,3098.12,3172.9138000000003,130.99823274848868,0.26083576567411243,3504.36,2979.03,2,2,1,1.0451186265540588,1.080328750185057,0.03579565842713936,-0.009323564688368924,3495.33,0.019703657458595814
2021-02-11,GOOGL,3510.44,3538.95,3451.72,3495.33,1377798,3495.33,0.0197036574585958,3295.453,3181.1633999999995,3195.5086,0.3122232866043541,3545.202466052886,3045.703533947114,72.41537450759947,80.85217260497302,62.8948213185104,17.957351286462618,123.87714285714287,-0.0218499240945565,3427.79,0.0339266589366165,3504.36,0.0052108665994423,3389.37,-0.0164869490427167,3384.77,0.0069492919824492,3231.26,3437.7300000000005,60.294226506394615,0.3403406042115,3504.36,3371.8,3400.571,74.34319089348372,0.2887915228673012,3504.36,3263.33,3295.453,124.87473302644304,0.3122232866043535,3504.36,3098.12,3181.1633999999995,138.01096045812514,0.26372685784414657,3504.36,2979.03,3,2,1,1.060652359478026,1.098758397634935,0.02495615578499743,-0.004304303734003664,3506.36,0.0031556390955933544
2021-02-12,GOOGL,3493.96,3590.58,3422.14,3506.36,1029063,3506.36,0.0031556390955933,3312.9080000000004,3190.5162,3197.15935,0.3086561336889651,3570.659899036379,3055.1561009636216,66.5956201297865,84.76751854589293,67.26936076398691,17.498157781906016,120.25428571428571,0.0197036574585958,3495.33,-0.0218499240945565,3427.79,0.0339266589366165,3504.36,-0.0038318704077381,3371.8,0.0099249209286778,3263.33,3464.642,53.11216499075111,0.3302725593925737,3506.36,3389.37,3424.874,63.41402985321971,0.2895492233879205,3506.36,3314.63,3312.9080000000004,128.8759495181895,0.30865613368896455,3506.36,3098.12,3190.5162,143.88155546711135,0.26084844344562597,3506.36,2979.03,4,2,1,1.0583934114677924,1.0989945764885636,0.048038421611001726,0.0035489816712259274,3554.65,0.013772116953193692
2021-02-15,GOOGL,3541.76,3574.0,3535.3,3554.65,884677,3554.65,0.0137721169531936,3335.7345,3199.1108000000004,3198.9495500000003,0.2962160680168512,3594.2547932053208,3077.2142067946797,74.6008158050489,90.72127939936763,71.95974449106305,18.761534908304583,117.16214285714285,0.0031556390955933,3506.36,0.0197036574585958,3495.33,-0.0218499240945565,3427.79,0.0052108665994423,3389.37,0.015720138631398,3314.63,3497.6979999999994,45.43038267509078,0.3312607016375035,3554.65,3427.79,3448.876,62.467025292483676,0.28813562807506976,3554.65,3371.8,3335.7345,129.2601466026604,0.2962160680168507,3554.65,3133.64,3199.1108000000004,152.46213337624354,0.25555247746718424,3554.65,2979.03,0,2,1,1.0656273753198686,1.111136882160783,0.01088714782045741,0.0036394335019866485,3549.82,-0.0013587835651892588
2021-02-16,GOOGL,3546.17,3589.13,3510.51,3549.82,3376067,3549.82,-0.0013587835651892,3353.789,3208.2242,3200.5831,0.285541867816689,3619.419730379832,3088.158269620168,76.50214592108131,93.96674696947593,76.36114498674563,17.605601982730306,111.5835714285714,0.0137721169531936,3554.65,0.0031556390955933,3506.36,0.0197036574585958,3495.33,0.0339266589366165,3504.36,0.029623215864214,3412.82,3506.79,51.270549538748945,0.25487053213102995,3554.65,3427.79,3462.576,68.42020432593698,0.2612334612521491,3554.65,3371.8,3353.7889999999998,132.81536518991598,0.2855418678166885,3554.65,3133.64,3208.2241999999997,159.51571312903343,0.25411466992836473,3554.65,2979.03,1,2,1,1.0584506061648307,1.1064750399921843,0.02214760185022839,0.0010292794761669805,3503.24,-0.013121792090866724
2021-02-17,GOOGL,3512.09,3585.3,3421.19,3503.24,1418985,3503.24,-0.0131217920908667,3369.4370000000004,3216.43,3202.40995,0.2927251521860199,3631.3577246960062,3107.5162753039945,70.37730759861947,91.72286262161788,79.43348851372008,12.2893741078978,117.54857142857142,-0.0013587835651892,3549.82,0.0137721169531936,3554.65,0.0031556390955933,3506.36,-0.0218499240945565,3427.79,0.008406537701959,3441.51,3521.88,28.052357298549797,0.20449163355301958,3554.65,3495.33,3468.749,69.089832416473,0.27329104151343875,3554.65,3371.8,3369.4370000000004,130.96036234800297,0.2927251521860193,3554.65,3133.64,3216.43,163.95602306094787,0.25655212753692563,3554.65,2979.03,2,2,1,1.0397107884785974,1.0891702912853414,0.04684520615200594,-0.002519867087687913,3546.55,0.012362841255523671
2021-02-18,GOOGL,3521.47,3587.05,3506.05,3546.55,1533615,3546.55,0.0123628412555236,3387.78,3224.9322,3204.4918,0.2922131778754322,3645.093035405305,3130.466964594696,70.86796345270827,92.37448756136882,82.02168832324983,10.35279923811899,114.8507142857143,-0.0131217920908667,3503.24,-0.0013587835651892,3549.82,0.0137721169531936,3554.65,0.0197036574585958,3495.33,-0.0164869490427167,3384.77,3532.124,25.13338278078847,0.1743721801615543,3554.65,3503.24,3484.9269999999997,66.11764835001621,0.25678230247939515,3554.65,3371.8,3387.78,128.65651770265225,0.29221317787543166,3554.65,3133.64,3224.9322,169.84621143835415,0.2570655134942714,3554.65,2979.03,3,2,1,1.04686549894,1.0997285462308015,0.0228390971507457,0.007122025744928471,3584.86,0.010802047059818687
2021-02-19,GOOGL,3562.55,3620.87,3548.85,3584.86,1891617,3584.86,0.0108020470598186,3410.3410000000003,3234.7716,3206.96325,0.2827574621174943,3652.511407066936,3168.1705929330647,70.29942458649327,94.88838758469046,84.59502817553798,10.293359409152487,115.00999999999999,0.0123628412555236,3546.55,-0.0131217920908667,3503.24,-0.0013587835651892,3549.82,0.0031556390955933,3506.36,-0.0038318704077381,3371.8,3547.8239999999996,29.20445051710183,0.18313650342418675,3584.86,3503.24,3506.233,59.62225610740097,0.2535004222703897,3584.86,3389.37,3410.3410000000003,121.08520353346776,0.2827574621174938,3584.86,3208.96,3234.7715999999996,176.17310772983095,0.25624371188274114,3584.86,2979.03,4,2,1,1.0511734750275554,1.108226621007459,0.020090045357414207,0.00626236824746142,3642.04,0.015950413684216347
2021-02-22,GOOGL,3668.22,3699.16,3584.91,3642.04,679622,3642.04,0.0159504136842163,3428.1815,3247.5392,3209.5102500000003,0.2398418383768891,3683.7456434593737,3172.6173565406266,68.34934357835908,100.33798575014589,87.74361969045955,12.594366059686337,113.0092857142857,0.0108020470598186,3584.86,0.0123628412555236,3546.55,-0.0131217920908667,3503.24,0.0137721169531936,3554.65,0.0052108665994423,3389.37,3565.3020000000006,51.75484924145849,0.19059221547673164,3642.04,3503.24,3531.5,58.11453098076588,0.25794924722707213,3642.04,3427.79,3428.1815,127.7820717296867,0.2398418383768884,3642.04,3208.96,3247.5391999999997,182.11431865884248,0.24710633521414901,3642.04,2979.03,0,2,1,1.0623824905416872,1.1214768400636637,0.03136978177064739,-0.007136976517218897,3642.25,5.765999275131328e-05
2021-02-23,GOOGL,3624.5,3720.47,3564.03,3642.25,2418719,3642.25,5.765999275131328e-05,3448.785,3260.7054000000003,3211.7832,0.2264044226703661,3703.578019692904,3193.991980307096,66.83721398219193,103.48091325014502,90.89107840239664,12.589834847748378,112.2478571428571,0.0159504136842163,3642.04,0.0108020470598186,3584.86,0.0123628412555236,3546.55,-0.0013587835651892,3549.82,0.0339266589366165,3504.36,3583.7880000000005,60.59475860176659,0.18789540933344373,3642.25,3503.24,3545.2889999999998,66.68608558015193,0.21215129303274144,3642.25,3427.79,3448.785,127.39650984645189,0.22640442267036542,3642.25,3208.96,3260.7054000000003,186.41408067613767,0.24609814953377965,3642.25,2979.03,1,2,1,1.056096567341526,1.1170129015638404,0.04295147230419566,0.004897227203750891,3608.45,-0.009279978035555025
2021-02-24,GOOGL,3599.8,3633.93,3582.96,3608.45,439876,3608.45,-0.009279978035555,3468.7595,3272.188,3214.4033,0.2286127137996625,3706.452274858678,3231.0667251413224,69.51219512025334,102.06775487264986,93.12641369644729,8.94134117620257,108.61499999999994,5.765999275131328e-05,3642.25,0.0159504136842163,3642.04,0.0108020470598186,3584.86,-0.0131217920908667,3503.24,-0.0218499240945565,3427.79,3604.8300000000004,40.599581894480885,0.16484722551872236,3642.25,3546.55,3563.3550000000005,54.71420641238216,0.17558671572151774,3642.25,3495.33,3468.7595,118.84638742933873,0.2286127137996618,3642.25,3231.26,3272.188,189.8357892216081,0.24612448048961047,3642.25,2979.03,2,2,1,1.0402710248430194,1.1027636553886564,0.014125178400694391,0.002402911272847723,3520.52,-0.024367803350468953
2021-02-25,GOOGL,3546.66,3604.52,3436.52,3520.52,882333,3520.52,-0.0243678033504689,3483.2225,3282.2218,3216.585,0.2526215792171046,3693.7128457093936,3272.732154290606,61.472829942820006,92.7830552336136,93.05774200388055,-0.2746867702669533,115.71428571428565,-0.009279978035555,3608.45,5.765999275131328e-05,3642.25,0.0159504136842163,3642.04,0.0123628412555236,3546.55,0.0197036574585958,3495.33,3599.624,50.42174560650002,0.25617299290747186,3642.25,3520.52,3565.874,51.7330567432801,0.209743313014573,3642.25,3503.24,3483.2225,105.24517285469683,0.2526215792171039,3642.25,3263.33,3282.2218,189.42923753051124,0.2533176318676112,3642.25,2979.03,3,2,1,1.0107077569690106,1.072602710761024,0.047720223148839454,-0.007370314605852408,3567.95,0.013472441571131588
2021-02-26,GOOGL,3579.59,3642.52,3493.37,3567.95,998709,3567.95,0.0134724415711315,3498.4535,3294.0001999999995,3218.72025,0.2539579452430677,3684.6287158614846,3312.2782841385147,63.16961651786963,88.23495089837252,92.09318378277895,-3.8582328844064335,122.78214285714282,-0.0243678033504689,3520.52,-0.009279978035555,3608.45,5.765999275131328e-05,3642.25,0.0108020470598186,3584.86,0.0031556390955933,3506.36,3596.2419999999997,52.19551388775248,0.2647238179722778,3642.25,3520.52,3572.0330000000004,47.34019106428991,0.21917344941934408,3642.25,3503.24,3498.4534999999996,93.08760793074246,0.253957945243067,3642.25,3314.63,3294.0001999999995,188.4992917703446,0.25151154132006553,3642.25,2985.51,4,2,1,1.0198649203137844,1.0831662973180503,0.04180271584522157,-0.0032517690573493265,3593.21,0.007079695623537496
2021-03-01,GOOGL,3581.83,3624.2,3562.22,3593.21,1514387,3593.21,0.0070796956235374,3512.3825000000006,3305.3782,3221.0244,0.2507689588994555,3681.5589115541343,3343.206088445867,57.55180444216816,85.68113752006866,90.8107745302369,-5.1296370101682385,114.2221428571428,0.0134724415711315,3567.95,-0.0243678033504689,3520.52,-0.009279978035555,3608.45,0.0159504136842163,3642.04,0.0137721169531936,3554.65,3586.476,45.640851000024455,0.23512795183437113,3642.25,3520.52,3575.889,47.33738537823927,0.2113992694064622,3642.25,3503.24,3512.3825000000006,84.58820577706683,0.2507689588994548,3642.25,3371.8,3305.3782,189.05716245699043,0.25026576464762856,3642.25,2985.51,0,3,1,1.0230121577017812,1.0870798385488574,0.01724920057552516,0.0031771468774333044,3539.07,-0.015067307504988525
2021-03-02,GOOGL,3552.07,3607.16,3470.98,3539.07,1309714,3539.07,-0.0150673075049885,3518.695,3315.9764,3222.8698,0.2405533390373747,3681.5321512634528,3355.8578487365467,59.833168385342745,78.38500296418897,88.32562021702732,-9.94061725283835,114.09785714285707,0.0070796956235374,3593.21,0.0134724415711315,3567.95,-0.0243678033504689,3520.52,5.765999275131328e-05,3642.25,-0.0013587835651892,3549.82,3565.84,36.53668156806469,0.24846647537934735,3608.45,3520.52,3574.814,48.110916109469144,0.2266245562980736,3642.25,3503.24,3518.6949999999997,81.4185756317266,0.24055333903737386,3642.25,3371.8,3315.9763999999996,186.95401957636076,0.2530430178393575,3642.25,2985.51,1,3,1,1.0057904990341573,1.0672784040317456,0.03847903545280578,-0.003659837784727311,3509.66,-0.008310092764483357
2021-03-03,GOOGL,3475.95,3554.23,3465.09,3509.66,1122541,3509.66,-0.0083100927644833,3522.1025,3326.4594,3224.4745000000003,0.2418958759373458,3680.9421017007057,3363.262898299294,51.35775331011538,69.42928497352295,84.54635316832646,-15.117068194803508,112.52499999999993,-0.0150673075049885,3539.07,0.0070796956235374,3593.21,0.0134724415711315,3567.95,-0.009279978035555,3608.45,-0.0131217920908667,3503.24,3546.082,34.38169527533379,0.24766361971875178,3593.21,3509.66,3575.4559999999997,47.08152131030159,0.22014381594988405,3642.25,3509.66,3522.1025,79.41980085035286,0.241895875937345,3642.25,3371.8,3326.4594,182.6923977329976,0.25314791849791385,3642.25,2993.47,2,3,1,0.9964673089437356,1.0550737519895612,0.025398471646818917,0.009698068154027054,3484.5,-0.0071687855803695966
2021-03-04,GOOGL,3500.92,3529.95,3439.04,3484.5,1194255,3484.5,-0.0071687855803695,3527.089,3336.28,3225.8616500000003,0.2350804090488839,3673.555464191122,3380.6225358088777,47.98279934912195,59.614414354356995,79.55996540553258,-19.945551051175585,106.98714285714277,-0.0083100927644833,3509.66,-0.0150673075049885,3539.07,0.0070796956235374,3593.21,-0.0243678033504689,3520.52,0.0123628412555236,3546.55,3538.8779999999997,43.611474063666016,0.18768298701538286,3593.21,3484.5,3569.251,54.77473433175712,0.21177794603176622,3642.25,3484.5,3527.089,73.23323209556116,0.2350804090488831,3642.25,3371.8,3336.28,177.5526239209878,0.25424777429124495,3642.25,3031.44,3,3,1,0.9879251700195295,1.044426726773219,0.026089826373934213,-0.004690195719980857,3403.71,-0.023185535944898805
2021-03-05,GOOGL,3402.83,3474.06,3333.37,3403.71,811486,3403.71,-0.0231855359448988,3528.6845000000003,3343.7254000000003,3226.90995,0.2504970994436335,3668.5760452808727,3388.792954719128,36.85969982847089,44.800548036157124,72.6080819316575,-27.80753389550037,112.95071428571421,-0.0071687855803695,3484.5,-0.0083100927644833,3509.66,-0.0150673075049885,3539.07,0.0134724415711315,3567.95,0.0108020470598186,3584.86,3506.03,70.0679923360544,0.17746140352114667,3593.21,3403.71,3551.136,75.18945939723064,0.22404609149066956,3642.25,3403.71,3528.6845000000003,69.9457726404362,0.2504970994436327,3642.25,3389.37,3343.7254000000003,172.2343834360465,0.2600293134048238,3642.25,3098.12,4,3,1,0.9645832604187298,1.017939451606577,0.041334308739569094,0.0002586082760525358,3360.39,-0.012727288752567123
2021-03-08,GOOGL,3381.44,3441.9,3278.88,3360.39,659303,3360.39,-0.0127272887525671,3527.2355,3347.9322,3228.04525,0.2541732693342405,3673.6511505116673,3380.819849488333,34.54465349202286,29.227968464506375,63.932059238227275,-34.7040907737209,118.97928571428565,-0.0231855359448988,3403.71,-0.0071687855803695,3484.5,-0.0083100927644833,3509.66,0.0070796956235374,3593.21,0.0159504136842163,3642.04,3459.4660000000003,74.84604351603869,0.10154283269462722,3539.07,3360.39,3522.971,88.86251571327514,0.19272903115135398,3642.25,3360.39,3527.2355000000002,73.20782525583347,0.25417326933423967,3642.25,3360.39,3347.9321999999997,169.96110894027296,0.24820370894884342,3642.25,3098.12,0,3,1,0.9526979414896021,1.0037210430960926,0.04851222625943759,-0.006225158512347981,3300.87,-0.017712229830466053
2021-03-09,GOOGL,3330.89,3330.89,3276.01,3300.87,1604682,3300.87,-0.017712229830466,3517.061,3350.0918,3229.1574,0.2265149467908253,3695.047380306906,3339.074619693094,33.83032104371637,11.946113034130121,53.534869997407846,-41.588756963277724,113.28428571428562,-0.0127272887525671,3360.39,-0.0231855359448988,3403.71,-0.0071687855803695,3484.5,-0.0150673075049885,3539.07,5.765999275131328e-05,3642.25,3411.826,86.42303992572876,0.10609067409059425,3509.66,3300.87,3488.8329999999996,102.47832519341553,0.1927008658649502,3608.45,3300.87,3517.061,88.99319015345313,0.2265149467908243,3642.25,3300.87,3350.0918,168.63169154893848,0.2502426836503666,3642.25,3098.12,1,3,1,0.9385307789654661,0.9853073279959118,0.01662591983325094,-0.009012606240371484,3280.05,-0.006307428041698038
2021-03-10,GOOGL,3307.98,3324.05,3236.06,3280.05,1583763,3280.05,-0.006307428041698,3509.674,3350.6212,3229.9855000000007,0.2157214718214631,3713.629370391654,3305.718629608346,27.91241214628235,-3.3907949302288216,42.14973701188051,-45.54053194210933,113.58285714285704,-0.017712229830466,3300.87,-0.0127272887525671,3360.39,-0.0231855359448988,3403.71,-0.0083100927644833,3509.66,-0.009279978035555,3608.45,3365.904,82.34840544906424,0.1133486381855451,3484.5,3280.05,3455.993,112.05837893706466,0.19347003106377725,3593.21,3280.05,3509.674,101.97768519582701,0.21572147182146215,3642.25,3280.05,3350.6212,168.36385739250835,0.24719772069535215,3642.25,3098.12,2,3,1,0.9345739803751191,0.9789378757583881,0.02682581058214765,-0.008443219124659578,3242.4,-0.011478483559701824
2021-03-11,GOOGL,3268.94,3289.8,3195.0,3242.4,2261705,3242.4,-0.0114784835597018,3497.0275,3350.9048000000003,3230.61625,0.2018461359655816,3733.501813181696,3260.5531868183043,21.58574225830175,-18.37166817945308,30.045455973613794,-48.41712415306688,115.04571428571421,-0.006307428041698,3280.05,-0.017712229830466,3300.87,-0.0127272887525671,3360.39,-0.0071687855803695,3484.5,-0.0243678033504689,3520.52,3317.4840000000004,64.40260926393287,0.10192808086562537,3403.71,3242.4,3428.1809999999996,127.68750269049796,0.1755981208729385,3593.21,3242.4,3497.0275,118.23715659084787,0.2018461359655806,3642.25,3242.4,3350.9048000000003,168.16529697623497,0.24795377906821342,3642.25,3098.12,3,3,1,0.9271874470529822,0.9676192531638118,0.029237601776452918,-0.008118839746214933,3159.94,-0.025431778929188242
2021-03-12,GOOGL,3160.71,3199.52,3120.36,3159.94,874865,3159.94,-0.0254317789291882,3479.7065,3350.573,3230.865,0.2141537845500679,3759.992453627845,3199.420546372155,11.6101290011745,-36.47746154360948,16.74087247016914,-53.218334013778616,115.59857142857138,-0.0114784835597018,3242.4,-0.006307428041698,3280.05,-0.017712229830466,3300.87,-0.0231855359448988,3403.71,0.0134724415711315,3567.95,3268.73,74.3155612910387,0.11473236356943456,3360.39,3159.94,3387.38,142.40300004643348,0.14794973380047685,3593.21,3159.94,3479.7065000000002,140.14297681392262,0.2141537845500668,3642.25,3159.94,3350.573,168.53233612393504,0.251991422220477,3642.25,3098.12,4,3,1,0.9081053243999435,0.9431043585676412,0.025051108565344534,-0.00024361614953593913,3264.76,0.03317151591485912
2021-03-15,GOOGL,3255.63,3304.8,3224.72,3264.76,1583199,3264.76,0.0331715159148591,3465.2119999999995,3352.257,3231.73875,0.2455925308347686,3758.844310039214,3171.579689960785,24.23311627098708,-41.88550521588468,5.015596932958378,-46.90110214884305,114.77142857142856,-0.0254317789291882,3159.94,-0.0114784835597018,3242.4,-0.006307428041698,3280.05,-0.0127272887525671,3360.39,0.0070796956235374,3593.21,3249.6040000000003,54.48944053669369,0.3618448920045051,3300.87,3159.94,3354.535,126.66195826776209,0.25878211795574757,3539.07,3159.94,3465.2119999999995,146.81615501960724,0.24559253083476787,3642.25,3159.94,3352.2569999999996,167.21438796910036,0.2627542198298128,3642.25,3098.12,0,3,1,0.9421530342152395,0.9738990775465682,0.024528602408745465,0.0028043727327728596,3331.75,0.020519119322706558
2021-03-16,GOOGL,3329.42,3351.89,3311.61,3331.75,1071263,3331.75,0.0205191193227065,3454.3085,3355.1542,3233.0185,0.2606826355083975,3750.8927561229743,3157.724243877026,31.93156588683945,-40.301317150392606,-4.047785883711819,-36.25353126668079,116.75999999999996,0.0331715159148591,3264.76,-0.0254317789291882,3159.94,-0.0114784835597018,3242.4,-0.017712229830466,3300.87,-0.0150673075049885,3539.07,3255.7799999999997,62.85985244973108,0.38212431870507413,3331.75,3159.94,3333.803,108.81028179053334,0.2960246585678554,3509.66,3159.94,3454.3085,148.29212806148718,0.2606826355083966,3642.25,3159.94,3355.1542,165.53725332113405,0.26650403785859694,3642.25,3098.12,1,3,1,0.9645201058327696,0.9930244040643518,0.012089742627744475,0.0006998215905470704,3291.38,-0.012116755458842943
2021-03-17,GOOGL,3303.88,3352.96,3229.79,3291.38,1931914,3291.38,-0.0121167554588429,3443.7155,3358.3174,3233.8324,0.2601909061624142,3747.975679899785,3139.4553201002145,34.04628623878821,-41.82126875548647,-11.60248245806675,-30.218786297419722,113.27714285714283,0.0205191193227065,3331.75,0.0331715159148591,3264.76,-0.0254317789291882,3159.94,-0.006307428041698,3280.05,-0.0083100927644833,3509.66,3258.0460000000003,64.14455845979447,0.3922626378229668,3331.75,3159.94,3311.975,89.85575320108968,0.29751873378040233,3484.5,3159.94,3443.7155,152.13008994989264,0.26019090616241336,3642.25,3159.94,3358.3174,162.6965748145013,0.26508241788979603,3642.25,3098.12,2,3,1,0.955764202936928,0.9800681734248884,0.03742199320648562,-0.0037834303909331504,3306.65,0.0046393913799074316
2021-03-18,GOOGL,3332.05,3352.04,3261.27,3306.65,1805985,3306.65,0.0046393913799074,3431.7205000000004,3361.9446,3234.8021000000003,0.2555506766644804,3737.82063411338,3125.620365886621,30.954255225468174,-41.317398716680145,-17.54546570978943,-23.771933006890716,109.10714285714282,-0.0121167554588429,3291.38,0.0205191193227065,3331.75,0.0331715159148591,3264.76,-0.0114784835597018,3242.4,-0.0071687855803695,3484.5,3270.896,66.61463150091096,0.37650744802021646,3331.75,3159.94,3294.19,66.47215390256387,0.3023564659775842,3403.71,3159.94,3431.7205000000004,153.05006705668956,0.25555067666447956,3642.25,3159.94,3361.9446,159.3832833424625,0.26506315146436155,3642.25,3098.12,3,3,1,0.9635545785267291,0.9835527926304962,0.02745074319930217,-0.0076229348299072545,3329.72,0.00697684968170198
2021-03-19,GOOGL,3310.21,3359.34,3300.1,3329.72,1305786,3329.72,0.0069768496817019,3418.9635000000003,3365.6154,3236.2134,0.2530853373608549,3719.405179095816,3118.521820904185,30.73311981685856,-38.611433316285456,-21.758659231088636,-16.85277408519682,108.91142857142856,0.0046393913799074,3306.65,-0.0121167554588429,3291.38,0.0205191193227065,3331.75,-0.0254317789291882,3159.94,-0.0231855359448988,3403.71,3304.8520000000003,27.99114091998765,0.27179295638252,3331.75,3264.76,3286.791,56.26052858504188,0.2893697908083061,3360.39,3159.94,3418.9635000000003,150.22083954790776,0.2530853373608541,3642.25,3159.94,3365.6153999999997,156.39816032128013,0.2650947400111312,3642.25,3098.12,4,3,1,0.9738974984667211,0.9893346696711128,0.0177912857537518,0.005893885886392063,3394.71,0.019518157682928416
2021-03-22,GOOGL,3423.1,3467.09,3322.33,3394.71,1047608,3394.71,0.0195181576829284,3406.597,3370.2048000000004,3237.76305,0.2570202864569432,3688.143934675698,3125.0500653243025,39.60900610308284,-30.866971155676765,-23.580321616006263,-7.286649539670503,109.52428571428572,0.0069768496817019,3329.72,0.0046393913799074,3306.65,-0.0121167554588429,3291.38,0.0331715159148591,3264.76,-0.0127272887525671,3360.39,3330.8419999999996,39.44523760865107,0.21095449545242842,3394.71,3291.38,3290.2229999999995,62.00280926432558,0.30108245745970874,3394.71,3159.94,3406.597,140.77346733784876,0.25702028645694236,3642.25,3159.94,3370.2048000000004,153.74255636523543,0.26805072103610944,3642.25,3098.12,0,3,1,0.9965105940030486,1.0072711308223739,0.04264281779591116,-0.008293651952905722,3351.45,-0.012743356575377618
2021-03-23,GOOGL,3372.57,3422.0,3280.89,3351.45,1762431,3351.45,-0.0127433565753776,3392.057,3373.3988,3239.1427000000003,0.2587562954126773,3651.5329237264655,3132.581076273534,38.83470479393683,-27.89855241268424,-24.44396777534186,-3.4545846373423785,113.2364285714286,0.0195181576829284,3394.71,0.0069768496817019,3329.72,0.0046393913799074,3306.65,0.0205191193227065,3331.75,-0.017712229830466,3300.87,3334.782,40.527627243683874,0.21773182810648667,3394.71,3291.38,3295.281,64.96040545338651,0.2932857574364706,3394.71,3159.94,3392.057,129.73796186323284,0.2587562954126766,3608.45,3159.94,3373.3988,151.60350093745564,0.2694700943321547,3642.25,3098.12,1,3,1,0.988028797864839,0.993493565006013,0.042104163869357454,-0.006262286624145409,3411.45,0.017902698831848918
2021-03-24,GOOGL,3444.12,3461.69,3361.21,3411.45,1554390,3411.45,0.0179026988318489,3382.207,3377.4776,3240.81045,0.2692146131173251,3621.247425658435,3143.1665743415647,45.08630083458058,-20.46861120478252,-23.648896461229995,3.180285256447476,114.61714285714291,-0.0127433565753776,3351.45,0.0195181576829284,3394.71,0.0069768496817019,3329.72,-0.0121167554588429,3291.38,-0.006307428041698,3280.05,3358.796,43.820206298045704,0.20554445843303465,3411.45,3306.65,3308.421,74.1734796046973,0.299941793759362,3411.45,3159.94,3382.207,119.52021282921757,0.2692146131173243,3593.21,3159.94,3377.4776,149.78177477700774,0.2719757411724839,3642.25,3098.12,2,3,1,1.0086461295831364,1.0100585123048602,0.02945375133739922,-0.009485732204450073,3382.59,-0.008459745855867618
2021-03-25,GOOGL,3408.32,3419.7,3345.49,3382.59,912602,3382.59,-0.0084597458558676,3375.3105000000005,3381.4802,3241.9286,0.2578909219287293,3605.337944904934,3145.283055095067,48.47266415869451,-16.71639389141501,-22.262395947267002,5.546002055851993,109.1228571428572,0.0179026988318489,3411.45,-0.0127433565753776,3351.45,0.0195181576829284,3394.71,0.0046393913799074,3306.65,-0.0114784835597018,3242.4,3373.9839999999995,33.06967765194398,0.23498883971140513,3411.45,3329.72,3322.44,73.55443199881663,0.2959086186116692,3411.45,3159.94,3375.3105000000005,115.01372245246675,0.2578909219287286,3593.21,3159.94,3381.4802,147.11425898913308,0.27209252902596837,3642.25,3098.12,3,3,1,1.0021566904730683,1.000328199466908,0.02193881020164374,-0.00754917378649671,3311.96,-0.020880449596315298
2021-03-26,GOOGL,3297.39,3370.79,3253.14,3311.96,705535,3311.96,-0.0208804495963152,3362.511,3384.5742,3242.6945,0.2596055659009055,3575.2434663218737,3149.778533678126,46.630769015802166,-19.22042427106817,-21.654001612027237,2.4335773409590686,106.72500000000007,-0.0084597458558676,3382.59,0.0179026988318489,3411.45,-0.0127433565753776,3351.45,0.0069768496817019,3329.72,-0.0254317789291882,3159.94,3370.432,39.3668822743615,0.2934713716421039,3411.45,3311.96,3337.642,47.2403576992969,0.28369203316316915,3411.45,3264.76,3362.511,106.3662331609368,0.2596055659009047,3593.21,3159.94,3384.5742,143.8939074186515,0.27589603899118725,3642.25,3098.12,4,3,1,0.9849662945337622,0.9785455434834377,0.03552277201414406,0.004418646262648866,3351.47,0.01192949190207604
2021-03-29,GOOGL,3325.06,3387.54,3315.4,3351.47,1069197,3351.47,0.011929491902076,3350.424,3389.6412,3243.5804000000003,0.2628001487913993,3533.3474520834443,3167.500547916556,53.62101044690039,-17.811440388789833,-20.885489367379755,3.0740489785899214,106.09642857142866,-0.0208804495963152,3311.96,-0.0084597458558676,3382.59,0.0179026988318489,3411.45,0.0195181576829284,3394.71,0.0331715159148591,3264.76,3361.7839999999997,37.40054250947883,0.26357824676040675,3411.45,3311.96,3346.3129999999996,39.738629135358714,0.2411748585697597,3411.45,3291.38,3350.424,91.46172604172205,0.26280014879139857,3539.07,3159.94,3389.6412,137.93843109896608,0.27313210941198074,3642.25,3133.64,0,3,1,1.0003121992914925,0.9887388671104809,0.021524883110986628,0.007942713815688111,3422.34,0.021145944913724568
2021-03-30,GOOGL,3395.8,3455.6,3389.07,3422.34,2200065,3422.34,0.0211459449137245,3344.5875,3394.3133999999995,3245.113,0.2726327089019956,3508.643332842032,3180.5316671579685,59.50183639287742,-10.85110896661945,-18.878613287227694,8.027504320608244,107.24928571428579,0.011929491902076,3351.47,-0.0208804495963152,3311.96,-0.0084597458558676,3382.59,-0.0127433565753776,3351.45,0.0205191193227065,3331.75,3375.9620000000004,45.13967622838593,0.28879944372054484,3422.34,3311.96,3355.3720000000003,45.898192605445054,0.24248650025093796,3422.34,3291.38,3344.5875,82.0279164210157,0.2726327089019947,3509.66,3159.94,3394.3133999999995,134.91765867706636,0.26951450027349655,3642.25,3133.64,1,3,1,1.023247261433279,1.008256927601026,0.019439915379529885,0.007815536839623107,3567.99,0.04255860025596503
2021-03-31,GOOGL,3553.09,3637.96,3498.02,3567.99,1898219,3567.99,0.042558600255965,3347.504,3401.8676,3247.4243,0.3127169467135091,3525.405587034777,3169.6024129652224,69.00145900091505,6.344604927862747,-13.833969644209606,20.178574572072353,115.87928571428577,0.0211459449137245,3422.34,0.011929491902076,3351.47,-0.0208804495963152,3311.96,0.0179026988318489,3411.45,-0.0121167554588429,3291.38,3407.2699999999995,98.57073830505627,0.3952429488549785,3567.99,3311.96,3383.0330000000004,76.31799366249689,0.2974674777294435,3567.99,3306.65,3347.504,88.95079351738876,0.3127169467135083,3567.99,3159.94,3401.8676,133.8302757540745,0.2847746971000783,3642.25,3133.64,2,3,1,1.0658657913475038,1.0488327058933602,0.039220961942146935,0.004193532953005818,3501.1,-0.018747249852157588
2021-04-01,GOOGL,3509.1,3521.43,3480.78,3501.1,769042,3501.1,-0.0187472498521575,3348.3340000000003,3408.2958000000003,3249.2447,0.319362285697542,3529.059251711914,3167.608748288086,70.27865617230094,14.40877273775186,-8.185421167817314,22.594193905569174,113.3914285714286,0.042558600255965,3567.99,0.0211459449137245,3422.34,0.011929491902076,3351.47,-0.0084597458558676,3382.59,0.0046393913799074,3306.65,3430.972,105.17937568746159,0.42955575726928813,3567.99,3311.96,3402.478,79.40353963564242,0.327123482424969,3567.99,3311.96,3348.3340000000003,90.36262585595692,0.31936228569754127,3567.99,3159.94,3408.2958000000003,130.62133214990476,0.28844986312584253,3642.25,3133.64,3,4,2,1.045624480711588,1.0272289159875656,0.011610636657047221,-0.002279786839929817,3541.44,0.011522093056468119
2021-04-02,GOOGL,3562.99,3565.86,3517.02,3541.44,752178,3541.44,0.0115220930564681,3355.2205000000004,3416.4518,3251.64815,0.3089171069357486,3554.385930891317,3156.0550691086837,67.81125273471179,23.780656090368666,-1.792205716180118,25.572861806548783,107.67000000000004,-0.0187472498521575,3501.1,0.042558600255965,3567.99,0.0211459449137245,3422.34,-0.0208804495963152,3311.96,0.0069768496817019,3329.72,3476.868,89.10375003334475,0.3504062761936003,3567.99,3351.47,3423.65,85.81535345665941,0.3283281367138309,3567.99,3311.96,3355.2205000000004,99.58271544565856,0.30891710693574786,3567.99,3159.94,3416.4518,125.76299713237526,0.2866692931535772,3642.25,3159.94,4,4,2,1.0555014193549854,1.0365842128956608,0.013791000271072319,-0.006048290901740864,3519.25,-0.006265812776723556
2021-04-05,GOOGL,3547.35,3547.35,3501.18,3519.25,1998096,3519.25,-0.0062658127767235,3363.1635,3421.1322,3253.8872,0.3056198470285081,3575.436787237833,3150.8902127621677,62.80912692870704,29.082152664750993,4.382665960006104,24.69948670474489,104.74428571428578,0.0115220930564681,3541.44,-0.0187472498521575,3501.1,0.042558600255965,3567.99,0.011929491902076,3351.47,0.0195181576829284,3394.71,3510.424,55.22558944914205,0.3787977600367375,3567.99,3422.34,3436.1040000000003,90.07977281895025,0.324922558788049,3567.99,3311.96,3363.1635,106.13664361891644,0.3056198470285073,3567.99,3159.94,3421.1321999999996,125.13284719083633,0.26740420819467176,3642.25,3159.94,0,4,2,1.046410619049283,1.0286799206411759,0.013119272572277319,-0.007921406120059196,3564.61,0.012889109895574347
2021-04-06,GOOGL,3573.43,3593.34,3535.88,3564.61,761905,3564.61,0.0128891098955743,3376.3505,3427.8208,3256.3241,0.2980035197274009,3604.504200776281,3148.196799223718,68.53940208041968,36.5227878422329,10.810690336451465,25.712097505781436,101.2385714285715,-0.0062658127767235,3519.25,0.0115220930564681,3541.44,-0.0187472498521575,3501.1,0.0211459449137245,3422.34,-0.0127433565753776,3351.45,3538.8779999999997,28.847200384188977,0.3679298978819714,3567.99,3501.1,3457.4199999999996,92.99525854103439,0.313672516018878,3567.99,3311.96,3376.3504999999996,114.07685038814098,0.29800351972740025,3567.99,3159.94,3427.8208,123.64692250213302,0.26525985819642034,3642.25,3159.94,1,4,2,1.055758281019386,1.0399055866628035,0.01611957549352774,-0.002468216811298176,3482.67,-0.02298708694639806
2021-04-07,GOOGL,3448.23,3504.89,3448.23,3482.67,1471143,3482.67,-0.022987086946398,3386.4814999999994,3433.295,3258.33695,0.3112549454824383,3614.624730475061,3158.338269524937,60.95251132354356,35.3996069944792,15.728473668057013,19.671133326422186,103.06785714285722,0.0128891098955743,3564.61,-0.0062658127767235,3519.25,0.0115220930564681,3541.44,0.042558600255965,3567.99,0.0179026988318489,3411.45,3521.814,32.34414212814046,0.2640525354019449,3564.61,3482.67,3464.542,91.80302328598559,0.33777535983753504,3567.99,3311.96,3386.4814999999994,114.07161523753103,0.3112549454824376,3567.99,3159.94,3433.295,119.75736971486982,0.27053039224735453,3642.25,3159.94,2,4,2,1.028403669117629,1.0143812285279843,0.01626912684807449,0.009987732836843849,3413.94,-0.019734858599867344
2021-04-08,GOOGL,3392.52,3499.0,3328.87,3413.94,937904,3413.94,-0.0197348585998673,3395.0585,3436.9486,3259.7442,0.3177256810884276,3613.0674455697617,3177.0495544302385,54.95866795321658,28.63347263234209,18.30947346091403,10.32399917142806,110.9885714285715,-0.022987086946398,3482.67,0.0128891098955743,3564.61,-0.0062658127767235,3519.25,-0.0187472498521575,3501.1,-0.0084597458558676,3382.59,3504.382,58.89170374513826,0.26742981885591655,3564.61,3413.94,3467.6770000000006,89.19161994145284,0.35223708192376113,3567.99,3311.96,3395.0585,109.00447278488082,0.31772568108842686,3567.99,3159.94,3436.9485999999997,116.20167089337308,0.27451161576157457,3642.25,3159.94,3,4,2,1.0055614652881517,0.9933055152465785,0.049833916237529155,0.006313890559228467,3372.74,-0.012068167571779309
2021-04-09,GOOGL,3345.74,3409.08,3336.39,3372.74,2291346,3372.74,-0.0120681675717793,3405.6985,3439.1368,3260.8571,0.3052908688783272,3594.1608324392414,3217.2361675607585,48.66917848796218,19.71945314482946,18.591469397697118,1.1279837471323404,106.18785714285721,-0.0197348585998673,3413.94,-0.022987086946398,3482.67,0.0128891098955743,3564.61,0.0115220930564681,3541.44,-0.0208804495963152,3311.96,3470.642,77.68094019773922,0.2251848893977901,3564.61,3372.74,3473.7549999999997,78.87552405180766,0.3393517470249313,3567.99,3351.47,3405.6985,94.23116621962073,0.3052908688783264,3567.99,3264.76,3439.1367999999998,113.87233297920123,0.275374742013763,3642.25,3159.94,4,4,2,0.9903225432312959,0.9806937601316176,0.021552209776021427,0.008069963595495147,3377.92,0.0015358432609688943
2021-04-12,GOOGL,3368.68,3404.89,3350.94,3377.92,881748,3377.92,0.0015358432609688,3411.3565000000003,3440.4026,3261.6146000000003,0.2843615373505802,3588.4550250942098,3234.257974905791,51.680955101640286,12.9240310033897,17.457981718835633,-4.533950715445933,99.96214285714291,-0.0120681675717793,3372.74,-0.0197348585998673,3413.94,-0.022987086946398,3482.67,-0.0062658127767235,3519.25,0.011929491902076,3351.47,3442.376,81.20515950359567,0.23892719356704087,3564.61,3372.74,3476.4,74.64947748572487,0.3348381652532479,3567.99,3372.74,3411.3565000000003,88.54926254710475,0.2843615373505794,3567.99,3291.38,3440.4026,112.80685530281286,0.2732570951604315,3642.25,3159.94,0,4,2,0.9901984738326263,0.9818385790078807,0.015971366995069108,0.002742914138474861,3344.36,-0.00993510799545283
2021-04-13,GOOGL,3344.45,3377.2,3311.51,3344.36,1895847,3344.36,-0.0099351079954528,3411.987,3439.0334000000003,3262.4544,0.2783365806523021,3587.9785378468587,3235.995462153141,45.59146285284952,4.775548915328727,14.921495158134253,-10.145946242805525,96.83142857142859,0.0015358432609688,3377.92,-0.0120681675717793,3372.74,-0.0197348585998673,3413.94,0.0128891098955743,3564.61,0.0211459449137245,3422.34,3398.326,53.24726453071491,0.15184802164916444,3482.67,3344.36,3468.6020000000003,84.36487576133216,0.31838563663026875,3567.99,3344.36,3411.987,87.99576892342927,0.2783365806523013,3567.99,3291.38,3439.0334000000003,113.56141818616308,0.2659244703669328,3642.25,3159.94,1,4,2,0.9801795845057498,0.9724709274411314,0.019642024183993335,-2.6910254301802647e-05,3380.73,0.010875025415924
2021-04-14,GOOGL,3349.86,3460.93,3300.53,3380.73,1292095,3380.73,0.010875025415924,3416.4545,3437.8178,3263.43715,0.2766556430041194,3583.883122400608,3249.025877599392,49.87897243603978,1.2382988586955435,12.18485589824651,-10.946557039550967,102.98785714285714,-0.0099351079954528,3344.36,0.0015358432609688,3377.92,-0.0120681675717793,3372.74,-0.022987086946398,3482.67,0.042558600255965,3567.99,3377.9379999999996,24.79133356646464,0.19155259187671936,3413.94,3344.36,3449.876,80.5493454280761,0.21768844732111475,3564.61,3344.36,3416.4545,83.71431120030391,0.2766556430041186,3567.99,3306.65,3437.8178,113.8592810390893,0.2663959280166405,3642.25,3159.94,2,4,2,0.989543399450808,0.9833941752233107,0.04744537422389608,0.009215310490584883,3437.67,0.01684251626128086
2021-04-15,GOOGL,3427.25,3490.62,3384.72,3437.67,1327369,3437.67,0.0168425162612808,3423.0055,3438.8758000000003,3264.6787,0.2818443576654897,3582.404627842219,3263.6063721577816,58.3281438384368,2.99505965354183,10.346896649305576,-7.351836995763746,101.59071428571426,0.010875025415924,3380.73,-0.0099351079954528,3344.36,0.0015358432609688,3377.92,-0.0197348585998673,3413.94,-0.0187472498521575,3501.1,3382.684,33.97641137618515,0.20050477006842826,3437.67,3344.36,3443.5330000000004,78.53981666081027,0.2291068371273641,3564.61,3344.36,3423.0055,79.69956392110923,0.28184435766548904,3567.99,3311.96,3438.8758000000003,113.60177874956383,0.2664367340454115,3642.25,3159.94,3,4,2,1.0042841006241432,0.9996493621546321,0.030805749242937594,0.0030403384637820506,3471.75,0.009913691541072911
2021-04-16,GOOGL,3449.47,3514.44,3429.06,3471.75,545636,3471.75,0.0099136915410729,3430.107,3440.8748,3266.3569,0.2827106832730168,3584.586502997431,3275.627497002569,58.02615774614659,7.055939938352822,9.688705307115026,-2.632765368762204,102.29071428571426,0.0168425162612808,3437.67,0.010875025415924,3380.73,-0.0099351079954528,3344.36,-0.0120681675717793,3372.74,0.0115220930564681,3541.44,3402.486,51.21244799854771,0.16466337861362837,3471.75,3344.36,3436.564,71.6792810914025,0.22663025713267232,3564.61,3344.36,3430.107,77.23975149871569,0.2827106832730161,3567.99,3311.96,3440.8747999999996,113.2763095220815,0.26708751655896645,3642.25,3159.94,4,4,2,1.0121404376012142,1.0089730669651191,0.024592784618701093,0.006458963261020894,3563.81,0.02651688629653637
2021-04-19,GOOGL,3574.3,3643.88,3483.74,3563.81,497159,3563.81,0.0265168862965363,3438.5620000000004,3444.3636,3268.2493,0.2893960941437498,3603.069180531226,3274.054819468775,59.180521485251546,17.50094939296696,11.251154124285414,6.249795268681545,107.14785714285712,0.0099136915410729,3471.75,0.0168425162612808,3437.67,0.010875025415924,3380.73,0.0015358432609688,3377.92,-0.0062658127767235,3519.25,3439.6639999999998,85.14955302292734,0.2121281146601785,3563.81,3344.36,3441.0199999999995,78.45542584453288,0.26536200275203475,3564.61,3344.36,3438.5620000000004,82.25359026561274,0.2893960941437491,3567.99,3311.96,3444.3635999999997,114.33894522402429,0.27314324492944964,3642.25,3159.94,0,4,2,1.0364245286253275,1.0346788010414942,0.044935055460295414,-0.0029348403883270296,3588.58,0.006950426650130126
2021-04-20,GOOGL,3586.02,3634.87,3542.29,3588.58,1098664,3588.58,0.0069504266501301,3450.4185,3446.048,3269.6575,0.2839480327015014,3622.4972928797865,3278.339707120213,51.58479703095367,27.460874756064186,14.493098250641168,12.967776505423018,98.35928571428569,0.0265168862965363,3563.81,0.0099136915410729,3471.75,0.0168425162612808,3437.67,-0.0099351079954528,3344.36,0.0128891098955743,3564.61,3488.5080000000003,86.84213620129795,0.12313514290502289,3588.58,3380.73,3443.417,82.89169239302784,0.25976873328201244,3588.58,3344.36,3450.4184999999998,86.03939643989334,0.2839480327015007,3588.58,3311.96,3446.048,115.85117715838386,0.2630209655524233,3642.25,3159.94,1,4,2,1.0400419543307455,1.0413610025162037,0.025798505258340106,0.0007138833581517202,3520.34,-0.019015878146787846
2021-04-21,GOOGL,3520.01,3561.53,3479.15,3520.34,1324564,3520.34,-0.0190158781467878,3455.8630000000003,3447.8990000000003,3270.7245000000003,0.2894286178297276,3629.632597983005,3282.093402016996,51.47781737630473,29.507643917965652,17.496007384106065,12.011636533859587,99.94642857142857,0.0069504266501301,3588.58,0.0265168862965363,3563.81,0.0099136915410729,3471.75,0.010875025415924,3380.73,-0.022987086946398,3482.67,3516.4300000000003,62.58037831465266,0.2697960043323565,3588.58,3437.67,3447.1839999999997,85.68270993744785,0.2501784882340606,3588.58,3344.36,3455.8630000000003,86.88479899150217,0.28942861782972684,3588.58,3311.96,3447.8990000000003,116.29202368371031,0.26185076309684496,3642.25,3159.94,2,4,2,1.0186572789485524,1.021010186202954,0.02340114875267068,9.374973366548204e-05,3598.96,0.02233307010118346
2021-04-22,GOOGL,3593.75,3631.87,3566.04,3598.96,765093,3598.96,0.0223330701011834,3466.6815,3449.9716000000003,3272.04595,0.2956241316274327,3648.020042165624,3285.342957834376,54.17271197150714,37.0466494560028,21.406135798485412,15.640513657517385,103.28714285714283,-0.0190158781467878,3520.34,0.0069504266501301,3588.58,0.0265168862965363,3563.81,0.0168425162612808,3437.67,-0.0197348585998673,3413.94,3548.6879999999996,52.607949684485455,0.28330107477633665,3598.96,3471.75,3465.686,96.9428764445129,0.24061533774254057,3598.96,3344.36,3466.6814999999997,90.6692710828119,0.2956241316274318,3598.96,3311.96,3449.9716000000003,118.06456606728679,0.2628983697585015,3642.25,3159.94,3,4,2,1.0381570963467401,1.0431853989751558,0.018291395291968136,0.0014497391304343894,3565.25,-0.009366594794051664
2021-04-23,GOOGL,3597.76,3610.01,3520.48,3565.25,776346,3565.25,-0.0093665947940516,3479.346,3451.1494,3273.17175,0.2858116433204742,3650.267116357397,3308.424883642603,53.28215080663001,39.84197687804317,25.093304014396963,14.748672863646206,106.3842857142857,0.0223330701011834,3598.96,-0.0190158781467878,3520.34,0.0069504266501301,3588.58,0.0099136915410729,3471.75,-0.0120681675717793,3372.74,3567.388,30.318226696255145,0.3124101605854365,3598.96,3520.34,3484.9370000000004,95.53900472234503,0.23545215959706922,3598.96,3344.36,3479.346,85.46055817869838,0.2858116433204735,3598.96,3344.36,3451.1494000000002,118.92914572853013,0.26380285069966003,3642.25,3159.94,4,4,2,1.0246896974313493,1.0330616228897442,0.02511184348922939,-0.009036178066349945,3618.55,0.014949863263445717
2021-04-26,GOOGL,3597.9,3659.56,3577.53,3618.55,1502169,3618.55,0.0149498632634457,3492.7,3452.4274,3274.749150000001,0.2871428165014084,3663.2875475186784,3322.1124524813213,53.80555947403235,45.82986044940799,29.240615301399167,16.58924514800882,107.8285714285714,-0.0093665947940516,3565.25,0.0223330701011834,3598.96,-0.0190158781467878,3520.34,0.0265168862965363,3563.81,0.0015358432609688,3377.92,3578.3360000000002,37.69029755793428,0.2714563424320517,3618.55,3520.34,3509.0,95.89278075018558,0.23847505735426047,3618.55,3344.36,3492.7,85.29377375933932,0.28714281650140766,3618.55,3344.36,3452.4274,120.3983071582616,0.26412137492241533,3642.25,3159.94,0,4,2,1.0360322959312178,1.0481176229799798,0.022669301239440404,0.005739459128934754,3711.83,0.025778281355791632
2021-04-27,GOOGL,3713.06,3780.67,3642.99,3711.83,1503000,3711.83,0.0257782813557916,3507.1745,3455.6676,3277.26275,0.2912538186649789,3700.267187476399,3314.081812523601,65.91300483178324,57.440084211024896,34.88050908332431,22.559575127700583,111.09571428571424,0.0149498632634457,3618.55,-0.0093665947940516,3565.25,0.0223330701011834,3598.96,0.0069504266501301,3588.58,-0.0099351079954528,3344.36,3602.986,71.34393828494373,0.3170531006554411,3711.83,3520.34,3545.7470000000003,96.1994963084708,0.23479661705656765,3711.83,3380.73,3507.1745,96.54634373819933,0.2912538186649781,3711.83,3344.36,3455.6676,125.15878172587702,0.27010218220858334,3711.83,3159.94,1,4,2,1.0583533838989025,1.0741281945054337,0.037092215968932626,-0.00033126316299755105,3740.07,0.007608107052316626
2021-04-28,GOOGL,3757.72,3780.43,3699.7,3740.07,1135672,3740.07,0.0076081070523166,3515.7785000000003,3460.4042000000004,3280.0934,0.2543282171098081,3733.9835922533184,3297.5734077466823,73.9960267809051,68.13458904749405,41.53132507615826,26.603263971335785,104.70999999999994,0.0257782813557916,3711.83,0.0149498632634457,3618.55,-0.0093665947940516,3565.25,-0.0190158781467878,3520.34,0.010875025415924,3380.73,3646.932,75.27489169707432,0.22178848472588283,3740.07,3565.25,3581.6809999999996,94.81407671510132,0.23525308748203566,3740.07,3437.67,3515.7785000000003,109.10254612665899,0.2543282171098073,3740.07,3344.36,3460.4042000000004,131.3253581072738,0.2685193431845126,3740.07,3159.94,2,4,2,1.0637956856494049,1.080818824575152,0.021585157497046426,-0.00469699711527068,3652.59,-0.02338993655198962
2021-04-29,GOOGL,3656.74,3713.02,3592.16,3652.59,1639517,3652.59,-0.0233899365519896,3523.353,3462.525,3282.83195,0.2599396096652539,3749.77524784684,3296.9307521531605,69.2779300924874,68.75855051142253,46.976770163211114,21.781780348211413,109.73571428571424,0.0076081070523166,3740.07,0.0257782813557916,3711.83,0.0149498632634457,3618.55,0.0223330701011834,3598.96,0.0168425162612808,3437.67,3657.6580000000004,70.39300760733528,0.31068830969796435,3740.07,3565.25,3603.173,82.04147989485136,0.2851022350386511,3740.07,3471.75,3523.353,113.21112392341982,0.25993960966525326,3740.07,3344.36,3462.525,133.58178169579907,0.27300465649027084,3740.07,3159.94,3,4,2,1.0366801169224211,1.0548920224399665,0.03308884928228108,-0.0011348906402966854,3600.3,-0.014315869013494575
2021-04-30,GOOGL,3631.19,3631.19,3577.55,3600.3,750242,3600.3,-0.0143158690134945,3526.2960000000007,3462.8338,3284.87565,0.2638631064797078,3755.22434515817,3297.367654841832,64.38533391867236,64.29255393174981,50.43992691691885,13.852627014830958,111.24214285714281,-0.0233899365519896,3652.59,0.0076081070523166,3740.07,0.0257782813557916,3711.83,-0.0093665947940516,3565.25,0.0099136915410729,3471.75,3664.668,59.84501499712745,0.3248784505825672,3740.07,3600.3,3616.028,68.03673742915716,0.30178842880381573,3740.07,3520.34,3526.2960000000007,114.46417257908445,0.26386310647970707,3740.07,3344.36,3462.8338,133.88784967035153,0.2740623006614605,3740.07,3159.94,4,4,2,1.020986326728947,1.039697602581724,0.01489875843679276,-0.00850685312528162,3678.31,0.021667638807877143
2021-05-03,GOOGL,3669.33,3710.77,3645.84,3678.31,1040756,3678.31,0.0216676388078771,3534.2490000000007,3463.5592,3287.3344,0.2722210881448643,3772.988009746528,3295.509990253474,70.42782514957855,66.28389502822483,53.60872053918005,12.675174489044785,114.38928571428566,-0.0143158690134945,3600.3,-0.0233899365519896,3652.59,0.0076081070523166,3740.07,0.0149498632634457,3618.55,0.0265168862965363,3563.81,3676.62,54.01547463465001,0.3444924326617049,3740.07,3600.3,3627.478,67.90702938580193,0.29240588736740786,3740.07,3520.34,3534.2490000000007,119.36950487326344,0.27222108814486357,3740.07,3344.36,3463.5591999999997,134.9724596676611,0.27604211603720946,3740.07,3159.94,0,5,2,1.040761417771911,1.0620029246212792,0.017652128287170516,0.002447313269724329,3669.37,-0.0024304639902563707
2021-05-04,GOOGL,3666.7,3717.61,3621.12,3669.37,2319780,3669.37,-0.0024304639902563,3539.487,3464.1016,3289.8321,0.2697768765070246,3785.516376346156,3293.457623653844,68.26927945597781,66.37552813767752,56.16208205887954,10.213446078797979,109.82428571428571,0.0216676388078771,3678.31,-0.0143158690134945,3600.3,-0.0233899365519896,3652.59,0.0257782813557916,3711.83,0.0069504266501301,3588.58,3668.1279999999997,50.3063964124489,0.28193680837453533,3740.07,3600.3,3635.557,67.57009908239169,0.29293619188541437,3740.07,3520.34,3539.487,123.01468817307796,0.2697768765070239,3740.07,3344.36,3464.1016,135.7574105973053,0.27611198027992057,3740.07,3159.94,1,5,2,1.0366954307217298,1.059255883256698,0.02629606717228678,0.0007281751984071085,3675.04,0.0015452243845675007
2021-05-05,GOOGL,3644.8,3762.28,3587.8,3675.04,1233246,3675.04,0.0015452243845675,3549.1055,3465.4334000000003,3292.1267000000003,0.2537152999949437,3800.759309865885,3297.451690134115,66.06695636745464,66.14321187713267,58.158308022530164,7.984903854602507,114.43785714285715,-0.0024304639902563,3669.37,0.0216676388078771,3678.31,-0.0143158690134945,3600.3,0.0076081070523166,3740.07,-0.0190158781467878,3520.34,3655.1220000000003,32.20744587834226,0.27178974189777677,3678.31,3600.3,3651.0270000000005,54.7542041105715,0.2680062700468694,3740.07,3565.25,3549.1055,125.82690493294254,0.2537152999949431,3740.07,3344.36,3465.4334000000003,137.51760670370146,0.2752493342841374,3740.07,3159.94,2,5,2,1.0354834478712915,1.0604849598318464,0.04747703426355973,0.008296751536433134,3720.94,0.012489659976490097
2021-05-06,GOOGL,3729.06,3767.62,3674.26,3720.94,1262187,3720.94,0.01248965997649,3564.4555,3469.4418,3294.9325,0.2412088190072463,3818.832229776121,3310.078770223879,66.60137772856802,68.86896737810594,60.300439893645326,8.56852748446061,115.00785714285712,0.0015452243845675,3675.04,-0.0024304639902563,3669.37,0.0216676388078771,3678.31,-0.0233899365519896,3652.59,0.0223330701011834,3598.96,3668.792,43.418117992451535,0.2197988463577091,3720.94,3600.3,3663.225,55.448824103391765,0.25378081715370165,3740.07,3565.25,3564.4555,127.18836488806046,0.24120881900724564,3740.07,3344.36,3469.4418,142.00382584226546,0.27051177851635266,3740.07,3159.94,3,5,2,1.0439013756796673,1.0724895284304603,0.02509043413760356,-0.0021774924511801133,3763.66,0.01148096986245406
2021-05-07,GOOGL,3747.71,3832.46,3694.85,3763.66,3018319,3763.66,0.011480969862454,3584.0015,3473.356,3298.14035,0.2342367378500791,3836.420283459496,3331.5827165405035,64.25118016900393,73.62756251558494,62.96586441803325,10.661698097551692,112.54214285714284,0.01248965997649,3720.94,0.0015452243845675,3675.04,-0.0024304639902563,3669.37,-0.0143158690134945,3600.3,-0.0093665947940516,3565.25,3701.464,40.348535661244014,0.1516449699843524,3763.66,3669.37,3683.066,51.878688238407705,0.24574387187683808,3763.66,3600.3,3584.0015,126.2093917297482,0.2342367378500785,3763.66,3344.36,3473.356,147.37039804659517,0.2700856229113369,3763.66,3159.94,4,5,2,1.0501279087073345,1.0835802607043206,0.03656281385671489,0.004255932289316826,3781.51,0.004742723837966256
2021-05-10,GOOGL,3755.82,3819.71,3743.31,3781.51,685631,3781.51,0.0047427238379662,3604.181,3477.1219999999994,3301.4162,0.2337745974841748,3851.7133175838553,3356.648682416144,63.89485055686782,77.94067765160935,65.96082706474847,11.979850586860877,111.38642857142857,0.011480969862454,3763.66,0.01248965997649,3720.94,0.0015452243845675,3675.04,0.0216676388078771,3678.31,0.0149498632634457,3618.55,3722.1040000000003,50.62910161169004,0.10155709173375296,3781.51,3669.37,3699.362,54.8694363011384,0.240074799785439,3781.51,3600.3,3604.1809999999996,123.76615879192792,0.23377459748417417,3781.51,3344.36,3477.1219999999994,152.80162178593497,0.2698752932572408,3781.51,3159.94,0,5,2,1.0492009141602352,1.0875402128538814,0.02020356947356476,0.0068400509076561745,3769.93,-0.0030622687762297263
2021-05-11,GOOGL,3773.29,3798.36,3741.5,3769.93,1650195,3769.93,-0.0030622687762297,3625.4595,3481.7392000000004,3304.37035,0.2288754591281817,3851.153035525296,3399.765964474704,69.57292303678845,79.50792537753523,68.67024672730582,10.837678650229407,107.63142857142859,0.0047427238379662,3781.51,0.011480969862454,3763.66,0.01248965997649,3720.94,-0.0024304639902563,3669.37,0.0257782813557916,3711.83,3742.2160000000003,43.98071315937222,0.10474019821272923,3781.51,3675.04,3705.172,59.23843155703952,0.21037881707707792,3781.51,3600.3,3625.4595,112.84676776264799,0.22887545912818105,3781.51,3380.73,3481.7392000000004,158.10752533228023,0.2674974809193065,3781.51,3159.94,1,5,2,1.0398488798451506,1.082772081262984,0.01508250816327758,-0.0008904695901982717,3752.14,-0.0047189205104604115
2021-05-12,GOOGL,3754.56,3775.29,3728.99,3752.14,2334776,3752.14,-0.0047189205104604,3644.03,3486.5888,3307.1031,0.2312467988322365,3844.6666804896554,3443.393319510346,63.27935362909022,78.41060749468488,70.61831888078164,7.792288613903239,102.9721428571429,-0.0030622687762297,3769.93,0.0047427238379662,3781.51,0.011480969862454,3763.66,0.0015452243845675,3675.04,0.0076081070523166,3740.07,3757.636,23.098708405603194,0.12657675605609695,3781.51,3720.94,3706.379,60.1445297134259,0.20967648908429745,3781.51,3600.3,3644.03,100.31834024482704,0.23124679883223578,3781.51,3437.67,3486.5888,162.63534892815693,0.2669477703992768,3781.51,3159.94,2,5,2,1.0296677030647305,1.0761636129843943,0.01233962485408003,-0.0006445495610669235,3805.03,0.014095955907828639
2021-05-13,GOOGL,3772.76,3847.3,3762.76,3805.03,1053774,3805.03,0.0140959559078286,3662.398,3492.9994,3310.0321000000004,0.2296324874649125,3850.351241844913,3474.444758155087,70.1177970920199,80.876462629265,72.66994763047832,8.206514998786687,103.37428571428576,-0.0047189205104604,3752.14,-0.0030622687762297,3769.93,0.0047427238379662,3781.51,0.01248965997649,3720.94,-0.0233899365519896,3652.59,3774.454,20.121943991751856,0.13353738805046708,3805.03,3752.14,3721.6229999999996,64.17965064310884,0.17156095466458415,3805.03,3600.3,3662.398,93.9766209224564,0.22963248746491183,3805.03,3471.75,3492.9994,168.75342623776078,0.26767431366569866,3805.03,3159.94,3,5,2,1.0389449753956181,1.0893302758651806,0.022217958859714046,0.008553419777561104,3839.93,0.00917206960260497
2021-05-14,GOOGL,3855.15,3871.24,3808.62,3839.93,1692444,3839.93,0.0091720696026049,3680.8070000000007,3501.7238,3313.1111000000005,0.2294451035513698,3862.14334107287,3499.470658927132,69.16577206605889,84.67077690702126,75.07011348578692,9.600663421234344,101.36714285714288,0.0140959559078286,3805.03,-0.0047189205104604,3752.14,-0.0030622687762297,3769.93,0.011480969862454,3763.66,-0.0143158690134945,3600.3,3789.708,34.01008703322133,0.12677634427630852,3839.93,3752.14,3745.5860000000002,58.31549273853681,0.1380133032775615,3839.93,3669.37,3680.8070000000007,90.66817053643466,0.2294451035513691,3839.93,3520.34,3501.7238,175.1961414505087,0.26187283093286595,3839.93,3159.94,4,5,2,1.0432304654927453,1.0965827744606536,0.01630758894041912,-0.003947965708207542,3825.19,-0.003838611641358014
2021-05-17,GOOGL,3834.66,3857.63,3792.75,3825.19,810190,3825.19,-0.003838611641358,3693.8759999999993,3511.0198,3316.00845,0.2169138451729359,3877.37176405841,3510.3802359415886,61.35871743314826,85.5027806641574,77.15664692146102,8.34613374269638,94.4214285714286,0.0091720696026049,3839.93,0.0140959559078286,3805.03,-0.0047189205104604,3752.14,0.0047427238379662,3781.51,0.0216676388078771,3678.31,3798.4439999999995,36.86773901403979,0.13795012339500487,3839.93,3752.14,3760.2740000000003,57.9843210992286,0.11736618671965195,3839.93,3669.37,3693.8759999999993,91.74788202920529,0.21691384517293527,3839.93,3520.34,3511.0198,179.8142505134621,0.2599597346340664,3839.93,3159.94,0,5,2,1.0355491088490694,1.0894811815071253,0.01696124898370621,-0.0024695800931496745,3893.06,0.017742909502534543
2021-05-18,GOOGL,3868.84,3971.76,3814.36,3893.06,911766,3893.06,0.0177429095025345,3709.1,3522.8636,3319.18825,0.2224156982047287,3905.85655168657,3512.3434483134297,64.20177115849685,90.59437585092655,79.84419270735413,10.750183143572428,99.89785714285719,-0.003838611641358,3825.19,0.0091720696026049,3839.93,0.0140959559078286,3805.03,-0.0030622687762297,3769.93,-0.0024304639902563,3669.37,3823.0699999999997,51.34165122011087,0.1634365487026689,3893.06,3752.14,3782.643,62.02552916165282,0.1297110084945875,3893.06,3675.04,3709.1,98.37827584328521,0.222415698204728,3893.06,3520.34,3522.8635999999997,185.11458479856933,0.257801282766405,3893.06,3159.94,1,5,2,1.0495969372621257,1.1050839436414441,0.04043092066394036,0.006260274397492153,3886.08,-0.001792934092975762
2021-05-19,GOOGL,3883.71,3906.75,3865.42,3886.08,1399770,3886.08,-0.0017929340929757,3727.387,3534.9842,3322.59495,0.2064267357678549,3918.169716540406,3536.6042834595933,75.48294152084173,92.99429372260101,82.47421291040351,10.520080812197506,92.28500000000001,0.0177429095025345,3893.06,-0.003838611641358,3825.19,0.0091720696026049,3839.93,-0.0047189205104604,3752.14,0.0015452243845675,3675.04,3849.858,38.389683119396416,0.1516914899772764,3893.06,3805.03,3803.7470000000003,57.049214241398296,0.1339103080243767,3893.06,3720.94,3727.3869999999997,95.39135827020316,0.20642673576785428,3893.06,3565.25,3534.9842,188.69721602362105,0.25712226864264753,3893.06,3159.94,2,5,2,1.0425748654483575,1.0993203307666555,0.010635396080366151,0.0006102412384033001,3834.53,-0.013265295619235729
2021-05-20,GOOGL,3851.43,3896.48,3772.58,3834.53,1651606,3834.53,-0.0132652956192357,3739.1655,3546.8268,3325.72775,0.2055343797587112,3925.6014239694064,3552.7295760305938,75.6050635102244,89.70255651411071,83.91988163114496,5.78267488296575,95.77500000000002,-0.0017929340929757,3886.08,0.0177429095025345,3893.06,-0.003838611641358,3825.19,0.0140959559078286,3805.03,0.01248965997649,3720.94,3855.7580000000003,31.410265360351712,0.1911539283802987,3893.06,3825.19,3815.1059999999998,49.544414014149766,0.15733947569654327,3893.06,3752.14,3739.1655,93.21796198470317,0.2055343797587106,3893.06,3565.25,3546.8268,188.54086012451975,0.2576891339604174,3893.06,3159.94,3,5,2,1.0255042201258475,1.0811156609053816,0.032311652275498634,-0.0043879805682552325,3789.28,-0.011800663966639924
2021-05-21,GOOGL,3791.51,3836.98,3741.58,3789.28,1878918,3789.28,-0.0118006639666399,3750.3670000000006,3559.4136,3328.9032,0.2076871332023429,3918.863490808406,3581.8705091915954,63.06666980457593,82.49162215972001,83.63422973685996,-1.1426075771399553,94.69857142857147,-0.0132652956192357,3834.53,-0.0017929340929757,3886.08,0.0177429095025345,3893.06,0.0091720696026049,3839.93,0.011480969862454,3763.66,3845.6279999999997,43.59510717967831,0.19674462754818922,3893.06,3789.28,3817.668,47.19521345792205,0.16562095359402013,3893.06,3752.14,3750.3670000000006,84.24824540420272,0.20768713320234233,3893.06,3600.3,3559.4136,183.1145466391491,0.2515657134622932,3893.06,3264.76,4,5,2,1.010375784556282,1.0645798510178575,0.025176286787984763,-0.0005881561699690703,3731.42,-0.015269391546679056
2021-05-24,GOOGL,3723.62,3787.88,3674.96,3731.42,2248296,3731.42,-0.015269391546679,3756.0105,3568.7468000000003,3331.7646000000004,0.2125271337092072,3913.091676261829,3598.929323738172,56.551578501126144,71.28634171500153,81.16465213248829,-9.878310417486759,95.9721428571429,-0.0118006639666399,3789.28,-0.0132652956192357,3834.53,-0.0017929340929757,3886.08,-0.003838611641358,3825.19,0.0047427238379662,3781.51,3826.874,67.95094980945814,0.2170043188141915,3893.06,3731.42,3812.6589999999997,53.672783595546335,0.1817215930908318,3893.06,3731.42,3756.0105000000003,78.54058813091417,0.2125271337092066,3893.06,3600.3,3568.7468000000003,179.64965615581335,0.24588266259985225,3893.06,3291.38,0,5,2,0.9934530268216787,1.0455827238847413,0.03026193781455044,0.002094735767881279,3716.2,-0.0040788761383067085
2021-05-25,GOOGL,3702.99,3776.61,3655.79,3716.2,1168058,3716.2,-0.0040788761383067,3756.229,3576.4358,3334.666650000001,0.1930498231414343,3913.063381421293,3599.394618578707,54.25998757863869,60.48076482281431,77.02787467055349,-16.54710984773918,92.13928571428576,-0.015269391546679,3731.42,-0.0118006639666399,3789.28,-0.0132652956192357,3834.53,0.0177429095025345,3893.06,-0.0030622687762297,3769.93,3791.5020000000004,70.85474945271658,0.09431967698151186,3886.08,3716.2,3807.286,60.660063047233244,0.18207307252511393,3893.06,3716.2,3756.2290000000003,78.41719071064644,0.1930498231414336,3893.06,3600.3,3576.4358,177.51371753939776,0.24294624440078183,3893.06,3291.38,1,5,2,0.9893433014864138,1.0390791860429762,0.03251170550561532,0.003567387435557879,3791.32,0.02021419729831564
2021-05-26,GOOGL,3799.69,3834.03,3748.6,3791.32,1934340,3791.32,0.0202141972983156,3758.7915,3586.4346,3337.2897000000003,0.2043807050269949,3916.1879468635593,3601.395053136441,56.86875390225609,57.31809614861868,73.08591896616653,-15.767822817547852,93.88714285714296,-0.0040788761383067,3716.2,-0.015269391546679,3731.42,-0.0118006639666399,3789.28,-0.0017929340929757,3886.08,-0.0047189205104604,3752.14,3772.55,48.32371467516845,0.2322919465765513,3834.53,3716.2,3811.204,57.90520398802112,0.2101142672454308,3893.06,3716.2,3758.7915000000003,78.6982234317796,0.2043807050269942,3893.06,3600.3,3586.4346,175.1946140050299,0.24391932091652643,3893.06,3306.65,2,5,2,1.0086539782797188,1.0571278784782365,0.022533049175479186,-0.0022028112819723945,3743.81,-0.012531255604908087
2021-05-27,GOOGL,3776.69,3784.62,3702.99,3743.81,1046445,3743.81,-0.012531255604908,3763.3525,3595.1778000000004,3339.6811500000003,0.1905286190446454,3912.8811836591967,3613.823816340803,48.0806791578714,50.39705264434997,68.54814570180322,-18.151093057453252,90.36714285714298,0.0202141972983156,3791.32,-0.0040788761383067,3716.2,-0.015269391546679,3731.42,-0.0132652956192357,3834.53,0.0140959559078286,3805.03,3754.406,34.202226243432555,0.2306674180352074,3791.32,3716.2,3805.082,61.73973865262388,0.20655067600246724,3893.06,3716.2,3763.3525,74.76434182959828,0.1905286190446447,3893.06,3600.3,3595.1778000000004,171.8227553090804,0.24634073321508515,3893.06,3311.96,3,5,2,0.9948071566506207,1.0413420999648357,0.021803991121338503,-0.008706036238079218,3756.14,0.0032934363656274
2021-05-28,GOOGL,3769.04,3830.01,3682.26,3756.14,1721434,3756.14,0.0032934363656274,3771.1445,3603.706200000001,3342.49265,0.1814189554286263,3899.663207624546,3642.625792375454,47.52047537937548,45.38384701970244,63.91528596538307,-18.531438945680627,95.46357142857154,-0.012531255604908,3743.81,0.0202141972983156,3791.32,-0.0040788761383067,3716.2,-0.0118006639666399,3789.28,0.0091720696026049,3839.93,3747.778,28.488278642397628,0.22621406313404102,3791.32,3716.2,3796.703,62.16914008488656,0.20001506428126653,3893.06,3716.2,3771.1445,64.25935381227296,0.18141895542862563,3893.06,3669.37,3603.7062000000005,168.93630056484238,0.24614317882320208,3893.06,3311.96,4,5,2,0.9960212344021832,1.0422991752210422,0.0393355945198956,-0.0034226222061842456,3717.89,-0.01018332650007725
2021-05-31,GOOGL,3686.27,3801.27,3634.51,3717.89,1303844,3717.89,-0.0101833265000772,3773.1235,3610.1698,3345.14285,0.1709760763344836,3896.748991371529,3649.4980086284713,45.16590495182194,37.88764492609289,58.70975775752504,-20.82211283143215,103.31357142857152,0.0032934363656274,3756.14,-0.012531255604908,3743.81,0.0202141972983156,3791.32,-0.015269391546679,3731.42,-0.003838611641358,3825.19,3745.072,30.96540117626231,0.20919910825206423,3791.32,3716.2,3785.9729999999995,65.85646733621002,0.20402597323302848,3893.06,3716.2,3773.1235,61.81274568576432,0.17097607633448292,3893.06,3669.37,3610.1697999999997,166.9476168057101,0.24462796266656497,3893.06,3311.96,0,5,2,0.9853613325932783,1.0298379871215393,0.04485339802951537,0.008577776451532664,3703.44,-0.0038866131058207243
2021-06-01,GOOGL,3700.53,3736.23,3670.66,3703.44,1434179,3703.44,-0.0038866131058207,3774.827,3617.2096,3347.5834000000004,0.1713949081188789,3893.262821590426,3656.3911784095735,45.44791744440989,30.43007753165739,53.053821712351514,-22.623744180694125,104.69000000000008,-0.0101833265000772,3717.89,0.0032934363656274,3756.14,-0.012531255604908,3743.81,-0.0040788761383067,3716.2,0.0177429095025345,3893.06,3742.5199999999995,34.28735845770039,0.20900535517686103,3791.32,3703.44,3767.011,58.48282244485375,0.1690361823730527,3886.08,3703.44,3774.8269999999998,59.21791079521305,0.17139490811887814,3893.06,3675.04,3617.2096,163.1944681430532,0.24269508071271292,3893.06,3311.96,1,6,2,0.9810886697586456,1.0238389282166496,0.017705160607430513,0.0007863738437464547,3616.02,-0.023605080681744606
2021-06-02,GOOGL,3644.29,3644.29,3590.88,3616.02,1421517,3616.02,-0.0236050806817446,3771.876,3621.301,3349.1461000000004,0.1914693618878768,3903.038019598941,3640.7139804010594,33.40416190979424,17.26679735047037,45.89641683997529,-28.62961948950492,105.9328571428572,-0.0038866131058207,3703.44,-0.0101833265000772,3717.89,0.0032934363656274,3756.14,0.0202141972983156,3791.32,-0.0017929340929757,3886.08,3707.46,55.17536542703178,0.15948191453906482,3756.14,3616.02,3740.0049999999997,59.73067297837407,0.19165248797625142,3834.53,3616.02,3771.876,65.58100979947048,0.19146936188787614,3893.06,3616.02,3621.301,160.47230746221956,0.24666428083692332,3893.06,3311.96,2,6,2,0.9586794475743744,0.9985416843280913,0.014770382907170062,-0.007757340936092414,3604.27,-0.003249428930149678
2021-06-03,GOOGL,3575.03,3687.0,3521.53,3604.27,631561,3604.27,-0.0032494289301496,3766.042500000001,3625.7346,3350.80065,0.1850901506224239,3915.802454435896,3616.282545564105,28.43126487205194,5.819591540703641,37.88105178012096,-32.06146023941732,113.02285714285722,-0.0236050806817446,3616.02,-0.0038866131058207,3703.44,-0.0101833265000772,3717.89,-0.012531255604908,3743.81,-0.0132652956192357,3834.53,3679.5519999999997,66.35106457326978,0.1615367916301318,3756.14,3604.27,3716.9790000000003,63.50575432373904,0.18922728766900454,3791.32,3604.27,3766.0425000000005,74.87997721794777,0.1850901506224232,3893.06,3604.27,3625.7346000000002,156.7619399249214,0.24588197275702123,3893.06,3311.96,3,6,2,0.9570444305923372,0.99407993072604,0.04590943519768327,0.008178952344453502,3594.09,-0.002824427692708853
2021-06-04,GOOGL,3629.23,3637.21,3550.97,3594.09,765422,3594.09,-0.0028244276927088,3757.564,3631.3772,3352.8091500000005,0.1786078046419236,3925.9354536875294,3589.1925463124694,28.670579982276777,-4.027416903310041,29.499358043434764,-33.52677494674481,114.54857142857152,-0.0032494289301496,3604.27,-0.0236050806817446,3616.02,-0.0038866131058207,3703.44,0.0032934363656274,3756.14,-0.0118006639666399,3789.28,3647.142,58.727860253936576,0.14014346679266507,3717.89,3594.09,3697.46,68.60611051506088,0.18702066479885895,3791.32,3594.09,3757.564,84.1857268437652,0.17860780464192297,3893.06,3594.09,3631.3772000000004,150.17648930156494,0.24076026876374707,3893.06,3344.36,4,6,2,0.9564946864508612,0.9897319397167033,0.023994947260635165,-0.009682494633845249,3626.28,0.008956370040817063
2021-06-07,GOOGL,3658.85,3684.4,3568.16,3626.28,1250243,3626.28,0.008956370040817,3749.8025,3636.8734,3354.76425,0.1813978805828696,3927.575125667881,3572.02987433212,23.64146543822677,-9.128549822085915,21.77377647033063,-30.902326292416546,111.60857142857152,-0.0028244276927088,3594.09,-0.0032494289301496,3604.27,-0.0236050806817446,3616.02,-0.0101833265000772,3717.89,-0.015269391546679,3731.42,3628.8199999999997,43.437631726485,0.18613427211799896,3703.44,3594.09,3686.946000000001,70.84337531958333,0.1900581815175456,3791.32,3594.09,3749.8025000000002,88.88631283394018,0.18139788058286896,3893.06,3594.09,3636.8734000000004,144.65041949347037,0.2402055765559298,3893.06,3344.36,0,6,2,0.9670589317701488,0.9970872233273237,0.032054888204983666,-0.008901704087347338,3640.25,0.0038524327961435567
2021-06-08,GOOGL,3609.54,3684.63,3595.87,3640.25,611041,3640.25,0.0038524327961435,3743.3185,3641.231600000001,3357.1383,0.1825338069289795,3927.349701276218,3559.287298723781,26.04229607179694,-11.906718920020921,15.03767739226032,-26.944396312281242,114.9964285714287,0.008956370040817,3626.28,-0.0028244276927088,3594.09,-0.0032494289301496,3604.27,-0.0038866131058207,3703.44,-0.0040788761383067,3716.2,3616.182,18.10536301778079,0.19665714418704203,3640.25,3594.09,3679.3509999999997,71.42745666450814,0.19270354065765408,3791.32,3594.09,3743.3185,92.01560063810948,0.18253380692897886,3893.06,3594.09,3641.2316000000005,141.2986831742597,0.2361040164447338,3893.06,3344.36,1,6,2,0.9724660084358377,0.9997304208825935,0.02438294073208594,0.008508009330826512,3572.08,-0.018726735801112615
2021-06-09,GOOGL,3603.05,3603.05,3545.24,3572.08,1673313,3572.08,-0.0187267358011126,3734.3155,3641.3134,3359.2773,0.1921404580681364,3933.521433802474,3535.109566197525,25.22514018095579,-19.385720704215146,8.152997772965229,-27.538718477180375,112.93285714285727,0.0038524327961435,3640.25,0.008956370040817,3626.28,-0.0028244276927088,3594.09,-0.0236050806817446,3616.02,0.0202141972983156,3791.32,3607.3940000000002,26.786340362310455,0.16564423573026277,3640.25,3572.08,3657.4269999999997,66.73357210250354,0.16405312985983275,3756.14,3572.08,3734.3154999999997,99.60296690123714,0.19214045806813582,3893.06,3572.08,3641.3133999999995,141.2565947690918,0.22066753222388458,3893.06,3344.36,2,6,2,0.9565554918964515,0.9809866956244466,0.016183848066108324,-0.00859549548299126,3635.58,0.017776757519428532
2021-06-10,GOOGL,3625.63,3696.61,3574.55,3635.58,1700536,3635.58,0.0177767575194285,3725.843,3644.003,3361.7942,0.1967179628203297,3926.7916777212167,3524.894322278783,35.97422981365227,-19.958890527110725,2.530620112950038,-22.489510640060765,115.01357142857157,-0.0187267358011126,3572.08,0.0038524327961435,3640.25,0.008956370040817,3626.28,-0.0032494289301496,3604.27,-0.012531255604908,3743.81,3613.656,29.405187127539257,0.21786495098030464,3640.25,3572.08,3646.6040000000003,59.5578357938639,0.19695293610180517,3756.14,3572.08,3725.843,100.47433886060834,0.1967179628203291,3893.06,3572.08,3644.0029999999997,139.8052019155846,0.2198419686511163,3893.06,3344.36,3,6,2,0.9757738047467444,0.9976885309916051,0.03357373513991341,0.002744350636991936,3648.83,0.00364453539737819
2021-06-11,GOOGL,3673.98,3705.39,3592.26,3648.83,1367781,3648.83,0.0036445353973781,3716.288,3646.1508,3364.3905000000004,0.1934300277514268,3912.513413194032,3520.062586805967,41.79531501344074,-19.123523402290175,-1.8002085900980047,-17.32331481219217,114.92857142857153,0.0177767575194285,3635.58,-0.0187267358011126,3572.08,0.0038524327961435,3640.25,-0.0028244276927088,3594.09,0.0032934363656274,3756.14,3624.6040000000003,30.47026632646498,0.21400775913420458,3648.83,3572.08,3635.8730000000005,45.6794366695649,0.19726769850583156,3717.89,3572.08,3716.2879999999996,98.11270659701624,0.19343002775142615,3893.06,3572.08,3646.1508000000003,139.02009165967903,0.21858264643948283,3893.06,3344.36,4,6,2,0.9818480160846033,1.0007348023013747,0.03100445896354959,-0.00684543737309219,3661.42,0.0034504210938848257
2021-06-14,GOOGL,3655.45,3694.59,3628.25,3661.42,766337,3661.42,0.0034504210938848,3708.0995,3648.994200000001,3366.87195,0.1944779004806327,3898.780154440627,3517.418845559373,44.52943996040705,-17.24677111472647,-4.889521095023698,-12.357250019702773,111.03714285714295,0.0036445353973781,3648.83,0.0177767575194285,3635.58,-0.0187267358011126,3572.08,0.008956370040817,3626.28,-0.0101833265000772,3717.89,3631.632,34.710925801623006,0.2080020020595311,3661.42,3572.08,3630.226,37.09817791278649,0.1948854728835725,3703.44,3572.08,3708.0995000000003,95.34032722031347,0.19447790048063215,3893.06,3572.08,3648.9942000000005,137.8203353984864,0.21808020207367454,3893.06,3344.36,0,6,2,0.987411475878415,1.0034052671278555,0.018118653418614097,0.0016331778577189189,3661.88,0.0001256343167406193
2021-06-15,GOOGL,3657.55,3713.28,3610.48,3661.88,2084183,3661.88,0.0001256343167406,3696.5405,3650.9396,3369.5236,0.1801462383462701,3866.9637674348464,3526.1172325651537,34.808224964820155,-15.543141588974777,-7.020245193813913,-8.522896395160863,109.96357142857151,0.0034504210938848,3661.42,0.0036445353973781,3648.83,0.0177767575194285,3635.58,0.0038524327961435,3640.25,-0.0038866131058207,3703.44,3635.958,37.304469169334425,0.20759272039476323,3661.88,3572.08,3626.0699999999997,29.54363213967251,0.19452778516278837,3661.88,3572.08,3696.5405,85.21163371742321,0.1801462383462695,3886.08,3572.08,3650.9396,137.29039082210372,0.21634250583528553,3893.06,3344.36,1,6,2,0.9906235302978581,1.0029965984644054,0.02807301167705444,0.0011838525789117696,3632.66,-0.007979507793810847
2021-06-16,GOOGL,3642.41,3708.72,3556.59,3632.66,2710697,3632.66,-0.0079795077938108,3683.8695,3653.9394,3372.09335,0.1809354754839048,3831.056341012979,3536.6826589870207,36.36965638900944,-16.36219946379606,-8.888636047810344,-7.473563415985716,114.52071428571432,0.0001256343167406,3661.88,0.0034504210938848,3661.42,0.0036445353973781,3648.83,-0.0187267358011126,3572.08,-0.0236050806817446,3616.02,3648.0739999999996,13.81108540289067,0.14784786226677016,3661.88,3632.66,3627.7339999999995,29.382860537014317,0.15577593971663736,3661.88,3572.08,3683.8695,73.59342050648961,0.18093547548390423,3834.53,3572.08,3653.9394,135.16078593563688,0.21046063123869235,3893.06,3344.36,2,6,2,0.9860989918342694,0.9941763128307507,0.041878403153600335,-0.0026767991522089287,3646.33,0.0037630826997296918
2021-06-17,GOOGL,3666.35,3707.62,3585.04,3646.33,1272714,3646.33,0.0037630826997296,3674.4595,3658.5872,3374.73075,0.1785828913198625,3804.109640637719,3544.809359362281,36.57809176788303,-15.72696333194608,-10.256301504637491,-5.470661827308589,112.72285714285717,-0.0079795077938108,3632.66,0.0001256343167406,3661.88,0.0034504210938848,3661.42,0.0177767575194285,3635.58,-0.0032494289301496,3604.27,3650.2239999999997,12.112115009607571,0.07986004123308006,3661.88,3632.66,3631.94,28.652166875665646,0.15502237011899464,3661.88,3572.08,3674.4595,64.82507031885937,0.17858289131986183,3791.32,3572.08,3658.5872000000004,130.66014127703593,0.20513910147515502,3893.06,3344.36,3,6,2,0.9923445883670803,0.9966497450160552,0.03361736321176808,-0.005460471586180949,3675.18,0.007912065007829705
2021-06-18,GOOGL,3640.91,3700.68,3640.91,3675.18,1471872,3675.18,0.0079120650078297,3668.7545,3664.636,3377.4708,0.1786060280079321,3786.6387755417873,3550.8702244582128,44.656841892998735,-12.748622051073198,-10.754765613924635,-1.9938564371485636,105.08071428571432,0.0037630826997296,3646.33,-0.0079795077938108,3632.66,0.0001256343167406,3661.88,0.0036445353973781,3648.83,-0.0028244276927088,3594.09,3655.494,16.346310898977045,0.09450992876280355,3675.18,3632.66,3640.049,28.221418757231888,0.15657208139167816,3675.18,3572.08,3668.7545,58.94213777089351,0.1786060280079315,3791.32,3572.08,3664.636,123.98723219325112,0.20328867199374118,3893.06,3344.36,4,6,2,1.001751411820823,1.0028772298255535,0.016263149015826088,0.009412482044321494,3574.86,-0.02729662220625917
2021-06-21,GOOGL,3581.52,3631.91,3517.8,3574.86,1300848,3574.86,-0.0272966222062591,3660.9265,3668.5748,3379.6805,0.1952591996815836,3782.0380162980473,3539.8149837019528,36.75907237196808,-18.27261538314042,-12.258335567767793,-6.0142798153726265,111.63857142857144,0.0079120650078297,3675.18,0.0037630826997296,3646.33,-0.0079795077938108,3632.66,0.0034504210938848,3661.42,0.008956370040817,3626.28,3638.182,38.84908390175784,0.2210118465056203,3675.18,3574.86,3634.907,34.902491171896926,0.20994152667164362,3675.18,3572.08,3660.9265,60.55575814902359,0.19525919968158303,3791.32,3572.08,3668.5748000000003,117.65973179766424,0.21352800547639142,3893.06,3344.36,0,6,2,0.9764905140813462,0.974454711949454,0.031920131137993586,-0.0018595456677606142,3545.14,-0.008313612281320215
2021-06-22,GOOGL,3522.92,3612.69,3477.58,3545.14,1483596,3545.14,-0.0083136122813202,3652.3735,3672.5904,3381.6276500000004,0.1964126362572177,3780.978382165704,3523.768617834297,41.7165295423896,-24.76312166458183,-14.759292787130601,-10.00382887745123,113.24928571428573,-0.0272966222062591,3574.86,0.0079120650078297,3675.18,0.0037630826997296,3646.33,0.0001256343167406,3661.88,0.0038524327961435,3640.25,3614.834,53.400791941745354,0.2175079241339197,3675.18,3545.14,3625.3959999999997,44.831326398746626,0.2103864464181395,3675.18,3545.14,3652.3735,64.30244108285169,0.19641263625721703,3791.32,3545.14,3672.5903999999996,109.51297313814212,0.213122897731097,3893.06,3380.73,1,6,2,0.9706400509145708,0.9652968651225126,0.038111329876947604,0.006307267834635329,3531.66,-0.003802388622170083
2021-06-23,GOOGL,3520.78,3605.31,3458.02,3531.66,1143962,3531.66,-0.00380238862217,3639.3905,3675.609,3383.28855,0.1775243667014291,3761.180421020247,3517.600578979754,41.54852526810139,-30.64140297722588,-17.93571482514966,-12.70568815207622,111.95071428571431,-0.0083136122813202,3545.14,-0.0272966222062591,3574.86,0.0079120650078297,3675.18,-0.0079795077938108,3632.66,-0.0187267358011126,3572.08,3594.6339999999996,63.17936039566529,0.21759774981736243,3675.18,3531.66,3621.3540000000003,51.498753641917695,0.1907026917258891,3675.18,3531.66,3639.3905000000004,60.89496051012326,0.17752436670142846,3756.14,3531.66,3675.6090000000004,103.20227416516349,0.212261185724365,3893.06,3437.67,2,6,2,0.9703987522083792,0.9608366940006511,0.04170560019932787,0.0030902243252905787,3547.13,0.004380376366921013
2021-06-24,GOOGL,3536.35,3609.5,3484.77,3547.13,1183523,3547.13,0.004380376366921,3629.5565,3677.7982,3384.9216,0.1762346830281607,3747.548600409138,3511.5643995908613,44.600561098688296,-33.663630182548786,-21.081297896629486,-12.5823322859193,114.70000000000002,-0.00380238862217,3531.66,-0.0083136122813202,3545.14,-0.0272966222062591,3574.86,0.0037630826997296,3646.33,0.0177767575194285,3635.58,3574.7940000000003,58.27210293103504,0.2192992320281724,3675.18,3531.66,3612.5089999999996,56.16797969784506,0.1635534300764709,3675.18,3531.66,3629.5564999999997,58.996050204569244,0.17623468302816014,3756.14,3531.66,3677.7982,99.13266890201783,0.20928899931269015,3893.06,3471.75,3,6,2,0.9772902006068848,0.9644710794624445,0.03516363933658052,0.003048340803369902,3616.49,0.01955383648188813
2021-06-25,GOOGL,3614.26,3645.62,3587.37,3616.49,1723933,3616.49,0.0195538364818881,3622.574,3680.693,3386.77975,0.1922172917669597,3724.453588038823,3520.694411961176,48.96298963903672,-30.11484944389713,-22.888008206083015,-7.226841237814114,113.43214285714284,0.004380376366921,3547.13,-0.00380238862217,3531.66,-0.0083136122813202,3545.14,0.0079120650078297,3675.18,0.0036445353973781,3648.83,3563.0559999999996,33.744837086656965,0.27291966591541417,3616.49,3531.66,3609.275,54.75767145649559,0.196274122021255,3675.18,3531.66,3622.5739999999996,50.93979401941175,0.19221729176695915,3717.89,3531.66,3680.6929999999998,95.02103499131536,0.21256208836387053,3893.06,3520.34,4,6,2,0.9983205312021235,0.9825568174251471,0.016106777566088637,0.0006170004371569689,3573.08,-0.012003351315778565
2021-06-28,GOOGL,3561.23,3641.7,3504.47,3573.08,3066605,3573.08,-0.0120033513157785,3615.3335,3680.8784,3388.8221500000004,0.1933723554443749,3708.9378285718217,3521.729171428178,43.302690089923146,-30.45418248975284,-24.40124306281698,-6.052939426935858,116.89428571428569,0.0195538364818881,3616.49,0.004380376366921,3547.13,-0.00380238862217,3531.66,-0.0272966222062591,3574.86,0.0034504210938848,3661.42,3562.7,33.59824623406725,0.1990950807843552,3616.49,3531.66,3600.441,52.489368965996924,0.20210274673452644,3675.18,3531.66,3615.3334999999997,46.80216428591103,0.1933723554443743,3703.44,3531.66,3680.8784,94.79710458768524,0.20618781884765564,3893.06,3520.34,0,6,2,0.9883126964632755,0.9707139469750017,0.03840664076929753,0.00332750201475237,3545.69,-0.00766565540094255
2021-06-29,GOOGL,3517.85,3611.45,3479.93,3545.69,685431,3545.69,-0.0076656554009425,3607.446000000001,3680.0206000000007,3390.71055,0.1943465771511224,3696.252848574295,3518.6391514257066,47.135818010679856,-32.55794276796178,-26.032583003845943,-6.525359764115834,119.5021428571428,-0.0120033513157785,3573.08,0.0195538364818881,3616.49,0.004380376366921,3547.13,-0.0083136122813202,3545.14,0.0001256343167406,3661.88,3562.81,33.5272076082249,0.1974443970876837,3616.49,3531.66,3588.822,50.187553082895676,0.203194769099102,3675.18,3531.66,3607.446000000001,44.403424287147025,0.1943465771511218,3675.18,3531.66,3680.0206000000007,95.83767938255299,0.20631395305441952,3893.06,3520.34,1,6,2,0.9828809634292561,0.963497323900588,0.037092921264961935,0.007913924698322052,3517.69,-0.007896911461520939
2021-06-30,GOOGL,3492.76,3537.0,3492.76,3517.69,1151190,3517.69,-0.0078969114615209,3602.5295,3679.9676,3392.3326500000003,0.178661506141835,3699.819954224304,3505.239045775696,36.13678590628682,-36.06877554698076,-28.03982151247291,-8.028954034507851,114.38785714285707,-0.0076656554009425,3545.69,-0.0120033513157785,3573.08,0.0195538364818881,3616.49,-0.00380238862217,3531.66,-0.0079795077938108,3632.66,3560.0160000000005,37.157618061509076,0.20454509558182077,3616.49,3517.69,3577.325,52.15925980434609,0.20314016201431,3675.18,3517.69,3602.5294999999996,48.64522711215199,0.17866150614183432,3675.18,3517.69,3679.9675999999995,95.92847759938162,0.20256308499042275,3893.06,3517.69,2,6,2,0.9764500193541853,0.9559024378364213,0.012576435103714995,0.007137621823426945,3473.81,-0.012474095215894598
2021-07-01,GOOGL,3441.4,3519.79,3427.84,3473.81,748366,3473.81,-0.0124740952158945,3596.0065000000004,3677.4646,3393.5436,0.1829342619794918,3709.0276848377066,3482.9853151622942,30.801632222299983,-41.9087866924001,-30.813614548458347,-11.095172143941753,112.87499999999993,-0.0078969114615209,3517.69,-0.0076656554009425,3545.69,-0.0120033513157785,3573.08,0.004380376366921,3547.13,0.0037630826997296,3646.33,3545.352,54.11334234738106,0.2128638931873232,3616.49,3473.81,3560.0730000000003,55.23952450720036,0.20404841834660184,3675.18,3473.81,3596.0065000000004,56.510592418853015,0.18293426197949111,3675.18,3473.81,3677.4646000000002,99.6459899397144,0.19790278582509227,3893.06,3473.81,3,7,3,0.9660188322793726,0.9446209217075959,0.026469496028848252,0.009417678851627372,3455.51,-0.005267991053051202
2021-07-02,GOOGL,3453.45,3495.8,3415.22,3455.51,2268528,3455.51,-0.0052679910530512,3589.0775000000003,3675.2698,3394.83675,0.1833247983249434,3718.408464074482,3459.746535925519,27.69267436485669,-47.466530049154244,-34.144197648597526,-13.322332400556718,113.89214285714282,-0.0124740952158945,3473.81,-0.0078969114615209,3517.69,-0.0076656554009425,3545.69,0.0195538364818881,3616.49,0.0079120650078297,3675.18,3513.156,48.83920842934093,0.04892572124643061,3573.08,3455.51,3538.1059999999998,47.51719482932566,0.19146759492063456,3616.49,3455.51,3589.0775000000003,64.66548203724079,0.18332479832494267,3675.18,3455.51,3675.2698,103.3092951641359,0.19718501231330218,3893.06,3455.51,4,7,3,0.9627850053388474,0.9402058047545407,0.023319278485658283,0.0005965049443309745,3499.34,0.012684090047489383
2021-07-05,GOOGL,3531.15,3563.69,3434.99,3499.34,948594,3499.34,0.0126840900474893,3582.7305,3672.8856,3396.5124000000005,0.1866993119495888,3716.748543950151,3448.7124560498496,33.90374331456792,-47.78354800616489,-36.872067720111005,-10.911480286053887,115.74214285714281,-0.0052679910530512,3455.51,-0.0124740952158945,3473.81,-0.0078969114615209,3517.69,-0.0120033513157785,3573.08,-0.0272966222062591,3574.86,3498.4080000000004,35.544168579451835,0.15479128357738808,3545.69,3455.51,3530.554,47.025493606048165,0.17156808027506676,3616.49,3455.51,3582.7305,67.00902197507519,0.18669931194958808,3675.18,3455.51,3672.8856,105.98591081107621,0.19633285393905225,3893.06,3455.51,0,7,3,0.9767243168301448,0.9527495220648984,0.036778363920043064,-0.009008396697957022,3441.77,-0.016451673744191764
2021-07-06,GOOGL,3415.31,3473.85,3409.68,3441.77,673707,3441.77,-0.0164516737441917,3572.8065,3667.4844,3398.0406,0.1924913699346986,3717.833267514841,3427.7797324851595,32.10126582194202,-52.07986067326874,-39.91362631074256,-12.166234362526183,111.28,0.0126840900474893,3499.34,-0.0052679910530512,3455.51,-0.0124740952158945,3473.81,-0.0076656554009425,3545.69,-0.0083136122813202,3545.14,3477.6240000000007,31.088397835918155,0.1782457533246009,3517.69,3441.77,3520.2169999999996,54.266712745712994,0.18424208564290867,3616.49,3441.77,3572.8065,72.51338375742024,0.1924913699346979,3675.18,3441.77,3667.4844,110.73564378617708,0.18994531947555013,3893.06,3441.77,1,7,3,0.9633239303609183,0.9384552528700767,0.01864447653387107,0.007747466555010318,3466.35,0.007141674196706971
2021-07-07,GOOGL,3497.29,3524.65,3408.06,3466.35,1548979,3466.35,0.0071416741967069,3567.5199999999995,3662.01,3399.55225,0.1857612703170958,3720.166231942783,3414.873768057216,33.46258453309966,-52.89161719965159,-42.50922448852437,-10.382392711127224,110.85214285714288,-0.0164516737441917,3441.77,0.0126840900474893,3499.34,-0.0052679910530512,3455.51,-0.0078969114615209,3517.69,-0.00380238862217,3531.66,3467.3559999999998,21.56741477331555,0.19837008555347302,3499.34,3441.77,3513.686,56.61571909719368,0.19080598050631703,3616.49,3441.77,3567.5199999999995,76.3231159713917,0.18576127031709494,3675.18,3441.77,3662.01,113.79758992823079,0.18983391338710295,3893.06,3441.77,2,7,3,0.9716413643088276,0.9465703261321113,0.0336348031791269,-0.008846849989560833,3374.15,-0.026598583524456543
2021-07-08,GOOGL,3389.9,3452.65,3295.65,3374.15,2411010,3374.15,-0.0265985835244565,3554.4485,3656.4412,3400.33465,0.1915808708457026,3726.140791250223,3382.756208749777,25.22427614302127,-60.279841062776086,-46.06334780337471,-14.216493259401375,118.7757142857143,0.0071416741967069,3466.35,-0.0164516737441917,3441.77,0.0126840900474893,3499.34,-0.0124740952158945,3473.81,0.004380376366921,3547.13,3447.424,46.151637890805794,0.2578592905093909,3499.34,3374.15,3496.388,70.08537885245532,0.22331471239560355,3616.49,3374.15,3554.4485,85.84614562511148,0.19158087084570177,3675.18,3374.15,3656.4411999999998,120.8615963995564,0.19186697108824952,3893.06,3374.15,3,7,3,0.9492752532492877,0.9227961877245768,0.046530237244921974,-0.0046461547538261755,3344.89,-0.008671813641954351
2021-07-09,GOOGL,3354.09,3414.99,3274.8,3344.89,1564804,3344.89,-0.0086718136419543,3539.2515,3651.333,3401.0709,0.1903413511958205,3728.660317032071,3349.842682967929,28.565569949855657,-67.71551684086171,-50.39378161087211,-17.3217352299896,117.54785714285715,-0.0265985835244565,3374.15,0.0071416741967069,3466.35,-0.0164516737441917,3441.77,-0.0052679910530512,3455.51,0.0195538364818881,3616.49,3425.3,64.26580661599056,0.2586323887219673,3499.34,3344.89,3469.228,70.99150227709407,0.17690881846106413,3573.08,3344.89,3539.2515,94.70440851603554,0.19034135119581974,3675.18,3344.89,3651.333,128.44250514356756,0.1903424084712623,3893.06,3344.89,4,7,3,0.9450840099945016,0.9160736640561361,0.0419116921632573,-0.002742919838166993,3328.21,-0.00498671107271087
2021-07-12,GOOGL,3337.88,3406.19,3250.23,3328.21,1302441,3328.21,-0.0049867110727108,3522.5910000000003,3644.331,3401.4854000000005,0.1881455906687658,3724.93073618128,3320.2512638187204,29.277239639269624,-74.10010023576206,-55.1350453358501,-18.965054899911955,119.03714285714285,-0.0086718136419543,3344.89,-0.0265985835244565,3374.15,0.0071416741967069,3466.35,0.0126840900474893,3499.34,-0.0120033513157785,3573.08,3391.0740000000005,60.43142129723272,0.2004582872687252,3466.35,3328.21,3444.7410000000004,73.38092947082981,0.1756545243655056,3545.69,3328.21,3522.5910000000003,101.16986809064,0.18814559066876496,3675.18,3328.21,3644.3309999999997,136.2475009057618,0.18299376669008915,3893.06,3328.21,0,7,3,0.944818742794453,0.9132567815599315,0.04686002385665363,-0.002897048425946162,3419.53,0.02743817247108815
2021-07-13,GOOGL,3441.88,3503.55,3335.52,3419.53,1413371,3419.53,0.0274381724710881,3510.4735,3639.3342,3402.32,0.2197469487563915,3706.6232655820936,3314.3237344179065,40.67525987431278,-70.97303480172968,-58.30264322902602,-12.670391572703664,121.0407142857143,-0.0049867110727108,3328.21,-0.0086718136419543,3344.89,-0.0265985835244565,3374.15,-0.0164516737441917,3441.77,-0.0076656554009425,3545.69,3386.626,56.45476667212078,0.3179821679863052,3466.35,3328.21,3432.125,64.391257731349,0.2462443372359137,3517.69,3328.21,3510.4735,98.07488279104678,0.2197469487563907,3675.18,3328.21,3639.3342000000002,139.84436182794624,0.19450007633843486,3893.06,3328.21,1,7,3,0.9740936657117697,0.9396031834611563,0.049138331876003735,-0.006493544225828156,3405.46,-0.004114600544519287
2021-07-14,GOOGL,3378.69,3423.21,3378.69,3405.46,2113315,3405.46,-0.0041146005445192,3499.1135000000004,3633.9426,3403.1121500000004,0.2190888595875507,3691.752935463784,3306.4740645362167,38.19121446939287,-68.83663840980444,-60.4094422651817,-8.427196144622734,115.31142857142858,0.0274381724710881,3419.53,-0.0049867110727108,3328.21,-0.0086718136419543,3344.89,0.0071416741967069,3466.35,-0.0078969114615209,3517.69,3374.4480000000003,38.74870217186009,0.3094497630128191,3419.53,3328.21,3420.9019999999996,57.19965264077154,0.24508621001177208,3499.34,3328.21,3499.1135000000004,96.31971773189184,0.21908885958754987,3675.18,3328.21,3633.9426000000003,143.58632481088927,0.19448396795278056,3893.06,3328.21,2,7,3,0.9732350779701848,0.9371254240501936,0.013073123748329715,0.007923189165029067,3288.5,-0.034344846217544744
2021-07-15,GOOGL,3288.81,3345.9,3231.1,3288.5,845896,3288.5,-0.0343448462175447,3481.222,3625.2938,3403.3699,0.2435698911890661,3682.562510484407,3279.8814895155933,24.670630936218416,-75.70850290718681,-63.46925439358273,-12.239248513604082,120.73071428571431,-0.0041146005445192,3405.46,0.0274381724710881,3419.53,-0.0049867110727108,3328.21,-0.0265985835244565,3374.15,-0.0124740952158945,3473.81,3357.318,54.602273487496575,0.3484807794271823,3419.53,3288.5,3402.371,67.28319576405967,0.28907657402084386,3499.34,3288.5,3481.222,100.6702552422034,0.24356989118906539,3675.18,3288.5,3625.2938,151.0680719774496,0.20534002641549173,3893.06,3288.5,3,7,3,0.9446395547307972,0.9070988949913777,0.0349095332218231,-9.425901769936578e-05,3185.86,-0.031211798692412862
2021-07-16,GOOGL,3198.42,3228.09,3143.62,3185.86,1147496,3185.86,-0.0312117986924128,3456.756,3613.7378,3402.9155,0.2552883051134198,3676.900836381143,3236.611163618857,22.60287541699718,-88.41747363411423,-68.45889824168903,-19.958575392425203,121.27714285714289,-0.0343448462175447,3288.5,-0.0041146005445192,3405.46,0.0274381724710881,3419.53,-0.0086718136419543,3344.89,-0.0052679910530512,3455.51,3325.512,95.01436138817691,0.39705741097407915,3419.53,3185.86,3375.406,92.81128010946667,0.31694696124755894,3499.34,3185.86,3456.756,110.07241819057128,0.25528830511341905,3616.49,3185.86,3613.7378,161.973565408013,0.2127477977613532,3893.06,3185.86,4,7,3,0.9216328835471982,0.8815968884070999,0.026514033887230996,-0.003926938926093514,3188.46,0.0008161061691347449
2021-07-19,GOOGL,3194.0,3259.23,3117.69,3188.46,1001246,3188.46,0.0008161061691347,3437.436,3601.8768000000005,3402.38405,0.2449302826039239,3680.561156627776,3194.310843372225,23.805892445506927,-97.15963048701587,-74.1990446907544,-22.96058579626147,121.99285714285718,-0.0312117986924128,3185.86,-0.0343448462175447,3288.5,-0.0041146005445192,3405.46,-0.0049867110727108,3328.21,0.0126840900474893,3499.34,3297.5620000000004,112.89472361453757,0.4032500817941289,3419.53,3185.86,3344.318,98.57311812953799,0.3005274101961854,3466.35,3185.86,3437.436,121.56257831388788,0.24493028260392322,3616.49,3185.86,3601.8768000000005,170.90490784131723,0.21217197890809075,3893.06,3185.86,0,7,3,0.9275692696530415,0.8852218376817093,0.04439133625636062,-0.001734502191608713,3220.8,0.010142827571931301
2021-07-20,GOOGL,3242.24,3253.13,3188.48,3220.8,752146,3220.8,0.0101428275719313,3421.219,3590.8942,3401.3987,0.2508968502661305,3677.032637585557,3165.405362414443,28.36803986943569,-100.32183736052048,-79.42360322470762,-20.898234135812856,122.83142857142863,0.0008161061691347,3188.46,-0.0312117986924128,3185.86,-0.0343448462175447,3288.5,0.0274381724710881,3419.53,-0.0164516737441917,3441.77,3257.816,92.32871102751533,0.31597754797953426,3405.46,3185.86,3322.221,99.06617681014886,0.3117510290165268,3466.35,3185.86,3421.219,127.9068187927784,0.25089685026612984,3616.49,3185.86,3590.8941999999997,177.4054886651899,0.21431409312141414,3893.06,3185.86,1,7,3,0.9414188334623006,0.8969353650127322,0.020072652757072783,-0.006612712198971387,3241.09,0.006299677098857481
2021-07-21,GOOGL,3213.36,3320.89,3161.29,3241.09,1052292,3241.09,0.0062996770988574,3406.6905,3580.6732,3400.7417,0.2539028996288749,3669.016383104077,3144.3646168959226,32.43993722012834,-100.03750556784689,-83.54638369333547,-16.49112187451142,127.66357142857149,0.0101428275719313,3220.8,0.0008161061691347,3188.46,-0.0312117986924128,3185.86,-0.0041146005445192,3405.46,0.0071416741967069,3466.35,3224.942,42.35526083029252,0.33958404723259916,3288.5,3185.86,3299.6949999999997,87.5987254156484,0.31075105491689053,3419.53,3185.86,3406.6904999999997,131.16294155203855,0.2539028996288742,3616.49,3185.86,3580.6732,182.57243411796668,0.2152991643382398,3893.06,3185.86,2,7,3,0.95138962579637,0.9051621912882457,0.049242693044608654,0.008629596434881677,3250.67,0.0029557957353854025
2021-07-22,GOOGL,3263.07,3306.83,3194.52,3250.67,1869012,3250.67,0.0029557957353854,3391.8675000000003,3569.586,3399.9876,0.2533169219593936,3654.2835393746377,3129.451460625363,34.337533642523965,-97.9104934161187,-86.41920563789213,-11.491287778226564,129.93000000000004,0.0062996770988574,3241.09,0.0101428275719313,3220.8,0.0008161061691347,3188.46,-0.0343448462175447,3288.5,-0.0265985835244565,3374.15,3217.376,29.630901606296852,0.2634825799843647,3250.67,3185.86,3287.347,84.58854848291267,0.2921501407096123,3419.53,3185.86,3391.8675000000003,131.20801968731865,0.25331692195939287,3616.49,3185.86,3569.5860000000002,185.47907244293052,0.21222477263640332,3893.06,3185.86,3,7,3,0.9583717524340327,0.9106574263791626,0.03454980050265496,-0.003800102357594624,3312.59,0.019048380795343656
2021-07-23,GOOGL,3314.85,3381.73,3243.46,3312.59,1505255,3312.59,0.0190483807953436,3376.6725,3559.0392,3399.6819,0.2526930032011888,3618.728273553421,3134.616726446578,36.10511748261861,-90.18875462583401,-87.17311543548051,-3.0156391903534967,130.61357142857145,0.0029557957353854,3250.67,0.0062996770988574,3241.09,0.0101428275719313,3220.8,-0.0312117986924128,3185.86,-0.0086718136419543,3344.89,3242.722,45.750164699182235,0.11405730527062297,3312.59,3188.46,3284.1169999999997,82.74370470180423,0.3111147255393524,3419.53,3185.86,3376.6724999999997,121.02788677671082,0.25269300320118804,3573.08,3185.86,3559.0391999999997,184.7845488708184,0.21627108914180782,3893.06,3185.86,4,7,3,0.9810219972469996,0.9307540079915583,0.04174075270406487,-0.0006817804727209623,3285.01,-0.008325811525120796
2021-07-26,GOOGL,3277.07,3307.06,3262.96,3285.01,1552778,3285.01,-0.0083258115251207,3362.269,3548.2356000000004,3399.46675,0.2515324932080329,3588.9076550297714,3135.630344970229,37.79165757993665,-85.31128116192667,-86.80074858076975,1.489467418843077,127.75428571428571,0.0190483807953436,3312.59,0.0029557957353854,3250.67,0.0062996770988574,3241.09,0.0008161061691347,3188.46,-0.0049867110727108,3328.21,3262.032,36.578135819126935,0.1591426740400035,3312.59,3220.8,3279.797,81.30099549070323,0.3128210635711963,3419.53,3185.86,3362.2690000000002,113.3193275148856,0.2515324932080321,3545.69,3185.86,3548.2356000000004,184.69727084556507,0.21660998700242173,3893.06,3185.86,0,7,3,0.9770217671456458,0.9258150727079887,0.01342461666782947,0.0024228960626406,3333.29,0.014697063327052229
2021-07-27,GOOGL,3322.64,3362.19,3304.39,3333.29,1272408,3333.29,0.0146970633270522,3351.649,3537.0402000000004,3399.4914000000003,0.2596907467730925,3561.3731099911943,3141.924890008805,40.00630895788006,-76.66629447468404,-84.77385775955261,8.107563284868576,124.93928571428569,-0.0083258115251207,3285.01,0.0190483807953436,3312.59,0.0029557957353854,3250.67,0.0101428275719313,3220.8,0.0274381724710881,3419.53,3284.53,39.36579987759323,0.16951449073196972,3333.29,3241.09,3271.1730000000002,68.37894641060007,0.28559535818324355,3405.46,3185.86,3351.649,104.86205499559728,0.25969074677309173,3517.69,3185.86,3537.0402000000004,180.28163376060198,0.2152171160087627,3886.08,3185.86,1,7,3,0.9945223977806165,0.9423952829258365,0.017340225422925352,0.0032052825464079426,3248.26,-0.02550933162131097
2021-07-28,GOOGL,3256.11,3313.77,3182.75,3248.26,1479421,3248.26,-0.0255093316213109,3338.1775,3524.2838,3399.04975,0.2713965794691387,3537.3415457803544,3139.013454219646,40.44187988677218,-75.80248673425513,-82.97958355449312,7.177096820237992,123.4992857142857,0.0146970633270522,3333.29,-0.0083258115251207,3285.01,0.0190483807953436,3312.59,0.0062996770988574,3241.09,-0.0041146005445192,3405.46,3285.964,37.47286458229114,0.2868396015850493,3333.29,3248.26,3255.453,49.55574415635633,0.30846301584729124,3333.29,3185.86,3338.1775000000002,99.58202289017713,0.27139657946913787,3499.34,3185.86,3524.2838,177.62611736730503,0.22103502776028952,3834.53,3185.86,2,7,3,0.9730638948944529,0.9216794629306182,0.040335441128468666,-0.0024108522132229864,3202.44,-0.014106013681170926
2021-07-29,GOOGL,3227.48,3227.48,3185.02,3202.44,871173,3202.44,-0.0141060136811709,3324.6090000000004,3511.6420000000003,3397.5768,0.2721462155271749,3521.8325794486727,3127.385420551328,39.44986742819349,-77.91702498053746,-81.96707183970199,4.0500468591645244,118.00285714285717,-0.0255093316213109,3248.26,0.0146970633270522,3333.29,-0.0083258115251207,3285.01,0.0029557957353854,3250.67,-0.0343448462175447,3288.5,3276.318,52.15895867444668,0.30302909446988086,3333.29,3202.44,3246.847,50.63989162048639,0.26775954914340966,3333.29,3185.86,3324.6090000000004,98.61178972433619,0.27214621552717416,3499.34,3185.86,3511.6420000000003,177.58819669135,0.22123433336978124,3791.32,3185.86,3,7,3,0.9632531223969605,0.9119494527059102,0.0132586402867772,-0.007758374955070893,3112.02,-0.02823472102521829
2021-07-30,GOOGL,3111.78,3178.42,3045.62,3112.02,1060263,3112.02,-0.0282347210252182,3307.4345000000003,3498.0968,3395.6984500000003,0.2855380436652055,3516.150453287867,3098.718546712133,35.56519997262747,-85.89876263810311,-82.75340999938221,-3.145352638720894,118.06428571428576,-0.0141060136811709,3202.44,-0.0255093316213109,3248.26,0.0146970633270522,3333.29,0.0190483807953436,3312.59,-0.0312117986924128,3185.86,3236.204,84.4315369397137,0.2722257066521004,3333.29,3112.02,3239.4629999999997,64.11210564317167,0.2591042582690269,3333.29,3112.02,3307.4345000000003,104.35797664393343,0.2855380436652047,3499.34,3112.02,3498.0968,181.75909568168612,0.22739576437866785,3791.32,3112.02,4,7,3,0.940916592603439,0.8896323280702554,0.04267324760122284,7.712627499363856e-05,3099.21,-0.004116297453101159
2021-08-02,GOOGL,3119.33,3119.33,3082.85,3099.21,1295793,3099.21,-0.0041162974531011,3287.428,3485.4526,3394.0639,0.2778087875974208,3495.398483290349,3079.457516709651,26.107646865224325,-92.19523786681475,-84.64177557286872,-7.553462293946026,108.14571428571432,-0.0282347210252182,3112.02,-0.0141060136811709,3202.44,-0.0255093316213109,3248.26,-0.0083258115251207,3285.01,0.0008161061691347,3188.46,3199.0440000000003,97.46248011415402,0.2776789173541732,3333.29,3099.21,3230.538,76.93164394448564,0.25866781392052873,3333.29,3099.21,3287.428,103.9852416451746,0.27780878759742,3466.35,3099.21,3485.4525999999996,187.10791648530872,0.2258835672887254,3791.32,3099.21,0,8,3,0.942746122500343,0.8891843773744365,0.011770741576075274,-0.006450103067002671,3097.76,-0.0004678611646192765
2021-08-03,GOOGL,3091.69,3153.96,3041.56,3097.76,1340882,3097.76,-0.0004678611646192,3270.2275,3473.0838,3392.34245,0.2755463416417827,3481.3303845573714,3059.1246154426285,26.60858724020477,-96.19338526404727,-86.95209751110443,-9.241287752942839,112.99428571428575,-0.0041162974531011,3099.21,-0.0282347210252182,3112.02,-0.0141060136811709,3202.44,0.0146970633270522,3333.29,0.0101428275719313,3220.8,3151.9379999999996,69.16885874439042,0.19679340360515452,3248.26,3097.76,3218.234,87.7417834329858,0.24921118290365366,3333.29,3097.76,3270.2275,105.55144227868573,0.275546341641782,3466.35,3097.76,3473.0838,191.9221290310207,0.22599015348715362,3791.32,3097.76,1,8,3,0.9472613143883882,0.8919335606008436,0.03628428283661865,0.0019633275004926755,3104.26,0.002098290377563039
2021-08-04,GOOGL,3079.58,3142.45,3066.07,3104.26,1363966,3104.26,0.002098290377563,3252.123,3459.3426,3391.2108500000004,0.2731438474330744,3454.324957416787,3049.921042583213,33.16705039567236,-97.71109749533707,-89.10389750795096,-8.60719998738611,105.99571428571429,-0.0004678611646192,3097.76,-0.0041162974531011,3099.21,-0.0282347210252182,3112.02,-0.0255093316213109,3248.26,0.0062996770988574,3241.09,3123.1380000000004,44.68049932578153,0.19697505030564053,3202.44,3097.76,3204.5510000000004,94.21194550940716,0.24531708928516446,3333.29,3097.76,3252.123,101.10097870839358,0.2731438474330737,3419.53,3097.76,3459.3426,193.26342203631668,0.21977371425274053,3756.14,3097.76,2,8,3,0.9545333924943938,0.8973554686370476,0.024604897785615587,0.008014079842053877,3108.18,0.0012627808237710703
2021-08-05,GOOGL,3080.92,3161.74,3054.63,3108.18,1135402,3108.18,0.001262780823771,3238.8245,3446.63,3390.1188,0.262090663203341,3442.2161349235257,3035.4328650764737,41.34079457667367,-97.47396494155782,-90.77791099467234,-6.696053946885485,103.29785714285711,0.002098290377563,3104.26,-0.0004678611646192,3097.76,-0.0041162974531011,3099.21,-0.0141060136811709,3202.44,0.0029557957353854,3250.67,3104.286,5.986090544001793,0.20186345480055085,3112.02,3097.76,3190.3020000000006,97.19001066639528,0.2440791814571042,3333.29,3097.76,3238.8244999999997,101.69581746176289,0.26209066320334035,3419.53,3097.76,3446.63,195.06669317891982,0.2191673699477179,3756.14,3097.76,3,8,3,0.9596629888402536,0.901802630395226,0.03446068117032,0.008848006439631965,3063.23,-0.01446183940441026
2021-08-06,GOOGL,3035.74,3121.19,3005.27,3063.23,1031848,3063.23,-0.0144618394044102,3224.7415,3432.7718,3388.79325,0.2642661492566051,3436.0609971228014,3013.422002877199,37.24459654806282,-99.76311789866486,-92.57495237547084,-7.188165523194016,101.46785714285713,0.001262780823771,3108.18,0.002098290377563,3104.26,-0.0004678611646192,3097.76,-0.0282347210252182,3112.02,0.0190483807953436,3312.59,3094.528,17.97929837343205,0.10740299780260228,3108.18,3063.23,3165.366,94.27382153422607,0.20960687462366412,3333.29,3063.23,3224.7415,105.65974856140068,0.26426614925660435,3419.53,3063.23,3432.7718,197.23064086672122,0.2199103081818388,3717.89,3063.23,4,8,3,0.9499149001552682,0.8923488593092928,0.037842408176977316,0.00905545270675064,3054.75,-0.0027683197148108407
2021-08-09,GOOGL,3047.43,3090.95,3018.55,3054.75,4243676,3054.75,-0.0027683197148108,3211.0685000000003,3419.509,3387.20775,0.2643021158679163,3429.468436309569,2992.668563690432,32.22276941427499,-101.09617941322222,-94.27919778302112,-6.816981630201099,102.01999999999995,-0.0144618394044102,3063.23,0.001262780823771,3108.18,0.002098290377563,3104.26,-0.0041162974531011,3099.21,-0.0083258115251207,3285.01,3085.636,24.789365260143455,0.10705443242103069,3108.18,3054.75,3142.34,89.81909398588168,0.2110063816284423,3333.29,3054.75,3211.0685000000003,109.19996815478423,0.26430211586791563,3419.53,3054.75,3419.509,199.94434732073285,0.21946342645901357,3703.44,3054.75,0,8,3,0.9513188522758229,0.8933300073195031,0.02370079384564234,0.00240202400055055,2983.24,-0.023409444308044924
2021-08-10,GOOGL,2973.53,3004.6,2961.88,2983.24,1724671,2983.24,-0.0234094443080449,3189.254,3405.105,3384.99535,0.2446080921162342,3407.1386667777847,2971.369333222215,25.123010129567263,-106.69300903957674,-96.76196003433225,-9.931049005244489,97.25357142857138,-0.0027683197148108,3054.75,-0.0144618394044102,3063.23,0.001262780823771,3108.18,-0.0004678611646192,3097.76,0.0146970633270522,3333.29,3062.732,50.430729421659,0.17621242182967753,3108.18,2983.24,3107.335,73.94039194588419,0.18566968820076485,3248.26,2983.24,3189.254,108.94233338889244,0.24460809211623358,3405.46,2983.24,3405.105,204.95143407050026,0.22382374152783224,3675.18,2983.24,1,8,3,0.9354037025583615,0.876108078898925,0.01432000107265439,0.0032654790770553234,3049.85,0.022328072833563528
2021-08-11,GOOGL,3063.15,3069.35,3030.36,3049.85,1415638,3049.85,0.0223280728335635,3171.4735,3393.7816000000003,3383.24885,0.2654202828015541,3372.4530618072527,2970.4939381927475,32.54589069591215,-104.54849653555675,-98.31926733457716,-6.229229200979589,95.38214285714282,-0.0234094443080449,2983.24,-0.0027683197148108,3054.75,-0.0144618394044102,3063.23,0.002098290377563,3104.26,-0.0255093316213109,3248.26,3051.85,44.7836895532343,0.27573430163515095,3108.18,2983.24,3087.494,56.48269237365938,0.2306413406538622,3202.44,2983.24,3171.4735,100.48978090362635,0.2654202828015535,3333.29,2983.24,3393.7816000000003,208.667269294785,0.22709263480934885,3675.18,2983.24,2,8,3,0.961650791027905,0.8986582990487959,0.012784235290255914,-0.004341935589179714,3035.9,-0.004573995442398782
2021-08-12,GOOGL,3050.64,3086.84,2984.96,3035.9,1093122,3035.9,-0.0045739954423987,3158.8435,3382.4142,3381.4689000000003,0.2423426007991387,3360.604358681298,2957.082641318702,23.76400978488418,-102.78970757616207,-99.21335538289415,-3.5763521932679225,92.78285714285711,0.0223280728335635,3049.85,-0.0234094443080449,2983.24,-0.0027683197148108,3054.75,0.001262780823771,3108.18,-0.0141060136811709,3202.44,3037.3940000000002,31.854235668123057,0.272598776648202,3063.23,2983.24,3070.8399999999997,41.3500659679649,0.22640286144542565,3112.02,2983.24,3158.8435,100.88042934064893,0.24234260079913808,3333.29,2983.24,3382.4141999999997,212.41432454954688,0.2271106150144139,3675.18,2983.24,3,8,3,0.9610795849807181,0.8975541789054405,0.03355841760267682,-0.00483177300500713,3013.06,-0.0075233044566686
2021-08-13,GOOGL,2986.0,3059.5,2966.62,3013.06,1001835,3013.06,-0.0075233044566686,3150.2035,3370.7936,3379.7768,0.2205083272501547,3361.659756546495,2938.747243453505,23.979562546001983,-102.06234064129512,-99.78315243457435,-2.279188206720775,95.87214285714283,-0.0045739954423987,3035.9,0.0223280728335635,3049.85,-0.0234094443080449,2983.24,-0.0144618394044102,3063.23,-0.0282347210252182,3112.02,3027.36,29.495797158243136,0.26094967218760323,3054.75,2983.24,3060.944,42.2320039780188,0.1881259247551313,3108.18,2983.24,3150.2035,105.72812827324739,0.2205083272501541,3333.29,2983.24,3370.7936,216.45268050311375,0.22730220610112395,3675.18,2983.24,4,8,3,0.9564651934387869,0.8938725883421358,0.03082580499557569,0.009062290689883082,3091.49,0.026030015997026146
2021-08-16,GOOGL,3074.25,3152.84,3030.14,3091.49,1138829,3091.49,0.0260300159970261,3145.3550000000005,3360.0978,3378.7721,0.2428597577906041,3357.5633689505607,2933.14663104944,28.12635692503656,-94.0728384485501,-98.6410896373695,4.568251188819403,100.34357142857142,-0.0075233044566686,3013.06,-0.0045739954423987,3035.9,0.0223280728335635,3049.85,-0.0027683197148108,3054.75,-0.0041162974531011,3099.21,3034.7079999999996,40.535439679375486,0.3337987379098365,3091.49,2983.24,3060.1719999999996,41.51932744048847,0.23808423328583983,3108.18,2983.24,3145.3550000000005,106.1041844752802,0.24285975779060343,3333.29,2983.24,3360.0977999999996,216.78323488618233,0.2351784122875739,3675.18,2983.24,0,8,3,0.9828747470473178,0.9200595292193816,0.03968959951349045,0.00560787183865794,3031.47,-0.019414586493891273
2021-08-17,GOOGL,3017.79,3077.54,2985.41,3031.47,1349120,3031.47,-0.0194145864938912,3135.8885,3347.9221999999995,3377.3810000000003,0.2468070774706554,3350.8006798880565,2920.976320111944,29.45936214888393,-91.52912204741324,-97.21869611937827,5.689574071965026,97.16785714285713,0.0260300159970261,3091.49,-0.0075233044566686,3013.06,-0.0045739954423987,3035.9,-0.0234094443080449,2983.24,-0.0004678611646192,3097.76,3044.354,29.448219470799565,0.31487931437452216,3091.49,3013.06,3053.543,40.119545818291336,0.25703918223853794,3108.18,2983.24,3135.8885,107.45608994402832,0.24680707747065467,3333.29,2983.24,3347.9221999999995,217.82094731908353,0.23744204687318474,3675.18,2983.24,1,8,3,0.9667021005367484,0.9054780305226611,0.03039119635027552,0.004533118606660935,2978.18,-0.017578930353920663
2021-08-18,GOOGL,2981.01,3018.23,2938.12,2978.18,565608,2978.18,-0.0175789303539206,3122.743,3336.0442000000003,3376.05285,0.2495292699043433,3342.6654485418844,2902.8205514581155,29.048170708160427,-92.74416906022725,-96.32379070754806,3.5796216473208062,99.3185714285714,-0.0194145864938912,3031.47,0.0260300159970261,3091.49,-0.0075233044566686,3013.06,0.0223280728335635,3049.85,0.002098290377563,3104.26,3030.02,41.20153213170888,0.289972571654156,3091.49,2978.18,3040.935,42.16890988762072,0.2669508563836807,3108.18,2978.18,3122.743,109.9612242709423,0.24952926990434265,3333.29,2978.18,3336.0442000000003,221.50968654445728,0.23707828005118955,3675.18,2978.18,2,8,3,0.9537064049135796,0.8927279800426825,0.026898978570796,-0.0009493426724497511,2927.19,-0.017121194823684238
2021-08-19,GOOGL,2906.38,2965.13,2889.25,2927.19,640546,2927.19,-0.0171211948236842,3106.569,3321.8764,3374.5726,0.2521590247612806,3334.318464835065,2878.819535164935,31.358547654182487,-96.70679371060533,-96.40039130815953,-0.30640240244579786,94.46928571428566,-0.0175789303539206,2978.18,-0.0194145864938912,3031.47,0.0260300159970261,3091.49,-0.0045739954423987,3035.9,0.001262780823771,3108.18,3008.278,61.16806086512801,0.3032463345660378,3091.49,2927.19,3022.836,48.47020807784996,0.27267250111488633,3091.49,2927.19,3106.569,113.87473241753233,0.25215902476127994,3333.29,2927.19,3321.8764,224.5932493012128,0.23387930973679774,3675.18,2927.19,3,8,3,0.9422581632659882,0.8811857057653074,0.025922471722018108,0.007160109827342875,2924.81,-0.0008130664562259193
2021-08-20,GOOGL,2903.4,2940.98,2903.4,2924.81,930129,2924.81,-0.0008130664562259,3087.18,3307.396,3373.3307,0.2362797332926843,3306.9668125923413,2867.3931874076584,32.032473418675366,-98.89919998984124,-96.90015304449588,-1.9990469453453557,94.54785714285708,-0.0171211948236842,2927.19,-0.0175789303539206,2978.18,-0.0194145864938912,3031.47,-0.0075233044566686,3013.06,-0.0144618394044102,3063.23,2990.6279999999997,71.3311882699273,0.3064116152700158,3091.49,2924.81,3008.9939999999997,54.98046263091929,0.2691876346441243,3091.49,2924.81,3087.18,109.89340629617077,0.23627973329268365,3333.29,2924.81,3307.396,226.41587274892248,0.23332202168843255,3675.18,2924.81,4,8,3,0.9474050751815744,0.884324102707724,0.012848697864130346,0.007374113108766439,2945.88,0.007203886748199162
2021-08-23,GOOGL,2972.03,2980.38,2911.38,2945.88,1303662,2945.88,0.0072038867481991,3070.2235,3293.0851999999995,3372.0496499999995,0.2407283430446714,3277.7316114230084,2862.715388576992,34.96058937598633,-97.80904308622394,-97.0819310528415,-0.7271120333824399,91.44785714285707,-0.0008130664562259,2924.81,-0.0171211948236842,2927.19,-0.0175789303539206,2978.18,0.0260300159970261,3091.49,-0.0027683197148108,3054.75,2961.506,44.55709741443561,0.19051449419160016,3031.47,2924.81,2998.107,55.68777963889187,0.27554740103876635,3091.49,2924.81,3070.2235,103.75405571150425,0.24072834304467072,3333.29,2924.81,3293.0851999999995,226.1958741232264,0.2341146806214228,3675.18,2924.81,0,8,3,0.9595001797097314,0.8945653759578118,0.023422542669754565,-0.00879869987853127,2981.76,0.012179722188276454
2021-08-24,GOOGL,2999.9,3054.88,2908.65,2981.76,1090473,2981.76,0.0121797221882764,3052.647,3279.4828,3370.47535,0.2381030516489715,3222.461956764948,2882.832043235052,38.53683186004731,-92.9780763601857,-96.26116011431034,3.2830837541246467,96.43714285714282,0.0072038867481991,2945.88,-0.0008130664562259,2924.81,-0.0171211948236842,2927.19,-0.0194145864938912,3031.47,-0.0234094443080449,2983.24,2951.564,27.21390324814529,0.2175190083352408,2981.76,2924.81,2997.959,55.73362927551809,0.2610356610472212,3091.49,2924.81,3052.647,84.907478382474,0.2381030516489709,3248.26,2924.81,3279.4827999999998,224.00467430473503,0.23681710016106486,3675.18,2924.81,1,8,3,0.9767785138599463,0.9092165386563671,0.04904150568789942,-0.006046868228938906,3107.87,0.042293813050010565
2021-08-25,GOOGL,3088.02,3177.71,3038.04,3107.87,2167490,3107.87,0.0422938130500105,3045.6275,3268.987,3369.8669,0.2802502602308287,3191.284620211989,2899.97037978801,49.976390305251,-78.07349472171973,-92.62362703579223,14.5501323140725,102.78285714285711,0.0121797221882764,2981.76,0.0072038867481991,2945.88,-0.0008130664562259,2924.81,-0.0175789303539206,2978.18,0.0223280728335635,3049.85,2977.502,76.35712324334695,0.34598705730488366,3107.87,2924.81,3003.7609999999995,64.12423435972514,0.32104453309071673,3107.87,2924.81,3045.6274999999996,72.82856010599446,0.28025026023082805,3202.44,2924.81,3268.987,219.36528751917513,0.2583761207885491,3675.18,2924.81,2,8,3,1.020436675200424,0.9507134779058617,0.04494074719983627,0.0064280671757286165,2998.82,-0.0350883402458918
2021-08-26,GOOGL,2993.22,3033.57,2964.07,2998.82,663227,2998.82,-0.0350883402458918,3035.4465,3256.0368,3369.1807,0.301317558125712,3162.190096001524,2908.702903998476,45.53086967897,-74.20553480871467,-88.94000859037672,14.734473781662047,104.77428571428565,0.0422938130500105,3107.87,0.0121797221882764,2981.76,0.0072038867481991,2945.88,-0.0171211948236842,2927.19,-0.0045739954423987,3035.9,2991.828,71.09611360686196,0.44107001905994886,3107.87,2924.81,3000.053,63.12356701122734,0.37132763875766867,3107.87,2924.81,3035.4465,63.37179800076195,0.30131755812571137,3112.02,2924.81,3256.0368,215.71676551498695,0.26771022587366927,3675.18,2924.81,3,8,3,0.9879337356131996,0.9210031041415377,0.023175782474432218,0.0018708948891155656,3029.0,0.010063958490339475
2021-08-27,GOOGL,3020.25,3079.75,2978.24,3029.0,888503,3029.0,0.0100639584903394,3031.2955,3243.1132,3368.6724000000004,0.2893920836419751,3152.8097627930338,2909.7812372069657,48.26554943261479,-67.92191339757164,-84.73638955181572,16.814476154244076,106.85357142857141,-0.0350883402458918,2998.82,0.0422938130500105,3107.87,0.0121797221882764,2981.76,-0.0008130664562259,2924.81,-0.0075233044566686,3013.06,3012.666,61.11027638621864,0.4385499117575116,3107.87,2945.88,3001.647,63.68725741202374,0.3731455608284778,3107.87,2924.81,3031.2954999999997,60.75713139651693,0.28939208364197455,3108.18,2924.81,3243.1132000000002,209.35596762784354,0.2682359321509183,3616.49,2924.81,4,8,3,0.9992427330159664,0.9339791161156713,0.033512710465489176,0.0028971111662932218,3002.93,-0.008606800924397584
2021-08-30,GOOGL,3020.41,3068.83,2937.03,3002.93,2204185,3002.93,-0.0086068009243975,3026.4815,3231.6746,3368.0256,0.2904306564401771,3144.2376098248496,2908.72539017515,51.41274556126713,-64.30446740995149,-80.65000512344288,16.345537713491396,109.6342857142857,0.0100639584903394,3029.0,-0.0350883402458918,2998.82,0.0422938130500105,3107.87,0.0072038867481991,2945.88,0.0260300159970261,3091.49,3024.076,49.80296908819943,0.45296507137225356,3107.87,2981.76,2992.791,55.42782583382888,0.3471096568131702,3107.87,2924.81,3026.4815,58.87805491242479,0.29043065644017646,3108.18,2924.81,3231.6746,206.4647071506876,0.26301842083215443,3616.49,2924.81,0,8,3,0.9922181913218395,0.9292179354935892,0.043890466977237516,-0.005787293777995117,2975.7,-0.009067810438471713
2021-08-31,GOOGL,2976.31,3016.84,2934.56,2975.7,1264616,2975.7,-0.0090678104384717,3020.3785,3220.2858,3367.1834499999995,0.2916590806667717,3135.1955954217283,2905.561404578272,44.36113096682677,-62.90966536939459,-77.10193717263323,14.19227180323864,109.36071428571427,-0.0086068009243975,3002.93,0.0100639584903394,3029.0,-0.0350883402458918,2998.82,0.0121797221882764,2981.76,-0.0194145864938912,3031.47,3022.864,51.14584958723577,0.45440420918246016,3107.87,2975.7,2987.214,53.8879525187699,0.33688469665419024,3107.87,2924.81,3020.3785,57.40854771086414,0.29165908066677104,3108.18,2924.81,3220.2858,204.51701641783205,0.2630971147330576,3616.49,2924.81,1,8,3,0.9852076486437097,0.9240484183109076,0.02765063682493953,-0.00020495176913692538,2947.14,-0.009597741707833451
2021-09-01,GOOGL,2925.2,2962.93,2925.2,2947.14,1709598,2947.14,-0.0095977417078334,3012.5225,3208.5954,3366.30615,0.2925136007085885,3124.643227014882,2900.401772985118,43.39681594910345,-63.37824308269819,-74.35719835464621,10.978955271948024,105.69071428571426,-0.0090678104384717,2975.7,-0.0086068009243975,3002.93,0.0100639584903394,3029.0,0.0422938130500105,3107.87,-0.0175789303539206,2978.18,2990.718,30.84181123085703,0.25521746530279904,3029.0,2947.14,2984.1099999999997,55.340528648627895,0.3286011199561683,3107.87,2924.81,3012.5225,56.06036350744104,0.29251360070858795,3108.18,2924.81,3208.5953999999997,203.05597666161603,0.2634685281301885,3616.49,2924.81,2,9,3,0.9782964276612114,0.9185140638171709,0.01280224217376413,0.0075003418569645,2905.39,-0.014166276457854066
2021-09-02,GOOGL,2919.27,2924.24,2886.53,2905.39,2725959,2905.39,-0.014166276457854,3002.3830000000003,3195.7606,3365.2659,0.2950441514150204,3114.7577010488567,2890.008298951144,42.20922996687322,-66.35358752380216,-72.75647618847741,6.402888664675245,103.38571428571423,-0.0095977417078334,2947.14,-0.0090678104384717,2975.7,-0.0086068009243975,3002.93,-0.0350883402458918,2998.82,-0.0171211948236842,2927.19,2972.032,48.15148357007934,0.14923546806754417,3029.0,2905.39,2981.93,58.18800468212808,0.32481861783660204,3107.87,2905.39,3002.3830000000003,56.187350524428105,0.2950441514150198,3107.87,2905.39,3195.7606,201.49674570128116,0.26391358529443865,3616.49,2905.39,3,9,3,0.9676946612071251,0.9091388134640281,0.012979324634553917,-0.004754613310860371,2985.57,0.02759698353749429
2021-09-03,GOOGL,2979.41,3030.97,2940.17,2985.57,909190,2985.57,0.0275969835374942,2998.5,3183.1422,3364.53045,0.3110955613030342,3107.3331553585285,2889.6668446414715,42.35521681304787,-61.532406245193215,-70.51166219982058,8.979255954627362,102.3714285714285,-0.014166276457854,2905.39,-0.0095977417078334,2947.14,-0.0090678104384717,2975.7,0.0100639584903394,3029.0,-0.0008130664562259,2924.81,2963.346,38.193431765154706,0.27177156429793853,3002.93,2905.39,2988.006,54.62393903367005,0.35418074625153645,3107.87,2905.39,2998.5,54.41657767926434,0.3110955613030335,3107.87,2905.39,3183.1422000000002,194.23589945713172,0.2681649760184188,3573.08,2905.39,4,9,3,0.995687843921629,0.9379317078574317,0.030412952970444274,0.002067523435847447,3026.9,0.013843252712212317
2021-09-06,GOOGL,3012.55,3100.72,2953.08,3026.9,1153263,3026.9,0.0138432527122123,2997.1075,3172.2186,3363.7344,0.3154725774668032,3103.597757498683,2890.617242501317,49.66101443367122,-53.75692340588239,-67.16071444103294,13.403791035150547,105.33999999999992,0.0275969835374942,2985.57,-0.014166276457854,2905.39,-0.0095977417078334,2947.14,-0.0086068009243975,3002.93,0.0072038867481991,2945.88,2968.14,45.255548278632,0.2876565766832073,3026.9,2905.39,2996.1079999999997,53.68187337349113,0.35830873048165024,3107.87,2905.39,2997.1075,53.245128749341475,0.31547257746680246,3107.87,2905.39,3172.2185999999997,187.08535281196677,0.27031194410507836,3545.69,2905.39,0,9,3,1.0099404175522533,0.9541902314043067,0.04877597542038095,0.004763406416489401,3028.85,0.0006442234629489008
2021-09-07,GOOGL,3021.31,3085.98,2971.71,3028.85,1076107,3028.85,0.0006442234629489,2999.388,3161.8818,3363.4345000000003,0.3033965956863439,3106.579020951673,2892.1969790483267,54.0683763416618,-46.8968508291473,-63.10794171865581,16.21109088950851,106.83428571428564,0.0138432527122123,3026.9,0.0275969835374942,2985.57,-0.014166276457854,2905.39,-0.0090678104384717,2975.7,0.0121797221882764,2981.76,2978.77,53.046735526323516,0.27257464811023807,3028.85,2905.39,3000.817,54.34470066159812,0.35464486913964216,3107.87,2905.39,2999.388,53.59551047583657,0.3033965956863432,3107.87,2905.39,3161.8818,180.1799967231251,0.27024496770316503,3517.69,2905.39,1,9,3,1.0098226704911102,0.9579263842181077,0.03772719018768254,0.0024956062105502145,3095.88,0.02213051158030277
2021-09-08,GOOGL,3095.74,3115.75,3076.0,3095.88,549077,3095.88,0.0221305115803027,3001.6895,3153.4456000000005,3363.5565,0.3032125595453794,3115.231007082461,2888.1479929175384,63.20428323045093,-35.64059053878009,-57.61447148268066,21.973880943900575,106.68928571428566,0.0006442234629489,3028.85,0.0138432527122123,3026.9,0.0275969835374942,2985.57,-0.0095977417078334,2947.14,0.0422938130500105,3107.87,3008.518,69.90243608058344,0.26835815996111184,3095.88,2905.39,2999.618,51.792718879081676,0.3004751456095859,3095.88,2905.39,3001.6895,56.77075354123081,0.3032125595453787,3107.87,2905.39,3153.4456000000005,172.90878913415364,0.2757996703728943,3499.34,2905.39,2,9,3,1.0313791616351287,0.9817451742306949,0.012839644947474436,4.522343607676426e-05,3022.67,-0.023647557398865593
2021-09-09,GOOGL,3013.19,3049.24,2996.11,3022.67,1059887,3022.67,-0.0236475573988655,3001.028,3144.4228,3363.2556,0.3151226878756397,3113.8823748377986,2888.173625162201,56.89543404622811,-32.255536572950405,-52.542684500734616,20.28714792778421,111.13142857142851,0.0221305115803027,3095.88,0.0006442234629489,3028.85,0.0138432527122123,3026.9,-0.014166276457854,2905.39,-0.0350883402458918,2998.82,3031.9739999999997,39.87285204246509,0.32469749488732846,3095.88,2985.57,3002.003,52.29855235938766,0.2669218518153576,3095.88,2905.39,3001.028,56.42718741889939,0.31512268787563896,3107.87,2905.39,3144.4228,167.5375913594708,0.27901983469499797,3499.34,2905.39,3,9,3,1.0072115288491121,0.9612797617416586,0.01757717514647053,0.00314616735087959,2959.8,-0.020799491839995743
2021-09-10,GOOGL,2944.53,3020.26,2899.35,2959.8,1707015,2959.8,-0.0207994918399957,2998.365,3134.5086,3362.8610000000003,0.3227403943062335,3112.5298574374565,2884.200142562544,50.92627095992419,-34.251114957865866,-48.88437059216087,14.633255634295004,115.01142857142852,-0.0236475573988655,3022.67,0.0221305115803027,3095.88,0.0006442234629489,3028.85,0.0275969835374942,2985.57,0.0100639584903394,3029.0,3026.82,48.17238264815487,0.3235224316942147,3095.88,2959.8,2995.0829999999996,52.90414645583903,0.2818622984183716,3095.88,2905.39,2998.3650000000002,57.0824287187281,0.32274039430623264,3107.87,2905.39,3134.5085999999997,163.36819224309812,0.2819392957260795,3499.34,2905.39,4,9,3,0.9871379902043325,0.9442628423476189,0.04085073315763209,0.005185887051582017,2859.22,-0.03398202581255505
2021-09-13,GOOGL,2853.41,2921.63,2796.8,2859.22,1489674,2859.22,-0.033982025812555,2986.7515,3121.7062,3361.5325,0.3271006475036434,3108.061253549938,2865.4417464500616,42.49234162407192,-43.44775198356456,-47.79704687044161,4.349294886877054,116.20928571428567,-0.0207994918399957,2959.8,-0.0236475573988655,3022.67,0.0221305115803027,3095.88,0.0138432527122123,3026.9,-0.0086068009243975,3002.93,2993.284,89.09089588728976,0.35649647116961275,3095.88,2859.22,2980.7120000000004,67.92280042648616,0.3237647669406624,3095.88,2859.22,2986.7515,60.654876774969075,0.3271006475036426,3107.87,2859.22,3121.7062,159.22362250249998,0.28804025724184995,3466.35,2859.22,0,9,3,0.957300933806861,0.9159157898969108,0.04365876008140551,0.0020361602433572146,2828.17,-0.01085960506711614
2021-09-14,GOOGL,2800.97,2877.25,2779.09,2828.17,1537188,2828.17,-0.0108596050671161,2976.5865,3109.4342,3360.2026,0.3230325541291882,3114.985671624497,2838.1873283755026,30.604404748102127,-52.634886382803415,-48.76461477291398,-3.8702716098894356,109.22428571428567,-0.033982025812555,2859.22,-0.0207994918399957,2959.8,-0.0236475573988655,3022.67,0.0006442234629489,3028.85,-0.0090678104384717,2975.7,2953.148,111.45845759743608,0.34160179295819126,3095.88,2828.17,2965.959,83.39264082238705,0.32456484253493373,3095.88,2828.17,2976.5865,69.19958581224874,0.32303255412918735,3107.87,2828.17,3109.4341999999997,157.69050685247345,0.28705604197332135,3466.35,2828.17,1,9,3,0.9501386907449355,0.9095448940514935,0.03470795602809065,0.00971092157359435,2836.26,0.0028605069709388697
2021-09-15,GOOGL,2851.72,2887.0,2785.53,2836.26,1032639,2836.26,0.0028605069709388,2969.4905000000003,3096.8324,3358.91915,0.3191475151739248,3121.435776780232,2817.545223219769,36.892013932853054,-58.587599813742145,-50.72921178107961,-7.858388032662532,106.20071428571426,-0.0108596050671161,2828.17,-0.033982025812555,2859.22,-0.0207994918399957,2959.8,0.0221305115803027,3095.88,-0.0095977417078334,2947.14,2901.224,85.8804735082363,0.22149797157024204,3022.67,2828.17,2954.871,92.99177460039957,0.32552238157696,3095.88,2828.17,2969.4905000000003,75.97263839011556,0.3191475151739241,3107.87,2828.17,3096.8324,153.71212748830766,0.28638005088721724,3419.53,2828.17,2,9,3,0.9551335490041287,0.9158584106776604,0.035775986686680354,-0.005421289607673321,2841.71,0.001921544569256639
2021-09-16,GOOGL,2823.01,2857.53,2823.01,2841.71,923008,2841.71,0.0019215445692566,2965.2165,3086.1836,3357.5205,0.3145005409588076,3126.682270369711,2803.750729630289,34.27059712693409,-62.148983842953385,-53.01316619345437,-9.135817649499018,101.41571428571423,0.0028605069709388,2836.26,-0.0108596050671161,2828.17,-0.033982025812555,2859.22,-0.0236475573988655,3022.67,-0.014166276457854,2905.39,2865.032,54.18787659613989,0.24802330862316052,2959.8,2828.17,2948.503,98.7582680701739,0.3209390496756302,3095.88,2828.17,2965.2165,80.73288518485569,0.31450054095880686,3107.87,2828.17,3086.1836,152.54681645733356,0.2818478435281576,3419.53,2828.17,3,9,3,0.9583482352803048,0.9207844925360499,0.012147615344277858,0.006624135231541224,2849.28,0.002663888996414121
2021-09-17,GOOGL,2823.29,2910.74,2787.82,2849.28,1993763,2849.28,0.0026638889964141,2961.44,3076.2714,3356.30245,0.3148131491517685,3130.2510273276016,2792.6289726723985,36.68197971654066,-63.627116813498105,-55.13595631746312,-8.491160496034986,100.7814285714285,0.0019215445692566,2841.71,0.0028605069709388,2836.26,-0.0108596050671161,2828.17,-0.0207994918399957,2959.8,0.0275969835374942,2985.57,2842.928,11.932324584850866,0.25249859519411444,2859.22,2828.17,2934.874,102.4112105625494,0.2780325107286939,3095.88,2828.17,2961.44,84.40551366380085,0.3148131491517677,3107.87,2828.17,3076.2714,151.49174950270333,0.2818803099542383,3419.53,2828.17,4,9,3,0.9621265330376567,0.9262121671056311,0.04314072327042497,0.009205572222474855,2786.43,-0.022058204177897722
2021-09-20,GOOGL,2795.0,2844.29,2728.57,2786.43,983531,2786.43,-0.0220582041778977,2953.4675,3065.4358,3355.2163,0.3216126123226019,3139.5499352553416,2767.385064744658,34.54863095256312,-69.07377806605018,-57.92352066718054,-11.150257398869641,103.5264285714285,0.0026638889964141,2849.28,0.0019215445692566,2841.71,0.0028605069709388,2836.26,-0.033982025812555,2859.22,0.0138432527122123,3026.9,2828.37,24.68015093142854,0.1763613016329846,2849.28,2786.43,2910.827,106.550331773809,0.2699236324796421,3095.88,2786.43,2953.4674999999997,93.04121762767097,0.3216126123226012,3107.87,2786.43,3065.4357999999997,152.47630969004953,0.28507164601886953,3419.53,2786.43,0,9,3,0.9434435963825761,0.9089833164991061,0.04152984284548985,-0.003066189624328121,2823.24,0.013210452083849189
2021-09-21,GOOGL,2838.71,2851.98,2794.5,2823.24,1349797,2823.24,0.0132104520838491,2945.5415,3053.51,3354.4128,0.3222603206931713,3139.8711180016417,2751.211881998358,40.01965459376164,-69.61752943980446,-60.26232242170533,-9.35520701809913,104.60142857142851,-0.0220582041778977,2786.43,0.0026638889964141,2849.28,0.0019215445692566,2841.71,-0.0108596050671161,2828.17,0.0006442234629489,3028.85,2827.384,24.788380947493984,0.20692628627788098,2849.28,2786.43,2890.266,100.93521885071574,0.28809784861731613,3095.88,2786.43,2945.5415,97.16480900082098,0.32226032069317045,3107.87,2786.43,3053.51,147.4523163048836,0.2788812674268134,3405.46,2786.43,1,9,3,0.9584791115654088,0.924588424468587,0.020359586857645707,-0.005449658471627889,2834.85,0.004112296510392355
2021-09-22,GOOGL,2852.65,2889.21,2780.5,2834.85,1281018,2834.85,0.0041122965103923,2931.8905,3042.0978,3353.4154500000004,0.2771639522875934,3116.312254793424,2747.4687452065764,44.02790477053679,-68.324029468361,-61.874663831036465,-6.44936563732454,108.03714285714283,0.0132104520838491,2823.24,-0.0220582041778977,2786.43,0.0026638889964141,2849.28,0.0028605069709388,2836.26,0.0221305115803027,3095.88,2827.102,24.669898054067378,0.2083095262284213,2849.28,2786.43,2864.163,71.2362389128005,0.2488648916000678,3022.67,2786.43,2931.8905,92.2108773967118,0.27716395228759255,3095.88,2786.43,3042.0977999999996,141.6231397023268,0.2794254055026864,3333.29,2786.43,2,9,3,0.9669017311523173,0.9318733934191952,0.03834770799159098,-0.006239812104532257,2869.08,0.012074712947774957
2021-09-23,GOOGL,2868.71,2895.75,2842.41,2869.08,2153314,2869.08,0.0120747129477749,2925.4035,3033.7094,3352.6667,0.2578863656302321,3109.038177298023,2741.7688227019767,39.3055836062092,-63.801383855766744,-62.26000783598253,-1.5413760197842166,103.41714285714284,0.0041122965103923,2834.85,0.0132104520838491,2823.24,-0.0220582041778977,2786.43,0.0019215445692566,2841.71,-0.0236475573988655,3022.67,2832.576,30.957030380805765,0.22602002107168384,2869.08,2786.43,2848.804,44.98411403542954,0.2531892317844954,2959.8,2786.43,2925.4035,91.81733864901152,0.2578863656302312,3095.88,2786.43,3033.7094,139.13005393443143,0.27242577949544716,3333.29,2786.43,3,9,3,0.9807467585237453,0.9457332993064709,0.018591325442295633,0.00012897783324203628,2784.25,-0.02956696920267121
2021-09-24,GOOGL,2767.85,2800.42,2767.85,2784.25,1769835,2784.25,-0.0295669692026712,2913.166,3025.6772,3351.6928000000003,0.2711554162340617,3100.31918661188,2726.0128133881203,29.3710574185789,-66.29798477062013,-63.06760322291005,-3.2303815477100812,100.10214285714285,0.0120747129477749,2869.08,0.0041122965103923,2834.85,0.0132104520838491,2823.24,0.0026638889964141,2849.28,-0.0207994918399957,2959.8,2819.5699999999997,35.510383692632786,0.31740894132062963,2869.08,2784.25,2831.249,27.843733166790688,0.27158252464507854,2869.08,2784.25,2913.166,93.57659330593988,0.2711554162340608,3095.88,2784.25,3025.6772,141.73529501583693,0.27156040165689554,3333.29,2784.25,4,9,3,0.9557471149941487,0.9202072184035626,0.011697943790962903,0.005925176581098747,2798.92,0.005268923408458415
2021-09-27,GOOGL,2812.2,2824.18,2773.67,2798.92,714778,2798.92,0.0052689234084584,2902.9655,3017.8863999999994,3350.5658500000004,0.272542459896093,3091.750293263129,2714.1807067368704,30.86627277950886,-66.32822212817655,-63.71972700396335,-2.6084951242131993,95.54785714285711,-0.0295669692026712,2784.25,0.0120747129477749,2869.08,0.0041122965103923,2834.85,-0.0220582041778977,2786.43,-0.033982025812555,2859.22,2822.068,32.94279997204278,0.278821635437366,2869.08,2784.25,2825.219,27.641835623984328,0.2258148845910476,2869.08,2784.25,2902.9655,94.39239663156471,0.27254245989609216,3095.88,2784.25,3017.8863999999994,143.3022749546757,0.27202766049323723,3333.29,2784.25,0,9,3,0.9641588920016569,0.9274437897990704,0.01804624640932278,-0.004722281487801374,2746.98,-0.01855715776085065
2021-09-28,GOOGL,2757.95,2770.53,2723.43,2746.98,746246,2746.98,-0.0185571577608506,2891.5295,3008.41,3349.25495,0.277214718934764,3089.260893080381,2693.7981069196185,20.218178092933897,-69.73939701369,-64.92366100590868,-4.815736007781311,94.73285714285713,0.0052689234084584,2798.92,-0.0295669692026712,2784.25,0.0120747129477749,2869.08,0.0132104520838491,2823.24,-0.0108596050671161,2828.17,2806.816,46.94312761201445,0.2825045284866337,2869.08,2746.98,2817.1,37.01364733291617,0.23725200302536387,2869.08,2746.98,2891.5294999999996,98.86569654019054,0.2772147189347632,3095.88,2746.98,3008.41,145.2631531155199,0.2728194980860752,3333.29,2746.98,1,9,3,0.950009328972452,0.913100275560541,0.017146102265026764,-0.003977592052066144,2730.32,-0.0060648421175253375
2021-09-29,GOOGL,2716.46,2762.41,2698.22,2730.32,1512683,2730.32,-0.0060648421175253,2880.6885,2998.1946000000003,3347.979,0.2765251976076491,3089.0704987453028,2672.3065012546967,22.378639858821103,-72.94622181557452,-66.52817316784186,-6.418048647732661,92.19142857142856,-0.0185571577608506,2746.98,0.0052689234084584,2798.92,-0.0295669692026712,2784.25,0.0041122965103923,2834.85,0.0028605069709388,2836.26,2785.91,54.07184479928231,0.2700300706399354,2869.08,2730.32,2806.506,45.18041025829204,0.23550639197072373,2869.08,2730.32,2880.6884999999997,104.19099937265156,0.27652519760764827,3095.88,2730.32,2998.1946000000003,146.5204690612205,0.27205538207859686,3333.29,2730.32,2,9,3,0.947801194054495,0.910654698664019,0.02351006475430592,0.005102228635796229,2754.51,0.008859767353277315
2021-09-30,GOOGL,2776.73,2791.34,2717.69,2754.51,1169511,2754.51,0.0088597673532773,2873.1445,2988.2714,3346.7842,0.2770105323498538,3088.566794548304,2657.722205451696,29.074674331015373,-72.69770880490705,-67.7620802952549,-4.9356285096521475,88.6435714285714,-0.0060648421175253,2730.32,-0.0185571577608506,2746.98,0.0052689234084584,2798.92,0.0120747129477749,2869.08,0.0019215445692566,2841.71,2762.996,28.011210791350305,0.25604847160814526,2798.92,2730.32,2797.786,46.03779080514809,0.24261158040452768,2869.08,2730.32,2873.1445,107.71114727415195,0.277010532349853,3095.88,2730.32,2988.2713999999996,145.87239367603854,0.2730723094498277,3333.29,2730.32,3,9,3,0.9587091773487347,0.9217737050252793,0.026737967914428826,-0.008002218436791405,2759.28,0.0017317054575949342
2021-10-01,GOOGL,2737.45,2801.14,2717.42,2759.28,1000252,2759.28,0.0017317054575949,2861.83,2977.2052000000003,3345.4234,0.2539735637133949,3076.1575441198743,2647.5024558801256,37.34039318878512,-71.29402814065315,-68.46846986433457,-2.8255582763185885,82.98071428571426,0.0088597673532773,2754.51,-0.0060648421175253,2730.32,-0.0185571577608506,2746.98,-0.0295669692026712,2784.25,0.0026638889964141,2849.28,2758.002,25.376601821311983,0.17299810953496725,2798.92,2730.32,2788.786,43.5843800256291,0.24204609218615056,2869.08,2730.32,2861.83,107.16377205993707,0.2539735637133941,3095.88,2730.32,2977.2052000000003,141.69458924528263,0.2685588364401273,3333.29,2730.32,4,10,4,0.9641662852087777,0.9268020894223459,0.03034124844161138,0.007974574878077192,2722.68,-0.013264329825171894
2021-10-04,GOOGL,2748.96,2762.25,2683.11,2722.68,1801415,2722.68,-0.0132643298251718,2846.619,2965.9586,3343.28655,0.2471173538632671,3054.7103432935646,2638.5276567064348,36.82264471352958,-72.301468894977,-69.23506967046306,-3.066399224513944,81.62214285714283,0.0017317054575949,2759.28,0.0088597673532773,2754.51,-0.0060648421175253,2730.32,0.0052689234084584,2798.92,-0.0220582041778977,2786.43,2742.754,15.706217876919814,0.1756242403824935,2759.28,2722.68,2782.411,48.36714896378578,0.22627076039048777,2869.08,2722.68,2846.6189999999997,104.04567164678252,0.2471173538632663,3095.88,2722.68,2965.9586,139.05698849400545,0.2692424262986728,3333.29,2722.68,0,10,4,0.9564609805523827,0.9179764006143181,0.02906694874167027,-0.009559979046617862,2723.69,0.0003709580266502144
2021-10-05,GOOGL,2743.32,2752.06,2695.33,2723.69,1293439,2723.69,0.0003709580266502,2831.361,2953.7666000000004,3340.94055,0.247034026322749,3027.60564022459,2635.11635977541,35.68503776672961,-72.18625616523104,-69.82530696941666,-2.360949195814385,78.42642857142856,-0.0132643298251718,2722.68,0.0017317054575949,2759.28,0.0088597673532773,2754.51,-0.0185571577608506,2746.98,0.0132104520838491,2823.24,2738.0960000000005,17.49166458623168,0.1329001093125708,2759.28,2722.68,2772.4559999999997,49.26634893894416,0.21037679394086167,2869.08,2722.68,2831.361,98.12232011229509,0.2470340263227482,3095.88,2722.68,2953.7666000000004,132.77531507131593,0.26613661889826473,3248.26,2722.68,1,10,4,0.9619719986250563,0.9221073865481035,0.020828361524248055,-0.007155563332018486,2658.48,-0.02394178485804188
2021-10-06,GOOGL,2668.48,2673.33,2643.64,2658.48,1225445,2658.48,-0.0239417848580418,2809.491,2941.9709999999995,3337.96505,0.2332265938786097,2977.001191476395,2641.980808523605,29.77370570611147,-76.47529170556982,-71.15530391664728,-5.319987788922532,81.67857142857143,0.0003709580266502,2723.69,-0.0132643298251718,2722.68,0.0017317054575949,2759.28,-0.0060648421175253,2730.32,0.0041122965103923,2834.85,2723.728,40.217774304368234,0.20895297144793423,2759.28,2658.48,2754.8190000000004,55.60918977807151,0.22831330478402234,2869.08,2658.48,2809.491,83.75509573819755,0.2332265938786089,3022.67,2658.48,2941.9709999999995,132.27568111057582,0.2655043598772153,3202.44,2658.48,2,10,4,0.946249694339314,0.9036390909356675,0.011168035870117093,-0.003747451732820277,2708.6,0.018852878336492962
2021-10-07,GOOGL,2732.37,2754.92,2662.28,2708.6,1639273,2708.6,0.0188528783364929,2793.7875,2932.0942,3335.36695,0.2427563982606037,2933.7763076542515,2653.7986923457483,35.80423814227798,-74.96595725192537,-71.91743458370291,-3.0485226682224607,79.78714285714288,-0.0239417848580418,2658.48,0.0003709580266502,2723.69,-0.0132643298251718,2722.68,0.0088597673532773,2754.51,0.0120747129477749,2869.08,2714.5460000000003,36.5022489717691,0.2577961817506666,2759.28,2658.48,2738.7709999999997,39.91195127327187,0.24548471253956175,2798.92,2658.48,2793.7875,69.99440382712585,0.2427563982606029,2959.8,2658.48,2932.0942,130.85950556336022,0.269248464926456,3112.02,2658.48,3,10,4,0.9695082392626606,0.923776596263202,0.03420217086316388,-0.008699407474094388,2700.45,-0.0030089345049103544
2021-10-08,GOOGL,2712.46,2735.33,2665.58,2700.45,1032804,2700.45,-0.0030089345049103,2780.82,2923.8628000000003,3332.98655,0.2358636497096048,2902.9706683095083,2658.669331690492,40.247277675672734,-73.57925980531627,-72.24979962802558,-1.3294601772906844,76.14714285714288,0.0188528783364929,2708.6,-0.0239417848580418,2658.48,0.0003709580266502,2723.69,0.0017317054575949,2759.28,-0.0295669692026712,2784.25,2702.7799999999997,26.622497065394004,0.25419638126776517,2723.69,2658.48,2730.391,38.056376732362104,0.20600581997875114,2798.92,2658.48,2780.82,61.07533415475416,0.2358636497096041,2869.08,2658.48,2923.8628000000003,132.24777643345536,0.2630722834552939,3108.18,2658.48,4,10,4,0.9710984529739533,0.9235898483331967,0.02582902849524123,-0.004427715063077719,2749.97,0.018337684459997394
2021-10-11,GOOGL,2732.94,2780.14,2719.79,2749.97,2247299,2749.97,0.0183376844599973,2775.3575,2916.8780000000006,3330.8336,0.2217259730351301,2892.410899217877,2658.304100782123,41.92189808254085,-67.70399246332545,-71.34063819508556,3.6366457317601117,77.15714285714287,-0.0030089345049103,2700.45,0.0188528783364929,2708.6,-0.0239417848580418,2658.48,-0.0132643298251718,2722.68,0.0052689234084584,2798.92,2708.238,33.60419125640364,0.2808020771093788,2749.97,2658.48,2725.496,30.699427138988657,0.22973004989954154,2759.28,2658.48,2775.3575,58.52669960893857,0.22172597303512936,2869.08,2658.48,2916.8780000000006,132.02016991849177,0.26724641384801306,3108.18,2658.48,0,10,4,0.9908525298088656,0.942778546102736,0.02194569395301693,0.006231384516306071,2727.64,-0.008120088582784568
2021-10-12,GOOGL,2724.48,2788.57,2666.71,2727.64,875554,2727.64,-0.0081200885827845,2770.331,2909.4756,3328.53735,0.2204596409982358,2886.465769606771,2654.196230393229,38.452922041793215,-64.11061785107222,-69.8946341262829,5.784016275210675,78.0964285714286,0.0183376844599973,2749.97,-0.0030089345049103,2700.45,0.0188528783364929,2708.6,0.0003709580266502,2723.69,-0.0185571577608506,2746.98,2709.028,34.10102447136977,0.2904429398891159,2749.97,2658.48,2723.562,29.791356613693683,0.21365842932697615,2759.28,2658.48,2770.331,58.06738480338553,0.220459640998235,2869.08,2658.48,2909.4755999999998,132.04744697916567,0.2675360706207815,3108.18,2658.48,1,10,4,0.9845899280623922,0.9375022770423173,0.044675983634187594,0.001159854357528297,2705.62,-0.00807291284773648
2021-10-13,GOOGL,2682.43,2759.56,2651.68,2705.62,1560635,2705.62,-0.0080729128477364,2763.799,2901.5028,3326.39935,0.2208651237525235,2879.0124334091897,2648.5855665908102,31.91894163876188,-62.321271726360465,-68.37996164629841,6.058689919937947,81.45214285714289,-0.0081200885827845,2727.64,0.0183376844599973,2749.97,-0.0030089345049103,2700.45,-0.0239417848580418,2658.48,-0.0060648421175253,2730.32,2718.4559999999997,20.393612480309603,0.21984115870293747,2749.97,2700.45,2721.092,30.190064885208976,0.2153213746861604,2759.28,2658.48,2763.799,57.606716704594895,0.22086512375252268,2869.08,2658.48,2901.5027999999998,132.08127913570374,0.26763052268161375,3108.18,2658.48,2,10,4,0.978949626944297,0.9324891914628058,0.03987256155704062,0.008645146378467066,2673.47,-0.011882673841855151
2021-10-14,GOOGL,2667.57,2732.7,2614.24,2673.47,2129430,2673.47,-0.0118826738418551,2755.387,2892.8086,3324.1402500000004,0.2228235037267512,2871.2145595058964,2639.559440494103,36.12961386160711,-62.77382081125734,-67.2587334792902,4.484912668032862,82.68285714285717,-0.0080729128477364,2705.62,-0.0081200885827845,2727.64,0.0183376844599973,2749.97,0.0188528783364929,2708.6,0.0088597673532773,2754.51,2711.4299999999994,28.910957265316856,0.1919984214052705,2749.97,2673.47,2712.988,31.086446063905996,0.2143720556912424,2759.28,2658.48,2755.3869999999997,57.913779752948244,0.2228235037267504,2869.08,2658.48,2892.8086,132.50581718474518,0.26827959893416403,3107.87,2658.48,3,10,4,0.9702702379008935,0.9241779770701303,0.044309455501634856,0.0022117507694258912,2711.95,0.014393279146577287
2021-10-15,GOOGL,2725.05,2752.35,2671.54,2711.95,691704,2711.95,0.0143932791465772,2748.5205,2885.783,3321.9691,0.230502376106076,2856.9582220199763,2640.082777980024,39.72350230283318,-59.34338125314207,-65.67566303406058,6.332281780918507,84.8471428571429,-0.0118826738418551,2673.47,-0.0080729128477364,2705.62,-0.0081200885827845,2727.64,-0.0030089345049103,2700.45,0.0017317054575949,2759.28,2713.73,28.269390690232402,0.22609452948644004,2749.97,2673.47,2708.255,26.5234057012893,0.23082298898610712,2749.97,2658.48,2748.5205,54.21886100998821,0.23050237610607507,2869.08,2658.48,2885.783,132.59807418877767,0.269684197127749,3107.87,2658.48,4,10,4,0.9866944779924374,0.9397622759573607,0.029797747008599034,-0.004807251243094826,2682.07,-0.011017902247460243
2021-10-18,GOOGL,2675.98,2702.5,2661.63,2682.07,1046014,2682.07,-0.0110179022474602,2743.3025,2878.3294,3319.55325,0.2211338603770012,2854.077759612176,2632.5272403878243,41.90829988135653,-58.36302682723226,-64.21313579269491,5.850108965462653,83.04928571428572,0.0143932791465772,2711.95,-0.0118826738418551,2673.47,-0.0080729128477364,2705.62,0.0183376844599973,2749.97,-0.0132643298251718,2722.68,2700.15,22.156092841402906,0.17368724908020974,2727.64,2673.47,2704.194,27.170400234152254,0.22791067622802783,2749.97,2658.48,2743.3025000000002,55.38762980608803,0.22113386037700022,2869.08,2658.48,2878.3294,133.37851204427184,0.2703941785693169,3107.87,2658.48,0,10,4,0.9776792752527375,0.9318148228618546,0.015238230172957697,0.002275801762344214,2710.61,0.010641034723180232
2021-10-19,GOOGL,2701.41,2761.91,2659.31,2710.61,1894972,2710.61,0.0106410347231802,2737.671,2872.8768,3317.14755,0.2189961806920468,2842.6346738969,2632.7073261031,47.61362810696517,-54.65314199978502,-62.30113703411294,7.64799503432792,85.79285714285713,-0.0110179022474602,2682.07,0.0143932791465772,2711.95,-0.0118826738418551,2673.47,-0.0081200885827845,2727.64,0.0003709580266502,2723.69,2696.7439999999997,17.743147409544743,0.20097204918843525,2711.95,2673.47,2702.886,26.43238384161879,0.23584931903456496,2749.97,2658.48,2737.671,52.48183694844977,0.21899618069204588,2869.08,2658.48,2872.8768,134.56950006868485,0.2676157644825108,3107.87,2658.48,1,10,4,0.9901153206499285,0.9435176614601283,0.03785125857277958,0.003405628912307598,2694.81,-0.0058289462519507396
2021-10-20,GOOGL,2699.95,2719.39,2670.23,2694.81,1906405,2694.81,-0.0058289462519507,2730.669,2865.776,3314.5840500000004,0.2181921837488191,2826.6352969130207,2634.702703086979,42.621978346441445,-52.38410810933692,-60.317731249157745,7.933623139820824,84.04357142857141,0.0106410347231802,2710.61,-0.0110179022474602,2682.07,0.0143932791465772,2711.95,-0.0080729128477364,2705.62,-0.0239417848580418,2658.48,2694.582,17.035718945697994,0.19671518127797027,2711.95,2673.47,2706.519,21.729090306561808,0.1999879846478267,2749.97,2673.47,2730.669,47.98314845651037,0.21819218374881824,2869.08,2658.48,2865.776,134.40767795731978,0.2619793847144158,3107.87,2658.48,2,10,4,0.9868680532129721,0.9403421621226012,0.018242473495341645,-0.0019037389581281021,2611.65,-0.030859318467721275
2021-10-21,GOOGL,2631.09,2647.76,2575.55,2611.65,1120442,2611.65,-0.0308593184677212,2717.7975,2857.291,3311.73,0.233031136076907,2804.1744893519926,2631.420510648008,34.716442014025645,-56.64325126514768,-59.582835252355736,2.939583987208053,86.58214285714283,-0.0058289462519507,2694.81,0.0106410347231802,2710.61,-0.0110179022474602,2682.07,-0.0118826738418551,2673.47,0.0188528783364929,2708.6,2682.218,41.31743118826107,0.28894916847058166,2711.95,2611.65,2696.8239999999996,36.976338740628336,0.23187697139074828,2749.97,2611.65,2717.7975,43.1884946759962,0.23303113607690612,2798.92,2611.65,2857.2909999999997,136.8183555272634,0.26966598504492534,3107.87,2611.65,3,10,4,0.9609435581565732,0.9140301075386041,0.0276491872953774,-0.007388572796822862,2588.63,-0.008814351080734362
2021-10-22,GOOGL,2565.21,2604.94,2565.21,2588.63,894449,2588.63,-0.0088143510807343,2708.0165,2848.8024,3308.88685,0.2144258514331713,2806.2049594517835,2609.828040548217,35.720829160186454,-61.171032925510644,-59.90047478698672,-1.2705581385239242,84.24642857142855,-0.0308593184677212,2611.65,-0.0058289462519507,2694.81,0.0106410347231802,2710.61,0.0143932791465772,2711.95,-0.0030089345049103,2700.45,2657.554,53.994624547231176,0.23513668713401892,2710.61,2588.63,2685.642,50.27443481085011,0.23333019590627352,2749.97,2588.63,2708.0165,49.094229725891594,0.21442585143317036,2798.92,2588.63,2848.8024,140.0842161506125,0.26979623803219716,3107.87,2588.63,4,10,4,0.9559136733469106,0.908673062055512,0.01534788671999655,0.009129856814838138,2540.95,-0.018419009282902632
2021-10-25,GOOGL,2535.13,2595.59,2486.3,2540.95,1758912,2540.95,-0.0184190092829026,2695.118,2837.7916000000005,3306.101000000001,0.217962966218364,2809.4719910427684,2580.7640089572315,32.29469441450192,-67.82486718447853,-61.485353266485085,-6.33951391799345,88.00071428571427,-0.0088143510807343,2588.63,-0.0308593184677212,2611.65,-0.0058289462519507,2694.81,-0.0110179022474602,2682.07,0.0183376844599973,2749.97,2629.3300000000004,71.89256846153303,0.2444744043821321,2710.61,2540.95,2664.7400000000002,62.51792311893989,0.20556809453954591,2727.64,2540.95,2695.118,57.17699552138424,0.21796296621836309,2759.28,2540.95,2837.7916000000005,142.23935965169164,0.2636769457039859,3107.87,2540.95,0,10,4,0.942797309802041,0.8953969699533624,0.04301147208719454,0.0022957402578950245,2543.02,0.0008146559357720129
2021-10-26,GOOGL,2525.63,2562.14,2523.9,2543.02,1926569,2543.02,0.000814655935772,2684.92,2828.0226,3302.8724500000008,0.212444408946078,2815.085172801974,2554.7548271980263,37.2538196579494,-72.09992402914577,-63.608267419017224,-8.491656610128544,85.01428571428566,-0.0184190092829026,2540.95,-0.0088143510807343,2588.63,-0.0308593184677212,2611.65,0.0106410347231802,2710.61,-0.0081200885827845,2727.64,2595.812,63.04732682672511,0.19561629096748215,2694.81,2540.95,2646.2780000000002,68.82127445617438,0.21002104120077567,2711.95,2540.95,2684.92,65.08258640098698,0.2124444089460771,2759.28,2540.95,2828.0226000000002,145.40422486086337,0.26140914808591814,3107.87,2540.95,1,10,4,0.9471492632924082,0.8992219510548116,0.015037239188046002,0.006885410768795503,2495.72,-0.018599932363882354
2021-10-27,GOOGL,2505.47,2553.27,2438.16,2495.72,753110,2495.72,-0.0185999323638823,2673.19,2818.3733999999995,3299.3996500000003,0.2188087749610025,2826.37563901372,2520.00436098628,26.351921794336988,-78.40089535725656,-66.5667930066651,-11.834102350591465,86.34785714285711,0.000814655935772,2543.02,-0.0184190092829026,2540.95,-0.0088143510807343,2588.63,-0.0058289462519507,2694.81,-0.0080729128477364,2705.62,2555.994,45.25013955774655,0.18856258609911627,2611.65,2495.72,2625.2879999999996,79.83855081068022,0.21815174097647066,2711.95,2495.72,2673.19,76.59281950686004,0.2188087749610016,2759.28,2495.72,2818.3733999999995,151.13174830374865,0.2617043476088175,3107.87,2495.72,2,10,4,0.9336111537148748,0.8855178664399525,0.04612296251180181,-0.003891485429877871,2533.66,0.015202025868286562
2021-10-28,GOOGL,2513.68,2590.12,2477.2,2533.66,741378,2533.66,0.0152020258682865,2662.1475,2810.5028,3296.1695,0.2249743111501081,2822.331395882333,2501.9636041176677,32.62205922095333,-79.41754360170535,-69.13694312567316,-10.280600476032191,89.43142857142854,-0.0185999323638823,2495.72,0.000814655935772,2543.02,-0.0184190092829026,2540.95,-0.0308593184677212,2611.65,-0.0118826738418551,2673.47,2540.3959999999997,33.072003719088386,0.2268540726208795,2588.63,2495.72,2611.307,82.65540878312154,0.24519923135659732,2711.95,2495.72,2662.1475,80.09194794116645,0.22497431115010708,2759.28,2495.72,2810.5027999999998,155.53218791528303,0.2630426614653992,3107.87,2495.72,3,10,4,0.95173539407529,0.901497055971301,0.04456793729227896,0.00794850577638843,2530.66,-0.0011840578451726147
2021-10-29,GOOGL,2539.0,2566.82,2494.49,2530.66,1313143,2530.66,-0.0011840578451726,2650.7165,2802.6198,3293.1546,0.2242130673948879,2814.308140022666,2487.124859977334,24.69714101034741,-79.54833588893234,-71.219221678325,-8.329114210607344,88.90571428571427,0.0152020258682865,2533.66,-0.0185999323638823,2495.72,0.000814655935772,2543.02,-0.0088143510807343,2588.63,0.0143932791465772,2711.95,2528.8019999999997,19.1780895814802,0.22727978365590268,2543.02,2495.72,2593.178,77.87138124992609,0.22159218609544573,2710.61,2495.72,2650.7165,81.79582001133298,0.22421306739488692,2749.97,2495.72,2802.6198,159.55688542872366,0.2630299400156488,3107.87,2495.72,4,10,4,0.9547079063336442,0.9029622926374448,0.028581476768894994,-0.0032847577786517764,2524.16,-0.002568499917017686
2021-11-01,GOOGL,2513.37,2574.36,2473.96,2524.16,1543520,2524.16,-0.0025684999170176,2640.7905,2794.1854000000003,3289.34925,0.221691019005376,2809.9916323187213,2471.589367681279,25.63347224132093,-79.26279325483438,-72.82793599362688,-6.4348572612074975,87.37285714285713,-0.0011840578451726,2530.66,0.0152020258682865,2533.66,-0.0185999323638823,2495.72,-0.0184190092829026,2540.95,-0.0110179022474602,2682.07,2525.4439999999995,17.949860166453856,0.19077391356679818,2543.02,2495.72,2577.3869999999997,73.74408300929795,0.2211549880135942,2710.61,2495.72,2640.7905,84.60056615936057,0.221691019005375,2749.97,2495.72,2794.1854000000003,162.93989156152685,0.26203994054496405,3107.87,2495.72,0,11,4,0.9558350047075086,0.9033616738528146,0.03977560851925406,0.004293040817705181,2551.48,0.010823402636916946
2021-11-02,GOOGL,2536.12,2595.85,2507.12,2551.48,1064700,2551.48,0.0108234026369169,2632.18,2785.5798,3285.95575,0.2272623144262139,2801.145324502554,2463.2146754974456,31.773247563038492,-75.95642460128374,-73.45363371515825,-2.5027908861254957,86.00499999999998,-0.0025684999170176,2524.16,-0.0011840578451726,2530.66,0.0152020258682865,2533.66,0.000814655935772,2543.02,0.0106410347231802,2710.61,2527.136,20.269639365199986,0.2099259182259118,2551.48,2495.72,2561.4739999999997,57.090841102324724,0.2215398911109541,2694.81,2495.72,2632.18,84.48266225127706,0.22726231442621295,2749.97,2495.72,2785.5798,164.1887830751989,0.2616545626704247,3107.87,2495.72,1,11,4,0.9693410025146574,0.9159601171716869,0.03477589477478375,0.0060564957494101505,2591.84,0.01581827018044435
2021-11-03,GOOGL,2614.46,2646.43,2537.26,2591.84,1574659,2591.84,0.0158182701804443,2628.848,2775.2592000000004,3282.87015,0.2228262657792749,2798.2572928043323,2459.438707195668,40.53126087329216,-69.28076341002543,-72.61905965413169,3.3382962441062602,85.34142857142852,0.0108234026369169,2551.48,-0.0025684999170176,2524.16,-0.0011840578451726,2530.66,-0.0185999323638823,2495.72,-0.0058289462519507,2694.81,2546.3599999999997,27.364506207776934,0.1411576485665305,2591.84,2524.16,2551.1769999999997,35.61772375585682,0.2470373308714141,2611.65,2495.72,2628.848,84.7046464021662,0.22282626577927392,2749.97,2495.72,2775.2592000000004,159.67302468354572,0.24426896173648913,3095.88,2495.72,2,11,4,0.9859223507783692,0.9339091642319629,0.04212065559600805,-0.008651882224241809,2591.72,-4.6299154268902853e-05
2021-11-04,GOOGL,2566.76,2627.06,2556.37,2591.72,903270,2591.72,-4.629915426890285e-05,2623.004,2767.1172,3279.67245,0.2100278014834953,2788.856011066432,2457.151988933568,34.69148692229069,-63.27059280821368,-70.7493662849481,7.478773476734418,84.61857142857139,0.0158182701804443,2591.84,0.0108234026369169,2551.48,-0.0025684999170176,2524.16,0.0152020258682865,2533.66,-0.0308593184677212,2611.65,2557.9719999999998,32.47041607364415,0.1306651843637941,2591.84,2524.16,2549.184,32.257007576195264,0.1955120418460971,2591.84,2495.72,2623.004,82.92600553321618,0.21002780148349437,2749.97,2495.72,2767.1171999999997,158.41503640547268,0.23339590927820947,3095.88,2495.72,3,11,4,0.9880732168151524,0.9366137437182144,0.027275322951542908,0.009724321712972718,2560.63,-0.011995894618245684
2021-11-05,GOOGL,2557.44,2613.68,2507.58,2560.63,515016,2560.63,-0.0119958946182456,2616.013,2757.7498,3276.15895,0.2129350242383987,2779.8954205081877,2452.130579491813,34.584920029235406,-60.32085125057438,-68.66366327807336,8.34281202749898,88.60285714285712,-4.629915426890285e-05,2591.72,0.0158182701804443,2591.84,0.0108234026369169,2551.48,-0.0011840578451726,2530.66,-0.0088143510807343,2588.63,2563.9660000000003,28.717551775797748,0.17550409053193758,2591.84,2524.16,2546.384,29.554572573341364,0.1998154407122103,2591.84,2495.72,2616.013,81.94121025409363,0.21293502423839775,2749.97,2495.72,2757.7497999999996,156.4489757010847,0.2323914550455827,3095.88,2495.72,4,11,4,0.9788292336464006,0.9285215069180938,0.04143511557700975,0.0012473410910906247,2489.65,-0.027719740845026375
2021-11-08,GOOGL,2465.83,2525.12,2454.17,2489.65,1012842,2489.65,-0.0277197408450263,2602.997,2747.4842000000003,3272.03405,0.2157015502622967,2763.396292307277,2442.597707692723,24.68029518186393,-62.98460528660553,-67.5278516797798,4.543246393174272,88.8785714285714,-0.0119958946182456,2560.63,-4.629915426890285e-05,2591.72,0.0158182701804443,2591.84,-0.0025684999170176,2524.16,-0.0184190092829026,2540.95,2557.0640000000003,41.82987365502738,0.28008758797792005,2591.84,2489.65,2541.254,34.620649329451155,0.22620907196029982,2591.84,2489.65,2602.997,80.19964615363857,0.2157015502622958,2727.64,2489.65,2747.4842000000003,156.87203045521846,0.23853785200733585,3095.88,2489.65,0,11,4,0.9564551937628217,0.9061562574223697,0.028497981643994665,0.009660033335627559,2463.14,-0.01064808306388454
2021-11-09,GOOGL,2462.33,2521.81,2404.47,2463.14,1230738,2463.14,-0.0106480830638845,2589.772,2737.233,3267.28565,0.2163920147955598,2750.516172110259,2429.027827889741,24.08902807216816,-66.4685766221105,-67.31599666824594,0.84742004613544,93.74857142857142,-0.0277197408450263,2489.65,-0.0119958946182456,2560.63,-4.629915426890285e-05,2591.72,0.0108234026369169,2551.48,0.000814655935772,2543.02,2539.3959999999997,59.642055045038504,0.25554619969972225,2591.84,2463.14,2533.2659999999996,42.489084925078046,0.22958622131772033,2591.84,2463.14,2589.772,80.37208605512953,0.2163920147955589,2711.95,2463.14,2737.2329999999997,158.39421762340524,0.2387493825473205,3095.88,2463.14,1,11,4,0.9511030314634064,0.8998649365980536,0.04763838027881181,0.00032895671985461595,2439.6,-0.009556907037358786
2021-11-10,GOOGL,2439.65,2475.53,2403.67,2439.6,1074639,2439.6,-0.0095569070373587,2576.471,2727.0822000000003,3262.2761,0.2167355212196922,2740.8366453925446,2412.1053546074554,27.79598895183871,-70.31854189497517,-67.91650571359179,-2.40203618138338,90.36285714285717,-0.0106480830638845,2463.14,-0.0277197408450263,2489.65,-0.0119958946182456,2560.63,0.0158182701804443,2591.84,-0.0185999323638823,2495.72,2508.948,64.81158052381646,0.15830740980846286,2591.72,2439.6,2527.654,50.8773831436739,0.21660372259583005,2591.84,2439.6,2576.471,82.18282269627228,0.21673552121969128,2711.95,2439.6,2727.0822000000003,160.91068619515573,0.2387441792858522,3095.88,2439.6,2,11,4,0.9468765610010953,0.8945824955328098,0.029455648466949775,-2.049474309846142e-05,2444.45,0.0019880308247253176
2021-11-11,GOOGL,2435.73,2479.28,2409.61,2444.45,754937,2444.45,0.0019880308247253,2565.02,2717.8634,3257.5745,0.2165473056473744,2732.8071715817787,2397.2328284182213,30.477170556175395,-72.1466509618067,-68.76253476323478,-3.384116198571917,92.02214285714288,-0.0095569070373587,2439.6,-0.0106480830638845,2463.14,-0.0277197408450263,2489.65,-4.629915426890285e-05,2591.72,0.0152020258682865,2533.66,2479.4939999999997,49.429903196293246,0.16832159690753062,2560.63,2439.6,2518.733,57.1426715530061,0.19608496147743043,2591.84,2439.6,2565.02,83.89358579088943,0.2165473056473735,2711.95,2439.6,2717.8633999999997,163.66704460032255,0.23784150971687254,3095.88,2439.6,3,11,4,0.9529945185608872,0.8994013459245598,0.02850129886067278,0.003580035554021267,2431.64,-0.005240442635357612
2021-11-12,GOOGL,2413.76,2481.98,2381.31,2431.64,580457,2431.64,-0.0052404426353576,2551.0045,2706.7848,3252.8737,0.2048733050437147,2713.871999064805,2388.137000935195,33.65531265746236,-73.77862643055732,-69.7657530966993,-4.012873333858025,91.4064285714286,0.0019880308247253,2444.45,-0.0095569070373587,2439.6,-0.0106480830638845,2463.14,-0.0119958946182456,2560.63,-0.0011840578451726,2530.66,2453.696,23.197694497400562,0.17402231404225527,2489.65,2431.64,2508.831,63.11365892836271,0.1957953938998484,2591.84,2431.64,2551.0045,81.43374953240244,0.2048733050437139,2710.61,2431.64,2706.7848,163.92372635528963,0.22705625850608624,3095.88,2431.64,4,11,4,0.9532088242098541,0.8983499537898623,0.041400042769471915,0.007407530160410416,2459.23,0.011346251912289773
2021-11-15,GOOGL,2453.15,2511.93,2406.52,2459.23,976955,2459.23,0.0113462519122897,2539.8625,2695.4314,3248.223,0.2119407885413557,2695.296809004913,2384.428190995086,38.35958989598227,-72.01554594105392,-70.21571166557023,-1.7998342754836898,96.20428571428576,-0.0052404426353576,2431.64,0.0019880308247253,2444.45,-0.0095569070373587,2439.6,-0.0277197408450263,2489.65,-0.0025684999170176,2524.16,2447.612,13.27960729821044,0.14539092753742375,2463.14,2431.64,2502.338,64.6818675947736,0.21039010758453905,2591.84,2431.64,2539.8624999999997,77.7171545024569,0.21194078854135487,2710.61,2431.64,2695.4314,160.9311595887233,0.22611460637136271,3095.88,2431.64,0,11,4,0.9682532026828349,0.9123697230799819,0.04286300996651675,0.0024784460795293597,2435.89,-0.009490775567962406
2021-11-16,GOOGL,2444.28,2475.08,2396.69,2435.89,1718383,2435.89,-0.0094907755679624,2526.1265,2683.5722,3242.88065,0.2051279146264434,2665.7810995286927,2386.471900471307,41.09540109964184,-71.67540543285531,-70.50765041902724,-1.1677550138280708,93.58142857142859,0.0113462519122897,2459.23,-0.0052404426353576,2431.64,0.0019880308247253,2444.45,-0.0106480830638845,2463.14,0.0108234026369169,2551.48,2442.162,10.643846578875593,0.14144442572485014,2459.23,2431.64,2490.779,65.24993971042673,0.1986963224301796,2591.84,2431.64,2526.1265,69.82729976434642,0.2051279146264426,2694.81,2431.64,2683.5721999999996,157.6747370482161,0.2261783917436942,3095.88,2431.64,1,11,4,0.9642787089241318,0.907704290571758,0.0321812561322423,-0.0034325036411527706,2434.33,-0.0006404230076070272
2021-11-17,GOOGL,2448.08,2455.25,2413.4,2434.33,1983376,2434.33,-0.000640423007607,2513.1025,2670.3412,3237.9133500000003,0.2057591822904029,2633.82067268264,2392.38432731736,33.4212371049575,-70.71654428902002,-70.5494291930258,-0.1671150959942196,88.50500000000001,-0.0094907755679624,2435.89,0.0113462519122897,2459.23,-0.0052404426353576,2431.64,-0.0095569070373587,2439.6,0.0158182701804443,2591.84,2441.1079999999997,11.207003167423155,0.12545048537883935,2459.23,2431.64,2475.028,56.57857423277896,0.16591941624718007,2591.72,2431.64,2513.1025,60.35908634132006,0.20575918229040208,2611.65,2431.64,2670.3412,149.93711584772524,0.2181553561348368,3022.67,2431.64,2,11,4,0.9686552776892432,0.9116175865462768,0.017191588650668856,-0.005616646514817483,2481.56,0.019401642341013714
2021-11-18,GOOGL,2483.08,2517.18,2445.93,2481.56,1929781,2481.56,0.0194016423410137,2506.598,2659.519,3232.8445,0.1991882397419407,2618.667824024528,2394.5281759754725,42.85922047527626,-65.39177793086947,-69.51789894059453,4.126121009725068,89.25642857142854,-0.000640423007607,2434.33,-0.0094907755679624,2435.89,0.0113462519122897,2459.23,0.0019880308247253,2444.45,-4.629915426890285e-05,2591.72,2448.5299999999997,21.518321263395464,0.19046474545988487,2481.56,2431.64,2464.0119999999997,39.47198325665831,0.2091956642597631,2560.63,2431.64,2506.598,56.03491201226366,0.19918823974193997,2591.84,2431.64,2659.5190000000002,143.37211141512861,0.22032633645962488,2959.8,2431.64,3,11,4,0.9900111625394299,0.9330860204416915,0.028711778075070235,-0.000612142983713521,2495.84,0.005754444784732193
2021-11-19,GOOGL,2500.33,2556.65,2435.04,2495.84,865851,2495.84,0.0057544447847321,2501.9585,2650.2398,3227.7919,0.1997523504707032,2607.204379784557,2396.7126202154423,45.97246714647137,-59.33560169094153,-67.48143949066394,8.145837799722415,90.77142857142856,0.0194016423410137,2481.56,-0.000640423007607,2434.33,-0.0094907755679624,2435.89,-0.0052404426353576,2431.64,-0.0119958946182456,2560.63,2461.37,27.298299397486364,0.1756398524291809,2495.84,2434.33,2457.533,24.222456086872853,0.209782598363878,2495.84,2431.64,2501.9584999999997,52.62293989227865,0.19975235047070236,2591.84,2431.64,2650.2398,138.4712091712435,0.2178669480827968,2869.08,2431.64,4,11,4,0.9975545157919296,0.941741196400061,0.048725078530655566,-0.0017957629592885683,2494.13,-0.0006851400730816248
2021-11-22,GOOGL,2479.19,2544.16,2444.1,2494.13,756418,2494.13,-0.0006851400730816,2499.6175,2642.938,3222.4893,0.189792857585058,2603.282593323311,2395.9524066766885,41.20317820481383,-54.050955329847966,-64.79534265850076,10.744387328652792,91.58071428571427,0.0057544447847321,2495.84,0.0194016423410137,2481.56,-0.000640423007607,2434.33,0.0113462519122897,2459.23,-0.0277197408450263,2489.65,2468.35,30.845682842090913,0.1701177884146413,2495.84,2434.33,2457.981,24.914025701565556,0.15561545044070157,2495.84,2431.64,2499.6175,51.83254666165559,0.1897928575850572,2591.84,2431.64,2642.938,136.84277021159338,0.20627546110224704,2869.08,2431.64,0,11,4,0.9978046641132103,0.9436959928681855,0.040118197527779155,0.006026161770575885,2470.89,-0.009317878378432676
2021-11-23,GOOGL,2460.38,2523.33,2418.45,2470.89,1463711,2470.89,-0.0093178783784326,2496.011,2635.7924,3217.0946500000005,0.1920012175739616,2598.3283601365374,2393.6936398634625,30.419297392177867,-51.148500712696205,-62.065974269339854,10.91747355664365,91.27428571428572,-0.0006851400730816,2494.13,0.0057544447847321,2495.84,0.0194016423410137,2481.56,-0.0094907755679624,2435.89,-0.0106480830638845,2463.14,2475.35,25.068030437090904,0.16932906769802075,2495.84,2434.33,2458.756,25.21110610629221,0.15313708232299109,2495.84,2431.64,2496.011,51.158680068268616,0.19200121757396077,2591.84,2431.64,2635.7924,136.3000804581464,0.20598855554108753,2869.08,2431.64,1,11,4,0.9899355411490615,0.9374372579566822,0.04244624406588625,0.004271697867807205,2446.65,-0.009810230321867786
2021-11-24,GOOGL,2430.11,2460.49,2430.11,2446.65,1547068,2446.65,-0.0098102303218677,2493.5575,2628.0002000000004,3211.8117,0.1839025809869807,2598.230455110791,2388.884544889209,28.215755171952424,-50.22528412418478,-59.69783624030884,9.472552116124056,89.13785714285713,-0.0093178783784326,2470.89,-0.0006851400730816,2494.13,0.0057544447847321,2495.84,-0.000640423007607,2434.33,-0.0095569070373587,2439.6,2477.814,20.15141260544611,0.19236358119051986,2495.84,2446.65,2459.4610000000002,24.709493204759728,0.1536008039228879,2495.84,2431.64,2493.5575,52.336477555395604,0.18390258098697984,2591.84,2431.64,2628.0002000000004,135.74131719500846,0.2062205257705854,2869.08,2431.64,2,11,4,0.9811885228229222,0.9309930798327446,0.012416978317285773,0.006806276259096566,2414.23,-0.013250771463020894
2021-11-25,GOOGL,2402.13,2448.9,2379.57,2414.23,1408308,2414.23,-0.0132507714630208,2487.586,2619.4506,3206.1501000000003,0.1784548812024406,2596.179395437653,2378.992604562347,28.103499849256835,-51.51580920014658,-58.06143083227639,6.545621632129816,86.51142857142857,-0.0098102303218677,2446.65,-0.0093178783784326,2470.89,-0.0006851400730816,2494.13,0.0194016423410137,2481.56,0.0019880308247253,2444.45,2464.3480000000004,34.44758511122112,0.12374657201328979,2495.84,2414.23,2456.439,28.331803664441612,0.1674237963436176,2495.84,2414.23,2487.5860000000002,54.29669771882658,0.17845488120243974,2591.84,2414.23,2619.4506,135.4682424778587,0.2072189202894216,2869.08,2414.23,3,11,4,0.9705111702666882,0.921655098209937,0.028717230752650414,0.005037196155076899,2394.08,-0.008346346454149
2021-11-26,GOOGL,2380.9,2437.01,2351.15,2394.08,536170,2394.08,-0.008346346454149,2480.757,2610.3466,3200.1962,0.1796406646754003,2594.977280271545,2366.536719728455,33.1428369828765,-53.547237003818736,-57.158592066584866,3.6113550627661297,85.03999999999999,-0.0132507714630208,2414.23,-0.0098102303218677,2446.65,-0.0093178783784326,2470.89,0.0057544447847321,2495.84,-0.0052404426353576,2431.64,2443.996,40.685902718197745,0.07352727050029272,2494.13,2394.08,2452.683,33.922786523914525,0.1702284913530518,2495.84,2394.08,2480.757,57.11014013577249,0.1796406646753994,2591.84,2394.08,2610.3466,135.00240396362656,0.20709859819832804,2869.08,2394.08,4,11,4,0.9650602618471035,0.9171502359108491,0.03586346320923456,0.005535721785876895,2423.86,0.012439016240058942
2021-11-29,GOOGL,2424.8,2476.22,2371.5,2423.86,848375,2423.86,0.0124390162400589,2475.742,2603.0952,3194.1053,0.1875223980318208,2590.7433617495803,2360.74063825042,43.15058938200429,-52.15297403514205,-56.15746846029631,4.004494425154256,84.1385714285714,-0.008346346454149,2394.08,-0.0132507714630208,2414.23,-0.0098102303218677,2446.65,-0.0006851400730816,2494.13,0.0113462519122897,2459.23,2429.942,29.68937806681915,0.16324812906706068,2470.89,2394.08,2449.1459999999997,34.99142345699905,0.17260995143072114,2495.84,2394.08,2475.742,57.50068087479006,0.18752239803182,2591.84,2394.08,2603.0951999999997,135.08875033208614,0.20558271646975432,2869.08,2394.08,0,11,4,0.9790438583661064,0.9311453534235201,0.04320381540186174,-0.00038766083800712096,2415.93,-0.003271641101383893
2021-11-30,GOOGL,2418.95,2430.39,2401.47,2415.93,1185833,2415.93,-0.0032716411013838,2468.9645,2594.949,3187.9737,0.1813524954191599,2581.113628438526,2356.815371561473,45.63493526854687,-51.09885946953909,-55.145746662144866,4.046887192605773,81.07142857142854,0.0124390162400589,2423.86,-0.008346346454149,2394.08,-0.0132507714630208,2414.23,-0.0093178783784326,2470.89,-0.0094907755679624,2435.89,2418.95,18.982319405025937,0.16032359827470472,2446.65,2394.08,2447.15,36.373583821111694,0.1671802031667739,2495.84,2394.08,2468.9644999999996,56.07456421926334,0.18135249541915904,2591.84,2394.08,2594.949,133.81746654319736,0.20232609209053268,2869.08,2394.08,1,11,4,0.9785195372387984,0.931012517008646,0.011970545504210844,-0.0012484755782462365,2364.95,-0.02110160476503875
2021-12-01,GOOGL,2386.0,2417.1,2312.81,2364.95,1458208,2364.95,-0.0211016047650387,2457.62,2585.551,3181.7562,0.1787827383369181,2563.14071625014,2352.09928374986,37.47084410097529,-53.757443676322964,-54.86808606498049,1.1106423886575243,83.54428571428568,-0.0032716411013838,2415.93,0.0124390162400589,2423.86,-0.008346346454149,2394.08,-0.0098102303218677,2446.65,-0.000640423007607,2434.33,2402.6099999999997,23.743661259255422,0.19939492086214286,2423.86,2364.95,2440.212,44.744295179413136,0.1958260639867212,2495.84,2364.95,2457.62,52.760358125069956,0.17878273833691724,2591.72,2364.95,2585.551,133.1241198686969,0.20563890389255962,2869.08,2364.95,2,12,4,0.9622927873304407,0.9146793082012635,0.04409818389393259,-0.008822296730926805,2433.48,0.028977356815154787
2021-12-02,GOOGL,2418.66,2472.33,2394.62,2433.48,1631083,2433.48,0.0289773568151547,2449.708,2576.839,3176.321,0.2145074509502671,2534.6071812250248,2364.8088187749745,50.24666201752521,-49.76097895313251,-53.8466646426109,4.085685689478389,84.02357142857139,-0.0211016047650387,2364.95,-0.0032716411013838,2415.93,0.0124390162400589,2423.86,-0.0132507714630208,2414.23,0.0194016423410137,2481.56,2406.46,27.38095049471998,0.30791352798015686,2433.48,2364.95,2435.404,42.325408234457676,0.22929034308188193,2495.84,2364.95,2449.7079999999996,42.4495906125125,0.21450745095026622,2560.63,2364.95,2576.839,128.3586716857789,0.21550222702206065,2798.92,2364.95,3,12,4,0.9933755370023719,0.9443663341012208,0.031933691667886364,0.006127359777725698,2446.63,0.005403783881519519
2021-12-03,GOOGL,2453.56,2468.52,2424.74,2446.63,1271278,2446.63,0.0054037838815195,2444.0080000000003,2570.0866,3170.7144,0.2137826297651448,2510.961827169773,2377.054172830228,48.24287387550792,-45.01376609076851,-52.08008493224243,7.066318841473915,79.62142857142855,0.0289773568151547,2433.48,-0.0211016047650387,2364.95,-0.0032716411013838,2415.93,-0.008346346454149,2394.08,0.0057544447847321,2495.84,2416.9700000000003,31.2527190816162,0.2947304293291368,2446.63,2364.95,2430.483,37.04998457027843,0.22897076241771505,2494.13,2364.95,2444.0080000000003,33.476913584886425,0.2137826297651439,2495.84,2364.95,2570.0865999999996,126.08523167836312,0.20765308087888026,2798.92,2364.95,4,12,4,1.001072827911774,0.9519640310949242,0.017894001136249577,-0.002824467304649983,2392.82,-0.021993517614024127
2021-12-06,GOOGL,2408.0,2419.97,2365.67,2392.82,1369759,2392.82,-0.0219935176140241,2439.1665000000003,2561.9646,3164.71245,0.2055190374371096,2506.227490080484,2372.105509919517,44.464152590878186,-45.07399799528912,-50.67886754485177,5.60486954956265,79.80499999999999,0.0054037838815195,2446.63,0.0289773568151547,2433.48,-0.0211016047650387,2364.95,0.0124390162400589,2423.86,-0.0006851400730816,2494.13,2410.762,32.59595020848981,0.3348593043720305,2446.63,2364.95,2420.352,31.083224414321172,0.24984855239442155,2470.89,2364.95,2439.1665000000003,33.53049504024174,0.20551903743710873,2495.84,2364.95,2561.9646,124.10801541661903,0.21139482815574037,2759.28,2364.95,0,12,4,0.9809990420904103,0.9339785569242707,0.0226928895612612,-0.0063039867109607696,2376.61,-0.0067744335135948575
2021-12-07,GOOGL,2379.47,2401.89,2351.33,2376.61,1241434,2376.61,-0.0067744335135948,2434.84,2554.5572,3158.90015,0.2037853390841809,2506.402711254911,2363.277288745089,42.85041866769091,-45.90062985216127,-49.723220006313674,3.822590154152401,80.42714285714285,-0.0219935176140241,2392.82,0.0054037838815195,2446.63,0.0289773568151547,2433.48,-0.0032716411013838,2415.93,-0.0093178783784326,2470.89,2402.898,35.63854051436822,0.3363556284203856,2446.63,2364.95,2410.924,28.217218620154302,0.24866393313857674,2446.65,2364.95,2434.84,35.781355627455575,0.20378533908418003,2495.84,2364.95,2554.5572,123.8925905616646,0.20858404886180493,2759.28,2364.95,1,12,4,0.9760846708609288,0.9303412740176926,0.021273999520316195,-0.0012019483330315032,2381.48,0.002049137216455277
2021-12-08,GOOGL,2369.81,2418.67,2344.29,2381.48,1578648,2381.48,0.0020491372164552,2431.934,2547.5804,3153.25925,0.2020134323607567,2507.301922927227,2356.566077072773,36.15001383751431,-45.636701764500685,-48.905916357951085,3.2692145934503998,79.82214285714288,-0.0067744335135948,2376.61,-0.0219935176140241,2392.82,0.0054037838815195,2446.63,-0.0211016047650387,2364.95,-0.0098102303218677,2446.65,2406.204,31.798011415720534,0.2960236675735533,2446.63,2376.61,2404.407,26.524186048706156,0.24772649317709725,2446.63,2364.95,2431.934,37.683961463613436,0.2020134323607559,2495.84,2364.95,2547.5804,123.61466577940372,0.20872776912349655,2759.28,2364.95,2,12,4,0.9792535488212347,0.9348007230700415,0.03123267883835635,0.004924445419672948,2447.99,0.02792801115272847
2021-12-09,GOOGL,2436.36,2462.76,2433.22,2447.99,1359977,2447.99,0.0279280111527284,2432.111,2541.45,3148.0767,0.2267862107837182,2507.619182031703,2356.6028179682967,44.214446350642,-39.60420310021391,-47.04557370640365,7.441370606189743,76.94142857142859,0.0020491372164552,2381.48,-0.0067744335135948,2376.61,-0.0219935176140241,2392.82,0.0289773568151547,2433.48,-0.0132507714630208,2414.23,2409.1059999999998,35.37101822105657,0.28992552858703585,2447.99,2376.61,2407.783,29.85298200239489,0.2819731341267442,2447.99,2364.95,2432.111,37.75409101585159,0.22678621078371736,2495.84,2364.95,2541.45,120.70946671699191,0.21830327485690543,2759.28,2364.95,3,12,4,1.006528896090266,0.9632257176017772,0.012067042757522847,0.0047735145873331036,2405.62,-0.017308077238877617
2021-12-10,GOOGL,2383.46,2425.28,2383.46,2405.62,1231972,2405.62,-0.0173080772388776,2430.81,2534.3768,3143.08625,0.2345174936382746,2507.243329186782,2354.376670813218,40.25628041004074,-37.806499552978494,-45.19775887571862,7.391259322740126,74.40357142857144,0.0279280111527284,2447.99,0.0020491372164552,2381.48,-0.0067744335135948,2376.61,0.0054037838815195,2446.63,-0.008346346454149,2394.08,2400.904,28.601456780979397,0.31364862997038884,2447.99,2376.61,2408.9370000000004,29.48520157999784,0.2940913618526064,2447.99,2364.95,2430.81,38.21666459339098,0.2345174936382738,2495.84,2364.95,2534.3768,118.01646067201607,0.22068275800675943,2749.97,2364.95,4,12,4,0.9896371991225189,0.9491958733204355,0.017384291783400032,0.009297407969922112,2444.15,0.016016660985525677
2021-12-13,GOOGL,2434.64,2496.1,2392.2,2444.15,1077856,2444.15,0.0160166609855256,2430.056,2528.8062000000004,3138.50505,0.2381864922489309,2505.6012384235414,2354.5107615764587,47.15216835507345,-32.893580824483706,-42.73692326547164,9.843342440987932,74.33357142857143,-0.0173080772388776,2405.62,0.0279280111527284,2447.99,0.0020491372164552,2381.48,-0.0219935176140241,2392.82,0.0124390162400589,2423.86,2411.17,33.727158937484504,0.2850952545571245,2447.99,2376.61,2410.966,31.270300144098805,0.2986255670799081,2447.99,2364.95,2430.056,37.77261921177077,0.23818649224893002,2495.84,2364.95,2528.8062000000004,115.49340166486094,0.2232122416579583,2749.97,2364.95,0,12,4,1.0057998663401149,0.9665232551229245,0.04250966593701597,0.0039061216442662213,2500.18,0.022924124951414493
2021-12-14,GOOGL,2512.41,2519.31,2481.05,2500.18,1239661,2500.18,0.0229241249514144,2433.2705,2524.336,3134.5016000000005,0.2489662422134177,2515.072988824872,2351.468011175128,55.33943782637148,-24.199942722962078,-39.02952715696973,14.82958443400765,76.78928571428573,0.0160166609855256,2444.15,-0.0173080772388776,2405.62,0.0279280111527284,2447.99,-0.0067744335135948,2376.61,-0.0032716411013838,2415.93,2435.884,45.3446868992894,0.2897995404994992,2500.18,2381.48,2419.391,42.196860454460975,0.3165667243903422,2500.18,2364.95,2433.2704999999996,40.901244412435986,0.2489662422134168,2500.18,2364.95,2524.3360000000002,112.07124146391764,0.23011085468103148,2749.97,2364.95,1,12,4,1.0274977648391217,0.9904307508980618,0.01530289819132401,-0.004867836061787348,2475.83,-0.009739298770488514
2021-12-15,GOOGL,2453.42,2499.77,2451.89,2475.83,1456677,2475.83,-0.0097392987704885,2435.3455000000004,2520.683,3130.4805,0.2520408100300075,2519.337229035449,2351.353770964552,56.24493106085272,-19.055355119513933,-35.034692749478566,15.979337629964633,75.28642857142859,0.0229241249514144,2500.18,0.0160166609855256,2444.15,-0.0173080772388776,2405.62,0.0020491372164552,2381.48,-0.0211016047650387,2364.95,2454.754,35.63728988005083,0.32136539567202366,2500.18,2405.62,2430.4790000000003,40.848332061583626,0.2962140634204036,2500.18,2376.61,2435.3455000000004,41.99586451772449,0.25204081003000667,2500.18,2364.95,2520.683,110.57633745562586,0.22517784395577395,2749.97,2364.95,2,12,4,1.0166237193034757,0.9822060132111089,0.019338969153770966,0.009134188194435,2465.53,-0.004160221016790255
2021-12-16,GOOGL,2451.69,2500.21,2430.85,2465.53,1335507,2465.53,-0.0041602210167902,2434.544,2515.8216,3126.5961500000003,0.2428917033256521,2516.9702044181663,2352.117795581833,57.391124442322415,-15.629192693797904,-31.153592738342436,15.524400044544532,74.10785714285716,-0.0097392987704885,2475.83,0.0229241249514144,2500.18,0.0160166609855256,2444.15,0.0279280111527284,2447.99,0.0289773568151547,2433.48,2458.2619999999997,35.66828381061818,0.2728637439495981,2500.18,2405.62,2433.684,42.34005516177716,0.26542991587337983,2500.18,2376.61,2434.544,41.21310220908324,0.24289170332565113,2500.18,2364.95,2515.8216,107.44496340290429,0.2204501217641063,2749.97,2364.95,3,12,4,1.0127276401654632,0.9800098703338186,0.02813188239444338,0.005645085634804767,2425.65,-0.016175021192198047
2021-12-17,GOOGL,2435.65,2462.86,2388.43,2425.65,1397454,2425.65,-0.016175021192198,2431.0345,2510.3256,3122.9247,0.248161712348465,2508.2865793727724,2353.782420627228,50.18137602451607,-15.948077486256352,-28.112489687925223,12.16441220166887,72.13500000000006,-0.0041602210167902,2465.53,-0.0097392987704885,2475.83,0.0229241249514144,2500.18,-0.0173080772388776,2405.62,0.0054037838815195,2446.63,2462.268,28.727287028099944,0.268006590463931,2500.18,2425.65,2431.5860000000002,42.14663903816551,0.27819219386576083,2500.18,2376.61,2431.0345,38.62603968638599,0.24816171234846407,2500.18,2364.95,2510.3256,104.8039528807331,0.22279533421176737,2749.97,2364.95,4,12,4,0.9977850993060782,0.9662690768078187,0.030684558778046957,-0.004105680208566869,2418.42,-0.002980644363366536
2021-12-20,GOOGL,2432.09,2467.45,2369.39,2418.42,2053222,2418.42,-0.0029806443633665,2427.2490000000003,2503.6946000000003,3118.693,0.2482188400297212,2498.6838156017,2355.8141843983008,50.25266362109888,-16.592923662840803,-25.808576482908343,9.21565282006754,77.07357142857147,-0.016175021192198,2425.65,-0.0041602210167902,2465.53,-0.0097392987704885,2475.83,0.0160166609855256,2444.15,-0.0219935176140241,2392.82,2457.1220000000003,34.50726981368985,0.23648018901762327,2500.18,2418.42,2434.1459999999997,40.265862905776444,0.2526925883088779,2500.18,2376.61,2427.2490000000003,35.717407800849635,0.24821884002972022,2500.18,2364.95,2503.6946000000003,99.69629915980626,0.21784930717118975,2727.64,2364.95,0,12,4,0.9963625487121442,0.9659404944992228,0.040547134079258106,-0.005620680155748533,2417.66,-0.00031425476137325603
2021-12-21,GOOGL,2415.5,2451.38,2383.94,2417.66,1334273,2417.66,-0.0003142547613732,2424.5875,2497.495,3114.12255,0.2464727868247085,2493.0820969059755,2356.0929030940247,55.95552843697969,-16.96967865973329,-24.040796918273333,7.071118258540043,74.44142857142863,-0.0029806443633665,2418.42,-0.016175021192198,2425.65,-0.0041602210167902,2465.53,0.0229241249514144,2500.18,-0.0067744335135948,2376.61,2440.618,27.85836804255851,0.1004217215553145,2475.83,2417.66,2438.2509999999997,35.56675115566589,0.24905476934889048,2500.18,2381.48,2424.5875,34.247298452987636,0.24647278682470752,2500.18,2364.95,2497.495,95.01416752037628,0.21751344004066236,2711.95,2364.95,1,12,4,0.9971428129523074,0.9680339700375904,0.027894741196021013,0.0008942247981780006,2443.98,0.010886559731310586
2021-12-22,GOOGL,2453.66,2494.81,2393.15,2443.98,925632,2443.98,0.0108865597313105,2424.454,2492.2622,3109.88555,0.2475786298933356,2492.7777344601072,2356.130265539893,51.31145083753407,-14.971869285108369,-22.227011391640342,7.255142106531974,74.03285714285718,-0.0003142547613732,2417.66,-0.0029806443633665,2418.42,-0.016175021192198,2425.65,-0.0097392987704885,2475.83,0.0020491372164552,2381.48,2434.248,20.450478478377672,0.153490803462741,2465.53,2417.66,2444.5009999999997,29.44711661025626,0.2531951773960517,2500.18,2405.62,2424.454,34.16186723005345,0.24757862989333462,2500.18,2364.95,2492.2622,90.41126433995538,0.2190924113156276,2711.95,2364.95,2,12,4,1.0080537721066236,0.9806271587311396,0.04159608507432887,-0.003945126871692041,2487.66,0.017872486681560273
2021-12-23,GOOGL,2482.09,2530.86,2444.46,2487.66,1708753,2487.66,0.0178724866815602,2428.1255,2488.546,3105.7906,0.2500214318868518,2501.8168910493323,2354.434108950668,54.76151792789447,-9.75156998265129,-19.731923109842533,9.980353127191243,77.1114285714286,0.0108865597313105,2443.98,-0.0003142547613732,2417.66,-0.0029806443633665,2418.42,-0.0041602210167902,2465.53,0.0279280111527284,2447.99,2438.674,29.36502647699509,0.20869087415154208,2487.66,2417.66,2448.468,32.484781667596486,0.22902863056504916,2500.18,2405.62,2428.1255,36.845695524666056,0.25002143188685083,2500.18,2364.95,2488.546,86.54714954217616,0.22230690812633988,2711.95,2364.95,3,12,4,1.0245187079493936,0.9996439688070867,0.03473143435998704,0.002244076564507115,2458.73,-0.011629402731884508
2021-12-24,GOOGL,2442.01,2476.59,2440.88,2458.73,694781,2458.73,-0.0116294027318845,2431.358,2483.4816,3101.43565,0.2520201823150369,2504.430506918929,2358.28549308107,58.11759489417039,-7.858269161836233,-17.357192320241275,9.498923158405042,74.67,0.0178724866815602,2487.66,0.0108865597313105,2443.98,-0.0003142547613732,2417.66,-0.016175021192198,2425.65,-0.0173080772388776,2405.62,2445.29,29.423546692992076,0.1851080846164169,2487.66,2417.66,2453.7789999999995,28.837937377935013,0.21730476013451472,2500.18,2417.66,2431.3579999999997,36.53625345946486,0.252020182315036,2500.18,2364.95,2483.4816,80.39789885465372,0.22050212853138376,2710.61,2364.95,4,12,4,1.0112579060751188,0.9900335077976861,0.014523758200365845,0.0068468188090929,2383.19,-0.030723178226157444
2021-12-27,GOOGL,2378.34,2402.56,2363.82,2383.19,778610,2383.19,-0.0307231782261574,2429.3245,2477.504,3096.37805,0.2727797016406137,2505.4743416146966,2353.174658385303,50.70707070554503,-12.311343798954113,-16.348022615983844,4.036678817029731,77.83785714285715,-0.0116294027318845,2458.73,0.0178724866815602,2487.66,0.0108865597313105,2443.98,-0.0029806443633665,2418.42,0.0160166609855256,2444.15,2438.2439999999997,39.840817386125664,0.30519882773888174,2487.66,2383.19,2447.683,36.51957893441481,0.2574741112709115,2500.18,2383.19,2429.3244999999997,38.07492080734846,0.2727797016406129,2500.18,2364.95,2477.504,76.33996896267836,0.22898371165752726,2710.61,2364.95,0,12,4,0.9810093299594266,0.9619318475364876,0.016255523059421836,0.002039237451330705,2383.03,-6.713690473691969e-05
2021-12-28,GOOGL,2386.84,2415.77,2350.28,2383.03,1372536,2383.03,-6.713690473691969e-05,2427.6795,2470.9524,3091.5359499999995,0.2726170118084913,2506.424845587074,2348.9341544129256,50.16826244446829,-15.672683257676908,-16.212954744322456,0.5402714866455476,77.20285714285713,-0.0307231782261574,2383.19,-0.0116294027318845,2458.73,0.0178724866815602,2487.66,-0.0003142547613732,2417.66,0.0229241249514144,2500.18,2431.318,46.72847172757245,0.3053297009598064,2487.66,2383.03,2435.968,36.59808732088062,0.2168029238098389,2487.66,2383.03,2427.6794999999997,39.37267279353696,0.27261701180849035,2500.18,2364.95,2470.9524,69.69357252475638,0.22713590648090135,2694.81,2364.95,1,12,4,0.9816081570895245,0.9644176067491368,0.027481819364410978,-0.0015962527861098142,2394.9,0.004981053532687296
2021-12-29,GOOGL,2416.36,2425.88,2363.91,2394.9,1475327,2394.9,0.0049810535326872,2429.177,2464.9542,3086.4532,0.2620487364907977,2503.937804845195,2354.4161951548053,43.46101736517196,-17.180710659722536,-16.40650592740247,-0.7742047323200651,75.82357142857141,-6.713690473691969e-05,2383.03,-0.0307231782261574,2383.19,-0.0116294027318845,2458.73,0.0108865597313105,2443.98,-0.0097392987704885,2475.83,2421.502,48.52415759180619,0.2912908184885712,2487.66,2383.03,2427.875,35.741999959463094,0.21980093916417817,2487.66,2383.03,2429.177,37.38040242259746,0.26204873649079685,2500.18,2376.61,2464.9542,62.57653775910354,0.22761031482199842,2611.65,2364.95,2,12,4,0.9858894596807948,0.9715799181984917,0.02587581944965317,-0.008881126984386083,2405.13,0.004271577101340407
2021-12-30,GOOGL,2384.38,2452.92,2357.34,2405.13,729278,2405.13,0.0042715771013404,2427.7595,2460.8238,3081.5659,0.2405557764727143,2503.2482952581204,2352.27070474188,49.93445868034812,-17.350353659505345,-16.595275473823044,-0.7550781856823008,78.04142857142857,0.0049810535326872,2394.9,-6.713690473691969e-05,2383.03,-0.0307231782261574,2383.19,0.0178724866815602,2487.66,-0.0041602210167902,2465.53,2404.996,31.413757813962626,0.2384094409265985,2458.73,2383.03,2421.835,33.717840727490334,0.22285708603523008,2487.66,2383.03,2427.7595,37.74439762906024,0.24055577647271353,2500.18,2376.61,2460.8238,59.43296648890743,0.2183828232087121,2591.84,2364.95,3,12,4,0.990678854309502,0.9773678229213415,0.039740055631072,0.008702471921418271,2393.24,-0.004943599722260439
2021-12-31,GOOGL,2393.6,2433.0,2353.48,2393.24,1029624,2393.24,-0.0049435997222604,2425.09,2456.916,3076.9723,0.2400043954545346,2501.5389881523784,2348.641011847621,42.667857244009085,-18.234030042132872,-16.92302638748501,-1.3110036546478625,76.29999999999998,0.0042715771013404,2405.13,0.0049810535326872,2394.9,-6.713690473691969e-05,2383.03,-0.0116294027318845,2458.73,-0.016175021192198,2425.65,2391.898,9.224552563359355,0.2342717775269575,2405.13,2383.03,2418.594,34.849061903394045,0.2101726025555237,2487.66,2383.03,2425.0899999999997,38.22449407618938,0.24000439545453375,2500.18,2376.61,2456.9159999999997,57.24120073183821,0.21789330109800273,2591.84,2364.95,4,12,4,0.9868664668111339,0.9740829560306602,0.03322692249835652,-0.00015040106951870694,2398.68,0.0022730691447576667
2022-01-03,GOOGL,2390.47,2429.29,2368.06,2398.68,941659,2398.68,0.0022730691447576,2425.383,2454.0706,3072.2083499999994,0.2269457091683731,2501.354663997672,2349.411336002328,32.888259489984364,-18.28461376023506,-17.19534386203502,-1.0892698982000404,75.30499999999999,-0.0049435997222604,2393.24,0.0042715771013404,2405.13,0.0049810535326872,2394.9,-0.0307231782261574,2383.19,-0.0029806443633665,2418.42,2394.996,8.101662174776632,0.06358669079024806,2405.13,2383.03,2416.62,35.414504875072964,0.21062578849396052,2487.66,2383.03,2425.383,37.985831998836,0.22694570916837226,2500.18,2376.61,2454.0706,56.51008605692755,0.21454467222615556,2591.84,2364.95,0,1,1,0.9889901924764093,0.9774290927078554,0.025526539596767595,0.0034344710454415252,2458.22,0.024821985425317328
2022-01-04,GOOGL,2458.62,2478.9,2437.53,2458.22,987726,2458.22,0.0248219854253173,2429.4635,2452.3746,3067.3877500000003,0.2412915172391181,2503.137031139582,2355.789968860417,47.34605298651822,-13.36624358199333,-16.429523806026683,3.0632802240333525,77.5857142857143,0.0022730691447576,2398.68,-0.0049435997222604,2393.24,0.0042715771013404,2405.13,-6.713690473691969e-05,2383.03,-0.0003142547613732,2417.66,2410.034,27.32182973364585,0.17597644332506154,2458.22,2393.24,2420.676,37.78984496148775,0.24674609396223518,2487.66,2383.03,2429.4635,36.8367655697911,0.24129151723911735,2500.18,2381.48,2452.3746,55.039411193513835,0.22225592441449776,2591.84,2364.95,1,1,1,1.0118365639158555,1.0023835673387733,0.016829250433233422,-0.00016269289276095057,2473.95,0.006398939069733434
2022-01-05,GOOGL,2450.4,2497.54,2450.36,2473.95,1750253,2473.95,0.0063989390697334,2434.0870000000004,2451.9392000000003,3061.91755,0.2418446564561591,2506.679729837854,2361.4942701621467,51.24851719834668,-8.10568297417467,-14.764755639656283,6.659072665481613,76.00142857142858,0.0248219854253173,2458.22,0.0022730691447576,2398.68,-0.0049435997222604,2393.24,0.0049810535326872,2394.9,0.0108865597313105,2443.98,2425.844,37.39106216724087,0.17560417228565892,2473.95,2393.24,2423.673,40.903509778664635,0.24310732007893268,2487.66,2383.03,2434.0870000000004,36.29636491892687,0.24184465645615835,2500.18,2383.03,2451.9392000000003,54.77499391628166,0.21889372206273966,2591.84,2364.95,2,1,1,1.016376982416398,1.0089768946958353,0.019070716869775368,0.009610675808027307,2459.88,-0.005687261262353638
2022-01-06,GOOGL,2450.68,2500.5,2419.27,2459.88,1591892,2459.88,-0.0056872612623536,2434.6815,2450.4636,3056.71145,0.2227595388912552,2507.9452813229195,2361.41771867708,55.49632293658451,-5.014181837288561,-12.81464087918274,7.800459041894179,76.29642857142855,0.0063989390697334,2473.95,0.0248219854253173,2458.22,0.0022730691447576,2398.68,0.0042715771013404,2405.13,0.0178724866815602,2487.66,2436.794,37.82272174228837,0.19675486765635214,2473.95,2393.24,2420.895,36.813813605945306,0.2264014805339645,2473.95,2383.03,2434.6814999999997,36.63189066146003,0.2227595388912545,2500.18,2383.03,2450.4636,53.50769453572716,0.21640184481739358,2591.84,2364.95,3,1,1,1.0103498137226532,1.0038427014378,0.03302193602938639,0.0037540600976041423,2440.94,-0.007699562580288477
2022-01-07,GOOGL,2456.55,2473.81,2408.06,2440.94,1190856,2440.94,-0.0076995625802884,2436.4475,2448.6692,3051.20895,0.2151464942888993,2508.4536923875557,2364.441307612445,53.4849891651229,-4.045807079474798,-11.060874119241152,7.015067039766354,73.9885714285714,-0.0056872612623536,2459.88,0.0063989390697334,2473.95,0.0248219854253173,2458.22,-0.0049435997222604,2393.24,-0.0116294027318845,2458.73,2446.334,29.100745351187438,0.20591212876287354,2473.95,2398.68,2419.116,35.17571485480568,0.22206817773663523,2473.95,2383.03,2436.4475,36.00309619377761,0.21514649428889854,2500.18,2383.03,2448.6692,52.2530807934444,0.2170013029842008,2591.84,2364.95,4,1,1,1.0018438730976136,0.9968435099355206,0.026936344195258,-0.006354440170154799,2434.98,-0.002441682302719461
2022-01-10,GOOGL,2437.6,2472.23,2397.72,2434.98,964579,2434.98,-0.0024416823027194,2435.989,2446.8856,3045.7876,0.2076978723293585,2507.905408171285,2364.072591828715,52.63783124965909,-3.7164444392556106,-9.591988183244045,5.875543743988434,74.49357142857141,-0.0076995625802884,2440.94,-0.0056872612623536,2459.88,0.0063989390697334,2473.95,0.0022730691447576,2398.68,-0.0307231782261574,2383.19,2453.594,15.667523096990218,0.21108948738117342,2473.95,2434.98,2424.2949999999996,33.04667885468118,0.14772126448368642,2473.95,2383.03,2435.989,35.958204085642606,0.2076978723293577,2500.18,2383.03,2446.8856,51.13374021530422,0.21699566407880097,2591.84,2364.95,0,1,1,0.9995857945167241,0.9951343863395187,0.03059984065576293,-0.0010748276993759502,2500.26,0.026809255106818197
2022-01-11,GOOGL,2497.79,2521.3,2479.23,2500.26,699395,2500.26,0.0268092551068181,2435.993,2445.8612,3040.46585,0.2137804846594327,2507.924448389538,2364.0615516104617,57.66214670585618,1.7914772240410457,-7.315295101787027,9.106772325828072,73.39785714285715,-0.0024416823027194,2434.98,-0.0076995625802884,2440.94,-0.0056872612623536,2459.88,0.0248219854253173,2458.22,-6.713690473691969e-05,2383.03,2462.002,26.38526331107583,0.2240586950920132,2500.26,2434.98,2436.018,37.30108809839955,0.1913799187328748,2500.26,2393.24,2435.993,35.96572419476912,0.21378048465943192,2500.26,2383.03,2445.8612,49.48194441428571,0.22418280737353677,2591.84,2364.95,1,1,1,1.026382259718716,1.0222411639707838,0.016826250069986056,0.0009888741647613554,2493.62,-0.0026557238047244525
2022-01-12,GOOGL,2482.92,2539.15,2448.09,2493.62,2117837,2493.62,-0.0026557238047244,2436.8825,2443.8968,3035.5206,0.2109213718285169,2511.285659773352,2362.4793402266487,50.90242868174965,5.556698159968164,-4.740896449435989,10.297594609404154,73.69642857142857,0.0268092551068181,2500.26,-0.0024416823027194,2434.98,-0.0076995625802884,2440.94,0.0063989390697334,2473.95,0.0049810535326872,2394.9,2465.936,29.850837174103553,0.22583096268166442,2500.26,2434.98,2445.89,38.2609130400466,0.1950693110737497,2500.26,2393.24,2436.8825,37.20157988667573,0.21092137182851614,2500.26,2383.03,2443.8968,45.34512279151567,0.22116452704031148,2591.72,2364.95,2,1,1,1.0232828213912557,1.0203458673046175,0.03651719187364692,0.004309442108483361,2493.51,-4.411257529202128e-05
2022-01-13,GOOGL,2483.44,2548.49,2438.53,2493.51,1520694,2493.51,-4.411257529202128e-05,2438.2815,2441.9326,3030.91845,0.2102351525913154,2515.9339563006347,2360.6290436993654,55.76974120510695,8.434558458372976,-2.1058054678741964,10.540363926247172,78.2092857142857,-0.0026557238047244,2493.62,0.0268092551068181,2500.26,-0.0024416823027194,2434.98,-0.0056872612623536,2459.88,0.0042715771013404,2405.13,2472.662,31.865909997910144,0.21766232263445015,2500.26,2434.98,2454.728,38.00622984009483,0.19617205881267538,2500.26,2393.24,2438.2815,38.82622815031726,0.21023515259131462,2500.26,2383.03,2441.9326,40.700422442250236,0.22116455918538347,2560.63,2364.95,3,1,1,1.022650584027717,1.0211215493822308,0.0440984796531618,0.004054859388588453,2475.01,-0.007419260399998406
2022-01-14,GOOGL,2469.23,2500.16,2449.87,2475.01,904524,2475.01,-0.0074192603999984,2440.7495,2440.2202,3026.4298000000003,0.2031196009919549,2519.83593012916,2361.66306987084,68.78785398198141,9.117388510303954,0.13883332776143353,8.97855518254252,75.02214285714285,-4.411257529202128e-05,2493.51,-0.0026557238047244,2493.62,0.0268092551068181,2500.26,-0.0076995625802884,2440.94,-0.0049435997222604,2393.24,2479.4759999999997,26.593324914251983,0.21681846568033156,2500.26,2434.98,2462.9049999999997,31.556322926763976,0.19958434015145934,2500.26,2398.68,2440.7495,39.54321506457988,0.20311960099195414,2500.26,2383.03,2440.2201999999997,37.260287142162426,0.22019655160337562,2500.26,2364.95,4,1,1,1.0140368767868175,1.0142568281333733,0.020319109821770272,0.0023408106980710016,2519.6,0.01801608882388339
2022-01-17,GOOGL,2536.51,2556.97,2482.24,2519.6,1600252,2519.6,0.0180160888238833,2445.8085,2440.8192,3022.1382,0.211063413400175,2531.545645981777,2360.0713540182232,73.64520931808218,13.105504493893477,2.7321675609878424,10.373336932905634,76.19857142857141,-0.0074192603999984,2475.01,-4.411257529202128e-05,2493.51,-0.0026557238047244,2493.62,-0.0024416823027194,2434.98,0.0022730691447576,2398.68,2496.4,16.02148713431887,0.2333756663707386,2519.6,2475.01,2474.9970000000003,27.058622388200703,0.212260871392251,2519.6,2434.98,2445.8085,42.86857299088847,0.21106341340017423,2519.6,2383.03,2440.8192,38.2974471275544,0.2150919528498712,2519.6,2364.95,0,1,1,1.0301705959395306,1.0322763767176888,0.02965946975709254,-0.006666640383831975,2600.57,0.032136053341800475
2022-01-18,GOOGL,2624.87,2664.31,2536.83,2600.57,1166761,2600.57,0.0321360533418004,2454.954,2443.5678,3018.41925,0.2360239599092414,2563.922906120508,2345.985093879492,78.73368911927611,22.539891609310416,6.693712370652357,15.84617923865806,82.1085714285714,0.0180160888238833,2519.6,-0.0074192603999984,2475.01,-4.411257529202128e-05,2493.51,0.0268092551068181,2500.26,0.0248219854253173,2458.22,2516.462,49.6256543533217,0.2631144819114631,2600.57,2475.01,2489.2320000000004,47.19967014942019,0.23348997543485522,2600.57,2434.98,2454.9539999999997,54.48445306025397,0.2360239599092407,2600.57,2383.03,2443.5678,44.380632900984146,0.22507689269063666,2600.57,2364.95,1,1,1,1.0593151643570269,1.0642512149648298,0.04902002253350265,-0.009257601328824083,2620.1,0.007509892062124823
2022-01-19,GOOGL,2616.89,2650.66,2589.54,2620.1,1069806,2620.1,0.0075098920621248,2463.76,2447.1778,3014.6161,0.2349732901974407,2595.152875558058,2332.367124441941,79.27231133443225,31.232589302479937,11.601487757017875,19.631101545462062,79.64714285714282,0.0321360533418004,2600.57,0.0180160888238833,2519.6,-0.0074192603999984,2475.01,-0.0026557238047244,2493.62,0.0063989390697334,2473.95,2541.7580000000003,64.94317185043857,0.24653705008990695,2620.1,2475.01,2503.847,62.18895168930114,0.23364414498408032,2620.1,2434.98,2463.7599999999998,65.69643777902917,0.23497329019743995,2620.1,2383.03,2447.1778,50.9118200176369,0.22414735765645846,2620.1,2364.95,2,1,1,1.0634558560894471,1.0706618865204356,0.023327353917780454,0.0012266468976528666,2624.29,0.0015991756039845928
2022-01-20,GOOGL,2618.69,2668.64,2579.93,2624.29,1428187,2624.29,0.0015991756039845,2470.5914999999995,2450.7746,3010.5492,0.228874221560529,2620.1661248217683,2321.0168751782307,82.13580349620327,38.02142550878125,16.885475307370548,21.1359502014107,80.3035714285714,0.0075098920621248,2620.1,0.0321360533418004,2600.57,0.0180160888238833,2519.6,-4.411257529202128e-05,2493.51,-0.0056872612623536,2459.88,2567.9139999999998,66.95790117675325,0.2425463120498163,2624.29,2475.01,2520.288,70.45687866421069,0.2263158700288104,2624.29,2434.98,2470.5914999999995,74.7873124108845,0.22887422156052822,2624.29,2383.03,2450.7745999999997,56.73481086705504,0.22414493430286853,2624.29,2364.95,3,1,1,1.0622112154109404,1.070800227813251,0.03380342873690264,0.002138473817060351,2626.55,0.0008611853110747081
2022-01-21,GOOGL,2644.75,2644.75,2608.68,2626.55,892010,2626.55,0.0008611853110747,2478.9825,2454.6728,3006.3232000000003,0.2226577935406698,2643.807051553411,2314.157948446589,81.97636888903581,43.08730657629576,22.125841561155593,20.961465015140167,78.50642857142854,0.0015991756039845,2624.29,0.0075098920621248,2620.1,0.0321360533418004,2600.57,-0.0074192603999984,2475.01,-0.0076995625802884,2440.94,2598.222,45.13201491176936,0.20910746070417296,2626.55,2519.6,2538.849,71.66895042092396,0.21498733900768927,2626.55,2434.98,2478.9825,82.41227577670554,0.22265779354066906,2626.55,2383.03,2454.6728,61.857993990829485,0.2236166960191362,2626.55,2364.95,4,1,1,1.0595274472485952,1.0700204116813168,0.013732843463854269,-0.006881557803192338,2528.92,-0.037170432696883804
2022-01-24,GOOGL,2525.22,2572.22,2485.63,2528.92,1045838,2528.92,-0.0371704326968838,2486.269,2456.0666,3001.14875,0.2365079738130741,2646.071226438753,2326.466773561246,58.96298174232893,38.77713012974709,25.456099274873893,13.3210308548732,82.84214285714282,0.0008611853110747,2626.55,0.0015991756039845,2624.29,0.0075098920621248,2620.1,0.0180160888238833,2519.6,-0.0024416823027194,2434.98,2600.0860000000002,41.083971692086735,0.394409799442472,2626.55,2528.92,2548.243,62.05310414827745,0.3095565465719103,2626.55,2475.01,2486.269,79.90111321937685,0.23650797381307348,2626.55,2383.03,2456.0666,62.7415990509284,0.2387975952140768,2626.55,2364.95,0,1,1,1.0171546200346717,1.0296626321122442,0.0342399126899884,0.0014652188720185996,2559.95,0.012270059946538403
2022-01-25,GOOGL,2562.61,2577.34,2542.56,2559.95,1259740,2559.95,0.0122700599465384,2495.115,2458.5478,2996.0056,0.2383793525531528,2650.3771784698497,2339.852821530151,60.49548449878707,37.43363427983286,27.851606275865688,9.58202800396717,82.93071428571427,-0.0371704326968838,2528.92,0.0008611853110747,2626.55,0.0015991756039845,2624.29,0.0321360533418004,2600.57,0.0268092551068181,2500.26,2591.9620000000004,44.811377684647304,0.3122188449237064,2626.55,2528.92,2554.212,59.752903750857726,0.28731849901380296,2626.55,2475.01,2495.1150000000002,77.63108923492466,0.2383793525531522,2626.55,2393.24,2458.5478,64.35960075501569,0.23903285325577894,2626.55,2364.95,1,1,1,1.0259847742484711,1.0412447543216197,0.013586202855519295,-0.0010380042222574918,2566.15,0.0024219223031700654
2022-01-26,GOOGL,2552.34,2628.21,2504.09,2566.15,982692,2566.15,0.00242192230317,2503.6775,2461.1842,2991.23465,0.2383692241616281,2654.4940362811203,2352.8609637188792,63.223253612509936,36.449030587964444,29.57109113828544,6.877939449679005,85.99428571428568,0.0122700599465384,2559.95,-0.0371704326968838,2528.92,0.0008611853110747,2626.55,0.0075098920621248,2620.1,-0.0026557238047244,2493.62,2581.172,42.79202636001239,0.30340825318272585,2626.55,2528.92,2561.465,55.855717751616524,0.28588929896273624,2626.55,2475.01,2503.6775,75.40826814056021,0.2383692241616276,2626.55,2393.24,2461.1842,66.02565265507566,0.2390167177377008,2626.55,2364.95,2,1,1,1.02495229517339,1.0426484941675465,0.04836817800984024,0.005410721142165438,2584.5,0.0071507900941099045
2022-01-27,GOOGL,2597.09,2634.41,2534.58,2584.5,1568242,2584.5,0.0071507900941099,2512.646,2463.2430000000004,2986.16235,0.2387010658696226,2660.0828504105807,2365.2091495894188,67.88954241613384,36.726061534928704,31.00208521761409,5.723976317314612,88.4285714285714,0.00242192230317,2566.15,0.0122700599465384,2559.95,-0.0371704326968838,2528.92,0.0015991756039845,2624.29,-4.411257529202128e-05,2493.51,2573.214,35.91620428157625,0.3122964788393442,2626.55,2528.92,2570.564,50.73193388338717,0.28601296728058645,2626.55,2475.01,2512.6459999999997,73.71842520529042,0.2387010658696221,2626.55,2393.24,2463.2430000000004,68.24171236964202,0.2357702137478725,2626.55,2364.95,3,1,1,1.0285969452119286,1.0492265683892943,0.03862642677498986,-0.0048477334247158535,2555.94,-0.011050493325594823
2022-01-28,GOOGL,2557.58,2609.01,2502.87,2555.94,2534377,2555.94,-0.0110504933255948,2520.781,2464.445,2981.1158,0.2425901605444738,2658.083379463577,2383.478620536423,64.26953567171628,34.24628735907527,31.65092564590633,2.5953617131689377,90.68785714285711,0.0071507900941099,2584.5,0.00242192230317,2566.15,0.0122700599465384,2559.95,0.0008611853110747,2626.55,-0.0074192603999984,2475.01,2559.0919999999996,20.1022553459994,0.3147145655798661,2584.5,2528.92,2578.657,38.86142047203151,0.2905244002548589,2626.55,2519.6,2520.781,68.65118973178838,0.24259016054447327,2626.55,2398.68,2464.445,69.3479195353087,0.2370137064653485,2626.55,2364.95,4,1,1,1.013947661458487,1.0371260060577383,0.04152679640365533,-0.0006412311638342618,2540.96,-0.005860857453617863
2022-01-31,GOOGL,2556.66,2589.44,2492.47,2540.96,887454,2540.96,-0.0058608574536178,2527.895,2465.3816,2975.72785,0.2448016325387806,2652.7385560803227,2403.051443919677,55.44787706597344,30.718187507804487,31.464378018285963,-0.7461905104814761,91.44857142857141,-0.0110504933255948,2555.94,0.0071507900941099,2584.5,0.00242192230317,2566.15,-0.0371704326968838,2528.92,0.0180160888238833,2519.6,2561.5,15.857413092802645,0.1504215684293174,2584.5,2540.96,2580.793,35.71429780593091,0.2814136838415473,2626.55,2528.92,2527.895,62.42177804016148,0.24480163253878,2626.55,2434.98,2465.3816,70.06950605661861,0.23744080034142756,2626.55,2364.95,0,1,1,1.005168331753888,1.030655862767439,0.03816274164093968,-0.0061408243567755115,2524.99,-0.006285026131855775
2022-02-01,GOOGL,2539.17,2567.39,2482.58,2524.99,616480,2524.99,-0.0062850261318557,2531.2335,2466.4636,2969.79365,0.2326204399393489,2651.727230656048,2410.739769343952,54.09669078079411,26.32998178378557,30.437498771385886,-4.107516987600317,91.00214285714284,-0.0058608574536178,2540.96,-0.0110504933255948,2555.94,0.0071507900941099,2584.5,0.0122700599465384,2559.95,0.0321360533418004,2600.57,2554.508,22.869015501234664,0.11661100186416523,2584.5,2524.99,2573.2349999999997,38.91759249424872,0.2222005959397249,2626.55,2524.99,2531.2335,60.246865328023844,0.23262043993934828,2626.55,2434.98,2466.4636,70.57219938154917,0.23689406147737327,2626.55,2364.95,1,2,1,0.997533416019898,1.0237288723818896,0.03358825183464741,-0.005584502022312293,2567.3,0.016756502005948803
2022-02-02,GOOGL,2552.67,2603.24,2531.36,2567.3,538819,2567.3,0.0167565020059488,2535.901,2468.8766,2963.9298,0.2383812798312287,2654.2650172742824,2417.5369827257173,58.67974686328952,25.96702878879887,29.543404774868485,-3.576375986069614,88.73714285714287,-0.0062850261318557,2524.99,-0.0058608574536178,2540.96,-0.0110504933255948,2555.94,0.00242192230317,2566.15,0.0075098920621248,2620.1,2554.738,23.020654204338218,0.18234580920436846,2584.5,2524.99,2567.955,35.263016587944826,0.23852660652446547,2626.55,2524.99,2535.901,59.182008637141344,0.2383812798312281,2626.55,2434.98,2468.8766,71.93046576054358,0.23842625237512594,2626.55,2364.95,2,2,1,1.012381792506485,1.0398656619771762,0.027998286137175886,0.005731253941948775,2552.48,-0.005772601565847468
2022-02-03,GOOGL,2563.49,2609.06,2495.9,2552.48,1129905,2552.48,-0.0057726015658474,2540.531,2471.6416,2958.42925,0.2384177841559975,2653.495480286323,2427.566519713677,59.19219724998527,24.20452112846715,28.475628045588216,-4.271106917121067,93.22785714285715,0.0167565020059488,2567.3,-0.0062850261318557,2524.99,-0.0058608574536178,2540.96,0.0071507900941099,2584.5,0.0015991756039845,2624.29,2548.334,16.078463234887842,0.1739398046268179,2567.3,2524.99,2560.774,29.32859590519933,0.2383425672237201,2626.55,2524.99,2540.531,56.48224014316164,0.2384177841559969,2626.55,2434.98,2471.6416,72.44232324674498,0.23670048915348044,2626.55,2364.95,3,2,1,1.0047033474494094,1.0327063600155328,0.044333354228027456,-0.00429492605783345,2639.69,0.03416677114022448
2022-02-04,GOOGL,2655.53,2703.4,2575.97,2639.69,920402,2639.69,0.0341667711402244,2550.4685,2476.5538,2953.6262,0.2611599023079626,2661.495938481811,2439.4410615181887,62.94045386762963,29.50472713671479,28.68144786381353,0.8232792729012601,98.15357142857147,-0.0057726015658474,2552.48,0.0167565020059488,2567.3,-0.0062850261318557,2524.99,-0.0110504933255948,2555.94,0.0008611853110747,2626.55,2565.084,44.49528885169577,0.2902756461755238,2639.69,2524.99,2562.088,32.70318666079018,0.30222957517613497,2639.69,2524.99,2550.4685,55.513719240905644,0.26115990230796193,2639.69,2434.98,2476.5538,75.34473116174009,0.24688397709388452,2639.69,2364.95,4,2,1,1.0349823963710845,1.0658722616883727,0.048274608003194316,-0.005964910959391978,2658.67,0.007190238247672953
2022-02-07,GOOGL,2650.49,2698.5,2618.84,2658.67,1304038,2658.67,0.0071902382476729,2561.653,2481.25,2948.528,0.2602207846907343,2668.69140689968,2454.6145931003207,57.22600865429288,34.835148058997675,29.912187902850363,4.922960156147312,93.50714285714288,0.0341667711402244,2639.69,-0.0057726015658474,2552.48,0.0167565020059488,2567.3,-0.0058608574536178,2540.96,-0.0371704326968838,2528.92,2588.626,57.71604222394419,0.2689831875855434,2658.67,2524.99,2575.0629999999996,42.387034194086105,0.21667517745515102,2658.67,2524.99,2561.6530000000002,53.51920344983987,0.2602207846907336,2658.67,2475.01,2481.25,79.21187761377844,0.24603036011701973,2658.67,2364.95,0,2,1,1.0378728110321587,1.0715042821154372,0.02996234959583923,0.0030862217929504376,2605.66,-0.01993854069892098
2022-02-08,GOOGL,2588.6,2667.24,2544.09,2605.66,1265365,2605.66,-0.0199385406989209,2566.923,2485.0446,2943.2094500000003,0.2600477902231057,2671.5867274122784,2462.259272587721,48.34213547490978,34.38570407435827,30.806891137151947,3.578812937206326,97.93785714285715,0.0071902382476729,2658.67,0.0341667711402244,2639.69,-0.0057726015658474,2552.48,-0.0062850261318557,2524.99,0.0122700599465384,2559.95,2604.7599999999998,45.45231842267542,0.32925100937627944,2658.67,2552.48,2579.634,43.03587552513738,0.24526651834760155,2658.67,2524.99,2566.923,52.33186370613923,0.26004779022310504,2658.67,2475.01,2485.0446,80.55201798127302,0.25065772480623005,2658.67,2364.95,1,2,1,1.0150908305387365,1.048536513187309,0.047262497793247156,0.006590434984158756,2601.02,-0.0017807388531120294
2022-02-09,GOOGL,2575.14,2644.37,2557.67,2601.02,631937,2601.02,-0.001780738853112,2572.293,2489.766,2937.83935,0.2598498319128322,2672.0256877948195,2472.5603122051807,47.33111595214445,33.271573270731096,31.29982756386778,1.9717457068633166,97.7942857142857,-0.0199385406989209,2605.66,0.0071902382476729,2658.67,0.0341667711402244,2639.69,0.0167565020059488,2567.3,0.00242192230317,2566.15,2611.504,40.764510667937095,0.318941222543362,2658.67,2552.48,2583.121,43.23415610876868,0.24591200548983302,2658.67,2524.99,2572.293,49.86634389740961,0.25984983191283145,2658.67,2475.01,2489.766,80.2872079169543,0.24534110697010922,2658.67,2376.61,2,2,1,1.0111678568495068,1.0446845205529176,0.033333077023616306,0.010049939032437095,2574.74,-0.010103728537266266
2022-02-10,GOOGL,2572.21,2615.34,2534.14,2574.74,580635,2574.74,-0.0101037285372662,2576.3545000000004,2492.5912,2932.1083500000004,0.2634500470492915,2668.9381223952782,2483.7708776047225,44.36811096240805,29.923105281898188,31.024483107473863,-1.1013778255756748,101.01785714285714,-0.001780738853112,2601.02,-0.0199385406989209,2605.66,0.0071902382476729,2658.67,-0.0057726015658474,2552.48,0.0071507900941099,2584.5,2615.9559999999997,33.22513701997941,0.32761635598349914,2658.67,2574.74,2582.145,43.30966539537788,0.24994831545957705,2658.67,2524.99,2576.3545000000004,46.29181119763883,0.2634500470492908,2658.67,2475.01,2492.5912,80.75019822151862,0.23886062446293171,2658.67,2376.61,3,2,1,0.9993733393440227,1.0329571892891891,0.03153716491761061,0.0009835899868201902,2486.58,-0.03424035048199037
2022-02-11,GOOGL,2479.25,2521.62,2451.55,2486.58,1350797,2486.58,-0.0342403504819903,2576.933,2493.3902000000003,2925.72295,0.2915181413272636,2666.959620414185,2486.906379585815,45.3007769131316,19.92595109940021,28.804776705859133,-8.878825606458925,99.75142857142853,-0.0101037285372662,2574.74,-0.001780738853112,2601.02,-0.0199385406989209,2605.66,0.0341667711402244,2639.69,-0.0110504933255948,2555.94,2585.334,63.05146929292036,0.255191544059867,2658.67,2486.58,2575.209,52.54250162163497,0.300047729651454,2658.67,2486.58,2576.933,45.01331020709255,0.2915181413272628,2658.67,2486.58,2493.3902000000003,80.48335024900709,0.2515505196085903,2658.67,2376.61,4,2,1,0.9649377768063955,0.9972686986573551,0.02817926630149504,0.002956539275989501,2551.74,0.02620466665058019
2022-02-14,GOOGL,2554.54,2575.17,2528.3,2551.74,1266798,2551.74,0.0262046666505801,2578.54,2496.5686,2919.5741,0.2994252490964018,2665.34738411497,2491.73261588503,49.15296205210544,17.064295245883386,26.456680413863985,-9.3923851679806,102.62071428571426,-0.0342403504819903,2486.58,-0.0101037285372662,2574.74,-0.001780738853112,2601.02,0.0071902382476729,2658.67,-0.0058608574536178,2540.96,2563.948,48.38784475460596,0.3588608727933228,2605.66,2486.58,2576.287,51.86800492054138,0.33175316214668826,2658.67,2486.58,2578.54,43.40369205748491,0.299425249096401,2658.67,2486.58,2496.5686,79.56336666032158,0.25270722065750956,2658.67,2376.61,0,2,1,0.989606521519546,1.02209889205487,0.01836785879438404,-0.0010960877496532001,2581.31,0.01158817120866562
2022-02-15,GOOGL,2565.2,2594.41,2565.2,2581.31,1012066,2581.31,0.0115881712086656,2577.577,2500.6626,2913.6310000000003,0.2791005822898143,2663.7805947720326,2491.373405227968,51.49212598283288,16.986652679784584,24.56267486704811,-7.576022187263526,96.80285714285712,0.0262046666505801,2551.74,-0.0342403504819903,2486.58,-0.0101037285372662,2574.74,-0.0199385406989209,2605.66,-0.0062850261318557,2524.99,2559.078,44.18285210345524,0.36240703990747336,2601.02,2486.58,2581.919,48.63613595983993,0.3334657064560611,2658.67,2486.58,2577.577,43.101797386016266,0.2791005822898136,2658.67,2486.58,2500.6626,78.52454884080086,0.25301056810525974,2658.67,2381.48,1,2,1,1.00144825935326,1.0322504123502978,0.011315959725871252,0.006280212069231969,2604.13,0.008840472473279126
2022-02-16,GOOGL,2622.86,2629.73,2578.53,2604.13,618451,2604.13,0.0088404724732791,2576.7785000000003,2505.1156,2907.8909500000004,0.2796290746824781,2661.608531989917,2491.948468010084,51.91523406106345,18.552640382359186,23.360667970110327,-4.808027587751141,93.32928571428569,0.0115881712086656,2581.31,0.0262046666505801,2551.74,-0.0342403504819903,2486.58,-0.001780738853112,2601.02,0.0167565020059488,2567.3,2559.7,44.93638447845811,0.3699614455880383,2604.13,2486.58,2585.602,48.80030960732468,0.32621682184180045,2658.67,2486.58,2576.7785000000003,42.41501599495838,0.2796290746824774,2658.67,2486.58,2505.1156,77.93884101926878,0.2535068543132194,2658.67,2383.03,2,2,1,1.0106146104521554,1.039524882603805,0.019661076827954118,-0.007141059759191446,2611.74,0.002922281145718353
2022-02-17,GOOGL,2599.09,2651.43,2572.06,2611.74,1449006,2611.74,0.0029222811457183,2576.1510000000003,2508.3906,2901.9245,0.2797787273149436,2659.676888555521,2492.6251114444794,55.67626952966413,20.17519325038893,22.72357302616605,-2.5483797757771214,91.4171428571428,0.0088404724732791,2604.13,0.0115881712086656,2581.31,0.0262046666505801,2551.74,-0.0101037285372662,2574.74,-0.0057726015658474,2552.48,2567.1,50.70817143218522,0.3578948396930715,2611.74,2486.58,2591.528,47.921446555723186,0.32361277011008033,2658.67,2486.58,2576.1510000000003,41.76294427776038,0.27977872731494285,2658.67,2486.58,2508.3906,78.92360440504481,0.2464271538110201,2658.67,2383.03,3,2,1,1.0138147957937969,1.0412014779512244,0.0303897018845557,0.004867088096216279,2555.32,-0.021602456599814523
2022-02-18,GOOGL,2541.34,2587.51,2523.12,2555.32,1995872,2555.32,-0.0216024565998145,2572.5895,2511.3846,2895.50145,0.2899424298856722,2653.086525110379,2492.092474889621,51.34719303377579,16.715766656961023,21.522011752325046,-4.806245095364023,90.8207142857142,0.0029222811457183,2611.74,0.0088404724732791,2604.13,0.0115881712086656,2581.31,-0.0342403504819903,2486.58,0.0341667711402244,2639.69,2580.848,27.365740808463787,0.27701522570296866,2611.74,2551.74,2583.091,45.883665321400244,0.2900992861174051,2658.67,2486.58,2572.5895,40.24851255518953,0.2899424298856715,2658.67,2486.58,2511.3846,77.77652468895859,0.24828663990506517,2658.67,2383.03,4,2,1,0.9932871140145005,1.0174944928781449,0.02519840959252662,0.005501034887104644,2536.31,-0.007439381369065412
2022-02-21,GOOGL,2535.33,2571.74,2500.88,2536.31,1341132,2536.31,-0.0074393813690654,2572.959,2513.2278,2889.0570500000003,0.2585488264934628,2652.676077058676,2493.241922941324,51.05597014792019,12.298429392515118,19.67729528036306,-7.378865887847944,89.82428571428561,-0.0216024565998145,2555.32,0.0029222811457183,2611.74,0.0088404724732791,2604.13,0.0262046666505801,2551.74,0.0071902382476729,2658.67,2577.762,31.95416983737786,0.21540727723827607,2611.74,2536.31,2570.855,39.3373959059247,0.2848284277959132,2611.74,2486.58,2572.959,39.85853852933798,0.258548826493462,2658.67,2486.58,2513.2278,77.24082623792087,0.24672939809745378,2658.67,2383.03,0,2,1,0.9857560886119889,1.00918428484636,0.02793822521693789,0.00038653745271804133,2571.4,0.013835059594450305
2022-02-22,GOOGL,2571.34,2634.69,2508.11,2571.4,854987,2571.4,0.0138350595944503,2573.5315,2514.6522,2882.44875,0.2595697290433217,2653.019334296165,2494.043665703835,50.3876848581538,11.496601856068537,18.04115659550416,-6.544554739435622,93.27642857142847,-0.0074393813690654,2536.31,-0.0216024565998145,2555.32,0.0029222811457183,2611.74,0.0115881712086656,2581.31,-0.0199385406989209,2605.66,2575.7799999999997,31.98640726927564,0.2241822286364493,2611.74,2536.31,2567.429,37.41421401008925,0.2842120135724111,2611.74,2486.58,2573.5315,39.74391714808268,0.25956972904332093,2658.67,2486.58,2514.6522,77.65089729141313,0.2433699627686441,2658.67,2383.03,1,2,1,0.9991717606716688,1.0225668583508198,0.04922610251223096,2.333413706469082e-05,2529.2,-0.016411293458816312
2022-02-23,GOOGL,2514.79,2559.57,2498.84,2529.2,1221576,2529.2,-0.0164112934588163,2571.684,2515.7196,2875.66435,0.2661024681844833,2653.57549468104,2489.7925053189606,47.90707709890911,7.370992226589806,15.90712372172129,-8.536131495131484,90.37642857142848,0.0138350595944503,2571.4,-0.0074393813690654,2536.31,-0.0216024565998145,2555.32,0.0088404724732791,2604.13,-0.001780738853112,2601.02,2560.794,32.922613504942554,0.22820122695368142,2611.74,2529.2,2560.2470000000003,37.141920924915595,0.29438879976551996,2611.74,2486.58,2571.684,40.94574734051977,0.2661024681844825,2658.67,2486.58,2515.7196,77.47296286670124,0.24529195061757075,2658.67,2383.03,2,2,1,0.9834800854222432,1.0053584668176034,0.024011545152607942,0.0057301007241137925,2429.46,-0.039435394591174955
2022-02-24,GOOGL,2418.37,2463.58,2395.34,2429.46,694804,2429.46,-0.0394353945911749,2563.932,2514.9982,2868.639,0.2976378928893455,2667.261902453719,2460.6020975462807,31.51629182781265,-3.9017901580632497,11.945340945764382,-15.847131103827632,89.15785714285701,-0.0164112934588163,2529.2,0.0138350595944503,2571.4,-0.0074393813690654,2536.31,0.0029222811457183,2611.74,-0.0101037285372662,2574.74,2524.338,55.550695045116086,0.3102828076835975,2571.4,2429.46,2545.719,54.97500956488495,0.34728107402026764,2611.74,2429.46,2563.932,51.664951226859465,0.2976378928893447,2658.67,2429.46,2514.9982,78.11512181310275,0.2610485508181805,2658.67,2383.03,3,2,1,0.9475524311873531,0.9659887629339194,0.02808854642594309,0.004585733365860294,2421.3,-0.0033587710849324326
2022-02-25,GOOGL,2405.31,2439.88,2402.73,2421.3,1832178,2421.3,-0.0033587710849324,2557.2,2514.9112000000005,2861.7991,0.2960997212556658,2678.673146610315,2435.7268533896845,28.72533027335733,-13.340217494665012,6.888229257678503,-20.228446752343515,86.12142857142847,-0.0394353945911749,2429.46,-0.0164112934588163,2529.2,0.0138350595944503,2571.4,-0.0216024565998145,2555.32,-0.0342403504819903,2486.58,2497.534,67.83839606001318,0.3099333443769913,2571.4,2421.3,2539.191,65.62247539265124,0.30832075592177394,2611.74,2421.3,2557.2,60.73657330515761,0.29609972125566514,2658.67,2421.3,2514.9112000000005,78.21901667726021,0.258579311660016,2658.67,2383.03,4,2,1,0.946855936179827,0.9627775326616053,0.015342997563286146,0.006647791760726721,2416.48,-0.0019906661710652473
2022-02-28,GOOGL,2427.03,2430.88,2402.08,2416.48,1239935,2416.48,-0.0019906661710652,2550.976,2514.8724,2855.2244,0.2958419541582051,2687.7457355567144,2414.206264443286,31.441296498900925,-20.9674729008957,1.3170888259636628,-22.284561726859362,79.38214285714278,-0.0033587710849324,2421.3,-0.0394353945911749,2429.46,-0.0164112934588163,2529.2,-0.0074393813690654,2536.31,0.0262046666505801,2551.74,2473.568,71.76788780502726,0.3157510805157588,2571.4,2416.48,2525.665,75.88571000738972,0.2641871139174324,2611.74,2416.48,2550.976,68.38486777835706,0.29584195415820425,2658.67,2416.48,2514.8724,78.26832290033421,0.25852830822333617,2658.67,2383.03,0,2,1,0.9472766501915552,0.9608757883696362,0.011918161954573703,-0.004346876635227349,2422.38,0.002441567900417274
2022-03-01,GOOGL,2435.47,2472.06,2372.7,2422.38,591590,2422.38,0.0024415679004172,2545.8455,2514.9668,2848.7553,0.295921302681488,2693.948260267966,2397.742739732034,32.51849532145603,-26.233641975282353,-4.193057334285541,-22.040584640996812,80.28642857142852,-0.0019906661710652,2416.48,-0.0033587710849324,2421.3,-0.0394353945911749,2429.46,0.0138350595944503,2571.4,0.0115881712086656,2581.31,2443.764,47.98499223710141,0.2697810198044391,2529.2,2416.48,2509.772,79.49375905617394,0.25149577148819385,2611.74,2416.48,2545.8455,74.05138013398292,0.2959213026814873,2658.67,2416.48,2514.9668,78.1514406212835,0.25857883360086514,2658.67,2383.03,1,3,1,0.9515031450255126,0.963185677043147,0.04101751170334923,-0.005374732597812462,2451.45,0.012000594456691216
2022-03-02,GOOGL,2449.6,2491.69,2411.21,2451.45,1064017,2451.45,0.0120005944566912,2540.053,2515.1162,2842.05595,0.2924037636623849,2693.5852251928727,2386.520774807127,38.00050610139176,-27.741624674869854,-8.902770802402404,-18.83885387246745,80.23499999999993,0.0024415679004172,2422.38,-0.0019906661710652,2416.48,-0.0033587710849324,2421.3,-0.0164112934588163,2529.2,0.0088404724732791,2604.13,2428.214,13.793022873704478,0.31109929282019694,2451.45,2416.48,2494.504,73.81675874151547,0.2572293891089526,2611.74,2416.48,2540.053,76.76611259643641,0.2924037636623842,2658.67,2416.48,2515.1162,78.01999717209058,0.2588282661276393,2658.67,2383.03,2,3,1,0.9651176569933914,0.9746865771048769,0.032829549858233775,0.0007552253429127832,2477.26,0.010528462746537848
2022-03-03,GOOGL,2487.87,2527.34,2427.18,2477.26,1444325,2477.26,0.0105284627465378,2536.292,2514.9082,2835.7231999999995,0.295430444406628,2692.2091932183757,2380.374806781625,48.96761043757913,-26.548031352040653,-12.431822912330055,-14.116208439710597,78.58999999999999,0.0120005944566912,2451.45,0.0024415679004172,2422.38,-0.0019906661710652,2416.48,-0.0394353945911749,2429.46,0.0029222811457183,2611.74,2437.774,26.019125273433406,0.11198842042763352,2477.26,2416.48,2481.056,61.268819004564456,0.26717846927247113,2571.4,2416.48,2536.292,77.95859660918771,0.29543044440662725,2658.67,2416.48,2514.9082,78.10850168494922,0.25676511901911064,2658.67,2383.03,3,3,1,0.9767250773960662,0.9850299903586999,0.040431767355852785,-0.0042646922869745635,2488.22,0.004424242913541487
2022-03-04,GOOGL,2499.96,2508.11,2468.32,2488.22,1050328,2488.22,0.0044242429135414,2528.7185,2515.498,2829.383600000001,0.2653685767188475,2678.0650948761354,2379.3719051238645,42.00362555871884,-24.436036226154556,-14.832665575094957,-9.603370651059599,75.10428571428568,0.0105284627465378,2477.26,0.0120005944566912,2451.45,0.0024415679004172,2422.38,-0.0033587710849324,2421.3,-0.0216024565998145,2555.32,2451.1580000000004,31.959851689185438,0.09193610950417846,2488.22,2416.48,2474.346,55.64845394670415,0.2539001634706768,2571.4,2416.48,2528.7185,74.67329743806773,0.2653685767188468,2658.67,2416.48,2515.498,77.78631646099305,0.255537741155662,2658.67,2383.03,4,3,1,0.9839845755860195,0.9891560239757736,0.015991351247069782,-0.004696075137200412,2536.96,0.01958830006992951
2022-03-07,GOOGL,2518.61,2578.66,2495.26,2536.96,1074615,2536.96,0.0195883000699295,2522.633,2518.5734,2823.47895,0.2750420768728742,2659.0424374109834,2386.223562589016,44.67395220217262,-18.614774674806085,-15.589087395037184,-3.025687279768901,78.51642857142853,0.0044242429135414,2488.22,0.0105284627465378,2477.26,0.0120005944566912,2451.45,-0.0019906661710652,2416.48,-0.0074393813690654,2536.31,2475.254,42.84291633391606,0.10773322297781777,2536.96,2422.38,2474.411,55.72919371580761,0.27469831849457665,2571.4,2416.48,2522.633,68.2047187054917,0.2750420768728735,2611.74,2416.48,2518.5734,75.45334370296344,0.24893515354004908,2658.67,2383.03,0,3,1,1.005679383405749,1.0073004026799428,0.03287399091825128,0.007285764767070973,2476.72,-0.023744954591321976
2022-03-08,GOOGL,2499.81,2501.67,2451.77,2476.72,735327,2476.72,-0.0237449545913219,2516.186,2520.4472,2817.34535,0.2786074867081026,2648.1900143569896,2384.18198564301,35.96094937853215,-18.64729312118743,-16.200728540267235,-2.446564580920196,80.9442857142857,0.0195883000699295,2536.96,0.0044242429135414,2488.22,0.0105284627465378,2477.26,0.0024415679004172,2422.38,0.0138350595944503,2571.4,2486.1220000000003,31.456255657579877,0.26539685708376837,2536.96,2451.45,2464.943,44.289103763949804,0.2868341079016067,2536.96,2416.48,2516.186,66.00200717849467,0.2786074867081019,2611.74,2416.48,2520.4472,73.14666343443287,0.25523492885778004,2658.67,2393.24,1,3,1,0.9843151499924947,0.9826510152638853,0.02014761458702637,-0.009236701989347553,2497.47,0.008378016085790918
2022-03-09,GOOGL,2513.51,2521.35,2473.6,2497.47,1505218,2497.47,0.0083780160857909,2511.0085,2522.4986,2811.7526,0.2812218791469033,2636.987934458012,2385.029065541988,37.76316634784289,-16.80499511625885,-16.32158185546556,-0.4834132607932915,78.68571428571428,-0.0237449545913219,2476.72,0.0195883000699295,2536.96,0.0044242429135414,2488.22,0.0120005944566912,2451.45,-0.0164112934588163,2529.2,2495.326,24.804462904789908,0.2601929423665119,2536.96,2476.72,2461.7699999999995,40.11384742887693,0.2827878299315746,2536.96,2416.48,2511.0085,62.9897172290059,0.28122187914690255,2611.74,2416.48,2522.4986,70.95941990679304,0.25562798732484865,2658.67,2393.24,2,3,1,0.994608341628077,0.9900778537593677,0.019119348780958684,-0.006381514296738042,2523.32,0.010350474680376642
2022-03-10,GOOGL,2508.41,2536.52,2508.41,2523.32,925828,2523.32,0.0103504746803766,2508.4375,2524.8624,2806.34785,0.2826563330665609,2630.9927963705195,2385.8822036294805,46.33313470997695,-13.107981065489184,-15.678861697470285,2.570880631981101,75.14500000000001,0.0083780160857909,2497.47,-0.0237449545913219,2476.72,0.0195883000699295,2536.96,0.0105284627465378,2477.26,-0.0394353945911749,2429.46,2504.5379999999996,24.970104525115126,0.2599073850726228,2536.96,2476.72,2471.156,42.61661548677115,0.18867457806577173,2536.96,2416.48,2508.4375,61.277648185259764,0.28265633306656024,2611.74,2416.48,2524.8624,68.90878817682389,0.256395318386461,2658.67,2393.24,3,3,1,1.005932976204906,0.9993891152242597,0.011140085284462132,0.005944004369299424,2474.44,-0.019371304471886286
2022-03-11,GOOGL,2458.91,2493.27,2455.62,2474.44,506487,2474.44,-0.0193713044718862,2507.8305,2526.4864,2800.7496,0.2636528925663034,2630.96052446726,2384.70047553274,43.36457819307374,-13.961340643199492,-15.335357486616127,1.3740168434166353,74.91928571428578,0.0103504746803766,2523.32,0.0083780160857909,2497.47,-0.0237449545913219,2476.72,0.0044242429135414,2488.22,-0.0033587710849324,2421.3,2501.782,27.819324578342155,0.30694586372762744,2536.96,2474.44,2476.4700000000003,38.85637542415542,0.2203044283584105,2536.96,2416.48,2507.8304999999996,61.56501223362992,0.2636528925663027,2611.74,2416.48,2526.4864000000002,66.66375062954674,0.26015915442975734,2658.67,2398.68,4,3,1,0.9866855036650257,0.9793996912071329,0.015215563925568967,0.00631580659722962,2416.31,-0.023492184090137647
2022-03-14,GOOGL,2398.22,2443.34,2389.28,2416.31,1034396,2416.31,-0.0234921840901376,2501.059,2526.839,2794.69975,0.2567852519910492,2628.829894783317,2373.288105216684,34.15022994281432,-19.107974607009965,-16.089880910694895,-3.01809369631507,71.96071428571433,-0.0193713044718862,2474.44,0.0103504746803766,2523.32,0.0083780160857909,2497.47,0.0195883000699295,2536.96,-0.0019906661710652,2416.48,2477.652,39.5358883799892,0.2760725401250149,2523.32,2416.31,2476.453,38.88556403077879,0.2555447502665445,2536.96,2416.31,2501.059,63.885447391658346,0.2567852519910485,2611.74,2416.31,2526.839,66.01744878345379,0.2657782704441773,2658.67,2416.31,0,3,1,0.9661147537899081,0.9562579966507735,0.022372957112281773,0.007543094461722696,2388.29,-0.011596194196936693
2022-03-15,GOOGL,2371.02,2405.82,2370.77,2388.29,1776742,2388.29,-0.0115961941969366,2491.4080000000004,2525.4404,2788.4399500000004,0.2529570357919135,2622.764842804723,2360.051157195278,35.169553959432605,-25.1576966629068,-17.90344406113728,-7.254252601769522,70.03071428571434,-0.0234921840901376,2416.31,-0.0193713044718862,2474.44,0.0103504746803766,2523.32,-0.0237449545913219,2476.72,0.0024415679004172,2422.38,2459.9660000000003,56.2873682987118,0.24892900435997414,2523.32,2388.29,2473.044,45.14347035338914,0.26160346576866506,2536.96,2388.29,2491.4080000000004,65.67842140236124,0.25295703579191287,2611.74,2388.29,2525.4404,68.2053214441843,0.2610192657977176,2658.67,2388.29,1,3,1,0.9586105527472983,0.9456924819920732,0.014675772205211891,0.007283785037660036,2363.79,-0.010258385706928386
2022-03-16,GOOGL,2375.52,2422.22,2305.36,2363.79,1027932,2363.79,-0.0102583857069283,2479.391,2523.2372,2782.3985,0.2494019475254663,2611.301164470265,2347.480835529734,41.78775979645093,-31.56522594700982,-20.63580043831179,-10.929425508698031,68.81642857142863,-0.0115961941969366,2388.29,-0.0234921840901376,2416.31,-0.0193713044718862,2474.44,0.0083780160857909,2497.47,0.0120005944566912,2451.45,2433.23,65.08124883554878,0.20740420013200198,2523.32,2363.79,2464.278,56.80679180826216,0.2536748905242656,2536.96,2363.79,2479.3909999999996,65.95508223513272,0.24940194752546557,2611.74,2363.79,2523.2372,71.59740244517486,0.26145182613082196,2658.67,2363.79,2,3,1,0.9533752441623957,0.9368084776171908,0.049437555789621855,-0.004937866235601081,2393.11,0.012403809137021549
2022-03-17,GOOGL,2391.65,2419.84,2366.37,2393.11,2404917,2393.11,0.0124038091370215,2468.4595,2521.9018,2776.18615,0.2554487440825529,2590.0191746633404,2346.8998253366594,46.65193947444565,-33.8867349194893,-23.285987334547293,-10.600747584942006,70.16642857142863,-0.0102583857069283,2363.79,-0.0115961941969366,2388.29,-0.0234921840901376,2416.31,0.0103504746803766,2523.32,0.0105284627465378,2477.26,2407.188,41.96651427024169,0.2207262386102398,2474.44,2363.79,2455.8630000000003,60.764878388318685,0.25673891345948296,2536.96,2363.79,2468.4595,60.779837331670294,0.2554487440825522,2571.4,2363.79,2521.9018,73.40313658119487,0.26285533094753416,2658.67,2363.79,3,3,1,0.9694750916508984,0.9489306839778817,0.02234331058746899,0.0006104572157294863,2370.34,-0.00951481544935251
2022-03-18,GOOGL,2383.75,2388.37,2352.31,2370.34,1424625,2370.34,-0.0095148154493525,2459.2105,2520.4898000000003,2769.7937,0.2480466847324947,2581.091713694425,2337.329286305576,44.744156375298665,-37.135817619642694,-26.055953391566373,-11.079864228076321,71.02357142857149,0.0124038091370215,2393.11,-0.0102583857069283,2363.79,-0.0115961941969366,2388.29,-0.0193713044718862,2474.44,0.0044242429135414,2488.22,2386.368,20.690184145972253,0.20628351151660787,2416.31,2363.79,2444.075,65.07173191514066,0.2544737323189076,2536.96,2363.79,2459.2105,60.94060684721236,0.24804668473249405,2571.4,2363.79,2520.4898000000003,75.63735734733302,0.26314546617137713,2658.67,2363.79,4,3,1,0.9638621825984544,0.9404283246847733,0.015213007416651084,-0.005625589931827679,2338.72,-0.013339858416936079
2022-03-21,GOOGL,2350.24,2359.72,2317.71,2338.72,1374135,2338.72,-0.013339858416936,2449.331,2518.5646,2763.1802,0.2501231288224442,2576.8027149060927,2321.859285093908,40.99771876087037,-41.78058819532271,-29.20088035231764,-12.579707843005068,67.68571428571434,-0.0095148154493525,2370.34,0.0124038091370215,2393.11,-0.0102583857069283,2363.79,-0.0234921840901376,2416.31,0.0195883000699295,2536.96,2370.85,21.691598603932764,0.1689937850576032,2393.11,2338.72,2424.251,63.814937027071366,0.21736104949792948,2523.32,2338.72,2449.331,63.7358574530463,0.2501231288224434,2571.4,2338.72,2518.5645999999997,79.00820107805382,0.2647021077261892,2658.67,2338.72,0,3,1,0.9548403217037815,0.9285924212541823,0.017962817267557385,-0.004901627067871827,2316.57,-0.009470992679756263
2022-03-22,GOOGL,2321.42,2355.38,2277.76,2316.57,1139924,2316.57,-0.0094709926797562,2436.5895,2514.8908,2756.45365,0.2417103667127731,2563.629201125881,2309.5497988741186,35.26674531285512,-46.71047296891493,-32.7027988756371,-14.007674093277828,67.48142857142862,-0.013339858416936,2338.72,-0.0095148154493525,2370.34,0.0124038091370215,2393.11,-0.0115961941969366,2388.29,-0.0237449545913219,2476.72,2356.506,29.561439917467393,0.1655641121520384,2393.11,2316.57,2408.236,69.06399225832386,0.19952303855274564,2523.32,2316.57,2436.5895,63.51985056294077,0.24171036671277235,2536.96,2316.57,2514.8907999999997,83.99033177692729,0.2577729144690136,2658.67,2316.57,1,3,1,0.950742831321833,0.9211413871326257,0.03350643408140759,-0.0020892384833411533,2359.05,0.01833745580750845
2022-03-23,GOOGL,2367.84,2373.87,2344.23,2359.05,1167666,2359.05,0.0183374558075084,2428.082,2512.1994,2750.0856,0.2514076692314183,2551.7528493246487,2304.411150675351,37.54136717074773,-46.65188727336499,-35.49261655518268,-11.159270718182313,64.42,-0.0094709926797562,2316.57,-0.013339858416936,2338.72,-0.0095148154493525,2370.34,-0.0102583857069283,2363.79,0.0083780160857909,2497.47,2355.558,29.34466169500047,0.23110878423146247,2393.11,2316.57,2394.3940000000002,62.77743883480506,0.22507281217644226,2523.32,2316.57,2428.082,61.83542466232442,0.25140766923141744,2536.96,2316.57,2512.1994,86.79510732024586,0.2615261044088176,2658.67,2316.57,2,3,1,0.9715693292067684,0.9390377212887883,0.01256437972912287,-0.0037122440705437236,2360.18,0.00047900637968667503
2022-03-24,GOOGL,2337.45,2412.69,2307.67,2360.18,1079990,2360.18,0.0004790063796866,2424.618,2509.5328,2743.65485,0.212319199685762,2551.953092050137,2297.2829079498624,36.21981144150187,-45.98419891048843,-37.59093302624383,-8.393265884244599,69.07928571428572,0.0183374558075084,2359.05,-0.0094709926797562,2316.57,-0.013339858416936,2338.72,0.0124038091370215,2393.11,0.0103504746803766,2523.32,2348.972,21.440440060641926,0.20362966570499602,2370.34,2316.57,2378.0800000000004,43.91441145369244,0.21047233294122858,2474.44,2316.57,2424.618,63.667546025068766,0.21231919968576107,2536.96,2316.57,2509.5328,89.3903625138954,0.2615383212696559,2658.67,2316.57,3,3,1,0.9734234423727888,0.9404858147297614,0.04449660619103437,0.00972427217694081,2354.06,-0.002593022566075409
2022-03-25,GOOGL,2345.2,2411.1,2297.02,2354.06,1063338,2354.06,-0.0025930225660754,2421.2560000000003,2507.1138,2737.04925,0.2122409882868475,2552.4520632273875,2290.059936772613,28.327329603762024,-45.42524992065046,-39.15779640512516,-6.267453515525297,70.76785714285714,0.0004790063796866,2360.18,0.0183374558075084,2359.05,-0.0094709926797562,2316.57,-0.0095148154493525,2370.34,-0.0193713044718862,2474.44,2345.716,18.40555975769151,0.1947764313532002,2360.18,2316.57,2366.042,28.282024444112903,0.19843481547460393,2416.31,2316.57,2421.2560000000003,65.59803161369351,0.2122409882868466,2536.96,2316.57,2507.1138,91.94370486800831,0.2611499331724611,2658.67,2316.57,4,3,1,0.9722474616476025,0.9389521927560931,0.048460956815013834,0.003777929387683929,2350.56,-0.0014867930299142795
2022-03-28,GOOGL,2357.04,2373.92,2327.21,2350.56,1483892,2350.56,-0.0014867930299142,2417.96,2503.733,2730.9277500000003,0.2122274701239167,2552.91946775566,2283.0005322443403,32.728218606707784,-44.74886253635486,-40.2760096313711,-4.47285290498376,68.01928571428572,-0.0025930225660754,2354.06,0.0004790063796866,2360.18,0.0183374558075084,2359.05,-0.013339858416936,2338.72,-0.0234921840901376,2416.31,2348.084,18.038443114469967,0.16451006331702617,2360.18,2316.57,2359.467,22.30936626899112,0.16933262628395876,2393.11,2316.57,2417.96,67.47973387782996,0.21222747012391585,2536.96,2316.57,2503.7329999999997,94.54620887832341,0.2575423473269902,2658.67,2316.57,0,3,1,0.9721252626176726,0.9388221507641035,0.01987186032263808,-0.00274921087465519,2400.31,0.02116516915118094
2022-03-29,GOOGL,2376.76,2433.92,2366.71,2400.31,825297,2400.31,0.0211651691511809,2416.8565,2499.7278,2725.2036,0.2265269620407442,2552.0245490549155,2281.688450945084,37.67693166118546,-39.74030988442655,-40.168869681982194,0.4285597975556428,70.56285714285715,-0.0014867930299142,2350.56,-0.0025930225660754,2354.06,0.0004790063796866,2360.18,-0.0094709926797562,2316.57,-0.0115961941969366,2388.29,2364.832,20.208210459961325,0.18369253889399081,2400.31,2350.56,2360.6690000000003,24.272315482449674,0.19851169195528937,2400.31,2316.57,2416.8565,67.5840245274579,0.22652696204074332,2536.96,2316.57,2499.7278,94.60197241524814,0.25132911570938543,2658.67,2316.57,1,3,1,0.9931537102012499,0.9602285496841054,0.02800054992895586,0.00990844679310903,2372.36,-0.01164432927413539
2022-03-30,GOOGL,2350.2,2385.27,2350.2,2372.36,780331,2372.36,-0.0116443292741353,2412.902,2494.773,2719.4070999999994,0.2249572718169709,2548.435933541021,2277.3680664589792,30.954784011825367,-37.59297877668314,-39.653691500922385,2.060712724239245,71.35285714285715,0.0211651691511809,2400.31,-0.0014867930299142,2350.56,-0.0025930225660754,2354.06,0.0183374558075084,2359.05,-0.0102583857069283,2363.79,2367.4939999999997,20.13265456898592,0.19209289372583674,2400.31,2350.56,2361.5260000000003,24.544521995563215,0.20073835257917985,2400.31,2316.57,2412.902,67.76696677051034,0.22495727181697,2536.96,2316.57,2494.7729999999997,94.65649107726011,0.25148497460380587,2658.67,2316.57,2,3,1,0.9831978256883276,0.9509322090623271,0.014782747980907358,0.009428984767249972,2423.48,0.02154816301067286
2022-03-31,GOOGL,2440.54,2466.65,2380.31,2423.48,765706,2423.48,0.0215481630106728,2410.213,2490.7568,2713.78885,0.2359331329605006,2542.4649138615746,2277.961086138426,43.60698514499573,-31.404238122164315,-38.00380082517077,6.599562703006455,73.25214285714284,-0.0116443292741353,2372.36,0.0211651691511809,2400.31,-0.0014867930299142,2350.56,0.0004790063796866,2360.18,0.0124038091370215,2393.11,2380.154,31.22841142284051,0.23958534824793806,2423.48,2350.56,2364.563,30.130120422218454,0.2203017467281349,2423.48,2316.57,2410.213,66.12595693078724,0.23593313296049973,2536.96,2316.57,2490.7568,93.29941479877617,0.2568275881353137,2658.67,2316.57,3,3,1,1.0055044927560322,0.9729894143013188,0.035626454519931884,-0.006990256254760404,2432.32,0.0036476471850397374
2022-04-01,GOOGL,2441.27,2464.62,2400.02,2432.32,2719868,2432.32,0.0036476471850397,2407.418,2486.8722,2707.868,0.2357126817596913,2535.009113632354,2279.8268863676462,52.29192315191092,-25.492441448428053,-35.50152894982223,10.009087501394177,71.78357142857142,0.0215481630106728,2423.48,-0.0116443292741353,2372.36,0.0211651691511809,2400.31,-0.0025930225660754,2354.06,-0.0095148154493525,2370.34,2395.8059999999996,34.33774861568977,0.23039229002371608,2432.32,2350.56,2370.761,37.034372457544336,0.2118768816588714,2432.32,2316.57,2407.418,63.79555681617689,0.23571268175969037,2536.96,2316.57,2486.8722,91.55736685636835,0.2570333184475724,2658.67,2316.57,4,4,2,1.0103438621788945,0.9780639310693257,0.026559005394016143,-0.0036661245990800492,2426.74,-0.0022941060386793
2022-04-04,GOOGL,2415.36,2451.99,2401.5,2426.74,1483580,2426.74,-0.0022941060386793,2401.907,2484.8286000000003,2702.1363,0.2227674318119867,2514.5894843440387,2289.2245156559616,55.88226294776379,-21.015307969592868,-32.60428475377636,11.588976784183494,72.13714285714283,0.0036476471850397,2432.32,0.0215481630106728,2423.48,-0.0116443292741353,2372.36,-0.0014867930299142,2350.56,-0.013339858416936,2338.72,2411.042,24.826182146967422,0.23225144180688184,2432.32,2372.36,2379.5629999999996,38.981724222053174,0.19510740317987008,2432.32,2316.57,2401.907,56.341242172019314,0.22276743181198577,2523.32,2316.57,2484.8286000000003,91.73985722749183,0.24365337967103207,2658.67,2316.57,0,4,2,1.0103388682405228,0.9766226934119411,0.020805689937932775,0.004711512983569713,2526.51,0.04111276857018065
2022-04-05,GOOGL,2536.0,2549.59,2503.42,2526.51,1355429,2526.51,0.0411127685701806,2404.3965,2484.1598,2697.0404000000003,0.2557958863877077,2525.8936052332097,2282.89939476679,70.23377269091453,-9.309231221564005,-27.945274047333893,18.636042825769888,72.56500000000003,-0.0022941060386793,2426.74,0.0036476471850397,2432.32,0.0215481630106728,2423.48,0.0211651691511809,2400.31,-0.0094709926797562,2316.57,2436.282,55.896673604022084,0.33300685644695244,2526.51,2372.36,2400.557,54.664629850185335,0.25503386436297104,2526.51,2350.56,2404.3965,60.74855261660489,0.25579588638770684,2526.51,2316.57,2484.1598,91.30187857086818,0.2596346468833591,2658.67,2316.57,1,4,2,1.0507875884859048,1.0170480981130856,0.018274220169317276,-0.003742113564667208,2484.87,-0.01648123300521287
2022-04-06,GOOGL,2499.4,2529.79,2439.94,2484.87,786089,2484.87,-0.0164812330052128,2403.7665,2482.5342,2691.8763,0.261592619068955,2523.3470969608925,2284.185903039108,61.0708942597968,-3.3534248665946507,-23.026904211186046,19.673479344591396,74.97928571428572,0.0411127685701806,2526.51,-0.0022941060386793,2426.74,0.0036476471850397,2432.32,-0.0116443292741353,2372.36,0.0183374558075084,2359.05,2458.784,45.38949250646817,0.3543342164817558,2526.51,2423.48,2413.139,58.4016547424635,0.277578312914051,2526.51,2350.56,2403.7665,59.790298480446175,0.26159261906895404,2526.51,2316.57,2482.5342,90.5326191319796,0.26213459274055045,2658.67,2316.57,2,4,2,1.033740174013976,1.000940893381851,0.03615883325886817,-0.005813395214849319,2471.52,-0.005372514457496758
2022-04-07,GOOGL,2461.97,2504.45,2438.58,2471.52,1539809,2471.52,-0.0053725144574967,2401.1765,2480.2746,2686.8648500000004,0.259184420117281,2511.759692265501,2290.593307734499,62.49135802253113,0.2860635866327357,-18.36431065162229,18.650374238255026,76.76999999999998,-0.0164812330052128,2484.87,0.0411127685701806,2526.51,-0.0022941060386793,2426.74,0.0215481630106728,2423.48,0.0004790063796866,2360.18,2468.3920000000003,40.911762000612875,0.3481865681325279,2526.51,2426.74,2424.273,57.79350733422709,0.281970204736678,2526.51,2350.56,2401.1765,55.29159613275053,0.2591844201172801,2526.51,2316.57,2480.2745999999997,89.33776766557072,0.26175980273969424,2658.67,2316.57,3,4,2,1.02929543080193,0.9964703101821885,0.026651615200351704,0.0038790074615029035,2423.92,-0.019259403120346907
2022-04-08,GOOGL,2401.42,2444.75,2401.42,2423.92,1145330,2423.92,-0.0192594031203469,2398.6505,2477.6342,2681.7069,0.2590789944700343,2504.38916921528,2292.91183078472,60.11924556786152,-0.6628963270677559,-14.824027786711383,14.161131459643627,78.01785714285711,-0.0053725144574967,2471.52,-0.0164812330052128,2484.87,0.0411127685701806,2526.51,0.0036476471850397,2432.32,-0.0025930225660754,2354.06,2466.712,42.88807141845837,0.3860712695512006,2526.51,2423.92,2431.259,52.32698760882053,0.30556476001723587,2526.51,2350.56,2398.6505,52.86933460763995,0.2590789944700334,2526.51,2316.57,2477.6342,89.0061454445481,0.2640580575040672,2658.67,2316.57,4,4,2,1.0105348820092754,0.9783203670658978,0.017876002508326203,0.009369456404956497,2461.81,0.01563170401663405
2022-04-11,GOOGL,2483.12,2508.05,2415.57,2461.81,1307332,2461.81,0.015631704016634,2400.9255,2476.0512,2676.51925,0.2509336978068329,2510.163931925415,2291.6870680745847,66.6285033867631,1.6237350377200528,-11.534475221825097,13.15821025954515,79.07928571428569,-0.0192594031203469,2423.92,-0.0053725144574967,2471.52,-0.0164812330052128,2484.87,-0.0022941060386793,2426.74,-0.0014867930299142,2350.56,2473.7259999999997,37.20831399022027,0.40137413349172896,2526.51,2423.92,2442.384,44.50518251959731,0.31042492856829684,2526.51,2372.36,2400.9255,54.6192159627075,0.25093369780683206,2526.51,2316.57,2476.0512,88.55962551861927,0.26638983799496624,2658.67,2316.57,0,4,2,1.0253587626933758,0.9942484226493401,0.03756585601649293,-0.008581945294625859,2529.94,0.027674759628078638
2022-04-12,GOOGL,2522.11,2571.18,2488.7,2529.94,811941,2529.94,0.0276747596280786,2408.008,2476.1502,2671.9601,0.2631066171734791,2531.26533928846,2284.75066071154,68.47978891156708,8.831623029645016,-7.461255571531075,16.292878601176092,82.79857142857142,0.015631704016634,2461.81,-0.0192594031203469,2423.92,-0.0053725144574967,2471.52,0.0411127685701806,2526.51,0.0211651691511809,2400.31,2474.412,38.43613104872583,0.32539836426319424,2529.94,2423.92,2455.3469999999998,49.48831445674301,0.3215512829650523,2529.94,2372.36,2408.008,61.62866964422996,0.26310661717347833,2529.94,2316.57,2476.1502,88.61819766334746,0.27341079797393697,2658.67,2316.57,1,4,2,1.0506360443980873,1.021723157181248,0.03260156367343392,0.00310454341800985,2599.15,0.027356379993201507
2022-04-13,GOOGL,2578.7,2656.79,2541.52,2599.15,1279448,2599.15,0.0273563799932015,2419.776,2476.7872,2667.6240999999995,0.2716786232423418,2567.726263108022,2271.8257368919776,72.52521443865518,19.899209085659095,-1.9891626400930416,21.888371725752137,84.35785714285713,0.0276747596280786,2529.94,0.015631704016634,2461.81,-0.0192594031203469,2423.92,-0.0164812330052128,2484.87,-0.0116443292741353,2372.36,2497.268,68.46086451393208,0.33057812740329773,2599.15,2423.92,2478.0260000000003,58.39608970920299,0.32307471034775664,2599.15,2423.48,2419.776,73.97513155401123,0.27167862324234104,2599.15,2316.57,2476.7871999999998,89.39780840210864,0.2777166769005628,2658.67,2316.57,2,4,2,1.0741283490698834,1.0494038405878998,0.04434911413344964,0.007930352503196318,2651.28,0.020056556951311144
2022-04-14,GOOGL,2650.84,2670.76,2631.79,2651.28,1012870,2651.28,0.0200565569513111,2432.6845000000003,2478.7632,2664.00975,0.2758105727027852,2612.464787365749,2252.904212634251,75.7797592182269,32.50214164708723,4.909098217343012,27.593043429744217,81.32428571428571,0.0273563799932015,2599.15,0.0276747596280786,2529.94,0.015631704016634,2461.81,-0.0053725144574967,2471.52,0.0215481630106728,2423.48,2533.2200000000003,93.99676191228701,0.30848235745238545,2651.28,2423.92,2500.8059999999996,76.40777159420492,0.3215819643888035,2651.28,2423.92,2432.6845000000003,89.8901436828746,0.2758105727027845,2651.28,2316.57,2478.7632,92.15443423261188,0.2808024699585293,2658.67,2316.57,3,4,2,1.089857727131862,1.0695979349697182,0.01469856069520592,0.0001659851216972313,2643.63,-0.0028853987507920786
2022-04-15,GOOGL,2657.82,2698.38,2588.87,2643.63,883447,2643.63,-0.002885398750792,2446.349,2478.842,2660.50345,0.2720733748327849,2646.560107941606,2246.1378920583943,75.23811163939072,41.39558292288302,12.206395158451015,29.189187764432006,85.81000000000002,0.0200565569513111,2651.28,0.0273563799932015,2599.15,0.0276747596280786,2529.94,-0.0192594031203469,2423.92,0.0036476471850397,2432.32,2577.162,80.51544305284179,0.19862851402222814,2651.28,2461.81,2521.937,84.18663077415275,0.326380911275704,2651.28,2423.92,2446.349,100.105553970803,0.27207337483278415,2651.28,2316.57,2478.8419999999996,92.29642396945353,0.2703626988485868,2658.67,2316.57,4,4,2,1.0806430317174367,1.0664778150438525,0.041424102465155405,-0.005338962006454431,2628.94,-0.005556753403464176
2022-04-18,GOOGL,2614.3,2677.49,2580.38,2628.94,1609565,2628.94,-0.0055567534034641,2460.86,2478.2474,2657.0071,0.2662236679955079,2670.0918814391653,2251.628118560834,70.95408303364792,46.71978240764793,19.109072608290397,27.61070979935753,86.79214285714284,-0.002885398750792,2643.63,0.0200565569513111,2651.28,0.0273563799932015,2599.15,0.015631704016634,2461.81,-0.0022941060386793,2426.74,2610.588,49.293347116985075,0.259319529350139,2651.28,2529.94,2542.157,83.05633189450633,0.329810217439307,2651.28,2423.92,2460.8599999999997,104.61594071958284,0.2662236679955071,2651.28,2316.57,2478.2473999999997,91.20357209280725,0.27017538836561955,2651.28,2316.57,0,4,2,1.0683013255524214,1.060806116451061,0.03693884227101521,0.005599969399072131,2560.27,-0.026120793932155162
2022-04-19,GOOGL,2548.47,2578.96,2541.58,2560.27,648715,2560.27,-0.0261207939321551,2473.045,2477.3396,2652.7108000000003,0.2849562702417247,2675.1594363188024,2270.930563681198,66.02589250528871,44.88079587966968,24.263417262566254,20.617378617103423,89.45285714285713,-0.0055567534034641,2628.94,-0.002885398750792,2643.63,0.0200565569513111,2651.28,0.0276747596280786,2529.94,0.0411127685701806,2526.51,2616.654,37.293282639043895,0.3403880461810677,2651.28,2560.27,2545.533,83.03577997862915,0.31444029680445645,2651.28,2423.92,2473.045,101.05721815940117,0.284956270241724,2651.28,2350.56,2477.3396,90.12904782066275,0.27285520907286714,2651.28,2316.57,1,4,2,1.035270284203872,1.033475588086093,0.014600022653855066,0.004630229117861129,2645.76,0.0333910095419625
2022-04-20,GOOGL,2632.15,2695.76,2595.77,2645.76,1504156,2645.76,0.0333910095419625,2487.3805,2478.2344,2648.9123,0.2988561762222835,2696.0172508097903,2278.74374919021,67.90732147307502,49.74824750726839,29.36038331150668,20.387864195761708,92.39571428571428,-0.0261207939321551,2560.27,-0.0055567534034641,2628.94,-0.002885398750792,2643.63,0.0273563799932015,2599.15,-0.0164812330052128,2484.87,2625.976,37.6477971466548,0.3695214229575745,2651.28,2560.27,2561.6220000000003,85.52540854424178,0.3336469114224739,2651.28,2423.92,2487.3805,104.31837540489515,0.2988561762222828,2651.28,2350.56,2478.2344,91.59221674355356,0.2830463503923506,2651.28,2316.57,2,4,2,1.0636732096271304,1.0675987711246897,0.0377925435413501,0.005170677962880139,2666.41,0.007804940735365085
2022-04-21,GOOGL,2692.63,2703.29,2629.53,2666.41,1577933,2666.41,0.007804940735365,2502.692,2480.0678,2645.80185,0.298218379486807,2716.8964765959126,2288.487523404088,68.50660131084018,54.642139836500974,34.416734616505536,20.225405219995437,93.04999999999998,0.0333910095419625,2645.76,-0.0261207939321551,2560.27,-0.0055567534034641,2628.94,0.0200565569513111,2651.28,-0.0053725144574967,2471.52,2629.002,40.67634164960858,0.34493521027616303,2666.41,2560.27,2581.111,84.91518833514402,0.3270186268630554,2666.41,2423.92,2502.692,107.10223829795639,0.29821837948680624,2666.41,2350.56,2480.0678,94.43670075855768,0.2824517788280718,2666.41,2316.57,3,4,2,1.0654167592332315,1.0751359297511645,0.027662662531258174,-0.009737691402082914,2646.23,-0.007568228441987457
2022-04-22,GOOGL,2630.21,2709.47,2582.98,2646.23,844056,2646.23,-0.0075682284419874,2517.3005,2483.2608,2643.1037,0.3006953907509878,2728.657230170735,2305.9437698292645,66.96082219158109,56.243882945312635,38.78216428226696,17.461718663045673,98.47857142857141,0.007804940735365,2666.41,0.0333910095419625,2645.76,-0.0261207939321551,2560.27,-0.002885398750792,2643.63,-0.0192594031203469,2423.92,2629.522,40.92594739276886,0.35010105571137407,2666.41,2560.27,2603.342,66.23577663664751,0.3044069178090227,2666.41,2461.81,2517.3005,105.67836508536776,0.30069539075098706,2666.41,2350.56,2483.2608,97.31643500351849,0.27154437860502867,2666.41,2316.57,4,4,2,1.0512173655862496,1.065627098047428,0.04780007784657871,0.006090768417728581,2703.79,0.02175169958771539
2022-04-25,GOOGL,2707.88,2724.97,2682.62,2703.79,864322,2703.79,0.0217516995877153,2534.962,2486.3018,2640.6803500000005,0.3042774913292302,2746.6856469503064,2323.2383530496936,64.6551154009239,61.44953486309578,43.315638398432725,18.133896464663053,95.32785714285708,-0.0075682284419874,2646.23,0.007804940735365,2666.41,0.0333910095419625,2645.76,-0.0055567534034641,2628.94,0.015631704016634,2461.81,2644.4919999999997,52.6655135738348,0.3737573195241169,2703.79,2560.27,2627.54,51.30265815069203,0.3096572844014389,2703.79,2529.94,2534.962,105.86182347515312,0.3042774913292295,2703.79,2372.36,2486.3018,101.77358631885889,0.2696287377192567,2703.79,2316.57,0,4,2,1.0665998149080473,1.0874745777036852,0.015663198695159107,-0.0015104066649920362,2662.76,-0.0151749950994714
2022-04-26,GOOGL,2685.41,2710.31,2615.21,2662.76,1097583,2662.76,-0.0151749950994714,2548.0845,2487.9308,2637.89015,0.3094517905817192,2757.185309379592,2338.983690620408,64.72038793024831,61.554709045256004,46.96345252779738,14.591256517458625,95.70285714285708,0.0217516995877153,2703.79,-0.0075682284419874,2646.23,0.007804940735365,2666.41,-0.0261207939321551,2560.27,0.0276747596280786,2529.94,2664.9900000000002,23.633449811568013,0.3188062471294949,2703.79,2645.76,2640.822,38.92762195542751,0.31426493817333984,2703.79,2560.27,2548.0845,104.55040468979593,0.3094517905817185,2703.79,2372.36,2487.9308,103.95382972084677,0.2710670842026751,2703.79,2316.57,1,4,2,1.0450045907029204,1.0702709255413896,0.03571482221453086,-0.008434466245374524,2680.87,0.006801213778184989
2022-04-27,GOOGL,2661.94,2714.76,2646.99,2680.87,1343309,2680.87,0.0068012137781849,2563.51,2489.4656,2635.0890500000005,0.3028483114252575,2763.3409408634147,2363.6790591365857,67.18829537276372,62.380304668939516,50.046822956025814,12.333481712913702,95.83857142857141,-0.0151749950994714,2662.76,0.0217516995877153,2703.79,-0.0075682284419874,2646.23,0.0333910095419625,2645.76,0.0273563799932015,2599.15,2672.0119999999997,21.621741835382956,0.22877982652619375,2703.79,2646.23,2648.994,37.76787088392412,0.28987450130915543,2703.79,2560.27,2563.51,99.91547043170726,0.3028483114252568,2703.79,2423.48,2489.4656,106.24567575660552,0.270793131606786,2703.79,2316.57,2,4,2,1.0457809799840663,1.0768857380471226,0.025279107155503685,0.007111354876515896,2674.2,-0.002487998299059657
2022-04-28,GOOGL,2699.39,2738.75,2609.66,2674.2,1128827,2674.2,-0.0024879982990596,2576.046,2490.7148,2632.2067,0.2987917665088442,2770.267670794885,2381.8243292051147,72.02936309367249,61.784172412065345,52.39429284723372,9.389879564831624,100.05214285714285,0.0068012137781849,2680.87,-0.0151749950994714,2662.76,0.0217516995877153,2703.79,0.007804940735365,2666.41,0.0200565569513111,2651.28,2673.5699999999997,21.396652775515125,0.22602853660152425,2703.79,2646.23,2651.286,38.608134778888044,0.27498547584544,2703.79,2560.27,2576.046,97.11083539744261,0.2987917665088435,2703.79,2423.92,2490.7148,108.06430264939578,0.27083958108691203,2703.79,2316.57,3,4,2,1.0381025804659396,1.0736676876850477,0.04827238052499883,-0.00933173791115427,2702.41,0.010548949218457837
2022-04-29,GOOGL,2726.59,2733.75,2671.06,2702.41,1427245,2702.41,0.0105489492184578,2589.5505000000003,2493.6566000000003,2629.1558,0.2993501396100359,2779.2000603087536,2399.900939691247,71.54446792327516,62.86339446252532,54.488113170292046,8.375281292233275,97.92428571428572,-0.0024879982990596,2674.2,0.0068012137781849,2680.87,-0.0151749950994714,2662.76,-0.0075682284419874,2646.23,-0.002885398750792,2643.63,2684.8059999999996,17.918555466220642,0.22099499622994614,2703.79,2662.76,2657.1639999999998,41.666443785995305,0.2779307153138652,2703.79,2560.27,2589.5505000000003,94.82478015437655,0.2993501396100352,2703.79,2423.92,2493.6566000000003,111.79656253358023,0.26686444137964715,2703.79,2316.57,4,4,2,1.0435826603879539,1.0837137719760275,0.023197812323066027,-0.00886822001107296,2700.39,-0.0007474809521871295
2022-05-02,GOOGL,2721.16,2765.86,2634.93,2700.39,2429082,2700.39,-0.0007474809521871,2603.233,2496.9382,2626.2327,0.2988696717716821,2782.633733097245,2423.8322669027552,67.31265362312882,62.83140724322675,56.156771984878986,6.674635258347763,99.46428571428575,0.0105489492184578,2702.41,-0.0024879982990596,2674.2,0.0068012137781849,2680.87,0.0217516995877153,2703.79,-0.0055567534034641,2628.94,2684.1259999999997,17.06205819929179,0.15761822083434937,2702.41,2662.76,2664.3089999999997,42.40835280662968,0.27513975210084424,2703.79,2560.27,2603.233,89.70036654862245,0.29886967177168133,2703.79,2423.92,2496.9381999999996,115.42344751161954,0.26616473935518675,2703.79,2316.57,0,5,2,1.0373216688628957,1.0814805108107675,0.04848558911859095,-0.007632774258034203,2639.14,-0.022681908909453874
2022-05-03,GOOGL,2624.08,2699.92,2578.36,2639.14,979448,2639.14,-0.0226819089094538,2608.8645,2498.293,2622.76195,0.2835083809857057,2785.169007805872,2432.5599921941284,54.12855402374964,57.20427871251513,56.366273330406216,0.8380053821089177,99.12000000000002,-0.0007474809521871,2700.39,0.0105489492184578,2702.41,-0.0024879982990596,2674.2,-0.0151749950994714,2662.76,-0.0261207939321551,2560.27,2679.4019999999996,25.59349858843061,0.20454031172788487,2702.41,2639.14,2672.196,24.43479495388326,0.26538006997108016,2703.79,2639.14,2608.8645,88.1522539029359,0.2835083809857049,2703.79,2423.92,2498.2929999999997,116.7057225089016,0.2699829657766944,2703.79,2316.57,1,5,2,1.0116048572085625,1.0563772944162046,0.04606045908892817,0.005739154294074193,2643.06,0.0014853323431118781
2022-05-04,GOOGL,2650.14,2670.56,2615.55,2643.06,604260,2643.06,0.0014853323431118,2616.774,2500.5702,2619.73595,0.2747310443931141,2783.595095397172,2449.952904602828,49.05755560493736,52.45636571879504,55.58429180808398,-3.127926089288941,97.9342857142857,-0.0226819089094538,2639.14,-0.0007474809521871,2700.39,0.0105489492184578,2702.41,0.0068012137781849,2680.87,0.0333910095419625,2645.76,2671.8399999999997,30.21909743847355,0.19379846446084575,2702.41,2639.14,2671.926,24.771956007516202,0.2051142172986313,2703.79,2639.14,2616.774,83.41054769858602,0.2747310443931133,2703.79,2423.92,2500.5702,118.4193531909438,0.2671371874619014,2703.79,2316.57,2,5,2,1.010045193050294,1.056982923334423,0.02081299705643419,-0.0026715569743474897,2688.52,0.017199760883218618
2022-05-05,GOOGL,2702.54,2745.17,2631.87,2688.52,1669778,2688.52,0.0171997608832186,2627.624,2505.7514,2617.16635,0.2770283341651969,2782.464076330169,2472.78392366983,54.73613133133652,51.76513627107897,54.820460700682986,-3.0553244296040134,98.205,0.0014853323431118,2643.06,-0.0226819089094538,2639.14,-0.0007474809521871,2700.39,-0.0024879982990596,2674.2,0.007804940735365,2666.41,2674.704,31.162540493290564,0.24043555469073208,2702.41,2639.14,2674.1369999999997,25.20779775727487,0.2200373659379368,2703.79,2639.14,2627.624,77.42003816508496,0.2770283341651962,2703.79,2423.92,2505.7513999999996,120.88620407115508,0.25290693000121484,2703.79,2316.57,3,5,2,1.0231753097090668,1.0729396379860057,0.04214214512071997,-0.005187712300278551,2687.99,-0.0001971344829125865
2022-05-06,GOOGL,2714.12,2754.95,2621.03,2687.99,2352897,2687.99,-0.0001971344829125,2640.8275000000003,2511.0852,2615.0462,0.2633998466173253,2764.4103892731114,2517.2446107268893,56.42196845940203,50.59137945282737,53.97464445111187,-3.3832649982845027,100.8342857142857,0.0171997608832186,2688.52,0.0014853323431118,2643.06,-0.0226819089094538,2639.14,0.0105489492184578,2702.41,-0.0075682284419874,2646.23,2671.82,28.511943988370195,0.2256500038810216,2700.39,2639.14,2678.3129999999996,23.470105832137026,0.21513924188581773,2703.79,2639.14,2640.8275000000003,61.79144463655558,0.2633998466173246,2703.79,2461.81,2511.0852,122.94985203432981,0.25265208597786465,2703.79,2316.57,4,5,2,1.0178589854880644,1.0704495410983783,0.04982161391967597,-0.009627429885189484,2722.27,0.012753023634760607
2022-05-09,GOOGL,2704.88,2749.64,2694.91,2722.27,1404145,2722.27,0.0127530236347606,2653.8505,2517.201,2613.1615,0.2620992771346396,2749.81004728308,2557.8909527169203,69.04269324579981,51.82981636784098,53.545678834457696,-1.71586246661672,98.99785714285713,-0.0001971344829125,2687.99,0.0171997608832186,2688.52,0.0014853323431118,2643.06,-0.0007474809521871,2700.39,0.0217516995877153,2703.79,2676.196,34.94615329325934,0.2459951950402929,2722.27,2639.14,2680.1609999999996,26.260663632863462,0.1954369403014954,2722.27,2639.14,2653.8505,47.979773641539744,0.2620992771346389,2722.27,2529.94,2517.201,125.7220261456265,0.25355627856158447,2722.27,2316.57,0,5,2,1.0257812186477626,1.081467073944003,0.02010454510389488,0.006429120700361363,2677.84,-0.016320938040679245
2022-05-10,GOOGL,2692.09,2714.62,2641.06,2677.84,776640,2677.84,-0.0163209380406792,2661.2455,2522.3102000000003,2611.0619,0.2584975678340562,2737.840234593213,2584.650765406787,54.17382253250473,48.6651750178612,52.5695780711384,-3.9044030532772,95.12071428571426,0.0127530236347606,2722.27,-0.0001971344829125,2687.99,0.0171997608832186,2688.52,-0.0226819089094538,2639.14,-0.0151749950994714,2662.76,2683.936,28.350273896313837,0.20736870512424813,2722.27,2643.06,2681.669,25.574409279472494,0.19811772651304768,2722.27,2639.14,2661.2455,38.29736729660655,0.2584975678340554,2722.27,2560.27,2522.3102000000003,126.97453023551209,0.25705701759301586,2722.27,2316.57,1,5,2,1.0062356141133895,1.0616616465329831,0.027469901114320672,-0.005293285142768149,2677.45,-0.00014563976936643463
2022-05-11,GOOGL,2668.81,2718.69,2636.2,2677.45,1141981,2677.45,-0.0001456397693664,2665.1605,2526.8302,2608.92785,0.2419935480029206,2736.193877914406,2594.127122085594,51.51631688627285,45.60005515656212,51.17567348822315,-5.575618331661026,95.74428571428572,-0.0163209380406792,2677.84,0.0127530236347606,2722.27,-0.0001971344829125,2687.99,0.0014853323431118,2643.06,0.0068012137781849,2680.87,2690.814,18.368713346232038,0.20843183333222842,2722.27,2677.45,2681.327,25.60912513136607,0.19511038012883483,2722.27,2639.14,2665.1605,35.51668895720315,0.24199354800291975,2722.27,2560.27,2526.8302,128.41496071989533,0.256104179092313,2722.27,2316.57,2,5,2,1.004611166944353,1.0596082000282172,0.03080916543725165,0.0032373979414033354,2651.55,-0.009673383256456614
2022-05-12,GOOGL,2634.34,2680.44,2622.65,2651.55,767138,2651.55,-0.0096733832564566,2665.174,2530.3160000000003,2606.6447,0.2348160491145466,2736.1963722797727,2594.151627720227,50.71938554546176,40.61285235746482,49.063109262071485,-8.450256904606668,90.83714285714288,-0.0001456397693664,2677.45,-0.0163209380406792,2677.84,0.0127530236347606,2722.27,0.0171997608832186,2688.52,-0.0024879982990596,2674.2,2683.42,25.557198594447097,0.174933483453856,2722.27,2651.55,2679.062,27.258064983791627,0.20086401393308206,2722.27,2639.14,2665.174,35.51118613988645,0.23481604911454568,2722.27,2560.27,2530.3160000000003,129.40365483908366,0.25661590282611213,2722.27,2316.57,3,5,2,0.9948881386352281,1.0479125927350386,0.02179479926834424,0.006532945633438927,2684.16,0.012298466934434371
2022-05-13,GOOGL,2679.94,2698.4,2669.92,2684.16,1551874,2684.16,0.0122984669344343,2667.2005,2534.2348,2604.74935,0.2384062482802004,2737.946945244781,2596.4540547552183,47.153504826831714,38.844042730166166,47.019295955690424,-8.175253225524258,88.55928571428574,-0.0096733832564566,2651.55,-0.0001456397693664,2677.45,-0.0163209380406792,2677.84,-0.0001971344829125,2687.99,0.0105489492184578,2702.41,2682.654,25.44312539756085,0.20600553821740825,2722.27,2651.55,2677.237,26.107838775920875,0.20379699207538335,2722.27,2639.14,2667.2005,35.37322262239071,0.23840624828019943,2722.27,2560.27,2534.2348,131.05911128173278,0.257685885073318,2722.27,2316.57,4,5,2,1.0063585395994765,1.0591599483989962,0.010610395803524904,0.0015746621193005162,2686.24,0.0007749165474486563
2022-05-16,GOOGL,2702.03,2711.5,2660.98,2686.24,698937,2686.24,0.0007749165474486,2670.0655,2537.2204,2602.9068,0.2371995065193374,2738.9032266439667,2601.2277733560327,53.83835741596234,37.181481993905436,45.05173316333343,-7.870251169427995,85.37500000000003,0.0122984669344343,2684.16,-0.0096733832564566,2651.55,-0.0001456397693664,2677.45,0.0127530236347606,2722.27,-0.0007474809521871,2700.39,2675.448,13.903329457218963,0.1734747211188474,2686.24,2651.55,2675.822,25.076645974436858,0.20391003265177096,2722.27,2639.14,2670.0654999999997,34.41886332198355,0.23719950651933652,2722.27,2560.27,2537.2203999999997,132.8110907582895,0.25438913013182235,2722.27,2316.57,0,5,2,1.006057716561258,1.058733407629444,0.0188069569360821,-0.005843754510495655,2716.8,0.011376496515575818
2022-05-17,GOOGL,2714.89,2745.71,2687.9,2716.8,1064249,2716.8,0.0113764965155758,2677.892,2542.022,2601.5746,0.2163796103334328,2726.9086126944267,2628.875387305573,55.643869181681374,37.89302008379855,43.61999054742646,-5.726970463627914,84.78214285714287,0.0007749165474486,2686.24,0.0122984669344343,2684.16,-0.0096733832564566,2651.55,-0.0163209380406792,2677.84,-0.0226819089094538,2639.14,2683.24,23.312551340340555,0.14463685170140397,2716.8,2651.55,2683.588,24.472350293400115,0.16855216877842194,2722.27,2643.06,2677.892,24.50830634721335,0.21637961033343195,2722.27,2639.14,2542.022,134.90255529265661,0.24878571600627883,2722.27,2316.57,1,5,2,1.0145293387481593,1.0687555025089994,0.02127871024734197,0.0007035275830695188,2765.25,0.01783348056537104
2022-05-18,GOOGL,2767.33,2803.61,2726.89,2765.25,802989,2765.25,0.017833480565371,2683.8665,2547.3776000000003,2600.1516,0.1932677745446669,2744.21207718092,2623.5209228190806,62.64267266273156,41.88362092250327,43.27271662244182,-1.3890956999385509,81.76214285714286,0.0113764965155758,2716.8,0.0007749165474486,2686.24,0.0122984669344343,2684.16,-0.0001456397693664,2677.45,0.0014853323431118,2643.06,2700.8,42.790910833915504,0.17393323574171957,2765.25,2651.55,2695.807,31.487541116284003,0.18384579660712408,2765.25,2651.55,2683.8665,30.172788590459657,0.1932677745446659,2765.25,2639.14,2547.3776000000003,138.36862984337603,0.25093421106041336,2765.25,2316.57,2,5,2,1.030323229564127,1.0855281133032315,0.02774432691437393,-0.0007516270195456182,2796.78,0.01140222403037705
2022-05-19,GOOGL,2824.48,2824.48,2773.23,2796.78,1262446,2796.78,0.011402224030377,2690.385,2552.8468,2598.956,0.1950449718707165,2768.376171565377,2612.3938284346227,62.98395751112584,47.048067495021314,44.02778679695772,3.020280698063594,81.515,0.017833480565371,2765.25,0.0113764965155758,2716.8,0.0007749165474486,2686.24,-0.0096733832564566,2651.55,0.0171997608832186,2688.52,2729.846,49.73051256518742,0.09814400875121024,2796.78,2684.16,2706.6330000000003,44.58900064907407,0.17479228588772633,2796.78,2651.55,2690.3849999999998,38.99558578268849,0.19504497187071554,2796.78,2639.14,2552.8468,142.733888978823,0.2511217785398613,2796.78,2316.57,3,5,2,1.0395463846248625,1.0955534033608694,0.01832464477005044,-0.009807114937967347,2809.79,0.004651778116262273
2022-05-20,GOOGL,2804.12,2872.92,2746.67,2809.79,1036432,2809.79,0.0046517781162622,2698.563,2559.5538,2597.93965,0.1915018579341116,2790.17172725624,2606.9542727437606,64.61004273262677,51.59596076414482,45.541421590395146,6.054539173749674,81.18071428571427,0.011402224030377,2796.78,0.017833480565371,2765.25,0.0113764965155758,2716.8,0.0122984669344343,2684.16,-0.0001971344829125,2687.99,2754.972,52.53510416851174,0.10523732140606867,2809.79,2686.24,2718.813,54.47108510225027,0.17321201408050127,2809.79,2651.55,2698.563,45.80436362811974,0.19150185793411065,2809.79,2639.14,2559.5538,146.7955804385279,0.2462622064887207,2809.79,2316.57,4,5,2,1.0412171218529858,1.0977655558554393,0.04493218354394993,0.0020220247350320425,2766.03,-0.01557411763868466
2022-05-23,GOOGL,2772.41,2818.85,2713.2,2766.03,1287917,2766.03,-0.0155741176386846,2701.675,2566.5482,2596.31235,0.1890312229388457,2798.131740781241,2605.218259218759,67.776190073271,51.08031063865337,46.64919940004679,4.431111238606583,80.01071428571429,0.0046517781162622,2809.79,0.011402224030377,2796.78,0.017833480565371,2765.25,0.0007749165474486,2686.24,0.0127530236347606,2722.27,2770.93,35.932754556204735,0.20473854098952493,2809.79,2716.8,2723.1890000000003,56.499648464933685,0.19267527259420478,2809.79,2651.55,2701.675,48.22837039062044,0.18903122293884472,2809.79,2639.14,2566.5482,148.15640747630312,0.24255092340211054,2809.79,2316.57,0,5,2,1.0238204077096529,1.0777237692239414,0.038195536563219445,-0.00230124692956574,2766.65,0.00022414796658032365
2022-05-24,GOOGL,2759.2,2785.2,2748.11,2766.65,1210776,2766.65,0.0002241479665803,2706.8695,2574.1154,2594.9882500000003,0.1789673002347474,2805.663549783707,2608.0754502162927,67.47546732008527,50.14365813989343,47.34809114801612,2.7955669918773154,78.73071428571428,-0.0155741176386846,2766.03,0.0046517781162622,2809.79,0.011402224030377,2796.78,0.0113764965155758,2716.8,-0.0163209380406792,2677.84,2780.9,20.951780353862706,0.2013558343517903,2809.79,2765.25,2732.07,55.55127521283638,0.16540877479868535,2809.79,2651.55,2706.8695,49.39702489185346,0.17896730023474638,2809.79,2639.14,2574.1154,148.5279710784894,0.2403795192848558,2809.79,2316.57,1,5,2,1.0220847366298886,1.0747964135558667,0.013406104856048392,0.002700057987821678,2743.9,-0.008222941102054793
2022-05-25,GOOGL,2738.02,2793.3,2694.51,2743.9,808688,2743.9,-0.0082229411020547,2710.021,2581.7176,2593.81685,0.1815225530681409,2809.342805715362,2610.699194284637,58.368087032888646,47.02356107516789,47.28318513344647,-0.2596240582785825,77.6942857142857,0.0002241479665803,2766.65,-0.0155741176386846,2766.03,0.0046517781162622,2809.79,0.017833480565371,2765.25,-0.0001456397693664,2677.45,2776.63,26.40464637135825,0.16847989545832523,2809.79,2743.9,2738.715,52.16271747559769,0.17484381453539094,2809.79,2651.55,2710.0209999999997,49.66090285768109,0.1815225530681399,2809.79,2639.14,2581.7176,147.265393894897,0.239842487470992,2809.79,2316.57,2,5,2,1.0125013791402309,1.0628195740691924,0.03600349866976346,0.002147537271458193,2729.58,-0.005218849083421517
2022-05-26,GOOGL,2740.26,2778.91,2680.25,2729.58,1541987,2729.58,-0.0052188490834215,2712.79,2588.447,2592.8288,0.1825194757212248,2810.9884707782744,2614.591529221725,56.032957147627,42.9008233626314,46.40671277928346,-3.50588941665206,75.17571428571429,-0.0082229411020547,2743.9,0.0002241479665803,2766.65,-0.0155741176386846,2766.03,0.011402224030377,2796.78,-0.0096733832564566,2651.55,2763.19,30.38640074106186,0.12361437194038498,2809.79,2729.58,2746.518,42.64242118406403,0.16742589430457858,2809.79,2684.16,2712.79,49.09923538913715,0.1825194757212237,2809.79,2639.14,2588.4469999999997,146.15437303112503,0.23958887957145883,2809.79,2316.57,3,5,2,1.0061892000482875,1.0545241992588394,0.036144754870699417,-0.0038974403888668934,2714.01,-0.005704174268568729
2022-05-27,GOOGL,2737.78,2779.49,2648.54,2714.01,1176819,2714.01,-0.0057041742685687,2713.37,2595.3204,2591.7748,0.1804522320840739,2811.447283597826,2615.292716402174,48.733051105336976,37.93980864924697,44.71333195327617,-6.773523304029197,80.12571428571427,-0.0052188490834215,2729.58,-0.0082229411020547,2743.9,0.0002241479665803,2766.65,0.0046517781162622,2809.79,0.0122984669344343,2684.16,2744.034,22.943866936423255,0.09119218730411915,2766.65,2714.01,2749.503,38.650186732267436,0.16364164025016967,2809.79,2686.24,2713.37,49.038641798913034,0.18045223208407285,2809.79,2639.14,2595.3204,143.74915504219766,0.2387372470255736,2809.79,2316.57,4,5,2,1.0002358690480841,1.0457321570003282,0.0482496379895253,-0.008682216978716807,2672.52,-0.015287342345827848
2022-05-30,GOOGL,2674.78,2686.04,2658.99,2672.52,808083,2672.52,-0.0152873423458278,2711.9765,2601.9964,2590.4080000000004,0.1887362045375361,2811.6099171959336,2612.343082804066,49.17657255854234,30.310867678370414,41.83283909829502,-11.521971419924604,78.25500000000001,-0.0057041742685687,2714.01,-0.0052188490834215,2729.58,-0.0082229411020547,2743.9,-0.0155741176386846,2766.03,0.0007749165474486,2686.24,2725.332,35.3103677408801,0.08948018043608587,2766.65,2672.52,2748.1310000000003,41.29821584786561,0.1833612186867641,2809.79,2672.52,2711.9764999999998,49.81670859796691,0.18873620453753506,2809.79,2639.14,2601.9964,139.27030855109518,0.2394542218243108,2809.79,2316.57,0,5,2,0.9854510169977558,1.0271036501045785,0.010121533234546443,-0.0008449293025966148,2590.82,-0.030570397976441677
2022-05-31,GOOGL,2604.73,2616.62,2565.02,2590.82,2940830,2590.82,-0.0305703979764416,2709.5605,2607.4814,2588.4533,0.2026258479087869,2818.5360021192337,2600.5849978807664,39.287745763447454,17.47097526325706,36.96046633128743,-19.489491068030368,80.04142857142857,-0.0152873423458278,2672.52,-0.0057041742685687,2714.01,-0.0052188490834215,2729.58,0.0002241479665803,2766.65,0.0113764965155758,2716.8,2690.166,61.624572047162765,0.1684767906216327,2743.9,2590.82,2735.5330000000004,64.57373632776613,0.2240011428276793,2809.79,2590.82,2709.5605,54.48775105961685,0.20262584790878585,2809.79,2590.82,2607.4814,133.06183495837084,0.2494822430174374,2809.79,2350.56,1,5,2,0.9561772102889173,0.9936101557614204,0.019916474320863662,-0.005340284789592209,2563.97,-0.010363514254174477
2022-06-01,GOOGL,2542.91,2624.37,2503.58,2563.97,1451929,2563.97,-0.0103635142541744,2705.606,2611.5798,2585.7338,0.2051670904957945,2829.465768822107,2581.7462311778936,39.19565753627249,5.0702507185019385,30.582423208730333,-25.512172490228394,84.54142857142857,-0.0305703979764416,2590.82,-0.0152873423458278,2672.52,-0.0057041742685687,2714.01,-0.0082229411020547,2743.9,0.017833480565371,2765.25,2654.18,73.74530188422676,0.1653079958106163,2729.58,2563.97,2715.405,83.01760579670149,0.18632095610349933,2809.79,2563.97,2705.606,61.929884411053195,0.2051670904957934,2809.79,2563.97,2611.5798,128.32535034347057,0.24834770570444228,2809.79,2350.56,2,6,2,0.9476509144343456,0.9817697318684339,0.0471105356146729,0.008281850321085554,2572.62,0.0033736744189674095
2022-06-02,GOOGL,2557.75,2633.44,2511.79,2572.62,1128644,2572.62,0.0033736744189674,2699.811,2615.8286,2583.6028,0.1940788217203393,2837.1485445122926,2562.473455487708,35.37525567604959,-4.013168804807265,23.663304806022815,-27.67647361083008,89.88428571428572,-0.0103635142541744,2563.97,-0.0305703979764416,2590.82,-0.0152873423458278,2672.52,-0.0052188490834215,2729.58,0.011402224030377,2796.78,2622.7879999999996,66.69532120018287,0.19984110681224768,2714.01,2563.97,2692.9890000000005,88.67431100502702,0.1669028360690851,2809.79,2563.97,2699.811,68.66877225614628,0.19407882172033822,2809.79,2563.97,2615.8286,123.24819599639714,0.24835433955652964,2809.79,2350.56,3,6,2,0.9528889244465805,0.9834818688040251,0.047286423956881624,0.005813703450295798,2518.4,-0.02107579043931862
2022-06-03,GOOGL,2518.51,2567.29,2469.52,2518.4,2113622,2518.4,-0.0210757904393186,2691.3315,2619.1154,2581.0498,0.2051559010427099,2850.8866591507267,2531.776340849273,30.64039863331884,-15.40931608027995,15.848780628762263,-31.258096709042213,93.64,0.0033736744189674,2572.62,-0.0103635142541744,2563.97,-0.0305703979764416,2590.82,-0.0057041742685687,2714.01,0.0046517781162622,2809.79,2583.666,56.382200914786374,0.20053031428757037,2672.52,2518.4,2663.85,93.75869322654425,0.1609995379944462,2766.65,2518.4,2691.3315,79.77757957536336,0.2051559010427088,2809.79,2518.4,2619.1154,118.21332778567005,0.25346644546268815,2809.79,2350.56,4,6,2,0.9357450020553264,0.9615460242794336,0.03882226810671901,-4.3676618318006936e-05,2519.72,0.0005241423125792455
2022-06-06,GOOGL,2495.53,2570.91,2468.53,2519.72,2506902,2519.72,0.0005241423125792,2681.204,2622.4986,2578.63375,0.1969946085501105,2857.341967980348,2505.066032019653,25.623392043442607,-24.057017608581646,7.8676209812934825,-31.92463858987513,96.70499999999996,-0.0210757904393186,2518.4,0.0033736744189674,2572.62,-0.0103635142541744,2563.97,-0.0152873423458278,2672.52,-0.0155741176386846,2766.03,2553.106,32.55879266795974,0.2276205641466273,2590.82,2518.4,2639.219,96.25318227924866,0.16788523619899914,2766.65,2518.4,2681.204,88.06898399017369,0.1969946085501094,2809.79,2518.4,2622.4986,112.660796017175,0.25338579156948116,2809.79,2372.36,0,6,2,0.9397718338474282,0.9608089018613925,0.040631498737938754,0.009693331677034499,2598.21,0.031150286539774363
2022-06-07,GOOGL,2585.37,2615.96,2580.47,2598.21,1132221,2598.21,0.0311502865397743,2677.2225,2626.4566000000004,2576.7463,0.226749504721219,2857.237945872478,2497.2070541275216,30.76816800121867,-24.29681775060044,1.434733234914698,-25.73155098551514,97.3785714285714,0.0005241423125792,2519.72,-0.0210757904393186,2518.4,0.0033736744189674,2572.62,-0.0305703979764416,2590.82,0.0002241479665803,2766.65,2554.584,34.79009384861146,0.3105671533851274,2598.21,2518.4,2622.375,85.6270666254664,0.2620387945188411,2743.9,2518.4,2677.2225,90.00772293623913,0.22674950472121788,2809.79,2518.4,2626.4566000000004,108.07869080707111,0.2583118154328608,2809.79,2372.36,1,6,2,0.9704871373219931,0.9892453581753494,0.01365940397426943,0.0049664071293451925,2641.81,0.016780783693388868
2022-06-08,GOOGL,2642.73,2682.17,2601.45,2641.81,1378892,2641.81,0.0167807836933888,2675.4405,2631.8456,2575.21965,0.2357828956756038,2856.1507341756687,2494.7302658243307,32.64030469260226,-20.72974586471082,-2.998162585010406,-17.731583279700416,99.14499999999998,0.0311502865397743,2598.21,0.0005241423125792,2519.72,-0.0210757904393186,2518.4,-0.0103635142541744,2563.97,-0.0082229411020547,2743.9,2570.152,52.796466453686804,0.30931161967647336,2641.81,2518.4,2612.166,74.94821000007452,0.28548512774885626,2729.58,2518.4,2675.4404999999997,90.35511708783453,0.23578289567560276,2809.79,2518.4,2631.8456,101.67853962887305,0.25863368143220733,2809.79,2423.48,2,6,2,0.9874299204183432,1.0037860883628569,0.03055480901350578,-0.0003481248557361988,2712.94,0.02692472206555352
2022-06-09,GOOGL,2686.62,2739.07,2686.62,2712.94,808253,2712.94,0.0269247220655535,2678.51,2637.6348000000003,2574.2574000000004,0.252245420088615,2859.59672909042,2497.42327090958,40.40081669759231,-12.024606969900105,-4.803451461988346,-7.221155507911759,97.07428571428571,0.0167807836933888,2641.81,0.0311502865397743,2598.21,0.0005241423125792,2519.72,0.0033736744189674,2572.62,-0.0052188490834215,2729.58,2598.2159999999994,83.05758381987428,0.3396877035464417,2712.94,2518.4,2610.502,72.18554053420434,0.3235661451575842,2714.01,2518.4,2678.5099999999998,90.5433645452099,0.252245420088614,2809.79,2518.4,2637.6348000000003,97.73684808938798,0.2609644618027684,2809.79,2423.92,3,6,2,1.012854161455058,1.0285502754206046,0.019333269442000537,0.0097966962205263,2730.72,0.006553775608749035
2022-06-10,GOOGL,2717.86,2754.27,2707.16,2730.72,1131387,2730.72,0.006553775608749,2680.838,2643.6028,2572.98315,0.2497242778648236,2863.4214986030797,2498.254501396921,46.310267715838656,-3.6489613176140665,-4.57255343311349,0.9235921154994235,92.89285714285714,0.0269247220655535,2712.94,0.0167807836933888,2641.81,0.0311502865397743,2598.21,-0.0210757904393186,2518.4,-0.0057041742685687,2714.01,2640.68,86.26269268922515,0.20659375046313636,2730.72,2519.72,2612.173,74.9868947142228,0.32381708925832553,2730.72,2518.4,2680.838,91.29174930153962,0.24972427786482265,2809.79,2518.4,2643.6027999999997,93.9824037381856,0.2611179460635748,2809.79,2423.92,4,6,2,1.0186068684489629,1.032953967214351,0.01725186031522195,0.004731663882611665,2782.96,0.019130485732700597
2022-06-13,GOOGL,2783.74,2841.98,2723.95,2782.96,1108155,2782.96,0.0191304857327005,2685.674,2650.7272,2571.76345,0.257892952124779,2873.896415847325,2497.4515841526745,51.53835996166544,7.122031273978791,-2.2336364916950338,9.355667765673825,98.67428571428574,0.006553775608749,2730.72,0.0269247220655535,2712.94,0.0167807836933888,2641.81,0.0005241423125792,2519.72,-0.0152873423458278,2672.52,2693.328,73.34545977765771,0.15146283261739185,2782.96,2598.21,2623.2169999999996,91.23476981571513,0.3220254440318152,2782.96,2518.4,2685.674,94.11120792366275,0.25789295212477803,2809.79,2518.4,2650.7272,90.65014828358488,0.2635351479047897,2809.79,2423.92,0,6,2,1.036224053998722,1.049885480482092,0.042411676775791884,-0.0002801985817639094,2751.66,-0.011247017564032569
2022-06-14,GOOGL,2755.69,2772.85,2730.47,2751.66,1292078,2751.66,-0.0112470175640325,2687.4170000000004,2655.2302,2570.3775,0.2593607417518599,2877.4895806079944,2497.3444193920063,50.72030594306224,12.982814287061956,0.8096536640563643,12.173160623005591,95.36714285714291,0.0191304857327005,2782.96,0.006553775608749,2730.72,0.0269247220655535,2712.94,0.0311502865397743,2598.21,-0.0305703979764416,2590.82,2724.018,52.82999545709023,0.23355527945643917,2782.96,2641.81,2639.301,98.75623023381054,0.2746601307545553,2782.96,2518.4,2687.4170000000004,95.03629030399699,0.2593607417518589,2809.79,2518.4,2655.2302,89.94314379809575,0.2503523250146875,2809.79,2423.92,1,6,2,1.0239051103713996,1.0363169264943444,0.015401612117770622,-0.0014624286476340727,2724.18,-0.009986698938095562
2022-06-15,GOOGL,2747.37,2763.33,2685.02,2724.18,1370842,2724.18,-0.0099866989380955,2685.3635000000004,2660.0164,2568.519,0.253817664862286,2872.764133630995,2497.962866369006,49.51071001287893,15.23450679831467,3.694624290908026,11.539882507406643,93.91357142857149,-0.0112470175640325,2751.66,0.0191304857327005,2782.96,0.006553775608749,2730.72,0.0167807836933888,2641.81,-0.0103635142541744,2563.97,2740.4919999999997,27.60860952667243,0.27070762966270384,2782.96,2712.94,2655.322,98.17110785649403,0.27403060455938866,2782.96,2518.4,2685.3635000000004,93.7003168154973,0.25381766486228485,2809.79,2518.4,2660.0164,87.01217113456173,0.24832567129255662,2809.79,2423.92,2,6,2,1.014454840098551,1.0241215054158974,0.02874626493108796,-0.008440799746663761,2608.08,-0.04261832918529607
2022-06-16,GOOGL,2615.66,2670.07,2546.08,2608.08,1501182,2608.08,-0.042618329185296,2675.9285,2662.7476,2566.44605,0.2897514106178568,2858.6528863281064,2493.204113671893,41.880892158218224,7.5635022780898,4.468399888344381,3.095102389745419,97.28142857142863,-0.0099866989380955,2724.18,-0.0112470175640325,2751.66,0.0191304857327005,2782.96,0.0269247220655535,2712.94,0.0033736744189674,2572.62,2719.52,66.37703367879699,0.36890073473658486,2782.96,2608.08,2658.868,95.45478415339606,0.3683881712915642,2782.96,2518.4,2675.9285,91.36219316405312,0.28975141061785575,2809.79,2518.4,2662.7476,83.02671103411302,0.2673322914780491,2809.79,2423.92,3,6,2,0.9746448756007589,0.9794694773169715,0.04754071960980978,-0.002897930159117404,2658.77,0.01943575350449378
2022-06-17,GOOGL,2654.23,2681.94,2635.59,2658.77,1319665,2658.77,0.0194357535044937,2668.3775,2667.4446000000003,2564.9409,0.2997317215193048,2839.9517082047555,2496.8032917952446,48.960773938953295,5.5109089670522735,4.676901704085959,0.8340072629663142,98.6271428571429,-0.042618329185296,2608.08,-0.0099866989380955,2724.18,-0.0112470175640325,2751.66,0.006553775608749,2730.72,-0.0210757904393186,2518.4,2705.13,70.98134332341189,0.40924231426167884,2782.96,2608.08,2672.9049999999997,81.85550904554297,0.35439162610449626,2782.96,2519.72,2668.3775,85.78710410237764,0.2997317215193037,2782.96,2518.4,2667.4446000000003,75.54595990520787,0.26620281129490886,2809.79,2461.81,4,6,2,0.9963994974470455,0.9967479736969994,0.01743287309544732,0.0017104772382190892,2725.85,0.02522971148312947
2022-06-20,GOOGL,2749.31,2792.8,2658.9,2725.85,739356,2725.85,0.0252297114831294,2666.3685,2672.7254,2564.27405,0.3110663443901642,2834.02445928955,2498.71254071045,60.43621411768488,9.191060544250831,5.579733472118934,3.611327072131897,100.52214285714292,0.0194357535044937,2658.77,-0.042618329185296,2608.08,-0.0099866989380955,2724.18,0.0191304857327005,2782.96,0.0005241423125792,2519.72,2693.708,58.89164516292618,0.4335232930384275,2751.66,2608.08,2693.518,62.708753916593864,0.3658722164209407,2782.96,2598.21,2666.3685,83.82797964477513,0.311066344390163,2782.96,2518.4,2672.7254,69.89550078100791,0.2695831027972817,2809.79,2518.4,0,6,2,1.0223080568192198,1.0198765649471435,0.04912229212904268,-0.008533050110751972,2702.56,-0.008544123851275787
2022-06-21,GOOGL,2717.96,2769.82,2635.31,2702.56,824428,2702.56,-0.0085441238512757,2663.164,2676.1778000000004,2563.646,0.3123320498177855,2825.1019623125194,2501.22603768748,60.77062965190982,10.111737015910421,6.486134180877231,3.62560283503319,101.50214285714294,0.0252297114831294,2725.85,0.0194357535044937,2658.77,-0.042618329185296,2608.08,-0.0112470175640325,2751.66,0.0311502865397743,2598.21,2683.888,50.275901483672655,0.43103035568543835,2725.85,2608.08,2703.953,53.02068884454304,0.3498701967313242,2782.96,2608.08,2663.1639999999998,80.96898115625989,0.3123320498177844,2782.96,2518.4,2676.1778000000004,66.89775171750146,0.2641765558932693,2809.79,2518.4,1,6,2,1.0147929305138492,1.0098581641320654,0.04977132792609616,-0.0056660142165427104,2692.34,-0.0037815996684623654
2022-06-22,GOOGL,2676.18,2735.72,2648.96,2692.34,964407,2692.34,-0.0037815996684623,2660.586,2678.0416000000005,2562.9264000000003,0.3113636821493921,2818.708908810086,2502.4630911899144,59.28148354757044,9.902560610334149,7.169419466768615,2.7331411435655335,99.01000000000006,-0.0085441238512757,2702.56,0.0252297114831294,2725.85,0.0194357535044937,2658.77,-0.0099866989380955,2724.18,0.0167807836933888,2641.81,2677.52,45.70530330274522,0.42719695149096676,2725.85,2608.08,2709.006,48.669545850846944,0.3442935639064177,2782.96,2608.08,2660.5860000000002,79.06145440504302,0.3113636821493909,2782.96,2518.4,2678.0416000000005,66.00006142111668,0.25764487136025,2809.79,2518.4,2,6,2,1.0119349647028844,1.005339125426205,0.03222475616005688,0.0060384578017899666,2660.78,-0.011722145048545074
2022-06-23,GOOGL,2641.14,2683.14,2638.42,2660.78,1071892,2660.78,-0.011722145048545,2657.146,2678.2316000000005,2562.02175,0.313446337902883,2811.9067671487114,2502.385232851288,61.44018769547446,7.108219430918325,7.157179459598558,-0.048960028680232526,95.49714285714292,-0.0037815996684623,2692.34,-0.0085441238512757,2702.56,0.0252297114831294,2725.85,-0.042618329185296,2608.08,0.0269247220655535,2712.94,2688.06,28.542753020617578,0.2696308681122832,2725.85,2658.77,2703.79,50.94302525583375,0.32011081371302297,2782.96,2608.08,2657.1459999999997,77.38038357435576,0.3134463379028819,2782.96,2518.4,2678.2316000000005,65.93509051068635,0.25531843559773604,2809.79,2518.4,3,6,2,1.0013676327905952,0.9934839093075469,0.016807101676945477,0.007436182860428789,2677.85,0.006415412022038547
2022-06-24,GOOGL,2687.27,2708.17,2647.53,2677.85,1826919,2677.85,0.0064154120220385,2655.338,2678.916,2561.1646,0.3140317068445056,2808.1340562457267,2502.5419437542737,62.39205052917029,6.199624838146065,6.96566853530806,-0.7660436971619955,92.51571428571437,-0.011722145048545,2660.78,-0.0037815996684623,2692.34,-0.0085441238512757,2702.56,0.0194357535044937,2658.77,0.006553775608749,2730.72,2691.8759999999997,24.65910440376926,0.2369058801549707,2725.85,2660.78,2698.5029999999997,50.579817461500156,0.3200109934981369,2782.96,2608.08,2655.338,76.39802812286334,0.3140317068445045,2782.96,2518.4,2678.916,65.74592818927063,0.255594346914897,2809.79,2518.4,4,6,2,1.008478016734213,0.9996020778549981,0.022645032395383322,-0.003505416277484796,2727.23,0.018440166551524584
2022-06-27,GOOGL,2730.49,2764.02,2690.44,2727.23,753629,2727.23,0.0184401665515245,2658.0735,2680.8818,2560.8686,0.3157607367212775,2814.089757354752,2502.0572426452486,60.59416672001525,9.35625728155128,7.443786284556705,1.9124709969945748,91.79642857142865,0.0064154120220385,2677.85,-0.011722145048545,2660.78,-0.0037815996684623,2692.34,0.0252297114831294,2725.85,0.0191304857327005,2782.96,2692.1519999999996,25.13750922418523,0.19535612221810406,2727.23,2660.78,2692.93,42.69599747042064,0.31876499289045235,2751.66,2608.08,2658.0735,78.00812867737562,0.3157607367212764,2782.96,2518.4,2680.8818,65.69056250950881,0.2583879214478936,2809.79,2518.4,0,6,2,1.0260175273554226,1.0172884160722724,0.02697975601616767,-0.001193924899925863,2652.95,-0.02723642670401849
2022-06-28,GOOGL,2668.32,2682.63,2623.28,2652.95,1040140,2652.95,-0.0272364267040184,2661.18,2682.7354000000005,2560.01715,0.3115043640217663,2813.9993324778766,2508.360667522123,50.87085678437743,5.797308258218891,7.114490679289142,-1.3171824210702514,93.22428571428577,0.0184401665515245,2727.23,0.0064154120220385,2677.85,-0.011722145048545,2660.78,-0.0085441238512757,2702.56,-0.0112470175640325,2751.66,2682.23,29.427102303760012,0.2761842345842174,2727.23,2652.95,2683.059,38.846356743152455,0.34128988196073184,2727.23,2608.08,2661.18,76.40966623893836,0.3115043640217652,2782.96,2518.4,2682.7354000000005,63.48845912189743,0.2589985489570963,2809.79,2518.4,1,6,2,0.9969073869482722,0.9888973769082894,0.02237132249004977,-0.0057601786892106585,2671.12,0.006848979437984237
2022-06-29,GOOGL,2683.87,2699.46,2642.77,2671.12,1756855,2671.12,0.0068489794379842,2666.5375,2683.2426,2559.1985,0.3088867375430323,2812.360224512494,2520.714775487506,46.43563343677535,4.392350382294353,6.570062619890185,-2.1777122375958315,90.32642857142862,-0.0272364267040184,2652.95,0.0184401665515245,2727.23,0.0064154120220385,2677.85,-0.0037815996684623,2692.34,-0.0099866989380955,2724.18,2677.986,29.133227249927828,0.2858307803915771,2727.23,2652.95,2677.7529999999997,36.134658047589184,0.34270434493448154,2727.23,2608.08,2666.5375,72.91136225624699,0.30888673754303114,2782.96,2518.4,2683.2426,63.28802194470012,0.24848511292287245,2809.79,2518.4,2,6,2,1.0017185207404726,0.9954821081027129,0.021223307077173185,-0.004750602674494387,2660.04,-0.004148072718559992
2022-06-30,GOOGL,2666.7,2725.06,2595.02,2660.04,1064356,2660.04,-0.0041480727185599,2670.9085,2683.1152,2558.1533,0.3096702274185102,2809.9615955428035,2531.8554044571965,43.90626616440549,2.3576699908176124,5.72758409407567,-3.3699141032580577,96.25000000000003,0.0068489794379842,2671.12,-0.0272364267040184,2652.95,0.0184401665515245,2727.23,-0.011722145048545,2660.78,-0.042618329185296,2608.08,2677.838,29.24415616830033,0.27347436470865494,2727.23,2652.95,2682.9489999999996,27.770609743928915,0.2582716661503978,2727.23,2652.95,2670.9085,69.52654777140164,0.3096702274185092,2782.96,2518.4,2683.1152,63.32899601030197,0.2480798795938155,2809.79,2518.4,3,6,2,0.9959307853485074,0.9913998474605221,0.04888648291001304,-0.0024974687816392387,2665.6,0.0020901941324189544
2022-07-01,GOOGL,2691.53,2691.53,2644.09,2665.6,1442658,2665.6,0.0020901941324189,2678.2685,2683.5026,2557.56005,0.2976024876976394,2797.503625216099,2559.0333747839013,38.99598694718158,1.1802119064323051,4.818109656546998,-3.6378977501146927,91.20785714285716,-0.0041480727185599,2660.04,0.0068489794379842,2671.12,-0.0272364267040184,2652.95,0.0064154120220385,2677.85,0.0194357535044937,2658.77,2675.388,29.75163306435337,0.2688302748550223,2727.23,2652.95,2683.632,27.187741845558264,0.23966846882243756,2727.23,2652.95,2678.2685,59.61756260804942,0.29760248769763825,2782.96,2519.72,2683.5025999999993,63.15776898289976,0.24749697861572253,2809.79,2518.4,4,7,3,0.9952698917225828,0.9933286444361957,0.01779711884753236,-0.009633925685387365,2685.97,0.007641806722689104
2022-07-04,GOOGL,2687.78,2738.8,2633.15,2685.97,1134854,2685.97,0.0076418067226891,2686.581,2683.1462,2556.9953,0.297885632646271,2779.5671956706387,2593.5948043293606,43.71182968504208,1.8692095678802616,4.228329638813651,-2.3591200709333897,95.00500000000001,0.0020901941324189,2665.6,-0.0041480727185599,2660.04,0.0068489794379842,2671.12,0.0184401665515245,2727.23,0.0252297114831294,2725.85,2667.1359999999995,12.495468378411163,0.22796302523853387,2685.97,2652.95,2679.644,22.892563178527872,0.2018432079688675,2727.23,2652.95,2686.5809999999997,46.49309783531949,0.2978856326462698,2782.96,2598.21,2683.1462,63.091194731211246,0.243186853073871,2809.79,2518.4,0,7,3,0.999772573393097,1.0010524212206546,0.03933402085651022,-0.000673418211311836,2678.63,-0.0027327185337139293
2022-07-05,GOOGL,2657.9,2692.04,2657.9,2678.63,1329808,2678.63,-0.0027327185337139,2690.602,2683.4636,2556.65355,0.2796976924044549,2773.954101252415,2607.2498987475847,45.46486389486748,1.8021939514319456,3.7431025013373103,-1.9409085499053647,91.85000000000001,0.0076418067226891,2685.97,0.0020901941324189,2665.6,-0.0041480727185599,2660.04,-0.0272364267040184,2652.95,-0.0085441238512757,2702.56,2672.272,10.289847909269684,0.08531354176625816,2685.97,2660.04,2677.251,21.435292004712764,0.19815810640335185,2727.23,2652.95,2690.602,41.6760506262077,0.2796976924044538,2782.96,2608.08,2683.4636,63.02642878626708,0.24079074233147071,2809.79,2518.4,1,7,3,0.9955504381543627,0.9981987458294578,0.012745321302302716,0.0077993904962535155,2674.92,-0.0013850363805377741
2022-07-06,GOOGL,2692.48,2720.19,2629.65,2674.92,1095195,2674.92,-0.0013850363805377,2692.2575,2683.3446000000004,2556.37655,0.2740603812765323,2772.797026713241,2611.7179732867594,58.57362749917902,1.4331966000672764,3.2811213210833037,-1.8479247210160272,85.5957142857143,-0.0027327185337139,2678.63,0.0076418067226891,2685.97,0.0020901941324189,2665.6,0.0068489794379842,2671.12,-0.0037815996684623,2692.34,2673.032,10.32376723855715,0.07484993425672722,2685.97,2660.04,2675.509,20.770319876490177,0.19751884314020143,2727.23,2652.95,2692.2575,40.269763356620416,0.2740603812765312,2782.96,2608.08,2683.3446000000004,63.03704188678359,0.24034308816559077,2809.79,2518.4,2,7,3,0.9935602370869081,0.9968604106975313,0.03384774124084687,-0.00652186831471113,2666.51,-0.003144019260388986
2022-07-07,GOOGL,2653.27,2728.69,2604.33,2666.51,1566976,2666.51,-0.0031440192603889,2689.936,2683.1907999999994,2555.93655,0.2561955123574387,2770.6418384116,2609.2301615884003,51.113604970316594,0.4568801954360424,2.7162730959538517,-2.2593929005178093,89.20285714285716,-0.0013850363805377,2674.92,-0.0027327185337139,2678.63,0.0076418067226891,2685.97,-0.0041480727185599,2660.04,-0.011722145048545,2660.78,2674.326,8.539509938861373,0.07135439028414287,2685.97,2665.6,2676.082,20.394473543219114,0.18845430152739487,2727.23,2652.95,2689.936,40.352919205799864,0.2561955123574375,2782.96,2608.08,2683.1907999999994,63.06918151117207,0.24038348115193334,2809.79,2518.4,3,7,3,0.9912912426165562,0.9937832225718004,0.046637739967205626,0.0049900688584257336,2708.96,0.01591968528151022
2022-07-08,GOOGL,2723.99,2738.11,2679.82,2708.96,646811,2708.96,0.0159196852815102,2688.848,2683.3218,2555.68495,0.2618262894419238,2767.8066257014816,2609.8893742985183,47.38455820662337,3.0730781098081934,2.78763409872472,0.2854440110834733,84.74357142857141,-0.0031440192603889,2666.51,-0.0013850363805377,2674.92,-0.0027327185337139,2678.63,0.0020901941324189,2665.6,0.0064154120220385,2677.85,2682.998,16.117117297952195,0.1323329393885623,2708.96,2666.51,2679.193,22.91158079309334,0.202626243938125,2727.23,2652.95,2688.848,39.47931285074079,0.2618262894419227,2782.96,2608.08,2683.3217999999997,63.11670064867843,0.24188693948008702,2809.79,2518.4,4,7,3,1.0074797831632702,1.0095546497624661,0.021517482723989446,-0.005517641401030925,2727.92,0.006998995924635265
2022-07-11,GOOGL,2752.86,2752.86,2704.16,2727.92,1037689,2727.92,0.0069989959246352,2686.096,2683.8724,2555.71115,0.2533067985620306,2754.3552415646595,2617.8367584353405,53.98041185096775,6.60026361981636,3.550160002943048,3.050103616873312,78.61428571428571,0.0159196852815102,2708.96,-0.0031440192603889,2666.51,-0.0013850363805377,2674.92,0.0076418067226891,2685.97,0.0184401665515245,2727.23,2691.388,25.962659147244334,0.13106459128064044,2727.92,2666.51,2679.262,23.07279388742895,0.18256255500633664,2727.92,2652.95,2686.096,34.12962078232986,0.2533067985620294,2751.66,2608.08,2683.8723999999997,63.38812982164004,0.24236175193095938,2809.79,2518.4,0,7,3,1.0155705529508194,1.0164119575874708,0.017852429690013792,-0.009059668853480016,2738.31,0.0038087627203142738
2022-07-12,GOOGL,2749.08,2787.69,2688.92,2738.31,1351142,2738.31,0.0038087627203142,2685.4285,2685.8558,2555.78425,0.2507561546612,2751.204102348027,2619.652897651973,57.21143287170657,10.117343280138812,4.8635966583822015,5.25374662175661,79.47214285714287,0.0069989959246352,2727.92,0.0159196852815102,2708.96,-0.0031440192603889,2666.51,-0.0027327185337139,2678.63,-0.0272364267040184,2652.95,2703.324,31.71279599776792,0.12042111504923636,2738.31,2666.51,2687.798,27.602126246495207,0.10058437422245471,2738.31,2660.04,2685.4285,32.88780117401343,0.250756154661199,2738.31,2608.08,2685.8557999999994,63.511282304473866,0.2366628142629536,2809.79,2518.4,1,7,3,1.01969201563139,1.0195297900948297,0.036069692620617794,-0.003917674276483793,2683.91,-0.019866267880554123
2022-07-13,GOOGL,2689.07,2735.59,2632.24,2683.91,1485571,2683.91,-0.0198662678805541,2683.415,2686.6728,2555.9114,0.2582505014830342,2746.610744860365,2620.2192551396347,53.38583599043413,8.417991523637738,5.574475631433309,2.8435158922044295,83.19714285714288,0.0038087627203142,2738.31,0.0069989959246352,2727.92,0.0159196852815102,2708.96,-0.0013850363805377,2674.92,0.0068489794379842,2671.12,2705.1220000000003,29.903001019898607,0.21278932577106108,2738.31,2666.51,2689.077,27.033926853220112,0.15042714214374303,2738.31,2660.04,2683.415,31.597872430182587,0.2582505014830332,2738.31,2608.08,2686.6728,63.21156526962556,0.24117807088405532,2809.79,2518.4,2,7,3,1.0001844664351207,0.9989716648782097,0.03850725247864566,-0.0019188790176523445,2668.43,-0.005767704580257882
2022-07-14,GOOGL,2666.32,2718.49,2618.37,2668.43,2180387,2668.43,-0.0057677045802578,2686.4325,2686.271,2555.71055,0.206754453573537,2739.421410806472,2633.443589193528,48.61462438766808,5.755787252605387,5.610737955667725,0.14504929693766222,86.01714285714287,-0.0198662678805541,2683.91,0.0038087627203142,2738.31,0.0069989959246352,2727.92,-0.0031440192603889,2666.51,-0.0041480727185599,2660.04,2705.506,29.28923402883834,0.21659032116318389,2738.31,2668.43,2689.916,26.148318067744526,0.1520449606025194,2738.31,2665.6,2686.4325,26.494455403236003,0.2067544535735358,2738.31,2652.95,2686.2709999999997,63.26341313773807,0.2384566171304165,2809.79,2518.4,3,7,3,0.9932987335430935,0.9933584511760006,0.0375201897744975,0.0007913528758734439,2707.81,0.014757741443470529
2022-07-15,GOOGL,2700.47,2738.65,2676.98,2707.81,1026250,2707.81,0.0147577414434705,2688.8845,2686.6674000000003,2555.74735,0.2018994010958117,2741.015316616352,2636.7536833836475,47.05739741602883,6.745846159886696,5.837759596511519,0.9080865633751767,84.87785714285717,-0.0057677045802578,2668.43,-0.0198662678805541,2683.91,0.0038087627203142,2738.31,0.0159196852815102,2708.96,0.0020901941324189,2665.6,2705.276,29.259830484745816,0.2113781222244012,2738.31,2668.43,2694.137,25.175759527211827,0.1684974099377601,2738.31,2666.51,2688.8844999999997,26.065408308176014,0.20189940109581062,2738.31,2652.95,2686.6674000000003,63.33645652982569,0.24075802994490228,2809.79,2518.4,4,7,3,1.0070384205788656,1.0078694519459281,0.022774862342622746,0.0027180453772852236,2710.19,0.0008789390688417331
2022-07-18,GOOGL,2702.22,2737.41,2682.96,2710.19,2168670,2710.19,0.0008789390688417,2688.1015,2686.4257999999995,2555.54845,0.1804940731660782,2738.330279871738,2637.8727201282613,61.08958462160866,7.634515148099581,6.197110706829132,1.4374044412704494,81.34214285714289,0.0147577414434705,2707.81,-0.0057677045802578,2668.43,-0.0198662678805541,2683.91,0.0069989959246352,2727.92,0.0076418067226891,2685.97,2701.73,26.80054477050871,0.20288117539856226,2738.31,2668.43,2696.559,25.466116682430087,0.1651197597119991,2738.31,2666.51,2688.1014999999998,25.114389935869166,0.18049407316607707,2738.31,2652.95,2686.4257999999995,63.22081138520351,0.23905904703550407,2809.79,2518.4,0,7,3,1.0082171376337508,1.0088460288011647,0.020090842339459493,0.0029494267676197002,2739.68,0.010881155933716746
2022-07-19,GOOGL,2747.15,2805.76,2673.6,2739.68,921928,2739.68,0.0108811559337167,2689.9575,2687.6626,2555.60865,0.1817873281768735,2744.9528448272363,2634.962155172764,62.72457312220439,10.59624139073776,7.0769368436108575,3.519304547126902,86.73285714285718,0.0008789390688417,2710.19,0.0147577414434705,2707.81,-0.0057677045802578,2668.43,0.0038087627203142,2738.31,-0.0027327185337139,2678.63,2702.004,27.27089804161282,0.2194965443517964,2739.68,2668.43,2702.6639999999998,27.892590095159086,0.1706746408199842,2739.68,2666.51,2689.9575,27.49767241361813,0.18178732817687246,2739.68,2652.95,2687.6626,63.65283531879671,0.23728842857631352,2809.79,2518.4,1,7,3,1.0184844927843586,1.0193541406570081,0.048239210418717544,-0.0027191816973945854,2818.99,0.02894863633709055
2022-07-20,GOOGL,2833.15,2885.14,2752.84,2818.99,2041694,2818.99,0.0289486363370905,2696.29,2690.4934,2556.1755,0.2064331768951081,2776.0369899120637,2616.5430100879366,73.53908123973125,19.122650938209517,9.48607966253059,9.636571275678927,87.83428571428577,0.0108811559337167,2739.68,0.0008789390688417,2710.19,0.0147577414434705,2707.81,-0.0198662678805541,2683.91,-0.0013850363805377,2674.92,2729.02,56.31122801001746,0.21212813732851485,2818.99,2668.43,2717.071,44.332533188206675,0.21457740164367847,2818.99,2666.51,2696.29,39.87349495603178,0.20643317689510712,2818.99,2652.95,2690.4934,66.28239002162653,0.2456804796367344,2818.99,2518.4,2,7,3,1.0455069743977667,1.0477594927380056,0.04693170248917265,-0.004997970456910263,2867.0,0.01703092242256976
2022-07-21,GOOGL,2877.24,2907.56,2826.45,2867.0,1664139,2867.0,0.0170309224225697,2706.601,2694.8024,2557.14315,0.2056078959736813,2815.144104200626,2598.057895799373,76.49442222408203,29.414821940494676,13.471828118123408,15.942993822371267,90.77214285714292,0.0289486363370905,2818.99,0.0108811559337167,2739.68,0.0008789390688417,2710.19,-0.0057677045802578,2668.43,-0.0031440192603889,2666.51,2768.734,71.00200863353369,0.16147277987609596,2867.0,2707.81,2737.12,61.092850827384794,0.2161331934124258,2867.0,2668.43,2706.6009999999997,54.27155210031315,0.20560789597368043,2867.0,2652.95,2694.8024,70.56391277387216,0.24694239589695038,2867.0,2518.4,3,7,3,1.0592621520493566,1.0638998985598855,0.028290896407384667,-0.0035589662315261236,2872.06,0.001764911056853835
2022-07-22,GOOGL,2854.74,2935.03,2809.09,2872.06,832716,2872.06,0.0017649110568538,2716.3115,2698.5604,2557.9437,0.2054916570200406,2846.596055335547,2586.0269446644525,75.50785426143298,37.54692375777768,18.286847246054265,19.260076511723412,92.22142857142863,0.0170309224225697,2867.0,0.0289486363370905,2818.99,0.0108811559337167,2739.68,0.0147577414434705,2707.81,0.0159196852815102,2708.96,2801.584,73.7123750125892,0.18482117211532742,2872.06,2710.19,2753.43,73.2929319011171,0.21207749192380473,2872.06,2668.43,2716.3115,65.14227766777364,0.20549165702003963,2872.06,2652.95,2698.5604,74.85835486913781,0.24574292300041317,2872.06,2518.4,4,7,3,1.0573382323783347,1.0642933913945138,0.04385005884276659,0.006067102433144208,2849.45,-0.007872398208951137
2022-07-25,GOOGL,2849.11,2889.47,2809.43,2849.45,1356811,2849.45,-0.0078723982089511,2722.4225,2701.8246000000004,2558.7806,0.2014521614415439,2865.6827126975204,2579.162287302479,72.47395010784484,41.68669670570307,22.966817137984027,18.719879567719044,95.50000000000007,0.0017649110568538,2872.06,0.0170309224225697,2867.0,0.0289486363370905,2818.99,0.0008789390688417,2710.19,0.0069989959246352,2727.92,2829.436,54.299351101065184,0.22399191641662294,2872.06,2739.68,2765.5829999999996,78.48482585822119,0.22287020740456806,2872.06,2668.43,2722.4224999999997,71.63010634876039,0.201452161441543,2872.06,2652.95,2701.8246000000004,77.81034247948674,0.24663424049643054,2872.06,2518.4,0,7,3,1.046659730441896,1.054639150150215,0.028089631332352517,0.0001193355117912511,2736.12,-0.039772587692361694
2022-07-26,GOOGL,2752.08,2773.03,2699.22,2736.12,1175657,2736.12,-0.0397725876923616,2726.581,2702.211,2558.90815,0.2288568204168862,2866.1305772157198,2587.03142278428,56.24923416087184,35.414476688200466,25.456349048027313,9.958127640173153,99.7635714285715,-0.0078723982089511,2849.45,0.0017649110568538,2872.06,0.0170309224225697,2867.0,0.0108811559337167,2739.68,0.0038087627203142,2738.31,2828.7239999999997,55.7738283605917,0.41812246701224803,2872.06,2736.12,2765.364,78.57238929799259,0.3148255294540012,2872.06,2668.43,2726.5809999999997,69.77478860785979,0.22885682041688526,2872.06,2660.04,2702.211,77.9340991950664,0.2621305051296965,2872.06,2518.4,1,7,3,1.0034985206744258,1.0125486129687828,0.02697615601653927,-0.005799250021799598,2729.5,-0.0024194845255324227
2022-07-27,GOOGL,2728.18,2751.71,2707.3,2729.5,1541190,2729.5,-0.0024194845255324,2729.5,2701.496,2559.0816,0.2284254293581711,2866.585519370523,2592.414480629477,56.45561317402097,29.568669247841626,26.27881308799018,3.289856159851446,94.05285714285719,-0.0397725876923616,2736.12,-0.0078723982089511,2849.45,0.0017649110568538,2872.06,0.0289486363370905,2818.99,-0.0198662678805541,2683.91,2810.826,71.74928417759064,0.33178376437826473,2872.06,2729.5,2769.923,74.54022837066522,0.295431776927059,2872.06,2668.43,2729.5,68.54275968526134,0.22842542935817015,2872.06,2660.04,2701.4959999999996,77.50677123809639,0.2590795437490977,2872.06,2518.4,2,7,3,0.9999999999996336,1.0103661082596418,0.016270379190321885,0.00048383904287828514,2716.04,-0.004931306100018351
2022-07-28,GOOGL,2718.03,2752.78,2679.3,2716.04,1097475,2716.04,-0.0049313061000183,2732.3,2699.8812,2559.60355,0.228684537965036,2865.6485880572995,2598.951411942701,50.77144351309536,23.57792359801215,25.738635189994575,-2.1607115919824267,94.18714285714292,-0.0024194845255324,2729.5,-0.0397725876923616,2736.12,-0.0078723982089511,2849.45,0.0170309224225697,2867.0,-0.0057677045802578,2668.43,2780.6339999999996,73.93057946476895,0.26449223684498874,2872.06,2716.04,2774.684,68.623034875696,0.29485774637736345,2872.06,2707.81,2732.3,66.67429402864965,0.22868453796503513,2872.06,2665.6,2699.8812,76.312968396393,0.25793316982233516,2872.06,2518.4,3,7,3,0.9940489697320959,1.0059850040805478,0.027054093459585635,-0.0007321479159536518,2733.8,0.006538931679945792
2022-07-29,GOOGL,2748.63,2776.85,2690.75,2733.8,1061224,2733.8,0.0065389316799457,2735.71,2698.3614,2560.3294,0.2294731805482135,2865.312279219852,2606.107720780148,50.64237021344829,20.03237730714318,24.5973836134243,-4.56500630628112,96.85857142857147,-0.0049313061000183,2716.04,-0.0024194845255324,2729.5,-0.0397725876923616,2736.12,0.0017649110568538,2872.06,0.0147577414434705,2707.81,2752.982,54.4850137193375,0.2803041575485374,2849.45,2716.04,2777.283,66.26035332933868,0.2876417386314717,2872.06,2710.19,2735.71,64.8011396099259,0.22947318054821253,2872.06,2666.51,2698.3614000000002,74.82153449729624,0.25816004744948634,2872.06,2518.4,4,7,3,0.9993018265821307,1.0131333779081584,0.03149462286925467,-0.005395415170464752,2727.82,-0.0021874314141487883
2022-08-01,GOOGL,2736.62,2742.69,2712.95,2727.82,2074996,2727.82,-0.0021874314141487,2737.8025,2697.5972,2561.26375,0.2285572754569819,2865.358621456736,2610.246378543264,48.84285304413751,16.549201411936338,22.987747173126706,-6.438545761190369,91.92785714285719,0.0065389316799457,2733.8,-0.0049313061000183,2716.04,-0.0024194845255324,2729.5,-0.0078723982089511,2849.45,0.0008789390688417,2710.19,2728.656,7.790165594921583,0.28548595409577404,2736.12,2716.04,2779.046,64.48767827177828,0.28812062634048624,2872.06,2716.04,2737.8025,63.77806072836805,0.22855727545698096,2872.06,2666.51,2697.5972,74.30966767767717,0.2558572365051178,2872.06,2518.4,0,8,3,0.9963538275675488,1.0112036000033617,0.010902478902562974,-0.0032156455773898135,2714.61,-0.004842694899223621
2022-08-02,GOOGL,2709.69,2752.29,2676.92,2714.61,1153537,2714.61,-0.0048426948992236,2739.6015,2696.5563999999995,2562.1217,0.2291207243420732,2864.633671737943,2614.5693282620564,53.72500485160129,12.57783338678064,20.905764415857497,-8.327931029076858,89.73500000000003,-0.0021874314141487,2727.82,0.0065389316799457,2733.8,-0.0049313061000183,2716.04,-0.0397725876923616,2736.12,0.0108811559337167,2739.68,2724.3540000000003,8.540923837400946,0.07482372968541287,2733.8,2714.61,2776.5389999999998,66.63950404140432,0.28348804373777137,2872.06,2714.61,2739.6014999999998,62.516085868971736,0.22912072434207223,2872.06,2666.51,2696.5563999999995,73.68457205008077,0.2560718717614469,2872.06,2518.4,1,8,3,0.9908776878677461,1.006695057444003,0.027764577600455358,0.0018157058556507412,2639.13,-0.02780509907500528
2022-08-03,GOOGL,2660.0,2693.57,2584.69,2639.13,1670111,2639.13,-0.0278050990750052,2737.812,2694.461,2562.83875,0.2505983859043627,2867.6732526953747,2607.950747304625,46.89671242023272,3.3018289979918336,17.384977332284365,-14.083148334292531,91.86357142857148,-0.0048426948992236,2714.61,-0.0021874314141487,2727.82,0.0065389316799457,2733.8,-0.0024194845255324,2729.5,0.0289486363370905,2818.99,2706.28,38.38974798036869,0.2019903742638625,2733.8,2639.13,2758.5530000000003,77.32442147641234,0.258976407397242,2872.06,2639.13,2737.812,64.93062634768728,0.2505983859043616,2872.06,2639.13,2694.461,73.80036939927086,0.2628897182845112,2872.06,2518.4,2,8,3,0.9639558888627255,0.9794649096791607,0.04125601997626447,-0.007845864661651145,2600.44,-0.014660134210895293
2022-08-04,GOOGL,2582.89,2648.81,2552.07,2600.44,1096563,2600.44,-0.0146601342108952,2734.5085,2691.8782,2563.17265,0.2554638310762387,2874.938341974116,2594.078658025884,38.61134092674738,-7.089705255310037,12.490040814765486,-19.579746070075522,93.75785714285715,-0.0278050990750052,2639.13,-0.0048426948992236,2714.61,-0.0021874314141487,2727.82,-0.0049313061000183,2716.04,0.0170309224225697,2867.0,2683.16,59.85245817839179,0.20849253550589708,2733.8,2600.44,2731.897,81.61232274190058,0.22518173829147758,2872.06,2600.44,2734.5085,70.21492098705806,0.2554638310762376,2872.06,2600.44,2691.8782,74.79922693286697,0.26458381771893547,2872.06,2518.4,3,8,3,0.9509716279905691,0.9660318212016554,0.03720139668670017,0.0067947144477671865,2621.06,0.00792942732768287
2022-08-05,GOOGL,2647.04,2667.47,2574.66,2621.06,2337277,2621.06,0.0079294273276828,2730.1135,2690.0192,2563.62465,0.249905036680703,2879.148348100887,2581.078651899113,40.89822927399754,-13.505526049146738,7.290927441983041,-20.79645349112978,96.49785714285716,-0.0146601342108952,2600.44,-0.0278050990750052,2639.13,-0.0048426948992236,2714.61,0.0065389316799457,2733.8,0.0017649110568538,2872.06,2660.612,57.182177905323385,0.21498240816015737,2727.82,2600.44,2706.797,71.71255508389804,0.23578427995559104,2849.45,2600.44,2730.1135,74.51742405044332,0.2499050366807019,2872.06,2600.44,2690.0191999999997,75.39066958563801,0.26506260889257327,2872.06,2518.4,4,8,3,0.9600553237068862,0.9743647926375489,0.03540933820666621,-0.009814736460344461,2694.75,0.02811457959756747
2022-08-08,GOOGL,2674.21,2757.25,2632.26,2694.75,914834,2694.75,0.0281145795975674,2728.455,2690.4638,2564.4776,0.2699024625000318,2878.3285161465783,2578.5814838534216,45.79173144888621,-12.499852585068766,3.33277143657268,-15.832624021641445,96.78571428571429,0.0079294273276828,2621.06,-0.0146601342108952,2600.44,-0.0278050990750052,2639.13,-0.0021874314141487,2727.82,-0.0078723982089511,2849.45,2653.9980000000005,48.75697047598454,0.34041705879194456,2714.61,2600.44,2691.327,51.301134717738435,0.3008435084906954,2736.12,2600.44,2728.455,74.9367580732891,0.2699024625000307,2872.06,2600.44,2690.4638,75.35090359789872,0.270513083329936,2872.06,2518.4,0,8,3,0.9876468550879572,1.0015931082213403,0.04638278133405822,0.007680773013335633,2691.28,-0.001287689024955907
2022-08-09,GOOGL,2665.18,2705.71,2665.18,2691.28,938628,2691.28,-0.0012876890249559,2726.1035,2692.473,2565.1766,0.269435859682034,2876.799502849347,2575.4074971506534,36.05755584072844,-11.846292434180214,0.2969586624221012,-12.143251096602315,89.2907142857143,0.0281145795975674,2694.75,0.0079294273276828,2621.06,-0.0146601342108952,2600.44,-0.0048426948992236,2714.61,-0.0397725876923616,2736.12,2649.332,42.17891617853652,0.3396478056581612,2694.75,2600.44,2686.843,48.85214041705316,0.23186138959901076,2733.8,2600.44,2726.1035,75.34800142467336,0.269435859682033,2872.06,2600.44,2692.473,73.96636163879542,0.26114832400731924,2872.06,2518.4,1,8,3,0.9872259068663434,0.9995569129194612,0.015059748521144264,0.009792959574959504,2706.17,0.005532683332837962
2022-08-10,GOOGL,2727.28,2749.85,2662.49,2706.17,2208091,2706.17,0.0055326833328379,2727.2165,2695.317,2565.74825,0.2604420348603596,2876.925960837463,2577.507039162537,31.07303410352573,-10.011437131528055,-1.7647204963679302,-8.246716635160125,89.20428571428572,-0.0012876890249559,2691.28,0.0281145795975674,2694.75,0.0079294273276828,2621.06,-0.0278050990750052,2639.13,-0.0024194845255324,2729.5,2662.74,48.331793366230954,0.2470929618718566,2706.17,2600.44,2684.51,47.114834889456816,0.23445328398444126,2733.8,2600.44,2727.2165,74.85473041873163,0.26044203486035844,2872.06,2600.44,2695.317,71.62120881443059,0.26006020012215136,2872.06,2518.4,2,8,3,0.9922827908965085,1.0040266135667886,0.03228178569711727,-0.007740312692496695,2748.48,0.015634642317370995
2022-08-11,GOOGL,2734.46,2805.5,2691.46,2748.48,1004352,2748.48,0.0156346423173709,2731.219,2698.8342,2566.5320500000003,0.2646123197372371,2878.572685775457,2583.865314224543,36.62901410777978,-5.084625288920051,-2.4287014548783548,-2.6559238340416966,88.35428571428572,0.0055326833328379,2706.17,-0.0012876890249559,2691.28,0.0281145795975674,2694.75,-0.0146601342108952,2600.44,-0.0049313061000183,2716.04,2692.3480000000004,45.909525917788855,0.17828376144187638,2748.48,2621.06,2687.754,50.520681837515745,0.24662254444931989,2748.48,2600.44,2731.219,73.67684288772863,0.26461231973723603,2872.06,2600.44,2698.8342,69.766885311594,0.2620335207400095,2872.06,2518.4,3,8,3,1.0063198886647293,1.018395276004351,0.04149202468271862,0.005127154904439946,2713.79,-0.012621521713820028
2022-08-12,GOOGL,2726.25,2756.74,2670.84,2713.79,2276755,2713.79,-0.01262152171382,2731.518,2702.742,2567.29785,0.2644188819715295,2878.6958495348995,2584.3401504651006,35.69590889814479,-3.9339365200512475,-2.729748467912933,-1.2041880521383144,88.77285714285712,0.0156346423173709,2748.48,0.0055326833328379,2706.17,-0.0012876890249559,2691.28,0.0079294273276828,2621.06,0.0065389316799457,2733.8,2710.894,22.851411991300893,0.2479928479971021,2748.48,2691.28,2685.7529999999997,48.86336142749624,0.25386879192791884,2748.48,2600.44,2731.518,73.58892476744963,0.26441888197152846,2872.06,2600.44,2702.742,64.74551854320173,0.2589639940719015,2872.06,2519.72,4,8,3,0.9935098359223723,1.0040877005644622,0.03165314928567354,-0.004570380559374769,2730.5,0.006157440332523967
2022-08-15,GOOGL,2747.49,2761.84,2699.16,2730.5,1714390,2730.5,0.0061574403325239,2732.5335,2706.9576,2568.5021,0.265249874457186,2879.3716099644366,2585.6953900355634,49.25578685129092,-1.6545770969196383,-2.514714193714274,0.8601370967946358,82.51928571428572,-0.01262152171382,2713.79,0.0156346423173709,2748.48,0.0055326833328379,2706.17,0.0281145795975674,2694.75,-0.0021874314141487,2727.82,2718.0440000000003,22.118443209145415,0.16610156595507738,2748.48,2691.28,2686.0209999999997,49.12636324367686,0.2558738286825122,2748.48,2600.44,2732.5335,73.41905498221821,0.26524987445718495,2872.06,2600.44,2706.9576,59.211143516832735,0.25914940791804647,2872.06,2598.21,0,8,3,0.9992558188212517,1.0086969962141228,0.022955502655183056,-0.006183825964787351,2699.08,-0.011507049990844176
2022-08-16,GOOGL,2718.46,2719.93,2678.23,2699.08,1128017,2699.08,-0.0115070499908441,2730.5035,2708.975,2569.6818,0.2655406543646736,2878.0464937377096,2582.96050626229,46.21999105162512,-2.356337354045081,-2.4830388257804357,0.1267014717353545,83.0807142857143,0.0061574403325239,2730.5,-0.01262152171382,2713.79,0.0156346423173709,2748.48,-0.0012876890249559,2691.28,-0.0048426948992236,2714.61,2719.6040000000003,19.925208405339166,0.19484924999754857,2748.48,2699.08,2684.468,48.36169806772819,0.26168349588233925,2748.48,2600.44,2730.5035,73.77149686885495,0.2655406543646725,2872.06,2600.44,2708.975,57.111515914039174,0.25184318909390246,2872.06,2600.44,1,8,3,0.9884916829438276,0.9963473269406339,0.015449708789655871,-0.007129036292604261,2737.43,0.014208545133897355
2022-08-17,GOOGL,2764.34,2799.71,2675.15,2737.43,581005,2737.43,0.0142085451338973,2726.4255000000003,2710.8874,2571.17095,0.2483765871980011,2868.061025795621,2584.78997420438,52.5031010819036,0.17996258529001352,-1.950438543566346,2.1304011288563593,86.72928571428572,-0.0115070499908441,2699.08,0.0061574403325239,2730.5,-0.01262152171382,2713.79,0.0055326833328379,2706.17,-0.0278050990750052,2639.13,2725.856,19.55704553341876,0.21704648858094328,2748.48,2699.08,2694.298,48.11194672606822,0.2204605120097157,2748.48,2600.44,2726.4255000000003,70.81776289781027,0.24837658719799996,2872.06,2600.44,2710.8874,56.413239031273164,0.2510733085478021,2872.06,2600.44,2,8,3,1.0040362371900482,1.0097911112055005,0.04550253339809765,-0.009734692548670052,2744.82,0.002699612410180574
2022-08-18,GOOGL,2733.51,2784.38,2705.25,2744.82,1190762,2744.82,0.0026996124101805,2720.3165,2711.525,2572.6728,0.2393559143036474,2846.0720902326834,2594.5609097673164,51.32165986874909,2.7545569812327813,-1.0094394386065209,3.763996419839302,86.2314285714286,0.0142085451338973,2737.43,-0.0115070499908441,2699.08,0.0061574403325239,2730.5,0.0156346423173709,2748.48,-0.0146601342108952,2600.44,2725.124,18.54063725971181,0.1842013759980505,2744.82,2699.08,2708.736,37.2550140397984,0.1957031042086407,2748.48,2621.06,2720.3165,62.877795116341716,0.23935591430364617,2872.06,2600.44,2711.525,56.61670353691851,0.24391518000636545,2872.06,2600.44,3,8,3,1.009007591579506,1.0122790680517375,0.028828848521932685,0.00413753745184609,2758.7,0.005056797895672371
2022-08-19,GOOGL,2770.3,2820.95,2696.46,2758.7,1249787,2758.7,0.0050567978956723,2714.6485,2712.0846,2574.3081,0.2403379790372557,2820.203079601128,2609.0939203988723,53.63465159898564,5.84753484721341,0.3619554185574654,5.485579428655945,92.9992857142857,0.0026996124101805,2744.82,0.0142085451338973,2737.43,-0.0115070499908441,2699.08,-0.01262152171382,2713.79,0.0079294273276828,2621.06,2734.1059999999998,22.195312117567443,0.14846149087312596,2758.7,2699.08,2722.5,24.509109417502483,0.1952296051742354,2758.7,2691.28,2714.6485000000002,52.777289800563935,0.24033797903725446,2849.45,2600.44,2712.0846,56.94760926374971,0.24374246281889972,2872.06,2600.44,4,8,3,1.016227331088715,1.0171880331457885,0.045126327618064545,-0.004187272136590325,2725.12,-0.012172400043498732
2022-08-22,GOOGL,2704.16,2770.67,2679.56,2725.12,1914025,2725.12,-0.0121724000434987,2708.432,2710.9277999999995,2575.63755,0.2422320192446934,2793.1466473635405,2623.717352636459,51.18044791716303,5.525423091532502,1.394648953152473,4.13077413838003,94.12357142857142,0.0050567978956723,2758.7,0.0026996124101805,2744.82,0.0142085451338973,2737.43,0.0061574403325239,2730.5,0.0281145795975674,2694.75,2733.0299999999997,22.541537214578643,0.18007834386037916,2758.7,2699.08,2725.537,22.486628643985036,0.16527435253253994,2758.7,2691.28,2708.432,42.35732368177034,0.2422320192446922,2758.7,2600.44,2710.9277999999995,56.059037731549736,0.24143844733039438,2872.06,2600.44,0,8,3,1.0061614986084177,1.0052351818440148,0.03343339008923155,0.007751020649662848,2756.87,0.011650863081258844
2022-08-23,GOOGL,2751.73,2807.83,2705.91,2756.87,2265284,2756.87,0.0116508630812588,2709.4695,2711.032,2577.24245,0.2015689368062442,2796.0985347524406,2622.84046524756,64.66470705234826,7.742852079627937,2.664289578447566,5.078562501180372,92.12357142857142,-0.0121724000434987,2725.12,0.0050567978956723,2758.7,0.0026996124101805,2744.82,-0.0115070499908441,2699.08,-0.0012876890249559,2691.28,2744.5879999999997,13.966834644838649,0.16395526508596991,2758.7,2725.12,2732.096,20.893503083636414,0.17249182225668502,2758.7,2699.08,2709.4695,43.314517376220195,0.20156893680624302,2758.7,2600.44,2711.0319999999997,56.14107605316917,0.24157441904344706,2872.06,2600.44,1,8,3,1.017494384047867,1.0169079523956128,0.036969461744646326,0.0018679158202287306,2851.15,0.03419820303460086
2022-08-24,GOOGL,2871.0,2911.27,2791.04,2851.15,912403,2851.15,0.0341982030346008,2715.552,2713.5714000000003,2579.32655,0.2339514441952374,2822.744898350945,2608.3591016490545,77.42817757896859,16.912828043753052,5.513997271508663,11.398830772244388,96.24214285714288,0.0116508630812588,2756.87,-0.0121724000434987,2725.12,0.0050567978956723,2758.7,0.0142085451338973,2737.43,0.0055326833328379,2706.17,2767.332,48.729008506189906,0.2683386086207631,2851.15,2725.12,2746.594,41.26960630342235,0.2353437833231485,2851.15,2699.08,2715.5519999999997,53.59644917547265,0.23395144419523636,2851.15,2600.44,2713.5714000000003,59.51795424568468,0.25217063827219144,2872.06,2600.44,2,8,3,1.0499338624334758,1.0507001953215416,0.04216894937129153,-0.006913967258792405,2806.31,-0.015726987355979216
2022-08-25,GOOGL,2798.88,2857.33,2755.28,2806.31,1653334,2806.31,-0.0157269873559792,2720.0655,2717.5360000000005,2580.9503,0.2413884623869674,2834.689232910552,2605.441767089448,69.2467532447388,20.327563308594108,8.476710478925753,11.850852829668355,96.90214285714286,0.0341982030346008,2851.15,0.0116508630812588,2756.87,-0.0121724000434987,2725.12,0.0026996124101805,2744.82,0.0156346423173709,2748.48,2779.63,49.382070126680226,0.31951531470759353,2851.15,2725.12,2752.3769999999995,45.407581855843375,0.24914967875426927,2851.15,2699.08,2720.0655,57.311866455276,0.24138846238696643,2851.15,2600.44,2717.5360000000005,58.947064942249014,0.23486188875241953,2872.06,2600.44,3,8,3,1.0317067732372505,1.032667092542276,0.036364478621379454,0.002654633281883175,2791.85,-0.005152673795838725
2022-08-26,GOOGL,2796.94,2828.04,2755.67,2791.85,1629840,2791.85,-0.0051526737958387,2722.968,2720.1975999999995,2582.43035,0.2418762674937263,2841.9144616585386,2604.021538341461,61.50419411198269,21.617768278955282,11.104922038931658,10.512846240023624,92.34357142857142,-0.0157269873559792,2806.31,0.0341982030346008,2851.15,0.0116508630812588,2756.87,0.0050567978956723,2758.7,-0.01262152171382,2713.79,2786.26,48.077630973212294,0.3267375701530987,2851.15,2725.12,2760.183,44.74180397937213,0.2393417884314127,2851.15,2699.08,2722.968,59.47323082926943,0.24187626749372526,2851.15,2600.44,2720.1975999999995,59.24318421350018,0.2317104402907754,2872.06,2600.44,4,8,3,1.025296661583601,1.0263408805297727,0.025921879757140952,-0.0018198459745287084,2802.98,0.003986603864820859
2022-08-29,GOOGL,2803.19,2845.79,2760.17,2802.98,1843538,2802.98,0.0039866038648208,2726.726,2721.7402,2583.9746,0.2417354844234788,2850.9500467272605,2602.50195327274,62.99804505473379,23.27011954315367,13.537961539776061,9.732158003377608,95.56428571428569,-0.0051526737958387,2791.85,-0.0157269873559792,2806.31,0.0341982030346008,2851.15,-0.0121724000434987,2725.12,0.0061574403325239,2730.5,2801.832,33.818845633705784,0.29987180669385344,2851.15,2756.87,2767.431,45.26665303136512,0.23877240952923864,2851.15,2699.08,2726.726,62.112023363630264,0.2417354844234778,2851.15,2600.44,2721.7402,60.3865075310333,0.22513950386611795,2872.06,2600.44,0,8,3,1.027965406131372,1.0298484770879197,0.030546061691474554,-7.491465080852938e-05,2839.24,0.012936232152922944
2022-08-30,GOOGL,2847.53,2899.04,2779.44,2839.24,1464915,2839.24,0.0129362321529229,2732.9575,2724.4737999999998,2585.81635,0.2438069249363821,2866.757143123714,2599.157856876286,64.75113623565784,27.19204580948417,16.268778393717685,10.923267415766485,97.86714285714281,0.0039866038648208,2802.98,-0.0051526737958387,2791.85,-0.0157269873559792,2806.31,0.0116508630812588,2756.87,-0.0115070499908441,2699.08,2818.306,25.473863664478827,0.3015880970088341,2851.15,2791.85,2781.447,43.4125168969602,0.22932204911567566,2851.15,2725.12,2732.9575,66.89982156185685,0.24380692493638112,2851.15,2600.44,2724.4737999999993,62.555229275854614,0.22578837471229196,2872.06,2600.44,1,8,3,1.0388891887264844,1.0421241709129145,0.04212394866230322,-0.002911295052202262,2814.7,-0.0086431580282047
2022-08-31,GOOGL,2841.32,2849.81,2779.59,2814.7,551740,2814.7,-0.0086431580282047,2741.736,2726.921,2587.6566000000003,0.2207627777156261,2872.6221551764543,2610.849844823545,57.64170974702965,27.997292362199005,18.61448118741395,9.382811174785054,94.7371428571428,0.0129362321529229,2839.24,0.0039866038648208,2802.98,-0.0051526737958387,2791.85,0.0341982030346008,2851.15,0.0142085451338973,2737.43,2811.0159999999996,17.77797316896492,0.17749651286146778,2839.24,2791.85,2789.174,41.54384570006947,0.23276494729551517,2851.15,2725.12,2741.736,65.44307758822711,0.2207627777156252,2851.15,2600.44,2726.921,63.65619155643099,0.22658980359726985,2872.06,2600.44,2,8,3,1.0266123361253503,1.0321897847421937,0.024947596546692315,-0.00936888488448713,2690.7,-0.0440544285359008
2022-09-01,GOOGL,2666.79,2725.04,2656.36,2690.7,1127668,2690.7,-0.0440544285359008,2746.249,2727.5194,2589.03895,0.2713666393895049,2861.9672621989644,2630.5307378010352,47.79081115086573,18.417388181423576,18.57506258621588,-0.15767440479230288,99.91142857142852,-0.0086431580282047,2814.7,0.0129362321529229,2839.24,0.0039866038648208,2802.98,-0.0157269873559792,2806.31,0.0026996124101805,2744.82,2787.894,57.10710183502932,0.3450903326681722,2839.24,2690.7,2783.7619999999997,50.51949454304189,0.331279606166058,2851.15,2690.7,2746.249,57.85913109948235,0.27136663938950417,2851.15,2621.06,2727.5194,63.16044523663087,0.24665556725196963,2872.06,2600.44,3,9,3,0.9797727736993332,0.9865007742929393,0.025524956331056718,0.008965835330112566,2750.6,0.022261864942208387
2022-09-02,GOOGL,2754.67,2769.62,2731.58,2750.6,755812,2750.6,0.0222618649422083,2752.726,2728.9744,2590.82155,0.2802509466729859,2852.318344749302,2653.133655250698,51.77630881133148,15.480228060514492,17.956095681075602,-2.475867620561111,101.07142857142851,-0.0440544285359008,2690.7,-0.0086431580282047,2814.7,0.0129362321529229,2839.24,-0.0051526737958387,2791.85,0.0050567978956723,2758.7,2779.644,59.329091346458334,0.40919657853130054,2839.24,2690.7,2782.9519999999998,51.02834436746333,0.3518586867666745,2851.15,2690.7,2752.726,49.79617237465104,0.28025094667298517,2851.15,2690.7,2728.9743999999996,62.82997202232537,0.25118593162130703,2872.06,2600.44,4,9,3,0.9992276746755764,1.0079244422369782,0.013829709881475364,-0.0014774909517287682,2785.03,0.012517268959499894
2022-09-05,GOOGL,2805.25,2849.9,2720.16,2785.03,1106585,2785.03,0.0125172689594998,2757.24,2730.1304,2592.6274000000003,0.2665228577903886,2853.909077187292,2660.5709228127084,57.55551257791845,15.749174084753577,17.514711361811198,-1.7655372770576214,106.60499999999995,0.0222618649422083,2750.6,-0.0440544285359008,2690.7,-0.0086431580282047,2814.7,0.0039866038648208,2802.98,-0.0121724000434987,2725.12,2776.054,58.09424222757701,0.42225527780528316,2839.24,2690.7,2788.943,46.828154411114475,0.3499072776043954,2851.15,2690.7,2757.2400000000002,48.33453859364591,0.2665228577903879,2851.15,2690.7,2730.1304,63.32698338249024,0.24937514925640467,2872.06,2600.44,0,9,3,1.010078919498843,1.020108783081929,0.04658477646558696,-0.00720791373317622,2709.17,-0.02723848576137422
2022-09-06,GOOGL,2708.17,2727.65,2690.7,2709.17,1775928,2709.17,-0.0272384857613742,2758.1345,2731.2548,2594.0936,0.2857168795618029,2852.538252707692,2663.730747292307,47.66947055802844,9.728899042949706,15.957548898038901,-6.228649855089195,104.44571428571427,0.0125172689594998,2785.03,0.0222618649422083,2750.6,-0.0440544285359008,2690.7,0.0129362321529229,2839.24,0.0116508630812588,2756.87,2750.04,51.47116134299224,0.43487712306292514,2814.7,2690.7,2784.173,52.53930762344617,0.3746930007824136,2851.15,2690.7,2758.1344999999997,47.201876353846295,0.2857168795618022,2851.15,2690.7,2731.2547999999997,62.42127202307929,0.2493763288399907,2872.06,2600.44,1,9,3,0.9822472399366375,0.9919140462468049,0.013638863563374256,0.00036925303802923406,2683.7,-0.009401403381847695
2022-09-07,GOOGL,2661.07,2731.91,2635.48,2683.7,1355786,2683.7,-0.0094014033818476,2757.011,2731.5064,2595.68735,0.2871326002377766,2854.502987233664,2659.519012766336,45.10554469933136,2.869493821674041,13.33993788276593,-10.47044406109189,105.68142857142854,-0.0272384857613742,2709.17,0.0125172689594998,2785.03,0.0222618649422083,2750.6,-0.0086431580282047,2814.7,0.0341982030346008,2851.15,2723.8399999999997,42.96801659369788,0.4348677935864218,2785.03,2683.7,2767.428,55.425991255565116,0.31805477956301287,2839.24,2683.7,2757.011,48.745993616832024,0.2871326002377757,2851.15,2683.7,2731.5064,62.19889830246583,0.24993028932003403,2872.06,2600.44,2,9,3,0.9734092464625735,0.9824981555961272,0.03593173603605616,0.00850409797562302,2752.63,0.02568468904870147
2022-09-08,GOOGL,2755.96,2789.14,2716.12,2752.63,1899437,2752.63,0.0256846890487014,2757.2185,2733.3582,2597.2831,0.2965725395960425,2854.6516836427863,2659.7853163572136,49.55330203156509,2.9613046161539387,11.264211229443532,-8.302906613289593,104.32071428571427,-0.0094014033818476,2683.7,-0.0272384857613742,2709.17,0.0125172689594998,2785.03,-0.0440544285359008,2690.7,-0.0157269873559792,2806.31,2736.226,39.83886707721892,0.35750976241969645,2785.03,2683.7,2762.0600000000004,53.81798666695109,0.34853013243507014,2839.24,2683.7,2757.2185,48.716591821393116,0.2965725395960417,2851.15,2683.7,2733.3581999999997,61.40094836367645,0.2561475504534901,2872.06,2600.44,3,9,3,0.9983358228587984,1.0070505943930046,0.026527357472661946,-0.001208290396086561,2817.91,0.023715501175239684
2022-09-09,GOOGL,2808.44,2854.86,2780.96,2817.91,1375783,2817.91,0.0237155011752396,2762.4245,2736.4044,2599.1395,0.3036331062344493,2861.20463319878,2663.6443668012203,56.524123576854656,8.20701045665919,10.652771074886665,-2.4457606182274745,105.11499999999998,0.0256846890487014,2752.63,-0.0094014033818476,2683.7,-0.0272384857613742,2709.17,0.0222618649422083,2750.6,-0.0051526737958387,2791.85,2749.6879999999996,54.562070341917405,0.36211111706545346,2817.91,2683.7,2764.666,56.00718926070262,0.37001255685205015,2839.24,2683.7,2762.4245,49.39006659938991,0.30363310623444856,2851.15,2683.7,2736.4044,61.74794271248379,0.2612521532688512,2872.06,2600.44,4,9,3,1.0200857978196254,1.0297856559501841,0.026225110099319663,0.003371978749767283,2861.32,0.015405034227494951
2022-09-12,GOOGL,2841.58,2914.52,2808.13,2861.32,713902,2861.32,0.0154050342274949,2768.9655,2739.9114,2601.482,0.3070439586214902,2875.838417641911,2662.0925823580887,57.2254735112534,15.686272748147076,11.65947140953875,4.026801338608326,105.43428571428568,0.0237155011752396,2817.91,0.0256846890487014,2752.63,-0.0094014033818476,2683.7,0.0125172689594998,2785.03,0.0039866038648208,2802.98,2764.9460000000004,74.0889528202172,0.36641476305549553,2861.32,2683.7,2770.5,63.038722491248976,0.3768179572841558,2861.32,2683.7,2768.9655,53.4364588209556,0.3070439586214895,2861.32,2683.7,2739.9114,63.77142521153114,0.2628063994880472,2872.06,2600.44,0,9,3,1.0333534310914914,1.0443111408635168,0.037182139711728394,0.006946839434396811,2854.05,-0.0025407853717864803
2022-09-13,GOOGL,2873.97,2873.97,2835.95,2854.05,437789,2854.05,-0.0025407853717864,2776.714,2743.4198000000006,2603.8692,0.3032366099815287,2884.718143663344,2668.709856336656,50.22806631114035,20.787389668849755,13.485055061400953,7.3023346074488025,97.12142857142852,0.0154050342274949,2861.32,0.0237155011752396,2817.91,0.0256846890487014,2752.63,-0.0272384857613742,2709.17,0.0129362321529229,2839.24,2793.922,75.14520856313071,0.2504181847233431,2861.32,2683.7,2771.981,64.97726618677109,0.37259286446464024,2861.32,2683.7,2776.714,54.00207183167216,0.3032366099815279,2861.32,2683.7,2743.4198000000006,65.14187115450342,0.26279122809436917,2872.06,2600.44,1,9,3,1.0278516260583455,1.0403256548629412,0.013321420437619053,-0.006931178822323367,2858.62,0.001601233335085217
2022-09-14,GOOGL,2859.85,2906.86,2810.38,2858.62,1273596,2858.62,0.0016012333350852,2782.7735,2747.0938,2606.2549,0.3003273734130289,2895.0131504244355,2670.533849575565,54.392033717718434,24.911656319897702,15.770375313100304,9.141281006797398,96.7235714285714,-0.0025407853717864,2854.05,0.0154050342274949,2861.32,0.0237155011752396,2817.91,-0.0094014033818476,2683.7,-0.0086431580282047,2814.7,2828.906,46.11060105872007,0.20278061225696914,2861.32,2752.63,2776.373,69.51171988310008,0.36887609713808406,2861.32,2683.7,2782.7735000000002,56.11982521221764,0.3003273734130282,2861.32,2683.7,2747.0938,66.36842979173265,0.26271371583682224,2872.06,2600.44,2,9,3,1.0272557216744276,1.0405978856633724,0.033750550965139216,-0.0004300924873680746,2853.41,-0.0018225577376496105
2022-09-15,GOOGL,2878.14,2911.74,2795.09,2853.41,1101586,2853.41,-0.0018225577376496,2788.203,2750.8318000000004,2608.282,0.300684161845859,2903.184662995862,2673.221337004138,55.2502302719382,27.44341331066289,18.104982912612822,9.338430398050068,99.88642857142852,0.0016012333350852,2858.62,-0.0025407853717864,2854.05,0.0154050342274949,2861.32,0.0256846890487014,2752.63,-0.0440544285359008,2690.7,2849.0620000000004,17.718960748205983,0.1857545191875206,2861.32,2817.91,2792.644,66.19356702543881,0.26940905419152195,2861.32,2683.7,2788.203,57.49083149793093,0.3006841618458583,2861.32,2683.7,2750.8318000000004,66.99747307723214,0.26261124022946786,2872.06,2600.44,3,9,3,1.023386747664706,1.037289884462933,0.0408809109100896,-0.008592354784684354,2906.18,0.018493661969362973
2022-09-16,GOOGL,2923.97,2968.85,2843.51,2906.18,811836,2906.18,0.0184936619693629,2795.577,2754.7762,2610.7848,0.3061619191935744,2921.031413125494,2670.1225868745064,58.21786908613623,33.32381080131199,21.14874849035266,12.175062310959333,102.72357142857138,-0.0018225577376496,2853.41,0.0016012333350852,2858.62,-0.0025407853717864,2854.05,0.0237155011752396,2817.91,0.0222618649422083,2750.6,2866.7160000000003,22.302166486610222,0.1583028467652888,2906.18,2853.41,2808.202,73.13344466716191,0.2636500367752535,2906.18,2683.7,2795.577,62.72720656274684,0.30616191919357366,2906.18,2683.7,2754.7762,70.21051575084581,0.26340096876583413,2906.18,2600.44,4,9,3,1.0395635677353763,1.0549604719247048,0.04312878073620924,-0.006084193750275783,2866.52,-0.013646780309547246
2022-09-19,GOOGL,2877.58,2890.63,2842.41,2866.52,607787,2866.52,-0.0136467803095472,2802.647,2757.5482,2612.89665,0.3071603641517625,2927.317824527838,2677.976175472161,52.16062093975885,34.38744062103615,23.796486916489357,10.590953704546791,98.73571428571424,0.0184936619693629,2906.18,-0.0018225577376496,2853.41,0.0016012333350852,2858.62,0.0154050342274949,2861.32,0.0125172689594998,2785.03,2867.756,22.10803089369296,0.1843976551280441,2906.18,2853.41,2816.3509999999997,74.78598508779321,0.2769255874931498,2906.18,2683.7,2802.647,62.335412263919444,0.30716036415176173,2906.18,2683.7,2757.5482,71.84557301601664,0.26527255837661623,2906.18,2600.44,0,9,3,1.0227902407969955,1.0395176410693239,0.016821790882318433,-0.003843507391626333,2830.57,-0.01254133932433743
2022-09-20,GOOGL,2802.55,2895.52,2765.61,2830.57,894423,2830.57,-0.0125413393243374,2806.332,2759.3934000000004,2614.5486,0.3098143725513445,2929.655233411135,2683.0087665888645,51.2346159220842,31.96108289436961,25.429406112065408,6.531676782304203,102.99928571428566,-0.0136467803095472,2866.52,0.0184936619693629,2906.18,-0.0018225577376496,2853.41,-0.0025407853717864,2854.05,-0.0272384857613742,2709.17,2863.06,27.566928555725404,0.20680912007048627,2906.18,2830.57,2828.491,64.61605346623874,0.239213421143842,2906.18,2683.7,2806.332,61.66161670556762,0.30981437255134364,2906.18,2683.7,2759.3934000000004,72.52295463802037,0.2669573057148998,2906.18,2600.44,1,9,3,1.0086368968457728,1.0257942923248906,0.0458953496998675,0.009998037501557503,2877.48,0.016572633780475243
2022-09-21,GOOGL,2873.32,2929.62,2825.33,2877.48,1110183,2877.48,0.0165726337804752,2807.6485,2763.2648000000004,2616.55685,0.2908818435329268,2933.522008650669,2681.774991349332,66.51108517921723,33.43796977069178,27.031118843790686,6.406850926901093,99.1385714285714,-0.0125413393243374,2830.57,-0.0136467803095472,2866.52,0.0184936619693629,2906.18,0.0016012333350852,2858.62,-0.0094014033818476,2683.7,2866.832,28.092815273597594,0.24509963765402748,2906.18,2830.57,2847.8689999999997,41.17379005841397,0.23240416633774197,2906.18,2752.63,2807.6485000000002,62.93675432533423,0.29088184353292607,2906.18,2683.7,2763.2648000000004,73.5702750322869,0.2649750647472637,2906.18,2600.44,2,9,3,1.0248718812198092,1.0413334255909743,0.036243518634348014,0.0014478025420066008,2876.22,-0.0004378831477543921
2022-09-22,GOOGL,2858.82,2941.33,2811.11,2876.22,1566231,2876.22,-0.0004378831477543,2811.144,2767.4205999999995,2618.6103,0.2844779676628444,2940.690215675407,2681.5977843245923,62.38904887594489,34.11350256814421,28.447595588661393,5.66590697948282,102.80285714285709,0.0165726337804752,2877.48,-0.0125413393243374,2830.57,-0.0136467803095472,2866.52,-0.0018225577376496,2853.41,0.0256846890487014,2752.63,2871.394,27.206388587912375,0.24414399099001052,2906.18,2830.57,2860.228,24.638254267096553,0.20978442814986906,2906.18,2817.91,2811.144,64.77310783770378,0.28447796766284367,2906.18,2683.7,2767.4205999999995,73.97164201287855,0.2644897764008943,2906.18,2600.44,3,9,3,1.0231492943794331,1.0393143709340609,0.04527470082259164,0.006086427267191901,2941.16,0.022578245057749413
2022-09-23,GOOGL,2965.32,2984.41,2897.91,2941.16,1294046,2941.16,0.0225782450577494,2818.6095,2772.0875999999994,2621.1878500000003,0.2929304204230513,2960.129654781936,2677.0893452180644,64.52399114234059,39.43440715226643,30.6449579013824,8.78944925088403,101.26357142857137,-0.0004378831477543,2876.22,0.0165726337804752,2877.48,-0.0125413393243374,2830.57,0.0184936619693629,2906.18,0.0237155011752396,2817.91,2878.3900000000003,39.916347528256075,0.2628617167164023,2941.16,2830.57,2872.553,31.097537255067184,0.20692281622155326,2941.16,2830.57,2818.6095,70.76007739096785,0.2929304204230506,2941.16,2683.7,2772.0875999999994,77.4150354947468,0.26705519820440915,2941.16,2600.44,4,9,3,1.0434790629915056,1.0609910018712754,0.029410164696912305,-0.008147518648912144,2910.52,-0.010417658338886637
2022-09-26,GOOGL,2891.58,2956.62,2864.41,2910.52,2283132,2910.52,-0.0104176583388866,2823.9865,2776.0942000000005,2623.6483500000004,0.296577408140614,2971.068860497453,2676.904139502547,70.4511751660952,40.70959556259322,32.657885433624564,8.051710128968658,101.11214285714277,0.0225782450577494,2941.16,-0.0004378831477543,2876.22,0.0165726337804752,2877.48,-0.0136467803095472,2866.52,0.0154050342274949,2861.32,2887.19,41.46534456623441,0.2510979089436678,2941.16,2830.57,2877.473,32.95916701006014,0.20894421996258492,2941.16,2830.57,2823.9865,73.54118024872659,0.29657740814061334,2941.16,2683.7,2776.0942000000005,79.30705923980015,0.2684547575717536,2941.16,2600.44,0,9,3,1.0306423207047801,1.0484226363784597,0.031681623902247144,0.0065500522205830395,2908.76,-0.0006047029396808457
2022-09-27,GOOGL,2896.31,2976.77,2840.75,2908.76,793009,2908.76,-0.0006047029396808,2827.4625,2779.4758,2626.10385,0.2938683572074217,2979.272647483547,2675.652352516453,74.01613453765538,41.10434892609601,34.347178132118856,6.757170793977153,103.93999999999993,-0.0104176583388866,2910.52,0.0225782450577494,2941.16,-0.0004378831477543,2876.22,-0.0125413393243374,2830.57,-0.0025407853717864,2854.05,2902.8280000000004,26.991686127335605,0.21594000713353254,2941.16,2876.22,2882.944,33.17911196985596,0.208046303884873,2941.16,2830.57,2827.4625,75.90507374177349,0.29386835720742094,2941.16,2683.7,2779.4757999999997,81.30232471737115,0.26764265615774896,2941.16,2600.44,1,9,3,1.0287528128132455,1.046513878623787,0.046762194199574114,0.004298573011865434,2866.93,-0.014380698304432227
2022-09-28,GOOGL,2867.89,2932.86,2800.99,2866.93,1707013,2866.93,-0.0143806983044322,2830.074,2780.4346,2628.2186,0.2971497468759427,2982.754214607723,2677.393785392277,62.9456802408344,37.60833690119216,34.99940988593352,2.6089270152586437,105.82785714285708,-0.0006047029396808,2908.76,-0.0104176583388866,2910.52,0.0225782450577494,2941.16,0.0165726337804752,2877.48,0.0016012333350852,2858.62,2900.718,29.74091995881425,0.22777811404516227,2941.16,2866.93,2883.775,32.601238643773215,0.22373342052715364,2941.16,2830.57,2830.074,76.34010730386153,0.297149746875942,2941.16,2683.7,2780.4346,82.05700264139362,0.26227775201922615,2941.16,2600.44,2,9,3,1.0130229810241664,1.0311085900020698,0.04599693749060994,-0.00033474087220908115,2868.04,0.00038717373636609764
2022-09-29,GOOGL,2854.47,2908.09,2828.0,2868.04,1222919,2868.04,0.000387173736366,2838.941,2780.4554,2630.1205,0.244882649052277,2977.4839890950702,2700.3980109049294,56.64343078058522,34.52925811357636,34.90537953146209,-0.3761214178857273,104.24642857142852,-0.0143806983044322,2866.93,-0.0006047029396808,2908.76,-0.0104176583388866,2910.52,-0.0004378831477543,2876.22,-0.0018225577376496,2853.41,2899.082,31.592746319314937,0.22790237501737048,2941.16,2866.93,2885.2380000000003,31.393063918951693,0.2233992503368272,2941.16,2830.57,2838.941,69.27149454753513,0.2448826490522762,2941.16,2683.7,2780.4554,82.07952197343525,0.25952059303118674,2941.16,2600.44,3,9,3,1.0102499488361998,1.0315000916752588,0.02792499407259739,0.004753947317714115,2801.75,-0.023113345699502075
2022-09-30,GOOGL,2785.49,2831.14,2772.37,2801.75,1584373,2801.75,-0.023113345699502,2841.4985,2779.0492,2631.8356,0.2511925625749328,2974.9707374090417,2708.0262625909586,42.55691331035358,26.435287461015832,33.21136111737284,-6.776073656357006,103.48071428571426,0.000387173736366,2868.04,-0.0143806983044322,2866.93,-0.0006047029396808,2908.76,0.0225782450577494,2941.16,0.0184936619693629,2906.18,2871.2,44.18239751299704,0.15610175773561508,2910.52,2801.75,2874.795,39.87596944132987,0.22768520347031082,2941.16,2801.75,2841.4985,66.73611870452083,0.2511925625749319,2941.16,2683.7,2779.0492,81.07423352831626,0.264677565934041,2941.16,2600.44,4,9,3,0.9860114302361989,1.0081685491566654,0.020976175604525388,0.0058373930619009156,2780.73,-0.007502453823503119
2022-10-03,GOOGL,2786.25,2816.5,2744.96,2780.73,1007745,2780.73,-0.0075024538235031,2841.2835,2777.6748,2633.8233,0.2491042173587825,2975.1519946663657,2707.4150053336343,41.1432160790104,18.11579150859916,30.192247195618105,-12.076455687018946,105.87499999999997,-0.023113345699502,2801.75,0.000387173736366,2868.04,-0.0143806983044322,2866.93,-0.0104176583388866,2910.52,-0.0136467803095472,2866.52,2845.2419999999997,52.62605504877203,0.1565414768005333,2908.76,2780.73,2866.216,49.838174391358976,0.22208419257915368,2941.16,2780.73,2841.2835,66.9342473331828,0.24910421735878158,2941.16,2683.7,2777.6748,80.43639132854639,0.26462485414168535,2941.16,2600.44,0,10,4,0.9786879767538231,1.0010999127756062,0.02572705728350981,-0.0019811574697166444,2718.3,-0.0224509391418799
2022-10-04,GOOGL,2695.95,2752.97,2683.63,2718.3,1842261,2718.3,-0.0224509391418799,2841.74,2777.3184,2635.49965,0.2426468953976863,2973.761108679144,2709.7188913208565,35.12866166329265,6.411049192505743,25.436007594995633,-19.02495840248989,105.91928571428568,-0.0075024538235031,2780.73,-0.023113345699502,2801.75,0.000387173736366,2868.04,-0.0006047029396808,2908.76,-0.0125413393243374,2830.57,2807.15,63.05303204443231,0.15916061308093446,2868.04,2718.3,2854.989,68.07075003257022,0.23899967721550935,2941.16,2718.3,2841.7400000000002,66.0105543395719,0.24264689539768544,2941.16,2683.7,2777.3183999999997,80.66342947414572,0.2539980687772908,2941.16,2600.44,1,10,4,0.9565618247971468,0.9787498617367822,0.025508589927518734,0.008290213097420973,2749.4,0.011440974138248183
2022-10-05,GOOGL,2725.1,2778.92,2719.88,2749.4,1350414,2749.4,0.0114409741382481,2845.025,2777.7164,2637.27215,0.2428972245876311,2963.0122266950366,2727.037773304964,39.55030441747805,-0.351481672724276,20.27850974145165,-20.629991414175926,101.91714285714284,-0.0224509391418799,2718.3,-0.0075024538235031,2780.73,-0.023113345699502,2801.75,-0.0143806983044322,2866.93,0.0165726337804752,2877.48,2783.644,56.79237035021622,0.2361889587557603,2868.04,2718.3,2842.181,75.05952178102689,0.2277949904452022,2941.16,2718.3,2845.025,58.9936133475182,0.24289722458763027,2941.16,2718.3,2777.7164000000002,80.47154033011864,0.2552235147641104,2941.16,2600.44,2,10,4,0.9663886960568128,0.9898058707501639,0.021473776096595072,0.00891710395948452,2781.86,0.011806212264494187
2022-10-06,GOOGL,2774.75,2810.71,2753.01,2781.86,914428,2781.86,0.0118062122644941,2846.4865,2779.0327999999995,2639.1558,0.2290340751908197,2960.3053250594894,2732.6676749405106,36.97838109494368,-3.056353642090471,15.611537064743224,-18.667890706833695,97.34357142857142,0.0114409741382481,2749.4,-0.0224509391418799,2718.3,-0.0075024538235031,2780.73,0.000387173736366,2868.04,-0.0004378831477543,2876.22,2766.4080000000004,32.774199761337506,0.2734611062411635,2801.75,2718.3,2832.745,76.22698184440604,0.2417013900052473,2941.16,2718.3,2846.4865,56.90941252974477,0.22903407519081884,2941.16,2718.3,2779.0327999999995,79.97886417328553,0.25623259920623126,2941.16,2600.44,3,10,4,0.9772960454929341,1.0010173323607405,0.02074151826475059,0.0025623930083782556,2706.64,-0.027039462805461212
2022-10-07,GOOGL,2718.58,2766.78,2646.49,2706.64,1194242,2706.64,-0.0270394628054612,2840.923,2778.4896000000003,2640.7228000000005,0.2320131957799453,2970.421075596458,2711.424924403542,34.41472354269318,-11.141180927011646,10.260993466392252,-21.402174393403897,102.45785714285716,0.0118062122644941,2781.86,0.0114409741382481,2749.4,-0.0224509391418799,2718.3,-0.023113345699502,2801.75,0.0225782450577494,2941.16,2747.386,34.67912599815621,0.28989917081211786,2781.86,2706.64,2809.293,75.23568199698519,0.22081935827937377,2910.52,2706.64,2840.9230000000002,64.74903779822931,0.2320131957799445,2941.16,2706.64,2778.4896000000003,80.38355438871275,0.26322808011865184,2941.16,2600.44,4,10,4,0.9527326154207796,0.9741407705823428,0.04444255608428013,-0.004391998764059054,2765.78,0.02184996896521163
2022-10-10,GOOGL,2768.81,2783.47,2748.08,2765.78,1090350,2765.78,0.0218499689652116,2836.146,2779.2488,2642.5583,0.2394029889800198,2969.4682122135023,2702.823787786498,43.95739680174703,-12.630761495801835,5.682642473953434,-18.31340396975527,98.6664285714286,-0.0270394628054612,2706.64,0.0118062122644941,2781.86,0.0114409741382481,2749.4,-0.0075024538235031,2780.73,-0.0104176583388866,2910.52,2744.396,31.592655475537104,0.35309815750251794,2781.86,2706.64,2794.819,67.07804698836628,0.26640108468707596,2908.76,2706.64,2836.146,66.66110610675113,0.23940298898001908,2941.16,2706.64,2779.2488,80.07389206456263,0.26772422865488327,2941.16,2600.44,0,10,4,0.9751895706353004,0.9951537983929345,0.012795667045096527,-0.0010943329444774654,2879.31,0.04104809493162853
2022-10-11,GOOGL,2874.87,2932.73,2825.9,2879.31,1459352,2879.31,0.0410480949316285,2837.409,2782.5428,2644.66375,0.28311217300225,2971.91866123011,2702.89933876989,50.15180926666646,-4.597347280513986,3.62664452305995,-8.223991803573936,103.14214285714287,0.0218499689652116,2765.78,-0.0270394628054612,2706.64,0.0118062122644941,2781.86,-0.0224509391418799,2718.3,-0.0006047029396808,2908.76,2776.598,63.89116856026422,0.39408154076483787,2879.31,2706.64,2791.8740000000003,61.97188147320506,0.3533427403597468,2879.31,2706.64,2837.409,67.2548306150549,0.28311217300224933,2941.16,2706.64,2782.5428,80.7453958765774,0.28250317535327363,2941.16,2600.44,1,10,4,1.0147673458422755,1.0347765360514725,0.037102639173955856,0.001544417660624136,2882.22,0.0010106588036715713
2022-10-12,GOOGL,2886.01,2906.59,2857.84,2882.22,748571,2882.22,0.0010106588036715,2838.589,2787.4046000000003,2646.7051,0.2830919838564553,2974.2909208490933,2702.887079150906,50.49637645073142,1.981166389930877,3.2975488964341357,-1.3163825065032588,97.32285714285717,0.0410480949316285,2879.31,0.0218499689652116,2765.78,-0.0270394628054612,2706.64,0.0114409741382481,2749.4,-0.0143806983044322,2866.93,2803.162,76.18459634333036,0.401600542499661,2882.22,2706.64,2793.4030000000002,64.17878241457909,0.3451253002000261,2882.22,2706.64,2838.589,67.85096042454664,0.28309198385645457,2941.16,2706.64,2787.4046000000003,79.23841405581989,0.2745112921623097,2941.16,2600.44,2,10,4,1.0153706647911989,1.0340156574323531,0.016914045423313658,-0.0013132317628833943,2853.58,-0.00993678483946403
2022-10-13,GOOGL,2845.9,2887.51,2819.65,2853.58,1185993,2853.58,-0.009936784839464,2838.5975000000003,2792.4674,2648.6736,0.2854536874520114,2974.3033509192314,2702.891649080769,42.291578649852,4.828022782559401,3.603643673659189,1.2243791089002123,94.4421428571429,0.0010106588036715,2882.22,0.0410480949316285,2879.31,0.0218499689652116,2765.78,0.0118062122644941,2781.86,0.000387173736366,2868.04,2817.506,77.9034959420708,0.42359877728797296,2882.22,2706.64,2791.957,62.4499136285861,0.349290006318177,2882.22,2706.64,2838.5975000000003,67.85292545961546,0.2854536874520106,2941.16,2706.64,2792.4674,75.02372571148814,0.2732468681869405,2941.16,2621.06,3,10,4,1.0052781347122988,1.0218848033817614,0.023780654476123448,0.0026986190660238016,2986.3,0.046509997967465466
2022-10-14,GOOGL,3012.35,3012.35,2967.69,2986.3,1405572,2986.3,0.0465099979674654,2842.6035,2799.7722000000003,2651.4004,0.3240399753462515,2990.8593555549965,2694.347644445004,55.65387370063993,17.590796049917117,6.401074148910775,11.189721901006342,99.1964285714286,-0.009936784839464,2853.58,0.0010106588036715,2882.22,0.0410480949316285,2879.31,-0.0270394628054612,2706.64,-0.023113345699502,2801.75,2873.438,78.79406716242327,0.38932893113913714,2986.3,2765.78,2810.412,87.79227627376589,0.39391254575911044,2986.3,2706.64,2842.6035,74.12792777749816,0.3240399753462508,2986.3,2706.64,2799.7722000000003,75.7711358615872,0.2907176851581674,2986.3,2683.7,4,10,4,1.0505510177550086,1.0666224916437606,0.014954960988509158,-0.00864773349710063,2924.73,-0.020617486521782857
2022-10-17,GOOGL,2898.7,2955.15,2894.32,2924.73,1215956,2924.73,-0.0206174865217828,2845.514,2804.3718,2653.8491500000005,0.3292800661681653,2997.972716883333,2693.0552831166674,51.09388056945446,22.478087971067453,9.616476913342112,12.86161105772534,96.05071428571432,0.0465099979674654,2986.3,-0.009936784839464,2853.58,0.0010106588036715,2882.22,0.0218499689652116,2765.78,-0.0075024538235031,2780.73,2905.228,52.01351718540694,0.4827933403905407,2986.3,2853.58,2824.8120000000004,93.9747826458217,0.4122051711075532,2986.3,2706.64,2845.514,76.22935844166639,0.3292800661681646,2986.3,2706.64,2804.3718,76.24463309824337,0.2894567417675631,2986.3,2683.7,0,10,4,1.0278389071355727,1.042918061007088,0.020798501058210205,0.00897988753578888,2926.47,0.0005949267111835521
2022-10-18,GOOGL,2936.62,2986.08,2866.86,2926.47,2056690,2926.47,0.0005949267111835,2850.309,2809.0756,2655.9802,0.3252822862175579,3006.768577412948,2693.849422587052,54.31524322960454,26.189805710190285,12.931142672711747,13.258663037478538,95.14714285714285,-0.0206174865217828,2924.73,0.0465099979674654,2986.3,-0.009936784839464,2853.58,0.0410480949316285,2879.31,-0.0224509391418799,2718.3,2914.66,50.389211642936665,0.40679458521586426,2986.3,2853.58,2845.629,90.76061669760573,0.3839302824251489,2986.3,2706.64,2850.309,78.22978870647407,0.3252822862175572,2986.3,2706.64,2809.0756,76.3799429052166,0.28938425114158245,2986.3,2683.7,1,10,4,1.026720260855568,1.0417911144858323,0.040738500650940916,-0.0034563545845211962,2935.69,0.003150553397096356
2022-10-19,GOOGL,2958.67,3002.33,2869.05,2935.69,1635470,2935.69,0.0031505533970963,2853.2195,2813.666,2658.19055,0.3206898149168228,3013.915570560894,2692.523429439106,54.84605796534644,29.534885925056187,16.251891323180637,13.28299460187555,98.94642857142854,0.0005949267111835,2926.47,-0.0206174865217828,2924.73,0.0465099979674654,2986.3,0.0010106588036715,2882.22,0.0114409741382481,2749.4,2925.3540000000003,47.36662780900401,0.406248845522261,2986.3,2853.58,2864.2580000000003,87.8875372026784,0.3839039353160551,2986.3,2706.64,2853.2195,80.34803528044705,0.32068981491682214,2986.3,2706.64,2813.6659999999997,76.96393846789475,0.28927729156996806,2986.3,2683.7,2,10,4,1.0289043657520816,1.0433683315642144,0.0453998889528371,-0.007767003417073297,3000.38,0.022035705404862327
2022-10-20,GOOGL,3018.61,3028.67,2972.08,3000.38,1196414,3000.38,0.0220357054048623,2859.4275,2818.704,2660.7249,0.3289879101269066,3032.946334515468,2685.9086654845323,64.26140524576795,36.97955121106179,20.39742330075687,16.58212791030492,98.75428571428567,0.0031505533970963,2935.69,0.0005949267111835,2926.47,-0.0206174865217828,2924.73,-0.009936784839464,2853.58,0.0118062122644941,2781.86,2954.714,35.85294729860935,0.40081786206280146,3000.38,2924.73,2886.1099999999997,92.18498443647144,0.39098012990399866,3000.38,2706.64,2859.4275000000002,86.75941725773392,0.3289879101269059,3000.38,2706.64,2818.704,80.76076719773947,0.29120313995838065,3000.38,2683.7,3,10,4,1.0492939583182126,1.0644537347656708,0.01886094428038491,-0.006039203474444853,3018.52,0.006045900852558628
2022-10-21,GOOGL,2999.44,3061.59,2975.44,3018.52,1308651,3018.52,0.0060459008525586,2863.2955,2824.7986,2663.44245,0.3206113584292642,3047.599440441143,2678.9915595588564,67.14394889628122,43.837912318775125,25.085521104360524,18.7523912144146,99.79785714285711,0.0220357054048623,3000.38,0.0031505533970963,2935.69,0.0005949267111835,2926.47,0.0465099979674654,2986.3,-0.0270394628054612,2706.64,2961.158,44.74270856795427,0.24235997479016658,3018.52,2924.73,2917.298,76.06916148404846,0.34027671016183014,3018.52,2765.78,2863.2954999999997,92.15197022057158,0.32061135842926347,3018.52,2706.64,2824.7986,84.11059937113508,0.2894193029531865,3018.52,2683.7,4,10,4,1.0542118338812552,1.0685788360270823,0.02854047678994062,0.006361187421649896,2995.35,-0.007675947152909424
2022-10-24,GOOGL,2983.12,3038.5,2952.19,2995.35,1350652,2995.35,-0.0076759471529094,2867.537,2830.0956,2665.8212,0.319406140253579,3060.1348399726544,2674.939160027345,71.17309896676126,46.86337572431876,29.441092028352173,17.422283695966584,99.02714285714283,0.0060459008525586,3018.52,0.0220357054048623,3000.38,0.0031505533970963,2935.69,-0.0206174865217828,2924.73,0.0218499689652116,2765.78,2975.282,41.3893001873305,0.17292830386810532,3018.52,2926.47,2940.255,57.67998675641231,0.3465499680503232,3018.52,2853.58,2867.537,96.29891998632726,0.3194061402535783,3018.52,2706.64,2830.0956,86.36038597620659,0.2901347243484118,3018.52,2683.7,0,10,4,1.0445723978448946,1.0583918083894204,0.028814662727217565,0.004099734506153262,2950.91,-0.014836329644281943
2022-10-25,GOOGL,2963.72,3017.22,2884.6,2950.91,1410072,2950.91,-0.0148363296442819,2869.6445,2835.1322000000005,2667.5729,0.3246769450687621,3065.043712461445,2674.2452875385543,65.09234709790243,45.15462624747306,32.58379887217635,12.570827375296709,104.16999999999997,-0.0076759471529094,2995.35,0.0060459008525586,3018.52,0.0220357054048623,3000.38,0.0005949267111835,2926.47,0.0410480949316285,2879.31,2980.17,35.1575631976532,0.22392072165901253,3018.52,2935.69,2947.415,53.571766869810546,0.3099209939747894,3018.52,2853.58,2869.6445,97.69960623072284,0.3246769450687614,3018.52,2706.64,2835.1322000000005,85.90578154713869,0.2910276973577117,3018.52,2683.7,1,10,4,1.028319013034183,1.040836825880274,0.044942068717770095,-0.004322270659844933,2935.61,-0.005184841286247188
2022-10-26,GOOGL,2911.2,2995.07,2876.15,2935.61,578138,2935.61,-0.0051848412862471,2873.0785,2839.0958,2669.15045,0.3205451341605991,3070.6784571996154,2675.4785428003847,61.819104283527096,42.08076695652608,34.4831924890463,7.597574467479774,108.28499999999998,-0.0148363296442819,2950.91,-0.0076759471529094,2995.35,0.0060459008525586,3018.52,0.0031505533970963,2935.69,0.0010106588036715,2882.22,2980.154,35.18287552200609,0.22839647619699663,3018.52,2935.61,2952.754,48.80041967030455,0.3123771432831855,3018.52,2853.58,2873.0785,98.79997859980777,0.3205451341605984,3018.52,2706.64,2839.0957999999996,85.87781115833816,0.29008167929569806,3018.52,2683.7,2,10,4,1.0217646333015191,1.0339946964801139,0.04050946821953855,0.008384858477600964,2889.48,-0.015713940203228693
2022-10-27,GOOGL,2907.5,2933.58,2845.38,2889.48,1063654,2889.48,-0.0157139402032286,2874.1505,2841.989,2670.4764,0.3262484741843902,3071.867958534901,2676.4330414650985,64.71336144316157,35.51303370058167,34.689160731353375,0.8238729692282973,105.06071428571424,-0.0051848412862471,2935.61,-0.0148363296442819,2950.91,-0.0076759471529094,2995.35,0.0220357054048623,3000.38,-0.009936784839464,2853.58,2957.9739999999997,50.75495079297043,0.13978792218973857,3018.52,2889.48,2956.344,41.462921106267515,0.3198204375137448,3018.52,2889.48,2874.1504999999997,98.8587292674506,0.3262484741843893,3018.52,2706.64,2841.9889999999996,85.06984343611529,0.29264445027026165,3018.52,2683.7,3,10,4,1.0053335759553979,1.0167104798783468,0.030524523443653976,-0.006197764402405429,2892.48,0.0010382490967233426
2022-10-28,GOOGL,2905.14,2945.74,2839.21,2892.48,662685,2892.48,0.0010382490967233,2878.687,2844.6646,2671.80605,0.3140289016168441,3073.5529243361825,2683.8210756638173,61.20842179607762,30.20198304477799,33.7917251940383,-3.58974214926031,107.18214285714281,-0.0157139402032286,2889.48,-0.0051848412862471,2935.61,-0.0148363296442819,2950.91,0.0060459008525586,3018.52,0.0465099979674654,2986.3,2932.766,44.019000783715164,0.11079061946932897,2995.35,2889.48,2946.9620000000004,44.439214114438094,0.19899825622606412,3018.52,2889.48,2878.687,97.43296216809138,0.3140289016168433,3018.52,2706.64,2844.6646,84.49868694089264,0.2925106637618557,3018.52,2683.7,4,10,4,1.0047914205326927,1.0168088005872409,0.036829986724182334,-0.004357793428198124,2867.27,-0.008715704170815353
2022-10-31,GOOGL,2880.43,2930.19,2804.34,2867.27,2000973,2867.27,-0.0087157041708153,2883.014,2847.5076,2673.4978,0.314533610896563,3072.490161911355,2693.537838088645,48.73762791334859,23.685667197128623,31.770513594656368,-8.084846397527745,104.24642857142852,0.0010382490967233,2892.48,-0.0157139402032286,2889.48,-0.0051848412862471,2935.61,-0.0076759471529094,2995.35,-0.0206174865217828,2924.73,2907.15,34.79497593039226,0.1105641104288559,2950.91,2867.27,2941.2159999999994,50.88110502815921,0.17749767174895853,3018.52,2867.27,2883.014,94.7380809556773,0.31453361089656223,3018.52,2706.64,2847.5076,82.76809709159424,0.29180531373429963,3018.52,2683.7,0,10,4,0.9945390483705613,1.0069402448650158,0.04389192507156843,-0.00456876230284898,2800.3,-0.023356712133841495
2022-11-01,GOOGL,2777.91,2814.83,2777.91,2800.3,1171144,2800.3,-0.0233567121338414,2887.114,2848.3762,2674.6995500000003,0.3154717614356936,3064.762665499379,2709.465334500621,42.42799571007141,12.968033217378434,28.010017519200783,-15.04198430182235,107.14714285714282,-0.0087157041708153,2867.27,0.0010382490967233,2892.48,-0.0157139402032286,2889.48,-0.0148363296442819,2950.91,0.0005949267111835,2926.47,2877.028,49.51785506255712,0.14996615861645834,2935.61,2800.3,2928.599,67.78066693384994,0.20635090282202362,3018.52,2800.3,2887.114,88.82433274968962,0.3154717614356928,3018.52,2706.64,2848.3762,82.02202250043298,0.2959012977780824,3018.52,2683.7,1,11,4,0.9699305257773092,0.9831215413185298,0.013184301681957963,0.008060016343219279,2857.88,0.020562082634003387
2022-11-02,GOOGL,2870.33,2895.2,2820.56,2857.88,1110694,2857.88,0.0205620826340033,2892.538,2848.5108,2676.1582,0.3208334648661631,3058.737984242271,2726.338015757729,50.37727240698871,9.016519037034413,24.211317822767512,-15.194798785733099,109.07857142857135,-0.0233567121338414,2800.3,-0.0087157041708153,2867.27,0.0010382490967233,2892.48,-0.0051848412862471,2935.61,0.0031505533970963,2935.69,2861.482,37.19703106427084,0.26976892272066655,2892.48,2800.3,2920.818,71.253400979241,0.23980359797462142,3018.52,2800.3,2892.538,83.09999212113554,0.32083346486616215,3018.52,2706.64,2848.5107999999996,82.03218867578192,0.2894232857011571,3018.52,2683.7,2,11,4,0.9880181349385945,1.0032891572673681,0.026117261746460226,-0.004337480359399609,2835.99,-0.007659523842848626
2022-11-03,GOOGL,2846.19,2901.62,2770.35,2835.99,1717793,2835.99,-0.0076595238428486,2895.2445,2849.1044,2677.41565,0.3204862625308782,3055.512774363313,2734.976225636686,33.62814508120944,4.071640188764832,20.183382295966975,-16.111742107202144,107.11428571428564,0.0205620826340033,2857.88,-0.0233567121338414,2800.3,-0.0087157041708153,2867.27,-0.0157139402032286,2889.48,0.0220357054048623,3000.38,2850.784,34.742605400232776,0.2557587140248852,2892.48,2800.3,2904.379,69.80663363095266,0.19695880929658646,3018.52,2800.3,2895.2445,80.13413718165656,0.3204862625308773,3018.52,2706.64,2849.1044,81.82771396099213,0.2877002772011281,3018.52,2683.7,3,11,4,0.9795338528400694,0.995397009670479,0.04628718719034754,-0.0035837382606209315,2779.78,-0.01982023914047637
2022-11-04,GOOGL,2798.18,2834.84,2724.72,2779.78,1420844,2779.78,-0.0198202391404763,2898.9015000000004,2848.8630000000003,2678.5348500000005,0.3129996934601027,3043.6343131821,2754.168686817901,34.025435869257976,-4.332941703056349,15.280117496162312,-19.61305919921866,108.49214285714278,-0.0076595238428486,2835.99,0.0205620826340033,2857.88,-0.0233567121338414,2800.3,0.0010382490967233,2892.48,0.0060459008525586,3018.52,2828.244,37.386321429049175,0.27400929592099327,2867.27,2779.78,2880.505,67.20925783614715,0.1971212203485771,2995.35,2779.78,2898.9015000000004,72.36640659104984,0.31299969346010176,3018.52,2765.78,2848.8630000000003,82.0176506948993,0.2910138679696428,3018.52,2683.7,4,11,4,0.9589080553440815,0.9757506766731233,0.03961464576331966,-0.006575702778231944,2773.06,-0.002417457496636466
2022-11-07,GOOGL,2747.64,2817.03,2729.09,2773.06,764042,2773.06,-0.0024174574966364,2899.2655,2848.2646000000004,2679.69535,0.3038088771566844,3042.618680858085,2755.912319141915,33.27664769776558,-11.404418208579045,9.943210355214042,-21.347628563793087,106.25785714285709,-0.0198202391404763,2779.78,-0.0076595238428486,2835.99,0.0205620826340033,2857.88,-0.0087157041708153,2867.27,-0.0076759471529094,2995.35,2809.402,36.53111167205432,0.2763188402590111,2857.88,2773.06,2858.276,61.52463701637351,0.1992213806716276,2950.91,2773.06,2899.2655,71.67659042904258,0.30380887715668337,3018.52,2773.06,2848.2646000000004,82.46716071731714,0.2909265959686079,3018.52,2683.7,0,11,4,0.9564698369290578,0.9735963435416168,0.03171226010254677,0.009251575897858097,2776.85,0.001366721239352886
2022-11-08,GOOGL,2750.37,2820.15,2733.55,2776.85,1166443,2776.85,0.0013667212393528,2894.1425,2847.0168000000003,2680.95465,0.2631571539037533,3047.474316848039,2740.810683151961,32.47727473203007,-16.512447741868073,4.65207873579762,-21.164526477665692,102.92357142857138,-0.0024174574966364,2773.06,-0.0198202391404763,2779.78,-0.0076595238428486,2835.99,-0.0233567121338414,2800.3,-0.0148363296442819,2950.91,2804.712,39.38557565906693,0.23402415753538403,2857.88,2773.06,2840.87,56.849680737857184,0.1993704531287225,2935.61,2773.06,2894.1425,76.66590842401945,0.2631571539037522,3018.52,2773.06,2847.0168000000003,83.07625568680302,0.28942611878083035,3018.52,2683.7,1,11,4,0.9594724516844075,0.9753542725842096,0.03118641626302059,0.009627795532961163,2701.06,-0.02729351603435548
2022-11-09,GOOGL,2694.2,2733.36,2668.77,2701.06,1049437,2701.06,-0.0272935160343554,2885.0845,2844.744,2681.6234500000005,0.2780736604281217,3061.106823521537,2709.0621764784623,17.76930697280271,-26.372215065763157,-1.5527800245145356,-24.81943504124862,104.0021428571428,0.0013667212393528,2776.85,-0.0024174574966364,2773.06,-0.0198202391404763,2779.78,0.0205620826340033,2857.88,-0.0051848412862471,2935.61,2773.348,47.96689660584623,0.19130166732885762,2835.99,2701.06,2817.415,61.605171184427626,0.22598484277331776,2892.48,2701.06,2885.0845,88.01116176076886,0.2780736604281206,3018.52,2701.06,2844.744,85.49761657974219,0.2951686550240647,3018.52,2683.7,2,11,4,0.9362152131069519,0.9494914129352414,0.023912834220630504,0.0025462103778478144,2716.17,0.005594100094037158
2022-11-10,GOOGL,2697.09,2758.03,2674.32,2716.17,597206,2716.17,0.0055941000940371,2878.214,2845.2534,2682.4419,0.2784708758648536,3069.480596351863,2686.947403648137,17.229195117727343,-32.59120980595662,-7.7604659808029535,-24.830743825153668,103.82785714285708,-0.0272935160343554,2701.06,0.0013667212393528,2776.85,-0.0024174574966364,2773.06,-0.0076595238428486,2835.99,-0.0157139402032286,2889.48,2749.384,37.67369679226927,0.22650205943041407,2779.78,2701.06,2800.084,63.43003515682232,0.23139999387604998,2892.48,2701.06,2878.214,95.63329817593137,0.2784708758648525,3018.52,2701.06,2845.2533999999996,84.63258222409765,0.2781818539467953,3018.52,2683.7,3,11,4,0.9436998082835594,0.9546320197698543,0.03081913135038279,0.007074291180491883,2671.77,-0.016346546791990213
2022-11-11,GOOGL,2674.89,2720.15,2623.39,2671.77,910474,2671.77,-0.0163465467919902,2862.4875,2843.6768000000006,2682.6023,0.2142700673533053,3067.55945778177,2657.4155422182303,16.47117337375016,-40.63411212598339,-14.335195209839043,-26.29891691614435,104.57428571428568,0.0055941000940371,2716.17,-0.0272935160343554,2701.06,0.0013667212393528,2776.85,-0.0198202391404763,2779.78,0.0010382490967233,2892.48,2727.782,45.94565779261116,0.21670901407039395,2776.85,2671.77,2778.013,66.05258478411018,0.23289860705088544,2867.27,2671.77,2862.4875,102.535978890885,0.21427006735330403,3018.52,2671.77,2843.6768000000006,87.12926888063355,0.27602817503976107,3018.52,2671.77,4,11,4,0.9333735081809323,0.9395477010604931,0.036215692219002386,-0.0011664031044262473,2746.67,0.028033850219143064
2022-11-14,GOOGL,2769.6,2783.39,2709.96,2746.67,1115056,2746.67,0.028033850219143,2853.5845,2842.9096000000004,2683.0423,0.2370171664214309,3062.6995319020507,2644.469468097949,30.093567250640746,-40.497535742802484,-19.567663316431734,-20.92987242637075,103.07428571428568,-0.0163465467919902,2671.77,0.0055941000940371,2716.17,-0.0272935160343554,2701.06,-0.0024174574966364,2773.06,-0.0087157041708153,2867.27,2722.504,40.65521713133142,0.33826632794493877,2776.85,2671.77,2765.9530000000004,58.5259972718269,0.2939531881206183,2857.88,2671.77,2853.5845,104.55751595102545,0.23701716642142967,3018.52,2671.77,2842.9096000000004,87.82234009775166,0.2819078380866547,3018.52,2671.77,0,11,4,0.9625332629887209,0.9661474990267132,0.0267341908565547,-0.008279173887923007,2770.55,0.008694164206111354
2022-11-15,GOOGL,2764.54,2823.97,2717.12,2770.55,1146072,2770.55,0.0086941642061113,2845.7885,2844.1372,2683.8667500000006,0.2403797893298614,3055.0881283121557,2636.488871687844,34.176923960891,-38.02406381019273,-23.258943415183932,-14.765120395008797,102.21214285714281,0.028033850219143,2746.67,-0.0163465467919902,2671.77,0.0055941000940371,2716.17,0.0013667212393528,2776.85,-0.0233567121338414,2800.3,2721.2439999999997,38.595268880987234,0.3463933851620382,2770.55,2671.77,2762.978,57.32998145236498,0.2789140246538458,2857.88,2671.77,2845.7884999999997,104.64981415607792,0.24037978932986018,3018.52,2671.77,2844.1372,86.33107707860069,0.27560485344738095,3018.52,2671.77,1,11,4,0.9735614575710833,0.9741267052795575,0.03856634964175393,0.002173960224846826,2753.63,-0.0061070906498710276
2022-11-16,GOOGL,2772.62,2814.83,2692.43,2753.63,663271,2753.63,-0.006107090649871,2836.6855,2845.5358,2684.6298000000006,0.2396748018751306,3045.357342952231,2628.013657047769,36.204480369423706,-37.00257937512606,-26.00767060717236,-10.9949087679537,104.50999999999996,0.0086941642061113,2770.55,0.028033850219143,2746.67,-0.0163465467919902,2671.77,-0.0272935160343554,2701.06,0.0205620826340033,2857.88,2731.7580000000003,38.88160644823903,0.26543369579153037,2770.55,2671.77,2752.5530000000003,46.636573880682555,0.2522312001099261,2835.99,2671.77,2836.6855,104.33592147611559,0.23967480187512935,3018.52,2671.77,2845.5357999999997,84.2195070013551,0.275089100635994,3018.52,2671.77,2,11,4,0.9707209346961548,0.9677017593660331,0.044450416359480265,-0.006849117441262392,2721.73,-0.011584708185195525
2022-11-17,GOOGL,2694.53,2743.76,2694.53,2721.73,1902155,2721.73,-0.0115847081851955,2822.753,2844.9178,2685.36475,0.2219918029591082,3022.421299790129,2623.08470020987,33.62173153937364,-38.32531858554239,-28.47120020284637,-9.854118382696022,101.12214285714283,-0.006107090649871,2753.63,0.0086941642061113,2770.55,0.028033850219143,2746.67,0.0055941000940371,2716.17,-0.0076595238428486,2835.99,2732.87,38.400877594083035,0.28604413969365367,2770.55,2671.77,2741.127,36.90456131090602,0.2547589823548692,2779.78,2671.77,2822.7529999999997,99.83414989506488,0.2219918029591069,3018.52,2671.77,2844.9178,85.024682473711,0.2703366299032933,3018.52,2671.77,3,11,4,0.9642111796529967,0.9566989949583229,0.01808776035829488,0.010094524833640643,2717.9,-0.0014071932190187209
2022-11-18,GOOGL,2699.88,2756.04,2679.77,2717.9,1151977,2717.9,-0.0014071932190187,2807.722,2842.9176,2686.52135,0.2187285033873898,2989.827294191741,2625.616705808259,35.059713135908254,-39.23042402292731,-30.623044966862558,-8.607379056064751,97.58071428571427,-0.0115847081851955,2721.73,-0.006107090649871,2753.63,0.0086941642061113,2770.55,-0.0163465467919902,2671.77,-0.0198202391404763,2779.78,2742.096,22.157420427382366,0.2475622982081786,2770.55,2717.9,2734.9390000000003,34.83300715948232,0.23899983756018622,2776.85,2671.77,2807.722,91.05264709587061,0.21872850338738858,2995.35,2671.77,2842.9176,86.83019966414074,0.26478826952051854,3018.52,2671.77,4,11,4,0.9680089410557854,0.9560248949878265,0.028062106773601648,0.00667437071276994,2745.43,0.010129143824276099
2022-11-21,GOOGL,2719.65,2781.56,2709.3,2745.43,1218161,2745.43,0.010129143824276,2795.226,2840.5998,2687.4898,0.2250324681236406,2956.1929026981634,2634.259097301837,44.04169833724269,-37.29635649925058,-31.957707273340162,-5.338649225910416,96.35928571428566,-0.0014071932190187,2717.9,-0.0115847081851955,2721.73,-0.006107090649871,2753.63,0.028033850219143,2746.67,-0.0024174574966364,2773.06,2741.848,22.100292305663743,0.14884310084002433,2770.55,2717.9,2732.1760000000004,32.49026219919599,0.2467744853420074,2776.85,2671.77,2795.226,80.48345134908172,0.22503246812363925,2950.91,2671.77,2840.5998,87.86948451039582,0.2634108671434682,3018.52,2671.77,0,11,4,0.9821853402905588,0.9664965828692353,0.026320102861837107,0.009479160921438518,2745.06,-0.00013476941681267451
2022-11-22,GOOGL,2735.62,2796.52,2693.59,2745.06,1408574,2745.06,-0.0001347694168126,2784.9335,2838.42,2688.30855,0.2218895731643277,2929.472361250561,2640.3946387494398,36.01081241815258,-35.38554739666324,-32.64327529800478,-2.7422720986584608,96.9328571428571,0.010129143824276,2745.43,-0.0014071932190187,2717.9,-0.0115847081851955,2721.73,0.0086941642061113,2770.55,0.0013667212393528,2776.85,2736.75,15.892260694934473,0.12786645537159444,2753.63,2717.9,2728.9970000000003,29.001388874696076,0.24650462305834364,2770.55,2671.77,2784.9335,72.26943062528032,0.2218895731643264,2935.61,2671.77,2838.42,88.8751288870745,0.2633794261268321,3018.52,2671.77,1,11,4,0.9856824229372134,0.9671084617495059,0.03749644816505371,0.0034507716715028417,2736.28,-0.003198472893124249
2022-11-23,GOOGL,2758.62,2763.63,2708.92,2736.28,875544,2736.28,-0.0031984728931242,2774.967,2835.9732,2688.9693,0.2218034611304108,2902.214520435065,2647.7194795649343,37.22092635654506,-34.18561949695368,-32.95174413779456,-1.2338753591591143,91.46428571428568,-0.0001347694168126,2745.06,0.010129143824276,2745.43,-0.0014071932190187,2717.9,-0.006107090649871,2753.63,-0.0272935160343554,2701.06,2733.2799999999997,12.897071372825177,0.12331016887809798,2745.43,2717.9,2732.5190000000002,27.321636297900117,0.19993375953677475,2770.55,2671.77,2774.9669999999996,63.62376021753258,0.22180346113040952,2892.48,2671.77,2835.9732,89.98478740910282,0.2633893768232445,3018.52,2671.77,2,11,4,0.9860585729484401,0.9648469174528995,0.019994298829059905,-0.008098252024559958,2739.58,0.0012060169280920796
2022-11-24,GOOGL,2717.5,2788.36,2690.8,2739.58,1440318,2739.58,0.001206016928092,2767.472,2833.6966,2689.6085000000003,0.2174505635756466,2883.482150663089,2651.461849336911,44.03949943474121,-32.59267747299873,-32.879930804835396,0.28725333183666635,90.48499999999997,-0.0031984728931242,2736.28,-0.0001347694168126,2745.06,0.010129143824276,2745.43,-0.0115847081851955,2721.73,0.0055941000940371,2716.17,2736.85,11.268327293602923,0.08232755157531241,2745.43,2717.9,2734.86,26.762352080556354,0.19854487008709523,2770.55,2671.77,2767.472,58.005075331544475,0.21745056357564535,2892.48,2671.77,2833.6965999999998,90.9691916812667,0.2634131412244742,3018.52,2671.77,3,11,4,0.9899214879135217,0.9667866348144092,0.03561129808217476,0.008125114995397167,2713.98,-0.009344498061746642
2022-11-25,GOOGL,2719.75,2775.18,2652.78,2713.98,1036129,2713.98,-0.0093444980617466,2758.547,2829.8526,2690.4018,0.2182865860263918,2860.701133306537,2656.392866693463,41.70457736426884,-33.01538469100569,-32.90702158206946,-0.10836310893623136,92.94642857142851,0.001206016928092,2739.58,-0.0031984728931242,2736.28,-0.0001347694168126,2745.06,-0.0014071932190187,2717.9,-0.0163465467919902,2671.77,2736.066,12.930215775297587,0.11260319034431024,2745.43,2713.98,2739.081,17.39562298061571,0.18407012741762938,2770.55,2713.98,2758.547,51.07706665326855,0.21828658602639053,2867.27,2671.77,2829.8526,91.89986810876455,0.2603886271145991,3018.52,2671.77,4,11,4,0.9838440309333196,0.959053485682979,0.04509981650563178,-0.002121518521922184,2699.85,-0.0052063758760197976
2022-11-28,GOOGL,2697.23,2735.93,2663.77,2699.85,838355,2699.85,-0.0052063758760197,2750.1760000000004,2826.5192,2691.2195,0.2174408307121137,2841.702978801074,2658.6490211989267,39.49350507435619,-34.097501346811896,-33.145117535017945,-0.9523838117939505,91.91499999999994,-0.0093444980617466,2713.98,0.001206016928092,2739.58,-0.0031984728931242,2736.28,0.010129143824276,2745.43,0.028033850219143,2746.67,2726.95,19.216976869313523,0.06664319141098914,2745.06,2699.85,2734.399,21.04422985035948,0.1121319277807575,2770.55,2699.85,2750.1760000000004,45.76348940053677,0.2174408307121124,2857.88,2671.77,2826.5191999999997,93.55063042229214,0.25900558805433155,3018.52,2671.77,0,11,4,0.9817008075115985,0.9551854450516538,0.026727410782070533,0.0009713669208776854,2611.95,-0.03255736429801659
2022-11-29,GOOGL,2634.85,2672.6,2551.3,2611.95,1509382,2611.95,-0.0325573642980165,2740.7585,2822.1468,2691.4222500000005,0.2309463827091476,2847.983661869433,2633.5333381305663,38.23008849416132,-41.56870383957357,-34.829834795929074,-6.738869043644499,94.8057142857142,-0.0052063758760197,2699.85,-0.0093444980617466,2713.98,0.001206016928092,2739.58,-0.0001347694168126,2745.06,0.0086941642061113,2770.55,2700.328,52.03494566150402,0.21058673563152328,2739.58,2611.95,2718.5389999999998,41.038198046251836,0.17735667304243086,2753.63,2611.95,2740.7585,53.612580934716725,0.23094638270914633,2857.88,2611.95,2822.1468,98.34362296207222,0.26732991517805565,3018.52,2611.95,1,11,4,0.9530026085841007,0.9255188284319846,0.046440398935643216,-0.008691196842321726,2653.68,0.015976569229885662
2022-11-30,GOOGL,2633.64,2719.66,2587.7,2653.68,2179272,2653.68,0.0159765692298856,2730.5485,2817.6707999999994,2692.04465,0.2251434922264964,2829.375520868364,2631.721479131636,42.28842214233025,-43.61960375453418,-36.587788587650095,-7.031815166884087,98.25214285714277,-0.0325573642980165,2611.95,-0.0052063758760197,2699.85,-0.0093444980617466,2713.98,-0.0031984728931242,2736.28,-0.006107090649871,2753.63,2683.808,50.86619673216816,0.2808491931569304,2739.58,2611.95,2708.544,43.63168400237634,0.20830445060727082,2745.43,2611.95,2730.5485,49.413510434182044,0.2251434922264952,2835.99,2611.95,2817.6707999999994,100.83523756128547,0.2671263130361826,3018.52,2611.95,2,11,4,0.9718486963329998,0.9417991626271808,0.04972717132433086,0.00760924044288223,2667.12,0.005064664918151385
2022-12-01,GOOGL,2651.76,2686.12,2648.13,2667.12,1603603,2667.12,0.0050646649181513,2722.105,2813.4888,2693.23295,0.2266289992178048,2811.3964990945865,2632.813500905413,49.37869110742282,-43.65720791862532,-38.00167245384514,-5.655535464780179,94.0542857142856,0.0159765692298856,2653.68,-0.0325573642980165,2611.95,-0.0052063758760197,2699.85,0.001206016928092,2739.58,-0.0115847081851955,2721.73,2669.316,40.20995809492475,0.28831050026820454,2713.98,2611.95,2703.0829999999996,45.18771540283462,0.20722670168075394,2745.43,2611.95,2722.105,44.64574954729317,0.2266289992178035,2779.78,2611.95,2813.4888,102.6766859382661,0.2675220617855195,3018.52,2611.95,3,12,4,0.9798005587583948,0.9479760502330956,0.014243828549141224,0.005792379400848448,2635.03,-0.012031704610216187
2022-12-02,GOOGL,2610.24,2660.49,2609.58,2635.03,1735876,2635.03,-0.0120317046102161,2714.8675,2807.3662,2694.3016,0.2205521965520908,2807.8639775508973,2621.8710224491024,33.15630657675257,-45.7490378714765,-39.55114553737141,-6.1978923341050915,90.19142857142846,0.0050646649181513,2667.12,0.0159765692298856,2653.68,-0.0325573642980165,2611.95,-0.0093444980617466,2713.98,-0.0014071932190187,2717.9,2653.5260000000003,33.171521369927554,0.2913513806482841,2699.85,2611.95,2694.796,49.55613006138362,0.21322800506700254,2745.43,2611.95,2714.8675,46.49823877544869,0.22055219655208957,2776.85,2611.95,2807.3662,104.02667302952553,0.26283058384815494,3018.52,2611.95,4,12,4,0.9705924874783133,0.9386128535703898,0.019320463144624742,0.009497210984427074,2717.05,0.031126780340261728
2022-12-05,GOOGL,2713.46,2782.28,2651.82,2717.05,974402,2717.05,0.0311267803402617,2712.067,2803.4968,2695.80445,0.2509263674981006,2800.96810202402,2623.16589797598,43.132926013749895,-40.3236734428383,-39.70565111846479,-0.6180223243735057,93.07714285714276,-0.0120317046102161,2635.03,0.0050646649181513,2667.12,0.0159765692298856,2653.68,-0.0052063758760197,2699.85,0.010129143824276,2745.43,2656.966,39.47029553975466,0.3923150936188099,2717.05,2611.95,2691.9579999999996,47.08524935328181,0.26837734154593845,2745.06,2611.95,2712.067,44.45055101200993,0.2509263674980995,2776.85,2611.95,2803.4968,103.70912847154044,0.2724119223484777,3018.52,2611.95,0,12,4,1.0018373439885513,0.9691646518016468,0.04801531072300915,0.0013230340598346106,2721.58,0.0016672494065252952
2022-12-06,GOOGL,2709.49,2787.35,2655.81,2721.58,633353,2721.58,0.0016672494065252,2709.3035,2799.7532,2697.30045,0.250964654985478,2793.0098786227663,2625.5971213772336,45.75102744096373,-35.25213523301818,-38.81494794137547,3.562812708357292,93.72999999999989,0.0311267803402617,2717.05,-0.0120317046102161,2635.03,0.0050646649181513,2667.12,-0.0325573642980165,2611.95,-0.0001347694168126,2745.06,2678.8920000000003,38.65358418045632,0.2569283301643592,2721.58,2635.03,2689.6099999999997,44.66628830678829,0.2686753636855055,2739.58,2611.95,2709.3035,41.85318931138321,0.2509646549854769,2770.55,2611.95,2799.7532,103.20900894944417,0.27248653926743854,3018.52,2611.95,1,12,4,1.0045312383787919,0.9720785389222978,0.04833221878465878,0.004462094342476143,2677.56,-0.016174428089565596
2022-12-07,GOOGL,2697.37,2697.37,2658.94,2677.56,2177933,2677.56,-0.0161744280895655,2708.1285,2795.9657999999995,2698.431,0.2382271770862619,2792.9740955562565,2623.282904443743,44.326559969633976,-34.38854107736961,-37.9296665685743,3.5411254912046886,93.98285714285703,0.0016672494065252,2721.58,0.0311267803402617,2717.05,-0.0120317046102161,2635.03,0.0159765692298856,2653.68,-0.0031984728931242,2736.28,2683.668,36.15410308658802,0.2953945484709358,2721.58,2635.03,2683.7380000000003,41.60396022809119,0.27968454391194963,2739.58,2611.95,2708.1285,42.42279777812829,0.23822717708626082,2770.55,2611.95,2795.9657999999995,104.16373616081307,0.27296258285613595,3018.52,2611.95,2,12,4,0.9887123155341453,0.9576511987374963,0.014352619549136334,-0.007344190822909946,2715.26,0.014079983268348917
2022-12-08,GOOGL,2720.95,2729.65,2700.86,2715.26,2729524,2715.26,0.0140799832683489,2708.083,2792.9102000000003,2699.621,0.2428848158685079,2792.91141234566,2623.2545876543395,49.688046507785536,-30.31263635625055,-36.40626052610955,6.093624169858998,92.25571428571418,-0.0161744280895655,2677.56,0.0016672494065252,2721.58,0.0311267803402617,2717.05,0.0050646649181513,2667.12,0.001206016928092,2739.58,2693.296,37.044577605847444,0.3080818497240251,2721.58,2635.03,2681.306,38.57772362379474,0.29108608345252984,2721.58,2611.95,2708.0829999999996,42.41420617283006,0.2428848158685068,2770.55,2611.95,2792.9102000000003,104.24715665852769,0.2751002353583852,3018.52,2611.95,3,12,4,1.0026502141917355,0.972197387513221,0.010603036173327548,-0.0020911813888522426,2733.35,0.0066623454107523905
2022-12-09,GOOGL,2739.58,2755.82,2710.87,2733.35,2224304,2733.35,0.0066623454107523,2711.1620000000003,2791.5422000000003,2700.84665,0.2358581899869779,2794.9041045078343,2627.4198954921662,48.54000483277844,-25.330743639063712,-34.191157148700384,8.860413509636672,90.30499999999994,0.0140799832683489,2715.26,-0.0161744280895655,2677.56,0.0016672494065252,2721.58,-0.0120317046102161,2635.03,-0.0093444980617466,2713.98,2712.96,21.00734752403758,0.2745783190786277,2733.35,2677.56,2683.243,40.821610303510774,0.28892009516315115,2733.35,2611.95,2711.1620000000003,41.87105225391705,0.23585818998697677,2770.55,2611.95,2791.5422000000003,104.57706054876593,0.2708506600933533,3018.52,2611.95,4,12,4,1.008183944743616,0.9791541034196153,0.016445021676691176,-0.002274071207994563,2751.41,0.006607276784897698
2022-12-12,GOOGL,2753.16,2819.97,2682.84,2751.41,1049178,2751.41,0.0066072767848976,2711.3990000000003,2790.9558,2701.9189,0.2149130723399928,2795.589855085529,2627.208144914471,50.7359929513658,-19.698198135409257,-31.29256534604216,11.594367210632903,92.74785714285706,0.0066623454107523,2733.35,0.0140799832683489,2715.26,-0.0161744280895655,2677.56,0.0311267803402617,2717.05,-0.0052063758760197,2699.85,2719.832,27.344044506906677,0.18059566411155023,2751.41,2677.56,2688.3990000000003,46.07088607056881,0.28805899338190855,2751.41,2611.95,2711.3990000000003,42.09542754276458,0.21491307233999157,2770.55,2611.95,2790.9558,104.7210302464476,0.27078734645080743,3018.52,2611.95,0,12,4,1.0147565887569423,0.9858307322527335,0.04983990026929822,-0.0006356332359904127,2733.47,-0.006520293231470409
2022-12-13,GOOGL,2711.16,2756.98,2709.96,2733.47,756137,2733.47,-0.0065202932314704,2709.545,2791.2592000000004,2703.20265,0.2136947002550539,2789.792009847759,2629.2979901522413,49.681080466018486,-16.49186535464969,-28.332425347763667,11.840559993113978,92.19857142857134,0.0066072767848976,2751.41,0.0066623454107523,2733.35,0.0140799832683489,2715.26,0.0016672494065252,2721.58,-0.0325573642980165,2611.95,2722.21,28.04216557250339,0.19215395738439703,2751.41,2677.56,2700.5510000000004,39.17620208741755,0.22273996975810323,2751.41,2635.03,2709.545,40.12350492387949,0.21369470025505266,2753.63,2611.95,2791.2592000000004,104.52803197580323,0.2663411356428963,3018.52,2611.95,1,12,4,1.00882989579394,0.9792963691795517,0.017201578945436672,0.008228949969751589,2753.99,0.0075069417260844595
2022-12-14,GOOGL,2750.96,2795.44,2712.54,2753.99,783525,2753.99,0.0075069417260844,2709.563,2791.351,2704.48525,0.2144933229356967,2789.8517966493523,2629.274203350648,51.57393450701872,-12.154916704714196,-25.096923619153777,12.942006914439581,91.1514285714285,-0.0065202932314704,2733.47,0.0066072767848976,2751.41,0.0066623454107523,2733.35,-0.0161744280895655,2677.56,0.0159765692298856,2653.68,2737.496,15.759831217234098,0.11894462233502194,2753.99,2715.26,2710.582,38.6804569660887,0.21458483805997666,2753.99,2635.03,2709.563,40.14439832467618,0.21449332293569548,2753.99,2611.95,2791.3509999999997,104.49252910019429,0.26563641175776204,3018.52,2611.95,2,12,4,1.0163963709273351,0.9866154417695994,0.030101779599769788,0.001101433681332569,2743.23,-0.003907058486051107
2022-12-15,GOOGL,2770.63,2803.49,2682.96,2743.23,611909,2743.23,-0.0039070584860511,2710.638,2790.5784000000003,2705.5848000000005,0.2106460463047014,2792.1786906754046,2629.0973093245952,53.30187614127238,-9.476852472374048,-21.972909389797834,12.496056917423786,91.01785714285708,0.0075069417260844,2753.99,-0.0065202932314704,2733.47,0.0066072767848976,2751.41,0.0140799832683489,2715.26,0.0050646649181513,2667.12,2743.09,9.688446727712089,0.10671259880418166,2753.99,2733.35,2718.193,36.61097742169995,0.21780517938900487,2753.99,2635.03,2710.638,40.77034533770244,0.21064604630470019,2753.99,2611.95,2790.5784000000003,104.70672836420081,0.2644360050395204,3018.52,2611.95,3,12,4,1.0120237375846528,0.983032764820016,0.043937256445852446,-0.009889447526371331,2768.49,0.00920812327074283
2022-12-16,GOOGL,2787.05,2787.05,2753.52,2768.49,1149549,2768.49,0.0092081232707428,2713.1675,2791.8154,2707.05505,0.2127462299379744,2798.697857768645,2627.6371422313546,57.55847244680039,-5.255612945926714,-18.62945010102361,13.373837155096897,88.99357142857139,-0.0039070584860511,2743.23,0.0075069417260844,2753.99,-0.0065202932314704,2733.47,0.0066623454107523,2733.35,-0.0120317046102161,2635.03,2750.118,13.026823096815232,0.11483618081141905,2768.49,2733.47,2731.5389999999998,25.594746617989784,0.20259645502981602,2768.49,2677.56,2713.1675,42.76517888432267,0.21274622993797324,2768.49,2611.95,2791.8154,104.05818459135655,0.2579168349146726,3018.52,2611.95,4,12,4,1.020390373981326,0.9916450779657595,0.012111295327051241,-0.00665937101953454,2686.11,-0.029756293141748658
2022-12-19,GOOGL,2707.25,2732.02,2640.21,2686.11,2280951,2686.11,-0.0297562931417486,2710.2015,2790.222,2708.40405,0.2359138740681461,2795.133232654006,2625.2697673459943,58.266821240434055,-8.460104907303958,-16.59558106227968,8.135476154975724,87.54571428571424,0.0092081232707428,2768.49,-0.0039070584860511,2743.23,0.0075069417260844,2753.99,0.0066072767848976,2751.41,0.0311267803402617,2717.05,2737.058,31.31025902153632,0.24773963308825867,2768.49,2686.11,2728.445,29.16229310056901,0.21322518266989982,2768.49,2677.56,2710.2015,42.465866327002985,0.2359138740681449,2768.49,2611.95,2790.2219999999998,105.07004724740189,0.2620183641414577,3018.52,2611.95,0,12,4,0.9911108085502163,0.9626868399715282,0.03417953844033408,-0.007808661926306054,2668.26,-0.0066452974747869265
2022-12-20,GOOGL,2685.51,2696.38,2640.13,2668.26,1133892,2668.26,-0.0066452974747869,2706.3615,2786.001,2709.8039000000003,0.2367327147839584,2791.601358054113,2621.1216419458865,51.71666744990343,-12.298266929381953,-15.736118235700136,3.4378513063181835,82.1378571428571,-0.0297562931417486,2686.11,0.0092081232707428,2768.49,-0.0039070584860511,2743.23,-0.0065202932314704,2733.47,0.0016672494065252,2721.58,2724.016,44.13374989728016,0.24779927950781983,2768.49,2668.26,2723.1130000000003,34.87239884357873,0.2143256865416575,2768.49,2668.26,2706.3615,42.61992902705667,0.2367327147839573,2768.49,2611.95,2786.0009999999997,105.65570213129503,0.24445805685152153,3018.52,2611.95,1,12,4,0.9859215038342122,0.957738349698741,0.021081154010470837,-0.006423360925855266,2743.55,0.028216890407981143
2022-12-21,GOOGL,2721.77,2804.58,2682.51,2743.55,1354253,2743.55,0.0282168904079811,2706.725,2783.2276,2711.7027,0.2586607790808278,2792.5619738763157,2620.8880261236845,57.85492589913889,-9.159182850618436,-14.420731158683797,5.261548308065361,89.16142857142852,-0.0066452974747869,2668.26,-0.0297562931417486,2686.11,0.0092081232707428,2768.49,0.0075069417260844,2753.99,-0.0161744280895655,2677.56,2721.9280000000003,42.58077406524779,0.3390035845463431,2768.49,2668.26,2729.712,31.361485508948007,0.24514099972050665,2768.49,2668.26,2706.725,42.918486938157756,0.2586607790808267,2768.49,2611.95,2783.2276,104.89573504607762,0.25331085836557965,3018.52,2611.95,2,12,4,1.0136050023548704,0.9857440332939406,0.04449344826956141,0.008002145662562302,2710.82,-0.01192979898306934
2022-12-22,GOOGL,2696.04,2739.74,2681.9,2710.82,2080400,2710.82,-0.0119297989830693,2705.287,2780.3724,2713.29125,0.2622013215170887,2789.759225295352,2620.814774704648,57.77891819601992,-9.206348511409487,-13.377854629228935,4.1715061178194475,89.45499999999996,0.0282168904079811,2743.55,-0.0066452974747869,2668.26,-0.0297562931417486,2686.11,-0.0039070584860511,2743.23,0.0140799832683489,2715.26,2715.446,40.96345969270268,0.3486171407077111,2768.49,2668.26,2729.268,31.61919417054483,0.24564457585524976,2768.49,2668.26,2705.287,42.236112647675675,0.26220132151708764,2768.49,2611.95,2780.3723999999997,104.88462449447339,0.2537172657533243,3018.52,2611.95,3,12,4,1.0020452543478744,0.9749845020757022,0.02133671730324343,0.005482114508684855,2685.49,-0.009344036121911592
2022-12-23,GOOGL,2658.8,2735.8,2635.17,2685.49,1020898,2685.49,-0.0093440361219115,2703.8625,2774.3562,2714.867,0.2622011124676128,2788.677672395356,2619.0473276046446,46.33415415915833,-11.159012792525573,-12.934086261888263,1.77507346936269,86.12499999999997,-0.0119297989830693,2710.82,0.0282168904079811,2743.55,-0.0066452974747869,2668.26,0.0092081232707428,2768.49,0.0066623454107523,2733.35,2698.8460000000005,29.231473277884625,0.33504801875732565,2743.55,2668.26,2724.482,34.42988617780733,0.24652752499167838,2768.49,2668.26,2703.8625,42.40758619767788,0.26220111246761163,2768.49,2611.95,2774.3562,101.40092164154522,0.22990840217970349,3018.52,2611.95,4,12,4,0.993205090865015,0.9679687128851846,0.03747174631071523,0.010038363171351572,2667.03,-0.006873978305634965
2022-12-26,GOOGL,2656.55,2716.33,2617.73,2667.03,2708876,2667.03,-0.0068739783056349,2702.2215,2769.2022,2716.5085500000005,0.2626731278768454,2788.618794371813,2615.824205628187,43.86237313932792,-14.034302325679164,-13.154129474646444,-0.8801728510327198,83.77214285714282,-0.0093440361219115,2685.49,-0.0119297989830693,2710.82,0.0282168904079811,2743.55,-0.0297562931417486,2686.11,0.0066072767848976,2751.41,2695.03,32.38502354477572,0.2642743520192595,2743.55,2667.03,2716.044,37.316023129704504,0.2431401747626611,2768.49,2667.03,2702.2215,43.19864718590667,0.26267312787684427,2768.49,2611.95,2769.2022,100.1431267836173,0.2262314009735538,3018.52,2611.95,0,12,4,0.9869768262886714,0.9631041026903117,0.036969962842548804,0.00394496621557888,2616.41,-0.018979913986719388
2022-12-27,GOOGL,2595.92,2641.08,2591.73,2616.41,2662217,2616.41,-0.0189799139867193,2702.4445,2763.001,2718.00775,0.2444737064912982,2787.87839503021,2617.01060496979,43.22047051906895,-20.16514965421038,-14.556333510559233,-5.608816143651149,84.67642857142856,-0.0068739783056349,2667.03,-0.0093440361219115,2685.49,-0.0119297989830693,2710.82,-0.0066452974747869,2668.26,-0.0065202932314704,2733.47,2684.6600000000003,47.75443958414426,0.29290389752096174,2743.55,2616.41,2704.3379999999997,48.05706603143608,0.25589522445031126,2768.49,2616.41,2702.4445,42.71694751510493,0.2444737064912971,2768.49,2616.41,2763.001,99.80523867175573,0.2294363102871952,3018.52,2611.95,1,12,4,0.968164193565874,0.9469450065342186,0.018861722742223523,0.007893155413106678,2526.26,-0.03445560902152167
2022-12-28,GOOGL,2524.89,2540.65,2511.87,2526.26,1138688,2526.26,-0.0344556090215216,2696.0735,2754.8124,2718.8438,0.2659053191946384,2810.8008410768307,2581.346158923169,31.22914349190125,-31.93017078449293,-18.031100965345974,-13.899069819146955,88.42285714285711,-0.0189799139867193,2616.41,-0.0068739783056349,2667.03,-0.0093440361219115,2685.49,0.0282168904079811,2743.55,0.0075069417260844,2753.99,2641.202,72.97514145238549,0.17626077797286863,2710.82,2526.26,2681.565,70.58933823330636,0.2867528883420086,2768.49,2526.26,2696.0735,57.36367053841538,0.2659053191946372,2768.49,2526.26,2754.8124,102.11691473871808,0.24025864408369926,3018.52,2526.26,2,12,4,0.9370145138843816,0.9170352217084123,0.011392334914058255,0.000542597895353779,2517.64,-0.003412158685171085
2022-12-29,GOOGL,2526.56,2550.84,2484.45,2517.64,952474,2517.64,-0.003412158685171,2688.5995,2745.1576,2719.6311,0.2644799516566992,2828.0753749145933,2549.1236250854063,28.165678076817755,-41.47153866964936,-22.719188506206653,-18.75235016344271,89.95428571428569,-0.0344556090215216,2526.26,-0.0189799139867193,2616.41,-0.0068739783056349,2667.03,-0.0119297989830693,2710.82,-0.0039070584860511,2743.23,2602.566,77.87599842053831,0.19857612718046283,2685.49,2517.64,2659.0060000000003,83.55001206193285,0.28698293401365804,2768.49,2517.64,2688.5995,69.73793745729677,0.26447995165669813,2768.49,2517.64,2745.1576,101.24247440028965,0.2333764085110591,3018.52,2517.64,3,12,4,0.9364131771946932,0.9171203868219016,0.026369933747467454,-0.003530492052433563,2523.81,0.0024507078057227627
2022-12-30,GOOGL,2542.71,2551.03,2496.59,2523.81,1586002,2523.81,0.0024507078057227,2683.0385,2735.2634000000003,2720.4798500000006,0.2627276174811959,2839.359096383579,2526.71790361642,26.3939595080287,-47.98216548941946,-27.771783902849215,-20.210381586570243,84.04785714285715,-0.003412158685171,2517.64,-0.0344556090215216,2526.26,-0.0189799139867193,2616.41,-0.0093440361219115,2685.49,0.0092081232707428,2768.49,2570.23,67.74348271232981,0.23296896111912377,2667.03,2517.64,2634.538,83.75216253257042,0.2772143173189328,2743.55,2517.64,2683.0384999999997,78.16029819178962,0.2627276174811949,2768.49,2517.64,2735.2634000000003,98.1070730273783,0.23276712687982842,2995.35,2517.64,4,12,4,0.9406536656104857,0.922693587754319,0.021570561967809973,-0.007433014382290021,2522.38,-0.000566603666678489
2023-01-02,GOOGL,2534.95,2575.8,2468.95,2522.38,1044263,2522.38,-0.0005666036666784,2673.3050000000003,2725.804,2721.3389500000003,0.2319747680291427,2844.26585307533,2502.3441469246704,27.329939643055567,-52.65035270730914,-32.7474976637412,-19.90285504356794,88.3214285714286,0.0024507078057227,2523.81,-0.003412158685171,2517.64,-0.0344556090215216,2526.26,-0.0068739783056349,2667.03,-0.0297562931417486,2686.11,2541.3,42.10515348500409,0.2460800895749914,2616.41,2517.64,2618.165,88.42373804580393,0.2539875434104372,2743.55,2517.64,2673.3050000000003,85.48042653766498,0.23197476802914163,2768.49,2517.64,2725.804,95.2788797291836,0.23265331725749377,2950.91,2517.64,0,1,1,0.9435436659861319,0.9253710098008054,0.042360786241548855,-0.004958677685948342,2517.22,-0.002045687009887609
2023-01-03,GOOGL,2539.3,2570.1,2464.34,2517.22,755556,2517.22,-0.0020456870098876,2663.0870000000004,2717.1302,2721.9235,0.2312280344555135,2845.9156884203576,2480.2583115796438,23.70449345787105,-56.11938425742392,-37.421874982477746,-18.69750927494617,89.95428571428572,-0.0005666036666784,2522.38,0.0024507078057227,2523.81,-0.003412158685171,2517.64,-0.0189799139867193,2616.41,-0.0066452974747869,2668.26,2521.462,3.9363333186854588,0.24076157053904718,2526.26,2517.22,2603.061,91.75322754839901,0.2547866974295467,2743.55,2517.22,2663.0870000000004,91.41434421017865,0.23122803445551238,2768.49,2517.22,2717.1302,94.10133646472912,0.23116612798366404,2935.61,2517.22,1,1,1,0.9452263482188356,0.9264259769366493,0.04201460341168343,-0.008695309731024961,2519.64,0.0009613780281421125
2023-01-04,GOOGL,2497.16,2555.27,2484.01,2519.64,2003342,2519.64,0.0009613780281421,2655.191,2708.8108,2722.6599,0.2270212967864629,2848.7154861320296,2461.66651386797,24.69957227160521,-58.00470089346891,-41.53844016467598,-16.466260728792925,86.43500000000002,-0.0020456870098876,2517.22,-0.0005666036666784,2522.38,0.0024507078057227,2523.81,-0.0344556090215216,2526.26,0.0282168904079811,2743.55,2520.138,2.8945155027734377,0.036986266040715476,2523.81,2517.22,2580.67,80.26084433474226,0.17854381031137198,2710.82,2517.22,2655.191,96.76224306601497,0.22702129678646185,2768.49,2517.22,2708.8108,92.76988757222013,0.23128872257587527,2892.48,2517.22,2,1,1,0.948948682034193,0.930164631652779,0.028281818037486105,0.00900222652933373,2561.91,0.016776206124684556
2023-01-05,GOOGL,2536.92,2605.8,2518.02,2561.91,1952089,2561.91,0.0167762061246845,2647.5235,2702.2594,2723.35205,0.2298855077129846,2843.1670809027632,2451.879919097237,27.490847279496023,-55.448812777624426,-44.32051468726567,-11.128298090358754,89.57500000000002,0.0009613780281421,2519.64,-0.0020456870098876,2517.22,-0.0005666036666784,2522.38,-0.003412158685171,2517.64,-0.0119297989830693,2710.82,2528.9919999999997,18.575563786754103,0.1206603630543559,2561.91,2517.22,2565.7789999999995,65.9728264682846,0.21679655649104695,2685.49,2517.22,2647.5235000000002,97.82179045138152,0.22988550771298355,2768.49,2517.22,2702.2594,91.3055861538438,0.23355568673703492,2892.48,2517.22,3,1,1,0.9676627988378695,0.9480622030583192,0.03426349871774026,0.009850527411187554,2554.81,-0.0027713697983144936
2023-01-06,GOOGL,2563.05,2598.46,2511.16,2554.81,1277016,2554.81,-0.0027713697983144,2638.5965,2695.506,2723.9645,0.2271568261259409,2834.044018574366,2443.1489814256333,32.885818559800825,-53.380822797659675,-46.13257630934447,-7.248246488315203,86.64785714285719,0.0167762061246845,2561.91,0.0009613780281421,2519.64,-0.0020456870098876,2517.22,0.0024507078057227,2523.81,-0.0093440361219115,2685.49,2535.192,21.37593436544364,0.12897190628511707,2561.91,2517.22,2552.7110000000002,50.830430179314845,0.21608456188592165,2667.03,2517.22,2638.5964999999997,97.72375928718326,0.2271568261259399,2768.49,2517.22,2695.506,89.41714000419373,0.23343244010487862,2867.27,2517.22,4,1,1,0.9682458079509435,0.9478034921825632,0.03417083853592479,-0.003214919724545764,2532.14,-0.0088734583002259
2023-01-09,GOOGL,2521.47,2586.69,2477.59,2532.14,724101,2532.14,-0.0088734583002259,2627.633,2688.8034,2724.4915,0.2248602372955783,2821.024266019609,2434.2417339803906,32.47773029078138,-52.96070731138889,-47.49820250975336,-5.462504801635525,90.42285714285718,-0.0027713697983144,2554.81,0.0167762061246845,2561.91,0.0009613780281421,2519.64,-0.0005666036666784,2522.38,-0.0068739783056349,2667.03,2537.144,20.33370428612925,0.15261281064790552,2561.91,2517.22,2539.222,31.24881288398723,0.21682998547732485,2616.41,2517.22,2627.633,96.69563300980454,0.22486023729557733,2768.49,2517.22,2688.8034000000002,88.83775136615527,0.23345475049235462,2857.88,2517.22,0,1,1,0.9636581668745355,0.9417348996207973,0.04308608528752629,0.004231658516657284,2521.46,-0.004217776268294782
2023-01-10,GOOGL,2509.03,2555.5,2487.42,2521.46,733821,2521.46,-0.0042177762682947,2617.0325000000003,2683.2266000000004,2724.46625,0.224672938514825,2809.235619956697,2424.829380043303,15.706741607053855,-52.8799819895371,-48.57455840571011,-4.305423583826993,85.54857142857148,-0.0088734583002259,2532.14,-0.0027713697983144,2554.81,0.0167762061246845,2561.91,-0.0020456870098876,2517.22,-0.0189799139867193,2616.41,2537.9919999999997,19.36016967889863,0.15591616019903384,2561.91,2519.64,2529.727,15.791509005104869,0.2025480168308384,2561.91,2517.22,2617.0325000000003,96.10155997834869,0.22467293851482403,2768.49,2517.22,2683.2266000000004,90.4334735888531,0.22851077770538486,2857.88,2517.22,1,1,1,0.963480583446723,0.9397119125157226,0.0270002300254507,0.0049541057699568685,2545.64,0.0095896821682675
2023-01-11,GOOGL,2537.03,2572.39,2518.88,2545.64,1252589,2545.64,0.0095896821682675,2606.615,2676.9818,2724.7701,0.2261959542713603,2789.943140028617,2423.286859971384,23.802575650785883,-50.28522588849046,-48.91669190226618,-1.3685339862242785,84.96714285714289,-0.0042177762682947,2521.46,-0.0088734583002259,2532.14,-0.0027713697983144,2554.81,0.0009613780281421,2519.64,-0.0344556090215216,2526.26,2543.192,16.475441420360507,0.16940928109174747,2561.91,2521.46,2531.665,16.492391679953627,0.11766471331130851,2561.91,2517.22,2606.6150000000002,91.66407001430838,0.22619595427135936,2768.49,2517.22,2676.9818,88.89443752689638,0.2242282781836993,2835.99,2517.22,2,1,1,0.9766075926053611,0.9509366107752578,0.021020254238611407,0.003393732041007114,2604.51,0.023125815119184212
2023-01-12,GOOGL,2592.52,2631.34,2577.68,2604.51,982527,2604.51,0.0231258151191842,2599.679,2672.3522000000003,2725.43505,0.2455937185609903,2771.3717143598324,2427.986285640167,38.391628438826096,-42.9830639758361,-47.72996631698017,4.7469023411440645,83.90071428571433,0.0095896821682675,2545.64,-0.0042177762682947,2521.46,-0.0088734583002259,2532.14,0.0167762061246845,2561.91,-0.003412158685171,2517.64,2551.7120000000004,32.14164852641692,0.2060890396494822,2604.51,2521.46,2540.352,27.493523600873846,0.1592132178432147,2604.51,2517.22,2599.6789999999996,85.84635717991631,0.24559371856098947,2768.49,2517.22,2672.3522000000003,86.43810153572784,0.23093369098506347,2779.78,2517.22,3,1,1,1.0018583063520528,0.974613301345169,0.020602723736894733,0.0046248437813384705,2579.17,-0.00972927729208184
2023-01-13,GOOGL,2579.76,2619.72,2538.61,2579.17,1046953,2579.17,-0.0097292772920818,2590.213,2668.34,2726.2113,0.2428270432667406,2742.496465612601,2437.929534387399,37.64901034489687,-38.79358596477232,-45.9426902465386,7.149104281766277,82.6514285714286,0.0231258151191842,2604.51,0.0095896821682675,2545.64,-0.0042177762682947,2521.46,-0.0027713697983144,2554.81,0.0024507078057227,2523.81,2556.584,34.489145103868715,0.2242706061483589,2604.51,2521.46,2545.888,29.306372003233232,0.17252265496334465,2604.51,2517.22,2590.213,76.1417328063005,0.24282704326673968,2743.55,2517.22,2668.34,86.00463053503633,0.22793025370724415,2776.85,2517.22,4,1,1,0.9957366440516684,0.9665822196568029,0.031448101521019636,-0.00022870344528169937,2583.96,0.001857186614298456
2023-01-16,GOOGL,2580.86,2620.09,2547.82,2583.96,1805986,2583.96,0.0018571866142984,2585.1055,2664.558,2726.82205,0.2224311453745923,2730.5448274079577,2439.6661725920426,44.76359528602008,-34.68703098784454,-43.691558394799785,9.004527406955248,82.43500000000002,-0.0097292772920818,2579.17,0.0231258151191842,2604.51,0.0095896821682675,2545.64,-0.0088734583002259,2532.14,-0.0005666036666784,2522.38,2566.948,33.06387106791474,0.2035375051383862,2604.51,2521.46,2552.046,30.271755152154437,0.17185230447914163,2604.51,2517.22,2585.1055,72.71966370397885,0.2224311453745914,2743.55,2517.22,2664.558,85.46171800810373,0.2280337096155499,2776.85,2517.22,0,1,1,0.9995568846219237,0.9697518312602054,0.02796869920585923,0.0012011500042616444,2598.69,0.005700552640133694
2023-01-17,GOOGL,2599.33,2634.56,2562.82,2598.69,1608968,2598.69,0.0057005526401336,2581.6269999999995,2660.9948,2727.1658,0.223211825065132,2721.9294618609647,2441.3245381390343,65.44810817337247,-29.899308074435794,-40.933108330726995,11.033800256291201,80.09214285714286,0.0018571866142984,2583.96,-0.0097292772920818,2579.17,0.0231258151191842,2604.51,-0.0042177762682947,2521.46,-0.0020456870098876,2517.22,2582.3940000000002,23.01293179922236,0.18962943834366094,2604.51,2545.64,2560.193,30.815740584478803,0.17055101330526787,2604.51,2519.64,2581.6269999999995,70.15123093048268,0.2232118250651311,2743.55,2517.22,2660.9948,84.39168126233989,0.2285024409031523,2770.55,2517.22,1,1,1,1.0066093978715724,0.9765858993783165,0.02760621697854387,-0.00024621729445650477,2558.44,-0.015488573088748514
2023-01-18,GOOGL,2567.28,2575.9,2540.98,2558.44,2082519,2558.44,-0.0154885730887485,2572.3715,2658.1424,2726.96225,0.1993918048918621,2690.343844890592,2454.399155109408,57.66744343077751,-29.018336469064252,-38.550153958394446,9.531817489330194,79.47214285714283,0.0057005526401336,2598.69,0.0018571866142984,2583.96,-0.0097292772920818,2579.17,0.0095896821682675,2545.64,0.0009613780281421,2519.64,2584.954,18.086940868915654,0.2380287989542072,2604.51,2558.44,2564.073,27.39519830174946,0.1949553682080869,2604.51,2521.46,2572.3715,58.986172445295935,0.19939180489186117,2710.82,2517.22,2658.1423999999997,85.41391356714533,0.22304764942204552,2770.55,2517.22,2,1,1,0.9945841803950188,0.9624917009709628,0.01364894232422352,-0.0034433330217182004,2559.97,0.0005980206688449563
2023-01-19,GOOGL,2554.19,2609.56,2510.38,2559.97,807406,2559.97,0.0005980206688449,2564.829,2655.0184000000004,2726.5057,0.1972404255068779,2663.190338340009,2466.467661659992,56.91607374800386,-27.87537197517986,-36.415197561751526,8.539825586571666,82.6678571428571,-0.0154885730887485,2558.44,0.0057005526401336,2598.69,0.0018571866142984,2583.96,0.0231258151191842,2604.51,0.0167762061246845,2561.91,2576.046,16.98197956645987,0.14034241531503341,2598.69,2558.44,2563.879,27.419076266816628,0.17564498312045418,2604.51,2521.46,2564.829,49.18066917000423,0.197240425506877,2685.49,2517.22,2655.0184000000004,86.10197369943027,0.2225709770239814,2770.55,2517.22,3,1,1,0.9981055267228347,0.964200474090513,0.03874264151531506,0.002262948331955525,2501.32,-0.022910424731539702
2023-01-20,GOOGL,2488.88,2524.52,2478.12,2501.32,1046074,2501.32,-0.0229104247315397,2555.6205,2651.6094,2725.79415,0.208765831587768,2639.893755912793,2471.3472440872065,46.695330151099256,-31.340851394784295,-35.400328328358086,4.059476933573791,80.88214285714278,0.0005980206688449,2559.97,-0.0154885730887485,2558.44,0.0057005526401336,2598.69,-0.0097292772920818,2579.17,-0.0027713697983144,2554.81,2560.476,37.13368322689876,0.19734188100534322,2598.69,2501.32,2558.5299999999997,33.848544035533116,0.21017549037986255,2604.51,2501.32,2555.6205,42.13662795639672,0.20876583158776718,2667.03,2501.32,2651.6094,88.75849621670953,0.22535570389459308,2770.55,2501.32,4,1,1,0.9787525182236648,0.9433214409328377,0.018550205491493107,0.004998232136541358,2432.17,-0.027645403227096077
2023-01-23,GOOGL,2415.94,2453.91,2410.43,2432.17,1625660,2432.17,-0.027645403227096,2543.8775,2645.3194,2724.8103,0.2256074824479005,2628.2381308468607,2459.5168691531385,38.88613020269086,-39.21504921476253,-36.16327250563898,-3.0517767091235513,79.81999999999996,-0.0229104247315397,2501.32,0.0005980206688449,2559.97,-0.0154885730887485,2558.44,0.0018571866142984,2583.96,-0.0088734583002259,2532.14,2530.118,64.84314204289963,0.23113535852227532,2598.69,2432.17,2548.5330000000004,52.262726052478165,0.24544414977529033,2604.51,2432.17,2543.8774999999996,42.18031542343053,0.22560748244789958,2616.41,2432.17,2645.3194,92.9301240105208,0.2228388184317449,2770.55,2432.17,0,1,1,0.956087704694524,0.9194239455542045,0.017877039845069276,0.006717882066604841,2447.15,0.006159108943864844
2023-01-24,GOOGL,2439.78,2479.59,2414.71,2447.15,1435556,2447.15,0.0061591089438648,2535.4145,2638.8514,2724.2447,0.2218263288120517,2623.0347325771886,2447.794267422811,40.82846225721403,-43.74241161828013,-37.67910032816721,-6.063311290112921,79.36428571428571,-0.027645403227096,2432.17,-0.0229104247315397,2501.32,0.0005980206688449,2559.97,0.0057005526401336,2598.69,-0.0042177762682947,2521.46,2499.81,60.015056027597346,0.233353634735471,2559.97,2432.17,2541.102,61.07909313152575,0.2505567469726395,2604.51,2432.17,2535.4145,43.81011628859435,0.2218263288120508,2604.51,2432.17,2638.8514,95.26129974239655,0.22226564220576026,2768.49,2432.17,1,1,1,0.9651873490504354,0.9273542269182239,0.02651247369387802,0.0030207641672596996,2432.83,-0.005851705044643829
2023-01-25,GOOGL,2444.59,2456.08,2409.58,2432.83,2215047,2432.83,-0.0058517050446438,2530.743,2632.4354,2723.1800499999995,0.1893005529263534,2629.6533964736013,2431.8326035263985,32.425661691389934,-47.933337585500794,-39.729947779633925,-8.20338980586687,76.41571428571426,0.0061591089438648,2447.15,-0.027645403227096,2432.17,-0.0229104247315397,2501.32,-0.0154885730887485,2558.44,0.0095896821682675,2545.64,2474.688,55.45380257471666,0.23393473152478028,2559.97,2432.17,2529.8210000000004,69.92497844112395,0.24085146652993283,2604.51,2432.17,2530.743,49.455198236800676,0.1893005529263526,2604.51,2432.17,2632.4354,98.13292564034313,0.22224437414864434,2768.49,2432.17,2,1,1,0.9613105716380679,0.9241746255194243,0.019113542664296677,-0.0048106226401954544,2441.38,0.003514425586662595
2023-01-26,GOOGL,2453.91,2482.1,2400.66,2441.38,1419828,2441.38,0.0035144255866625,2526.93,2626.8284000000003,2722.0549,0.1901202324846261,2633.5466707614214,2420.3133292385783,34.61715804474048,-49.988526447732966,-41.78166351325373,-8.206862934479233,75.99714285714283,-0.0058517050446438,2432.83,0.0061591089438648,2447.15,-0.027645403227096,2432.17,0.0005980206688449,2559.97,0.0231258151191842,2604.51,2450.9700000000003,28.82786239032772,0.24294621151059362,2501.32,2432.17,2513.508,69.59226294792846,0.19352348650224016,2598.69,2432.17,2526.93,53.30833538071074,0.1901202324846252,2604.51,2432.17,2626.8284000000003,100.89701776219401,0.22161166305491864,2768.49,2432.17,3,1,1,0.9661446894053394,0.9294021642217171,0.03335818266716639,-0.005106136736878956,2441.34,-1.6384176162675956e-05
2023-01-27,GOOGL,2449.49,2471.69,2411.0,2441.34,2513221,2441.34,-1.6384176162675956e-05,2522.8065,2621.2972,2721.03045,0.1896468250393359,2636.1013110069107,2409.5116889930896,36.880887705842,-51.03223821788379,-43.631778454179745,-7.400459763704042,72.5392857142857,0.0035144255866625,2441.38,-0.0058517050446438,2432.83,0.0061591089438648,2447.15,-0.0229104247315397,2501.32,-0.0097292772920818,2579.17,2438.974,6.369397930391285,0.21520472179084107,2447.15,2432.17,2499.725,68.7869162704011,0.19495321700361945,2598.69,2432.17,2522.8065,56.64740550345527,0.18964682503933505,2604.51,2432.17,2621.2972,103.35320883103627,0.2216552375414002,2768.49,2432.17,4,1,1,0.9677079871163453,0.931348036384073,0.024859298581916156,-0.0033272232178928308,2404.16,-0.015229341263404694
2023-01-30,GOOGL,2391.37,2437.76,2370.55,2404.16,1489333,2404.16,-0.0152293412634046,2516.8955,2614.4718,2719.5323,0.1956429173143906,2642.004003724765,2391.7869962752343,34.257569249303174,-54.2343230723568,-45.752287377815165,-8.482035694541636,72.73285714285713,-1.6384176162675956e-05,2441.34,0.0035144255866625,2441.38,-0.0058517050446438,2432.83,-0.027645403227096,2432.17,0.0018571866142984,2583.96,2433.3720000000003,17.110560189417495,0.13525050101834674,2447.15,2404.16,2481.745,67.81436151560122,0.1959895793837589,2598.69,2404.16,2516.8954999999996,62.55425186238274,0.1956429173143897,2604.51,2404.16,2614.4718,106.21721202020512,0.22180136434458078,2768.49,2404.16,0,1,1,0.9552085098483606,0.919558589233619,0.027955710102477407,0.005348398616690272,2403.07,-0.0004533808066017331
2023-01-31,GOOGL,2407.3,2440.9,2365.24,2403.07,1835264,2403.07,-0.0004533808066017,2511.188,2607.632,2718.23385,0.1957546652566886,2646.253116553139,2376.122883446861,29.6019686942673,-56.211975615634856,-47.8442250253791,-8.367750590255753,74.31500000000003,-0.0152293412634046,2404.16,-1.6384176162675956e-05,2441.34,0.0035144255866625,2441.38,0.0061591089438648,2447.15,0.0057005526401336,2598.69,2424.556,19.434850912617772,0.1160224697083871,2441.38,2403.07,2462.183,57.80810478539705,0.1869467380296944,2559.97,2403.07,2511.188,67.53255827656945,0.19575466525668772,2604.51,2403.07,2607.632,108.6203846580536,0.22178463564559328,2768.49,2403.07,1,1,1,0.9569454775982694,0.921552581038689,0.03148472578824954,-0.0017571553192365973,2356.76,-0.01927118227933433
2023-02-01,GOOGL,2360.09,2378.14,2335.39,2356.76,1054340,2356.76,-0.0192711822793343,2503.044,2600.0416,2716.6133,0.2043448219344704,2654.5989983757418,2351.489001624258,13.232020420334068,-60.81507119095977,-50.43839425849524,-10.376676932464534,73.02785714285717,-0.0004533808066017,2403.07,-0.0152293412634046,2404.16,-1.6384176162675956e-05,2441.34,-0.0058517050446438,2432.83,-0.0154885730887485,2558.44,2409.342,34.933376876501335,0.16227250254349967,2441.38,2356.76,2442.0150000000003,55.63483066680042,0.19223062988616813,2559.97,2356.76,2503.044,75.77749918787093,0.20434482193446954,2604.51,2356.76,2600.0416,112.63330008120082,0.22493488558499672,2768.49,2356.76,2,2,1,0.9415575595151578,0.9064316509393903,0.01813930990002455,-0.0014109631412355106,2410.46,0.0227855191024966
2023-02-02,GOOGL,2409.7,2430.02,2390.9,2410.46,1206877,2410.46,0.0227855191024966,2495.4715,2593.4592,2715.2946,0.2130849259553635,2649.752238133401,2341.1907618665987,26.9061242358346,-59.44467517514886,-52.239650441825965,-7.205024733322894,72.46714285714289,-0.0192711822793343,2356.76,-0.0004533808066017,2403.07,-0.0152293412634046,2404.16,0.0035144255866625,2441.38,0.0005980206688449,2559.97,2403.1580000000004,30.269499830616255,0.26241037877495615,2441.34,2356.76,2427.064,37.57085371506573,0.24531345817331277,2501.32,2356.76,2495.4715,77.14036906670063,0.21308492595536274,2604.51,2356.76,2593.4592000000002,113.92179313180361,0.23205671776649897,2768.49,2356.76,3,2,1,0.9659336922898274,0.9294381804807536,0.016229267442721997,0.00031539195750504334,2359.37,-0.0211951245820301
2023-02-03,GOOGL,2361.72,2412.71,2306.02,2359.37,1727541,2359.37,-0.0211951245820301,2485.6995,2586.367,2713.5794,0.2226917989729845,2648.66854148702,2322.7304585129805,22.71545545030486,-61.76912644281674,-54.145545642024125,-7.623580800792617,74.92571428571432,0.0227855191024966,2410.46,-0.0192711822793343,2356.76,-0.0004533808066017,2403.07,-1.6384176162675956e-05,2441.34,-0.0229104247315397,2501.32,2386.764,26.366067776512818,0.29155828398827616,2410.46,2356.76,2412.869,32.92696512301068,0.2421117307742499,2447.15,2356.76,2485.6995,81.48452074350983,0.22269179897298377,2604.51,2356.76,2586.367,117.25500710338292,0.23536849720506708,2768.49,2356.76,4,2,1,0.949177485049601,0.9122332600126306,0.045219698478812076,-0.000995037515030958,2352.63,-0.002856694795644543
2023-02-06,GOOGL,2352.24,2384.8,2320.46,2352.63,2287621,2352.63,-0.0028566947956445,2476.724,2579.4226,2711.8406,0.2219243597759277,2648.4608826402405,2304.98711735976,19.51533772666329,-63.4240198697039,-56.00124048756008,-7.4227793821438155,74.39714285714292,-0.0211951245820301,2359.37,0.0227855191024966,2410.46,-0.0192711822793343,2356.76,-0.0152293412634046,2404.16,-0.027645403227096,2432.17,2376.458,27.893185009884725,0.28174843841545477,2410.46,2352.63,2404.915,37.09029919580114,0.2089673018835701,2447.15,2352.63,2476.724,85.86844132012013,0.22192435977592692,2604.51,2352.63,2579.4226,120.63027145397304,0.23529832706434478,2768.49,2352.63,0,2,1,0.949895910888355,0.9120762142655834,0.02734811678843371,0.00016579940822371937,2314.35,-0.01627115185983352
2023-02-07,GOOGL,2317.38,2344.99,2283.7,2314.35,1606433,2314.35,-0.0162711518598335,2466.3685,2573.4706,2710.21665,0.2264640263140915,2651.223307124085,2281.5136928759143,19.611065460833714,-67.05148315436236,-58.21128902092054,-8.84019413344182,75.19857142857151,-0.0028566947956445,2352.63,-0.0211951245820301,2359.37,0.0227855191024966,2410.46,-0.0004533808066017,2403.07,0.0061591089438648,2447.15,2358.714,34.23111347875842,0.2907384400963947,2410.46,2314.35,2391.635,43.50715477546236,0.21103991950259057,2441.38,2314.35,2466.3684999999996,92.42740356204253,0.22646402631409077,2604.51,2314.35,2573.4706,126.20566253038193,0.22735599783080523,2768.49,2314.35,1,2,1,0.9383634278491075,0.8993108372790816,0.026482597705607833,-0.001307511068533815,2336.2,0.009441095772031005
2023-02-08,GOOGL,2346.27,2349.55,2322.86,2336.2,1160734,2336.2,0.009441095772031,2455.8965,2567.121,2708.6823500000005,0.226344788290583,2645.5112260854544,2266.2817739145453,23.48256819773715,-67.38637338417357,-60.046305893571144,-7.340067490602422,70.62857142857153,-0.0162711518598335,2314.35,-0.0028566947956445,2352.63,-0.0211951245820301,2359.37,-0.0192711822793343,2356.76,-0.0058517050446438,2432.83,2354.602,35.72672627033763,0.28808496509927667,2410.46,2314.35,2381.9719999999998,44.06829064065456,0.22386802803539638,2441.38,2314.35,2455.8965,94.80736304272722,0.22634478829058224,2604.51,2314.35,2567.1209999999996,130.01675812315523,0.22511413151898266,2768.49,2314.35,2,2,1,0.9512615861454458,0.9100467021223736,0.011424535570579845,-0.004291918662385775,2324.48,-0.005016693776217718
2023-02-09,GOOGL,2306.33,2359.25,2289.71,2324.48,2081847,2324.48,-0.0050166937762177,2441.895,2560.2682,2706.8621500000004,0.2020440680376335,2626.596049893118,2257.193950106882,26.42133333234692,-67.8157446652599,-61.600193647908895,-6.215551017351004,69.74928571428583,0.009441095772031,2336.2,-0.0162711518598335,2314.35,-0.0028566947956445,2352.63,0.0227855191024966,2410.46,0.0035144255866625,2441.38,2337.406,18.80360683474339,0.1909407762748461,2359.37,2314.35,2370.282,42.015323606593505,0.21995995194565596,2441.34,2314.35,2441.895,92.35052494655913,0.20204406803763264,2598.69,2314.35,2560.2682,133.61842746386526,0.22452114762896563,2768.49,2314.35,3,2,1,0.9519164419432646,0.9079048827771606,0.0299163683920576,0.007869645714183235,2305.9,-0.007993185572687245
2023-02-10,GOOGL,2317.41,2342.98,2268.81,2305.9,499339,2305.9,-0.0079931855726872,2428.2315,2553.6856,2704.9517000000005,0.2016664137105756,2610.590405490301,2245.872594509699,30.5397158079476,-68.86148290924211,-63.05245150017554,-5.80903140906657,68.55500000000009,-0.0050166937762177,2324.48,0.009441095772031,2336.2,-0.0162711518598335,2314.35,-0.0211951245820301,2359.37,-1.6384176162675956e-05,2441.34,2326.712,18.389569597888823,0.1480837630949854,2352.63,2305.9,2356.7380000000003,38.22301511436787,0.21873562172186944,2410.46,2305.9,2428.2315,91.17945274515047,0.20166641371057473,2598.69,2305.9,2553.6856,137.8987832768016,0.22383511939692396,2768.49,2305.9,4,2,1,0.9496211543252983,0.9029694180047447,0.03216531506135041,-0.004966751675359473,2338.23,0.014020555965132964
2023-02-13,GOOGL,2321.2,2376.05,2300.4,2338.23,679381,2338.23,0.0140205559651329,2415.945,2546.1092,2703.0315,0.2119188184990205,2586.880446171754,2245.009553828246,34.06577330306945,-66.31701591624551,-63.70536438338954,-2.6116515328559657,69.3242857142858,-0.0079931855726872,2305.9,-0.0050166937762177,2324.48,0.009441095772031,2336.2,-0.0028566947956445,2352.63,-0.0152293412634046,2404.16,2323.832,13.89383568333784,0.19965717887443568,2338.23,2305.9,2350.145,34.653865344604306,0.23160816272617055,2410.46,2305.9,2415.945,85.46772308587701,0.21191881849901964,2598.69,2305.9,2546.1092,139.14100494278293,0.21365511597486117,2768.49,2305.9,0,2,1,0.967832463073055,0.9183541695694284,0.0323535323727639,0.007336722384970216,2339.96,0.0007398758890271306
2023-02-14,GOOGL,2319.68,2384.75,2295.18,2339.96,1576134,2339.96,0.0007398758890271,2403.0085000000004,2538.4768,2701.3421000000003,0.2093439075034339,2553.6707759721057,2252.346224027895,35.89416446276459,-63.429732478242386,-63.65023800236012,0.2205055241177334,72.40071428571439,0.0140205559651329,2338.23,-0.0079931855726872,2305.9,-0.0050166937762177,2324.48,-0.0162711518598335,2314.35,-0.0004533808066017,2403.07,2328.954,14.240648861466855,0.14854869818582075,2339.96,2305.9,2343.834,29.27343285471707,0.23200663520663928,2410.46,2305.9,2403.0085000000004,75.33113798605274,0.20934390750343307,2559.97,2305.9,2538.4768,139.78449580371822,0.21356307545092088,2768.49,2305.9,1,2,1,0.9737626812385499,0.9217968822874719,0.038278432109934306,0.008742585184159652,2360.03,0.008577069693499029
2023-02-15,GOOGL,2382.5,2382.5,2339.85,2360.03,1206791,2360.03,0.008577069693499,2393.088,2532.1262,2699.755,0.2109987388709406,2525.7059320415983,2260.470067958402,38.06169469480536,-58.84374422934252,-62.68893924775661,3.8451950184140884,69.63000000000011,0.0007398758890271,2339.96,0.0140205559651329,2338.23,-0.0079931855726872,2305.9,0.009441095772031,2336.2,-0.0192711822793343,2356.76,2333.7200000000003,20.06753472640828,0.1460143684857723,2360.03,2305.9,2344.161,29.451588317660693,0.21751284379203736,2410.46,2305.9,2393.088,66.30896602079898,0.21099873887093976,2559.97,2305.9,2532.1262,140.54762980728847,0.21289554409094824,2768.49,2305.9,2,2,1,0.9861860491544874,0.9320349041051225,0.018071804171973245,-0.009431269674707395,2323.89,-0.015313364660618833
2023-02-16,GOOGL,2345.13,2347.24,2300.55,2323.89,1528867,2323.89,-0.0153133646606188,2381.284,2524.2988,2698.1167000000005,0.2139941358870039,2491.492198644493,2271.075801355508,34.41522252466275,-57.46311247616677,-61.64377389343864,4.180661417271871,69.54357142857154,0.008577069693499,2360.03,0.0007398758890271,2339.96,0.0140205559651329,2338.23,-0.0050166937762177,2324.48,0.0227855191024966,2410.46,2333.602,20.13706458239639,0.1893462647497221,2360.03,2305.9,2335.504,18.476664080507724,0.18908346168663678,2360.03,2305.9,2381.284,55.10409932224629,0.21399413588700306,2501.32,2305.9,2524.2988,141.0376337624241,0.21139187576641233,2768.49,2305.9,3,2,1,0.9758978769432893,0.9206081308595794,0.02009131241150808,-0.009057067198829566,2272.86,-0.021958870686650256
2023-02-17,GOOGL,2252.88,2321.08,2224.64,2272.86,1231317,2272.86,-0.0219588706866502,2369.861,2515.089,2696.0602000000003,0.2129465613766964,2474.922583324113,2264.799416675887,33.19510571733802,-59.797339877796276,-61.274487090310174,1.4771472125138985,71.57642857142868,-0.0153133646606188,2323.89,0.008577069693499,2360.03,0.0007398758890271,2339.96,-0.0079931855726872,2305.9,-0.0211951245820301,2359.37,2326.994,32.885661465076154,0.24445521966518624,2360.03,2272.86,2326.853,25.119206484932278,0.19110301065974825,2360.03,2272.86,2369.861,52.53079166205639,0.21294656137669557,2447.15,2272.86,2515.089,142.13870330254204,0.21439340003045063,2768.49,2272.86,4,2,1,0.9590689074165283,0.9036896905036349,0.04243112202245524,0.008868648130389168,2277.38,0.0019886838608624835
2023-02-20,GOOGL,2274.8,2331.91,2222.85,2277.38,1507872,2277.38,0.0019886838608624,2362.1215,2505.6084,2694.0159000000003,0.1958770231226803,2470.6063027729,2253.6366972271003,34.05313506945937,-60.58412955283029,-61.1364155828142,0.552286029983911,73.96214285714294,-0.0219588706866502,2272.86,-0.0153133646606188,2323.89,0.008577069693499,2360.03,0.0140205559651329,2338.23,-0.0028566947956445,2352.63,2314.824,38.47279467358175,0.2038973197373599,2360.03,2272.86,2319.3280000000004,27.67999389830698,0.19321185113127337,2360.03,2272.86,2362.1215,54.24240138644988,0.19587702312267938,2447.15,2272.86,2505.6084,141.86304135858492,0.21351219574667288,2768.49,2272.86,0,2,1,0.9641248343910488,0.9089129809746372,0.047888362943361254,0.0011341656409349361,2266.41,-0.004816938762964518
2023-02-21,GOOGL,2252.19,2283.9,2248.92,2266.41,866373,2266.41,-0.0048169387629645,2353.0845,2496.2672,2691.76395,0.1927638722532056,2461.8575830628192,2244.3114169371806,37.40766550376662,-61.38524249420607,-61.186180965092575,-0.19906152911349295,71.62642857142863,0.0019886838608624,2277.38,-0.0219588706866502,2272.86,-0.0153133646606188,2323.89,0.0007398758890271,2339.96,-0.0162711518598335,2314.35,2300.114,40.46850664400118,0.1974239055884547,2360.03,2266.41,2314.534,32.38886715437212,0.17955222080950486,2360.03,2266.41,2353.0845,54.386541531409705,0.19276387225320474,2441.38,2266.41,2496.2672000000002,141.93006812122385,0.21343012256600077,2768.49,2266.41,1,2,1,0.9631655811761273,0.9079196329620051,0.015434100626093508,0.0063138545149359,2289.86,0.010346759853689491
2023-02-22,GOOGL,2289.19,2324.1,2255.62,2289.86,1507595,2289.86,0.0103467598536894,2345.936,2486.9846,2689.387,0.1989089079456178,2451.3834113682,2240.4885886318,31.6438356150898,-59.44269288993701,-60.83748335006147,1.3947904601244616,71.28500000000008,-0.0048169387629645,2266.41,0.0019886838608624,2277.38,-0.0219588706866502,2272.86,0.008577069693499,2360.03,0.009441095772031,2336.2,2286.08,22.810369352457762,0.2060397756134623,2323.89,2266.41,2309.9,32.2593648761124,0.18122254991116057,2360.03,2266.41,2345.936,52.72370568409996,0.1989089079456169,2441.38,2266.41,2486.9846,139.89337229868767,0.21428718594909618,2768.49,2266.41,2,2,1,0.9760965346024034,0.9207375067779188,0.02990575843063336,0.00029267994356072674,2287.56,-0.0010044282183191422
2023-02-23,GOOGL,2302.67,2308.8,2266.32,2287.56,1786194,2287.56,-0.0010044282183191,2338.245,2477.8712,2686.8409,0.1976038835053217,2436.5797283519105,2239.9102716480893,37.1634907564253,-57.42681849468454,-60.155350378986086,2.728531884301546,66.69857142857151,0.0103467598536894,2289.86,-0.0048169387629645,2266.41,0.0019886838608624,2277.38,-0.0153133646606188,2323.89,-0.0050166937762177,2324.48,2278.814,9.87259236449769,0.18945042125572492,2289.86,2266.41,2306.2079999999996,32.51698728680276,0.18043442865074574,2360.03,2266.41,2338.245,49.16736417595532,0.19760388350532085,2441.34,2266.41,2477.8712,137.68445054172494,0.21436449837146454,2768.49,2266.41,3,2,1,0.9783234862039785,0.923195685069941,0.01857000472117953,-0.006561947652070668,2295.7,0.003558376610886649
2023-02-24,GOOGL,2316.39,2316.39,2281.47,2295.7,1955296,2295.7,0.0035583766108866,2330.963,2468.4154,2684.2704500000004,0.1987657219449454,2418.083137040405,2243.842862959594,39.87407064651472,-54.54364831612838,-59.03300996641455,4.489361650286163,64.59714285714293,-0.0010044282183191,2287.56,0.0103467598536894,2289.86,-0.0048169387629645,2266.41,-0.0219588706866502,2272.86,-0.0079931855726872,2305.9,2283.382,11.56747682061823,0.0896569869566358,2295.7,2266.41,2305.188,32.687254328612674,0.17817307871143276,2360.03,2266.41,2330.9629999999997,43.560068520202584,0.19876572194494452,2410.46,2266.41,2468.4154,133.48926729324273,0.21300795374932047,2743.55,2266.41,4,2,1,0.9848719177434454,0.9300298482982524,0.015211046739549969,-0.00893200195130834,2237.45,-0.025373524415211013
2023-02-27,GOOGL,2243.46,2263.2,2211.7,2237.45,2685167,2237.45,-0.025373524415211,2322.6275,2459.4422,2681.62755,0.20999099672058,2412.128315609587,2233.126684390413,37.22930782343162,-56.30989791052298,-58.48838755523624,2.1784896447132596,65.67357142857148,0.0035583766108866,2295.7,-0.0010044282183191,2287.56,0.0103467598536894,2289.86,0.0019886838608624,2277.38,0.0140205559651329,2338.23,2275.3959999999997,23.92733645844308,0.2141526234069461,2295.7,2237.45,2295.11,36.6622897385933,0.19766388518305128,2360.03,2237.45,2322.6275,44.7504078047935,0.20999099672057925,2410.46,2237.45,2459.4422,133.63657699666163,0.21045740258854204,2743.55,2237.45,0,2,1,0.963327093991196,0.9097388017490674,0.02301727412902053,-0.0026788977739730323,2306.71,0.0309548816733336
2023-02-28,GOOGL,2299.97,2324.88,2288.55,2306.71,1323078,2306.71,0.0309548816733336,2317.8095000000003,2452.2112,2679.32785,0.2430368389026846,2399.072542023985,2236.5464579760155,45.76888863198155,-51.52698921199453,-57.0961078865879,5.569118674593369,69.40428571428576,-0.025373524415211,2237.45,0.0035583766108866,2295.7,-0.0010044282183191,2287.56,-0.0048169387629645,2266.41,0.0007398758890271,2339.96,2283.456,26.76317488631608,0.3228452499677752,2306.71,2237.45,2291.785,33.51549003386103,0.26579750883551556,2360.03,2237.45,2317.8095000000003,40.631521011992405,0.24303683890268393,2410.46,2237.45,2452.2111999999997,131.8770209538808,0.22411004918686053,2743.55,2237.45,1,2,1,0.995211211274699,0.9406653064789278,0.015749704124048615,0.0029304730061684744,2301.29,-0.002349666841518938
2023-03-01,GOOGL,2306.04,2345.47,2257.1,2301.29,1338950,2301.29,-0.0023496668415189,2315.036,2443.366,2677.1148,0.2342908693495014,2394.4673949335984,2235.6046050664017,46.61153160334153,-47.62485858822447,-55.20185802691522,7.576999438690748,70.74928571428576,0.0309548816733336,2306.71,-0.025373524415211,2237.45,0.0035583766108866,2295.7,0.0103467598536894,2289.86,0.008577069693499,2360.03,2285.7419999999997,27.91048853021993,0.3189272754450133,2306.71,2237.45,2285.911,24.03127335112308,0.2600206750476606,2323.89,2237.45,2315.036,39.71569746679908,0.23429086934950075,2410.46,2237.45,2443.366,126.66627518556196,0.21255450828463177,2710.82,2237.45,2,3,1,0.9940622953591244,0.9418523463120376,0.03840020162602779,-0.002059808155972117,2327.75,0.011497899004471401
2023-03-02,GOOGL,2319.0,2364.23,2291.26,2327.75,652497,2327.75,0.0114978990044714,2310.9005,2435.7046,2675.10565,0.2221480236383187,2376.8881458855626,2244.912854114438,53.120804408422025,-41.91413107856715,-52.5443126372456,10.630181558678451,70.66357142857146,-0.0023496668415189,2301.29,0.0309548816733336,2306.71,-0.025373524415211,2237.45,-0.0010044282183191,2287.56,-0.0153133646606188,2323.89,2293.7799999999997,33.74278145019366,0.3258641666315948,2327.75,2237.45,2286.297,24.729933301540232,0.257550583178198,2327.75,2237.45,2310.9005,32.99382294278124,0.22214802363831798,2360.03,2237.45,2435.7046,121.64463827584831,0.21423207840883135,2685.49,2237.45,3,3,1,1.0072913134940222,0.9556782870956702,0.03134786811297109,0.00377317809400441,2297.44,-0.013021157770379044
2023-03-03,GOOGL,2316.27,2316.27,2279.34,2297.44,970209,2297.44,-0.013021157770379,2307.804,2427.9436,2673.0228,0.2143688093879184,2369.913209555619,2245.6947904443814,44.14020973820441,-39.380152191188245,-49.911480548034135,10.53132835684589,68.71785714285716,0.0114978990044714,2327.75,-0.0023496668415189,2301.29,0.0309548816733336,2306.71,0.0035583766108866,2295.7,-0.0219588706866502,2272.86,2294.1279999999997,33.77648916029512,0.3467689736382219,2327.75,2237.45,2288.755,24.46612681032025,0.23919106690793085,2327.75,2237.45,2307.804,31.054604777809253,0.2143688093879177,2360.03,2237.45,2427.9436,117.69783003494739,0.2149540811254789,2667.03,2237.45,4,3,1,0.9955091506900086,0.9462493280317771,0.016074413259969254,-0.008129449502860979,2309.42,0.005214499616964963
2023-03-06,GOOGL,2326.53,2326.53,2297.44,2309.42,1110809,2309.42,0.0052144996169649,2305.6435,2420.7914,2671.2073,0.215474385136186,2364.0851345014644,2247.201865498536,45.73820820362732,-35.99039491827125,-47.12726342208156,11.136868503810312,64.39785714285715,-0.013021157770379,2297.44,0.0114978990044714,2327.75,-0.0023496668415189,2301.29,-0.025373524415211,2237.45,0.0019886838608624,2277.38,2308.522,11.714502550066875,0.261334210648463,2327.75,2297.44,2291.959,24.904969807223722,0.24004379892111302,2327.75,2237.45,2305.6435,29.220817250732097,0.21547438513618528,2360.03,2237.45,2420.7914,113.66923186820041,0.21555359936898752,2616.41,2237.45,0,3,1,1.0016379375211295,0.9539938054964364,0.01259623628442966,-0.007354300180953081,2262.39,-0.020364420503849567
2023-03-07,GOOGL,2265.03,2310.27,2214.51,2262.39,1826587,2262.39,-0.0203644205038495,2303.0455,2413.711,2669.5651500000004,0.2198088679580523,2364.4043874791296,2241.6866125208708,37.32803820660698,-36.676136144124484,-45.037037966490146,8.360901822365662,68.19142857142856,0.0052144996169649,2309.42,-0.013021157770379,2297.44,0.0114978990044714,2327.75,0.0309548816733336,2306.71,-0.0048169387629645,2266.41,2299.658,23.87961410901617,0.20649068636372428,2327.75,2262.39,2291.557,25.39089077665555,0.26308355669136635,2327.75,2237.45,2303.0455,30.679443739564768,0.21980886795805152,2360.03,2237.45,2413.7110000000002,112.25261081003818,0.21611026482893841,2604.51,2237.45,1,3,1,0.9823470704330494,0.9373077389957053,0.04232691976182596,-0.0011655474761919982,2279.43,0.007531857902483674
2023-03-08,GOOGL,2271.45,2298.86,2260.0,2279.43,939808,2279.43,0.0075318579024836,2300.207,2408.7744,2668.1424500000007,0.2187026943364193,2360.3483535286286,2240.065646471371,43.92888354649607,-35.436119883535866,-43.11685434989929,7.680734466363425,66.71857142857142,-0.0203644205038495,2262.39,0.0052144996169649,2309.42,-0.013021157770379,2297.44,-0.0023496668415189,2301.29,0.0103467598536894,2289.86,2295.286,25.455257413656728,0.22219618901876112,2327.75,2262.39,2290.514,25.68090912177611,0.260332678268036,2327.75,2237.45,2300.207,30.07067676431435,0.21870269433641842,2360.03,2237.45,2408.7744000000002,112.62882797243944,0.20475124727556288,2604.51,2237.45,2,3,1,0.9909673346785784,0.9463028169010156,0.01704812167953527,0.003513174404013518,2267.11,-0.0054048599869264136
2023-03-09,GOOGL,2257.74,2305.93,2228.28,2267.11,1650135,2267.11,-0.0054048599869264,2297.3385000000003,2403.7638,2666.6149,0.2187982934235439,2358.0749166407672,2236.6020833592333,49.1220033571913,-35.04355876901718,-41.50219523372287,6.458636464705691,65.17571428571425,0.0075318579024836,2279.43,-0.0203644205038495,2262.39,0.0052144996169649,2309.42,0.0114978990044714,2327.75,-0.0010044282183191,2287.56,2283.1580000000004,19.977576679755874,0.18812024328860255,2309.42,2262.39,2288.469,26.73487670085234,0.2615834367570497,2327.75,2237.45,2297.3385000000003,30.36820832038349,0.2187982934235431,2360.03,2237.45,2403.7637999999997,113.25780320711878,0.20487213817756145,2604.51,2237.45,3,3,1,0.9868419477578132,0.9431500715665394,0.034250653916204056,0.004150167866980341,2268.78,0.0007366206315528867
2023-03-10,GOOGL,2247.61,2295.41,2242.15,2268.78,1199221,2268.78,0.0007366206315528,2295.4825,2398.6632,2665.3668,0.2173711738926976,2357.374982963713,2233.590017036287,48.67529266579961,-34.203420473949336,-40.042440281768165,5.839019807818829,61.189999999999955,-0.0054048599869264,2267.11,0.0075318579024836,2279.43,-0.0203644205038495,2262.39,-0.013021157770379,2297.44,0.0035583766108866,2295.7,2277.4260000000004,18.939947993474576,0.1771615682930686,2309.42,2262.39,2285.777,27.275718566535367,0.26065627737930974,2327.75,2237.45,2295.4825,30.946241481856532,0.21737117389269672,2360.03,2237.45,2398.6632,113.48360481133767,0.20471617793696903,2604.51,2237.45,4,3,1,0.9883673693870512,0.9458518394741932,0.023475171678160194,0.009418893847238022,2294.88,0.011503980112659518
2023-03-13,GOOGL,2309.38,2333.23,2256.54,2294.88,1117902,2294.88,0.0115039801126595,2293.315,2394.1132,2664.2426,0.2152809280700779,2351.8493452939592,2234.78065470604,54.19009212975406,-31.07335861343836,-38.24862394810221,7.175265334663848,64.16928571428568,0.0007366206315528,2268.78,-0.0054048599869264,2267.11,0.0075318579024836,2279.43,0.0052144996169649,2309.42,-0.025373524415211,2237.45,2274.518,12.977194226623874,0.19864439864856176,2294.88,2262.39,2291.5199999999995,21.378152398830064,0.22802858487807398,2327.75,2262.39,2293.3149999999996,29.26717264697989,0.2152809280700771,2360.03,2237.45,2394.1132000000002,112.98165649269335,0.2069463604834679,2604.51,2237.45,0,3,1,1.0006824182456397,0.958551166251889,0.0334178693439163,-0.006278741480394617,2250.68,-0.019260266332008724
2023-03-14,GOOGL,2248.45,2276.15,2225.22,2250.68,1325618,2250.68,-0.0192602663320087,2288.851,2388.7824,2662.50495,0.2248190840563632,2346.0086246794126,2231.6933753205867,44.56557922596557,-31.792844522001815,-36.95746806288213,5.164623540880314,64.2535714285714,0.0115039801126595,2294.88,0.0007366206315528,2268.78,-0.0054048599869264,2267.11,-0.0203644205038495,2262.39,0.0309548816733336,2306.71,2272.1760000000004,16.335293997829393,0.19197586915147663,2294.88,2250.68,2285.917,24.121134140204436,0.1894448124843313,2327.75,2250.68,2288.8509999999997,28.578812339706467,0.22481908405636236,2360.03,2237.45,2388.7824,113.34206918518755,0.21062508397511606,2604.51,2237.45,1,3,1,0.9833230734543299,0.9421871159127168,0.022628716654512267,0.0009917943472165388,2226.77,-0.010623456022179845
2023-03-15,GOOGL,2218.99,2241.78,2211.77,2226.77,1026196,2226.77,-0.0106234560221798,2282.188,2382.925,2660.42975,0.2233363615841707,2335.337067269562,2229.0389327304383,42.04506791439549,-33.90158311677942,-36.34629107366159,2.4447079568821692,63.998571428571395,-0.0192602663320087,2250.68,0.0115039801126595,2294.88,0.0007366206315528,2268.78,0.0075318579024836,2279.43,-0.0023496668415189,2301.29,2261.6440000000002,25.108945218696988,0.18438882651352143,2294.88,2226.77,2278.4649999999997,29.708168442527935,0.19389433026202108,2327.75,2226.77,2282.188,26.574533634780828,0.22333636158416986,2327.75,2226.77,2382.925,114.00712985668646,0.21134957015003866,2604.51,2226.77,2,3,1,0.9757171626522548,0.9344691922738086,0.013476919484269476,0.0035060996218985643,2243.74,0.007620903820331648
2023-03-16,GOOGL,2242.44,2264.96,2222.51,2243.74,1010764,2243.74,0.0076209038203316,2278.1805,2376.5616,2658.08375,0.2211303311640226,2330.164104085613,2226.196895914387,43.3541389527091,-33.81365371819447,-35.83976360256817,2.026109884373696,64.53642857142852,-0.0106234560221798,2226.77,-0.0192602663320087,2250.68,0.0115039801126595,2294.88,-0.0054048599869264,2267.11,0.0114978990044714,2327.75,2256.97,25.996544000992316,0.20308966046138552,2294.88,2226.77,2270.064,25.850475688477808,0.18649021029265686,2309.42,2226.77,2278.1805,25.99180204280654,0.22113033116402173,2327.75,2226.77,2376.5616,112.68484571816502,0.2080554122556663,2604.51,2226.77,3,3,1,0.9848824533433654,0.944111863121518,0.018919304375721296,0.0005797256559814967,2320.97,0.03442020911513821
2023-03-17,GOOGL,2335.77,2341.31,2300.64,2320.97,606777,2320.97,0.0344202091151382,2280.586,2371.8848000000003,2656.035,0.2420602515369077,2335.880059222566,2225.2919407774343,60.18785069323583,-27.198624659836696,-34.11153581402188,6.912911154185181,65.50571428571425,0.0076209038203316,2243.74,-0.0106234560221798,2226.77,-0.0192602663320087,2250.68,0.0007366206315528,2268.78,-0.013021157770379,2297.44,2267.4080000000004,39.09937940678232,0.331755767312363,2320.97,2226.77,2272.417,29.44077521980095,0.2578450802437342,2320.97,2226.77,2280.5860000000002,27.647029611283067,0.24206025153690702,2327.75,2226.77,2371.8848000000003,109.95547886116377,0.2240072907714031,2604.51,2226.77,4,3,1,1.0177077295041634,0.978534033355676,0.017522846051427874,-0.00633624029762941,2316.48,-0.001934535991417241
2023-03-20,GOOGL,2299.09,2347.89,2285.07,2316.48,1086693,2316.48,-0.0019345359914172,2282.541,2367.5716,2653.7026,0.2422821311564612,2340.077198180781,2225.004801819219,51.41540868449622,-22.06413038722212,-31.702054728661928,9.637924341439806,63.747857142857065,0.0344202091151382,2320.97,0.0076209038203316,2243.74,-0.0106234560221798,2226.77,0.0115039801126595,2294.88,0.0052144996169649,2309.42,2271.728,43.80377917480986,0.3281731261582798,2320.97,2226.77,2273.1230000000005,30.49257616368963,0.25717662641311106,2320.97,2226.77,2282.541,28.768099090390372,0.2422821311564605,2327.75,2226.77,2367.5716,107.74856760938171,0.2234246100729183,2604.51,2226.77,0,3,1,1.0148689552559997,0.9784202513660079,0.027118731869030854,0.0075638622237460505,2339.13,0.009777766266058974
2023-03-21,GOOGL,2355.86,2381.62,2296.64,2339.13,990380,2339.13,0.0097777662660589,2286.177,2363.925,2651.63995,0.2432023024456614,2348.419586234009,2223.9344137659914,55.22132685513552,-15.983097776059367,-28.55826333814142,12.575165562082052,63.50571428571421,-0.0019345359914172,2316.48,0.0344202091151382,2320.97,0.0076209038203316,2243.74,-0.0192602663320087,2250.68,-0.0203644205038495,2262.39,2289.418,50.52329927860494,0.2687848212733359,2339.13,2226.77,2280.7969999999996,36.546771874296745,0.23226622067138786,2339.13,2226.77,2286.177,31.121293117004274,0.24320230244566066,2339.13,2226.77,2363.925,105.49594611128087,0.2248125841196736,2604.51,2226.77,1,3,1,1.023162248591853,0.989511088549345,0.03632974652967714,-0.007101440662854718,2335.77,-0.0014364314937606038
2023-03-22,GOOGL,2354.34,2359.77,2311.76,2335.77,976216,2335.77,-0.0014364314937606,2288.4725,2359.7276,2649.6979,0.2412289802554793,2354.554868976293,2222.3901310237065,51.18198431669944,-11.304646610321925,-25.10753999257752,13.802893382255597,61.72285714285707,0.0097777662660589,2339.13,-0.0019345359914172,2316.48,0.0344202091151382,2320.97,-0.0106234560221798,2226.77,0.0075318579024836,2279.43,2311.218,38.916420313223135,0.23476022529319146,2339.13,2243.74,2286.431,40.447141486537575,0.2322020940808078,2339.13,2226.77,2288.4725,33.041184488146726,0.2412289802554785,2339.13,2226.77,2359.7276,102.24338630492394,0.22339845762194344,2604.51,2226.77,2,3,1,1.020667716128981,0.9898473027136734,0.020554249776296128,-0.00788756084507432,2410.15,0.03184388873904531
2023-03-23,GOOGL,2431.68,2431.68,2397.51,2410.15,1417749,2410.15,0.0318438887390453,2294.602,2355.8404,2648.70825,0.2644831957259244,2380.190788641374,2209.013211358625,64.7014321840038,-1.57691824274616,-20.40141564261125,18.82449739986509,65.11571428571422,-0.0014364314937606,2335.77,0.0097777662660589,2339.13,-0.0019345359914172,2316.48,0.0076209038203316,2243.74,-0.0054048599869264,2267.11,2344.5,37.92675045393915,0.27994804669108986,2410.15,2316.48,2300.735,55.388313097309435,0.2689045030191975,2410.15,2226.77,2294.602,42.794394320687054,0.26448319572592377,2410.15,2226.77,2355.8404,96.26708923209588,0.2291487405868456,2598.69,2226.77,3,3,1,1.0503564452567156,1.023053174569456,0.014177540816955558,-0.008853961047502506,2344.34,-0.027305354438520446
2023-03-24,GOOGL,2339.53,2380.39,2308.29,2344.34,1561699,2344.34,-0.0273053544385204,2297.034,2351.1438,2647.1361,0.285109671521699,2385.4709702166338,2208.5970297833665,53.99396101940728,0.8126913699443321,-16.158594240100136,16.97128561004447,70.31357142857135,0.0318438887390453,2410.15,-0.0014364314937606,2335.77,0.0097777662660589,2339.13,0.0344202091151382,2320.97,0.0007366206315528,2268.78,2349.174,35.675225717511026,0.3401987079491551,2410.15,2316.48,2308.291,55.69772555688573,0.31750117759672364,2410.15,2226.77,2297.034,44.21848510831684,0.28510967152169836,2410.15,2226.77,2351.1438,90.71749346159731,0.23571848042722046,2598.69,2226.77,4,3,1,1.020594383887648,0.9971061744496459,0.030754924626960743,0.002055968506493992,2348.53,0.0017872834145218341
2023-03-27,GOOGL,2335.25,2388.73,2308.34,2348.53,1316793,2348.53,0.0017872834145218,2302.588,2346.4352,2645.2495,0.2672752038883005,2389.202525000705,2215.973474999296,60.92260093108923,3.009876207580419,-12.324900150564027,15.334776358144445,69.21571428571421,-0.0273053544385204,2344.34,0.0318438887390453,2410.15,-0.0014364314937606,2335.77,-0.0019345359914172,2316.48,0.0115039801126595,2294.88,2355.584,30.89078956574832,0.3383778041191533,2410.15,2335.77,2313.656,56.83467216398839,0.3143399259053793,2410.15,2226.77,2302.588,43.307262500352145,0.2672752038882998,2410.15,2226.77,2346.4352,84.26736127638927,0.23571295561226996,2598.69,2226.77,0,3,1,1.0199523318974042,1.0008927585125724,0.03422992254728091,0.005686757306495884,2288.86,-0.025407382490323815
2023-03-28,GOOGL,2283.08,2344.38,2233.34,2288.86,1786909,2288.86,-0.0254073824903238,2301.6955000000003,2340.2386,2643.181,0.2626956983281198,2388.4988430052504,2214.89215699475,51.07907083026641,-0.06298326387423003,-9.872516773226067,9.809533509351837,74.66785714285707,0.0017872834145218,2348.53,-0.0273053544385204,2344.34,0.0318438887390453,2410.15,0.0097777662660589,2339.13,-0.0192602663320087,2250.68,2345.53,43.28078961843663,0.38282016712345207,2410.15,2288.86,2317.474,53.3069866589246,0.3274885608992897,2410.15,2226.77,2301.6955000000003,43.401671502625106,0.2626956983281191,2410.15,2226.77,2340.2385999999997,76.3599087567722,0.24090992744942719,2559.97,2226.77,1,3,1,0.9944234587064211,0.9780455719339993,0.04851323366215122,0.0025316677470774867,2199.48,-0.039050007427278266
2023-03-29,GOOGL,2192.13,2236.41,2162.55,2199.48,1510659,2199.48,-0.0390500074272782,2296.605,2333.0594,2640.7167,0.2966746265697776,2394.713400735013,2198.496599264987,43.421334214104974,-9.599804977818621,-9.81797441414458,0.2181694363259581,78.14357142857138,-0.0254073824903238,2288.86,0.0017872834145218,2348.53,-0.0273053544385204,2344.34,-0.0014364314937606,2335.77,-0.0106234560221798,2226.77,2318.272,79.07790317146396,0.45300740741045364,2410.15,2199.48,2314.745,58.874260976623795,0.3840665155474444,2410.15,2199.48,2296.605,49.054200367506645,0.2966746265697768,2410.15,2199.48,2333.0594,72.18669594223557,0.25298591676593435,2559.97,2199.48,2,3,1,0.9577093144006228,0.9427449639726521,0.03358066452068948,0.0033529033405849816,2210.57,0.005042100860203291
2023-03-30,GOOGL,2196.26,2242.46,2178.69,2210.57,1066411,2210.57,0.0050421008602032,2290.746,2326.0714000000003,2638.46565,0.293621245462975,2394.836476312641,2186.6555236873587,44.439562117910405,-16.077601990421044,-11.069899929399874,-5.00770206102117,78.89428571428569,-0.0390500074272782,2199.48,-0.0254073824903238,2288.86,0.0017872834145218,2348.53,0.0318438887390453,2410.15,0.0076209038203316,2243.74,2278.3559999999998,71.07210725731659,0.3076034174534083,2348.53,2199.48,2311.428,64.02803479717292,0.3826673125468464,2410.15,2199.48,2290.746,52.045238156320764,0.2936212454629741,2410.15,2199.48,2326.0714000000003,66.4567774221892,0.25349763341190307,2501.32,2199.48,3,3,1,0.9650000480188703,0.9503448604368075,0.0288477632465704,0.0065156220119628044,2216.12,0.002510664670198004
2023-03-31,GOOGL,2220.87,2252.61,2179.62,2216.12,997183,2216.12,0.002510664670198,2286.68,2320.3674,2636.157,0.2913483523093184,2395.8963594842485,2177.463640515751,42.16910594855556,-20.526843501828353,-12.96128864388557,-7.565554857942782,78.62999999999998,0.0050421008602032,2210.57,-0.0390500074272782,2199.48,-0.0254073824903238,2288.86,-0.0273053544385204,2344.34,0.0344202091151382,2320.97,2252.712,64.10213623581969,0.31726927701042146,2348.53,2199.48,2300.943,70.54511244578042,0.3292347352506354,2410.15,2199.48,2286.68,54.608179742124406,0.29134835230931755,2410.15,2199.48,2320.3674,63.271220165733254,0.24952179501835284,2447.15,2199.48,4,3,1,0.9691430370664155,0.9550728906116526,0.032935942096983604,-0.0021388014606878664,2206.64,-0.004277746692417428
2023-04-03,GOOGL,2205.61,2258.62,2154.65,2206.64,1359953,2206.64,-0.0042777466924174,2281.541,2315.8568,2633.55405,0.2903330352475833,2395.807650455683,2167.2743495443174,45.29647983459896,-24.535031654619615,-15.27603724603238,-9.258994408587235,81.08071428571422,0.002510664670198,2216.12,0.0050421008602032,2210.57,-0.0390500074272782,2199.48,0.0017872834145218,2348.53,-0.0019345359914172,2316.48,2224.334,36.57636231223204,0.30450589585641114,2288.86,2199.48,2289.959,76.18303317222896,0.3289499964374379,2410.15,2199.48,2281.541,57.13332522784137,0.2903330352475824,2410.15,2199.48,2315.8568,63.17709838996185,0.24273574821995655,2447.15,2199.48,0,4,2,0.9671708726685309,0.9528395710818764,0.047116883587695634,0.0004669909911540473,2203.49,-0.001427509698002427
2023-04-04,GOOGL,2219.61,2251.02,2155.97,2203.49,1509575,2203.49,-0.0014275096980024,2278.596,2310.9836,2631.30675,0.2822131742077868,2397.8673469629703,2159.3246530370297,47.39830129489587,-27.647030558890492,-17.750235908604004,-9.896794650286488,85.09071428571426,-0.0042777466924174,2206.64,0.002510664670198,2216.12,0.0050421008602032,2210.57,-0.0254073824903238,2288.86,0.0097777662660589,2339.13,2207.2599999999998,6.414464123815101,0.28619948368289394,2216.12,2199.48,2276.395,78.49555588969223,0.319871621640548,2410.15,2199.48,2278.596,59.63567348148514,0.28221317420778597,2410.15,2199.48,2310.9836,62.23342033970926,0.24204820874486865,2441.38,2199.48,1,4,2,0.9670384745690034,0.9534857798207855,0.04313611588886587,-0.007262537112372481,2316.11,0.05110983031463734
2023-04-05,GOOGL,2294.43,2342.65,2289.57,2316.11,2098996,2316.11,0.0511098303146373,2280.43,2308.6492000000003,2629.5317,0.3370881835850758,2400.877578464409,2159.98242153559,56.66329067158959,-20.786208839343544,-18.357430494751913,-2.428778344591631,91.99857142857142,-0.0014275096980024,2203.49,-0.0042777466924174,2206.64,0.002510664670198,2216.12,-0.0390500074272782,2199.48,-0.0014364314937606,2335.77,2230.5860000000002,48.04129504911013,0.364023434045429,2316.11,2203.49,2274.429,77.07659227452898,0.42971591305573187,2410.15,2199.48,2280.43,60.22378923220491,0.33708818358507514,2410.15,2199.48,2308.6492000000003,59.707483441642474,0.2695786109262754,2441.38,2199.48,2,4,2,1.015646171993433,1.0032316733087887,0.02291773706774592,0.009448969896658797,2307.19,-0.003851285128944726
2023-04-06,GOOGL,2313.83,2329.67,2284.7,2307.19,1932454,2307.19,-0.0038512851289447,2282.434,2305.9654,2627.76745,0.3367409115589815,2403.281486205344,2161.5865137946566,48.54867927564632,-15.88560824608794,-17.86306604501912,1.9774577989311801,88.24142857142859,0.0511098303146373,2316.11,-0.0014275096980024,2203.49,-0.0042777466924174,2206.64,0.0050421008602032,2210.57,0.0318438887390453,2410.15,2249.9100000000003,56.639897157353666,0.3777800268880317,2316.11,2203.49,2264.133,62.41458769113021,0.3899695399096847,2348.53,2199.48,2282.434,60.42374310267167,0.33674091155898084,2410.15,2199.48,2305.9654,56.5520746550568,0.2694735677895202,2441.34,2199.48,3,4,2,1.0108463158185468,1.0005310574039834,0.019491242593796247,-0.002869700885543451,2326.73,0.008469176790814714
2023-04-07,GOOGL,2338.97,2350.58,2302.87,2326.73,966312,2326.73,0.0084691767908147,2285.3315,2303.6732,2626.0731,0.3377507288030799,2407.571419102356,2163.091580897644,51.046366808806525,-10.306327345433601,-16.35171830510202,6.045390959668417,87.16214285714288,-0.0038512851289447,2307.19,0.0511098303146373,2316.11,-0.0014275096980024,2203.49,0.002510664670198,2216.12,-0.0273053544385204,2344.34,2272.032,61.53240138329996,0.3738658589866789,2326.73,2203.49,2262.3720000000003,60.10586693482658,0.3712310223308492,2348.53,2199.48,2285.3315,61.11995955117813,0.33775072880307916,2410.15,2199.48,2303.6732,53.1748938549478,0.27030323629364167,2410.46,2199.48,4,4,2,1.0181148774254336,1.0100087113046199,0.020505172495295772,-0.005233072677287246,2303.31,-0.01006562858604143
2023-04-10,GOOGL,2315.26,2338.06,2268.55,2303.31,1152022,2303.31,-0.0100656285860414,2285.753,2301.6562,2624.1598,0.3379346303577528,2408.1895262151143,2163.316473784886,46.34907044877509,-7.685906954944585,-14.618556035070533,6.932649080125948,86.05714285714286,0.0084691767908147,2326.73,-0.0038512851289447,2307.19,0.0511098303146373,2316.11,-0.0042777466924174,2206.64,0.0017872834145218,2348.53,2291.366,49.945288866873874,0.3897174781220588,2326.73,2203.49,2257.85,54.32686178216165,0.3739362867843628,2326.73,2199.48,2285.753,61.21826310755696,0.33793463035775206,2410.15,2199.48,2301.6562,51.16001666994071,0.2691336057485613,2410.46,2199.48,0,4,2,1.0076810574016493,1.00071852607657,0.030178308608033475,-0.005161407358134771,2314.84,0.00500583942239663
2023-04-11,GOOGL,2332.72,2360.86,2268.82,2314.84,1569455,2314.84,0.0050058394223966,2288.961,2299.8916,2622.34085,0.3300999585462936,2410.8893240529496,2167.032675947051,47.90167024107109,-4.6255102734508,-12.619946882746587,7.9944366092957875,89.20214285714289,-0.0100656285860414,2303.31,0.0084691767908147,2326.73,-0.0038512851289447,2307.19,-0.0014275096980024,2203.49,-0.0254073824903238,2288.86,2313.636,9.04433966607766,0.3816244180924744,2326.73,2303.31,2260.448,56.55028751266269,0.3503591685454359,2326.73,2199.48,2288.9610000000002,60.964162026474746,0.3300999585462929,2410.15,2199.48,2299.8916,49.06958430132988,0.26943993704930996,2410.46,2199.48,1,4,2,1.0113060030288803,1.0064996106768658,0.03976084740196307,-0.007664871909184125,2306.66,-0.0035337215531096033
2023-04-12,GOOGL,2317.23,2341.41,2271.91,2306.66,1839549,2306.66,-0.0035337215531096,2292.9555,2298.8896,2620.49955,0.327564582551601,2411.4925166436715,2174.4184833563286,38.03666797555658,-2.827586830418113,-10.661474872280893,7.83388804186278,87.31571428571432,0.0050058394223966,2314.84,-0.0100656285860414,2303.31,0.0084691767908147,2326.73,0.0511098303146373,2316.11,-0.0390500074272782,2199.48,2311.746,9.37928195521345,0.11833184914734836,2326.73,2303.31,2271.166,53.80118941259072,0.2723854019372145,2326.73,2203.49,2292.9555,59.26850832183573,0.3275645825516003,2410.15,2199.48,2298.8896,48.391468549768824,0.2661296389022212,2410.46,2199.48,2,4,2,1.0059767841107226,1.0033800666195525,0.030130144884798746,-0.004561480733460037,2292.18,-0.006277474790389537
2023-04-13,GOOGL,2311.8,2311.8,2277.62,2292.18,1747016,2292.18,-0.0062774747903895,2295.3775,2296.524,2618.6279,0.328096358235569,2411.638078262539,2179.1169217374613,43.1584470078588,-2.5418338556150957,-9.037546668947734,6.495712813332638,82.48142857142862,-0.0035337215531096,2306.66,0.0050058394223966,2314.84,-0.0100656285860414,2303.31,-0.0038512851289447,2307.19,0.0050421008602032,2210.57,2308.7439999999997,12.931501459436415,0.1234235354216071,2326.73,2292.18,2279.327,49.61496818264802,0.27808545023492176,2326.73,2203.49,2295.3775,58.13028913126938,0.3280963582355683,2410.15,2199.48,2296.524,45.638830271672134,0.2611192145519561,2410.15,2199.48,3,4,2,0.9986069829468143,0.9981084456330532,0.014911568899469232,-0.008486893329869304,2360.51,0.02981004982156743
2023-04-14,GOOGL,2352.61,2406.48,2314.55,2360.51,1169727,2360.51,0.0298100498215674,2297.3545,2296.5468,2616.88565,0.3222748148536058,2416.749973506031,2177.959026493969,51.34503974329987,3.161839658610461,-6.597669403436095,9.759509062046556,84.9035714285715,-0.0062774747903895,2292.18,-0.0035337215531096,2306.66,0.0050058394223966,2314.84,0.0084691767908147,2326.73,0.002510664670198,2216.12,2315.5,26.442861985711545,0.2537778693776994,2360.51,2292.18,2293.7660000000005,50.18356641138055,0.3069080291364177,2360.51,2203.49,2297.3545,59.69773675301549,0.32227481485360504,2410.15,2199.48,2296.5468,45.67114059692007,0.2657703665535902,2410.15,2199.48,4,4,2,1.0274905331323367,1.0278519035618923,0.03894497375565487,0.0033579726346469377,2406.05,0.019292441040283714
2023-04-17,GOOGL,2406.2,2456.86,2355.24,2406.05,726666,2406.05,0.0192924410402837,2301.833,2297.6152,2615.2763,0.3284262996204837,2430.600733307291,2173.065266692709,63.58850675798276,11.227317885897264,-3.032671945569423,14.259989831466687,83.9342857142858,0.0298100498215674,2360.51,-0.0062774747903895,2292.18,-0.0035337215531096,2306.66,-0.0100656285860414,2303.31,-0.0042777466924174,2206.64,2336.0480000000002,46.73463565702995,0.24404215596481255,2406.05,2292.18,2313.707,51.3223310827344,0.30654802871164005,2406.05,2203.49,2301.833,64.38386665364563,0.3284262996204829,2410.15,2199.48,2297.6151999999997,47.59423576995113,0.2691139069711087,2410.15,2199.48,0,4,2,1.045275656400336,1.04719449975738,0.042235198769750466,-6.233895769245028e-05,2411.98,0.002464620435984166
2023-04-18,GOOGL,2388.54,2438.0,2385.95,2411.98,804726,2411.98,0.0024646204359841,2305.4755,2299.5678,2613.64465,0.3271825983440082,2442.539682196143,2168.411317803856,80.55268000595879,17.891526549601622,1.152167753464786,16.739358796136834,78.63000000000011,0.0192924410402837,2406.05,0.0298100498215674,2360.51,-0.0062774747903895,2292.18,0.0050058394223966,2314.84,-0.0014275096980024,2203.49,2355.476,55.147887810824514,0.24721638433609103,2411.98,2292.18,2334.556,43.29334365041405,0.3035006928501609,2411.98,2292.18,2305.4754999999996,68.53209109807173,0.32718259834400754,2411.98,2199.48,2299.5678,50.224795538589014,0.266349953043325,2411.98,2199.48,1,4,2,1.0461963269611643,1.0488840555164112,0.021579780926864484,0.009813526254527971,2325.3,-0.0359372797452715
2023-04-19,GOOGL,2302.38,2367.82,2282.79,2325.3,1338266,2325.3,-0.0359372797452715,2304.952,2299.3498,2611.8516,0.3534811529730841,2441.608369443648,2168.2956305563525,63.55025392490914,15.994236738548352,4.1205815504815,11.873655188066852,83.30285714285726,0.0024646204359841,2411.98,0.0192924410402837,2406.05,0.0298100498215674,2360.51,-0.0035337215531096,2306.66,0.0511098303146373,2316.11,2359.204,51.53459352702096,0.4031869650536033,2411.98,2292.18,2335.475,42.95449200400061,0.281015029593999,2411.98,2292.18,2304.952,68.32818472182376,0.35348115297308347,2411.98,2199.48,2299.3498,50.0860129764055,0.27814378478543617,2411.98,2199.48,2,4,2,1.0088279495620696,1.0112858861226721,0.03656732464626656,0.009954916217127545,2312.54,-0.005487463983142038
2023-04-20,GOOGL,2300.52,2343.83,2281.25,2312.54,1376042,2312.54,-0.005487463983142,2300.0715,2299.111,2610.07215,0.3331438969370529,2427.5743574748644,2172.568642525136,61.197045705925376,13.307593875318616,5.957984015448924,7.349609859869693,82.5592857142858,-0.0359372797452715,2325.3,0.0024646204359841,2411.98,0.0192924410402837,2406.05,-0.0062774747903895,2292.18,-0.0038512851289447,2307.19,2363.2760000000003,45.34772243448678,0.4022190033247083,2411.98,2312.54,2336.01,42.594869539646915,0.28184934295236286,2411.98,2292.18,2300.0715,63.75142873743227,0.3331438969370522,2411.98,2199.48,2299.111,49.99212779860286,0.2781899477686438,2411.98,2199.48,3,4,2,1.0054209184362288,1.005840953307167,0.027061153536791956,0.005224905673497625,2415.41,0.04448355487905076
2023-04-21,GOOGL,2396.12,2470.43,2360.38,2415.41,773252,2415.41,0.0444835548790507,2303.625,2301.3012,2608.61015,0.3570134052279926,2439.976998731004,2167.273001268996,69.92270254608466,19.257174607826528,8.617822133924445,10.639352473902083,86.41071428571438,-0.005487463983142,2312.54,-0.0359372797452715,2325.3,0.0024646204359841,2411.98,0.0298100498215674,2360.51,0.0084691767908147,2326.73,2374.2560000000003,50.82608808471511,0.4732822936966914,2415.41,2312.54,2344.878,49.17173257505819,0.3584000929873811,2415.41,2292.18,2303.625,68.17599936550207,0.357013405227992,2415.41,2199.48,2301.3012,52.625156420875996,0.29483735433227465,2415.41,2199.48,4,4,2,1.048525693200478,1.0495844698638104,0.0455616230784646,0.00805051499924541,2407.16,-0.003415569199431978
2023-04-24,GOOGL,2395.62,2459.89,2354.44,2407.16,1221585,2407.16,-0.0034155691994319,2306.5565,2302.6798,2607.095,0.3574802904440313,2449.3427106383733,2163.770289361626,69.2486532445525,23.040952394175292,11.502448185974615,11.538504208200678,87.1535714285715,0.0444835548790507,2415.41,-0.005487463983142,2312.54,-0.0359372797452715,2325.3,0.0192924410402837,2406.05,-0.0100656285860414,2303.31,2374.478,51.001797223188234,0.4571499174193521,2415.41,2312.54,2355.263,50.36908245904986,0.3526132341879291,2415.41,2292.18,2306.5564999999997,71.39310531918683,0.3574802904440306,2415.41,2199.48,2302.6798,54.48240114613356,0.29350210450844133,2415.41,2199.48,0,4,2,1.0436163172239465,1.045373308090406,0.043806809684423145,0.004817124585700214,2450.7,0.018087705013376754
2023-04-25,GOOGL,2434.87,2488.7,2412.69,2450.7,1544671,2450.7,0.0180877050133767,2314.6485,2304.8946,2605.6501000000003,0.3472976464174243,2470.9189184251827,2158.3780815748178,64.63030197424865,29.21615205705075,15.045188960189842,14.170963096860907,83.03785714285719,-0.0034155691994319,2407.16,0.0444835548790507,2415.41,-0.005487463983142,2312.54,0.0024646204359841,2411.98,0.0050058394223966,2314.84,2382.2219999999998,60.22515853026186,0.4746677527317188,2450.7,2312.54,2368.849,56.2354260526438,0.3590492200335741,2450.7,2292.18,2314.6485000000002,78.1352092125913,0.3472976464174236,2450.7,2199.48,2304.8946,58.15587236598078,0.2960723618173461,2450.7,2199.48,1,4,2,1.0587784711151353,1.0632590314537318,0.031015628187851942,0.006501373789973767,2508.58,0.023617741869669917
2023-04-26,GOOGL,2484.92,2555.81,2461.34,2508.58,757168,2508.58,0.0236177418696699,2330.1035,2307.8656,2604.09805,0.3148345709649996,2499.041738639988,2161.1652613600127,69.78562866999977,38.33853182645953,19.70385753344378,18.63467429301575,87.33357142857146,0.0180877050133767,2450.7,-0.0034155691994319,2407.16,0.0444835548790507,2415.41,-0.0359372797452715,2325.3,-0.0035337215531096,2306.66,2418.8779999999997,71.61738140978785,0.32830919816286785,2508.58,2312.54,2389.041,66.70159109372022,0.3647958362086619,2508.58,2292.18,2330.1035,84.46911931999377,0.314834570964999,2508.58,2203.49,2307.8656,64.48060249879396,0.29992756472339976,2508.58,2199.48,2,4,2,1.0765959537844234,1.0869697091541695,0.03765875515230216,0.00952143328557472,2518.07,0.0037830166867312
2023-04-27,GOOGL,2538.68,2575.14,2460.99,2518.07,1866976,2518.07,0.0037830166867312,2345.4785,2311.7492,2602.3534,0.3149585037729652,2524.293868028596,2166.6631319714043,69.17695638035501,45.805826154897204,24.92425125773447,20.881574897162736,92.07928571428576,0.0236177418696699,2508.58,0.0180877050133767,2450.7,-0.0034155691994319,2407.16,-0.005487463983142,2312.54,-0.0062774747903895,2292.18,2459.9839999999995,51.4756343330985,0.2960630833610611,2518.07,2407.16,2411.63,68.48010303074138,0.3566634771212165,2518.07,2312.54,2345.4785,89.40768401429796,0.31495850377296464,2518.07,2203.49,2311.7492,70.98500096927191,0.2975105380971332,2518.07,2199.48,3,4,2,1.0735847717209628,1.0892487818310528,0.04533233786191597,-0.008118392235331572,2485.05,-0.013113217662733767
2023-04-28,GOOGL,2460.61,2522.12,2447.99,2485.05,1031804,2485.05,-0.0131132176627337,2358.925,2315.993,2600.41835,0.3225187062350691,2537.227734932066,2180.622265067934,67.87090937509794,48.50019263837521,29.63943953386262,18.86075310451259,92.40928571428579,0.0037830166867312,2518.07,0.0236177418696699,2508.58,0.0180877050133767,2450.7,0.0444835548790507,2415.41,0.0298100498215674,2360.51,2473.912,45.471091585696534,0.24011525183552895,2518.07,2407.16,2424.0840000000003,69.46777145627459,0.35387357547769305,2518.07,2312.54,2358.925,89.15136746603302,0.32251870623506845,2518.07,2203.49,2315.993,74.85018414354028,0.294528862241012,2518.07,2199.48,4,4,2,1.0534671513502747,1.07299547105666,0.029830385706513057,0.009932496413486949,2390.73,-0.037954970724935144
2023-05-01,GOOGL,2402.02,2417.67,2363.8,2390.73,1984499,2390.73,-0.0379549707249351,2368.1295,2318.26,2598.12475,0.3569785857982632,2531.732189783067,2204.526810216933,56.417541899995165,42.53435221787049,32.2184220706642,10.315930147206295,94.49571428571436,-0.0131132176627337,2485.05,0.0037830166867312,2518.07,0.0236177418696699,2508.58,-0.0034155691994319,2407.16,0.0192924410402837,2406.05,2470.6259999999997,51.6718185280411,0.39730563663130875,2518.07,2390.73,2422.552,70.07593925315793,0.4039857750943744,2518.07,2312.54,2368.1295,81.80134489153346,0.3569785857982625,2518.07,2203.49,2318.26,75.37154827779055,0.3078546266540276,2518.07,2199.48,0,5,2,1.0095436081510705,1.0312605143508358,0.022532866530297173,-0.004700210656029202,2417.71,0.011285255967842467
2023-05-02,GOOGL,2400.89,2466.24,2369.17,2417.71,969417,2417.71,0.0112852559678424,2378.8405,2321.286,2596.5327,0.3571476685395696,2524.077359969251,2233.6036400307485,59.10141459041189,39.52778946997796,33.68029555052695,5.847493919451011,96.46500000000005,-0.0379549707249351,2390.73,-0.0131132176627337,2485.05,0.0037830166867312,2518.07,0.0180877050133767,2450.7,0.0024646204359841,2411.98,2464.0280000000002,56.712646032387205,0.379109919044003,2518.07,2390.73,2423.125,70.00327758192678,0.40811035898026116,2518.07,2312.54,2378.8405,72.6184299846256,0.3571476685395689,2518.07,2292.18,2321.286,76.27911828088817,0.3083700167347063,2518.07,2199.48,1,5,2,1.0163396831351172,1.0415390434435732,0.040149563016225916,0.007005735373129614,2387.04,-0.012685557821244142
2023-05-03,GOOGL,2406.72,2409.48,2364.6,2387.04,795862,2387.04,-0.0126855578212441,2382.387,2323.2296,2594.8204,0.3172009719051641,2524.606884626593,2240.1671153734064,57.57353175868485,34.27515153963532,33.79926674834863,0.47588479128668837,97.8171428571429,0.0112852559678424,2417.71,-0.0379549707249351,2390.73,-0.0131132176627337,2485.05,0.0236177418696699,2508.58,-0.0359372797452715,2325.3,2439.7200000000003,58.84975361031662,0.30130978559968485,2518.07,2387.04,2429.299,62.76529799349649,0.3642636305181973,2518.07,2312.54,2382.3869999999997,71.10994231329663,0.3172009719051634,2518.07,2292.18,2323.2296,76.69896180972302,0.30929692034563594,2518.07,2199.48,2,5,2,1.0019530831888346,1.0274662478469507,0.018801528252556016,-0.008177104108492745,2394.43,0.00309588444265696
2023-05-04,GOOGL,2413.24,2425.01,2363.85,2394.43,999067,2394.43,0.0030958844426569,2386.749,2325.367,2593.21235,0.3165466407873893,2524.540419930122,2248.9575800698776,53.0000707550732,30.35875257381531,33.11116391344196,-2.7524113396266543,94.02142857142861,-0.0126855578212441,2387.04,0.0112852559678424,2417.71,-0.0379549707249351,2390.73,0.0037830166867312,2518.07,-0.005487463983142,2312.54,2414.9919999999997,40.9520014162323,0.29940078511817253,2485.05,2387.04,2437.488,49.85303909148385,0.3612923961420464,2518.07,2387.04,2386.749,68.89570996506116,0.31654664078738864,2518.07,2292.18,2325.3669999999997,77.17229055553128,0.3092960872092029,2518.07,2199.48,3,5,2,1.0032181850705695,1.029699828026703,0.025542613482112557,-0.007794500339788895,2347.66,-0.019532832448641235
2023-05-05,GOOGL,2354.89,2400.05,2295.28,2347.66,1155187,2347.66,-0.0195328324486412,2387.7955,2326.4062,2591.28165,0.3245160776862015,2523.9761265649504,2251.61487343505,44.84688023894118,23.21343996442556,31.131619123638682,-7.918179159213121,94.2464285714286,0.0030958844426569,2394.43,-0.0126855578212441,2387.04,0.0112852559678424,2417.71,-0.0131132176627337,2485.05,0.0444835548790507,2415.41,2387.514,25.290997014653854,0.30714422766782495,2417.71,2347.66,2430.7129999999997,57.24271405351468,0.29608188097932475,2518.07,2347.66,2387.7955,68.09031328247514,0.3245160776862008,2518.07,2292.18,2326.4062,77.11446688934687,0.31267759802231204,2518.07,2199.48,4,5,2,0.9831913997656067,1.0091358938086525,0.044627416235722105,-0.003070207100967327,2338.36,-0.003961391342868992
2023-05-08,GOOGL,2346.41,2383.93,2292.79,2338.36,1027295,2338.36,-0.0039613913428689,2389.548,2328.4244,2589.33435,0.3225611641965253,2522.0018992851205,2257.094100714879,43.541198763669335,16.608839601349246,28.227063219180796,-11.61822361783155,97.03857142857143,-0.0195328324486412,2347.66,0.0030958844426569,2394.43,-0.0126855578212441,2387.04,-0.0379549707249351,2390.73,-0.0034155691994319,2407.16,2377.04,33.225697133322505,0.1944307904352728,2417.71,2338.36,2423.8329999999996,64.11061934042066,0.2961323552700326,2518.07,2338.36,2389.548,66.22694964256041,0.32256116419652453,2518.07,2292.18,2328.4244,76.05200160145287,0.3071635633928425,2518.07,2199.48,0,5,2,0.9785783754915247,1.0042670915143288,0.03897603448569121,-0.003430772968064531,2340.26,0.0008125352811372277
2023-05-09,GOOGL,2317.1,2370.86,2309.65,2340.26,1100672,2340.26,0.0008125352811372,2390.819,2329.0954,2587.4626,0.3222053162356695,2520.7176497075043,2260.920350292496,51.54182297744655,11.396587583539258,24.86096809205249,-13.464380508513234,92.18285714285715,-0.0039613913428689,2338.36,-0.0195328324486412,2347.66,0.0030958844426569,2394.43,0.0112852559678424,2417.71,0.0180877050133767,2450.7,2361.55,26.994475360624108,0.1506205765487311,2394.43,2338.36,2412.7889999999998,68.34101980339243,0.2739854347624325,2518.07,2338.36,2390.819,64.94932485375213,0.32220531623566884,2518.07,2292.18,2329.0954,76.00449699930928,0.299435787226172,2518.07,2199.48,1,5,2,0.978852853352354,1.0047935348629322,0.026155213523272575,0.00999525268654366,2350.97,0.004576414586413335
2023-05-10,GOOGL,2373.77,2373.77,2329.12,2350.97,1371503,2350.97,0.0045764145864133,2393.0345,2330.089,2586.0218,0.3220640452056501,2518.318949318724,2267.7500506812758,53.977519715258666,8.037397682593564,21.49625401016071,-13.458856327567144,90.90214285714286,0.0008125352811372,2340.26,-0.0039613913428689,2338.36,-0.0195328324486412,2347.66,-0.0126855578212441,2387.04,0.0236177418696699,2508.58,2354.3360000000002,23.004315464611835,0.1554073163513933,2394.43,2338.36,2397.028,61.64056813487059,0.23293653527295963,2518.07,2338.36,2393.0344999999998,62.642224659362164,0.3220640452056493,2518.07,2292.18,2330.089,75.95829823267331,0.29950496321066783,2518.07,2199.48,2,5,2,0.9824221088325376,1.0089614602699686,0.01899216068260382,-0.009604974365667516,2310.04,-0.017409835089346015
2023-05-11,GOOGL,2327.5,2338.04,2282.04,2310.04,1120583,2310.04,-0.017409835089346,2393.9275,2329.7348,2584.5698,0.3278403003078474,2516.4083692045247,2271.446630795475,37.49020538875731,2.0488882424497206,17.60678085661851,-15.55789261416879,84.54785714285715,0.0045764145864133,2350.97,0.0008125352811372,2340.26,-0.0039613913428689,2338.36,0.0030958844426569,2394.43,0.0037830166867312,2518.07,2337.458,16.179203317700026,0.17201435964501435,2350.97,2310.04,2376.225,50.31471515471757,0.2313626882638343,2485.05,2310.04,2393.9275,61.24043460226253,0.3278403003078466,2518.07,2310.04,2329.7348,76.0107013206751,0.3011227324512201,2518.07,2199.48,3,5,2,0.9649582119755236,0.9915463339428197,0.024242004467444615,-0.0075016111707808955,2355.34,0.019610050042423666
2023-05-12,GOOGL,2373.96,2380.5,2330.18,2355.34,1168681,2355.34,0.0196100500424236,2393.6690000000003,2330.8928,2583.2412,0.3176228802679036,2516.468241537351,2270.8697584626498,44.34526407546744,0.9473621768956946,14.274897120673948,-13.327534943778254,82.04857142857145,-0.017409835089346,2310.04,0.0045764145864133,2350.97,0.0008125352811372,2340.26,-0.0195328324486412,2347.66,-0.0131132176627337,2485.05,2338.994,17.6844219581944,0.2133218289444579,2355.34,2310.04,2363.254,32.82101163025703,0.2684005416190933,2417.71,2310.04,2393.6690000000003,61.39962076867539,0.3176228802679027,2518.07,2310.04,2330.8928,75.94967896477729,0.30275968674208736,2518.07,2199.48,4,5,2,0.983987343278881,1.010488341634154,0.02136421917853847,-0.007843434598726199,2333.59,-0.009234335594861087
2023-05-15,GOOGL,2341.02,2353.48,2313.71,2333.59,605700,2333.59,-0.009234335594861,2390.046,2331.3762,2581.4354,0.3108054896510707,2515.552996810793,2264.5390031892066,36.582571433944814,-1.661495705539437,11.087618555431272,-12.749114260970709,79.19785714285717,0.0196100500424236,2355.34,-0.017409835089346,2310.04,0.0045764145864133,2350.97,-0.0039613913428689,2338.36,-0.0379549707249351,2390.73,2338.04,17.85501190129744,0.2236548367163829,2355.34,2310.04,2357.54,32.47818686766774,0.2004258146921357,2417.71,2310.04,2390.046,62.75349840539668,0.31080548965106986,2518.07,2310.04,2331.3762,75.88711312418025,0.3033826861815618,2518.07,2199.48,0,5,2,0.9763786973133671,1.0009495678985652,0.017042411049063004,-0.0031738302107614043,2272.52,-0.02616997844522828
2023-05-16,GOOGL,2265.47,2317.67,2227.37,2272.52,1403544,2272.52,-0.0261699784452282,2383.0730000000003,2331.5788,2579.3416,0.322547716360849,2518.549418938739,2247.596581061261,23.15059144603252,-8.558219166643994,7.1584510110162185,-15.716670177660212,79.27714285714289,-0.009234335594861,2333.59,0.0196100500424236,2355.34,-0.017409835089346,2310.04,0.0008125352811372,2340.26,0.0112852559678424,2417.71,2324.4919999999997,34.078608686323356,0.2878096709982557,2355.34,2272.52,2343.0209999999997,34.94988712411925,0.21664574875941062,2394.43,2272.52,2383.0730000000003,67.73820946936942,0.32254771636084806,2518.07,2272.52,2331.5788000000002,75.7124995918414,0.3056960158281155,2518.07,2199.48,1,5,2,0.9536090585555063,0.9746700390306455,0.039735623888881265,0.0031119370373463655,2269.18,-0.0014697340397444858
2023-05-17,GOOGL,2287.04,2291.96,2246.39,2269.18,1157937,2269.18,-0.0014697340397444,2380.267,2331.3738,2577.15665,0.2978054769926123,2522.91655853988,2237.61744146012,21.28965278510076,-14.130544167034259,2.9006519754061233,-17.031196142440383,74.37857142857148,-0.0261699784452282,2272.52,-0.009234335594861,2333.59,0.0196100500424236,2355.34,0.0045764145864133,2350.97,-0.0126855578212441,2387.04,2308.134,37.63581512330588,0.27717980876622283,2355.34,2269.18,2331.2349999999997,38.1796549223337,0.21438929236290302,2394.43,2269.18,2380.267,71.32477926994,0.2978054769926113,2518.07,2269.18,2331.3738,75.87029194320145,0.3052640144213408,2518.07,2199.48,2,5,2,0.9533300255807633,0.9733231110339434,0.020082144210675258,-0.007809220652018468,2271.04,0.0008196793555381721
2023-05-18,GOOGL,2261.57,2303.03,2239.06,2271.04,2285166,2271.04,0.0008196793555381,2378.192,2331.4524,2574.76945,0.2974014319873211,2526.1000348126804,2230.28396518732,23.401029107540268,-18.18691795176119,-1.3168620100273394,-16.87005594173385,73.6528571428572,-0.0014697340397444,2269.18,-0.0261699784452282,2272.52,-0.009234335594861,2333.59,-0.017409835089346,2310.04,0.0030958844426569,2394.43,2300.3340000000003,41.030325126614684,0.26366067286368633,2355.34,2269.18,2318.8959999999997,35.318385580151805,0.21228614767742074,2355.34,2269.18,2378.192,73.95401740634011,0.2974014319873201,2518.07,2269.18,2331.4524,75.80436438242967,0.30500748435392855,2518.07,2199.48,3,5,2,0.9549439237870807,0.9740880834620624,0.0281677117091606,0.0041873565708758125,2277.5,0.002844511765534685
2023-05-19,GOOGL,2280.36,2306.47,2248.54,2277.5,824066,2277.5,0.0028445117655346,2371.2965,2331.6268,2572.588,0.2456505110142691,2524.6570851066517,2217.9359148933486,31.994402568304796,-20.642402621257133,-5.181970132273299,-15.460432488983834,69.13000000000004,0.0008196793555381,2271.04,-0.0014697340397444,2269.18,-0.0261699784452282,2272.52,0.0196100500424236,2355.34,-0.0195328324486412,2347.66,2284.7660000000005,27.467565964165853,0.1879110370958793,2333.59,2269.18,2311.88,35.93282900062501,0.19929423247335923,2355.34,2269.18,2371.2965,76.6802925533257,0.2456505110142679,2518.07,2269.18,2331.6268,75.66714061690492,0.30506273306232823,2518.07,2199.48,4,5,2,0.9604450561113044,0.9767858218129176,0.025435784851799956,-0.0012541879352378014,2328.32,0.022313940724478565
2023-05-22,GOOGL,2309.68,2385.69,2270.95,2328.32,582167,2328.32,0.0223139407244785,2367.3545,2332.2956,2570.5771,0.2613034406680948,2520.886584557154,2213.822415442846,36.78718183547163,-18.27695724697287,-7.800967555213214,-10.475989691759656,70.39214285714294,0.0028445117655346,2277.5,0.0008196793555381,2271.04,-0.0014697340397444,2269.18,-0.009234335594861,2333.59,-0.0039613913428689,2338.36,2283.7120000000004,25.127087375893844,0.2741687434716112,2328.32,2269.18,2310.876,35.24441144019742,0.23588131439341517,2355.34,2269.18,2367.3545,76.76604227857702,0.2613034406680936,2518.07,2269.18,2332.2956,75.4832776766612,0.30806289600705844,2518.07,2199.48,0,5,2,0.9835113414568949,0.9982954133253957,0.04928016767452539,0.00807038204426252,2320.16,-0.003504672897196359
2023-05-23,GOOGL,2339.74,2349.91,2290.41,2320.16,1536564,2320.16,-0.0035046728971963,2360.8275000000003,2333.6852,2568.6825,0.2508290240778197,2510.4911886490654,2211.1638113509352,39.40967823488809,-16.86634383695582,-9.614042811561735,-7.252301025394086,70.8485714285715,0.0223139407244785,2328.32,0.0028445117655346,2277.5,0.0008196793555381,2271.04,-0.0261699784452282,2272.52,0.0008125352811372,2340.26,2293.2400000000002,28.61277686621378,0.16514193202080882,2328.32,2269.18,2308.866,33.931121473251515,0.2362906950454042,2355.34,2269.18,2360.8275000000003,74.83184432453243,0.25082902407781843,2518.07,2269.18,2333.6852,74.58431093540999,0.3048867124112354,2518.07,2199.48,1,5,2,0.9827740485058806,0.9942043596964174,0.025644783118394576,-0.008368451195428363,2316.35,-0.0016421281290944778
2023-05-24,GOOGL,2299.71,2331.64,2299.71,2316.35,1378412,2316.35,-0.0016421281290944,2351.216,2335.4768000000004,2566.5771,0.231037312578387,2484.74787806285,2217.68412193715,37.4943942580405,-15.872884967718164,-10.865811242793022,-5.007073724925142,68.76071428571433,-0.0035046728971963,2320.16,0.0223139407244785,2328.32,0.0028445117655346,2277.5,-0.0014697340397444,2269.18,0.0045764145864133,2350.97,2302.674,26.386316150529122,0.1655189650040411,2328.32,2271.04,2305.404,30.77751350849878,0.2344111871421542,2355.34,2269.18,2351.216,66.765939031425,0.23103731257838575,2518.07,2269.18,2335.4768000000004,73.02324344634542,0.3038227104629862,2518.07,2199.48,2,5,2,0.9851710774335556,0.9918103232706091,0.013784618041308979,0.0072356949354451805,2276.44,-0.01722969326742496
2023-05-25,GOOGL,2263.92,2291.92,2260.97,2276.44,801675,2276.44,-0.0172296932674249,2339.1345,2336.1308,2564.2352,0.2338205002958522,2451.0819140602703,2227.18708593973,38.3368269339162,-18.097350127515256,-12.31211901973747,-5.785231107777786,65.23285714285718,-0.0016421281290944,2316.35,-0.0035046728971963,2320.16,0.0223139407244785,2328.32,0.0008196793555381,2271.04,-0.017409835089346,2310.04,2303.754,24.832597125465245,0.22677458004168516,2328.32,2276.44,2302.0440000000003,32.023988994175944,0.23406784754318086,2355.34,2269.18,2339.1345,55.97370703013517,0.23382050029585097,2485.05,2269.18,2336.1308,72.32799830023029,0.30613750876484824,2518.07,2199.48,3,5,2,0.9731975651673842,0.9744488621951415,0.01359578991758477,0.005530230750200736,2307.16,0.013494754968283784
2023-05-26,GOOGL,2309.84,2345.95,2268.36,2307.16,650783,2307.16,0.0134947549682837,2330.24,2335.8546,2561.9775,0.2404476169466883,2419.3016044629703,2241.178395537029,45.22556160668064,-17.183328812512173,-13.28636097829241,-3.896967834219762,64.26500000000003,-0.0172296932674249,2276.44,-0.0016421281290944,2316.35,-0.0035046728971963,2320.16,0.0028445117655346,2277.5,0.0196100500424236,2355.34,2309.686,20.08118970568292,0.24538533728127015,2328.32,2276.44,2297.226,26.211535712970996,0.2203331374124865,2333.59,2269.18,2330.24,44.53080223148537,0.240447616946687,2417.71,2269.18,2335.8546,72.41339241364683,0.2976912112603885,2518.07,2199.48,4,5,2,0.9900954408125386,0.9877155881188033,0.03363009067423415,-0.0011602535240532376,2314.6,0.0032247438409127582
2023-05-29,GOOGL,2326.82,2353.92,2275.28,2314.6,2219496,2314.6,0.0032247438409127,2326.4335,2335.817,2559.9249,0.2040859221298709,2411.003788742204,2241.863211257796,46.13879860164332,-15.677889562153723,-13.764666695064673,-1.9132228670890505,65.51000000000002,0.0134947549682837,2307.16,-0.0172296932674249,2276.44,-0.0016421281290944,2316.35,0.0223139407244785,2328.32,-0.009234335594861,2333.59,2306.942,17.69385825634534,0.17711795180131296,2320.16,2276.44,2295.327,23.86735289956391,0.21770503774882266,2328.32,2269.18,2326.4335,42.28514437110207,0.20408592212986942,2417.71,2269.18,2335.817,72.42414509576764,0.29773943170024997,2518.07,2199.48,0,5,2,0.9949134587337248,0.9909166685570868,0.03397563293872198,-0.005251802889778755,2299.72,-0.006428756588611417
2023-05-30,GOOGL,2305.21,2330.48,2268.96,2299.72,2112697,2299.72,-0.0064287565886114,2320.534,2335.0288,2557.63915,0.1989452853590038,2394.03124646502,2247.03675353498,42.38371228832407,-15.50675750489745,-14.113084857031229,-1.3936726478662216,66.71500000000002,0.0032247438409127,2314.6,0.0134947549682837,2307.16,-0.0172296932674249,2276.44,-0.0035046728971963,2320.16,-0.0261699784452282,2272.52,2302.854,16.172302866186552,0.18076531271579155,2316.35,2276.44,2298.047,22.489528451880005,0.17057041293383854,2328.32,2269.18,2320.534,36.74862323251,0.19894528535900236,2394.43,2269.18,2335.0288,72.60158784565209,0.2972685086997752,2518.07,2199.48,1,5,2,0.9910305128039532,0.9848786447511975,0.026751082740495903,-0.0023815617666060164,2231.3,-0.02975144800236529
2023-05-31,GOOGL,2219.35,2261.73,2200.87,2231.3,443675,2231.3,-0.0297514480023652,2312.7470000000003,2332.9394,2554.5399,0.2188477735400034,2389.50454887644,2235.9894511235607,39.18228279235991,-20.653970195024613,-15.421261924629906,-5.232708270394706,68.85214285714288,-0.0064287565886114,2299.72,0.0032247438409127,2314.6,0.0134947549682837,2307.16,-0.0016421281290944,2316.35,-0.0014697340397444,2269.18,2285.844,33.67976365706525,0.26876838184567575,2314.6,2231.3,2294.259,29.870793780865068,0.23139969472796051,2328.32,2231.3,2312.7470000000003,38.37877443821975,0.21884777354000193,2394.43,2231.3,2332.9393999999998,74.06827686941142,0.3045958198674697,2518.07,2199.48,2,5,2,0.9647834371848867,0.956432901771492,0.02727557925871593,0.005384459413790023,2284.09,0.023658853583113038
2023-06-01,GOOGL,2261.29,2297.97,2261.29,2284.09,999032,2284.09,0.023658853583113,2307.23,2330.4182,2551.9288,0.2381140328416005,2374.5486321282924,2239.911367871708,40.40869073428177,-20.24014571925545,-16.385038683555017,-3.855107035700435,68.58142857142856,-0.0297514480023652,2231.3,-0.0064287565886114,2299.72,0.0032247438409127,2314.6,-0.0172296932674249,2276.44,0.0008196793555381,2271.04,2287.3740000000003,33.3175731408481,0.32486564811707547,2314.6,2231.3,2295.564,29.016537889606806,0.2641355163257378,2328.32,2231.3,2307.23,33.65931606414629,0.23811403284159918,2355.34,2231.3,2330.4182,73.52999345509146,0.30062186118907724,2518.07,2199.48,3,6,2,0.9899706574546144,0.9801202204818946,0.016058911864236424,0.010082740382697531,2240.27,-0.019184883257665097
2023-06-02,GOOGL,2251.79,2274.62,2205.93,2240.27,2334968,2240.27,-0.019184883257665,2301.8605,2328.3368,2549.1709,0.2377820247543894,2372.6432925791905,2231.077707420809,38.14231257805847,-23.180879868219563,-17.744206920487926,-5.436672947731637,71.1907142857143,0.023658853583113,2284.09,-0.0297514480023652,2231.3,-0.0064287565886114,2299.72,0.0134947549682837,2307.16,0.0028445117655346,2277.5,2273.996,36.6493155460761,0.3274960009412542,2314.6,2231.3,2291.841,33.61571439717233,0.2816894799657378,2328.32,2231.3,2301.8605,35.391396289595335,0.23778202475438795,2355.34,2231.3,2328.3368,74.59312862808594,0.29748986836571195,2518.07,2199.48,4,6,2,0.9732431656909821,0.9621760906751282,0.030661482767688444,-0.00511592999346958,2219.78,-0.009146218982533205
2023-06-05,GOOGL,2241.32,2253.29,2186.27,2219.78,991929,2219.78,-0.0091462189825332,2295.9315,2325.7618,2546.2549,0.2389914644867755,2373.3917130199648,2218.4712869800346,42.52805168141398,-26.855234202955216,-19.566412376981383,-7.288821825973834,68.39071428571427,-0.019184883257665,2240.27,0.023658853583113,2284.09,-0.0297514480023652,2231.3,0.0032247438409127,2314.6,0.0223139407244785,2328.32,2255.032,34.875538275358366,0.317901378340145,2299.72,2219.78,2280.987,37.79200887002533,0.2496539763202253,2320.16,2219.78,2295.9314999999997,38.730106509982456,0.2389914644867741,2355.34,2219.78,2325.7618,76.08908438137183,0.29802506020654684,2518.07,2199.48,0,6,2,0.9668319808317597,0.954431360941196,0.030192181207133042,-0.009610408152334495,2233.15,0.006023119408229638
2023-06-06,GOOGL,2246.99,2251.0,2215.31,2233.15,986173,2233.15,0.0060231194082296,2290.576,2324.6476,2543.22445,0.240656587092058,2369.919722704933,2211.2322772950665,45.03650640410388,-28.361406582558175,-21.325411218096743,-7.0359953644614315,67.68499999999997,-0.0091462189825332,2219.78,-0.019184883257665,2240.27,0.023658853583113,2284.09,-0.0064287565886114,2299.72,-0.0035046728971963,2320.16,2241.718,24.802743194979254,0.33407848891220887,2284.09,2219.78,2272.286,37.78727598880536,0.2553944694520205,2316.35,2219.78,2290.576,39.67186135246683,0.24065658709205656,2355.34,2219.78,2324.6476000000002,77.04239753932735,0.2930744950154475,2518.07,2199.48,1,6,2,0.9749294500592974,0.9606402277915327,0.01598190896266891,-0.006159350953939952,2191.4,-0.018695564561269973
2023-06-07,GOOGL,2189.66,2206.91,2175.89,2191.4,1071669,2191.4,-0.0186955645612699,2282.5975000000003,2324.486,2540.10795,0.2460440118815813,2368.214258781541,2196.98074121846,40.1151822049409,-32.54873358557916,-23.570075691593228,-8.978657893985929,67.20571428571427,0.0060231194082296,2233.15,-0.0091462189825332,2219.78,-0.019184883257665,2240.27,-0.0297514480023652,2231.3,-0.0016421281290944,2316.35,2233.7380000000003,33.784865990501565,0.2902354165027152,2284.09,2191.4,2259.791,42.01925840199868,0.26569059267667916,2314.6,2191.4,2282.5975000000003,42.80837939077037,0.2460440118815799,2355.34,2191.4,2324.486,77.31828056934263,0.2826190361999856,2518.07,2191.4,2,6,2,0.9600466135615411,0.9427460522451232,0.014155334489361059,0.0007946439173202424,2140.24,-0.02334580633385064
2023-06-08,GOOGL,2157.52,2157.52,2124.25,2140.24,766410,2140.24,-0.0233458063338506,2274.1075,2323.0794,2537.35565,0.2513733694666845,2379.628318175691,2168.586681824309,34.66505787083764,-39.53961675221353,-26.763983903717293,-12.77563284849624,67.86428571428571,-0.0186955645612699,2191.4,0.0060231194082296,2233.15,-0.0091462189825332,2219.78,0.023658853583113,2284.09,-0.0172296932674249,2276.44,2204.968,40.7236303636644,0.1868838157008367,2240.27,2140.24,2246.171,55.82788141529618,0.27492660651478357,2314.6,2140.24,2274.1075,52.760409087845574,0.25137336946668304,2355.34,2140.24,2323.0794,80.02531694838432,0.2872046578362041,2518.07,2140.24,3,6,2,0.9411340492914511,0.921294381930759,0.015544985609083298,-0.008009195743257161,2069.29,-0.03315048779576113
2023-06-09,GOOGL,2065.56,2083.82,2054.76,2069.29,606780,2069.29,-0.0331504877957611,2259.805,2320.1428,2533.9491,0.2562274452921135,2392.905526868522,2126.7044731314777,22.306327110329264,-50.22603955510658,-31.45639503399515,-18.76964452111143,65.77428571428565,-0.0233458063338506,2140.24,-0.0186955645612699,2191.4,0.0060231194082296,2233.15,-0.019184883257665,2240.27,0.0134947549682837,2307.16,2170.772,66.98714928996912,0.23636369267078733,2233.15,2069.29,2222.384,74.50562054851936,0.2818720634162419,2314.6,2069.29,2259.805,66.550263434261,0.25622744529211217,2333.59,2069.29,2320.1428,86.46529109084187,0.29630474095023496,2518.07,2069.29,4,6,2,0.915694053247552,0.8918804480478995,0.01404346418336043,0.001805805689497382,2093.87,0.011878470393226648
2023-06-12,GOOGL,2094.91,2129.87,2057.87,2093.87,1828215,2093.87,0.0118784703932266,2247.819,2317.8874,2530.4933,0.2638970961176197,2395.336512095289,2100.301487904711,26.62728005046003,-56.06541879321276,-36.378199785838675,-19.687219007374082,66.6671428571428,-0.0331504877957611,2069.29,-0.0233458063338506,2140.24,-0.0186955645612699,2191.4,-0.0091462189825332,2219.78,0.0032247438409127,2314.6,2145.59,67.62133649963425,0.3088853212245952,2233.15,2069.29,2200.311,76.81122002088847,0.2967780309717913,2299.72,2069.29,2247.819,73.75875604764444,0.26389709611761836,2328.32,2069.29,2317.8874,90.84616224771564,0.29765854192730196,2518.07,2069.29,0,6,2,0.9315118343599144,0.9033527685594634,0.034386088916678506,-0.0004964413745695363,2076.25,-0.008415040093224468
2023-06-13,GOOGL,2075.3,2094.79,2057.71,2076.25,574156,2076.25,-0.0084150400932244,2238.0055,2315.3426,2527.3287,0.2525307701893489,2403.6089670977144,2072.402032902285,25.88873267651645,-61.407092910894335,-41.38397841084981,-20.023114500044528,67.03499999999995,0.0118784703932266,2093.87,-0.0331504877957611,2069.29,-0.0233458063338506,2140.24,0.0060231194082296,2233.15,-0.0064287565886114,2299.72,2114.21,51.25509877072672,0.27224007149750523,2191.4,2069.29,2177.964,77.18287809544898,0.2963107229427534,2284.09,2069.29,2238.0054999999998,82.80173354885744,0.25253077018934755,2328.32,2069.29,2315.3426,95.76505073395522,0.2981379905711008,2518.07,2069.29,1,6,2,0.927723367971648,0.8967355414266136,0.017859121011430255,0.0004577651423887439,2176.4,0.04823600240818782
2023-06-14,GOOGL,2174.12,2198.22,2154.57,2176.4,1324758,2176.4,0.0482360024081878,2233.3665,2312.5484,2524.7922,0.3142392967864886,2400.484105142212,2066.2488948577875,41.03809080056162,-56.90319550553522,-44.48782182978689,-12.415373675748334,71.7914285714285,-0.0084150400932244,2076.25,0.0118784703932266,2093.87,-0.0331504877957611,2069.29,-0.0186955645612699,2191.4,-0.0297514480023652,2231.3,2111.21,45.75106720063444,0.5130440066989713,2176.4,2069.29,2172.4739999999997,74.8859030198397,0.3935268861730998,2284.09,2069.29,2233.3664999999996,83.55880257110597,0.31423929678648754,2328.32,2069.29,2312.5484,97.75963668472811,0.295613024037864,2518.07,2069.29,2,6,2,0.9744929907379848,0.9411262484275178,0.020056055872072955,0.0010487001637440212,2142.63,-0.015516449182135683
2023-06-15,GOOGL,2154.42,2160.78,2124.48,2142.63,1710786,2142.63,-0.0155164491821356,2226.9460000000004,2309.2572,2521.7422,0.3176953481250389,2397.7945076442224,2056.0974923557783,35.340971862480146,-55.41993462662913,-46.674244389155334,-8.745690237473795,69.9578571428571,0.0482360024081878,2176.4,-0.0084150400932244,2076.25,0.0118784703932266,2093.87,-0.0233458063338506,2140.24,0.023658853583113,2284.09,2111.6879999999996,46.14101667710596,0.4941856120781997,2176.4,2069.29,2158.328,64.03343394046331,0.36983417044500905,2240.27,2069.29,2226.9460000000004,85.42425382211114,0.3176953481250378,2328.32,2069.29,2309.2572,100.67043949399282,0.2973316308537568,2518.07,2069.29,3,6,2,0.9621382826521333,0.9278438105547846,0.016941795830350194,-0.005472470548915481,2111.84,-0.014370189906796726
2023-06-16,GOOGL,2112.98,2162.86,2060.83,2111.84,671548,2111.84,-0.0143701899067967,2218.663,2304.9594,2518.21185,0.319569623293027,2395.1612673063755,2042.1647326936245,32.65644780432959,-56.082451777041115,-48.555885866732496,-7.526565910308619,71.6285714285714,-0.0155164491821356,2142.63,0.0482360024081878,2176.4,-0.0084150400932244,2076.25,-0.0331504877957611,2069.29,-0.019184883257665,2240.27,2120.1980000000003,39.86322202227158,0.4267501943347863,2176.4,2076.25,2145.4849999999997,58.4044730496513,0.3658442861057899,2233.15,2069.29,2218.663,88.24913365318777,0.3195696232930259,2328.32,2069.29,2304.9594,104.42622919806045,0.29788996890853825,2518.07,2069.29,4,6,2,0.9518525346116324,0.9162157042762158,0.04831331919082501,-0.000539522380713179,2093.4,-0.008731722100159156
2023-06-19,GOOGL,2085.72,2139.64,2047.15,2093.4,829123,2093.4,-0.0087317221001591,2206.9170000000004,2300.7612,2514.37225,0.3048715801622636,2383.9552494623117,2029.8787505376897,32.45876551529601,-57.43339881195561,-50.331388455777116,-7.102010356178496,73.84071428571426,-0.0143701899067967,2111.84,-0.0155164491821356,2142.63,0.0482360024081878,2176.4,0.0118784703932266,2093.87,-0.0091462189825332,2219.78,2120.1040000000003,39.9413035590592,0.4289600091377251,2176.4,2076.25,2132.847,54.05311380676615,0.3657392823164282,2233.15,2069.29,2206.9170000000004,88.51912473115536,0.3048715801622625,2320.16,2069.29,2300.7612,108.62878606424313,0.29771379627480843,2518.07,2069.29,0,6,2,0.9485630859697266,0.9098727847110297,0.04418171395813299,0.0036821816926512715,2102.13,0.004170249355116118
2023-06-20,GOOGL,2091.96,2122.33,2081.93,2102.13,1949539,2102.13,0.0041702493551161,2196.0155,2296.507,2510.61265,0.3066263899498744,2370.5262794560663,2021.5047205439337,37.777483392576045,-57.14091117478665,-51.69329299957903,-5.447618175207623,69.66571428571426,-0.0087317221001591,2093.4,-0.0143701899067967,2111.84,-0.0155164491821356,2142.63,-0.0084150400932244,2076.25,0.0060231194082296,2233.15,2125.2799999999997,34.085067844979854,0.4222132121849577,2176.4,2093.4,2119.745,41.448589642086645,0.3642043444559631,2191.4,2069.29,2196.0155,87.25538972803317,0.30662638994987323,2316.35,2069.29,2296.5069999999996,112.17348763208774,0.29762235552888777,2518.07,2069.29,1,6,2,0.9572473418329893,0.9153597180409573,0.019218602084543235,0.004861469626568009,2086.94,-0.007226004100602701
2023-06-21,GOOGL,2067.65,2111.05,2062.83,2086.94,1485094,2086.94,-0.0072260041006027,2184.545,2292.1126,2506.75425,0.3065172852843481,2355.8816542037416,2013.2083457962583,29.91585338436701,-57.47231361091053,-52.84909712184533,-4.6232164890652,68.34785714285717,0.0041702493551161,2102.13,-0.0087317221001591,2093.4,-0.0143701899067967,2111.84,0.0482360024081878,2176.4,-0.0186955645612699,2191.4,2107.388,21.813128386295023,0.12443155075759478,2142.63,2086.94,2109.299,33.85001245668765,0.35731401353641096,2176.4,2069.29,2184.545,85.66832710187077,0.3065172852843469,2314.6,2069.29,2292.1126,116.00592714992378,0.29785123246559525,2518.07,2069.29,2,6,2,0.9553202154219962,0.9104875563264604,0.02310559958598577,0.009329431963819135,2108.06,0.010120080117300922
2023-06-22,GOOGL,2111.57,2127.45,2088.67,2108.06,937449,2108.06,0.0101200801173009,2176.126,2288.4302,2503.0275,0.3074469487895275,2344.9796308418317,2007.272369158168,35.87831919740594,-55.39221792854687,-53.35772128318564,-2.03449664536123,65.65857142857142,-0.0072260041006027,2086.94,0.0041702493551161,2102.13,-0.0087317221001591,2093.4,-0.0155164491821356,2142.63,-0.0233458063338506,2140.24,2100.474,10.279668282441406,0.15940381922350838,2111.84,2086.94,2106.081,32.064248851781436,0.347639727578308,2176.4,2069.29,2176.1259999999997,84.42681542091582,0.3074469487895265,2314.6,2069.29,2288.4302,118.89016823958076,0.2988646469810251,2518.07,2069.29,3,6,2,0.968721480281487,0.9211816904002923,0.018396060833174268,-0.0016622702538862343,2075.87,-0.015269963853021262
2023-06-23,GOOGL,2064.66,2106.68,2045.07,2075.87,1941034,2075.87,-0.0152699638530212,2164.5615000000003,2282.7374,2498.87595,0.3030861131034834,2327.195386062648,2001.9276139373528,35.00343886019452,-55.69912623520122,-53.826002273588756,-1.873123961612464,65.37071428571427,0.0101200801173009,2108.06,-0.0072260041006027,2086.94,0.0041702493551161,2102.13,-0.0143701899067967,2111.84,-0.0331504877957611,2069.29,2093.2799999999997,12.6499901184576,0.16345002356887003,2108.06,2075.87,2106.739,31.283367412271982,0.3114778805116357,2176.4,2075.87,2164.5615000000003,81.31694303132385,0.3030861131034823,2314.6,2069.29,2282.7374,122.13865285677743,0.29162387644852517,2518.07,2069.29,4,6,2,0.959025650229407,0.9093774868712847,0.02967912248838811,0.005429465384128432,2031.04,-0.021595764667344253
2023-06-26,GOOGL,2016.75,2041.99,2016.75,2031.04,1944365,2031.04,-0.0215957646673442,2150.3835000000004,2275.2372,2494.69855,0.3068307920901512,2307.282787211312,1993.4842127886889,30.23451405241205,-58.881015920070695,-54.83700500288515,-4.044010917185545,67.04428571428569,-0.0152699638530212,2075.87,0.0101200801173009,2108.06,-0.0072260041006027,2086.94,-0.0087317221001591,2093.4,0.0118784703932266,2093.87,2080.808,30.561979157069622,0.2090899669262744,2108.06,2031.04,2100.456,39.409260389264745,0.32233948141621915,2176.4,2031.04,2150.3835000000004,78.44964360565572,0.30683079209015013,2299.72,2031.04,2275.2372,125.86902890263659,0.29042517264681705,2518.07,2031.04,0,6,2,0.9445012947686099,0.8926717618712929,0.012427130927991366,0.007085657617450293,1973.98,-0.02809398140853947
2023-06-27,GOOGL,1980.05,2010.35,1937.6,1973.98,1336350,1973.98,-0.0280939814085394,2134.0965,2266.4772,2490.4156000000003,0.3164048614330804,2293.3341986938485,1974.858801306152,29.35546355651377,-65.25473557721853,-56.92055111775183,-8.334184459466698,69.62857142857139,-0.0215957646673442,2031.04,-0.0152699638530212,2075.87,0.0101200801173009,2108.06,0.0041702493551161,2102.13,-0.0084150400932244,2076.25,2055.178,53.40703998535534,0.23452177390745588,2108.06,1973.98,2090.2290000000003,56.11708106951068,0.3460976928205963,2176.4,1973.98,2134.0965,79.61884934692411,0.31640486143307944,2284.09,1973.98,2266.4772,131.28315220628716,0.29540929901234825,2518.07,1973.98,1,6,2,0.9249722306367472,0.8709463302781644,0.0368544767424002,-0.0030655791520400348,1905.5,-0.03469133425870574
2023-06-28,GOOGL,1912.41,1934.96,1876.03,1905.5,837157,1905.5,-0.0346913342587057,2117.8065,2258.0812,2485.5557,0.3214742740693407,2300.156435220133,1935.456564779866,28.42066556279117,-74.96753889176762,-60.52994867255499,-14.43759021921263,71.8285714285714,-0.0280939814085394,1973.98,-0.0215957646673442,2031.04,-0.0152699638530212,2075.87,-0.0072260041006027,2086.94,0.0482360024081878,2176.4,2018.89,80.96269511322866,0.2739866740376616,2108.06,1905.5,2063.139,72.80325259053734,0.21600479339241535,2142.63,1905.5,2117.8064999999997,91.17496761006679,0.3214742740693397,2284.09,1905.5,2258.0812,140.54179514364623,0.2947253261184109,2518.07,1905.5,2,6,2,0.8997517006388922,0.843858050808428,0.030926266071880943,-0.003613241930337359,1890.28,-0.007987404880608784
2023-06-29,GOOGL,1899.82,1933.71,1846.86,1890.28,1017086,1890.28,-0.0079874048806087,2098.1160000000004,2249.636,2480.626,0.2994451389986954,2289.679324519866,1906.5526754801351,31.665198597940645,-82.93708520496966,-65.01137597903792,-17.92570922593174,71.92642857142857,-0.0346913342587057,1905.5,-0.0280939814085394,1973.98,-0.0215957646673442,2031.04,0.0101200801173009,2108.06,-0.0155164491821356,2142.63,1975.334,79.56671653397524,0.16628514877982098,2075.87,1890.28,2037.904,84.91576534677066,0.21697091630827242,2111.84,1890.28,2098.1160000000004,95.7816622599327,0.29944513899869435,2240.27,1890.28,2249.636,149.59767163688772,0.29485209671790014,2518.07,1890.28,3,6,2,0.900941606660022,0.8402603799010862,0.04594557420062329,-0.00502152835531521,1881.71,-0.004533719872188202
2023-06-30,GOOGL,1881.85,1897.31,1866.12,1881.71,1345648,1881.71,-0.0045337198721882,2080.188,2238.962,2475.32875,0.2975076795481292,2282.5446123249503,1877.83138767505,27.533039646760727,-88.91952650215148,-69.79300608366063,-19.126520418490855,69.01142857142858,-0.0079874048806087,1890.28,-0.0346913342587057,1905.5,-0.0280939814085394,1973.98,-0.0152699638530212,2075.87,-0.0143701899067967,2111.84,1936.502,64.11278047314977,0.20475704573209516,2031.04,1881.71,2014.891,93.41082300476437,0.22002618938045995,2108.06,1881.71,2080.188,101.17830616247504,0.29750767954812823,2233.15,1881.71,2238.962,156.41294854794992,0.2732685954450349,2518.07,1881.71,4,6,2,0.904586508526679,0.8404385603682241,0.01657534901764006,-7.439487738119312e-05,1863.31,-0.009778339914227052
2023-07-03,GOOGL,1877.99,1902.59,1824.02,1863.31,1112804,1863.31,-0.009778339914227,2062.3645,2228.085,2470.0927,0.2975338690819921,2275.4622243056865,1849.2667756943135,27.487630565431505,-94.06110271501848,-74.6466254099322,-19.41447730508628,71.97500000000001,-0.0045337198721882,1881.71,-0.0079874048806087,1890.28,-0.0346913342587057,1905.5,-0.0215957646673442,2031.04,-0.0087317221001591,2093.4,1902.9560000000001,42.528694195784766,0.21369435600942727,1973.98,1863.31,1991.882,100.02734757157559,0.21973547567299342,2108.06,1863.31,2062.3645,106.54886215284314,0.2975338690819911,2233.15,1863.31,2228.085,163.2385205295856,0.27347175450165484,2518.07,1863.31,0,7,3,0.9034823863575504,0.836283175910777,0.042166896544299004,-0.00781686803443695,1901.26,0.020366981339658974
2023-07-04,GOOGL,1917.86,1940.88,1861.64,1901.26,1747007,1901.26,0.0203669813396589,2045.77,2217.0962,2465.0552,0.3109071140441573,2254.515609370907,1837.0243906290927,16.506792617638652,-93.9901313408825,-78.51532659612226,-15.474804744760235,68.92285714285717,-0.009778339914227,1863.31,-0.0045337198721882,1881.71,-0.0079874048806087,1890.28,-0.0280939814085394,1973.98,0.0041702493551161,2102.13,1888.4119999999998,16.849239448672364,0.3104685038946968,1905.5,1863.31,1971.7949999999996,95.4940847789013,0.2628637638359803,2108.06,1863.31,2045.77,104.37280468545342,0.31090711404415616,2191.4,1863.31,2217.0962,166.40946369635404,0.2745057245975741,2518.07,1863.31,1,7,3,0.929361560683298,0.8575451078754014,0.04167762431227624,-0.008655480587733856,1939.52,0.020123497049325145
2023-07-05,GOOGL,1951.44,1954.15,1924.89,1939.52,650777,1939.52,0.0201234970493251,2033.176,2205.715,2460.41815,0.3232079857682118,2235.212345703727,1831.139654296273,25.542470437209246,-89.81133460797423,-80.77452819849266,-9.03680640948157,68.99214285714288,0.0203669813396589,1901.26,-0.009778339914227,1863.31,-0.0045337198721882,1881.71,-0.0346913342587057,1905.5,-0.0072260041006027,2086.94,1895.216,28.39077015508111,0.24251599117706268,1939.52,1863.31,1957.0529999999999,86.71929236196367,0.30330626829697066,2108.06,1863.31,2033.176,101.01817285186344,0.32320798576821075,2176.4,1863.31,2205.715,165.52467762558825,0.27274409299722296,2518.07,1863.31,2,7,3,0.9539361078426295,0.8793157774232485,0.015086206896543941,-0.006108309760993915,1929.68,-0.005073420227685199
2023-07-06,GOOGL,1934.91,1954.71,1904.65,1929.68,660086,1929.68,-0.0050734202276851,2022.648,2193.9472,2455.72635,0.3165592246949005,2223.131993281654,1822.1640067183455,26.89966521158415,-86.29881483594659,-81.87938552598345,-4.419429309963135,65.28,0.0201234970493251,1939.52,0.0203669813396589,1901.26,-0.009778339914227,1863.31,-0.0079874048806087,1890.28,0.0101200801173009,2108.06,1903.096,31.925986750585846,0.23446425252022798,1939.52,1863.31,1939.2149999999997,68.67503642342987,0.288325395304732,2075.87,1863.31,2022.648,100.24199664082704,0.3165592246948995,2176.4,1863.31,2193.9472,163.77112860153974,0.27200311861146703,2485.05,1863.31,3,7,3,0.9540364907779535,0.879547146804226,0.025942125119177276,-0.0027029680967059527,1875.59,-0.028030554288794085
2023-07-07,GOOGL,1868.23,1891.35,1859.83,1875.59,1290035,1875.59,-0.028030554288794,2012.963,2181.7580000000003,2451.09555,0.3109882643424362,2222.4713440721225,1803.4546559278776,24.669132183505752,-86.87825017312207,-82.87915845541117,-3.999091717710897,63.66285714285717,-0.0050734202276851,1929.68,0.0201234970493251,1939.52,0.0203669813396589,1901.26,-0.0045337198721882,1881.71,-0.0152699638530212,2075.87,1901.872,33.04845941944337,0.3297250676275425,1939.52,1863.31,1919.187,51.43354872479379,0.3032541948772447,2031.04,1863.31,2012.9630000000002,104.75417203606123,0.3109882643424351,2176.4,1863.31,2181.7580000000003,164.3422127942658,0.27627305687521214,2417.71,1863.31,4,7,3,0.931755824622245,0.8596691292064198,0.01680537857419968,0.0039395577632282755,1859.17,-0.008754578559279969
2023-07-10,GOOGL,1877.12,1877.93,1840.4,1859.17,985805,1859.17,-0.0087545785592799,2001.2280000000003,2171.1268,2446.48775,0.3049469511717644,2217.827282848721,1784.6287171512795,22.24075682027473,-87.65201574870844,-83.83372991407063,-3.8182858346378055,63.457857142857165,-0.028030554288794,1875.59,-0.0050734202276851,1929.68,0.0201234970493251,1939.52,-0.009778339914227,1863.31,-0.0215957646673442,2031.04,1901.0439999999999,34.2848644448042,0.3279814076857938,1939.52,1859.17,1902.0,36.43213843699138,0.2961910407873006,1973.98,1859.17,2001.2280000000003,108.29964142436032,0.30494695117176335,2176.4,1859.17,2171.1268,167.7067644144399,0.2662055664445369,2417.71,1859.17,0,7,3,0.9290145850443182,0.8563157158758041,0.02018642727667711,-0.009562521309234497,1841.91,-0.009283712624450713
2023-07-11,GOOGL,1833.59,1860.82,1823.0,1841.91,933795,1841.91,-0.0092837126244507,1989.511,2159.6108000000004,2442.1058000000003,0.3050631099345828,2214.223961788686,1764.7980382113135,22.13605039844002,-88.63622506577804,-84.79422894441211,-3.8419961213659235,62.714999999999996,-0.0087545785592799,1859.17,-0.028030554288794,1875.59,-0.0050734202276851,1929.68,0.0203669813396589,1901.26,-0.0280939814085394,1973.98,1889.1739999999998,43.28425383437603,0.27343855514902077,1939.52,1841.91,1888.7930000000001,30.96798635477703,0.27596880642248167,1939.52,1841.91,1989.511,112.3564808943432,0.30506310993458174,2176.4,1841.91,2159.6108000000004,170.1800904904561,0.26377622145232726,2394.43,1841.91,1,7,3,0.9258104127089894,0.8528897892153284,0.02053303364441227,0.0045375465616608,1823.14,-0.010190508765357653
2023-07-12,GOOGL,1812.3,1852.54,1793.74,1823.14,591613,1823.14,-0.0101905087653576,1971.848,2148.3328,2437.4745,0.2287675524880618,2190.151399264833,1753.544600735167,17.42580143539591,-89.89455173794613,-85.81429350311893,-4.080258234827198,64.02142857142859,-0.0092837126244507,1841.91,-0.0087545785592799,1859.17,-0.028030554288794,1875.59,0.0201234970493251,1939.52,-0.0346913342587057,1905.5,1865.898,40.6540744575361,0.14326384004000892,1929.68,1823.14,1880.557,36.49051811365318,0.23014965279340366,1939.52,1823.14,1971.848,109.15169963241647,0.2287675524880605,2142.63,1823.14,2148.3328,173.4541514912333,0.2634757838916613,2394.43,1823.14,2,7,3,0.9245844507279849,0.8486301563701636,0.03225204866327748,0.00598134966616684,1803.39,-0.010832958522110192
2023-07-13,GOOGL,1801.31,1827.25,1779.54,1803.39,1209418,1803.39,-0.0108329585221101,1954.886,2136.512,2432.58215,0.2275220493681205,2170.011517574356,1739.7604824256446,17.935984937041425,-91.43147945274495,-86.93773069304413,-4.493748759700821,62.930000000000014,-0.0101905087653576,1823.14,-0.0092837126244507,1841.91,-0.0087545785592799,1859.17,-0.0050734202276851,1929.68,-0.0079874048806087,1890.28,1840.64,28.549469347066594,0.13029328412826513,1875.59,1803.39,1871.868,43.575277343191246,0.23185824160920956,1939.52,1803.39,1954.886,107.56275878717766,0.22752204936811918,2111.84,1803.39,2136.512,176.4540715290416,0.2630645515623267,2355.34,1803.39,3,7,3,0.9225039209442789,0.8440813812415544,0.02645573059625127,0.0011547151795076916,1785.12,-0.010130920100477558
2023-07-14,GOOGL,1769.3,1827.88,1742.36,1785.12,1174942,1785.12,-0.0101309201004775,1938.55,2125.2612,2427.97455,0.2265628257648334,2153.111404877983,1723.988595122017,19.13189737343012,-93.05110681388078,-88.16040591721146,-4.8907008966693155,64.81571428571432,-0.0108329585221101,1803.39,-0.0101905087653576,1823.14,-0.0092837126244507,1841.91,-0.028030554288794,1875.59,-0.0045337198721882,1881.71,1822.5459999999998,29.513948058490108,0.012996370865608014,1859.17,1785.12,1862.209,51.19096153925666,0.2335109178558177,1939.52,1785.12,1938.55,107.28070243899153,0.2265628257648321,2108.06,1785.12,2125.2612,180.60158898930442,0.2613298285446265,2355.34,1785.12,4,7,3,0.9208532150313786,0.8399532255137204,0.047907143497329205,0.00894138924998078,1774.6,-0.0058931612440620285
2023-07-17,GOOGL,1791.58,1791.58,1761.24,1774.6,1558483,1774.6,-0.005893161244062,1922.61,2113.986,2423.01865,0.2267103045287784,2136.098932882279,1709.1210671177207,21.662876633589303,-94.09883643512535,-89.34809202079424,-4.750744414331109,60.308571428571454,-0.0101309201004775,1785.12,-0.0108329585221101,1803.39,-0.0101905087653576,1823.14,-0.0087545785592799,1859.17,-0.009778339914227,1863.31,1805.632,27.43800776294445,0.031182921082135807,1841.91,1774.6,1853.3380000000002,58.18725438885658,0.23216929998767014,1939.52,1774.6,1922.61,106.7444664411396,0.22671030452877705,2108.06,1774.6,2113.986,184.58035334457557,0.2613137397506401,2355.34,1774.6,0,7,3,0.9230161083106179,0.8394568365160227,0.0170968105488464,-0.009477667756946685,1757.12,-0.00985010706638112
2023-07-18,GOOGL,1760.23,1800.13,1714.12,1757.12,1233534,1757.12,-0.0098501070663811,1905.3595,2102.3232000000003,2417.4077,0.222036150970465,2113.459251331585,1697.259748668415,25.335771275416548,-95.24177176305079,-90.52682796924556,-4.714943793805233,59.45571428571433,-0.005893161244062,1774.6,-0.0101309201004775,1785.12,-0.0108329585221101,1803.39,-0.0092837126244507,1841.91,0.0203669813396589,1901.26,1788.6739999999998,25.548136526947445,0.03146091373784243,1823.14,1757.12,1838.9240000000002,62.676914622902444,0.18540874793525666,1939.52,1757.12,1905.3595,104.0498756657925,0.22203615097046375,2108.06,1757.12,2102.3232000000003,188.37532058597634,0.2611127050128282,2355.34,1757.12,1,7,3,0.9221986716937552,0.8357991768340681,0.04894941722816386,-0.0017668145640049088,1763.47,0.0036138681478783408
2023-07-19,GOOGL,1765.48,1780.42,1746.52,1763.47,1138008,1763.47,0.0036138681478783,1889.186,2090.5732000000003,2411.81395,0.2263667123615584,2087.935070083372,1690.4369299166287,28.28075223376864,-94.54530489161834,-91.33052335372011,-3.214781537898233,55.673571428571464,-0.0098501070663811,1757.12,-0.005893161244062,1774.6,-0.0101309201004775,1785.12,-0.0101905087653576,1823.14,0.0201234970493251,1939.52,1776.7400000000002,18.344371071248123,0.09583047207277073,1803.39,1757.12,1821.3190000000002,55.60770459189662,0.12424360063697464,1929.68,1757.12,1889.1860000000001,99.3745350416857,0.2263667123615571,2108.06,1757.12,2090.5732000000003,190.8558032399302,0.26092897653996117,2355.34,1757.12,2,7,3,0.933454937734594,0.8435342039203202,0.019223462831792357,-0.0011385005777459118,1774.15,0.006056241387718542
2023-07-20,GOOGL,1779.68,1810.44,1737.85,1774.15,1921530,1774.15,0.0060562413877185,1872.4905000000003,2079.8554,2406.4168,0.2224085786480032,2048.638359598437,1696.3426404015634,31.70997143094841,-92.07023477990788,-91.47846563895767,-0.5917691409502055,58.630714285714326,0.0036138681478783,1763.47,-0.0098501070663811,1757.12,-0.005893161244062,1774.6,-0.0108329585221101,1803.39,-0.0050734202276851,1929.68,1770.8919999999998,10.857645693228951,0.12079581801518985,1785.12,1757.12,1805.766,42.02354028109908,0.1458805102063751,1875.59,1757.12,1872.4905000000003,88.0739297992185,0.22240857864800184,2075.87,1757.12,2079.8554,193.31086032402808,0.26078594443225356,2355.34,1757.12,3,7,3,0.9474814424954638,0.8530160317871844,0.04091536792264421,-0.0031073001887962247,1748.96,-0.014198348504917857
2023-07-21,GOOGL,1748.86,1769.56,1728.36,1748.96,709875,1748.96,-0.0141983485049178,1856.145,2067.7278,2400.2301,0.2220075681129892,2012.374508029072,1699.915491970928,30.99424924231657,-91.09130252965156,-91.40103301709645,0.3097304874448952,56.289285714285775,0.0060562413877185,1774.15,0.0036138681478783,1763.47,-0.0098501070663811,1757.12,-0.0101309201004775,1785.12,-0.028030554288794,1875.59,1763.6599999999999,11.052391143990368,0.13768295715932558,1774.6,1748.96,1793.1029999999998,37.478610803456256,0.10412607205980631,1859.17,1748.96,1856.145,78.1147540145361,0.22200756811298786,2031.04,1748.96,2067.7278,194.69135249380932,0.2552760135798678,2333.59,1748.96,4,7,3,0.9422539726147784,0.8458366715382721,0.023556856646222035,5.7180105897601436e-05,1785.38,0.020823803860580137
2023-07-24,GOOGL,1768.67,1799.42,1768.67,1785.38,1487173,1785.38,0.0208238038605801,1843.862,2056.7636,2394.53335,0.2390698105812137,1979.460760683888,1708.2632393161118,30.641496824493927,-86.38095615090765,-90.3970176438587,4.016061492951053,54.233571428571494,-0.0141983485049178,1748.96,0.0060562413877185,1774.15,0.0036138681478783,1763.47,-0.005893161244062,1774.6,-0.0087545785592799,1859.17,1765.816,14.295580785674298,0.22077523309994349,1785.38,1748.96,1785.7240000000002,29.424321458826885,0.17289943795627177,1841.91,1748.96,1843.8619999999999,67.79938034194397,0.23906981058121235,1973.98,1748.96,2056.7636,194.84993182884423,0.2620314391489265,2328.32,1748.96,0,7,3,0.9682828758329158,0.8680530907874545,0.017223224187558266,0.009447777143271831,1758.08,-0.01529086244945066
2023-07-25,GOOGL,1762.03,1797.03,1719.12,1758.08,614997,1758.08,-0.0152908624494506,1833.067,2046.4748,2388.6914,0.2276485284797442,1959.0875335150893,1707.046466484911,18.537143648957823,-83.88389324846253,-89.09439276477947,5.210499516316943,56.02071428571435,0.0208238038605801,1785.38,-0.0141983485049178,1748.96,0.0060562413877185,1774.15,-0.0098501070663811,1757.12,-0.0092837126244507,1841.91,1766.0080000000003,14.155347752695386,0.24056173376995285,1785.38,1748.96,1777.341,22.844142185714308,0.18051277962096213,1823.14,1748.96,1833.0670000000002,63.0102667575446,0.22764852847974285,1939.52,1748.96,2046.4747999999997,196.79712952359202,0.25867227894082484,2328.32,1748.96,1,7,3,0.9590920571910578,0.8590772776674996,0.0443153895158103,-0.0022417325471177016,1713.62,-0.025288951583545716
2023-07-26,GOOGL,1721.03,1732.78,1694.47,1713.62,858109,1713.62,-0.0252889515835457,1823.4730000000004,2035.3636,2382.58105,0.2137784265767989,1955.3547095337085,1691.5912904662923,16.550037155586807,-84.51822979784652,-88.17916017139288,3.660930373546364,56.98857142857149,-0.0152908624494506,1758.08,0.0208238038605801,1785.38,-0.0141983485049178,1748.96,0.0036138681478783,1763.47,-0.0101905087653576,1823.14,1756.038,27.579666785511133,0.2958778447701211,1785.38,1713.62,1766.389,24.630712286828157,0.2075221150540936,1803.39,1713.62,1823.4730000000004,65.94085476685396,0.21377842657679746,1939.52,1713.62,2035.3636000000001,199.62966594557426,0.26250383716501113,2328.32,1713.62,2,7,3,0.9397561685854738,0.8419232809308165,0.022356181650527884,-0.004305561204625007,1724.56,0.006384145843302491
2023-07-27,GOOGL,1721.69,1755.91,1693.22,1724.56,738790,1724.56,0.0063841458433024,1815.187,2024.434,2376.20195,0.2173558139788168,1950.1826573338835,1680.1913426661165,23.01204388577196,-83.17933986020898,-87.1791961091561,3.9998562489471112,56.47714285714291,-0.0252889515835457,1713.62,-0.0152908624494506,1758.08,0.0208238038605801,1785.38,0.0060562413877185,1774.15,-0.0108329585221101,1803.39,1746.1200000000001,28.344039937876033,0.2966982727347835,1785.38,1713.62,1758.506,24.081394938849005,0.21440914719408896,1785.38,1713.62,1815.187,67.49782866694173,0.21735581397881537,1939.52,1713.62,2024.434,201.4149375932794,0.2634845759633875,2328.32,1713.62,3,7,3,0.9500729125974624,0.8518726715709912,0.036351301201444836,0.0016669667594039715,1702.62,-0.01272208563343702
2023-07-28,GOOGL,1711.38,1730.42,1674.82,1702.62,1640659,1702.62,-0.012722085633437,1806.2325,2012.9364,2369.62245,0.2193132114541668,1946.3118302873208,1666.1531697126784,22.56685241539297,-82.93263874257036,-86.32988463583895,3.3972458932685896,57.76785714285721,0.0063841458433024,1724.56,-0.0252889515835457,1713.62,-0.0152908624494506,1758.08,-0.0141983485049178,1748.96,-0.0101309201004775,1785.12,1736.852,34.16227334355831,0.294150206980835,1785.38,1702.62,1750.2559999999999,27.795957419512547,0.2167379536505465,1785.38,1702.62,1806.2324999999996,70.0396651436606,0.21931321145416532,1939.52,1702.62,2012.9363999999998,203.07548547033082,0.26331061136703304,2328.32,1702.62,4,7,3,0.9426361224255777,0.845838944538513,0.03265555438087623,-0.0051186761560817,1711.86,0.00542693026042218
2023-07-31,GOOGL,1702.51,1736.57,1687.15,1711.86,1169010,1711.86,0.0054269302604221,1798.66,2000.6072,2363.205,0.2214560231779482,1942.0820946057927,1655.2379053942066,26.55151274612632,-81.05715907783838,-85.27533952423885,4.218180446400467,58.59642857142863,-0.012722085633437,1702.62,0.0063841458433024,1724.56,-0.0252889515835457,1713.62,0.0208238038605801,1785.38,-0.005893161244062,1774.6,1722.148,21.545526681892017,0.21897389191107305,1758.08,1702.62,1743.982,28.754765710912615,0.2222790612926987,1785.38,1702.62,1798.6599999999999,71.7110473028966,0.22145602317794671,1939.52,1702.62,2000.6072,202.24872099227304,0.2567286958983414,2320.16,1702.62,0,7,3,0.9517418522672701,0.8556702185212292,0.028869183227583434,0.005491891383894613,1647.72,-0.03746801724440074
2023-08-01,GOOGL,1638.54,1672.3,1623.14,1647.72,1193535,1647.72,-0.0374680172444007,1785.9829999999995,1987.1584,2356.68905,0.2315064089048716,1935.8945590643807,1636.0714409356185,22.818271971242595,-83.78061906612129,-84.97639543261535,1.1957763664940586,60.73357142857147,0.0054269302604221,1711.86,-0.012722085633437,1702.62,0.0063841458433024,1724.56,-0.0152908624494506,1758.08,-0.0098501070663811,1757.12,1700.0759999999998,30.287751319639444,0.30377203823742926,1724.56,1647.72,1733.042,41.282843571046804,0.2800773698760985,1785.38,1647.72,1785.9829999999997,74.95577953219069,0.2315064089048703,1939.52,1647.72,1987.1584,202.92225237164473,0.26617664009358294,2316.35,1647.72,1,8,3,0.9225843695035607,0.8291840247859309,0.029835166168991102,0.005602548610344857,1685.3,0.022807273080377666
2023-08-02,GOOGL,1673.89,1718.41,1652.19,1685.3,770765,1685.3,0.0228072730803776,1773.2720000000002,1974.5374,2350.4375,0.2358367544484061,1910.9834256011968,1635.5605743988035,32.65983377740086,-81.96178436672903,-84.37347321943808,2.411688852709048,62.37500000000005,-0.0374680172444007,1647.72,0.0054269302604221,1711.86,-0.012722085633437,1702.62,-0.0252889515835457,1713.62,0.0036138681478783,1763.47,1694.4119999999998,29.765236770440346,0.36438725792509996,1724.56,1647.72,1725.225,42.27008273498531,0.3136020053598169,1785.38,1647.72,1773.2720000000002,68.85571280059834,0.2358367544484048,1929.68,1647.72,1974.5374,201.65040909705542,0.27409973536600574,2314.6,1647.72,2,8,3,0.9503900134886523,0.8535163729991372,0.03929270752979335,0.006816457473306512,1703.99,0.011090013647421904
2023-08-03,GOOGL,1699.63,1715.5,1692.48,1703.99,1064435,1703.99,0.0110900136474219,1761.9875,1963.0884000000003,2344.51005,0.2443189193702642,1881.522395830106,1642.452604169894,38.10166309643208,-78.11179382598925,-83.12113734074833,5.009343514759081,58.423571428571464,0.0228072730803776,1685.3,-0.0374680172444007,1647.72,0.0054269302604221,1711.86,0.0063841458433024,1724.56,0.0060562413877185,1774.15,1690.298,25.70062489513461,0.3735320919683614,1711.86,1647.72,1718.209,38.93850720445348,0.3192449469661258,1785.38,1647.72,1761.9875,59.767447915052976,0.2443189193702629,1875.59,1647.72,1963.0884000000003,200.40663878935328,0.2756056039525291,2314.6,1647.72,3,8,3,0.9670840457148719,0.8680149095675629,0.013509468952274645,0.002565264204560601,1664.02,-0.023456710426704386
2023-08-04,GOOGL,1675.57,1694.58,1633.46,1664.02,884206,1664.02,-0.0234567104267043,1751.4089999999997,1950.2256,2338.36775,0.2393594176586569,1865.95599663438,1636.862003365619,35.072088124383086,-77.39374660659473,-81.97565919391761,4.581912587322876,61.294285714285756,0.0110900136474219,1703.99,0.0228072730803776,1685.3,-0.0374680172444007,1647.72,-0.012722085633437,1702.62,-0.0141983485049178,1748.96,1682.578,26.84584735113577,0.3995021719915417,1711.86,1647.72,1709.7150000000001,40.70928020024728,0.3308262605263482,1785.38,1647.72,1751.4089999999997,57.27349831719015,0.2393594176586555,1859.17,1647.72,1950.2256,198.50267481010033,0.2749034784226918,2314.6,1647.72,4,8,3,0.9501036022990919,0.8532448758744356,0.036730327760461506,-0.006893176650329775,1625.55,-0.023118712515474593
2023-08-07,GOOGL,1636.22,1662.81,1588.3,1625.55,1398924,1625.55,-0.0231187125154745,1739.7279999999998,1936.4446,2332.15915,0.2469744318505167,1855.644447332411,1623.8115526675888,33.191097936825344,-79.01802588932992,-81.38413253300008,2.3661066436701645,60.55928571428574,-0.0234567104267043,1664.02,0.0110900136474219,1703.99,0.0228072730803776,1685.3,0.0054269302604221,1711.86,0.0208238038605801,1785.38,1665.316,30.77203324450047,0.406955728019465,1703.99,1625.55,1693.732,39.04299846152213,0.30842574668494804,1758.08,1625.55,1739.7279999999998,57.95822366620552,0.2469744318505153,1841.91,1625.55,1936.4445999999998,196.59925193670068,0.2765329103721183,2299.72,1625.55,0,8,3,0.9343702003986059,0.8394508162015895,0.04583679370056545,-0.006521127965673046,1670.09,0.02739995693765196
2023-08-08,GOOGL,1666.18,1680.37,1659.81,1670.09,807255,1670.09,0.0273999569376519,1731.1370000000002,1923.852,2326.5081,0.2744401419933502,1840.4469335018,1621.8270664982003,39.130738428746085,-75.8370706163812,-80.27472014967631,4.437649533295115,62.053571428571445,-0.0231187125154745,1625.55,-0.0234567104267043,1664.02,0.0110900136474219,1703.99,-0.0374680172444007,1647.72,-0.0152908624494506,1758.08,1669.7900000000002,29.158020337474916,0.391690693294669,1703.99,1625.55,1684.9330000000002,32.25464068212418,0.35553546609039566,1724.56,1625.55,1731.1370000000002,54.6549667508999,0.2744401419933488,1823.14,1625.55,1923.8519999999999,192.98721038301218,0.2870542406966041,2284.09,1625.55,1,8,3,0.9647358932303076,0.8680969222160185,0.012310713793859993,0.0023466852320862736,1650.95,-0.011460460214718915
2023-08-09,GOOGL,1653.89,1663.85,1638.05,1650.95,2042632,1650.95,-0.0114604602147189,1722.5275,1912.245,2320.47345,0.2748113146534357,1828.3964115694737,1616.6585884305266,35.936715217334566,-74.00746667755925,-79.0212694552529,5.013802777693655,59.15714285714286,0.0273999569376519,1670.09,-0.0231187125154745,1625.55,-0.0234567104267043,1664.02,0.0228072730803776,1685.3,-0.0252889515835457,1713.62,1662.92,28.631982117916113,0.35614943828508644,1703.99,1625.55,1678.666,32.14965705674278,0.33975154186115514,1724.56,1625.55,1722.5275000000001,52.934455784736755,0.27481131465343434,1803.39,1625.55,1912.245,191.56574038904904,0.2822388906426796,2284.09,1625.55,2,8,3,0.9584462367068401,0.8633569443241513,0.01562736606195483,-0.001777627290810318,1629.5,-0.012992519458493668
2023-08-10,GOOGL,1636.7,1661.01,1598.0,1629.5,613907,1629.5,-0.0129925194584936,1713.833,1899.1532,2314.4410000000003,0.2755454738324746,1820.300253003768,1607.3657469962316,36.24620060673426,-73.44173747560421,-77.90536305932318,4.463625583718965,60.38714285714285,-0.0114604602147189,1650.95,0.0273999569376519,1670.09,-0.0231187125154745,1625.55,0.0110900136474219,1703.99,0.0063841458433024,1724.56,1648.0220000000002,19.99725656185905,0.33250455844515203,1670.09,1625.55,1669.1599999999999,31.108769752799326,0.33786771419033196,1711.86,1625.55,1713.8329999999999,53.23362650188419,0.2755454738324733,1785.38,1625.55,1899.1531999999997,187.96875995800798,0.27441573169704614,2240.27,1625.55,3,8,3,0.9507927551862108,0.8580139822312081,0.03866830316045494,-0.004399095741428268,1571.91,-0.03534212948757287
2023-08-11,GOOGL,1563.77,1593.52,1550.3,1571.91,869109,1571.91,-0.0353421294875728,1703.1725,1885.786,2308.40165,0.2956741156416821,1821.6096360460915,1584.7353639539083,26.564935776985592,-76.75563354272617,-77.67541715600377,0.9197836132776018,62.43999999999999,-0.0129925194584936,1629.5,-0.0114604602147189,1650.95,0.0273999569376519,1670.09,-0.0234567104267043,1664.02,-0.012722085633437,1702.62,1629.6,36.87753787878195,0.373817569798646,1670.09,1571.91,1656.089,41.283949651962814,0.3691355000183066,1711.86,1571.91,1703.1725,59.21856802304566,0.2956741156416808,1785.38,1571.91,1885.786,186.9777799850853,0.2805595884836957,2233.15,1571.91,4,8,3,0.9229305898252098,0.8335569359403275,0.02749521283023362,0.00520536907601175,1563.54,-0.005324732332003812
2023-08-14,GOOGL,1553.16,1583.97,1543.1,1563.54,2347149,1563.54,-0.0053247323320038,1692.6195,1872.6612,2302.35405,0.2956881605954362,1821.41797032052,1563.8210296794798,27.71694309450189,-79.14497509340345,-77.96932874348371,-1.175646349919731,59.79428571428571,-0.0353421294875728,1571.91,-0.0129925194584936,1629.5,-0.0114604602147189,1650.95,-0.0231187125154745,1625.55,0.0054269302604221,1711.86,1617.1979999999999,47.48232376370307,0.3588276426240172,1670.09,1563.54,1641.257,45.45365308603434,0.36230315009506503,1703.99,1563.54,1692.6195,64.39923516026015,0.2956881605954348,1785.38,1563.54,1872.6612,186.08486619574813,0.2805339789989455,2233.15,1563.54,0,8,3,0.9237398009411307,0.8349294576077964,0.02613940161426889,0.006683149192609389,1558.27,-0.0033705565575552487
2023-08-15,GOOGL,1572.99,1572.99,1546.21,1558.27,1008300,1558.27,-0.0033705565575552,1682.677,1859.1636,2296.26115,0.2955059446700961,1820.8686105461088,1544.4853894538917,30.450758814017803,-80.53542815910896,-78.48254862660876,-2.0528795325001994,57.16357142857142,-0.0053247323320038,1563.54,-0.0353421294875728,1571.91,-0.0129925194584936,1629.5,0.0273999569376519,1670.09,-0.0374680172444007,1647.72,1594.834,42.40426664855017,0.20247627182704905,1650.95,1558.27,1632.312,52.322984921424684,0.325263081207251,1703.99,1558.27,1682.6770000000001,69.09580527305427,0.29550594467009483,1785.38,1558.27,1859.1635999999999,183.8661716814801,0.2791093124991623,2191.4,1558.27,1,8,3,0.9260660245543703,0.8381564699304364,0.01718572519523753,-0.00935797430370865,1576.64,0.011788714407644507
2023-08-16,GOOGL,1580.35,1600.51,1552.78,1576.64,709191,1576.64,0.0117887144076445,1673.3355,1846.8684,2290.63905,0.3003528983814112,1813.7719924049725,1532.8990075950276,31.72744342216579,-79.24161870165176,-78.63436264161737,-0.6072560600343877,56.09499999999999,-0.0033705565575552,1558.27,-0.0053247323320038,1563.54,-0.0353421294875728,1571.91,-0.0114604602147189,1650.95,0.0228072730803776,1685.3,1579.972,28.59243029197566,0.27348478868843423,1629.5,1558.27,1621.4460000000001,51.37032935220605,0.30243156855703646,1703.99,1558.27,1673.3355,70.21824620248617,0.30035289838141,1785.38,1558.27,1846.8684,181.73829846234105,0.2809352177498186,2176.4,1558.27,2,8,3,0.9422139194435653,0.8536829153604807,0.030273239293668652,-0.002347581232003962,1542.16,-0.021869291658209833
2023-08-17,GOOGL,1557.01,1557.01,1530.55,1542.16,1309899,1542.16,-0.0218692916582098,1661.736,1834.9068,2284.769,0.302558965925893,1805.3978253364903,1518.07417466351,30.77402348327145,-80.07545324408102,-78.9225807621101,-1.1528724819709169,55.41571428571428,0.0117887144076445,1576.64,-0.0033705565575552,1558.27,-0.0053247323320038,1563.54,-0.0129925194584936,1629.5,0.0110900136474219,1703.99,1562.5040000000001,13.42737613987379,0.28840400261140414,1576.64,1542.16,1605.2630000000001,47.84704752273379,0.2939609522485345,1670.09,1542.16,1661.736,71.83091266824513,0.30255896592589177,1785.38,1542.16,1834.9068,181.71731617460406,0.28049666343818047,2176.4,1542.16,3,8,3,0.9280415180263724,0.840456855900888,0.017157752762348186,-0.009537510998638655,1505.51,-0.023765368055195357
2023-08-18,GOOGL,1500.63,1527.39,1483.63,1505.51,992195,1505.51,-0.0237653680551953,1649.5635000000002,1823.6312000000005,2278.9377,0.3075230059344162,1803.0280935886467,1496.0989064113537,26.7994873054908,-82.73984836143654,-79.6860342819754,-3.053814079461148,56.066428571428574,-0.0218692916582098,1542.16,0.0117887144076445,1576.64,-0.0033705565575552,1558.27,-0.0353421294875728,1571.91,-0.0234567104267043,1664.02,1549.224,27.382608166531124,0.2327381689508588,1576.64,1505.51,1589.412,52.270443698329814,0.294367006287506,1670.09,1505.51,1649.5635000000002,76.73229679432323,0.30752300593441495,1785.38,1505.51,1823.6312000000003,184.3492568484016,0.27665522065364045,2176.4,1505.51,4,8,3,0.9126717461916969,0.8255561760509329,0.02906656216164019,0.0032519675069781553,1516.83,0.007519046701782051
2023-08-21,GOOGL,1522.99,1547.58,1486.08,1516.83,858965,1516.83,0.007519046701782,1636.136,1812.0904,2272.7885,0.2947534567747888,1786.5285860996808,1485.7434139003192,33.30016075820714,-82.98141321564435,-80.34511006870919,-2.6363031469351625,54.122142857142876,-0.0237653680551953,1505.51,-0.0218692916582098,1542.16,0.0117887144076445,1576.64,-0.0053247323320038,1563.54,-0.0231187125154745,1625.55,1539.882,29.1859875625593,0.2600636581893032,1576.64,1505.51,1578.5400000000002,55.14625140859614,0.295744519982424,1670.09,1505.51,1636.136,75.19629304984042,0.2947534567747875,1758.08,1505.51,1812.0903999999998,185.14672838717976,0.27536083440260445,2176.4,1505.51,0,8,3,0.9270806338831692,0.8370608883525694,0.04054508415574551,-0.004044675276919768,1541.88,0.016514705009790243
2023-08-22,GOOGL,1533.32,1557.55,1526.2,1541.88,774121,1541.88,0.0165147050097902,1625.326,1801.4029999999998,2266.6451500000003,0.3056707468204186,1769.7755174467272,1480.8764825532728,31.097110922513323,-80.22672570010195,-80.32143319498775,0.094707494885796,51.98142857142859,0.007519046701782,1516.83,-0.0237653680551953,1505.51,-0.0218692916582098,1542.16,-0.0033705565575552,1558.27,0.0273999569376519,1670.09,1536.6039999999998,27.47469071712905,0.30659261703991864,1576.64,1505.51,1565.719,45.56893933588603,0.2638917312072577,1650.95,1505.51,1625.326,72.22475872336365,0.3056707468204173,1724.56,1505.51,1801.4029999999998,185.01012551712859,0.2800149997983815,2176.4,1505.51,1,8,3,0.9486589151955063,0.8559328478964143,0.02033232158143278,0.005582657240494215,1504.01,-0.024560925623265173
2023-08-23,GOOGL,1496.83,1525.99,1482.03,1504.01,3631591,1504.01,-0.0245609256232651,1614.8455,1787.9552,2260.39705,0.3050832309394938,1762.6980748634448,1466.992925136555,24.910924874921605,-80.17519872125695,-80.2921863002416,0.11698757898464862,54.099285714285735,0.0165147050097902,1541.88,0.007519046701782,1516.83,-0.0237653680551953,1505.51,0.0117887144076445,1576.64,-0.0114604602147189,1650.95,1522.078,18.86729100856898,0.31242812795668956,1542.16,1504.01,1551.025,38.11283693014841,0.27681570618432155,1629.5,1504.01,1614.8455,73.9262874317225,0.30508323093949247,1724.56,1504.01,1787.9552,181.6020689470894,0.25430480664588867,2142.63,1504.01,2,8,3,0.9313646413846208,0.841189980598596,0.029228529065611804,0.004796803912264764,1530.68,0.01773259486306622
2023-08-24,GOOGL,1531.04,1568.7,1492.65,1530.68,1085131,1530.68,0.0177325948630662,1605.1515,1775.7161999999998,2254.4418,0.3138864064024933,1748.0566291152109,1462.246370884789,32.69390509693255,-77.09362973531006,-79.65247498725529,2.558845251945229,54.49357142857145,-0.0245609256232651,1504.01,0.0165147050097902,1541.88,0.007519046701782,1516.83,-0.0218692916582098,1542.16,-0.0129925194584936,1629.5,1519.782,16.342033839215,0.3370429130573702,1541.88,1504.01,1541.143,26.567208714201055,0.3062489417557717,1576.64,1504.01,1605.1515,71.4525645576055,0.313886406402492,1711.86,1504.01,1775.7161999999998,177.7921808832158,0.2596367084302099,2111.84,1504.01,3,8,3,0.9536046908961843,0.8620071157762362,0.0496838006637248,-0.00023513428780414937,1532.01,0.0008688948702537669
2023-08-25,GOOGL,1526.49,1560.71,1503.31,1532.01,555489,1532.01,0.0008688948702537,1596.621,1764.1196,2248.51235,0.3135946755873089,1735.3354682472582,1457.9065317527416,36.56420568655015,-73.69463831059011,-78.46090765192226,4.766269341332148,53.185000000000024,0.0177325948630662,1530.68,-0.0245609256232651,1504.01,0.0165147050097902,1541.88,-0.0237653680551953,1505.51,-0.0353421294875728,1571.91,1525.0819999999999,14.778635593382795,0.2729277980742501,1541.88,1504.01,1537.153,24.335505861405892,0.25974721142128976,1576.64,1504.01,1596.6209999999999,69.35723412362913,0.31359467558730764,1711.86,1504.01,1764.1196,174.2963911244459,0.2595368237536056,2108.06,1504.01,4,8,3,0.9595326630421624,0.8684275147779842,0.03746711836082181,0.00361613898551341,1559.44,0.017904582868258023
2023-08-28,GOOGL,1549.07,1593.47,1525.4,1559.44,2181047,1559.44,0.017904582868258,1589.0,1753.4404000000002,2242.5824,0.3221500834653847,1717.4227389279308,1460.5772610720692,33.28499350292766,-68.00363775491974,-76.36945367252176,8.36581591760202,54.1314285714286,0.0008688948702537,1532.01,0.0177325948630662,1530.68,-0.0245609256232651,1504.01,0.007519046701782,1516.83,-0.0053247323320038,1563.54,1533.604,20.142532859646124,0.2916069644829056,1559.44,1504.01,1536.743,23.87166430397398,0.2780695708372198,1576.64,1504.01,1589.0,64.21136946396537,0.32215008346538343,1703.99,1504.01,1753.4404000000002,170.01490073899797,0.2650661277886045,2108.06,1504.01,0,8,3,0.981397105096928,0.8893601402129839,0.043650284717562896,0.00669433918415141,1558.11,-0.000852870261119465
2023-08-29,GOOGL,1550.72,1578.83,1537.39,1558.11,1532269,1558.11,-0.0008528702611194,1584.5195,1742.56,2236.6476500000003,0.297672463903653,1710.5466946386512,1458.492305361349,35.177852990317106,-62.87600327107634,-73.67076359223267,10.794760321156332,54.80285714285716,0.017904582868258,1559.44,0.0008688948702537,1532.01,0.0177325948630662,1530.68,0.0165147050097902,1541.88,-0.0033705565575552,1558.27,1536.85,22.92518156966029,0.2766827812369802,1559.44,1504.01,1536.727,23.855680920845256,0.2775331608567915,1576.64,1504.01,1584.5195,63.01359731932557,0.29767246390365176,1703.99,1504.01,1742.56,164.5648950835583,0.26433968242213784,2108.06,1504.01,1,8,3,0.9833328021517037,0.8941499862266469,0.026596325034800646,0.004765528270735599,1496.89,-0.03929119253454494
2023-08-30,GOOGL,1482.99,1527.36,1466.41,1496.89,883145,1496.89,-0.0392911925345449,1575.099,1730.759,2230.4507,0.3087151786020587,1697.5226468216838,1452.675353178316,31.214052980770703,-63.02573690030363,-71.54175825384687,8.516021353543238,56.85214285714286,-0.0008528702611194,1558.11,0.017904582868258,1559.44,0.0008688948702537,1532.01,-0.0245609256232651,1504.01,0.0117887144076445,1576.64,1535.426,25.546295817630842,0.370394503200812,1559.44,1496.89,1528.752,22.310372176220795,0.330787323335512,1559.44,1496.89,1575.099,61.2118234108419,0.3087151786020575,1703.99,1496.89,1730.759,160.47071157838917,0.27480210627407153,2108.06,1496.89,2,8,3,0.9503466131329205,0.864874890148851,0.04071775481161548,0.009372955987559403,1493.66,-0.0021578071869008397
2023-08-31,GOOGL,1499.77,1502.34,1484.98,1493.66,826193,1493.66,-0.0021578071869008,1564.5825,1718.471,2224.2211,0.3026645514126034,1676.0307127318367,1453.1342872681632,36.89674804743446,-62.68247137448088,-69.76990087797367,7.087429503492785,52.434999999999995,-0.0392911925345449,1496.89,-0.0008528702611194,1558.11,0.017904582868258,1559.44,0.0177325948630662,1530.68,-0.0218692916582098,1542.16,1528.022,31.85212347712428,0.3329669366818379,1559.44,1493.66,1523.902,24.258385399629486,0.3171251792010993,1559.44,1493.66,1564.5825,55.72410636591839,0.3026645514126022,1670.09,1493.66,1718.471,154.39822342541154,0.272360121630393,2075.87,1493.66,3,8,3,0.9546700158023277,0.8691796370140263,0.011622457587394906,-0.004073958006891608,1519.62,0.017380126668719686
2023-09-01,GOOGL,1519.38,1530.96,1508.29,1519.62,1570997,1519.62,0.0173801266687196,1557.3625,1707.346,2218.2493,0.3068102698214242,1660.0522079610269,1454.672792038973,43.05458915616811,-59.62831779869998,-67.74158426211893,8.113266463418952,52.179999999999986,-0.0021578071869008,1493.66,-0.0392911925345449,1496.89,-0.0008528702611194,1558.11,0.0008688948702537,1532.01,-0.0237653680551953,1505.51,1525.544,31.94611916965808,0.36905893176015575,1559.44,1493.66,1525.3129999999999,23.467196986841103,0.3088764195996666,1559.44,1493.66,1557.3625,51.344853980513484,0.306810269821423,1670.09,1493.66,1707.346,148.02930985279409,0.2769154481886624,2031.04,1493.66,4,9,3,0.9757651156997964,0.8900480628994415,0.014918203235009513,0.00015795916755493935,1498.46,-0.01392453376502012
2023-09-04,GOOGL,1486.29,1512.03,1484.88,1498.46,1087144,1498.46,-0.0139245337650201,1551.008,1696.6944,2212.24235,0.3010318479815506,1651.6396498505692,1450.376350149431,40.994368655482525,-58.24391465187773,-65.8420503400707,7.5981356881929685,52.748571428571395,0.0173801266687196,1519.62,-0.0021578071869008,1493.66,-0.0392911925345449,1496.89,0.017904582868258,1559.44,0.007519046701782,1516.83,1513.348,27.032897920905718,0.33140636067597135,1558.11,1493.66,1523.476,24.881409034262546,0.31510458383371875,1559.44,1493.66,1551.008,50.31582492528456,0.3010318479815494,1670.09,1493.66,1696.6944,143.34942882165353,0.27523378071224425,1973.98,1493.66,0,9,3,0.9661200973812087,0.8831643459182259,0.018118601764466016,0.008188173236711466,1489.59,-0.005919410594877439
2023-09-05,GOOGL,1479.81,1509.01,1470.16,1489.59,555398,1489.59,-0.0059194105948774,1541.983,1687.0066,2206.63055,0.277403966687141,1629.118222221831,1454.8477777781688,36.50680472297144,-57.2030983442321,-64.11425994090298,6.91116159667088,52.11428571428568,-0.0139245337650201,1498.46,0.0173801266687196,1519.62,-0.0021578071869008,1493.66,-0.0008528702611194,1558.11,0.0165147050097902,1541.88,1499.644,11.671740658626854,0.3266628616608737,1519.62,1489.59,1518.247,26.050997016048893,0.2998688728368166,1559.44,1489.59,1541.983,43.56761111091551,0.27740396668713985,1650.95,1489.59,1687.0066,140.56853463348165,0.27050579230004995,1939.52,1489.59,1,9,3,0.9660223232026773,0.8829781697351492,0.026081002154937822,0.006608956555228958,1485.8,-0.002544324277150012
2023-09-06,GOOGL,1473.99,1518.36,1453.24,1485.8,2452768,1485.8,-0.00254432427715,1533.7255,1678.6126000000002,2200.79115,0.2766915049792715,1607.68650579335,1459.76449420665,40.34534740110717,-56.0380929938633,-62.49902655149505,6.460933557631748,53.47357142857137,-0.0059194105948774,1489.59,-0.0139245337650201,1498.46,0.0173801266687196,1519.62,-0.0392911925345449,1496.89,-0.0245609256232651,1504.01,1497.426,13.270195175741188,0.1830497372900346,1519.62,1485.8,1516.426,27.73855167205904,0.2755017299709717,1559.44,1485.8,1533.7255,36.980502896675006,0.2766915049792703,1629.5,1485.8,1678.6126000000002,139.78393690097147,0.26214573480114767,1939.52,1485.8,2,9,3,0.9687522310863523,0.8851357364999611,0.043828240678392826,0.008012266026222657,1418.83,-0.045073361152241254
2023-09-07,GOOGL,1422.03,1435.75,1401.91,1418.83,1008763,1418.83,-0.0450733611522412,1523.192,1669.1836,2194.5497,0.3102152192661369,1599.68448042896,1446.69951957104,36.54872749686007,-59.82906495019688,-61.965034231235414,2.135969281038534,55.28499999999993,-0.00254432427715,1485.8,-0.0059194105948774,1489.59,-0.0139245337650201,1498.46,-0.0021578071869008,1493.66,0.0177325948630662,1530.68,1482.46,37.90657924427385,0.3609008306981028,1519.62,1418.83,1505.241,40.81884870956552,0.3303589408267302,1559.44,1418.83,1523.192,38.246240214480046,0.3102152192661358,1576.64,1418.83,1669.1836,141.10905543420873,0.27723090228052305,1939.52,1418.83,3,9,3,0.93148467166258,0.8500143423402613,0.02385063749707581,-0.002250304142667732,1457.68,0.02738171592086447
2023-09-08,GOOGL,1445.85,1484.05,1431.31,1457.68,2182672,1457.68,0.0273817159208644,1517.4805,1660.703,2188.66295,0.3133267608320336,1595.6956915454462,1439.265308454554,41.54347639441398,-59.0182416686896,-61.37567571872625,2.3574340500366517,55.55071428571422,-0.0450733611522412,1418.83,-0.00254432427715,1485.8,-0.0059194105948774,1489.59,0.0173801266687196,1519.62,0.0008688948702537,1532.01,1470.0720000000001,32.45575865701703,0.41208736464455487,1498.46,1418.83,1497.808,42.14865248902899,0.37292078926240135,1559.44,1418.83,1517.4805000000001,39.107595772723066,0.3133267608320325,1576.64,1418.83,1660.703,140.81735051152413,0.28693407333481274,1939.52,1418.83,4,9,3,0.9605922448420521,0.877748760614705,0.03618078041817396,0.008182038247392174,1437.2,-0.014049722847264134
2023-09-11,GOOGL,1444.51,1464.77,1409.62,1437.2,2001097,1437.2,-0.0140497228472641,1511.1635,1652.1808,2182.2637,0.3154949454557305,1593.9874327925686,1428.3395672074316,34.83601807715928,-59.34414090205337,-60.96936875539168,1.625227853338309,56.58142857142851,0.0273817159208644,1457.68,-0.0450733611522412,1418.83,-0.00254432427715,1485.8,-0.0139245337650201,1498.46,0.017904582868258,1559.44,1457.8200000000002,30.568110016856718,0.4122013906205414,1489.59,1418.83,1485.5839999999998,39.95712235184995,0.3526104521642513,1558.11,1418.83,1511.1635,41.411966396284214,0.31549494545572937,1576.64,1418.83,1652.1807999999999,141.19890327139393,0.2874647997120382,1939.52,1418.83,0,9,3,0.9510552630466849,0.8698805844972476,0.03837322571664467,-0.005060539560124115,1449.27,0.008398274422488194
2023-09-12,GOOGL,1435.37,1473.51,1425.03,1449.27,804059,1449.27,0.0083982744224881,1505.7135,1643.141,2175.90215,0.318564343927307,1589.820951644759,1421.6060483552412,41.42973446712169,-57.960339550392064,-60.367562914391755,2.407223363999691,55.76928571428565,-0.0140497228472641,1437.2,0.0273817159208644,1457.68,-0.0450733611522412,1418.83,-0.0059194105948774,1489.59,-0.0008528702611194,1558.11,1449.7559999999999,24.88104961617855,0.4290329061772521,1485.8,1418.83,1474.7,32.04721516721611,0.36075527219532194,1519.62,1418.83,1505.7135,42.053725822379434,0.3185643439273058,1576.64,1418.83,1643.141,139.38390895104376,0.28325417950091275,1939.52,1418.83,1,9,3,0.9625137849923225,0.8820119514996692,0.03345132376987488,0.009683914252067695,1447.65,-0.0011178041358752555
2023-09-13,GOOGL,1440.4,1465.24,1430.07,1447.65,1814114,1447.65,-0.0011178041358752,1499.264,1633.3036000000002,2169.7526,0.3136449876263263,1580.193705534897,1418.3342944651029,35.89412524038423,-56.34487878142227,-59.56302608779786,3.2181473063755917,52.84928571428566,0.0083982744224881,1449.27,-0.0140497228472641,1437.2,0.0273817159208644,1457.68,-0.00254432427715,1485.8,-0.0392911925345449,1496.89,1442.126,14.920181969494044,0.42970348457514607,1457.68,1418.83,1469.776,32.04175165097322,0.3127204765655219,1519.62,1418.83,1499.264,40.464852767448534,0.3136449876263252,1559.44,1418.83,1633.3036000000002,135.33807458234483,0.2774196841482545,1929.68,1418.83,2,9,3,0.9655737748648902,0.8863324613985505,0.024294546333696525,0.005033324076641882,1477.48,0.020605809415259246
2023-09-14,GOOGL,1489.03,1501.92,1453.04,1477.48,924728,1477.48,0.0206058094152592,1496.03,1624.2596,2163.5637,0.3178870373558649,1574.8849402388369,1417.175059761163,41.55385520714428,-52.05749636947826,-58.06192014413394,6.0044237746556846,52.62571428571422,-0.0011178041358752,1447.65,0.0083982744224881,1449.27,-0.0140497228472641,1437.2,-0.0450733611522412,1418.83,-0.0021578071869008,1493.66,1453.856,15.080488387406472,0.2636965239412108,1477.48,1437.2,1468.158,31.096251220584875,0.3348630602585436,1519.62,1418.83,1496.03,39.42747011941841,0.31788703735586377,1559.44,1418.83,1624.2595999999999,130.13773348791054,0.28362998315851273,1875.59,1418.83,3,9,3,0.9876005160317723,0.9096329182841771,0.033083358150341816,-0.007756727534026983,1487.52,0.006795354251834196
2023-09-15,GOOGL,1494.02,1505.14,1469.9,1487.52,568724,1487.52,0.0067953542518341,1495.1305,1616.4982,2157.33455,0.3084366277032138,1573.9405318158,1416.3204681842,38.2260493728794,-47.30427657243399,-55.910391429793954,8.606114857359962,50.280714285714225,0.0206058094152592,1477.48,-0.0011178041358752,1447.65,0.0083982744224881,1449.27,0.0273817159208644,1457.68,0.0173801266687196,1519.62,1459.824,21.50721576593871,0.20310939349003904,1487.52,1437.2,1464.9479999999999,26.51268073910426,0.3226906008215526,1498.46,1418.83,1495.1305,39.40501590789997,0.30843662770321273,1559.44,1418.83,1616.4982,126.35990354225116,0.27994524205990656,1859.17,1418.83,4,9,3,0.9949098088755497,0.9202113556322424,0.023690437775610626,-0.00435067803643569,1482.34,-0.0034823061202539085
2023-09-18,GOOGL,1469.68,1492.24,1469.68,1482.34,1012560,1482.34,-0.0034823061202539,1493.406,1608.9616,2150.9892,0.3071505278004452,1571.7246485560722,1415.0873514439277,37.75018591997766,-43.454383266231844,-53.419189797081536,9.964806530849692,48.93214285714281,0.0067953542518341,1487.52,0.0206058094152592,1477.48,-0.0011178041358752,1447.65,-0.0140497228472641,1437.2,-0.0139245337650201,1498.46,1468.852,18.959445403348504,0.1505995504246984,1487.52,1447.65,1463.3359999999998,24.675093695111464,0.31602485503653155,1489.59,1418.83,1493.406,39.15932427803616,0.30715052780044405,1559.44,1418.83,1608.9616,122.77765194765004,0.2797806272091921,1841.91,1418.83,0,9,3,0.9925900927135738,0.92130228589612,0.015219180484898693,0.008614120080555794,1461.7,-0.013923931081937901
2023-09-19,GOOGL,1471.08,1498.03,1425.36,1461.7,1406882,1461.7,-0.0139239310819379,1489.397,1601.3574,2144.63035,0.3031471738879009,1565.443662988258,1413.350337011742,43.45156127653308,-41.58937417144398,-51.05322667195403,9.46385250051005,47.57285714285711,-0.0034823061202539,1482.34,0.0067953542518341,1487.52,0.0206058094152592,1477.48,0.0083982744224881,1449.27,-0.0059194105948774,1489.59,1471.3380000000002,16.390833413909373,0.20426170384923514,1487.52,1447.65,1460.547,22.889495430976663,0.3220807971633439,1487.52,1418.83,1489.397,38.02333149412907,0.30314717388789975,1559.44,1418.83,1601.3573999999999,119.7934504666967,0.28039329576386957,1823.14,1418.83,1,9,3,0.9814038835844431,0.9127881133837376,0.04971608401173316,-0.006376267776051272,1480.88,0.01312170760073883
2023-09-20,GOOGL,1480.67,1492.05,1469.71,1480.88,997230,1480.88,0.0131217076007388,1488.2405,1594.5122,2138.2648,0.2961922036574119,1564.0546088040678,1412.4263911959324,47.7550590195736,-38.12420323767651,-48.467421985098525,10.343218747422014,48.50071428571425,-0.0139239310819379,1461.7,-0.0034823061202539,1482.34,0.0067953542518341,1487.52,-0.0011178041358752,1447.65,-0.00254432427715,1485.8,1477.984,9.79438002134196,0.21622017799138807,1487.52,1461.7,1460.0549999999998,22.332480704526013,0.3304253593401866,1487.52,1418.83,1488.2405,37.90705440203384,0.2961922036574108,1559.44,1418.83,1594.5122000000001,116.59781844645241,0.28281659557447403,1803.39,1418.83,2,9,3,0.9950542267859294,0.9287354464889459,0.0150856247636438,0.0001418276861149983,1437.54,-0.029266382151153514
2023-09-21,GOOGL,1447.51,1447.51,1428.27,1437.54,1061308,1437.54,-0.0292663821511535,1483.5835,1587.1952,2131.73635,0.3044623911627477,1559.8622509286097,1407.3047490713902,36.4114959257342,-38.43218380822714,-46.46037434972425,8.02819054149711,49.5942857142857,0.0131217076007388,1480.88,-0.0139239310819379,1461.7,-0.0034823061202539,1482.34,0.0206058094152592,1477.48,-0.0450733611522412,1418.83,1469.996,20.616388626588947,0.2677229416020366,1487.52,1437.54,1461.926,19.03527555695401,0.2751324628804541,1487.52,1437.2,1483.5835,38.13937546430484,0.30446239116274665,1559.44,1418.83,1587.1951999999999,114.68598866853742,0.28808782906518476,1785.38,1418.83,3,9,3,0.9689646723619069,0.9057109043670836,0.013383975402414282,-0.006887689895056435,1452.87,0.010664051087273974
2023-09-22,GOOGL,1455.79,1485.66,1420.07,1452.87,1896002,1452.87,0.0106640510872739,1479.6265,1580.5502,2125.15825,0.3080591322829131,1553.5007365964125,1405.7522634035877,42.30392653164435,-37.01259953947647,-44.570819387674696,7.5582198481982275,51.79785714285715,-0.0292663821511535,1437.54,0.0131217076007388,1480.88,-0.0139239310819379,1461.7,0.0067953542518341,1487.52,0.0273817159208644,1457.68,1463.066,19.014643830548582,0.2799120685894678,1482.34,1437.54,1461.445,19.214417184796016,0.24178563314917062,1487.52,1437.2,1479.6265,36.93711829820618,0.308059132282912,1559.44,1418.83,1580.5502,112.59029532771375,0.2897241809325093,1785.38,1418.83,4,9,3,0.9819167201986568,0.9192178774195725,0.04514512654260533,-0.0020057838012337405,1427.93,-0.017166023112873074
2023-09-25,GOOGL,1433.12,1443.69,1412.17,1427.93,1252221,1427.93,-0.017166023112873,1473.051,1573.6168,2118.86735,0.302399812003824,1540.1098944300206,1405.9921055699792,40.1268173939609,-37.46810930567494,-43.15027737127475,5.682168065599804,51.93,0.0106640510872739,1452.87,-0.0292663821511535,1437.54,0.0131217076007388,1480.88,-0.0034823061202539,1482.34,-0.0140497228472641,1437.2,1452.184,20.719486721507632,0.293086698902697,1480.88,1427.93,1460.518,20.681678310798855,0.2472195841134661,1487.52,1427.93,1473.051,33.5294472150103,0.30239981200382277,1558.11,1418.83,1573.6168,111.0603948848628,0.2912152919695289,1785.38,1418.83,0,9,3,0.9693690170937943,0.9074191378733962,0.022073911186107097,-0.003621469241931036,1457.22,0.020512209982282092
2023-09-26,GOOGL,1471.61,1483.46,1430.99,1457.22,856417,1457.22,0.020512209982282,1468.0065,1567.6188,2112.81215,0.3148111242478012,1522.0374857598106,1413.975514240189,45.76918521837764,-35.06147895946947,-41.5325176889137,6.471038729444231,51.245000000000005,-0.017166023112873,1427.93,0.0106640510872739,1452.87,-0.0292663821511535,1437.54,-0.0139239310819379,1461.7,0.0083982744224881,1449.27,1451.288,20.29766907806756,0.3420334174313237,1480.88,1427.93,1461.313,20.35142749501163,0.26622764294872187,1487.52,1427.93,1468.0065,27.015492879905278,0.3148111242478,1519.62,1418.83,1567.6188,109.02743941527255,0.29610662482307876,1785.38,1418.83,1,9,3,0.9926522804899075,0.929575480977308,0.03600691728082515,-0.009778405963529805,1461.39,0.002861613208712477
2023-09-27,GOOGL,1453.56,1478.31,1444.46,1461.39,1589045,1461.39,0.0028616132087124,1466.2315,1561.5772,2106.40135,0.2847562091780068,1518.573310308657,1413.8896896913427,57.7393075327017,-32.44373177700686,-39.714760506532336,7.271028729525476,47.67071428571429,0.020512209982282,1457.22,-0.017166023112873,1427.93,0.0106640510872739,1452.87,0.0131217076007388,1480.88,-0.0011178041358752,1447.65,1447.3899999999999,14.127751059626528,0.3236930654096236,1461.39,1427.93,1462.6870000000001,19.78235748720074,0.26622708425347896,1487.52,1427.93,1466.2314999999999,26.170905154328565,0.28475620917800565,1519.62,1418.83,1561.5772,106.2883989299089,0.2960176435419227,1785.38,1418.83,2,9,3,0.9966979975529126,0.9358423009756189,0.02316287917665835,0.005386774539747082,1476.93,0.010633711740192453
2023-09-28,GOOGL,1480.59,1495.88,1457.98,1476.93,1298736,1476.93,0.0106337117401924,1465.395,1555.6328,2100.2319,0.2876981746749519,1516.409032951399,1414.380967048601,53.824756603403365,-28.783402995567258,-37.52848900433932,8.745086008772063,45.719285714285725,0.0028616132087124,1461.39,0.020512209982282,1457.22,-0.017166023112873,1427.93,-0.0292663821511535,1437.54,0.0206058094152592,1477.48,1455.268,17.773914031599716,0.22437292328381037,1476.93,1427.93,1462.632,19.73737278408838,0.24994904195839396,1487.52,1427.93,1465.395,25.507016475699515,0.2876981746749507,1519.62,1418.83,1555.6328,102.39729769703283,0.29696079243986295,1785.38,1418.83,3,9,3,1.007871597759643,0.9494078551178984,0.02566133804579393,-0.002471987518487483,1479.27,0.0015843675732769569
2023-09-29,GOOGL,1478.09,1494.42,1464.12,1479.27,437656,1479.27,0.0015843675732769,1463.3775,1550.239,2094.2008,0.2801101777123653,1508.1748419684716,1418.5801580315283,59.00817951768184,-25.400941380529957,-35.10297947957745,9.702038099047492,43.94428571428573,0.0106337117401924,1476.93,0.0028616132087124,1461.39,0.020512209982282,1457.22,0.0106640510872739,1452.87,0.0067953542518341,1487.52,1460.548,20.582769978859517,0.22043504439476422,1479.27,1427.93,1461.8070000000002,18.72811080750159,0.2473817137162961,1482.34,1427.93,1463.3775,22.39867098423581,0.2801101777123641,1498.46,1418.83,1550.239,99.05433875147209,0.2961459343944637,1785.38,1418.83,4,9,3,1.01086015057563,0.9542206072734887,0.020483076111852263,0.000798327571392314,1438.76,-0.02738512915154101
2023-10-02,GOOGL,1425.51,1455.83,1421.7,1438.76,1424274,1438.76,-0.027385129151541,1460.3925000000002,1543.3065999999997,2088.05945,0.2920440424955271,1503.2615632540812,1417.523436745919,47.99389196155024,-25.692962150736776,-33.22097601380932,7.528013863072545,44.593571428571444,0.0015843675732769,1479.27,0.0106337117401924,1476.93,0.0028616132087124,1461.39,-0.017166023112873,1427.93,-0.0034823061202539,1482.34,1462.714,16.446328769747318,0.2840828128630075,1479.27,1438.76,1457.449,18.488187489318744,0.28224058135507246,1480.88,1427.93,1460.3925000000002,21.434531627040545,0.2920440424955259,1489.59,1418.83,1543.3065999999997,94.27594195255892,0.2958331152839027,1758.08,1418.83,0,10,4,0.9851872013852541,0.9322580490481075,0.02372181600821274,0.009294919011435,1419.47,-0.013407378575995943
2023-10-03,GOOGL,1405.68,1438.22,1400.71,1419.47,1403617,1419.47,-0.0134073785759959,1456.8865,1536.5344,2082.07475,0.2946198055116621,1501.148067159788,1412.624932840212,44.961018522890136,-27.167759481802022,-32.01033270740786,4.84257322560584,44.799285714285716,-0.027385129151541,1438.76,0.0015843675732769,1479.27,0.0106337117401924,1476.93,0.020512209982282,1457.22,-0.0139239310819379,1461.7,1455.1640000000002,25.674763484844387,0.2409120933455284,1479.27,1419.47,1453.226,21.914768839912327,0.281683760403581,1480.88,1419.47,1456.8865,22.130783579894047,0.2946198055116609,1487.52,1418.83,1536.5344,90.6241919126324,0.29549790635826834,1724.56,1418.83,1,10,4,0.9743174914442722,0.9238127047458724,0.02642535594269239,0.00981019862272363,1435.21,0.011088645762150628
2023-10-04,GOOGL,1424.28,1463.07,1407.36,1435.21,1209697,1435.21,0.0110886457621506,1454.3570000000002,1530.9661999999998,2076.6195,0.2983850297837142,1497.427499906286,1411.2865000937145,42.04044740485607,-26.758010843955162,-30.959868334717324,4.201857490762162,44.90214285714286,-0.0134073785759959,1419.47,-0.027385129151541,1438.76,0.0015843675732769,1479.27,0.0028616132087124,1461.39,0.0131217076007388,1480.88,1449.928,26.7352505131849,0.2640967465108552,1479.27,1419.47,1448.659,20.203331655283392,0.2786376327986072,1479.27,1419.47,1454.3570000000002,21.535249953142905,0.298385029783713,1487.52,1418.83,1530.9661999999998,88.03774069844647,0.2933594813951051,1724.56,1418.83,2,10,4,0.986834731774257,0.937453746528867,0.03881661917068667,0.0076740528547704035,1439.44,0.002947303878874985
2023-10-05,GOOGL,1443.73,1461.36,1417.51,1439.44,1714294,1439.44,0.0029473038788749,1455.3875,1525.2638,2071.2285,0.2503253501376666,1495.7820889428465,1414.9929110571536,40.74387802028949,-25.794612214941935,-29.926817110762247,4.132204895820312,45.51714285714286,0.0110886457621506,1435.21,-0.0134073785759959,1419.47,-0.027385129151541,1438.76,0.0106337117401924,1476.93,-0.0292663821511535,1437.54,1442.4299999999998,22.129644145417956,0.24297983335501858,1479.27,1419.47,1448.849,20.09579361668731,0.23745368302822756,1479.27,1419.47,1455.3875,20.19729447142326,0.2503253501376653,1487.52,1419.47,1525.2638,84.40115135797664,0.29287278755746543,1711.86,1418.83,3,10,4,0.9890424371509381,0.9437318318307013,0.030463235702752074,-0.002971469734643591,1467.29,0.01934780192297003
2023-10-06,GOOGL,1469.26,1502.32,1432.27,1467.29,917010,1467.29,0.01934780192297,1455.868,1520.5572,2065.9459,0.2404572352809766,1496.6045857038716,1415.1314142961282,47.33524558000393,-22.524204602866575,-28.446294609183113,5.922090006316537,48.909285714285716,0.0029473038788749,1439.44,0.0110886457621506,1435.21,-0.0134073785759959,1419.47,0.0015843675732769,1479.27,0.0106640510872739,1452.87,1440.034,17.255539110756743,0.2995939885650036,1467.29,1419.47,1450.2910000000002,20.91696995732477,0.2517079133223786,1479.27,1419.47,1455.868,20.36829285193588,0.24045723528097537,1487.52,1419.47,1520.5572,80.79355131963007,0.2964727658087596,1711.86,1418.83,4,10,4,1.0078454914861734,0.9649686312353359,0.04774107368001705,-0.001340811020512834,1477.19,0.006747132468700956
2023-10-09,GOOGL,1478.77,1485.82,1468.57,1477.19,1372894,1477.19,0.0067471324687009,1457.8674999999998,1515.8638,2060.71995,0.2351103643281501,1498.6716617468296,1417.06333825317,52.85109515648844,-18.915489754626606,-26.54013363827181,7.624643883645206,45.04214285714285,0.01934780192297,1467.29,0.0029473038788749,1439.44,0.0110886457621506,1435.21,-0.027385129151541,1438.76,-0.017166023112873,1427.93,1447.72,23.846314180660645,0.19253928636663076,1477.19,1419.47,1455.217,20.86614432190055,0.23087707010527372,1479.27,1419.47,1457.8674999999998,20.402080873414903,0.23511036432814889,1487.52,1419.47,1515.8638,76.13560021395801,0.296675880062693,1703.99,1418.83,0,10,4,1.013253947974687,0.9744872857304366,0.01167757702122836,-0.0010684555407526922,1454.92,-0.01507592117466272
2023-10-10,GOOGL,1441.29,1476.83,1433.0,1454.92,641169,1454.92,-0.0150759211746627,1458.15,1512.0078,2055.40845,0.2406466009809052,1498.781405536376,1417.518594463624,45.27553322911167,-17.64911214128051,-24.761929338873554,7.112817197593042,46.03071428571429,0.0067471324687009,1477.19,0.01934780192297,1467.29,0.0029473038788749,1439.44,-0.0134073785759959,1419.47,0.020512209982282,1457.22,1454.81,17.86773488729625,0.20286463772567082,1477.19,1435.21,1454.9869999999999,20.854285490201356,0.22650004845081836,1479.27,1419.47,1458.15,20.31570276818795,0.240646600980904,1487.52,1419.47,1512.0078,74.17842580039886,0.287319515085657,1703.99,1418.83,1,10,4,0.9977848643822668,0.962243713292377,0.030125367717791906,0.00945680605567974,1436.89,-0.012392433948258286
2023-10-11,GOOGL,1436.01,1460.87,1412.92,1436.89,1412212,1436.89,-0.0123924339482582,1457.612,1507.0395999999998,2049.9947,0.2448218980032263,1499.1046157548217,1416.1193842451787,49.869702919864615,-17.894097063687013,-23.388362883836248,5.494265820149234,45.697857142857124,-0.0150759211746627,1454.92,0.0067471324687009,1477.19,0.01934780192297,1467.29,0.0110886457621506,1435.21,0.0028616132087124,1461.39,1455.146,17.417130360731058,0.22574591616062717,1477.19,1436.89,1452.537,21.449136242026167,0.23380610827614196,1479.27,1419.47,1457.612,20.74630787741066,0.24482189800322499,1487.52,1419.47,1507.0395999999998,70.56591224695946,0.2823087883672089,1703.99,1418.83,2,10,4,0.9857835967315131,0.9534520526196172,0.033370682515687665,0.0006128091030003247,1439.65,0.0019208150937093382
2023-10-12,GOOGL,1451.88,1473.35,1405.96,1439.65,2620972,1439.65,0.0019208150937093,1455.7205,1501.7528,2044.3834,0.2323682974903884,1496.8470494869632,1414.593950513037,47.20932195955027,-17.66194454347942,-22.243079215764883,4.581134672285462,45.826428571428536,-0.0123924339482582,1436.89,-0.0150759211746627,1454.92,0.0067471324687009,1477.19,0.0029473038788749,1439.44,0.0106337117401924,1476.93,1455.188,17.369977547558843,0.22510850577940011,1477.19,1436.89,1448.809,19.923926124024817,0.22497453701093362,1479.27,1419.47,1455.7205000000001,20.563274743481593,0.23236829749038712,1487.52,1419.47,1501.7528,65.20802442278882,0.2806964276677712,1670.09,1418.83,3,10,4,0.9889604494812096,0.9586464563269278,0.04680998853884837,-0.008423561175848963,1387.7,-0.03608515958739977
2023-10-13,GOOGL,1384.86,1396.0,1379.4,1387.7,806040,1387.7,-0.0360851595873997,1450.7295,1496.2264000000002,2038.54785,0.260913471010454,1499.1823977903568,1402.276602209643,42.376928030495016,-21.42294248868984,-22.079051870349875,0.6561093816600341,47.222857142857116,0.0019208150937093,1439.65,-0.0123924339482582,1436.89,-0.0150759211746627,1454.92,0.01934780192297,1467.29,0.0015843675732769,1479.27,1439.27,32.97014786140438,0.2667818132568857,1477.19,1387.7,1439.652,24.811727423760452,0.27898991907774623,1477.19,1387.7,1450.7295,24.22644889517841,0.26091347101045265,1482.34,1387.7,1496.2264000000002,62.841325631814335,0.28674720816404475,1670.09,1387.7,4,10,4,0.9565532375257024,0.9274665919536458,0.011962239677154965,0.0020507488121529215,1425.75,0.027419471067233525
2023-10-16,GOOGL,1429.31,1449.23,1402.27,1425.75,885503,1425.75,0.0274194710672335,1447.9,1492.2304,2033.0159,0.2828238808830212,1495.175510518758,1400.624489481242,44.228441475189086,-21.09012956839979,-21.88126740995986,0.7911378415600723,47.651428571428546,-0.0360851595873997,1387.7,0.0019208150937093,1439.65,-0.0123924339482582,1436.89,0.0067471324687009,1477.19,-0.027385129151541,1438.76,1428.982,25.31685150256599,0.3726625235568189,1454.92,1387.7,1438.351,25.20172015680823,0.2976518713991394,1477.19,1387.7,1447.9,23.637755259378952,0.28282388088302,1480.88,1387.7,1492.2304000000001,60.76829644541574,0.29134127783733516,1670.09,1387.7,0,10,4,0.9847019821804097,0.9554489708821403,0.03293705067506021,-0.00249071230173822,1436.25,0.007364544976328213
2023-10-17,GOOGL,1444.29,1467.95,1404.55,1436.25,903314,1436.25,0.0073645449763282,1446.6275,1487.5536000000002,2027.58985,0.2808007824880484,1493.7086692725702,1399.54633072743,45.4939776289184,-19.75142851041278,-21.455299630050447,1.7038711196376681,49.76214285714285,0.0274194710672335,1425.75,-0.0360851595873997,1387.7,0.0019208150937093,1439.65,-0.0150759211746627,1454.92,-0.0134073785759959,1419.47,1425.248,21.645450330335393,0.37547028692568696,1439.65,1387.7,1440.029,24.349094187484532,0.2911101892130798,1477.19,1387.7,1446.6275,23.54058463628503,0.28080078248804724,1480.88,1387.7,1487.5536000000002,55.57724019391131,0.28416681440975394,1650.95,1387.7,1,10,4,0.9928264186869163,0.9655114276211858,0.04414273281110945,-0.0055667490600879305,1465.12,0.020100957354221016
2023-10-18,GOOGL,1473.44,1479.54,1450.71,1465.12,1264049,1465.12,0.020100957354221,1445.8395,1483.8370000000002,2022.18725,0.2864034218492702,1490.9950051031992,1400.6839948968009,47.97974614023153,-16.174481202754805,-20.399135944591322,4.224654741836517,50.14714285714284,0.0073645449763282,1436.25,0.0274194710672335,1425.75,-0.0360851595873997,1387.7,-0.0123924339482582,1436.89,0.0110886457621506,1435.21,1430.894,28.146739242813762,0.39127295122583483,1465.12,1387.7,1443.02,25.501155093139975,0.302849656595092,1477.19,1387.7,1445.8395,22.577752551599627,0.2864034218492691,1479.27,1387.7,1483.8370000000002,50.399805403132994,0.2880578046902865,1629.5,1387.7,2,10,4,1.013335159261444,0.9873860808154887,0.019677569072826973,-0.005646650016284692,1428.93,-0.02470104837828968
2023-10-19,GOOGL,1429.48,1461.11,1396.74,1428.93,784355,1428.93,-0.0247010483782896,1445.409,1479.8256000000003,2016.30935,0.2806978142465417,1491.059125221121,1399.758874778879,42.28245538544198,-16.074656603276253,-19.53424007632831,3.4595834730520565,52.86714285714282,0.020100957354221,1465.12,0.0073645449763282,1436.25,0.0274194710672335,1425.75,0.0019208150937093,1439.65,0.0029473038788749,1439.44,1428.75,27.718052781589382,0.44302591957189796,1465.12,1387.7,1441.969,25.878875747861393,0.3314666325568327,1477.19,1387.7,1445.409,22.825062610560444,0.2806978142465405,1479.27,1387.7,1479.8256000000003,46.392157463327365,0.2914879780514121,1576.64,1387.7,3,10,4,0.9885990747248782,0.965607028287005,0.04504769302901811,-0.0003847552956316771,1458.06,0.020385883143331007
2023-10-20,GOOGL,1468.5,1468.5,1450.22,1458.06,1420232,1458.06,0.020385883143331,1445.6685,1477.5486,2010.7038,0.2876998060655713,1491.5555940584068,1399.7814059415932,53.06582793003266,-13.489498793391022,-18.325291819740855,4.835793026349833,51.58142857142853,-0.0247010483782896,1428.93,0.020100957354221,1465.12,0.0073645449763282,1436.25,-0.0360851595873997,1387.7,0.01934780192297,1467.29,1442.8220000000001,17.727305773941676,0.32959941069364274,1465.12,1425.75,1441.0459999999998,25.02597281882939,0.3332463722302328,1477.19,1387.7,1445.6685,22.943547029203334,0.28769980606557016,1479.27,1387.7,1477.5486,44.537154771297644,0.28595040925533116,1576.64,1387.7,4,10,4,1.0085714671095007,0.9868101800502623,0.012537206973641302,-0.007109295199178036,1511.47,0.036630865670822965
2023-10-23,GOOGL,1508.19,1541.17,1481.77,1511.47,1683807,1511.47,0.0366308656708229,1449.8455,1476.5072,2005.34135,0.30702160356558,1503.4875045454232,1396.2034954545766,63.18504929808362,-7.049736990279598,-16.070180853848605,9.020443863569007,54.79999999999997,0.020385883143331,1458.06,-0.0247010483782896,1428.93,0.020100957354221,1465.12,0.0274194710672335,1425.75,0.0067471324687009,1477.19,1459.966,32.436632531794174,0.3646883510294009,1511.47,1428.93,1444.4740000000002,31.9240992907999,0.38153791393724673,1511.47,1387.7,1449.8455,26.821002272711674,0.30702160356557895,1511.47,1387.7,1476.5072,43.07001049714917,0.2981959737237526,1576.64,1387.7,0,10,4,1.0425041840657903,1.023679396889481,0.03929948990053444,0.002174792300703358,1480.27,-0.020642156311405535
2023-10-24,GOOGL,1491.77,1515.29,1445.24,1480.27,1485959,1480.27,-0.0206421563114055,1450.998,1474.9472,1999.74925,0.310664181533641,1506.2727375824534,1395.7232624175467,56.18378437507116,-4.4128895719984484,-13.738722597478574,9.325833025480126,55.82428571428568,0.0366308656708229,1511.47,0.020385883143331,1458.06,-0.0247010483782896,1428.93,0.0073645449763282,1436.25,-0.0150759211746627,1454.92,1468.77,30.293531487803733,0.43443467679766706,1511.47,1428.93,1447.009,33.79728044575327,0.389677085217308,1511.47,1387.7,1450.998,27.63736879122663,0.31066418153363995,1511.47,1387.7,1474.9472,41.429455066192325,0.3015521395081113,1576.64,1387.7,1,10,4,1.0201737011346534,1.0036088071484839,0.047322447931764225,-0.007708963177964627,1499.06,0.012693630216109142
2023-10-25,GOOGL,1491.27,1526.26,1471.86,1499.06,591528,1499.06,0.0126936302161091,1452.8815,1473.3956000000005,1994.45235,0.3134076188976939,1512.0755069074255,1393.6874930925742,57.86751121454171,-0.7977767562852023,-11.1505334292399,10.352756672954698,56.57785714285712,-0.0206421563114055,1480.27,0.0366308656708229,1511.47,0.020385883143331,1458.06,0.020100957354221,1465.12,-0.0123924339482582,1436.89,1475.558,32.95667261727867,0.4226929693537214,1511.47,1428.93,1453.226,37.268853602738325,0.38404145705139053,1511.47,1387.7,1452.8815,29.597003453712887,0.31340761889769286,1511.47,1387.7,1473.3956000000003,38.919911495746206,0.3017539478227336,1559.44,1387.7,2,10,4,1.031784078742119,1.0174185398673528,0.03628940802900738,0.005223735473787268,1499.49,0.0002868464237588686
2023-10-26,GOOGL,1492.9,1520.16,1478.83,1499.49,1786732,1499.49,0.0002868464237588,1454.0095,1472.5422,1989.14995,0.3115366356187604,1515.9300669349516,1392.0889330650486,54.58063047466677,2.077970056667027,-8.504832732058514,10.582802788725541,54.52642857142856,0.0126936302161091,1499.06,-0.0206421563114055,1480.27,0.0366308656708229,1511.47,-0.0247010483782896,1428.93,0.0019208150937093,1439.65,1489.67,20.900936581941554,0.34208819773296617,1511.47,1458.06,1459.21,39.57927965174882,0.3844371543895987,1511.47,1387.7,1454.0095000000001,30.960283467475726,0.3115366356187594,1511.47,1387.7,1472.5422,37.83400275451351,0.2978842118258635,1559.44,1387.7,3,10,4,1.0312793692193682,1.0183001886118996,0.027562704652897046,0.004414227342752698,1463.29,-0.02414154145742886
2023-10-27,GOOGL,1450.21,1471.92,1450.21,1463.29,1745897,1463.29,-0.0241415414574288,1453.2105,1471.6978,1983.9598,0.3239680588255281,1514.1634770359565,1392.2575229640438,48.16030493759794,1.4196181858271757,-6.519942548481376,7.939560734308552,56.72285714285714,0.0002868464237588,1499.49,0.0126936302161091,1499.06,-0.0206421563114055,1480.27,0.020385883143331,1458.06,-0.0360851595873997,1387.7,1490.716,18.96469298465788,0.3974402877764054,1511.47,1463.29,1466.7689999999998,30.605474981816364,0.3526259149319393,1511.47,1425.75,1453.2105000000001,30.47648851797821,0.3239680588255271,1511.47,1387.7,1471.6978,37.55329634625081,0.29803719729221273,1559.44,1387.7,4,10,4,1.0069360220002492,0.9942870064757899,0.014836430235964983,0.0090193833996393,1475.28,0.00819386451079418
2023-10-30,GOOGL,1484.0,1509.8,1440.75,1475.28,1672611,1475.28,0.0081938645107941,1455.0365,1470.8668000000002,1979.17535,0.3088448299202652,1516.3537441708174,1393.7192558291824,52.77006802520059,1.8441046894618012,-4.847133100892741,6.691237790354542,58.49857142857142,-0.0241415414574288,1463.29,0.0002868464237588,1499.49,0.0126936302161091,1499.06,0.0366308656708229,1511.47,0.0274194710672335,1425.75,1483.478,15.686273298728631,0.2663161302415565,1499.49,1463.29,1471.722,27.028405962295995,0.331817876813015,1511.47,1428.93,1455.0365,30.65862208540878,0.3088448299202641,1511.47,1387.7,1470.8668000000002,36.98969572097804,0.29813318695643387,1559.44,1387.7,0,10,4,1.013912709405562,1.0030004076500991,0.04680467436686809,-0.005876010781667218,1495.49,0.013699094409197032
2023-10-31,GOOGL,1493.01,1517.04,1473.95,1495.49,1392998,1495.49,0.013699094409197,1458.8375,1469.939,1974.41705,0.306547828402884,1520.2963073862088,1397.3786926137914,57.925773639875125,3.7678578796089823,-3.1241349047923963,6.891992784401379,58.15142857142856,0.0081938645107941,1475.28,-0.0241415414574288,1463.29,0.0002868464237588,1499.49,-0.0206421563114055,1480.27,0.0073645449763282,1436.25,1486.522,16.369971594427856,0.2479416263824092,1499.49,1463.29,1477.646,24.789177387106886,0.33532612573178594,1511.47,1428.93,1458.8375,30.729403693104366,0.30654782840288286,1511.47,1387.7,1469.9389999999999,35.73257493106241,0.2973785963567828,1559.44,1387.7,1,10,4,1.0251244569727436,1.0173823539609348,0.028813298651258853,0.0016610739378827718,1481.58,-0.009301299239714123
2023-11-01,GOOGL,1473.55,1489.85,1473.31,1481.58,1310484,1481.58,-0.0093012992397141,1461.156,1469.4904,1969.6608,0.3077681292244498,1522.3598569137966,1399.9521430862033,55.505081005233095,4.122503736509543,-1.6748071765320085,5.797310913041551,54.922142857142866,0.013699094409197,1495.49,0.0081938645107941,1475.28,-0.0241415414574288,1463.29,0.0126936302161091,1499.06,0.020100957354221,1465.12,1483.026,14.815665020592641,0.23796462888389103,1499.49,1463.29,1479.292,24.408587650354452,0.3288325717516297,1511.47,1428.93,1461.156,30.60192845689834,0.3077681292244487,1511.47,1387.7,1469.4904000000001,35.4356693324779,0.29295281209877955,1559.44,1387.7,2,11,4,1.013977973603767,1.0082270697372313,0.011163757610111368,0.005449424858331596,1509.89,0.019107979319375357
2023-11-02,GOOGL,1501.79,1538.27,1481.51,1509.89,1813533,1509.89,0.0191079793193753,1464.6785,1469.0746,1965.00335,0.3138736215065641,1528.665900824555,1400.691099175445,67.10434222419593,6.61172765588708,-0.01750021004819069,6.62922786593527,54.67285714285715,-0.0093012992397141,1481.58,0.013699094409197,1495.49,0.0081938645107941,1475.28,0.0002868464237588,1499.49,-0.0247010483782896,1428.93,1485.106,18.07619235354588,0.28373020661412174,1509.89,1463.29,1487.388,18.578562196989406,0.3044362237417115,1511.47,1458.06,1464.6785,31.993700412277516,0.313873621506563,1511.47,1387.7,1469.0746,34.8196409624653,0.29340010174321574,1559.44,1387.7,3,11,4,1.0308678662238637,1.027783068333611,0.037592142473930154,0.005393563680670895,1470.55,-0.026054878169933016
2023-11-03,GOOGL,1482.36,1492.08,1449.03,1470.55,2590178,1470.55,-0.026054878169933,1464.8415,1467.8454000000002,1960.1494,0.3229447563306908,1528.8735045887263,1400.8094954112737,56.24860521985192,5.348393374420766,1.0556785068456007,4.292714867575166,54.625000000000014,0.0191079793193753,1509.89,-0.0093012992397141,1481.58,0.013699094409197,1495.49,-0.0241415414574288,1463.29,0.020385883143331,1458.06,1486.5579999999998,16.06543401226294,0.2947402455131538,1509.89,1470.55,1488.6370000000002,16.714110505022177,0.3298718950345707,1511.47,1463.29,1464.8415,32.01600229436321,0.32294475633068964,1511.47,1387.7,1467.8454000000002,33.61660426737434,0.29911091137202217,1559.44,1387.7,4,11,4,1.0038970086517867,1.0018425646181799,0.0292747611437698,-0.007967025553841158,1436.19,-0.023365407500594904
2023-11-06,GOOGL,1445.78,1446.94,1425.44,1436.19,819636,1436.19,-0.0233654075005949,1462.7915,1465.3804,1955.30955,0.3325282019755818,1527.7770638306508,1397.8059361693493,49.99215357875219,1.5566825456435254,1.1558793146051858,0.4008032310383396,53.31857142857143,-0.026054878169933,1470.55,0.0191079793193753,1509.89,-0.0093012992397141,1481.58,0.0081938645107941,1475.28,0.0366308656708229,1511.47,1478.74,28.002362400384342,0.33011541933944166,1509.89,1436.19,1481.109,21.54294803349712,0.2827908122498811,1509.89,1436.19,1462.7915,32.49278191532544,0.3325282019755808,1511.47,1387.7,1465.3804,31.194717760266197,0.3002965173400538,1558.11,1387.7,0,11,4,0.9818145648228187,0.9800799846913607,0.014970164114765476,-0.006633097705040383,1439.73,0.0024648549286654386
2023-11-07,GOOGL,1441.27,1453.09,1426.36,1439.73,1847016,1439.73,0.0024648549286654,1462.032,1463.0128,1950.49285,0.3286249758949275,1527.75577943507,1396.3082205649298,46.44407719489591,-1.1493778762835518,0.6948278764274383,-1.84420575271099,52.13571428571429,-0.0233654075005949,1436.19,-0.026054878169933,1470.55,0.0191079793193753,1509.89,0.013699094409197,1495.49,-0.0206421563114055,1480.27,1467.5880000000002,30.642744981521798,0.2976732206298325,1509.89,1436.19,1477.055,25.219163898743023,0.2704132640358504,1509.89,1436.19,1462.032,32.86188971753501,0.32862497589492645,1511.47,1387.7,1463.0128,28.378382907930952,0.3004238663236886,1519.62,1387.7,1,11,4,0.9847458879142286,0.9840857168160224,0.018565981121447393,-0.0010685020849659642,1440.7,0.0006737374368805948
2023-11-08,GOOGL,1444.05,1449.76,1431.64,1440.7,1159321,1440.7,0.0006737374368805,1462.2225,1461.889,1945.91255,0.3255172738972929,1527.660908768682,1396.784091231318,51.82883246612509,-3.1790334447300665,-0.07994438780406266,-3.0990890569260037,48.54571428571429,0.0024648549286654,1439.73,-0.0233654075005949,1436.19,-0.026054878169933,1470.55,-0.0093012992397141,1481.58,0.0126936302161091,1499.06,1459.412,31.41999713562475,0.30211247824843634,1509.89,1436.19,1471.2189999999998,26.290963994337698,0.25776298948956733,1509.89,1436.19,1462.2225,32.71920438434091,0.32551727389729185,1511.47,1387.7,1461.889,28.12085733625961,0.28762751498226224,1519.62,1387.7,2,11,4,0.9852809678410875,0.9855057394911753,0.01257721940722379,-0.002319864270626079,1424.67,-0.011126535711806773
2023-11-09,GOOGL,1423.93,1448.15,1401.18,1424.67,1139343,1424.67,-0.0111265357118067,1461.4735,1460.5092000000002,1940.9836000000005,0.327958444479978,1528.327359244335,1394.6196407556652,44.59166153544244,-6.011737568787112,-1.2663030240006725,-4.7454345447864394,49.07428571428573,0.0006737374368805,1440.7,0.0024648549286654,1439.73,-0.0233654075005949,1436.19,0.0191079793193753,1509.89,0.0002868464237588,1499.49,1442.368,16.995244040697116,0.20939721807778103,1470.55,1424.67,1463.7369999999999,27.945760580418902,0.25900660967920547,1509.89,1424.67,1461.4735,33.42692962216741,0.3279584444799769,1511.47,1387.7,1460.5092000000002,28.222517195977694,0.28857996675506153,1519.62,1387.7,3,11,4,0.9748175385999303,0.975461161079317,0.03296903844396742,0.0005196884678316275,1443.63,0.013308345090442097
2023-11-10,GOOGL,1440.51,1468.81,1418.46,1443.63,649020,1443.63,0.013308345090442,1464.27,1458.9894,1936.4049,0.3023846002206881,1522.216047138861,1406.3239528611389,37.631271876725386,-6.650104189415288,-2.3430632570835956,-4.307040932331692,46.73428571428571,-0.0111265357118067,1424.67,0.0006737374368805,1440.7,0.0024648549286654,1439.73,-0.026054878169933,1470.55,-0.0241415414574288,1463.29,1436.9840000000002,7.378745150966574,0.2228459630351752,1443.63,1424.67,1461.7710000000002,28.66304219289003,0.2495041547852094,1509.89,1424.67,1464.27,28.973023569430598,0.302384600220687,1511.47,1424.67,1458.9894,26.993704663284973,0.28740437946825304,1511.47,1387.7,4,11,4,0.9859042389716475,0.9894725760166665,0.03487735777170399,0.002165899577231642,1456.34,0.00880419498070828
2023-11-13,GOOGL,1468.45,1478.36,1434.33,1456.34,1070799,1456.34,0.0088041949807082,1465.7995,1458.147,1931.92345,0.2886601911883158,1521.0150449037594,1410.5839550962407,45.32160312557378,-6.060561180626337,-3.0865628417921442,-2.9739983388341926,44.87571428571429,0.013308345090442,1443.63,-0.0111265357118067,1424.67,0.0006737374368805,1440.7,-0.0233654075005949,1436.19,0.0081938645107941,1475.28,1441.014,11.298266681348391,0.1474395458571929,1456.34,1424.67,1459.877,28.29460138880492,0.2501682365382994,1509.89,1424.67,1465.7995,27.607772451879697,0.28866019118831465,1511.47,1424.67,1458.147,26.387208422767912,0.2866210701029617,1511.47,1387.7,0,11,4,0.993546525291492,0.9987607559450462,0.03023332463570989,-0.00824679083386692,1476.88,0.014103849375832755
2023-11-14,GOOGL,1465.82,1508.4,1445.36,1476.88,805264,1476.88,0.0141038493758327,1467.831,1457.8928,1927.7361,0.2915400328398568,1521.4351192060938,1414.2268807939065,45.693203881010895,-3.8910837671235186,-3.247467026858419,-0.6436167402650996,45.49285714285715,0.0088041949807082,1456.34,0.013308345090442,1443.63,-0.0111265357118067,1424.67,0.0024648549286654,1439.73,0.013699094409197,1495.49,1448.4440000000002,19.489100287155033,0.1674451447215739,1476.88,1424.67,1458.016,26.228574832638724,0.2508495681372144,1509.89,1424.67,1467.8310000000001,26.80205960304684,0.29154003283985575,1511.47,1424.67,1457.8928,26.13816734163361,0.2881623743416423,1511.47,1387.7,1,11,4,1.0061648786536013,1.0130237284929229,0.042684578300171645,0.007545264766473801,1474.37,-0.0016995287362550071
2023-11-15,GOOGL,1471.97,1507.13,1441.61,1474.37,996784,1474.37,-0.001699528736255,1468.2935,1457.6642,1923.42695,0.2833012841405777,1521.9587165213384,1414.6282834786616,45.16141459036805,-2.347235836121399,-3.0674207887110154,0.7201849525896162,47.220714285714294,0.0141038493758327,1476.88,0.0088041949807082,1456.34,0.013308345090442,1443.63,0.0006737374368805,1440.7,-0.0093012992397141,1481.58,1455.1779999999999,21.8217453473069,0.17222399826945584,1476.88,1424.67,1457.295,25.600425451677022,0.2467931242833261,1509.89,1424.67,1468.2935,26.832608260669222,0.28330128414057654,1511.47,1424.67,1457.6642,25.93833315533587,0.2881303895587555,1511.47,1387.7,2,11,4,1.0041384777627878,1.0114606642592914,0.04443931984505638,0.0016304680122544843,1489.06,0.009963577663680168
2023-11-16,GOOGL,1484.43,1514.84,1463.28,1489.06,773404,1489.06,0.0099635776636801,1471.3,1459.0688,1919.24985,0.2688093653854005,1522.3536766042205,1420.2463233957794,55.41227369775371,0.06093260937723244,-2.4417501090933658,2.502682718470598,47.383571428571436,-0.001699528736255,1474.37,0.0141038493758327,1476.88,0.0088041949807082,1456.34,-0.0111265357118067,1424.67,0.0191079793193753,1509.89,1468.056,17.97770647225527,0.10040041540629933,1489.06,1443.63,1455.212,21.33809415565797,0.23029414212825156,1489.06,1424.67,1471.3,25.526838302110306,0.26880936538539946,1511.47,1424.67,1459.0688,25.692854294048097,0.26975065204755067,1511.47,1387.7,3,11,4,1.0120709576558065,1.0205550279733069,0.03462587135505978,0.0031190423260084765,1478.89,-0.006829812096221688
2023-11-17,GOOGL,1478.83,1486.66,1471.11,1478.89,1002762,1478.89,-0.0068298120962216,1472.3415,1459.4930000000002,1915.1148,0.2616519042645305,1523.106979475597,1421.576020524403,50.76402116101295,1.135697828962975,-1.7262605214820976,2.8619583504450725,43.733571428571445,0.0099635776636801,1489.06,-0.001699528736255,1474.37,0.0141038493758327,1476.88,0.013308345090442,1443.63,-0.026054878169933,1470.55,1475.108,11.883647167536344,0.13901091288543194,1489.06,1456.34,1456.0459999999998,22.15166469731804,0.1889190941912327,1489.06,1424.67,1472.3415,25.38273973779846,0.2616519042645292,1511.47,1424.67,1459.4930000000002,25.844104545818475,0.2634750673612255,1511.47,1387.7,4,11,4,1.0044476773893798,1.013290231607131,0.010514642738803877,4.057261483749466e-05,1528.71,0.03368742773296174
2023-11-20,GOOGL,1527.41,1557.61,1499.81,1528.71,1020076,1528.71,0.0336874277329617,1473.2035,1461.3232,1911.0672,0.2564688391509513,1527.246160449801,1419.1608395501992,56.24764913568244,5.939052940274223,-0.1931978291308336,6.132250769405057,46.27857142857143,-0.0068298120962216,1478.89,0.0099635776636801,1489.06,-0.001699528736255,1474.37,0.0088041949807082,1456.34,-0.0233654075005949,1436.19,1489.582,22.573975502829292,0.2507391860544006,1528.71,1474.37,1465.2980000000002,30.634162773977764,0.20261691029422774,1528.71,1424.67,1473.2035,27.021330224900492,0.2564688391509501,1528.71,1424.67,1461.3232,27.425038048821676,0.2716570108479469,1528.71,1387.7,0,11,4,1.037677415237584,1.046113549691782,0.03780965650774976,0.0008511139772550287,1509.37,-0.012651189565058174
2023-11-21,GOOGL,1509.94,1529.54,1489.21,1509.37,1247352,1509.37,-0.0126511895650581,1474.6585,1462.5252000000005,1906.9142500000005,0.2491159784394169,1531.019429459556,1418.297570540444,55.12182535009875,8.09189181164038,1.4638200990234091,6.628071712616971,47.574999999999996,0.0336874277329617,1528.71,-0.0068298120962216,1478.89,0.0099635776636801,1489.06,0.0141038493758327,1476.88,0.0024648549286654,1439.73,1496.0800000000002,22.679514986045543,0.2908457811671667,1528.71,1474.37,1472.262,32.05847601521694,0.22380295498255556,1528.71,1424.67,1474.6585,28.180464729778045,0.24911597843941558,1528.71,1424.67,1462.5252000000003,28.192298140242524,0.2729669100429717,1528.71,1387.7,1,11,4,1.023538670138867,1.0320300805749996,0.02671975724969571,-0.0003774984436466258,1561.5,0.03453758853031408
2023-11-22,GOOGL,1550.26,1586.97,1536.03,1561.5,629028,1561.5,0.034537588530314,1477.7805,1464.8022,1902.9216,0.273485052310055,1545.5878253228564,1409.9731746771438,58.74419707626842,13.844892160298969,3.9400345112785216,9.904857649020446,49.063571428571436,-0.0126511895650581,1509.37,0.0336874277329617,1528.71,-0.0068298120962216,1478.89,-0.001699528736255,1474.37,0.0006737374368805,1440.7,1513.506,32.96803952318167,0.3499909006047579,1561.5,1478.89,1484.342,40.4937714823267,0.2666773207032993,1561.5,1424.67,1477.7805,33.903662661428164,0.2734850523100538,1561.5,1424.67,1464.8022,31.383402950523102,0.28312013490333104,1561.5,1387.7,2,11,4,1.0566521888730724,1.0660142372799097,0.03262247838614629,0.0072503967076443685,1562.8,0.0008325328210054828
2023-11-23,GOOGL,1563.21,1590.9,1534.7,1562.8,673083,1562.8,0.0008325328210054,1480.946,1466.5086,1899.1161500000003,0.2734417269226014,1558.2646348891633,1403.6273651108363,67.94258372835725,18.298155770669155,6.8116587631566485,11.486497007512506,48.730714285714285,0.034537588530314,1561.5,-0.0126511895650581,1509.37,0.0336874277329617,1528.71,0.0099635776636801,1489.06,-0.0111265357118067,1424.67,1528.2540000000001,35.68031852438966,0.3588054089414441,1562.8,1478.89,1498.1550000000002,41.42547558872468,0.24853810614358182,1562.8,1443.63,1480.946,38.659317444581724,0.27344172692260016,1562.8,1424.67,1466.5086,34.27328143654191,0.2797795474197677,1562.8,1387.7,3,11,4,1.0552714278568867,1.065660303662,0.03596109546964684,-0.00026228081959546034,1529.2,-0.021499872024571265
2023-11-24,GOOGL,1521.32,1547.56,1510.84,1529.2,1386922,1529.2,-0.0214998720245712,1484.2415,1467.3422,1895.39785,0.2702068291846273,1563.972391398685,1404.5106086013147,68.14404431760751,18.898312094797575,9.228989429484834,9.669322665312741,49.22000000000001,0.0008325328210054,1562.8,0.034537588530314,1561.5,-0.0126511895650581,1509.37,-0.0068298120962216,1478.89,0.013308345090442,1443.63,1538.316,23.18518772841391,0.41296498972478735,1562.8,1509.37,1506.712,37.56952689461908,0.2910266975958454,1562.8,1456.34,1484.2414999999999,39.86544569934251,0.2702068291846261,1562.8,1424.67,1467.3422,35.28664586884568,0.284086787525539,1562.8,1387.7,4,11,4,1.030290555815189,1.0421563558922777,0.024012555584603724,0.0051797123550567465,1563.47,0.022410410672246917
2023-11-27,GOOGL,1553.59,1599.96,1526.97,1563.47,872272,1563.47,0.0224104106722469,1488.651,1468.9647999999995,1891.8283,0.2788637121324028,1575.7127377803477,1401.5892622196525,71.5544871759972,21.886943834843578,11.760580310556584,10.126363524286994,52.524285714285725,-0.0214998720245712,1529.2,0.0008325328210054,1562.8,0.034537588530314,1561.5,0.0336874277329617,1528.71,0.0088041949807082,1456.34,1545.268,24.743729912883385,0.37283059906968635,1563.47,1509.37,1517.425,36.87768468535351,0.302581696529361,1563.47,1474.37,1488.651,43.5308688901738,0.27886371213240163,1563.47,1424.67,1468.9647999999997,37.768413497285415,0.28804134680008997,1563.47,1387.7,0,11,4,1.0502595974469164,1.0643345572330503,0.0466846181889984,0.006359464208699689,1567.04,0.0022833824761587795
2023-11-28,GOOGL,1553.41,1579.08,1553.41,1567.04,1844362,1567.04,0.0022833824761587,1492.2285,1471.0716,1888.33145,0.2760131220002687,1586.0882920252227,1398.3687079747772,71.80983289253783,24.263826892317184,14.261229626908705,10.002597265408479,53.063571428571436,0.0224104106722469,1563.47,-0.0214998720245712,1529.2,0.0008325328210054,1562.8,-0.0126511895650581,1509.37,0.0141038493758327,1476.88,1556.8020000000001,15.565960298086043,0.3428476505919805,1567.04,1529.2,1526.441,36.88501847298591,0.30093742302497145,1567.04,1474.37,1492.2285,46.9298960126114,0.2760131220002675,1567.04,1424.67,1471.0716,40.213774944992004,0.28594733878298706,1567.04,1387.7,1,11,4,1.0501340779907031,1.0652370693574227,0.016381202777199986,0.008774245047985468,1588.96,0.013988156013886144
2023-11-29,GOOGL,1597.31,1618.25,1559.68,1588.96,1313150,1588.96,0.0139881560138861,1497.5975,1473.2331999999997,1884.82695,0.2752047441639603,1600.7202750385406,1394.4747249614595,77.79582444730096,27.598150348829904,16.928613771292945,10.66953657753696,53.89214285714286,0.0022833824761587,1567.04,0.0224104106722469,1563.47,-0.0214998720245712,1529.2,0.034537588530314,1561.5,-0.001699528736255,1474.37,1562.2939999999999,21.391890519576126,0.26338545352679094,1588.96,1529.2,1537.9,36.71011183701353,0.29985019677058444,1588.96,1478.89,1497.5975,51.5613875192703,0.2752047441639593,1588.96,1424.67,1473.2331999999997,43.52059833373748,0.2861341916204995,1588.96,1387.7,2,11,4,1.0610060446808565,1.078552940565636,0.03686058805757418,-0.00522753879960351,1620.82,0.020050850871009995
2023-11-30,GOOGL,1618.47,1629.07,1612.58,1620.82,1529630,1620.82,0.0200508508710099,1503.144,1476.8988,1881.49325,0.2759267064261213,1620.0608509581275,1386.2271490418725,78.72450798851554,32.43754165693713,20.03039934842178,12.407142308515347,53.160714285714285,0.0139881560138861,1588.96,0.0022833824761587,1567.04,0.0224104106722469,1563.47,0.0008325328210054,1562.8,0.0099635776636801,1489.06,1573.8980000000001,33.8460650593448,0.28509349749974483,1620.82,1529.2,1551.076,40.665303036941246,0.3062167155070364,1620.82,1478.89,1503.144,58.4584254790638,0.2759267064261201,1620.82,1424.67,1476.8988,47.9464219105083,0.2801594020134299,1620.82,1387.7,3,11,4,1.078286577998463,1.0974482476381608,0.0101738626127453,0.0014519886065224917,1630.06,0.00570081810441625
2023-12-01,GOOGL,1634.18,1668.35,1591.76,1630.06,2109811,1630.06,0.0057008181044162,1511.1195000000002,1480.4426,1878.16505,0.2525515955717776,1639.8407352295355,1382.398264770465,78.48242392084614,36.59652297631533,23.34362407400049,13.252898902314836,55.48642857142857,0.0200508508710099,1620.82,0.0139881560138861,1588.96,0.0022833824761587,1567.04,-0.0214998720245712,1529.2,-0.0068298120962216,1478.89,1594.07,30.429983568861385,0.1391413448846299,1630.06,1563.47,1566.193,38.90932280426534,0.29468858190901387,1630.06,1509.37,1511.1195000000002,64.36061761476762,0.2525515955717764,1630.06,1424.67,1480.4426,52.4690683147363,0.27964173314352914,1630.06,1387.7,4,12,4,1.078710188041992,1.1010626146524687,0.04698600051528958,-0.002521142101847775,1615.12,-0.009165306798522788
2023-12-04,GOOGL,1622.47,1626.83,1603.41,1615.12,1060178,1615.12,-0.0091653067985227,1520.066,1484.1863999999998,1875.0534,0.2356528309503582,1651.6989583431707,1388.4330416568291,73.08925707835628,38.246134859288986,26.32412623105819,11.922008628230795,52.88714285714283,0.0057008181044162,1630.06,0.0200508508710099,1620.82,0.0139881560138861,1588.96,0.0224104106722469,1563.47,0.0336874277329617,1528.71,1604.3999999999999,25.870512171216408,0.1781012275158794,1630.06,1567.04,1574.834,39.253628055647496,0.2758898617363963,1630.06,1509.37,1520.066,65.81647917158531,0.23565283095035694,1630.06,1424.67,1484.1863999999998,55.250224923544515,0.27732172935132554,1630.06,1387.7,0,12,4,1.0625328110746095,1.0882191077878842,0.01450047055326251,-0.004530129986992429,1640.98,0.016011194214671454
2023-12-05,GOOGL,1646.87,1652.3,1629.66,1640.98,953636,1640.98,0.0160111942146714,1530.1285,1487.8616,1871.72475,0.2378592416597335,1666.5840945163338,1393.6729054836662,75.81419850310994,41.16561841592875,29.292424668032304,11.873193747896444,50.8628571428571,-0.0091653067985227,1615.12,0.0057008181044162,1630.06,0.0200508508710099,1620.82,0.0022833824761587,1567.04,-0.0126511895650581,1509.37,1619.1879999999999,19.532253326252086,0.18384981720953908,1640.98,1588.96,1587.9950000000001,36.85597290622888,0.2597012421069753,1640.98,1529.2,1530.1285,68.22779725816686,0.2378592416597322,1640.98,1424.67,1487.8616,59.377462891306344,0.27600893608538424,1640.98,1387.7,1,12,4,1.0724458762770104,1.1029117224336573,0.013796633718866821,-0.003576481446620739,1641.45,0.00028641421589536975
2023-12-06,GOOGL,1640.48,1660.59,1622.31,1641.45,1700636,1641.45,0.0002864142158953,1540.166,1491.4628,1868.42555,0.2379926635918623,1678.4453554484064,1401.8866445515937,74.69934195258911,43.02133210371289,32.038206155168425,10.983125948544469,49.914285714285676,0.0160111942146714,1640.98,-0.0091653067985227,1615.12,0.0057008181044162,1630.06,0.0139881560138861,1588.96,0.034537588530314,1561.5,1629.686,11.798944020579322,0.1876129209375562,1641.45,1615.12,1595.9900000000002,39.07473807374123,0.21701348848470817,1641.45,1529.2,1540.166,69.13967772420325,0.2379926635918611,1641.45,1424.67,1491.4628,63.0837944206797,0.27605338690233816,1641.45,1387.7,2,12,4,1.06576174256472,1.1005638223084742,0.023320844375385574,0.0005912903540423753,1660.01,0.011307076060799837
2023-12-07,GOOGL,1656.29,1680.71,1639.31,1660.01,1471271,1660.01,0.0113070760607998,1551.933,1495.1244,1865.08685,0.2289176612673119,1688.8767980919831,1414.9892019080166,78.57864175366035,45.46553704880057,34.723672333894854,10.741864714905716,51.58928571428568,0.0002864142158953,1641.45,0.0160111942146714,1640.98,-0.0091653067985227,1615.12,0.0200508508710099,1620.82,0.0008325328210054,1562.8,1637.524,16.51232963578043,0.1555869228783706,1660.01,1615.12,1605.7109999999998,41.890760436832515,0.21762918166152212,1660.01,1529.2,1551.933,68.47189904599163,0.22891766126731072,1660.01,1443.63,1495.1244,67.38940772927519,0.27615985796071735,1660.01,1387.7,3,12,4,1.0696402486440655,1.110282194577849,0.024939608797522394,0.002245983493227503,1604.22,-0.03360823127571522
2023-12-08,GOOGL,1600.24,1619.11,1589.32,1604.22,1113367,1604.22,-0.0336082312757152,1559.9625,1497.6234,1861.62075,0.2706422861254863,1688.7581777432042,1431.166822256796,61.69428526912274,42.411902324310404,36.26131833197797,6.150583992332436,51.015714285714274,0.0113070760607998,1660.01,0.0002864142158953,1641.45,0.0160111942146714,1640.98,0.0057008181044162,1630.06,-0.0214998720245712,1529.2,1632.3560000000002,22.419478807517603,0.31267014141611077,1660.01,1604.22,1613.2130000000002,32.2817668003782,0.2641911919339613,1660.01,1563.47,1559.9625,64.39783887160202,0.27064228612548524,1660.01,1456.34,1497.6234,69.08491068317703,0.2878082105138077,1660.01,1387.7,4,12,4,1.0283708742992037,1.0711771731123652,0.018569772225742975,0.002487126930958813,1616.17,0.007449102990861656
2023-12-11,GOOGL,1620.7,1643.16,1589.18,1616.17,2093641,1616.17,0.0074491029908616,1567.954,1501.1716,1858.1545,0.2704606093943066,1689.2964301894367,1446.6115698105632,66.92766119020803,40.48940329715356,37.10693532501309,3.382467972140468,51.990714285714276,-0.0336082312757152,1604.22,0.0113070760607998,1660.01,0.0002864142158953,1641.45,-0.0091653067985227,1615.12,0.0224104106722469,1563.47,1632.566,22.221715280345194,0.314386879369385,1660.01,1604.22,1618.483,27.15318890580058,0.2465545601864404,1660.01,1567.04,1567.954,60.67121509471838,0.27046060939430555,1660.01,1474.37,1501.1716000000001,70.54054119773939,0.2801748597694374,1660.01,1387.7,0,12,4,1.0307509021304002,1.07660576578915,0.0333999517377297,-0.002795088541986288,1600.18,-0.009893761176113958
2023-12-12,GOOGL,1600.01,1622.35,1578.0,1600.18,1102327,1600.18,-0.0098937611761139,1574.119,1504.7858,1854.84345,0.2735648314350669,1688.2959887225609,1459.9420112774392,56.92395818130842,37.24619860867301,37.13478798174508,0.11141062692793469,49.61571428571426,0.0074491029908616,1616.17,-0.0336082312757152,1604.22,0.0113070760607998,1660.01,0.0160111942146714,1640.98,0.0022833824761587,1567.04,1624.406,25.594667999425603,0.28520801212023317,1660.01,1600.18,1621.797,21.63960517658751,0.25555433004838873,1660.01,1588.96,1574.119,57.08849436128042,0.27356483143506577,1660.01,1474.37,1504.7858,70.89757190756544,0.2792596746830788,1660.01,1387.7,1,12,4,1.0165559274737066,1.0633938730674735,0.02771563199138359,0.00010624933594162943,1643.52,0.0270844529990375
2023-12-13,GOOGL,1654.99,1654.99,1634.18,1643.52,1215834,1643.52,0.0270844529990375,1582.5765,1508.9520000000002,1851.6639,0.2842614829287461,1690.5325117585123,1474.6204882414877,62.5591237214469,37.73809010791297,37.25544840697866,0.4826417009343089,49.51642857142854,-0.0098937611761139,1600.18,0.0074491029908616,1616.17,-0.0336082312757152,1604.22,0.0002864142158953,1641.45,0.0139881560138861,1588.96,1624.8200000000002,25.953507470105375,0.36745393179776004,1660.01,1600.18,1627.253,19.178672789754383,0.2797610160665566,1660.01,1600.18,1582.5765,53.978005879256216,0.28426148292874515,1660.01,1478.89,1508.9520000000002,72.82006684063269,0.28404254471025614,1660.01,1387.7,2,12,4,1.0385090388988851,1.0891797751014682,0.012661847741425284,-0.006930555471630098,1660.44,0.010294976635514042
2023-12-14,GOOGL,1672.88,1679.35,1641.52,1660.44,1210230,1660.44,0.010294976635514,1591.1455,1513.3719999999998,1848.6305500000003,0.2843314228921368,1694.9750271818366,1487.3159728181636,71.53735065970355,39.043155070474995,37.61298973967793,1.4301653307970668,48.50714285714282,0.0270844529990375,1643.52,-0.0098937611761139,1600.18,0.0074491029908616,1616.17,0.0113070760607998,1660.01,0.0200508508710099,1620.82,1624.906,26.099566663084957,0.3656388057127418,1660.44,1600.18,1631.215,21.636934599555072,0.26764648572836147,1660.44,1600.18,1591.1455,51.91476359091828,0.2843314228921359,1660.44,1478.89,1513.3719999999998,75.18347905244481,0.284531228041674,1660.44,1387.7,3,12,4,1.0435500713158894,1.0971790148085885,0.022783117727817413,-0.007436277557262097,1667.27,0.004113367541133561
2023-12-15,GOOGL,1656.29,1702.64,1631.91,1667.27,825706,1667.27,0.0041133675411335,1600.5645,1517.3716,1845.623,0.2806084201743226,1695.2962563553626,1505.8327436446373,68.72024238579539,40.165548929228635,38.12350157758807,2.042047351640562,48.345714285714244,0.010294976635514,1660.44,0.0270844529990375,1643.52,-0.0098937611761139,1600.18,-0.0336082312757152,1604.22,0.0057008181044162,1630.06,1637.516,28.707520443268333,0.21073344088608797,1667.27,1600.18,1634.9360000000001,24.434909089227677,0.26724099721090866,1667.27,1600.18,1600.5645,47.36587817768134,0.28060842017432164,1667.27,1509.37,1517.3716,77.95032749483443,0.28207966227646253,1667.27,1387.7,4,12,4,1.0416762336031808,1.0987881940052795,0.042422643003207396,0.006629273859042432,1680.76,0.008091071032286345
2023-12-18,GOOGL,1668.53,1712.34,1649.17,1680.76,1237824,1680.76,0.0080910710322863,1608.167,1521.443,1842.5524,0.261355004070113,1703.023446464411,1513.3105535355887,69.80080790856243,41.66331563988524,38.83146439004751,2.831851249837733,51.024285714285675,0.0041133675411335,1667.27,0.010294976635514,1660.44,0.0270844529990375,1643.52,0.0074491029908616,1616.17,-0.0091653067985227,1615.12,1650.434,31.130793115507327,0.21071353061499296,1680.76,1600.18,1641.5,27.182280175369165,0.26030236231582704,1680.76,1600.18,1608.167,47.42822323220563,0.26135500407011203,1680.76,1509.37,1521.443,81.06294073240052,0.2821946098420656,1680.76,1387.7,0,12,4,1.045140212427537,1.1047144059941092,0.03758418810535845,0.00732980527769515,1654.57,-0.015582236607249111
2023-12-19,GOOGL,1658.88,1686.83,1622.31,1654.57,2098086,1654.57,-0.0155822366072491,1615.427,1525.436,1839.57185,0.264154921658861,1700.1277487946936,1530.7262512053069,61.25656246488832,40.27275319792216,39.11972215162244,1.1530310462997164,51.44928571428568,0.0080910710322863,1680.76,0.0041133675411335,1667.27,0.010294976635514,1660.44,-0.0098937611761139,1600.18,0.0160111942146714,1640.98,1661.312,13.93280912093437,0.24251178511198102,1680.76,1643.52,1642.859,27.491358015425334,0.2680688439392414,1680.76,1600.18,1615.4270000000001,42.35037439734671,0.2641549216588601,1680.76,1529.2,1525.4360000000001,82.62147566339522,0.28236124678987795,1680.76,1387.7,1,12,4,1.0242307451831472,1.0846538301173667,0.03899502589794387,-0.0025981385030849576,1698.57,0.02659301208168885
2023-12-20,GOOGL,1691.81,1730.77,1666.36,1698.57,1433772,1698.57,0.0265930120816888,1622.2805,1530.6696000000002,1836.93085,0.2535594521472832,1710.708594958336,1533.8524050416645,62.80594261330406,42.2343039548125,39.742638512260456,2.4916654425520477,54.027142857142834,-0.0155822366072491,1654.57,0.0080910710322863,1680.76,0.0041133675411335,1667.27,0.0270844529990375,1643.52,0.0002864142158953,1641.45,1672.3220000000001,17.620978122688356,0.2399335607099864,1698.57,1654.57,1648.571,32.62145457924466,0.2971808269647685,1698.57,1600.18,1622.2805,44.21404747916789,0.2535594521472823,1698.57,1529.2,1530.6696000000002,85.14747868462189,0.2851734788357394,1698.57,1387.7,2,12,4,1.0470260845759736,1.1096908176649554,0.03792013281758312,0.003995720559634945,1754.03,0.03265099466021426
2023-12-21,GOOGL,1737.15,1773.71,1734.35,1754.03,1215003,1754.03,0.0326509946602142,1631.842,1536.9572,1834.4823,0.2721959634132939,1733.5477811536068,1530.1362188463934,67.72063237671719,47.713988405882446,41.336908490984854,6.3770799148975925,53.923571428571414,0.0265930120816888,1698.57,-0.0155822366072491,1654.57,0.0080910710322863,1680.76,0.010294976635514,1660.44,0.0113070760607998,1660.01,1691.0400000000002,38.81105899096338,0.3047595868809217,1754.03,1654.57,1657.973,46.766806378732824,0.3301918414330529,1754.03,1600.18,1631.842,50.85289057680339,0.272195963413293,1754.03,1529.2,1536.9572,89.77104303443917,0.29254250433207324,1754.03,1387.7,3,12,4,1.0748773471934936,1.1412354228204005,0.02243975302587623,0.009717065308113958,1765.58,0.006584836063237232
2023-12-22,GOOGL,1779.3,1779.3,1753.23,1765.58,1124810,1765.58,0.0065848360632372,1643.661,1544.5148,1831.70535,0.2521812104027097,1749.9783109440823,1537.3436890559176,71.71766743359109,52.38480684012961,43.54648816081381,8.838318679315805,53.88214285714285,0.0326509946602142,1754.03,0.0265930120816888,1698.57,-0.0155822366072491,1654.57,0.0041133675411335,1667.27,-0.0336082312757152,1604.22,1710.702,47.65349063814531,0.3016418016909471,1765.58,1654.57,1674.109,53.51052242295224,0.24742271811054017,1765.58,1600.18,1643.661,53.15865547204122,0.2521812104027089,1765.58,1563.47,1544.5148,92.80415798732396,0.27768669715883415,1765.58,1424.67,4,12,4,1.074175270934168,1.1431292209041033,0.014765686063494814,-0.00771089754397365,1811.57,0.026048097509033807
2023-12-25,GOOGL,1801.68,1830.5,1792.64,1811.57,1369804,1811.57,0.0260480975090338,1656.066,1552.2312,1829.1808,0.2553762465778857,1779.5045981435442,1532.627401856456,73.27094644087579,59.11602006536441,46.66039454172393,12.455625523640478,55.863571428571426,0.0065848360632372,1765.58,0.0326509946602142,1754.03,0.0265930120816888,1698.57,0.0080910710322863,1680.76,0.0074491029908616,1616.17,1736.864,61.11260001014102,0.3148768687981385,1811.57,1654.57,1693.649,64.54186142841156,0.25990509586227006,1811.57,1600.18,1656.066,61.71929907177213,0.2553762465778849,1811.57,1567.04,1552.2312,98.5873937306058,0.2771332349633346,1811.57,1424.67,0,12,4,1.0938996392649243,1.167074853281414,0.020898999210617865,0.005489321078101762,1795.64,-0.008793477480859013
2023-12-26,GOOGL,1811.06,1834.49,1756.79,1795.64,1619679,1795.64,-0.008793477480859,1667.496,1559.419,1826.46335,0.2613427484560426,1798.3382436856523,1536.6537563143474,70.18246550699612,62.44530655162703,49.81737694370455,12.627929607922475,58.67928571428571,0.0260480975090338,1811.57,0.0065848360632372,1765.58,0.0326509946602142,1754.03,-0.0155822366072491,1654.57,-0.0098937611761139,1600.18,1765.078,43.70688240997236,0.27402408850255167,1811.57,1698.57,1713.1950000000002,62.659676781981624,0.2574041627806927,1811.57,1643.52,1667.4959999999999,65.42112184282615,0.2613427484560418,1811.57,1588.96,1559.4189999999999,102.96296318947365,0.2787785423809433,1811.57,1424.67,1,12,4,1.0768481603547613,1.1514801345878487,0.04327147980661868,-0.008514350711733091,1773.37,-0.012402263259896351
2023-12-27,GOOGL,1781.08,1817.01,1729.72,1773.37,1531146,1773.37,-0.0124022632598963,1676.7165,1565.5839999999998,1823.65135,0.2686182425518202,1810.2195759789945,1543.2134240210055,64.6953590850253,62.5655702482527,52.36701560461418,10.198554643638516,61.95714285714285,-0.008793477480859,1795.64,0.0260480975090338,1811.57,0.0065848360632372,1765.58,0.0265930120816888,1698.57,0.0270844529990375,1643.52,1780.038,23.278753617815813,0.32048608940662443,1811.57,1754.03,1726.1799999999998,60.01521899559562,0.26748572494573974,1811.57,1654.57,1676.7165,66.75153798949724,0.26861824255181926,1811.57,1600.18,1565.5839999999998,106.37338793704944,0.27905001358483755,1811.57,1424.67,2,12,4,1.0576445093723013,1.1327210804395467,0.04922266644859829,-0.0043288341904887525,1775.01,0.0009247929084172934
2023-12-28,GOOGL,1784.33,1801.42,1748.6,1775.01,1050825,1775.01,0.0009247929084172,1684.426,1572.5056,1820.47565,0.2635416339244147,1822.081599446629,1546.7704005533708,75.75629618138865,62.07762220146947,54.30913692398524,7.768485277484224,60.68071428571428,-0.0124022632598963,1773.37,-0.008793477480859,1795.64,0.0260480975090338,1811.57,0.0326509946602142,1754.03,0.010294976635514,1660.44,1784.234,18.897315417776266,0.24117974421316363,1811.57,1765.58,1737.637,56.927274667680194,0.26912992693389337,1811.57,1654.57,1684.426,68.82779972331453,0.2635416339244138,1811.57,1600.18,1572.5056,108.5375033304441,0.2713292470647216,1811.57,1424.67,3,12,4,1.0537773698571182,1.1287781741437812,0.029757578830525128,-0.005223249062670422,1787.89,0.007256297147621771
2023-12-29,GOOGL,1777.22,1797.18,1777.22,1787.89,1366474,1787.89,0.0072562971476217,1692.3175,1579.1022,1817.6934,0.2636789770937388,1834.8595906814985,1549.7754093185013,75.82410971769266,62.015353820639575,55.850380303316115,6.16497351732346,58.40857142857143,0.0009247929084172,1775.01,-0.0124022632598963,1773.37,-0.008793477480859,1795.64,0.0065848360632372,1765.58,0.0041133675411335,1667.27,1788.696,15.766114930409277,0.24194693951669488,1811.57,1773.37,1749.6989999999998,53.00457243358819,0.26870610116933824,1811.57,1654.57,1692.3174999999999,71.27104534074934,0.26367897709373794,1811.57,1600.18,1579.1022,111.42454018871932,0.268964057562368,1811.57,1424.67,4,12,4,1.0564743317958618,1.1322193079072829,0.011163997785092411,0.006003758679282289,1777.14,-0.006012674157806153
