Date,Ticker,Open,High,Low,Close,Volume,Adj_Close,Return,SMA_20,SMA_50,SMA_200,Volatility,BB_upper,BB_lower,RSI
2019-01-02,MSFT,288.72,292.79,279.32,286.05,19020615,286.05,,,,,,,,
2019-01-03,MSFT,288.62,288.82,284.87,286.84,38952602,286.84,0.0027617549379477246,,,,,,,
2019-01-04,MSFT,280.86,281.86,274.95,278.41,44176006,278.41,-0.029389206526286293,,,,,,,
2019-01-07,MSFT,278.39,285.78,275.03,280.41,23701058,280.41,0.007183650012571485,,,,,,,
2019-01-08,MSFT,280.7,285.82,280.43,283.12,14357609,283.12,0.009664419956492143,,,,,,,
2019-01-09,MSFT,286.55,291.41,281.03,286.22,20273985,286.22,0.010949420740322235,,,,,,,
2019-01-10,MSFT,283.56,287.11,282.4,284.75,23226186,284.75,-0.005135909440290742,,,,,,,
2019-01-11,MSFT,287.98,287.98,284.35,286.1,30602795,286.1,0.004741000877963142,,,,,,,
2019-01-14,MSFT,292.99,294.15,289.82,291.98,16704372,291.98,0.020552254456483787,,,,,,,
2019-01-15,MSFT,300.74,304.97,290.91,297.94,18379040,297.94,0.020412357010754167,,,,,,,
2019-01-16,MSFT,296.48,302.71,293.16,297.94,30665746,297.94,0.0,,,,,,,
2019-01-17,MSFT,298.55,304.89,292.39,298.64,36395289,298.64,0.0023494663355037027,,,,,,,
2019-01-18,MSFT,303.45,306.98,299.91,303.44,19496563,303.44,0.016072863648540103,,,,,,,
2019-01-21,MSFT,295.7,302.26,292.24,297.25,14666837,297.25,-0.020399419984181377,,,,,,,
2019-01-22,MSFT,296.56,300.44,291.62,296.03,92992896,296.03,-0.004104289318755394,,,,,,,61.188340787967746
2019-01-23,MSFT,301.4,308.95,294.52,301.74,34199038,301.74,0.01928858561632274,,,,,,,65.04442647595677
2019-01-24,MSFT,305.68,312.11,299.9,306.01,22467601,306.01,0.014151256048253513,,,,,,,80.42328039845833
2019-01-25,MSFT,306.87,313.75,301.68,307.72,35392089,307.72,0.005588052678017208,,,,,,,80.29731526238817
2019-01-28,MSFT,298.51,303.21,298.51,301.42,23785904,301.42,-0.020473157415832666,,,,,,,68.80394572619693
2019-01-29,MSFT,301.46,306.15,296.51,301.33,35365564,301.33,-0.00029858668966897817,293.66700000000003,,,,311.60541757968525,275.7285824203148,66.54983568605252
2019-01-30,MSFT,297.99,303.26,294.69,298.97,26645841,298.97,-0.00783194504363971,294.313,,,0.22149387923766953,312.0255838110412,276.6004161889588,65.27718090000258
2019-01-31,MSFT,297.49,307.56,293.4,300.48,25929584,300.48,0.005050673980666831,294.995,,,0.22170551945648678,312.54569589263605,277.44430410736396,65.39614559067351
2019-02-01,MSFT,296.07,300.23,294.2,297.22,23889596,297.22,-0.010849307774227879,295.9355,,,0.19452864563144737,311.6656286172679,280.2053713827321,55.94373863921932
2019-02-04,MSFT,291.8,296.14,290.05,293.1,14012128,293.1,-0.013861785882511302,296.57000000000005,,,0.20317338864635148,310.59458442953144,282.54541557046866,44.270833318660266
2019-02-05,MSFT,284.25,288.63,281.09,284.86,54277717,284.86,-0.028113271920846117,296.65700000000004,,,0.22776071319720345,310.3478945538344,282.96610544616567,37.04437399923495
2019-02-06,MSFT,287.76,292.75,287.03,289.89,17154529,289.89,0.01765779681246915,296.8405,,,0.23306316724630466,310.0316509014667,283.6493490985333,42.0178799381819
2019-02-07,MSFT,288.43,290.58,286.2,288.39,14510411,288.39,-0.005174376487633192,297.0225,,,0.2330760693704188,309.5973200782358,284.4476799217642,35.39118616782224
2019-02-08,MSFT,290.25,295.54,282.74,289.14,22959501,289.14,0.002600644959950049,297.1745,,,0.2327120488071257,309.25728196443197,285.0917180355681,41.1981766751297
2019-02-11,MSFT,290.0,293.92,284.57,289.25,17018263,289.25,0.00038043854188285486,297.038,,,0.22050456361484194,309.4257012012978,284.65029879870224,42.45996439958991
2019-02-12,MSFT,286.8,291.41,278.73,285.07,24488183,285.07,-0.014451166810717342,296.3945,,,0.21144848735920366,309.8739150661784,282.91508493382156,30.80819708884836
2019-02-13,MSFT,279.93,286.26,274.14,280.2,32916740,280.2,-0.017083523345143292,295.5075,,,0.21777655869428644,310.7748533707506,280.2401466292494,20.690438330918354
2019-02-14,MSFT,276.5,279.34,273.46,276.4,37225610,276.4,-0.013561741613133504,294.3955,,,0.21993005921378184,311.79326449644276,276.9977355035573,16.04509973493856
2019-02-15,MSFT,275.42,278.09,269.36,273.72,34631653,273.72,-0.009696092619391972,292.9095,,,0.20777874448187367,312.04475209218776,273.7742479078122,17.411764700146676
2019-02-18,MSFT,274.84,277.08,273.41,275.24,22123115,275.24,0.005553119976618337,291.809,,,0.20272604250418505,312.3716087839067,271.24639121609334,20.305030724236914
2019-02-19,MSFT,273.4,278.65,265.96,272.3,25500869,272.3,-0.010681586978636859,290.62250000000006,,,0.20421252032013437,312.83216017892113,268.412839821079,20.040440344179544
2019-02-20,MSFT,278.79,282.81,275.5,279.16,29430379,279.16,0.025192802056555275,289.49350000000004,,,0.21401756907123184,311.61909867759744,267.36790132240264,28.620136373833077
2019-02-21,MSFT,282.85,286.96,279.66,283.31,12376021,283.31,0.014866026651382702,288.3585,,,0.21482603193100522,309.2088512781211,267.5081487218789,36.29556649245044
2019-02-22,MSFT,288.14,289.82,283.48,286.65,31409478,286.65,0.011789206169919852,287.305,,,0.21948197534047623,306.0602406711183,268.5497593288817,43.546127664405674
2019-02-25,MSFT,284.43,290.36,282.22,286.29,13956650,286.29,-0.0012558869701725373,286.5485,,,0.21011286960037903,304.0876691275328,269.00933087246716,51.69874077634161
2019-02-26,MSFT,291.59,295.47,289.6,292.54,56543738,292.54,0.02183101051381464,286.10900000000004,,,0.22716371135218558,302.49094628884245,269.7270537111576,53.059339627272486
2019-02-27,MSFT,290.15,295.41,288.12,291.76,21265154,291.76,-0.0026663020441649588,285.7485,,,0.22595520485736761,301.23144854959685,270.2655514504031,53.95632775873707
2019-02-28,MSFT,290.93,297.88,285.63,291.75,23217951,291.75,-3.427474636685801e-05,285.312,,,0.2248304327117809,299.48289916546884,271.1411008345312,53.11827955212295
2019-03-01,MSFT,290.99,298.91,286.22,292.57,18375035,292.57,0.0028106255355613285,285.0795,,,0.22241372963216066,298.5637231007785,271.5952768992215,53.90037592211924
2019-03-04,MSFT,296.04,298.85,292.3,295.57,19431351,295.57,0.010253956318146074,285.203,,,0.21993809836704806,299.03722468487365,271.3687753151263,62.687288523982104
2019-03-05,MSFT,300.12,302.63,294.05,298.34,62085548,298.34,0.009371722434617702,285.877,,,0.19394649921162996,300.90301267276504,270.850987327235,73.09063133851156
2019-03-06,MSFT,298.18,303.15,289.82,296.48,36416563,296.48,-0.006234497553127105,286.20649999999995,,,0.18742576263953756,301.8781845230327,270.5348154769672,76.88805567551083
2019-03-07,MSFT,293.6,296.18,292.61,294.4,13452902,294.4,-0.007015650296816167,286.507,,,0.18836668770438553,302.58030457622175,270.43369542377826,78.14371254507319
2019-03-08,MSFT,300.07,303.94,290.4,297.17,45629798,297.17,0.009408967391304479,286.9085,,,0.19062360176558366,303.64617043464943,270.1708295653506,78.86285861795002
2019-03-11,MSFT,300.84,303.09,297.46,300.28,40292797,300.28,0.010465390180704581,287.46,,,0.19322451088288078,305.2182716086421,269.70172839135785,86.66142554472593
2019-03-12,MSFT,298.15,304.3,293.2,298.75,22340269,298.75,-0.005095244438523938,288.144,291.0518,,0.18539129120267775,306.55644933533574,269.73155066466427,79.83551626202575
2019-03-13,MSFT,294.26,297.17,287.43,292.3,28263030,292.3,-0.02158995815899578,288.749,291.1768,,0.19223984320848692,306.8550128424958,270.64298715750425,62.79533160036628
2019-03-14,MSFT,292.91,296.25,286.89,291.57,24851004,291.57,-0.0024974341430038516,289.5075,291.2714,,0.18405670450648556,306.6823615255274,272.33263847447256,57.56457562097471
2019-03-15,MSFT,295.71,300.77,287.72,294.25,55031612,294.25,0.00919161779332578,290.534,291.58820000000003,,0.17928112189403925,306.1160914750502,274.9519085249498,61.42365095120746
2019-03-18,MSFT,300.06,304.02,299.78,301.9,18180684,301.9,0.025998300764655813,291.867,292.018,,0.19601715017815133,306.470887153768,277.26311284623205,62.913907260463674
2019-03-19,MSFT,296.81,300.54,293.45,297.0,26503586,297.0,-0.016230539913878683,293.10200000000003,292.29560000000004,,0.202671051467055,304.5821881517678,281.62181184823226,56.49157579804556
2019-03-20,MSFT,297.48,300.0,290.69,295.35,21065101,295.35,-0.005555555555555425,293.9115,292.4782,,0.18987297544051537,303.35488537646376,284.4681146235362,54.285714267619085
2019-03-21,MSFT,293.88,300.1,287.62,293.86,14092738,293.86,-0.005044862028102282,294.439,292.6604,,0.18633826630656863,302.4605365374124,286.41746346258765,51.51160063929784
2019-03-22,MSFT,300.71,302.41,296.82,299.61,60071236,299.61,0.019567140815354156,295.087,292.9306,,0.1937151736119658,302.53240296177086,287.6415970382291,54.447379992024175
2019-03-25,MSFT,300.11,305.89,293.28,299.58,15584069,299.58,-0.00010013016922005846,295.75149999999996,293.08259999999996,,0.19347835989775197,302.19608573246916,289.3069142675308,51.45267102342229
2019-03-26,MSFT,297.95,299.77,292.08,295.92,27301113,295.92,-0.012217103945523666,295.9205,293.04220000000004,,0.1855762953114597,302.1852500895246,289.65574991047544,49.37050358158302
2019-03-27,MSFT,297.08,300.99,295.75,298.37,12460898,298.37,0.008279264666126052,296.251,293.05080000000004,,0.1870517053953161,302.28475382851707,290.2172461714829,54.4258639740923
2019-03-28,MSFT,297.25,302.79,290.81,296.8,21311516,296.8,-0.005261923115594702,296.50350000000003,293.014,,0.18841967608460272,302.15470676446404,290.852293235536,49.57617409635586
2019-03-29,MSFT,289.67,293.86,289.67,291.87,29596714,291.87,-0.01661051212938003,296.4685,292.7826,,0.19819973507509142,302.2298787640759,290.7071212359241,40.75214425840049
2019-04-01,MSFT,289.46,292.77,283.95,288.36,17975005,288.36,-0.012025901942645634,296.108,292.6048,,0.19862140336381645,302.91373009347643,289.3022699065236,39.05163328668656
2019-04-02,MSFT,296.94,297.42,293.71,295.57,31613889,295.57,0.025003467887362962,295.96950000000004,292.5956,,0.21655537981758768,302.6962618705545,289.24273812944557,53.39141255450155
2019-04-03,MSFT,294.56,300.89,293.68,297.28,22449298,297.28,0.005785431539059971,296.0095,292.5064,,0.21644730250345753,302.75852090364833,289.2604790963517,55.804025192493256
2019-04-04,MSFT,298.9,302.92,292.78,297.85,39761886,297.85,0.0019173842841766486,296.18199999999996,292.3432,,0.21480151620161556,302.9341679949158,289.4298320050841,53.82327950820892
2019-04-05,MSFT,296.42,301.72,292.14,296.93,43102465,296.93,-0.003088803088803105,296.16999999999996,292.1274,,0.21262736446140634,302.91562470284003,289.4243752971599,43.841387841046384
2019-04-08,MSFT,296.02,302.17,294.36,298.27,19770242,298.27,0.004512848146027704,296.0695,292.0644,,0.2097889435667821,302.6142012717793,289.52479872822073,51.726012483713916
2019-04-09,MSFT,299.08,303.63,295.49,299.56,25779225,299.56,0.0043249404901599675,296.11,292.029,,0.20956994340131666,302.7340868288223,289.48591317117774,55.77820475484776
2019-04-10,MSFT,299.07,303.78,298.04,300.91,26903530,300.91,0.004506609694218344,296.54049999999995,292.06780000000003,,0.19340155910655266,303.24070101819314,289.84029898180677,59.71341965180524
2019-04-11,MSFT,301.0,305.77,297.26,301.51,32028160,301.51,0.001993951679904127,297.0375,292.0884,,0.19281954586431682,303.659475774486,290.41552422551405,53.05073857602083
2019-04-12,MSFT,304.62,312.67,297.98,305.33,25144234,305.33,0.012669563198567158,297.5915,292.2506,,0.19498354011239472,305.0345788055244,290.1484211944756,58.23074718536416
2019-04-15,MSFT,307.0,312.27,298.82,305.55,26976340,305.55,0.0007205318835359353,297.774,292.4996,,0.17298904331715792,305.8167238119789,289.7312761880211,65.29056840539636
2019-04-16,MSFT,303.17,303.9,299.13,301.51,22680674,301.51,-0.01322205858288339,297.9995,292.8326,,0.16938576111138115,306.2021606081572,289.7968393918428,54.74607010984142
2019-04-17,MSFT,299.7,300.73,297.39,299.06,26179371,299.06,-0.008125766972903015,298.185,293.01599999999996,,0.17090526039250895,306.30273756399384,290.06726243600616,53.32744402984144
2019-04-18,MSFT,288.23,297.89,284.12,291.0,42016058,291.0,-0.026951113488931977,298.04200000000003,293.0682,,0.1964213688877832,306.5708799782969,289.5131200217032,48.8271771182642
2019-04-19,MSFT,302.08,304.15,294.85,299.5,32372494,299.5,0.029209621993127044,298.0365,293.2754,,0.21181165121510204,306.5612633706923,289.5117366293077,63.23669199417027
2019-04-22,MSFT,304.39,308.04,298.48,303.26,33094863,303.26,0.012554257095158672,298.2205,293.5556,,0.21639336221862795,307.0393254976429,289.40167450235714,59.95340406835754
2019-04-23,MSFT,297.09,306.06,293.7,299.88,33384908,299.88,-0.011145551671832732,298.4185,293.8518,,0.21557697171389506,307.19757865924686,289.63942134075313,53.22580643312257
2019-04-24,MSFT,300.72,302.19,295.44,298.82,23508270,298.82,-0.003534747232226243,298.441,294.2242,,0.21418032296638,307.2218617248855,289.66013827511443,51.18901689834156
2019-04-25,MSFT,294.51,300.62,291.95,296.28,28400496,296.28,-0.008500100394886578,298.415,294.6218,,0.2155717899133396,307.2193685329011,289.6106314670989,49.23367128768514
2019-04-26,MSFT,303.35,310.26,295.49,302.87,16196681,302.87,0.022242473336033575,298.96500000000003,295.2048,,0.2199378424272156,307.41504266572724,290.5149573342728,54.82584975309356
2019-04-29,MSFT,296.83,302.51,291.55,297.03,41529286,297.03,-0.019282200283950335,299.3985,295.64059999999995,,0.22743074265234894,306.30669581900094,292.4903041809991,47.577092498255496
2019-04-30,MSFT,297.15,300.03,295.23,297.63,8212781,297.63,0.002019997980002186,299.50149999999996,296.1472,,0.20999945893792266,306.22839894926784,292.7746010507321,46.81305867362254
2019-05-01,MSFT,299.61,299.61,295.02,297.3,24143530,297.3,-0.001108759197661513,299.5025,296.51,,0.20909167298033776,306.2280142632545,292.7769857367455,45.88786871181034
2019-05-02,MSFT,300.5,303.61,298.15,300.88,39457897,300.88,0.012041708711739041,299.654,296.8614,,0.21331381483517645,306.359257638598,292.94874236140197,45.63297349089577
2019-05-03,MSFT,298.01,306.67,294.45,300.56,14488114,300.56,-0.00106354692900823,299.8355,297.1396,,0.2129711935157063,306.4258293584318,293.2451706415682,45.11263465951857
2019-05-06,MSFT,295.99,296.57,290.17,293.37,29335189,293.37,-0.02392201224381152,299.59049999999996,297.2812,,0.2294847379047483,306.76436330625404,292.4166366937459,42.49077489677362
2019-05-07,MSFT,294.92,294.92,290.87,292.46,19040518,292.46,-0.0031018849916488733,299.2355,297.2796,,0.22882886843615066,307.08645495364664,291.38454504635337,43.733383961027954
2019-05-08,MSFT,289.69,295.52,281.73,288.62,21571101,288.62,-0.01313000068385417,298.621,297.2168,,0.23164399371723954,307.74137372272014,289.5006262772798,47.54335258741522
2019-05-09,MSFT,288.87,291.49,286.63,289.06,36497808,289.06,0.0015244958769315975,297.99850000000004,297.163,,0.23154310005022746,307.9502473207886,288.04675267921147,37.07280830809761
2019-05-10,MSFT,292.64,296.57,292.64,295.04,27061135,295.04,0.020687746488618375,297.48400000000004,297.2124,,0.23988227550513566,306.8887544527102,288.0792455472899,40.352112662795136
2019-05-13,MSFT,289.73,290.87,285.25,288.06,11079909,288.06,-0.02365780911062909,296.60949999999997,297.0622,,0.25204822461829085,306.1084317404911,287.11056825950885,37.207792196517154
2019-05-14,MSFT,282.54,287.73,282.2,284.96,16916772,284.96,-0.01076164687912251,295.782,296.7946,,0.2508503517074404,306.3110767326528,285.25292326734717,35.63432834786734
2019-05-15,MSFT,280.44,286.68,279.08,282.88,36929478,282.88,-0.007299270072992692,294.973,296.5226,,0.2506303198151595,306.8426305977188,283.1033694022812,35.97739638962577
2019-05-16,MSFT,281.7,288.08,274.9,281.49,29917778,281.49,-0.0049137443438913575,294.49750000000006,296.2644,,0.2339534095309722,307.7219046727011,281.273095327299,24.894316572369206
2019-05-17,MSFT,282.6,290.96,278.11,284.53,50306286,284.53,0.010799673167785517,293.749,296.0116,,0.20971366791397966,307.4666350577983,280.0313649422017,34.28858721769632
2019-05-20,MSFT,281.16,287.97,279.94,283.96,49005613,283.96,-0.002003303693810854,292.784,295.6852,,0.2021024222744632,306.399510350525,279.16848964947496,32.80503143498686
2019-05-21,MSFT,285.29,289.51,281.95,285.73,21801478,285.73,0.006233272291872316,292.0765,295.4248,,0.2024611494953385,305.60977015368513,278.5432298463149,35.955328951119824
2019-05-22,MSFT,281.3,287.91,278.79,283.35,68045115,283.35,-0.008329541875196855,291.303,295.24580000000003,,0.20354998620187512,304.98103171435645,277.62496828564355,28.082020495295154
2019-05-23,MSFT,282.45,287.19,281.57,284.38,25245999,284.38,0.003635080289394743,290.70799999999997,295.102,,0.2034236953694768,304.50920147325076,276.9067985267492,30.12285011248845
2019-05-24,MSFT,285.17,289.35,285.17,287.61,17010119,287.61,0.01135804205640345,289.945,294.9692,,0.18942905941628077,302.55065871261576,277.33934128738423,42.16113226482702
2019-05-27,MSFT,283.11,291.56,278.02,284.79,19402848,284.79,-0.009804944195264342,289.33299999999997,294.627,,0.18110640799787653,301.6761073456957,276.98989265430424,40.07761964913105
2019-05-28,MSFT,289.28,290.55,285.52,288.04,10136935,288.04,0.011411917553284967,288.8535,294.4478,,0.1868753302903803,300.5685973668933,277.1384026331067,49.2380451736907
2019-05-29,MSFT,290.15,290.95,285.78,288.36,47545323,288.36,0.0011109568115539314,288.4065,294.308,,0.18711398296894968,299.42620154338425,277.38679845661574,49.077490756797985
2019-05-30,MSFT,292.46,296.96,288.5,292.73,47312788,292.73,0.01515466777639074,287.99899999999997,294.2854,,0.1903906208679534,297.58620616787107,278.41179383212886,46.82080923051221
2019-05-31,MSFT,292.07,296.36,287.7,292.03,16654373,292.03,-0.002391282068800793,287.5725,294.1338,,0.19042674817132293,295.40530785844845,279.73969214155153,56.605657211564704
2019-06-03,MSFT,290.96,295.28,290.96,293.71,22821934,293.71,0.005752833612985064,287.5895,294.0164,,0.17206308768955383,295.47657530343844,279.70242469656154,65.28117356220969
2019-06-04,MSFT,291.13,296.0,291.13,293.66,25974592,293.66,-0.000170235947022368,287.6495,293.9712,,0.1716506046947835,295.708956622666,279.590043377334,70.26315785775631
2019-06-05,MSFT,291.96,297.07,289.7,293.38,17025881,293.38,-0.0009534836205136177,287.8875,293.8714,,0.16433820196428,296.33921268846876,279.4357873115312,73.32287167412628
2019-06-06,MSFT,294.82,300.07,289.06,294.57,12389322,294.57,0.004056172881587106,288.163,293.8268,,0.16471736989385943,297.1197665688251,279.2062334311749,71.23519454326173
2019-06-07,MSFT,298.33,299.75,294.07,296.91,22982493,296.91,0.007943782462572768,288.2565,293.92760000000004,,0.15007089886416036,297.5483125250137,278.9646874749863,75.48209362232392
2019-06-10,MSFT,292.49,295.8,287.95,291.88,21986839,291.88,-0.016941160621063767,288.44750000000005,293.998,,0.13715231199569727,297.8783114848702,279.0166885151299,60.72549700557521
2019-06-11,MSFT,297.27,302.72,293.1,297.91,21402576,297.91,0.020659175003426178,289.095,294.0448,,0.14731589394604852,299.2667575979562,278.92324240204385,72.52475244383203
2019-06-12,MSFT,288.16,296.99,283.76,290.37,27329378,290.37,-0.025309657279044107,289.46950000000004,293.9066,,0.17423723416335832,299.2206294352581,279.718370564742,57.713108400515466
2019-06-13,MSFT,289.33,291.03,284.4,287.72,44286668,287.72,-0.009126287150876378,289.781,293.70399999999995,,0.17687228324174253,298.8317246583963,280.7302753416037,50.14379083131993
2019-06-14,MSFT,286.67,289.66,285.25,287.45,22145597,287.45,-0.0009384123453358706,289.927,293.51439999999997,,0.17325299085785426,298.71135714929176,281.1426428507083,53.72549017500955
2019-06-17,MSFT,290.6,293.51,284.96,289.23,26763874,289.23,0.006192381283701698,290.1905,293.3336,,0.17408061769962596,298.52590950277454,281.85509049722543,51.738241287632604
2019-06-18,MSFT,295.88,301.7,289.91,295.81,33435694,295.81,0.022750060505480008,290.6945,293.2586,,0.18985323785656563,299.1128745774532,282.2761254225468,59.19980239988146
2019-06-19,MSFT,289.7,290.4,286.25,288.33,31203585,288.33,-0.02528650147053857,290.9435,293.007,,0.210297201498779,298.71709978929994,283.1699002107,44.95412842593215
2019-06-20,MSFT,288.73,290.26,282.53,286.4,19552563,286.4,-0.006693719002531795,291.04449999999997,292.7048,,0.21174246933584867,298.5052308094127,283.58376919058725,43.720722716660966
2019-06-21,MSFT,280.45,280.45,276.62,278.11,25982589,278.11,-0.02894553072625683,290.5695,292.1604,,0.2315774725053921,299.92099743145565,281.21800256854436,34.836702945417755
2019-06-24,MSFT,278.54,279.92,276.77,278.34,31121277,278.34,0.0008270108949695043,290.247,291.6162,,0.22963396964376928,300.80478904286696,279.68921095713307,35.16079038178512
2019-06-25,MSFT,279.58,283.61,275.42,279.52,15919349,279.52,0.004239419415103862,289.821,291.1764,,0.22585379488580418,301.39261663636273,278.2493833636373,36.80502664670088
2019-06-26,MSFT,284.59,289.06,282.79,285.93,41441857,285.93,0.022932169433314442,289.6995,290.91380000000004,,0.24179551951933662,301.3861644198915,278.0128355801085,42.51818495678467
2019-06-27,MSFT,289.02,292.8,280.25,286.53,44323339,286.53,0.002098415696149214,289.3895,290.8244,,0.23506627876587888,301.06661116942706,277.71238883057293,40.73214284695978
2019-06-28,MSFT,290.62,295.82,285.9,290.86,18723206,290.86,0.01511185565211326,289.331,290.6516,,0.2417730092016721,300.96405254776016,277.6979474522399,49.07775767292789
2019-07-01,MSFT,291.18,297.5,289.24,293.37,27013691,293.37,0.008629581241834439,289.314,290.4538,,0.2429080728228198,300.92107297977816,277.7069270202219,45.61606796758158
2019-07-02,MSFT,291.31,295.54,287.86,291.7,32323261,291.7,-0.005692470259399451,289.216,290.2902,,0.2437650107984327,300.7010280571571,277.7309719428429,51.44848615290177
2019-07-03,MSFT,283.98,290.39,281.84,286.12,20098198,286.12,-0.019129242372300292,288.853,290.0362,,0.2528564709327338,300.2424117033046,277.46358829669543,48.36199834813535
2019-07-04,MSFT,287.35,289.01,285.67,287.34,30311323,287.34,0.00426394519781903,288.4915,289.85740000000004,,0.25291407315992015,299.5716411258352,277.41135887416476,49.88953603738795
2019-07-05,MSFT,281.86,287.95,275.08,281.51,26687040,281.51,-0.02028955244657893,287.7215,289.4302,,0.2592693220117286,298.47390443122555,276.96909556877443,42.83060920134415
2019-07-08,MSFT,285.85,293.94,279.62,286.78,13897494,286.78,0.01872047174167868,287.4665,289.22520000000003,,0.2638454117409713,298.04413534414437,276.8888646558556,41.40491146811972
2019-07-09,MSFT,283.79,288.71,283.77,286.24,30040316,286.24,-0.0018829764976635577,286.883,288.99739999999997,,0.25142718716145385,296.25359701518863,277.51240298481133,47.7078306499691
2019-07-10,MSFT,293.77,293.77,289.03,291.19,16099993,291.19,0.017293180547792053,286.924,288.8752,,0.2441369976967093,296.3657424796825,277.48225752031743,54.92696974348949
2019-07-11,MSFT,290.94,291.63,287.08,289.35,36399570,289.35,-0.006318898313815602,287.0055,288.64459999999997,,0.24290668119183773,296.50414139869815,277.5068586013018,63.33017075695873
2019-07-12,MSFT,292.53,295.86,285.27,290.56,19113433,290.56,0.00418178676343528,287.161,288.4446,,0.24321391111467297,296.7911957131563,277.5308042868437,64.16318959438382
2019-07-15,MSFT,290.76,296.85,286.22,291.53,23438070,291.53,0.003338381057268691,287.276,288.4078,,0.2425614369076706,297.06386660266617,277.48813339733385,63.98788723746032
2019-07-16,MSFT,292.99,297.87,285.07,291.47,43284187,291.47,-0.00020581072273850864,287.059,288.388,,0.22788495331255626,296.22277054090324,277.8952294590968,57.57244393641303
2019-07-17,MSFT,289.74,295.63,284.02,289.82,30490906,289.82,-0.00566095996157423,287.1335,288.412,,0.20965211338853884,296.36475645778967,277.9022435422104,54.371512071187894
2019-07-18,MSFT,289.79,295.62,287.46,291.54,16233650,291.54,0.005934718100890413,287.39050000000003,288.4616,,0.2088227519301618,296.8198460732137,277.9611539267864,50.970873766031076
2019-07-19,MSFT,285.73,292.86,282.93,287.9,16658310,287.9,-0.012485422240516075,287.88,288.3188,,0.18427650988509545,296.23620664378825,279.52379335621174,42.43430150500463
2019-07-22,MSFT,282.3,288.49,277.86,283.18,19671181,283.18,-0.016394581451892876,288.12199999999996,288.2212,,0.19528725237946307,295.54290248448365,280.70109751551627,39.13265304724851
2019-07-23,MSFT,286.17,292.66,283.87,288.26,29274986,288.26,0.017939119994349717,288.559,288.2872,,0.20421318922685014,294.77928565937407,282.338714340626,52.76485786204888
2019-07-24,MSFT,294.23,295.56,287.1,291.33,28852474,291.33,0.010650107541802623,288.829,288.45619999999997,,0.1914680136216318,295.03757776747136,282.62042223252865,54.91985201556408
2019-07-25,MSFT,289.09,296.94,286.49,291.72,17843421,291.72,0.0013386880856762762,289.0885,288.6608,,0.191429462430007,295.32626705999337,282.85073294000665,64.54001706341336
2019-07-26,MSFT,298.36,303.54,293.89,298.72,15673823,298.72,0.023995612230906405,289.4815,288.94460000000004,,0.2024176500821758,297.03983252287276,281.9231674771272,66.20521170122507
2019-07-29,MSFT,297.43,303.04,292.39,297.72,27980537,297.72,-0.0033476164970540623,289.69899999999996,289.2198,,0.20121402599777727,297.9473322716266,281.45066772837333,65.38873992183804
2019-07-30,MSFT,302.19,308.64,298.17,303.4,23245970,303.4,0.019078328630928176,290.284,289.5732,,0.20962854369315187,300.54414342774464,280.02385657225534,66.0531159367672
2019-07-31,MSFT,304.71,310.17,298.38,304.27,59249786,304.27,0.0028675016479895454,291.1915,289.9916,,0.19411910813653646,302.9954534412035,279.38754655879654,70.12951967129482
2019-08-01,MSFT,297.96,305.42,294.7,300.06,25368729,300.06,-0.013836395306799809,291.8275,290.3052,,0.20316448917331373,304.11835732096023,279.53664267903974,61.85721415711432
2019-08-02,MSFT,309.8,312.79,303.31,308.05,51654481,308.05,0.026628007731787084,293.1545,290.714,,0.20239886369100712,306.44525416655415,279.8637458334458,67.54460490769706
2019-08-05,MSFT,311.43,318.3,306.65,312.48,15653935,312.48,0.014380782340529086,294.4395,291.26779999999997,,0.1989375353558994,309.92379353621834,278.9552064637817,70.41788141912824
2019-08-06,MSFT,312.64,316.44,307.71,312.07,13324316,312.07,-0.001312083973374345,295.731,291.7484,,0.1987095510038715,312.58404395432154,278.87795604567845,72.1569408283171
2019-08-07,MSFT,316.75,318.49,312.29,315.39,15972073,315.39,0.010638638766943265,296.94100000000003,292.289,,0.1943401887382223,315.7793303539961,278.10266964600396,73.01679210534189
2019-08-08,MSFT,316.18,316.18,312.16,313.74,40226570,313.74,-0.005231617996765858,298.1605,292.7092,,0.19360619382580377,318.0577745819482,278.26322541805183,75.93336007500875
2019-08-09,MSFT,319.66,322.68,312.39,317.53,50466838,317.53,0.01208006629693359,299.50899999999996,293.2192,,0.19565609836924422,320.84132378093625,278.17667621906367,85.12988338736311
2019-08-12,MSFT,307.87,312.37,302.04,307.2,18283591,307.2,-0.03253235914716712,300.29249999999996,293.48900000000003,,0.23583462734378355,321.5418109485798,279.04318905142014,67.49168819828441
2019-08-13,MSFT,302.29,310.37,295.56,302.97,20793686,302.97,-0.013769531249999911,300.86749999999995,293.6752,,0.24288060385119334,321.730475389556,280.0045246104439,60.524412281241624
2019-08-14,MSFT,307.29,311.03,303.52,307.27,15662721,307.27,0.01419282437204994,301.74,293.953,,0.2447399263313232,322.1114061732036,281.3685938267964,63.13122781820914
2019-08-15,MSFT,307.97,310.27,302.38,306.33,12112280,306.33,-0.0030591987502847084,302.47950000000003,294.1882,,0.24541071694965066,322.35973771434584,282.5992622856542,57.15898399246987
2019-08-16,MSFT,309.66,310.12,304.56,307.34,33322755,307.34,0.003297097900956558,303.4515,294.3968,,0.23885797830387068,322.1990205658873,284.70397943411274,59.048156493102425
2019-08-19,MSFT,299.33,303.66,299.33,301.72,27332704,301.72,-0.01828593739832096,304.3785,294.5936,,0.2410193354589233,320.56399093608366,288.1930090639163,48.41807908327964
2019-08-20,MSFT,309.04,316.09,303.42,309.75,25105100,309.75,0.02661407927880144,305.453,294.8304,,0.24982098016337065,319.8920845314098,291.01391546859014,54.54696314696887
2019-08-21,MSFT,316.83,318.23,311.94,315.09,14279903,315.09,0.01723970944309916,306.64099999999996,295.3248,,0.25331626817378716,320.0613284923296,293.2206715076703,62.24140738114712
2019-08-22,MSFT,313.9,319.73,308.93,314.33,48175880,314.33,-0.002412009267193427,307.77149999999995,295.857,,0.2541968194987851,319.61631814305434,295.92668185694555,55.79763661777756
2019-08-23,MSFT,311.63,318.54,306.81,312.68,20440804,312.68,-0.00524926033149864,308.46950000000004,296.3616,,0.24448508981854059,319.69769097769097,297.2413090223091,50.19462824634634
2019-08-26,MSFT,316.78,321.92,312.77,317.34,30948557,317.34,0.014903415632595562,309.45050000000003,296.9238,,0.24736182377168417,320.13969863078324,298.7613013692168,54.73665287135876
2019-08-27,MSFT,327.08,333.76,319.05,326.41,13971943,326.41,0.028581332324951303,310.601,297.5358,,0.2574882758077473,323.3104923497906,297.8915076502094,58.97686541502654
2019-08-28,MSFT,334.24,335.52,326.34,330.93,23165538,330.93,0.013847614962776866,311.934,298.38779999999997,,0.2599068325273089,327.1857269427678,296.68227305723224,63.37743189280497
2019-08-29,MSFT,341.23,344.93,337.63,341.28,28090336,341.28,0.03127549632852866,313.995,299.48539999999997,,0.2672973153135963,333.13527717997346,294.85472282002655,66.77023018027427
2019-08-30,MSFT,335.07,344.76,329.31,337.04,28494352,337.04,-0.012423816221284412,315.4445,300.664,,0.2644001335302648,336.93560707147924,293.95339292852077,73.05315202375255
2019-09-02,MSFT,331.08,340.74,325.92,333.33,26595319,333.33,-0.011007595537621762,316.48699999999997,301.7638,,0.2673352708893641,339.3515357198456,293.62246428015436,73.64485979702454
2019-09-03,MSFT,324.96,330.67,324.96,327.96,30468239,327.96,-0.01611016110161101,317.2815,302.7326,,0.27579879301383764,340.599590808367,293.963409191633,65.84954801713053
2019-09-04,MSFT,330.51,331.95,328.3,330.12,15905542,330.12,0.00658616904500553,318.018,303.6164,,0.2746105100473156,342.00542705756453,294.0305729424354,67.88990824258603
2019-09-05,MSFT,331.37,333.32,328.82,331.07,27053729,331.07,0.002877741427359748,318.8845,304.50719999999995,,0.2731155673201887,343.4659268567889,294.3030731432111,67.86090620276909
2019-09-06,MSFT,328.55,334.05,326.95,330.5,26163855,330.5,-0.0017216902769806586,319.533,305.3,,0.27130529793134567,344.6426342172917,294.42336578270834,73.44411858865728
2019-09-09,MSFT,335.71,342.57,326.23,334.4,27427465,334.4,0.01180030257186071,320.89300000000003,306.12059999999997,,0.2399869895834241,346.1361461046958,295.64985389530426,71.52838426198434
2019-09-10,MSFT,342.0,345.86,334.85,340.36,25734021,340.36,0.017822966507177185,322.7625,307.0938,,0.23447277281673215,347.9548445974296,297.5701554025704,71.8334197165083
2019-09-11,MSFT,331.69,337.45,329.14,333.3,15023125,333.3,-0.020742742978023254,324.06399999999996,308.0374,,0.2504122216742765,348.5664204174941,299.56157958250583,64.78105032091425
2019-09-12,MSFT,329.63,338.19,323.13,330.66,14757566,330.66,-0.007920792079207928,325.28049999999996,308.9038,,0.2528619323258834,348.4556495538203,302.1053504461796,63.79680784387425
2019-09-13,MSFT,337.89,339.31,329.9,334.61,10310559,334.61,0.011945805358978934,326.64399999999995,309.9658,,0.25442518148542353,348.548872228987,304.7391277710129,63.39798291873437
2019-09-16,MSFT,331.72,336.32,328.8,332.56,34670515,332.56,-0.006126535369534669,328.18600000000004,310.8814,,0.24348305565923192,346.79782012649144,309.5741798735086,55.35434440579903
2019-09-17,MSFT,330.71,336.83,321.16,329.0,34811187,329.0,-0.010704835217705044,329.1485,311.7366,,0.23542440594389835,345.6131201548022,312.68387984519785,48.29112802061137
2019-09-18,MSFT,333.54,341.2,326.51,333.85,35033191,333.85,0.01474164133738598,330.0865,312.58979999999997,,0.23359761480084465,345.26621953835,314.90678046165,42.71139885034419
2019-09-19,MSFT,329.94,335.19,320.84,328.01,28264081,328.01,-0.01749288602665877,330.77049999999997,313.363,,0.24412656771819224,344.07820172730663,317.4627982726933,41.411451387107455
2019-09-20,MSFT,328.52,331.74,321.78,326.76,10650726,326.76,-0.0038108594250175765,331.4745,314.087,,0.2435937958360497,341.9385386185413,321.01046138145864,43.444422258866076
2019-09-23,MSFT,329.5,335.23,321.57,328.4,16579908,328.4,0.0050189741706450075,332.0275,314.82439999999997,,0.23930858631022772,340.2821162523451,323.7728837476549,50.474342373724866
2019-09-24,MSFT,328.22,328.7,323.11,325.91,26763579,325.91,-0.007582216808769693,332.0025,315.5132,,0.21926440011978263,340.33144477424526,323.67355522575474,45.49347033532632
2019-09-25,MSFT,332.53,335.06,324.2,329.63,26392583,329.63,0.011414194102666197,331.9375,316.30940000000004,,0.2173902229203822,340.32179327278135,323.55320672721865,48.54486659903743
2019-09-26,MSFT,327.67,335.22,319.07,327.15,22868868,327.15,-0.007523587052149394,331.231,317.0216,,0.18419099193672586,338.6232118333604,323.8387881666396,46.74061100108251
2019-09-27,MSFT,332.04,337.41,330.19,333.8,28975269,333.8,0.020327067094604967,331.069,317.9396,,0.19602866567406574,338.0561036089289,324.08189639107115,49.44588103634575
2019-09-30,MSFT,332.67,340.31,326.38,333.34,25116789,333.34,-0.0013780707010186966,331.0695,318.9428,,0.19206435740897715,338.05728626189347,324.08171373810654,42.78371709294873
2019-10-01,MSFT,338.37,341.61,331.64,336.63,26237351,336.63,0.009869802603947875,331.503,319.91020000000003,,0.1850456342587614,338.7494905480485,324.25650945195144,53.71071984060729
2019-10-02,MSFT,341.32,342.27,338.33,340.3,19360786,340.3,0.010902177464872542,332.012,320.8896,,0.18727996108449027,340.2162751371533,323.8077248628467,60.50108930616521
2019-10-03,MSFT,335.28,344.29,330.62,337.46,37028216,337.46,-0.008345577431678075,332.3315,321.80440000000004,,0.19046336876770054,340.87211325296,323.79088674704,53.181513714120484
2019-10-04,MSFT,325.08,330.77,325.08,328.03,21042983,328.03,-0.02794405262845967,332.20799999999997,322.39059999999995,,0.21644981206691222,340.9296405989146,323.48635940108534,45.658424369576025
2019-10-07,MSFT,331.03,335.63,324.0,329.82,14681910,329.82,0.0054568179739658,331.979,323.0326,,0.21289366264625637,340.6988162703849,323.2591837296151,50.813492049377196
2019-10-08,MSFT,328.64,332.5,328.07,330.29,18365542,330.29,0.001425019707719466,331.4755,323.5704,299.90505,0.20173400540964487,339.271700086534,323.679299913466,46.13211645706543
2019-10-09,MSFT,333.0,340.97,325.03,333.0,21747294,333.0,0.008204910835931889,331.4605,324.145,300.1398,0.19084092316809126,339.24306208657396,323.6779379134261,55.81720678989412
2019-10-10,MSFT,333.72,335.68,328.48,332.08,37206256,332.08,-0.0027627627627627716,331.5315,324.7854,300.366,0.18886098187883105,339.30922061047033,323.75377938952965,56.249999981496686
2019-10-11,MSFT,330.63,333.36,327.07,330.22,24580873,330.22,-0.005601059985545498,331.312,325.2288,300.62505,0.18471285493772419,338.9707853922153,323.6532146077847,52.12716220828008
2019-10-14,MSFT,336.94,342.35,336.94,339.77,23206131,339.77,0.02892011386348492,331.6725,325.77459999999996,300.92185,0.21083909101890888,340.2072805447572,323.1377194552428,63.9044943640717
2019-10-15,MSFT,330.88,340.94,325.01,332.97,15171375,332.97,-0.020013538570209155,331.871,326.19259999999997,301.1711,0.22016780814775969,340.32838518753414,323.4136148124658,53.15570671307296
2019-10-16,MSFT,334.66,343.02,330.07,336.55,34228850,336.55,0.010751719374117785,332.006,326.61580000000004,301.42274999999995,0.21722658834943623,340.6798212303827,323.33217876961726,58.70048128800805
2019-10-17,MSFT,332.37,340.61,327.36,333.98,19261243,333.98,-0.007636309612241821,332.3045,327.0206,301.6689,0.2090675795434298,340.80853860711915,323.8004613928809,50.180216245444086
2019-10-18,MSFT,332.99,337.54,327.57,332.55,24019468,332.55,-0.004281693514581741,332.594,327.32099999999997,301.90115,0.2092174452103455,340.6876138567978,324.5003861432022,49.22412098430297
2019-10-21,MSFT,331.24,336.01,326.41,331.21,45193309,331.21,-0.004029469252744056,332.73449999999997,327.80119999999994,302.0973,0.20935514447534315,340.6163551783461,324.8526448216538,44.46486926833111
2019-10-22,MSFT,325.69,330.0,325.28,327.64,30642292,327.64,-0.01077866006461159,332.821,328.2946,302.24580000000003,0.21129207132940878,340.4204152129449,325.2215847870552,37.0446172632291
2019-10-23,MSFT,327.54,335.75,325.05,330.4,13034167,330.4,0.008423879868147965,332.85949999999997,328.7572,302.4081,0.20947382429887465,340.39840812978,325.3205918702199,42.7634276220031
2019-10-24,MSFT,334.82,340.38,333.68,337.03,12318124,337.03,0.020066585956416416,333.3535,329.37120000000004,302.60005,0.21867437690143787,340.6065335577095,326.1004664422905,59.786863835645605
2019-10-25,MSFT,342.68,347.72,331.06,339.39,24365096,339.39,0.007002344004984673,333.633,330.0122,302.7798,0.20839607226693696,341.37296355219183,325.89303644780813,60.279269584448784
2019-10-28,MSFT,339.81,347.14,332.9,340.02,15390948,340.02,0.0018562715460090917,333.967,330.77819999999997,302.99365,0.20824073060210957,342.2136608234257,325.72033917657427,60.415328605313306
2019-10-29,MSFT,337.96,339.94,331.04,335.49,32404409,335.49,-0.013322745720839912,333.91,331.293,303.19095,0.2114960512419481,342.09468659978046,325.7253134002196,52.56542343424861
2019-10-30,MSFT,340.42,340.78,335.35,338.07,25426223,338.07,0.00769024412053998,333.7985,331.75260000000003,303.3726,0.2095815503717802,341.67147917261406,325.9255208273859,55.96732415254949
2019-10-31,MSFT,348.65,355.78,341.35,348.57,26709778,348.57,0.031058656491259162,334.354,332.43739999999997,303.5854,0.23456807821606854,344.54214667303916,324.1658533269608,65.59578444809893
2019-11-01,MSFT,348.29,349.43,344.27,346.85,18843698,346.85,-0.004934446452649288,335.295,333.12080000000003,303.78105000000005,0.20876964783783525,346.45403693259107,324.13596306740897,56.941176454957386
2019-11-04,MSFT,343.05,348.2,342.14,345.17,50170604,345.17,-0.004843592330978863,336.0625,333.6774,303.9998,0.21027628234947465,347.73566648511627,324.38933351488373,63.29555359882002
2019-11-05,MSFT,343.9,345.77,339.45,342.61,77937974,342.61,-0.007416635281165762,336.6785,334.0014,304.2062,0.21312051068707868,348.3693174042156,324.98768259578435,56.754346839176094
2019-11-06,MSFT,338.86,345.9,334.91,340.41,22363763,340.41,-0.0064212953503983705,337.049,334.191,304.4134,0.21372062794608992,348.71861488562104,325.3793851143789,57.226342980418785
2019-11-07,MSFT,329.88,334.5,320.91,327.7,28791825,327.7,-0.037337328515613666,336.83000000000004,333.9194,304.5495,0.25369362432716225,349.0439540560776,324.6160459439225,45.65178410186254
2019-11-08,MSFT,326.95,333.42,325.98,329.7,25993402,329.7,0.006103143118706189,336.804,333.7726,304.7119,0.2539998686396621,349.07925949987356,324.5287405001264,48.66205917630217
2019-11-11,MSFT,327.73,328.13,323.77,325.95,22533454,325.95,-0.011373976342129222,336.113,333.625,304.87615,0.23261106355055158,349.21343808025154,323.01256191974846,48.50733084827588
2019-11-12,MSFT,316.26,323.37,314.26,318.81,17922333,318.81,-0.021905200184077267,335.405,333.44200000000006,305.0459,0.23464506265493926,350.58595829441,320.22404170558997,40.49844235830501
2019-11-13,MSFT,324.78,328.76,315.89,322.32,16198013,322.32,0.011009692293215467,334.6935,333.286,305.20805,0.2348336846259662,350.94464509325064,318.4423549067493,37.290478650042054
2019-11-14,MSFT,316.36,320.6,314.61,317.6,15873275,317.6,-0.01464383221643073,333.8745,333.01660000000004,305.3541,0.23833450398355754,351.8378374873378,315.9111625126622,31.911007796002764
2019-11-15,MSFT,317.2,319.2,313.26,316.23,29399328,316.23,-0.004313602015113327,333.0585,332.7312,305.48955,0.23833786524152376,352.6812261102985,313.43577388970147,30.49040511026955
2019-11-18,MSFT,322.84,330.65,315.18,322.92,20307820,322.92,0.02115548809410872,332.644,332.50160000000005,305.6579,0.25241231237604417,352.7747833403107,312.5132166596893,40.04435291366036
2019-11-19,MSFT,315.89,324.36,309.11,316.74,8913426,316.74,-0.01913786696395392,332.099,332.0292,305.81625,0.2583182104153563,353.35873104745974,310.83926895254024,34.01768319382215
2019-11-20,MSFT,311.04,317.83,302.44,310.14,29868939,310.14,-0.02083727978783867,331.086,331.566,305.96594999999996,0.2641286599136969,354.50742285218513,307.6645771478149,19.41747572382866
2019-11-21,MSFT,314.22,318.02,304.85,311.43,24620300,311.43,0.004159411878506658,329.806,331.1814,306.1411,0.25141117058628076,354.61658212261403,304.99541787738593,21.61858973873943
2019-11-22,MSFT,313.71,319.39,313.71,316.61,42843118,316.61,0.016632951224994308,328.66700000000003,330.8214,306.35555,0.2591169721053746,353.71545249973354,303.6185475002665,28.330804242843243
2019-11-25,MSFT,312.43,312.7,306.97,309.84,29024049,309.84,-0.021382773759515028,327.158,330.36699999999996,306.52855000000005,0.2659743924569027,352.95188879070406,301.36411120929597,26.62958207997697
2019-11-26,MSFT,312.41,315.41,308.05,311.73,13837833,311.73,0.00609992254066638,325.96999999999997,330.0216,306.7257,0.26636739678886523,352.33052231732046,299.6094776826795,29.45558738664218
2019-11-27,MSFT,316.34,317.98,310.83,314.41,10247206,314.41,0.008597183460045565,324.787,329.6328,306.90195,0.26689311360470713,350.9842285396328,298.58977146036716,38.88238245701271
2019-11-28,MSFT,304.89,312.97,298.22,305.6,18747996,305.6,-0.028020737253904193,322.6385,329.1846,307.0134,0.2471291302182438,347.6441374906873,297.63286250931276,31.901471906779562
2019-11-29,MSFT,308.98,315.58,302.73,309.15,19469183,309.15,0.011616492146596658,320.7535,328.8324,307.1259,0.25531470347501395,343.67105224827725,297.8359477517227,37.34558601200907
2019-12-02,MSFT,315.41,319.2,307.0,313.1,36457219,313.1,0.01277696910884707,319.15,328.52639999999997,307.25995,0.26354757149454006,339.1802602658001,299.11973973419987,45.48188003423414
2019-12-03,MSFT,311.33,314.58,309.14,311.86,24911447,311.86,-0.003960396039603964,317.6125,328.2454,307.35655,0.26336610014686584,334.5411314614563,300.6838685385437,41.41497044353566
2019-12-04,MSFT,317.72,324.87,310.14,317.5,39344304,317.5,0.01808503815814788,316.467,328.0028,307.48525,0.2751694992764337,329.5681563973295,303.36584360267045,49.91914617239863
2019-12-05,MSFT,319.63,329.68,315.77,322.73,14716106,322.73,0.016472440944881983,316.2185,327.9144,307.64015,0.25232064764875634,328.5908057035047,303.8461942964953,54.94672753775867
2019-12-06,MSFT,321.11,326.0,320.65,323.32,36781006,323.32,0.001828153564899404,315.8995,327.70480000000003,307.7939,0.25125869321710664,327.07980688779105,304.7191931122089,50.335570457974846
2019-12-09,MSFT,322.32,328.62,314.21,321.41,33357128,321.41,-0.0059074601014473815,315.6725,327.4662,307.92310000000003,0.24896272374480116,326.1562616290463,305.18873837095373,54.22013372927739
2019-12-10,MSFT,318.57,320.51,313.88,317.19,11151591,317.19,-0.013129647490743968,315.59150000000005,327.07739999999995,308.01735,0.24081009060502429,325.9979418814265,305.1850581185736,56.6572237810538
2019-12-11,MSFT,317.68,319.25,315.06,317.15,42432855,317.15,-0.00012610738043450365,315.33299999999997,326.61440000000005,308.1207,0.23718552654355013,325.282519110301,305.38348088969894,55.53191487857932
2019-12-12,MSFT,317.54,325.62,314.02,319.82,25952273,319.82,0.008418729307898554,315.444,326.2616,308.2478,0.23330115498857557,325.54833861998384,305.3396613800162,53.26285828937424
2019-12-13,MSFT,318.15,324.26,312.74,318.5,29244561,318.5,-0.00412732161841034,315.5575,326.071,308.35445,0.23325162583212658,325.7496287998932,305.36537120010684,59.89940555924575
2019-12-16,MSFT,308.08,311.11,306.85,308.98,17688547,308.98,-0.029890109890109873,314.8605,325.6542,308.39795000000004,0.24334272711784283,324.83698282079496,304.88401717920505,47.32334045819492
2019-12-17,MSFT,314.61,318.22,311.06,314.64,41636393,314.64,0.018318337756489056,314.75550000000004,325.3412,308.4774,0.24485984579312484,324.69282035256026,304.8181796474398,50.21159152340452
2019-12-18,MSFT,317.94,323.45,307.76,315.61,15557376,315.61,0.003082888380371296,315.029,324.9934,308.59395,0.2325575967452644,324.72973659709646,305.32826340290353,60.76112662114263
2019-12-19,MSFT,315.79,319.89,308.23,314.06,34872990,314.06,-0.004911124489084706,315.1605,324.633,308.7064,0.23313950837262937,324.7261809260438,305.5948190739562,55.51561445119708
2019-12-20,MSFT,315.33,324.21,311.75,317.98,34713158,317.98,0.012481691396548422,315.229,324.3882,308.82505000000003,0.2297765217311233,324.85779868989147,305.6002013101085,55.48561149332736
2019-12-23,MSFT,327.51,327.98,321.96,324.97,16932059,324.97,0.021982514623561267,315.9855,324.0922,308.9404,0.22700544179751472,326.19169311470546,305.77930688529455,63.04997011979496
2019-12-24,MSFT,312.42,314.65,310.54,312.59,55269723,312.59,-0.038095824229929076,316.0285,323.68460000000005,309.01835,0.26814903790886874,326.16621961277747,305.89078038722255,45.69071439986535
2019-12-25,MSFT,316.16,317.94,311.31,314.63,27425883,314.63,0.0065261204773026105,316.0395,323.2462,309.11475,0.2673961996551118,326.17030030090245,305.9086996990975,42.4693194385539
2019-12-26,MSFT,306.31,311.61,305.45,308.53,32473775,308.53,-0.01938785239805496,316.18600000000004,322.73720000000003,309.1881,0.2568732905634148,325.7500497918495,306.62195020815057,37.52740764841654
2019-12-27,MSFT,311.88,313.83,307.81,310.82,13572253,310.82,0.007422292807830688,316.2695,322.30260000000004,309.24415,0.25491209778866253,325.60124203852666,306.9377579614733,41.12619405772136
2019-12-30,MSFT,309.86,314.26,308.74,311.5,58321326,311.5,0.0021877614053149586,316.1895,321.90840000000003,309.30375,0.25082754382592914,325.6620208671647,306.7169791328353,44.9314092173697
2019-12-31,MSFT,314.02,319.6,309.22,314.41,15318374,314.41,0.009341894060995282,316.317,321.6438,309.39619999999996,0.25257619312347684,325.61111834384496,307.02288165615505,47.677966090381545
2020-01-01,MSFT,309.33,315.96,308.74,312.35,37668733,312.35,-0.006551954454374842,316.0595,321.2828,309.4661,0.244885845538485,325.49983334602837,306.61916665397166,43.60335672871306
2020-01-02,MSFT,302.26,310.9,297.87,304.38,16793084,304.38,-0.02551624779894357,315.142,320.6298,309.504,0.2511038758740261,325.3853395047932,304.8986604952068,39.14514144298847
2020-01-03,MSFT,300.12,305.22,299.97,302.59,19516891,302.59,-0.005880806886129242,314.1055,319.8938,309.5576,0.25070898060566776,325.03671936666007,303.17428063333995,44.4250566982734
2020-01-06,MSFT,302.86,308.79,300.09,304.44,34273670,304.44,0.006113883472685933,313.257,319.1822,309.638,0.2526038434721368,324.43265041083555,302.08134958916446,40.46728970903666
2020-01-07,MSFT,306.46,310.56,306.46,308.93,37708929,308.93,0.014748390487452356,312.844,318.651,309.7048,0.2565247752249369,324.01817209931954,301.66982790068045,44.14240616243436
2020-01-08,MSFT,305.19,308.47,299.57,304.02,15034718,304.02,-0.01589356812222842,312.1875,317.97,309.7385,0.26170821855748816,323.8294981554966,300.5455018445034,41.68598872832722
2020-01-09,MSFT,305.64,310.44,305.64,308.55,38670022,308.55,0.01490033550424319,311.624,317.1696,309.79200000000003,0.2660990034802503,322.7918323769637,300.4561676230363,42.26922445332403
2020-01-10,MSFT,306.61,313.4,298.38,305.89,37972720,305.89,-0.008620969048776628,310.99350000000004,316.35040000000004,309.8368,0.2671282838782081,321.9486339082337,300.03836609176636,33.162725018279644
2020-01-13,MSFT,305.36,313.97,301.16,307.57,17179116,307.57,0.0054921703880479456,310.923,315.5984,309.88329999999996,0.24666639005119056,321.95060001565287,299.89539998434714,44.538729316285036
2020-01-14,MSFT,308.22,310.02,300.98,305.5,47386380,305.5,-0.006730175244659686,310.466,314.8562,309.913,0.23770421264617253,321.60203614634037,299.32996385365965,40.073929102826
2020-01-15,MSFT,309.06,309.06,304.34,306.4,13959116,306.4,0.0029459901800326094,310.0055,314.17600000000004,309.94045,0.23767072854344723,321.00678313090276,299.0042168690972,47.38906593127124
2020-01-16,MSFT,308.67,315.61,305.15,310.38,19471790,310.38,0.012989556135770242,309.8215,313.82959999999997,309.9848,0.24257877807313072,320.6591367107251,298.98386328927495,49.48210921156428
2020-01-17,MSFT,305.91,311.37,299.06,305.22,30279680,305.22,-0.016624782524647053,309.1835,313.34,309.98425,0.24395407041944733,319.48812394931605,298.8788760506839,43.31345824943811
2020-01-20,MSFT,299.59,305.11,299.59,302.45,17768892,302.45,-0.00907542100779779,308.0575,312.87,309.96875,0.22795830878344064,315.6684197867265,300.44658021327353,37.2276804672963
2020-01-21,MSFT,305.97,308.32,298.39,303.35,27782420,303.35,0.0029756984625559646,307.5955,312.56080000000003,309.97795,0.18844730078751687,315.1696540434343,300.0213459565657,40.14454663683702
2020-01-22,MSFT,313.99,320.53,307.17,313.85,27530824,313.85,0.03461348277567167,307.5565,312.39140000000003,310.0519,0.2266752507969861,314.9847711029509,300.12822889704915,59.825689959793316
2020-01-23,MSFT,307.37,316.52,303.89,310.2,23197537,310.2,-0.01162975943922262,307.64,312.2434,310.1479,0.21944430828386188,315.1514256828821,300.12857431711785,57.60239758628503
2020-01-24,MSFT,318.32,326.05,312.6,319.32,34877294,319.32,0.02940038684719548,308.065,312.3052,310.24699999999996,0.24157636661332021,317.13432017413857,298.99567982586143,62.97976272013749
2020-01-27,MSFT,325.76,335.96,321.12,328.54,22817584,328.54,0.0288738569460103,308.91700000000003,312.4176,310.3734,0.2604762420317982,321.7610690388079,296.0729309611922,65.80177274905355
2020-01-28,MSFT,327.52,336.02,320.43,328.23,27426021,328.23,-0.0009435685152492379,309.608,312.6474,310.51515,0.25960398464096074,324.9420166743223,294.2739833256777,71.07049606623171
2020-01-29,MSFT,328.1,331.28,322.7,326.99,39546000,326.99,-0.003777838710660286,310.34000000000003,312.9844,310.656,0.25853689662291585,327.51266003365663,293.16733996634343,67.02363366066592
2020-01-30,MSFT,323.77,329.27,318.66,323.97,34300169,323.97,-0.009235756445151178,311.31949999999995,313.2352,310.79445,0.24107524590560053,329.2775979827445,293.3614020172554,66.58107114944727
2020-01-31,MSFT,323.03,330.53,317.05,323.79,34236171,323.79,-0.0005556070006482727,312.3795,313.3788,310.89905000000005,0.239138699938731,330.6677205114012,294.0912794885988,65.2961146564665
2020-02-03,MSFT,315.18,323.62,311.58,317.6,15787271,317.6,-0.019117329133080063,313.0375,313.534,311.0019,0.251908869978328,331.0681112515691,295.0068887484309,60.588029386625266
2020-02-04,MSFT,315.77,325.3,309.48,317.39,30839392,317.39,-0.000661209068010149,313.4605,313.6472,311.1007,0.2476605868059648,331.482317742303,295.43868225769705,59.734278107417516
2020-02-05,MSFT,321.65,325.95,321.65,324.24,17592563,324.24,0.021582280475125337,314.4715,313.8438,311.23539999999997,0.24854445658128935,332.5320138062931,296.4109861937069,61.6824005248895
2020-02-06,MSFT,323.59,325.5,317.72,321.61,14973917,321.61,-0.008111275598322254,315.1245,314.164,311.33905,0.24776992800000142,333.2278936626588,297.0211063373412,64.43035744141525
2020-02-07,MSFT,318.32,324.06,317.25,320.66,24293122,320.66,-0.0029538882497434082,315.863,314.39419999999996,311.43955,0.24529471139875314,333.5811989104848,298.1448010895152,66.56358011766618
2020-02-10,MSFT,313.83,316.44,310.03,313.24,17411967,313.24,-0.023139774215680253,316.1465,314.397,311.5389,0.2611621075086974,333.48333668711547,298.80966331288454,58.04195802874307
2020-02-11,MSFT,314.02,317.98,312.03,315.01,34299230,315.01,0.005650619333418483,316.62199999999996,314.46,311.65165,0.25997069218733865,333.2359429079098,300.0080570920901,51.09931765133828
2020-02-12,MSFT,314.57,322.37,310.23,316.3,34628949,316.3,0.004095108091806576,317.117,314.43600000000004,311.79004999999995,0.26007804500483245,333.02346091835904,301.210539081641,56.05158728601743
2020-02-13,MSFT,317.59,318.83,314.59,316.71,11679385,316.71,0.001296237748972473,317.4335,314.3156,311.92830000000004,0.2566459319781674,333.0243114302157,301.8426885697843,46.869752922615085
2020-02-14,MSFT,315.61,322.14,309.61,315.88,17949366,315.88,-0.0026206940102933007,317.9665,314.1668,312.0325,0.2484784585450947,332.491691583116,303.441308416884,30.990990977961715
2020-02-17,MSFT,314.08,320.65,308.77,314.71,13942770,314.71,-0.0037039382043814184,318.5795,314.0328,312.16575,0.24607063417825298,331.2659062764216,305.8930937235784,30.210772821342147
2020-02-18,MSFT,317.65,320.24,313.88,317.06,20776532,317.06,0.007467192018048463,319.265,314.0302,312.32625,0.246797600933728,329.78276742369053,308.74723257630944,35.92288062084151
2020-02-19,MSFT,317.0,320.25,313.87,317.06,29992462,317.06,0.0,319.4255,314.0284,312.49715,0.21531391569648226,329.69026748781215,309.16073251218785,39.286821688371596
2020-02-20,MSFT,317.34,324.19,312.99,318.59,22690823,318.59,0.004825585062764093,319.845,314.00379999999996,312.68264999999997,0.21079719627132837,329.16452675554206,310.525473244458,42.26190474429557
2020-02-21,MSFT,320.05,326.15,313.21,319.68,19746418,319.68,0.0034213252142252237,319.863,314.0274,312.8584,0.18345635477209926,329.17964746568714,310.54635253431286,53.64912278066356
2020-02-24,MSFT,325.98,332.19,317.56,324.88,42053660,324.88,0.01626626626626626,319.68,314.3454,313.063,0.16137731965920557,328.40395130177177,310.95604869822824,61.182442494578865
2020-02-25,MSFT,325.0,335.33,320.87,328.1,9943638,328.1,0.009911351883772568,319.6735,314.61460000000005,313.27485,0.16553754992806025,328.3707815474541,310.9762184525459,56.463496289668846
2020-02-26,MSFT,328.9,337.12,321.12,329.12,41002153,329.12,0.0031088082901553626,319.78,314.8848,313.5037,0.16524009143263477,328.8965690683964,310.66343093160356,63.29203536686411
2020-02-27,MSFT,333.35,341.92,330.73,336.33,20108859,336.33,0.021906903257170596,320.398,315.3302,313.76345000000003,0.17771915693978882,332.03721791548304,308.758782084517,72.7035641548
2020-02-28,MSFT,336.32,346.29,330.6,338.45,24230985,338.45,0.006303333036006276,321.13100000000003,315.73960000000005,314.01765,0.17811235468963998,335.2516260484401,307.01037395156,93.15302973967331
2020-03-02,MSFT,345.24,352.13,337.53,344.83,20245458,344.83,0.018850642635544368,322.4925,316.1368,314.31785,0.16834816844748268,340.0197021666137,304.96529783338633,94.08633940516827
2020-03-03,MSFT,350.46,355.87,339.94,347.91,46341183,347.91,0.008931937476437835,324.0185,316.8432,314.6172,0.16813701402927364,344.70489855709593,303.3321014429041,94.38360007522128
2020-03-04,MSFT,341.79,341.79,337.41,339.19,15279077,339.19,-0.025063953321261323,324.76599999999996,317.3344,314.87135,0.18638742949662918,346.5380433003781,302.99395669962183,75.59198540395518
2020-03-05,MSFT,342.61,353.98,337.18,345.58,25117639,345.58,0.01883899879123785,325.9645,318.0754,315.13559999999995,0.19087469169720894,349.5670783381895,302.36192166181047,80.01212608892133
2020-03-06,MSFT,345.81,351.39,341.36,346.37,30872051,346.37,0.0022860119219862973,327.25,318.7864,315.4073,0.1893633193118941,352.38682390019295,302.11317609980705,82.24032584213104
2020-03-09,MSFT,346.84,353.52,339.0,346.26,13124421,346.26,-0.0003175794670439158,328.90099999999995,319.4816,315.67005,0.16134591731784587,354.49671748718976,303.30528251281015,81.156636766193
2020-03-10,MSFT,345.31,350.39,345.14,347.77,17303634,347.77,0.004360884884190952,330.53900000000004,320.1488,315.9406,0.16134959748959762,356.5808164941619,304.49718350583817,81.74488316840126
2020-03-11,MSFT,348.07,350.7,341.76,346.23,23561273,346.23,-0.004428214049515433,332.0355,320.8264,316.20485,0.16478923785615748,358.0719323491811,305.9990676508189,78.56552292063009
2020-03-12,MSFT,349.17,351.1,343.85,347.47,17535191,347.47,0.00358143430667468,333.5735,321.6882,316.46934999999996,0.16438403969374774,359.4316110353324,307.7153889646676,78.6317741376294
2020-03-13,MSFT,347.53,348.48,341.01,344.74,18040858,344.74,-0.007856793392235328,335.0165,322.5312,316.7085,0.16847508755153529,359.92067363034363,310.1123263696564,71.55883627872721
2020-03-16,MSFT,347.64,353.71,347.64,351.09,21735149,351.09,0.01841967859836391,336.8355,323.4642,317.00455,0.1725539542116338,360.7909986326022,312.8800013673978,73.36857082685175
2020-03-17,MSFT,348.69,358.08,343.27,350.67,32417822,350.67,-0.0011962744595401809,338.51599999999996,324.299,317.26835,0.17400528538160864,361.31814431282515,315.71385568717477,72.17534470034053
2020-03-18,MSFT,351.22,351.22,347.13,348.94,21797356,348.94,-0.004933413180483126,340.11,325.19739999999996,317.5612,0.1767849030160465,360.97138512835187,319.24861487164816,64.62537692171759
2020-03-19,MSFT,345.77,348.47,340.71,344.59,38484143,344.59,-0.01246632658909852,341.40999999999997,325.9182,317.84555,0.187180674061747,359.70781465236644,323.1121853476335,56.771063061429295
2020-03-20,MSFT,348.76,348.97,343.09,346.03,16773037,346.03,0.004178879247801692,342.72749999999996,326.721,318.13845000000003,0.18716912814109896,357.9782668486997,327.4767331513002,51.48514849701008
2020-03-23,MSFT,344.0,352.9,341.25,347.08,15151611,347.08,0.0030344189810131983,343.8375,327.51120000000003,318.42769999999996,0.18150737904174308,356.65649885243204,331.0185011475679,48.918425835682555
2020-03-24,MSFT,349.79,352.63,345.59,349.11,54023221,349.11,0.005848795666705264,344.88800000000003,328.38340000000005,318.69419999999997,0.18013392370369968,355.5365612568931,334.239438743107,65.65656562755078
2020-03-25,MSFT,344.74,347.77,340.76,344.26,19215025,344.26,-0.013892469422245202,345.64500000000004,329.14059999999995,318.97384999999997,0.19004606673101082,353.3078275666025,337.9821724333976,47.810218955894406
2020-03-26,MSFT,333.64,341.74,331.79,336.77,14798280,336.77,-0.021756811712078106,345.66700000000003,329.6684,319.2257,0.19352678083715233,353.21894809302165,338.1150519069784,36.97068402503826
2020-03-27,MSFT,339.96,346.0,333.73,339.86,12454154,339.86,0.009175401609407219,345.73749999999995,330.36120000000005,319.53445,0.1950035848668741,353.0275563133849,338.44744368661503,41.963837252950974
2020-03-30,MSFT,347.9,349.72,344.56,347.14,38433028,347.14,0.021420584946742594,345.85299999999995,331.255,319.87845,0.1984328941252741,353.1557034647744,338.5502965352255,49.30905898902552
2020-03-31,MSFT,340.21,345.24,339.41,342.33,21809682,342.33,-0.013856081120009245,345.57399999999996,332.0346,320.1925,0.20190667112859864,352.9715597683296,338.1764402316703,46.00900530814311
2020-04-01,MSFT,348.58,353.65,346.69,350.17,22587393,350.17,0.02290187830456003,346.123,332.76099999999997,320.51370000000003,0.19696540265283027,353.14594315269636,339.1000568473036,52.43418678806203
2020-04-02,MSFT,352.69,360.32,343.1,351.71,23457614,351.71,0.0043978638946795545,346.4295,333.5912,320.8396,0.18666824141952845,353.8750086426016,338.98399135739845,56.421595710523235
2020-04-03,MSFT,351.59,356.37,347.26,351.81,37489203,351.81,0.0002843251542463676,346.7015,334.241,321.14435000000003,0.1866127491683032,354.52569533442664,338.8773046655734,50.749687615358305
2020-04-06,MSFT,352.51,355.94,344.06,350.0,23267647,350.0,-0.005144822489411949,346.8885,334.67019999999997,321.4275,0.18779455554603258,354.84590575284886,338.9310942471512,49.32199958124856
2020-04-07,MSFT,342.34,346.8,340.04,343.42,63847494,343.42,-0.018799999999999928,346.671,334.974,321.6861,0.19929230987393665,354.76360585184824,338.57839414815174,44.913380010527355
2020-04-08,MSFT,346.72,353.5,343.18,348.34,26374036,348.34,0.014326480694193622,346.7765,335.401,321.9972,0.20548025274614024,354.89985495895365,338.65314504104634,53.41966075601176
2020-04-09,MSFT,348.06,348.06,342.48,344.72,38228821,344.72,-0.010392145604868674,346.639,335.81600000000003,322.2841,0.20855932295570592,354.80590858214777,338.47209141785225,48.85107874611625
2020-04-10,MSFT,343.92,343.92,339.17,341.11,34500429,341.11,-0.010472267347412467,346.4575,336.1624,322.58209999999997,0.21001524136593855,354.95669098315284,337.9583090168471,44.98908845677613
2020-04-13,MSFT,342.76,351.0,341.05,346.02,24638170,346.02,0.014394183694409257,346.204,336.73079999999993,322.8783,0.2056600617336217,354.4191116210954,337.9888883789046,47.52602080599895
2020-04-14,MSFT,338.98,341.53,332.78,337.16,19768453,337.16,-0.02560545633200384,345.5285,337.1261999999999,323.13289999999995,0.2239612435960793,354.39346421459277,336.66353578540725,44.658441158212206
2020-04-15,MSFT,327.6,332.73,327.6,330.17,28550127,330.17,-0.02073199667813508,344.59000000000003,337.24480000000005,323.3278,0.23364128443957558,355.6393686411543,333.54063135884576,44.996967849758086
2020-04-16,MSFT,327.1,336.41,324.03,330.22,30658664,330.22,0.0001514371384438995,343.8715,337.417,323.53215,0.23089244609377965,356.6538287146017,331.0891712853984,42.339478693694325
2020-04-17,MSFT,330.21,339.96,323.47,331.71,19882528,331.71,0.004512143419538317,343.1555,337.63800000000003,323.7379,0.2310142458003146,356.98972525553086,329.3212747444692,36.495711526151894
2020-04-20,MSFT,332.57,338.42,329.79,334.11,26719973,334.11,0.00723523559735928,342.507,338.0554,323.9508,0.23270596925353423,356.77577946315455,328.23822053684546,42.48903507684858
2020-04-21,MSFT,334.96,338.65,327.01,332.83,40991216,332.83,-0.003831073598515533,341.693,338.4118,324.1576,0.23101655295545054,356.23067244092834,327.1553275590716,31.997508296346155
2020-04-22,MSFT,346.43,353.34,336.6,344.97,57217221,344.97,0.036475077366824094,341.7285,338.9852,324.43335,0.2642423578984508,356.29600280228095,327.16099719771904,44.26480597992333
2020-04-23,MSFT,347.33,351.45,336.57,344.01,35185130,344.01,-0.0027828506826681476,342.0905,339.53119999999996,324.6957,0.2515787859880705,356.4981390191102,327.6828609808898,43.45857093914087
2020-04-24,MSFT,344.49,347.94,338.14,343.04,52666506,343.04,-0.0028196854742593702,342.2495,340.0744,324.9714,0.25012337161502207,356.6236441484258,327.8753558515742,44.07961890750061
2020-04-27,MSFT,338.82,346.07,332.67,339.37,19435982,339.37,-0.010698460820895539,341.861,340.5676,325.25235,0.2404304002104037,356.09795694864675,327.6240430513532,46.37551457581425
2020-04-28,MSFT,341.45,342.67,337.52,340.1,33103159,340.1,0.002151044582608952,341.7495,341.02840000000003,325.51155,0.23576707831991622,356.00590757139867,327.49309242860136,42.02786376570458
2020-04-29,MSFT,346.6,348.41,337.94,343.17,42703617,343.17,0.009026756836224559,341.3995,341.5506,325.77075,0.22248777164117362,355.1190787490856,327.6799212509144,48.48425580522628
2020-04-30,MSFT,350.61,352.84,345.45,349.15,17467508,349.15,0.01742576565550591,341.2715,342.1618,326.0579,0.23124837011248633,354.6290419658016,327.9139580341984,57.51401867653835
2020-05-01,MSFT,343.87,344.89,339.27,342.08,20586587,342.08,-0.02024917657167402,340.78499999999997,342.60979999999995,326.2747,0.24184535332964752,353.2020824609422,328.3679175390577,46.46065395884928
2020-05-04,MSFT,344.03,345.65,336.43,341.04,50100837,341.04,-0.0030402245088867463,340.337,342.93300000000005,326.49129999999997,0.24151576277058803,351.9763924601691,328.69760753983087,54.05518393066946
2020-05-05,MSFT,340.67,345.93,340.67,343.32,16925752,343.32,0.006685432793807067,340.332,343.2374,326.6909,0.23367960443825714,351.9659007351587,328.6980992648413,65.24460929948005
2020-05-06,MSFT,347.71,352.86,339.72,346.29,14620487,346.29,0.008650821391122054,340.22950000000003,343.5808,326.901,0.22993124933324455,351.5994594499926,328.85954055000747,67.44842560381588
2020-05-07,MSFT,348.89,351.36,341.57,346.46,46065691,346.46,0.0004909180166909888,340.3165,343.7834,327.133,0.2267535457105165,351.8564904679223,328.77650953207774,66.48781576278046
2020-05-08,MSFT,352.42,354.7,343.79,349.24,40349585,349.24,0.008024014316227124,340.72300000000007,343.99920000000003,327.33895,0.22454122906489188,352.9339391853866,328.51206081461356,66.7701174698563
2020-05-11,MSFT,343.45,348.19,342.71,345.45,29717138,345.45,-0.010852136066888174,340.6945,344.0116,327.5038,0.22285127437623697,352.8559446423609,328.5330553576391,63.250734966704954
2020-05-12,MSFT,353.24,355.96,350.45,353.21,24547046,353.21,0.022463453466492922,341.497,344.11760000000004,327.70950000000005,0.21474017439562168,354.7459794641638,328.24802053583625,59.52821459682246
2020-05-13,MSFT,359.59,364.27,352.32,358.29,20977826,358.29,0.01438237875484849,342.903,344.4996,327.92400000000004,0.20022394790503467,357.02994789548774,328.7760521045123,65.07601349427657
2020-05-14,MSFT,349.98,360.44,343.06,351.75,27984628,351.75,-0.01825337017499795,343.97950000000003,344.62299999999993,328.11404999999996,0.21521999318756305,357.29505872692687,330.6639412730732,58.22784808586452
2020-05-15,MSFT,347.33,349.04,344.24,346.64,47030607,346.64,-0.014527363184079656,344.726,344.62840000000006,328.2596,0.22416431148637922,356.75742271850197,332.694577281498,56.68567223112745
2020-05-18,MSFT,340.07,345.39,338.07,341.73,27503197,341.73,-0.014164551119316804,345.107,344.5378,328.43225,0.23068823768308452,356.16626827310677,334.0477317268933,51.39197266064069
2020-05-19,MSFT,343.98,352.86,337.4,345.13,59481154,345.13,0.009949375237760849,345.72200000000004,344.485,328.64305,0.23186322478459265,355.15510542156915,336.2888945784309,51.664402161628686
2020-05-20,MSFT,338.72,341.3,336.93,339.11,17456272,339.11,-0.01744270274968851,345.429,344.34259999999995,328.80224999999996,0.20239518233831127,355.3136779890429,335.54432201095705,41.47997283467891
2020-05-21,MSFT,337.88,345.28,330.08,337.68,24803965,337.68,-0.004216920763174259,345.1125,344.1468,328.959,0.20264735147565255,355.57685126360565,334.6481487363944,45.870870858817725
2020-05-22,MSFT,339.63,345.24,334.71,339.97,21534415,339.97,0.0067815683487326694,344.959,344.0514,329.12215,0.20426943876309978,355.6391969230672,334.27880307693283,49.01888867254238
2020-05-25,MSFT,339.75,344.27,335.32,339.8,16196889,339.8,-0.0005000441215401441,344.9805,343.82559999999995,329.31255,0.20060548361997782,355.6149573513461,334.3460426486539,46.64250284904629
2020-05-26,MSFT,339.79,344.99,337.35,341.17,23515089,341.17,0.004031783402001166,345.034,343.63560000000007,329.46964999999994,0.20096640259487214,355.5754358354727,334.49256416452727,44.96261313204493
2020-05-27,MSFT,333.96,339.93,332.57,336.25,29541839,336.25,-0.014420963156197786,344.688,343.3818,329.57545,0.20456183354348123,355.918772762451,333.457227237549,40.8133885087028
2020-05-28,MSFT,336.13,342.97,335.43,339.2,30832455,339.2,0.008773234200743385,344.1905,343.27399999999994,329.6998,0.19640203626631306,355.47045236084205,332.9105476391579,40.99390024086984
2020-05-29,MSFT,334.39,344.07,328.8,336.43,59564317,336.43,-0.008166273584905626,343.908,343.082,329.81855,0.18537208895195567,355.68265896253143,332.1333410374686,41.758040924988826
2020-06-01,MSFT,335.59,341.57,328.52,335.04,30104143,335.04,-0.00413161727551048,343.608,342.8412,329.90704999999997,0.18558990876646425,355.98087627708827,331.23512372291174,31.209927602131614
2020-06-02,MSFT,338.22,342.48,330.11,336.29,39604016,336.29,0.003730897803247313,343.2565,342.58480000000003,329.95645,0.18429653286782366,356.0559033989142,330.4570966010858,25.29200358593691
2020-06-03,MSFT,334.69,343.98,329.85,336.92,25669756,336.92,0.0018733830919741568,342.788,342.43799999999993,329.9864,0.18114735158796452,355.8039959887312,329.77200401126885,30.795130783964467
2020-06-04,MSFT,334.52,340.58,333.74,337.16,48915683,337.16,0.0007123352724682785,342.323,342.44579999999996,329.9658,0.18117822946591666,355.45065678372566,329.1953432162743,35.95139299041736
2020-06-05,MSFT,335.44,339.57,327.98,333.77,65251924,333.77,-0.010054573496263042,341.54949999999997,342.324,329.94945,0.18020372329209797,354.7837131971301,328.3152868028698,37.64742394391479
2020-06-08,MSFT,331.21,337.23,327.79,332.51,30917113,332.51,-0.003775054678371359,340.90250000000003,342.0314,329.94535,0.1774274480484249,354.59123816797256,327.2137618320275,29.02260636947088
2020-06-09,MSFT,335.66,339.52,325.79,332.65,16807281,332.65,0.0004210399687227806,339.8745,341.8378,329.9688,0.15292997377986567,352.73452287792634,327.0144771220737,36.65289254077927
2020-06-10,MSFT,327.84,330.09,322.79,326.44,20072562,326.44,-0.018668269953404426,338.282,341.3632,329.9504,0.1481746856977924,349.29577051932614,327.2682294806738,30.60731537513793
2020-06-11,MSFT,323.34,330.26,318.67,324.47,27984465,324.47,-0.006034799656904677,336.918,340.81839999999994,329.9174,0.1393282837367422,347.66253907805054,326.17346092194947,22.958827623118466
2020-06-12,MSFT,324.99,333.75,318.97,326.36,30008330,326.36,0.005824883656424307,335.90400000000005,340.30940000000004,329.8967,0.13763522656440505,346.6131154482513,325.1948845517488,27.880184318949176
2020-06-15,MSFT,320.86,324.89,316.52,320.71,33057414,320.71,-0.017312170609143362,334.85299999999995,339.72360000000003,329.82824999999997,0.14143073869865314,347.1611301328914,322.5448698671085,20.48470858953293
2020-06-16,MSFT,323.33,328.14,323.33,326.07,30052771,326.07,0.016712918212715477,333.9,339.37659999999994,329.7568,0.1514128985537738,345.8025693820499,321.99743061795004,35.49857548441649
2020-06-17,MSFT,329.52,337.14,326.97,332.05,25069946,332.05,0.01833962032692371,333.547,339.05080000000004,329.75055,0.15859869165406687,345.21543894307206,321.878561056928,40.624180420436986
2020-06-18,MSFT,324.33,330.34,322.56,326.45,19383001,326.45,-0.01686492998042466,332.9855,338.68539999999996,329.7295,0.16806891910977545,344.8948443630486,321.0761556369514,37.81738279957412
2020-06-19,MSFT,334.67,338.98,326.71,332.85,29351132,332.85,0.019604839944861396,332.62949999999995,338.52020000000005,329.7207,0.18216050423899158,344.0764457659327,321.1825542340672,47.618011732289496
2020-06-22,MSFT,332.4,340.29,324.33,332.31,52503023,332.31,-0.001622352410995953,332.255,338.24600000000004,329.71945,0.18216360552554614,343.1929657494723,321.3170342505277,45.60318160321597
2020-06-23,MSFT,331.12,339.32,329.48,334.4,37594105,334.4,0.0062893081761006275,331.9165,338.1908,329.74645,0.1831725653009905,342.0847462908492,321.7482537091508,47.303082177606065
2020-06-24,MSFT,333.37,336.97,327.46,332.21,30961899,332.21,-0.006549043062200943,331.7145,338.23159999999996,329.73825000000005,0.17753209617106877,341.6787381069715,321.7502618930285,44.91473185476047
2020-06-25,MSFT,336.16,342.76,330.58,336.67,37739322,336.67,0.013425243069143056,331.588,338.36060000000003,329.78155,0.1814942960733436,341.2104837585731,321.96551624142694,52.91515881100099
2020-06-26,MSFT,338.8,341.12,336.33,338.73,21551603,338.73,0.00611875129949202,331.70300000000003,338.501,329.8414,0.18037526068981957,341.6196167829983,321.78638321700174,56.153541733554626
2020-06-29,MSFT,333.11,338.4,331.65,335.02,20400711,335.02,-0.010952676172763076,331.702,338.51919999999996,329.87450000000007,0.18423294568077744,341.6172038490498,321.7867961509502,52.189983353711696
2020-06-30,MSFT,330.08,337.44,322.02,329.73,18536871,329.73,-0.015790102083457547,331.374,338.4572,329.8936,0.1919450158889837,341.0820094983908,321.66599050160926,53.09268658125029
2020-07-01,MSFT,326.29,329.14,317.24,323.19,23778009,323.19,-0.019834409971795197,330.6875,338.0216,329.8614,0.20291547388197667,340.68181390972455,320.69318609027545,48.8919667471522
2020-07-02,MSFT,321.41,325.88,321.41,324.17,21116895,324.17,0.003032272038119954,330.038,337.62480000000005,329.8465,0.2034931167268754,339.949264404962,320.12673559503804,48.07387861612957
2020-07-03,MSFT,325.5,329.88,323.94,326.91,40535807,326.91,0.008452355245704535,329.695,337.3022,329.81205,0.20424044536023334,339.53702696280834,319.85297303719165,55.7471264223126
2020-07-06,MSFT,328.34,336.2,323.88,330.04,20671303,330.04,0.009574500627083982,329.57149999999996,337.11560000000003,329.79555,0.20727386036539908,339.32640003724526,319.81659996275465,53.83871590110731
2020-07-07,MSFT,327.97,336.31,322.94,329.63,18133972,329.63,-0.0012422736637983656,329.4205,336.90619999999996,329.76055,0.20728209630490713,339.0676549664746,319.7733450335254,47.37754658293702
2020-07-08,MSFT,323.67,331.53,317.39,324.46,54375120,324.46,-0.015684252040166324,329.3215,336.53200000000004,329.68135,0.20403441892366467,339.13661460639406,319.50638539360597,47.82323341348665
2020-07-09,MSFT,323.55,324.99,318.02,321.51,20870271,321.51,-0.009092029834186,329.1735,335.9792,329.6016,0.20547243042117488,339.3781702930218,318.96882970697817,36.583057252433434
2020-07-10,MSFT,329.56,334.59,319.15,326.87,26583406,326.87,0.01667133215141048,329.19899999999996,335.675,329.5958,0.2132746127901155,339.37658093478103,319.0214190652189,44.22259981692617
2020-07-13,MSFT,322.85,330.0,319.57,324.79,29946275,324.79,-0.00636338605561837,329.403,335.35,329.57065,0.204745992242247,339.0118097734821,319.7941902265179,39.79179943579601
2020-07-14,MSFT,325.85,331.73,319.41,325.57,15866319,325.57,0.0024015517719140345,329.378,334.995,329.54705,0.1960278742580158,339.0258448097744,319.73015519022556,42.728865514713036
2020-07-15,MSFT,321.71,326.27,315.4,320.83,40979393,320.83,-0.014559080996406348,328.817,334.48580000000004,329.48620000000005,0.18988373747556112,339.09491316110325,318.53908683889676,32.76012188814448
2020-07-16,MSFT,322.62,324.88,320.07,322.48,32256624,322.48,0.005142910575694382,328.6185,334.00620000000004,329.4382,0.1824166884257166,339.23661218228557,318.0003878177144,32.154623315392854
2020-07-17,MSFT,320.12,328.32,312.77,320.55,46629315,320.55,-0.005984867278590933,328.00350000000003,333.4324,329.38985,0.16687247559031593,339.0074806672918,316.99951933270825,33.46285713214908
2020-07-20,MSFT,323.4,327.84,322.98,325.41,19052285,325.41,0.015161441272812493,327.6585,333.0316,329.31805,0.17744713361675613,338.5257938092544,316.7912061907456,45.01385040096507
2020-07-21,MSFT,329.01,332.41,325.76,329.09,26011172,329.09,0.011308810423772853,327.39300000000003,332.5492,329.29864999999995,0.1810360803484201,337.8172371423438,316.96876285765626,57.29115173499561
2020-07-22,MSFT,326.29,333.9,319.99,326.94,25396671,326.94,-0.006533167218693903,327.1295,331.92220000000003,329.25059999999996,0.1810293303169019,337.3045002715546,316.9544997284454,53.32692767843916
2020-07-23,MSFT,328.42,332.16,320.82,326.49,27783191,326.49,-0.0013763993393283158,326.6205,331.417,329.21315000000004,0.17312259104974284,335.75086224564313,317.49013775435685,49.466192153214855
2020-07-24,MSFT,325.82,331.17,317.06,324.11,13971645,324.11,-0.007289656651045973,325.8895,330.9664,329.17095,0.17185734978338194,333.0706462946448,318.7083537053552,42.31666233240648
2020-07-27,MSFT,315.54,322.73,313.0,317.86,26133300,317.86,-0.019283576563512428,325.0315,330.48900000000003,329.10420000000005,0.1798755074620194,331.70171115422426,318.36128884577573,36.75444518310686
2020-07-28,MSFT,311.61,318.14,310.26,314.2,14129859,314.2,-0.01151450324042036,324.255,329.8704,329.037,0.17631089310135611,332.12930331085965,316.38069668914034,38.04753027649894
2020-07-29,MSFT,317.77,322.58,307.81,315.2,28852869,315.2,0.0031826861871420142,323.8555,329.3922,328.961,0.1645781375904967,332.7073674211685,315.0036325788315,42.29924333433757
2020-07-30,MSFT,316.99,318.58,314.95,316.76,10669787,316.76,0.004949238578680237,323.485,328.97380000000004,328.85965,0.1653706889904379,332.884783872087,314.08521612791304,36.40032282729067
2020-07-31,MSFT,319.82,324.58,310.53,317.55,11920279,317.55,0.002494001767900045,323.017,328.5254,328.75045,0.1621246137637032,332.62843858008733,313.40556141991266,39.91081380828451
2020-08-03,MSFT,313.54,319.38,313.3,316.34,34684583,316.34,-0.0038104235553457766,322.332,328.05620000000005,328.63205,0.1569859236386144,331.78748150683845,312.87651849316154,37.29000273968438
2020-08-04,MSFT,320.8,327.67,313.58,320.63,20088357,320.63,0.013561358032496695,321.882,327.6454,328.55775,0.1665271755878956,330.7109609569189,313.0530390430811,49.7211377385361
2020-08-05,MSFT,321.29,323.54,318.54,321.04,16839588,321.04,0.0012787324953997814,321.711,327.3412,328.4726,0.15779210155487633,330.46185776245954,312.9601422375405,47.920277276981984
2020-08-06,MSFT,326.69,329.73,318.96,324.35,41563154,324.35,0.01031024171442807,321.853,327.0442,328.3515,0.1587786188817877,330.6819454576743,313.0240545423257,55.27777775628087
2020-08-07,MSFT,313.97,323.72,309.32,316.52,28500633,316.52,-0.024140588870047885,321.3355,326.64599999999996,328.19985,0.16934216791424972,330.13954566093645,312.5314543390636,38.59379008107995
2020-08-10,MSFT,298.17,304.07,295.39,299.73,35435420,299.73,-0.05304562112978628,320.08250000000004,325.9398,327.97265,0.24918172063278685,332.9922447893511,307.172755210649,21.812596000280877
2020-08-11,MSFT,300.48,307.04,295.04,301.04,23391647,301.04,0.00437060020685287,318.85600000000005,325.2348,327.7648,0.2499377146114013,334.0325766890913,303.6794233109088,24.72677594952829
2020-08-12,MSFT,297.38,301.44,288.99,295.22,73019556,295.22,-0.019332979006112083,317.57550000000003,324.4008,327.53885,0.2532190507083609,336.0204707594148,299.13052924058525,22.38120472861098
2020-08-13,MSFT,297.04,300.27,288.65,294.46,19630221,294.46,-0.0025743513312107558,316.17449999999997,323.5468,327.37265,0.2509840578396191,337.1358513776863,295.2131486223136,23.040552821920983
2020-08-14,MSFT,296.22,300.23,286.44,293.33,50233093,293.33,-0.003837533111458291,314.8135,322.73800000000006,327.1908,0.2509214762132953,337.99573664337345,291.6312633566265,25.40605573780465
2020-08-17,MSFT,302.8,304.23,295.86,300.04,24393809,300.04,0.02287525994613593,313.54499999999996,322.0886,327.06125000000003,0.2601821561061026,337.05990053919686,290.03009946080306,36.621315183055664
2020-08-18,MSFT,298.87,304.41,298.87,301.85,12897992,301.85,0.0060325289961338235,312.183,321.4726,326.97645,0.25673730450689786,335.0535290482594,289.3124709517406,37.576772742861145
2020-08-19,MSFT,299.94,304.48,299.94,302.67,30326300,302.67,0.0027165810833194026,310.96950000000004,320.9972,326.8782,0.2577124900484014,333.1069495511903,288.83205044880975,36.705038676847195
2020-08-20,MSFT,304.21,309.41,303.32,306.37,28354361,306.37,0.012224534972081758,309.96349999999995,320.6352,326.82205,0.26380427381601446,330.9288621857307,288.9981378142692,39.99999998998213
2020-08-21,MSFT,307.14,310.5,305.65,308.07,16417487,308.07,0.005548846166400168,309.1615,320.2694,326.78125,0.2649959086703079,329.0477197990131,289.27528020098686,42.66713955315945
2020-08-24,MSFT,308.25,311.18,301.28,306.23,17287576,306.23,-0.005972668549355631,308.58000000000004,319.9798,326.6978,0.257863923640906,328.0714837003763,289.0885162996238,36.651835363123396
2020-08-25,MSFT,313.42,313.69,308.28,310.98,24754239,310.98,0.015511217059073212,308.419,319.678,326.66900000000004,0.2620787758611983,327.7676971137575,289.0703028862425,41.369251877502236
2020-08-26,MSFT,304.39,308.08,304.39,306.31,28753944,306.31,-0.015017042896649402,307.9745,319.1632,326.64985,0.2667159763028345,327.0741373346648,288.8748626653352,34.875922191679024
2020-08-27,MSFT,308.56,309.58,306.06,307.82,9305545,307.82,0.0049296464366164194,307.52750000000003,318.79060000000004,326.6318,0.2667099037618867,326.17449425475263,288.88050574524743,41.841710416620714
2020-08-28,MSFT,303.86,307.87,294.83,301.35,38096575,301.35,-0.021018777207458816,306.71750000000003,318.1606,326.5555,0.27520457987468516,324.93382220665796,288.5011777933421,51.883720913340184
2020-08-31,MSFT,302.11,307.42,297.24,302.33,20513365,302.33,0.003252032520325132,306.017,317.561,326.51795,0.27588914696625993,323.74629196793126,288.28770803206874,51.51160063929776
2020-09-01,MSFT,300.87,306.96,299.58,303.27,14675461,303.27,0.0031091853272913195,305.149,316.9384,326.47565000000003,0.2704525231533776,321.5132407320593,288.78475926794073,60.65096584151587
2020-09-02,MSFT,310.34,317.71,303.49,310.6,36426715,310.6,0.02416988162363576,304.627,316.5062,326.4566,0.2865762523697239,319.45041405380266,289.80358594619736,68.19206490183305
2020-09-03,MSFT,303.23,305.94,302.04,303.99,24764932,303.99,-0.021281390856407012,303.609,315.8526,326.44855,0.29121932741451584,315.16588156809183,292.0521184319081,60.69422149177934
2020-09-04,MSFT,302.03,308.98,294.14,301.56,40663957,301.56,-0.007993684002763235,302.861,315.1092,326.4106,0.28119498083535355,312.70966092954876,293.0123390704512,51.668129922665614
2020-09-07,MSFT,304.8,310.47,299.89,305.18,29786543,305.18,0.012004244594773894,303.1335,314.51239999999996,326.371,0.21158116012114506,312.9187849244459,293.34821507555415,53.51488282142266
2020-09-08,MSFT,303.78,309.4,303.78,306.74,24984859,306.74,0.005111737335343092,303.4185,314.0526,326.3454,0.2117546979763891,313.2787941666355,293.55820583336447,54.22988982001208
2020-09-09,MSFT,310.68,313.35,301.92,307.64,23518417,307.64,0.0029340809806350787,304.03950000000003,313.7416,326.2961,0.19764605870053328,313.2700385028493,294.8089614971508,51.401456616207874
2020-09-10,MSFT,303.93,309.82,297.51,303.67,30324650,303.67,-0.012904693797945566,304.5,313.3316,326.2008,0.20420431805573813,312.5634588373105,296.4365411626895,45.37620847761105
2020-09-11,MSFT,301.13,305.38,297.2,301.29,21188600,301.29,-0.007837455132215898,304.898,312.81919999999997,326.09065000000004,0.20610683018401205,311.2426474747533,298.55335252524674,44.866999155691225
2020-09-14,MSFT,309.5,313.53,299.89,306.71,17775956,306.71,0.01798931262239023,305.2315,312.3526,326.01715,0.20000011482822222,311.19044471405863,299.27255528594134,45.624103286764914
2020-09-15,MSFT,304.5,309.07,304.15,306.61,31907448,306.61,-0.00032604088552690147,305.46950000000004,311.8922,325.96425,0.1992240786303085,311.2369348033133,299.70206519668676,50.33921300984287
2020-09-16,MSFT,306.43,311.61,305.09,308.35,23596082,308.35,0.005674961677701429,305.7535,311.57,325.92025,0.19986595996532355,311.4998517946006,300.00714820539935,50.59617546212947
2020-09-17,MSFT,309.88,310.09,305.86,307.98,25337940,307.98,-0.0011999351386411394,305.834,311.2994,325.86105000000003,0.19550440882716164,311.6612550186664,300.0067449813336,58.644067775201655
2020-09-18,MSFT,301.59,305.83,300.25,303.04,38653130,303.04,-0.016040002597571212,305.58250000000004,310.8228,325.78375,0.20275172253832202,311.43753786674307,299.727462133257,50.839045126170056
2020-09-21,MSFT,308.99,310.15,304.15,307.15,23886780,307.15,0.013562565997887965,305.6285,310.47,325.77459999999996,0.20786513470027623,311.51930380539244,299.7376961946075,54.26561124099124
2020-09-22,MSFT,308.03,316.67,302.22,309.45,25150792,309.45,0.007488197948885,305.552,310.1476,325.74865,0.20190867517009603,311.1842514895952,299.9197485104048,48.578491948576
2020-09-23,MSFT,316.74,321.83,316.74,319.73,19668453,319.73,0.03322022943932801,306.223,310.1256,325.76925,0.22602466907760055,314.7097329278947,297.7362670721053,67.83771530032354
2020-09-24,MSFT,315.45,319.61,311.07,315.34,29700735,315.34,-0.013730334970131208,306.59900000000005,309.9828,325.77565000000004,0.2326890102813875,316.00066592180343,297.19733407819666,64.95225692471067
2020-09-25,MSFT,317.19,324.12,314.13,319.12,28754865,319.12,0.011987061584321834,307.4875,309.95419999999996,325.78135,0.2198221146115157,318.08336389016387,296.89163610983616,65.07352939206253
2020-09-28,MSFT,315.06,320.64,306.24,313.44,35844347,313.44,-0.017798947104537555,308.043,309.71479999999997,325.7237,0.2318232524078326,318.66526479963727,297.42073520036274,56.652104829365975
2020-09-29,MSFT,315.15,322.1,306.42,314.26,19830562,314.26,0.0026161306789178607,308.59250000000003,309.4182,325.73205,0.23179594365107795,319.31173971184177,297.8732602881583,56.58313443134122
2020-09-30,MSFT,321.41,325.11,312.32,318.71,20816564,318.71,0.014160249474957087,308.998,309.2536,325.75245,0.22152656278716343,320.6131454666073,297.3828545333927,64.81481479693835
2020-10-01,MSFT,311.48,317.29,302.16,309.72,34320086,309.72,-0.028207461328480288,309.28450000000004,308.9182,325.7584,0.23203922250157633,320.6597241851789,297.90927581482117,57.34704548016632
2020-10-02,MSFT,306.99,315.37,302.55,308.96,27653741,308.96,-0.002453829265142815,309.6545,308.6152,325.7491,0.23000442819849623,320.4378116190529,298.87118838094705,52.13431984955643
2020-10-05,MSFT,308.5,314.1,299.22,306.66,17398579,306.66,-0.007444329363024194,309.7285,308.3912,325.7249,0.22836832292838,320.4022795308692,299.0547204691308,50.04552903477259
2020-10-06,MSFT,304.64,309.6,297.97,303.78,42161077,303.78,-0.009391508511054747,309.5805,308.1828,325.67175000000003,0.23014491996710662,320.5078283198797,298.65317168012024,45.92328277175864
2020-10-07,MSFT,306.58,307.56,303.53,305.55,12673276,305.55,0.005826585028639197,309.476,307.98980000000006,325.63775000000004,0.2309259069504487,320.5208071151309,298.4311928848691,47.885117481803455
2020-10-08,MSFT,312.57,314.55,306.45,310.5,34212453,310.5,0.016200294550809957,309.8175,307.86460000000005,325.66835,0.2328579883996001,320.5236062261792,299.1113937738208,56.491472314812356
2020-10-09,MSFT,310.51,315.61,304.49,310.05,15071280,310.05,-0.0014492753623187582,310.2555,307.7146,325.70565000000005,0.23065794494524536,320.18098336354024,300.33001663645973,52.695167272532885
2020-10-12,MSFT,310.86,314.8,307.33,311.07,53153886,311.07,0.0032897919690371147,310.4735,307.6092,325.7388,0.22250707203800069,320.2616739063508,300.6853260936492,51.54226959783717
2020-10-13,MSFT,312.54,314.95,308.43,311.69,13477692,311.69,0.0019931205194971824,310.7275,307.4304,325.7526,0.22250380133442227,320.3558853923215,301.09911460767853,40.62062527837869
2020-10-14,MSFT,310.56,316.98,306.66,311.82,39637517,311.82,0.0004170810741441766,310.901,307.24600000000004,325.7916,0.2217936316127669,320.473895728644,301.32810427135604,45.440414491291065
2020-10-15,MSFT,305.28,314.5,299.96,307.23,24196840,307.23,-0.014720030786992466,310.8635,306.9036,325.785,0.2283853837427598,320.49029872460835,301.2367012753916,34.914996181456246
2020-10-16,MSFT,312.89,313.94,310.38,312.16,21590098,312.16,0.016046610031572373,311.3195,306.8164,325.81635,0.22693640133580756,320.2227518600857,302.41624813991433,48.344542144934756
2020-10-19,MSFT,311.91,319.97,307.18,313.58,26924441,313.58,0.004548949256791168,311.641,307.0934,325.8464,0.22284290125607495,320.3730387683827,302.90896123161735,49.13397858665624
2020-10-20,MSFT,312.79,321.58,309.31,315.44,32189359,315.44,0.005931500733465267,311.9405,307.3814,325.8961,0.2223216982191908,320.7665176988808,303.11448230111915,45.54131440857437
2020-10-21,MSFT,308.91,319.6,304.45,312.03,17411233,312.03,-0.01081029672837952,311.5555,307.7176,325.92425,0.19048111670519977,319.58682675674396,303.52417324325603,53.7150208828558
2020-10-22,MSFT,310.82,317.47,302.83,310.15,18039444,310.15,-0.006025061692785938,311.296,308.0314,325.92310000000003,0.18563321636880037,319.1457962427403,303.4462037572597,51.84725238354977
2020-10-23,MSFT,308.66,315.78,303.25,309.51,32418127,309.51,-0.002063517652748592,310.8155,308.355,325.94455,0.17942869177854703,317.7747633457644,303.85623665423554,54.664484426667606
2020-10-26,MSFT,304.59,307.73,298.39,303.06,12628278,303.06,-0.020839391295919274,310.29650000000004,308.41540000000003,325.9476,0.18338036616233222,317.9456685822653,302.6473314177348,48.94490033161702
2020-10-27,MSFT,295.36,298.79,293.41,296.1,19790147,296.1,-0.022965749356563037,309.3885,308.3004,325.91134999999997,0.19748536532393546,319.09214505576847,299.6848549442316,37.980157707155364
2020-10-28,MSFT,293.65,298.41,289.06,293.74,84364829,293.74,-0.007970280310705902,308.14,308.1218,325.8108,0.18750376104885325,319.1335253672298,297.14647463277015,27.178649227110483
2020-10-29,MSFT,295.46,302.02,290.0,296.01,16973794,296.01,0.00772792265268607,307.4545,307.9146,325.73985,0.16839676666735984,319.67455164085624,295.23444835914376,31.78515826556837
2020-10-30,MSFT,294.32,300.16,286.71,293.43,39567059,293.43,-0.008715921759399947,306.678,307.6218,325.6104,0.16997785444055769,320.37914801182876,292.97685198817123,28.00498752139474
2020-11-02,MSFT,288.56,295.41,283.38,289.4,19776522,289.4,-0.013734110349998385,305.815,307.28520000000003,325.41470000000004,0.17381723045901637,321.5450282731349,290.0849717268651,24.385198797026064
2020-11-03,MSFT,288.88,288.88,283.68,286.23,30645746,286.23,-0.010953697304768362,304.9375,306.7902,325.2047,0.17468505418869412,322.93949623433457,286.93550376566543,22.513426416429866
2020-11-04,MSFT,287.01,289.36,279.69,284.52,32479791,284.52,-0.0059742165391469815,303.886,306.3544,324.99235,0.17185364954686805,324.0627321959036,283.70926780409644,23.998168071079064
2020-11-05,MSFT,285.2,286.53,279.93,283.23,39269907,283.23,-0.004533951919021395,302.5225,305.8626,324.78865,0.1552851662591456,324.42885656367105,280.6161434363289,13.864601543989309
2020-11-06,MSFT,294.52,294.52,290.55,292.07,23075565,292.07,0.031211382974967172,301.62350000000004,305.677,324.63005,0.2005788165034909,323.7042020054299,279.54279799457015,27.334035819121652
2020-11-09,MSFT,296.23,299.2,293.86,296.53,55391695,296.53,0.015270311911528056,300.8965,305.56100000000004,324.5247,0.20978490926208315,322.6222279206976,279.1707720793024,31.108891100189254
2020-11-10,MSFT,301.16,303.12,298.75,300.94,19749757,300.94,0.014872019694466054,300.359,305.5144,324.44245,0.2181031862647641,321.48398436000593,279.234015639994,39.13809989132354
2020-11-11,MSFT,307.51,312.71,299.34,306.02,27455430,306.02,0.01688044128397692,300.069,305.4228,324.35135,0.22780029719751638,320.6846250399896,279.4533749600104,46.193548375175844
2020-11-12,MSFT,303.08,304.97,298.83,301.9,27577124,301.9,-0.013463172341677043,299.8025,305.38100000000003,324.25280000000004,0.22682625561705416,320.16459675378496,279.44040324621506,43.40897279390738
2020-11-13,MSFT,299.21,300.07,293.72,296.89,15960047,296.89,-0.016594898973169903,299.039,305.2876,324.13395,0.22429288645524634,318.5786351848716,279.4993648151284,44.51945282246805
2020-11-16,MSFT,293.71,299.52,285.37,292.44,22298667,292.44,-0.014988716359594423,297.98199999999997,305.0328,324.02995,0.2269589603449662,316.46840194418826,279.4955980558117,46.59724803547112
2020-11-17,MSFT,301.05,301.83,294.33,298.08,26668450,298.08,0.01928600738613051,297.114,304.8596,323.9453,0.23886925149357985,313.67939118955974,280.5486088104402,53.80301435763682
2020-11-18,MSFT,295.03,297.46,294.39,295.92,21031628,295.92,-0.007246376811594124,296.3085,304.6252,323.8434,0.2375997671957935,311.3132000005083,281.3037999994917,49.92098330642858
2020-11-19,MSFT,292.84,294.01,287.8,290.9,66370017,290.9,-0.01696404433630727,295.346,304.3698,323.71434999999997,0.24284221512153403,309.02315328952847,281.66884671047154,47.870011775211616
2020-11-20,MSFT,290.41,291.4,287.13,289.27,17875415,289.27,-0.005603300103128261,294.33399999999995,304.12940000000003,323.5813,0.2429691835883736,306.5113947606988,282.1566052393011,49.88594489035965
2020-11-23,MSFT,289.52,290.45,286.38,288.42,40070708,288.42,-0.002938431223424409,293.602,303.7636,323.44985,0.23393691154031965,305.32232261097226,281.8816773890277,52.00292663749697
2020-11-24,MSFT,288.61,291.52,287.72,289.62,35214564,289.62,0.004160599126274089,293.27799999999996,303.4238,323.31265,0.22176131996833467,305.0656395565777,281.4903604434222,54.7082717731552
2020-11-25,MSFT,292.42,295.66,285.85,290.76,24861762,290.76,0.003936192251916326,293.129,303.072,323.18115,0.22083286735970792,304.9672785021617,281.2907214978383,56.97093129424933
2020-11-26,MSFT,289.82,290.05,285.0,287.52,17686333,287.52,-0.01114321089558401,292.70449999999994,302.6628,323.0258,0.22175755841838968,304.71541341458425,280.69358658541563,45.30055772290418
2020-11-27,MSFT,288.78,293.96,286.86,290.41,18385709,290.41,0.010051474680022432,292.55350000000004,302.41020000000003,322.87945,0.22350224047850373,304.601885390845,280.5051146091551,43.46712210485616
2020-11-30,MSFT,288.66,294.34,281.54,287.94,20321692,287.94,-0.00850521676250826,292.4805,302.026,322.69475,0.22011707064668823,304.62663037793953,280.3343696220605,35.523385289591815
2020-12-01,MSFT,286.81,291.3,283.55,287.43,12238409,287.43,-0.0017712023338195548,292.5405,301.5856,322.4914,0.21653019791617015,304.56789937764955,280.51310062235046,26.952640704752383
2020-12-02,MSFT,293.16,297.09,283.55,290.32,16734787,290.32,0.010054621994920465,292.8305,300.99739999999997,322.29740000000004,0.21784419928407783,304.310893308869,281.3501066911309,35.19181584417686
2020-12-03,MSFT,287.72,292.14,283.53,287.84,13816799,287.84,-0.008542298153761396,293.06100000000004,300.44739999999996,322.05494999999996,0.2196757154136986,303.8968098329959,282.22519016700414,37.62646976957147
2020-12-04,MSFT,284.12,289.38,281.96,285.67,42829444,285.67,-0.007538910505836438,292.741,299.7784,321.79105000000004,0.18978488722553286,304.0669551008901,281.4150448991099,40.12831727728796
2020-12-07,MSFT,287.48,293.93,282.39,288.16,32016800,288.16,0.008716351034410375,292.3225,299.27279999999996,321.5077,0.18364107599978427,303.6774727108069,280.9675272891931,34.0719331895631
2020-12-08,MSFT,285.71,286.68,282.99,284.84,34235580,284.84,-0.011521377012770895,291.51750000000004,298.6844,321.19235000000003,0.1764426825217464,302.5791375964776,280.4558624035225,32.84829719938462
2020-12-09,MSFT,281.02,285.34,281.02,283.42,31639571,283.42,-0.004985254879932399,290.3875,297.9786,320.9135,0.16064521398455733,299.68852625916657,281.0864737408334,36.968641096949156
2020-12-10,MSFT,286.34,290.9,280.59,285.75,26726694,285.75,0.008221014748429845,289.58000000000004,297.4992,320.61435,0.16174582562916592,297.3510095530575,281.8089904469426,44.01360542121804
2020-12-11,MSFT,296.74,298.54,289.87,294.2,44842123,294.2,0.029571303587051512,289.4455,297.204,320.3535,0.18972421456189817,296.76371512608137,282.1272848739186,57.810810788936415
2020-12-14,MSFT,298.91,303.0,290.65,296.83,19581216,296.83,0.008939496940856495,289.665,297.0074,320.10634999999996,0.1842328940638703,297.59883825608455,281.7311617439155,59.380692145945076
2020-12-15,MSFT,296.33,305.89,291.94,298.92,26089780,298.92,0.007041067277566482,289.707,296.91020000000003,319.8621,0.1727118078048456,297.8349248338853,281.5790751661147,60.360589110080056
2020-12-16,MSFT,304.24,305.11,297.42,301.27,33706791,301.27,0.007861635220125729,289.9745,296.8246,319.6373,0.17240210985468105,299.2364253994667,280.71257460053323,67.86178225642855
2020-12-17,MSFT,298.07,301.92,291.87,296.89,14737453,296.89,-0.01453845387858066,290.274,296.5524,319.3844,0.16924498238663413,300.03583848085685,280.51216151914315,58.10405200566637
2020-12-18,MSFT,295.48,301.96,293.03,297.49,86272542,297.49,0.0020209505203947487,290.685,296.3012,319.14815,0.16740965751081363,300.94815125505954,280.42184874494046,62.52951978810254
2020-12-21,MSFT,294.59,304.82,290.16,297.49,25287295,297.49,0.0,291.1385,296.0296,318.88015,0.16671045222669995,301.77500966693276,280.5019903330673,63.377659550870035
2020-12-22,MSFT,296.99,305.42,292.49,298.95,26460990,298.95,0.004907727990856703,291.605,295.77479999999997,318.62155,0.16688357357172676,302.7665326244351,280.4434673755649,61.92977603353562
2020-12-23,MSFT,301.59,306.52,292.6,299.56,41331587,299.56,0.0020404749958187196,292.04499999999996,295.5296,318.37465,0.16667297473317375,303.7470025276832,280.3429974723167,67.08454807757488
2020-12-24,MSFT,298.4,304.32,298.24,301.28,36048236,301.28,0.005741754573374225,292.733,295.4106,318.1581,0.16027979291564598,304.92266620155243,280.5433337984476,73.0576070598875
2020-12-25,MSFT,298.49,306.23,293.95,300.09,25383694,300.09,-0.003949814126394058,293.217,295.16920000000005,317.9284,0.15910225663506652,305.78125020277366,280.6527497972263,68.32565281239445
2020-12-28,MSFT,302.0,303.55,297.36,300.46,26335757,300.46,0.001232963444300017,293.84299999999996,294.9068,317.69530000000003,0.1545162496089715,306.5470285363592,281.1389714636407,76.38513509900712
2020-12-29,MSFT,295.96,298.16,292.74,295.45,13697542,295.45,-0.016674432536776918,294.24399999999997,294.507,317.427,0.16802944504126924,306.5971669069747,281.89083309302526,68.12292856421449
2020-12-30,MSFT,295.92,301.28,287.22,294.25,20011147,294.25,-0.0040616009477068005,294.4405,294.15139999999997,317.17695,0.1658768950472446,306.6551029515147,282.22589704848525,63.25639423313821
2020-12-31,MSFT,301.64,301.77,298.54,300.16,30746000,300.16,0.020084961767204756,295.0565,293.9516,316.9939,0.17551181100281796,307.11111654305074,283.0018834569493,60.09485092000928
2021-01-01,MSFT,298.91,308.95,294.29,301.62,29857407,301.62,0.004864072494669358,295.854,293.7938,316.8027,0.17191042011224933,307.3933466931733,284.31465330682664,58.44797175244196
2021-01-04,MSFT,304.02,304.06,299.25,301.65,40745366,301.65,9.946290033813199e-05,296.5285,293.7656,316.57525,0.17067764576295733,307.74681636678366,285.31018363321635,55.1920882170905
2021-01-05,MSFT,308.2,316.52,303.27,309.89,23823569,309.89,0.027316426321896348,297.781,294.0414,316.41305,0.1839867378505656,309.09772241931233,286.4642775806877,63.39341202959892
2021-01-06,MSFT,304.49,307.37,300.97,304.17,14353032,304.17,-0.018458162573816383,298.8185,294.25,316.18305,0.19862509978790494,308.23714729364445,289.3998527063555,60.8591885187343
2021-01-07,MSFT,300.47,303.2,296.0,299.6,38151611,299.6,-0.015024492882269813,299.51099999999997,294.3218,315.9225,0.2083723320454001,306.64300023614607,292.37899976385387,52.81408373594568
2021-01-08,MSFT,304.96,309.86,304.13,306.99,44403201,306.99,0.02466622162883847,300.1505,294.593,315.6984,0.20048298635072634,307.5654251335941,292.73557486640595,60.58377894723325
2021-01-11,MSFT,310.24,312.45,302.18,307.32,35808083,307.32,0.0010749535815497424,300.675,294.9514,315.485,0.19891687958222581,308.56949241726636,292.78050758273366,59.56571426665328
2021-01-12,MSFT,306.32,310.06,302.73,306.4,23416065,306.4,-0.002993622282962405,301.049,295.3548,315.29990000000004,0.19860731953257252,309.29434803452733,292.8036519654726,57.76214251455582
2021-01-13,MSFT,298.75,306.89,295.95,301.42,37963692,301.42,-0.01625326370757163,301.0565,295.6928,315.0653,0.20635292826253052,309.30296724999386,292.8100327500062,50.14792897924622
2021-01-14,MSFT,306.09,306.09,301.82,303.43,98537778,303.43,0.006668436069272143,301.3835,296.09680000000003,314.85884999999996,0.20002681622657745,309.45104713912855,293.3159528608715,53.469048592676266
2021-01-15,MSFT,306.41,307.8,303.96,305.88,26178455,305.88,0.008074349932439162,301.803,296.373,314.6827,0.20151887413614306,309.89061001714515,293.71538998285484,55.39625645608232
2021-01-18,MSFT,302.55,303.46,299.24,301.35,14793400,301.35,-0.014809729305609975,301.996,296.4694,314.45935000000003,0.20964260133534426,309.8305131175731,294.16148688242686,55.93084035418116
2021-01-19,MSFT,301.03,304.9,296.85,300.88,19773878,300.88,-0.001559648249543799,302.0925,296.4682,314.27795000000003,0.20918859846361135,309.81579592854956,294.3692040714504,56.763925713228026
2021-01-20,MSFT,301.59,305.97,293.21,299.59,32106747,299.59,-0.004287423557564507,302.094,296.3396,314.12505,0.20973722857243698,309.81523633405084,294.37276366594915,49.3579634897271
2021-01-21,MSFT,297.98,307.63,293.94,300.79,13157002,300.79,0.0040054741480024525,302.0695,296.31739999999996,313.97790000000003,0.20920629637505056,309.80470856725265,294.33429143274736,49.0595966307085
2021-01-22,MSFT,294.86,299.16,293.3,296.23,26752744,296.23,-0.015160078460055182,301.8765,296.3042,313.8005,0.2156976731203989,310.0024202555743,293.75057974442575,44.43074392474252
2021-01-25,MSFT,301.4,306.56,296.61,301.59,29107925,301.59,0.018094048543361385,301.933,296.4872,313.63789999999995,0.22563119152427918,310.0331237157514,293.8328762842486,40.9349060600024
2021-01-26,MSFT,303.01,311.83,299.38,305.6,46197446,305.6,0.01329619682350236,302.44050000000004,296.63759999999996,313.50175,0.22078421537586687,310.08969665544254,294.79130334455755,51.62241886265682
2021-01-27,MSFT,305.43,307.45,300.9,304.17,42222521,304.17,-0.004679319371727719,302.9365,296.8026,313.29775,0.2210118251553732,309.56832208827046,296.3046779117296,55.582702155432244
2021-01-28,MSFT,302.73,307.37,299.38,303.38,35329197,303.38,-0.0025972318111583403,303.09749999999997,297.05219999999997,313.0946,0.2104698973667211,309.60060654508953,296.5943934549104,44.74220796311123
2021-01-29,MSFT,301.54,307.61,298.23,302.92,10525535,302.92,-0.00151625024721469,303.1625,297.3252,312.894,0.20998017735705107,309.62931203489643,296.6956879651036,43.615786401316896
2021-02-01,MSFT,296.78,302.06,296.78,299.76,36136270,299.76,-0.010431797174171531,303.06800000000004,297.552,312.69595000000004,0.2134116211238463,309.68144913593727,296.4545508640628,40.953678458491815
2021-02-02,MSFT,299.33,299.67,296.38,298.02,33151275,298.02,-0.005804643714972024,302.4745,297.72,312.48555,0.18752639922974626,308.6244147619212,296.3245852380788,44.91930661599308
2021-02-03,MSFT,299.0,299.41,294.62,297.01,27695046,297.01,-0.0033890342930004147,302.1165,297.845,312.25475,0.17720749459130128,308.67112319764516,295.5618768023548,40.11090571282955
2021-02-04,MSFT,303.28,309.25,298.59,303.92,12513236,303.92,0.02326520992559189,302.33250000000004,298.173,312.0286,0.1891145481184677,308.82235240282677,295.8426475971733,47.34561211639119
2021-02-05,MSFT,308.49,310.09,306.1,308.1,18323167,308.1,0.013753619373519266,302.388,298.5268,311.8587,0.1742163020198452,309.06193232146745,295.7140676785325,59.228876105299264
2021-02-08,MSFT,310.58,315.03,309.54,312.28,15676248,312.28,0.01356702369360585,302.636,299.0136,311.7149,0.1805410604424141,310.3665747045809,294.90542529541915,64.1509433739296
2021-02-09,MSFT,314.8,317.72,310.34,314.03,11165988,314.03,0.005603945177404812,303.01750000000004,299.54560000000004,311.56845,0.1806850764991025,312.15519722229084,293.87980277770924,67.72214037928053
2021-02-10,MSFT,306.26,311.31,306.26,309.28,24970865,309.28,-0.015125943381205653,303.4105,299.9248,311.3834,0.17927197844337664,312.9271457491982,293.89385425080184,59.58455631442342
2021-02-11,MSFT,309.15,311.96,306.49,309.22,18169547,309.22,-0.0001939989653386709,303.7,300.3524,311.1972,0.17822282007968676,313.565034478556,293.83496552144396,66.32319675977573
2021-02-12,MSFT,314.48,320.86,306.3,313.58,71450010,313.58,0.014099993532112887,304.085,300.9106,311.0189,0.18262193931429063,314.86668329792616,293.3033167020738,65.45501415528824
2021-02-15,MSFT,310.81,310.81,306.57,308.23,23367987,308.23,-0.017061037055934536,304.429,301.312,310.83279999999996,0.18541056904520764,315.28205079592294,293.575949204077,53.276850218144126
2021-02-16,MSFT,310.37,316.73,305.49,311.11,41945748,311.11,0.009343671933296438,304.94050000000004,301.8374,310.6223,0.18729278284303302,316.05051534888975,293.83048465111034,58.34535832571347
2021-02-17,MSFT,323.23,325.6,317.45,321.52,13346260,321.52,0.03346083378869191,306.037,302.5994,310.43845,0.21679068978336544,319.0835548588176,292.99044514118236,67.71484373148428
2021-02-18,MSFT,327.11,332.5,320.45,326.47,20223392,326.47,0.015395620801194498,307.321,303.41380000000004,310.31205,0.220788048022078,322.98532876919387,291.6566712308062,71.14383190885238
2021-02-19,MSFT,335.98,338.72,327.54,333.13,25988002,333.13,0.020400036756822892,309.166,304.19239999999996,310.2445,0.21545792699327354,327.75024278790795,290.58175721209204,78.18888323881333
2021-02-22,MSFT,333.61,337.45,331.12,334.29,17385112,334.29,0.003482124095698369,310.80100000000004,304.9416,310.2073,0.21074772714193157,332.1299128205158,289.4720871794843,80.94181878291796
2021-02-23,MSFT,337.76,346.42,331.54,338.98,21115250,338.98,0.014029734661521465,312.46999999999997,305.7428,310.17654999999996,0.2111352056319777,337.06001252113066,287.8799874788693,83.68919567873427
2021-02-24,MSFT,338.33,340.71,330.75,335.73,22912794,335.73,-0.009587586288276606,314.048,306.43199999999996,310.15965,0.2148914265477512,340.3839363048386,287.7120636951614,77.1277502800651
2021-02-25,MSFT,336.57,346.91,332.34,339.63,22767011,339.63,0.011616477526583902,315.8605,307.2868,310.1694,0.2141176511903672,344.03081545140117,287.69018454859884,77.01799484013286
2021-02-26,MSFT,340.4,347.39,338.39,342.89,52505779,342.89,0.009598680917469071,317.85900000000004,308.1948,310.18399999999997,0.2127486361978753,347.78064849103265,287.9373515089674,76.6498345625441
2021-03-01,MSFT,341.55,352.93,335.92,344.42,29083364,344.42,0.004462072384729954,320.092,309.1334,310.2071,0.20358330969595892,350.976798236432,289.207201763568,76.56004193197282
2021-03-02,MSFT,353.38,358.13,343.81,350.97,30285833,350.97,0.019017478659775877,322.7395,310.1738,310.25609999999995,0.20186191866858078,354.71639526089353,290.7626047391065,85.32452124733882
2021-03-03,MSFT,345.06,356.95,340.0,348.47,31023275,348.47,-0.007123115935834923,325.3125,311.152,310.31719999999996,0.20513518265716527,356.85069263586087,293.77430736413913,81.93653374862312
2021-03-04,MSFT,350.22,353.02,342.39,347.7,31942147,347.7,-0.0022096593680949184,327.50149999999996,312.0804,310.35970000000003,0.20002414345212088,358.86473779942,296.1382622005799,79.48496368626357
2021-03-05,MSFT,347.97,353.35,343.26,348.31,24184720,348.31,0.0017543859649122862,329.51200000000006,313.0448,310.4191,0.19904510821154847,360.79368631879004,298.2303136812101,87.72590359133724
2021-03-08,MSFT,340.05,350.37,336.55,343.46,21989768,343.46,-0.013924377709511715,331.071,313.9048,310.46119999999996,0.20925756755599634,361.8403585790835,300.30164142091655,79.36104554163988
2021-03-09,MSFT,344.01,352.48,336.9,344.69,26725074,344.69,0.003581203051301607,332.604,314.8896,310.5032,0.20928433823266454,362.8491683135601,302.3588316864399,75.23415375619079
2021-03-10,MSFT,334.52,344.8,328.45,336.63,39709776,336.63,-0.023383329948649556,333.9715,315.7372,310.50175,0.22138840888760652,362.18108051143906,305.7619194885609,60.36311707782362
2021-03-11,MSFT,342.59,345.66,337.81,341.74,39227228,341.74,0.015179871075067686,335.59749999999997,316.5688,310.52465,0.22392571011960974,361.45049483822015,309.7445051617798,59.06888559454466
2021-03-12,MSFT,343.32,349.27,334.92,342.1,22707980,342.1,0.0010534324340141232,337.0235,317.3784,310.5663,0.22175440154246998,360.82812164325907,313.21887835674096,58.367259463956664
2021-03-15,MSFT,339.66,342.88,336.62,339.75,33988196,339.75,-0.006869336451330033,338.59950000000003,318.1404,310.6025,0.2113460316004799,358.1756815264791,319.023318473521,50.868486336292364
2021-03-16,MSFT,332.85,341.28,330.59,335.94,23127952,335.94,-0.01121412803532007,339.841,318.6614,310.61895,0.21818298181982115,354.6442825662622,325.03771743373784,50.23390508569223
2021-03-17,MSFT,336.02,337.85,332.09,334.97,25341010,334.97,-0.002887420372685523,340.5135,319.2774,310.6616,0.18916524060575104,352.8245908918392,328.20240910816085,44.44709245418835
2021-03-18,MSFT,340.67,342.39,334.31,338.35,20686192,338.35,0.010090455861718972,341.1075,320.0524,310.731,0.1851207313228307,351.5737683743522,330.64123162564783,44.60551329314461
2021-03-19,MSFT,342.6,349.15,333.03,341.09,23247968,341.09,0.008098123245160238,341.5055,320.7344,310.80465,0.17356351890157432,351.27677794258926,331.7342220574107,46.153846138919945
2021-03-22,MSFT,340.11,340.55,335.2,337.88,42751652,337.88,-0.009411005892872804,341.685,321.3456,310.8905,0.17734545009827518,351.02034652471957,332.34965347528043,33.61702126481504
2021-03-23,MSFT,332.03,339.93,328.14,334.03,25941507,334.03,-0.011394577956671093,341.4375,321.8982,310.9303,0.17474119183466286,351.3211726074005,331.5538273925995,32.518159795272254
2021-03-24,MSFT,339.88,342.94,331.57,337.25,26390097,337.25,0.009639852707840735,341.5135,322.6148,310.9563,0.17506642939347195,351.2344188974232,331.79258110257683,38.0571428449646
2021-03-25,MSFT,332.81,336.47,331.52,333.99,14013045,333.99,-0.009666419570051876,341.2315,323.226,310.994,0.17308265541218337,351.4945892548192,330.9684107451808,34.56896550681111
2021-03-26,MSFT,331.15,338.26,330.56,334.41,22091176,334.41,0.001257522680319756,340.8075,323.7966,311.0018,0.16893127052152918,351.47480346234,330.14019653766,39.21848938410636
2021-03-29,MSFT,337.42,340.57,329.67,335.12,22699658,335.12,0.002123142250530785,340.34250000000003,324.472,311.01585,0.16809392866569542,351.1565452044537,329.52845479554634,38.45597103646843
2021-03-30,MSFT,339.7,339.7,333.78,336.73,17943329,336.73,0.004804249224158452,339.63050000000004,325.18899999999996,311.0275,0.15210309737950883,349.3144475965328,329.9465524034673,50.14285712280004
2021-03-31,MSFT,341.99,348.1,333.77,340.93,25217595,340.93,0.012472901137409842,339.2535,326.01579999999996,311.0711,0.1591344660412085,348.0333675808126,330.47363241918737,48.81196829910919
2021-04-01,MSFT,333.29,343.28,326.9,335.09,21056365,335.09,-0.01712961605021568,338.623,326.7018,311.0632,0.16908412216491928,346.6256261478918,330.6203738521082,41.142279490118916
2021-04-02,MSFT,324.76,329.41,323.34,326.38,25812894,326.38,-0.02599301680145627,337.5265,327.30480000000006,311.00145,0.18889333505108843,345.93960325121225,329.11339674878775,35.44524274991869
2021-04-05,MSFT,323.71,326.76,321.09,323.92,26245040,323.92,-0.00753722654574418,336.54949999999997,327.7514,310.94595,0.18540250986646525,346.4654233452688,326.63357665473114,36.51861820297755
2021-04-06,MSFT,334.98,337.02,327.65,332.33,17057228,332.33,0.025963200790318552,335.9315,328.286,310.95895,0.21097367685217597,345.23282141148644,326.6301785885136,47.46251440475822
2021-04-07,MSFT,339.62,348.84,335.19,342.01,21314660,342.01,0.029127674299642026,336.20050000000003,329.0428,311.05305,0.22159858220269063,345.8899657394288,326.51103426057125,53.137860069548495
2021-04-08,MSFT,353.32,354.77,347.3,351.03,25785840,351.03,0.02637349785094001,336.665,329.99580000000003,311.18735,0.23436953230473043,348.1895285324177,325.14047146758236,57.69349843950915
2021-04-09,MSFT,348.77,352.12,348.34,350.23,40148922,350.23,-0.002279007492236973,337.0715,330.94200000000006,311.30395,0.2347416067516554,349.90267301934637,324.24032698065366,59.92924906192301
2021-04-12,MSFT,343.84,347.14,336.33,341.74,27703631,341.74,-0.024241212917225807,337.171,331.7816,311.36244999999997,0.25032113371858555,350.1199506179085,324.2220493820915,55.768367487943216
2021-04-13,MSFT,333.62,338.82,322.86,330.84,19184482,330.84,-0.031895593140984446,336.91600000000005,332.43800000000005,311.3685,0.2728129937180696,350.1644237791275,323.6675762208726,45.69856394256098
2021-04-14,MSFT,327.66,332.35,323.93,328.14,29326094,328.14,-0.008161044613710478,336.5745,333.06059999999997,311.38689999999997,0.27403274935931254,350.37474633646593,322.77425366353407,46.04462473773325
2021-04-15,MSFT,326.48,331.75,322.98,327.36,49496174,327.36,-0.0023770341927225047,336.025,333.5294,311.41614999999996,0.27096447082719205,350.39117298780593,321.658827012194,45.256358489656975
2021-04-16,MSFT,335.53,341.64,325.38,333.51,36073496,333.51,0.018786656891495612,335.646,334.0376,311.44935000000004,0.278542200555852,349.8485652241821,321.44343477581793,48.990595602685026
2021-04-19,MSFT,337.92,344.11,331.35,337.73,31121112,337.73,0.012653293754310235,335.6385,334.5466,311.51405,0.280683946096961,349.8362556046829,321.44074439531715,50.60709081218432
2021-04-20,MSFT,340.19,345.51,332.37,338.94,33418575,338.94,0.003582743611760808,335.88399999999996,335.0448,311.5809,0.2775476912602588,350.13435164846953,321.6336483515304,48.74637771598274
2021-04-21,MSFT,335.7,340.32,329.43,334.88,44471896,334.88,-0.011978521272201559,335.7655,335.5568,311.65115000000003,0.279097218918726,350.00743729429087,321.5235627057091,49.86467327364217
2021-04-22,MSFT,328.24,338.63,322.44,330.54,38441074,330.54,-0.01295986622073575,335.59299999999996,335.98320000000007,311.69145000000003,0.2808174583279839,350.00800694633665,321.1779930536633,52.840753882275756
2021-04-23,MSFT,334.14,338.08,325.62,331.85,31361467,331.85,0.003963211714164805,335.46500000000003,336.34860000000003,311.74795,0.2811894786946638,349.9694232817655,320.96057671823456,55.501595660094054
2021-04-26,MSFT,333.2,342.91,327.56,335.24,38333826,335.24,0.010215458791622778,335.471,336.88880000000006,311.7971,0.28354691925632397,349.9749216475294,320.9670783524706,52.1700223604716
2021-04-27,MSFT,340.13,343.62,330.81,337.22,16219518,337.22,0.005906216441952106,335.4955,337.411,311.83775,0.2838126738965929,350.01002771317826,320.9809722868217,45.96461666986516
2021-04-28,MSFT,330.84,339.05,325.95,332.5,13707864,332.5,-0.013996797342980871,335.074,337.63059999999996,311.86555,0.28421421357492155,349.41258012495587,320.73541987504416,33.16984558647816
2021-04-29,MSFT,337.25,339.31,332.05,335.68,26621396,335.68,0.009563909774436219,335.1035,337.81479999999993,311.9115,0.2800083888727417,349.4446462141846,320.7623537858154,37.33240465744987
2021-04-30,MSFT,336.37,341.56,334.08,337.82,25696328,337.82,0.006375119161105669,335.6755,337.9086,311.98005,0.26284099919849035,349.45314394340903,321.89785605659097,46.16288174145886
2021-05-03,MSFT,331.72,339.81,326.05,332.93,20111902,332.93,-0.014475164288674347,336.12600000000003,337.8814,312.0554,0.2672457231429434,348.83280281953387,323.4191971804662,52.3186154707686
2021-05-04,MSFT,328.17,333.03,325.82,329.43,34786065,329.43,-0.010512720391673946,335.981,337.6904,312.13155,0.2540111847508612,348.93399014451825,323.02800985548174,51.40614779333583
2021-05-05,MSFT,334.4,338.16,327.34,332.75,11866631,332.75,0.010078013538536323,335.518,337.6308,312.2193,0.23284213577924387,348.2232241223749,322.81277587762503,55.56703158897048
2021-05-06,MSFT,332.17,335.11,328.48,331.79,20185548,331.79,-0.002885048835462034,334.556,337.474,312.29445,0.2086814747273617,345.03429716980435,324.0777028301956,48.01018045645208
2021-05-07,MSFT,341.99,346.64,332.15,339.39,20591813,339.39,0.022906055034811024,334.014,337.404,312.40365,0.22768952729815248,341.872523766539,326.155476233461,51.78111586427173
2021-05-10,MSFT,340.6,344.39,339.46,341.92,12992277,341.92,0.007454550811750504,334.023,337.3539999999999,312.53155,0.21297313463963,341.9191019030242,326.1268980969758,53.109348899342024
2021-05-11,MSFT,341.04,347.07,332.4,339.74,45457063,339.74,-0.0063757604117922195,334.46799999999996,337.12940000000003,312.6271,0.17859420607181217,342.60818129888577,326.32781870111415,55.27801909700497
2021-05-12,MSFT,341.54,345.62,334.03,339.82,14515184,339.82,0.00023547418614233706,335.052,336.9564,312.721,0.17509233814097813,342.95305016336374,327.1509498366363,61.10579222461747
2021-05-13,MSFT,337.89,343.24,337.29,340.26,19757631,340.26,0.001294803131069333,335.697,336.80760000000004,312.80055,0.1744121049292714,343.0406291042528,328.3533708957472,60.27866045358341
2021-05-14,MSFT,336.28,342.28,331.61,336.95,35947794,336.95,-0.009727855169576194,335.869,336.5804,312.9027,0.16721487733862164,343.15788959847265,328.5801104015274,52.09404847589229
2021-05-17,MSFT,332.69,336.35,329.26,332.8,32372003,332.8,-0.01231636741356279,335.6225,336.3672,313.06805,0.16676498771684536,342.9795270740427,328.2654729259573,44.860465101673306
2021-05-18,MSFT,335.25,340.08,332.36,336.22,16048348,336.22,0.010276442307692424,335.48650000000004,336.1978,313.24395,0.1706823582213949,342.684146618297,328.28885338170306,54.460431636392215
2021-05-19,MSFT,339.15,344.45,336.27,340.36,32847364,340.36,0.012313366248289714,335.7605,336.2724,313.46965,0.17050873452299267,343.271344020116,328.249655979884,55.48523204930163
2021-05-20,MSFT,344.67,345.54,341.24,343.39,28072476,343.39,0.00890233870019963,336.403,336.3054,313.7143,0.16455135323113818,344.22550760708674,328.5804923929133,56.39494831711759
2021-05-21,MSFT,348.9,359.56,342.22,350.89,63566719,350.89,0.02184105535979497,337.355,336.48119999999994,314.0021,0.17903750508498012,347.2137658029624,327.4962341970376,69.45407276922971
2021-05-24,MSFT,349.84,350.34,346.42,348.38,29384049,348.38,-0.00715323890677988,338.012,336.6538,314.24379999999996,0.18017687144260705,348.9676226371751,327.0563773628249,70.97631168931443
2021-05-25,MSFT,359.89,363.3,350.27,356.79,23626739,356.79,0.02414030656180044,338.9905,337.0708,314.51849999999996,0.19634026374544816,352.7780511737284,325.2029488262716,73.91563865828061
2021-05-26,MSFT,352.91,356.83,348.08,352.46,17748039,352.46,-0.012135990358474236,339.9885,337.4206,314.76745,0.1943173895847747,354.6591972890562,325.3178027109438,69.27093043129229
2021-05-27,MSFT,348.41,353.86,341.4,347.63,18563150,347.63,-0.013703682687397079,340.586,337.6062,314.97375,0.201303712388448,355.4893989764879,325.6826010235121,58.10066848577647
2021-05-28,MSFT,336.38,343.42,335.19,339.31,17967564,339.31,-0.023933492506400422,340.6605,337.57059999999996,315.12995,0.22009267032960153,355.5205141318825,325.8004858681175,47.696381276827005
2021-05-31,MSFT,339.79,343.57,331.1,337.33,43263760,337.33,-0.005835371783914467,340.88050000000004,337.5596,315.28545,0.21445877754825157,355.38464601342304,326.37635398657704,47.86536757005994
2021-06-01,MSFT,333.66,341.66,328.53,335.1,25180346,335.1,-0.006610737260249522,341.16400000000004,337.58099999999996,315.40605,0.21217767866554457,354.92857298550996,327.39942701449013,45.97269623475057
2021-06-02,MSFT,338.49,344.06,331.36,337.71,31342489,337.71,0.007788719785138731,341.412,337.59020000000004,315.56305,0.21102221611659674,354.7090603795194,328.1149396204805,47.901925281049394
2021-06-03,MSFT,342.25,342.25,336.53,339.0,45813319,339.0,0.0038198454295106377,341.7725,337.6904,315.71895,0.21080127762732173,354.34223621126534,329.2027637887346,51.744680838733196
2021-06-04,MSFT,334.16,339.57,327.47,333.52,9732688,333.52,-0.016165191740413087,341.479,337.67259999999993,315.8798,0.20281244299383044,354.54721277998266,328.4107872200173,50.59920105345556
2021-06-07,MSFT,333.32,335.34,328.31,331.82,41696839,331.82,-0.005097145598464858,340.974,337.6066,316.02725000000004,0.20092640035914974,354.73280716983083,327.21519283016914,46.23029471132238
2021-06-08,MSFT,329.88,332.08,328.39,330.24,25560152,330.24,-0.004761617744560298,340.49899999999997,337.4768,316.1621,0.2004797894788759,355.069201602469,325.92879839753095,40.9318996313074
2021-06-09,MSFT,319.42,326.54,317.97,322.26,29751964,322.26,-0.02416424418604657,339.621,337.1034,316.2204,0.21603909426260706,356.3237484659125,322.91825153408746,32.609053490427556
2021-06-10,MSFT,319.88,322.34,313.64,317.99,17948643,317.99,-0.013250170669645622,338.5075,336.7614,316.29040000000003,0.2187479831640578,357.79948238155646,319.2155176184435,21.401251733316812
2021-06-11,MSFT,311.78,319.22,310.19,314.7,18482531,314.7,-0.010346237303059946,337.39500000000004,336.5278,316.3561,0.21900028119687415,359.43551723530476,315.3544827646953,21.11492280796554
2021-06-14,MSFT,322.5,327.35,315.08,321.21,30399135,321.21,0.020686367969494635,336.81550000000004,336.47360000000003,316.43625,0.2319668800819463,359.94715839276915,313.68384160723093,18.45744680392896
2021-06-15,MSFT,319.13,325.8,318.6,322.2,64891389,322.2,0.0030820958251611685,336.1145,336.27099999999996,316.51355,0.2284317118031077,360.1540721785161,312.0749278214839,21.485111189204815
2021-06-16,MSFT,327.69,329.01,321.66,325.33,37345079,325.33,0.009714463066418322,335.363,335.93739999999997,316.602,0.22644510949151517,359.7804916596104,310.9455083403896,28.290498434655987
2021-06-17,MSFT,316.53,320.69,316.53,318.71,41474757,318.71,-0.020348569145175688,334.129,335.291,316.6772,0.23124741866369075,359.320688604312,308.937311395688,29.25896092610496
2021-06-18,MSFT,324.3,330.29,318.14,324.21,23151864,324.21,0.017257067553575256,332.795,334.7706,316.7918,0.22504213331463635,357.0580969516259,308.53190304837415,37.66453552976111
2021-06-21,MSFT,330.95,335.71,324.9,330.3,19664090,330.3,0.018784121402794618,331.891,334.5418,316.90975,0.23842912024285523,355.03040990012727,308.7515900998728,45.79242635622205
2021-06-22,MSFT,321.05,325.17,317.47,321.32,18293647,321.32,-0.027187405389040298,330.1175,334.3514,316.9833,0.23172909882455128,350.4938700863166,309.74112991368344,37.07617094276826
2021-06-23,MSFT,317.28,324.37,312.21,318.29,20564500,318.29,-0.009429851861073035,328.409,334.1544,317.033,0.2308398537804241,346.49945214877664,310.31854785122334,34.10590943242546
2021-06-24,MSFT,320.43,325.69,315.59,320.64,10998543,320.64,0.007383203996355503,327.0595,334.02,317.0963,0.2324067185645729,343.0133393003336,311.10566069966643,39.6162528127277
2021-06-25,MSFT,322.45,328.33,319.02,323.67,18707192,323.67,0.009449850299401374,326.2775,333.8232,317.19945,0.22436959289497538,341.2031203256374,311.3518796743625,43.56748223188723
2021-06-28,MSFT,320.34,325.63,315.86,320.74,19980055,320.74,-0.009052429944078844,325.448,333.4834,317.2674,0.22533773859267595,339.61186744686825,311.2841325531317,42.65842348381426
2021-06-29,MSFT,318.6,325.16,313.84,319.5,23306506,319.5,-0.003866059736858496,324.668,333.0946,317.31765,0.22487124784177495,338.30210213591124,311.0338978640888,47.61904760754544
2021-06-30,MSFT,317.39,322.74,311.2,316.97,26352835,316.97,-0.007918622848200219,323.63100000000003,332.7364,317.30385,0.22243739831111237,336.20189018326994,311.0601098167301,49.09284950751869
2021-07-01,MSFT,315.92,321.01,314.16,317.59,28900421,317.59,0.0019560210745495077,322.5605,332.4774,317.3151,0.22176903270372833,333.1036214293264,312.0173785706736,52.69841268463533
2021-07-02,MSFT,326.24,326.24,320.56,323.08,24851190,323.08,0.017286438489876987,322.0385,332.30199999999996,317.3349,0.22747353922803032,331.2461313314925,312.8308686685075,51.779935261280805
2021-07-05,MSFT,319.75,322.34,317.14,319.74,19812213,319.74,-0.010337996780983016,321.4345,331.99199999999996,317.3664,0.2293285816110237,329.44786114510936,313.42113885489067,47.75874634350179
2021-07-06,MSFT,322.4,330.15,318.61,324.38,11399076,324.38,0.014511790830049387,321.1415,331.7352,317.41700000000003,0.23608044444120932,328.1668444193414,314.11615558065864,49.157652053764735
2021-07-07,MSFT,320.84,328.19,313.77,320.98,19860888,320.98,-0.010481534003329407,321.0775,331.50480000000005,317.42834999999997,0.2227307798823643,328.0832356201039,314.0717643798961,52.134662389883715
2021-07-08,MSFT,319.65,321.51,313.14,317.32,16943691,317.32,-0.011402579599975149,321.044,331.1376,317.46635,0.22137702652307528,328.1179742421635,313.9700257578365,43.288525217104244
2021-07-09,MSFT,318.04,323.8,318.04,321.11,30123407,321.11,0.01194377915038447,321.3645,330.8034,317.5271,0.22171665424599082,327.77828277411453,314.9507172258855,40.628186812792265
2021-07-12,MSFT,326.58,331.96,318.86,325.41,35966601,325.41,0.013391049796020127,321.5745,330.653,317.62085,0.2145666480223055,328.2371862766376,314.9118137233624,54.611048460776715
2021-07-13,MSFT,329.76,336.58,322.32,329.45,36390372,329.45,0.012415107095663735,321.937,330.65340000000003,317.7492,0.21844223718654135,329.4744604127335,314.39953958726653,62.301587282358405
2021-07-14,MSFT,321.43,330.88,316.25,323.56,33840452,323.56,-0.017878281985126643,321.8485,330.4696,317.83925,0.22601017818209285,329.25870995510843,314.4382900448916,52.98568505640494
2021-07-15,MSFT,323.63,327.1,316.08,321.59,23699774,321.59,-0.006088515267647532,321.99249999999995,330.26559999999995,317.8947,0.21450473529105574,329.2564002862278,314.7285997137721,47.82608694252576
2021-07-16,MSFT,324.59,332.68,318.22,325.45,20289298,325.45,0.012002860785472302,322.0545,329.9868,317.9717,0.20983263987543588,329.41857059915327,314.69042940084677,54.82878817372147
2021-07-19,MSFT,324.42,327.5,324.04,325.77,18541931,325.77,0.0009832539560608033,321.828,329.6638,318.0452,0.1981969007684445,328.35536619729004,315.3006338027099,56.55172412138507
2021-07-20,MSFT,323.14,323.33,318.74,321.04,13679197,321.04,-0.01451944623507373,321.81399999999996,329.2898,318.09195000000005,0.17993087432766777,328.3471523784342,315.2808476215657,54.06593405081073
2021-07-21,MSFT,324.13,325.45,321.02,323.23,37174286,323.23,0.0068215798654374105,322.06100000000004,328.958,318.149,0.17784901176105264,328.40393938169365,315.7180606183064,55.4629988226176
2021-07-22,MSFT,322.69,326.31,313.98,320.14,23312539,320.14,-0.009559756210747894,322.03599999999994,328.55559999999997,318.21355,0.1797276535835903,328.40640327566285,315.66559672433704,47.01340916988648
2021-07-23,MSFT,329.27,330.52,326.32,328.42,15185479,328.42,0.025863684637970952,322.27349999999996,328.385,318.29485,0.19954592016859293,329.2278179316576,315.3191820683423,58.01329392887397
2021-07-26,MSFT,337.35,340.75,330.72,335.74,17962374,335.74,0.022288532976067144,323.02349999999996,328.44379999999995,318.40565000000004,0.20976452602078083,332.17102834030464,313.87597165969527,59.99296268754572
2021-07-27,MSFT,341.0,343.62,333.83,338.72,17673855,338.72,0.00887591588729375,323.98449999999997,328.4938,318.52205000000004,0.2096160817547219,335.3442784911613,312.62472150883866,65.72137538248671
2021-07-28,MSFT,342.3,349.25,341.5,345.38,25433968,345.38,0.019662257912139713,325.405,328.5942,318.6888,0.21337737400281093,339.77726495719526,311.0327350428047,73.6115785757226
2021-07-29,MSFT,347.74,353.58,338.08,345.83,38315823,345.83,0.0013029127338004542,326.817,328.64300000000003,318.8672,0.2134886152739625,343.3438586501465,310.2901413498535,72.03994292067475
2021-07-30,MSFT,350.49,352.64,346.76,349.7,21751440,349.7,0.011190469305728312,328.148,328.6192,319.06815,0.209653051620817,347.4605883135387,308.8354116864613,71.82389935300026
2021-08-02,MSFT,354.07,361.45,352.85,357.15,10153946,357.15,0.021303974835573225,330.0185,328.7946,319.3386,0.21093562256310502,352.83161928647087,307.20538071352917,73.45072805573466
2021-08-03,MSFT,358.58,365.87,351.18,358.52,23178003,358.52,0.0038359232815343702,331.72549999999995,328.82919999999996,319.6507,0.2083627777623318,357.65799656115905,305.79300343884086,82.04987163277045
2021-08-04,MSFT,354.4,359.39,354.4,357.39,23485853,357.39,-0.0031518464799732415,333.546,328.9278,319.96895,0.20263991852370336,361.34704004112444,305.74495995887554,83.33333331160772
2021-08-05,MSFT,350.75,355.54,342.66,349.1,22849008,349.1,-0.023195948403704536,335.13500000000005,328.9572,320.23440000000005,0.21929854786548925,362.66263243303354,307.60736756696656,70.34233612618631
2021-08-06,MSFT,349.16,356.27,341.4,348.83,19450861,348.83,-0.0007734173589230009,336.521,329.1476,320.5114,0.21850587888174866,363.86613361882416,309.17586638117587,69.85192835781807
2021-08-09,MSFT,356.22,361.37,344.67,353.02,27271752,353.02,0.012011581572685781,337.9015,329.46139999999997,320.8295,0.217793215238846,365.669295261489,310.13370473851097,77.78936390182389
2021-08-10,MSFT,355.6,365.93,349.81,357.87,25670238,357.87,0.013738598379695377,339.3225,329.9168,321.18769999999995,0.21850728831733904,368.15748596825097,310.487514031749,78.77076410128251
2021-08-11,MSFT,361.32,364.66,356.44,360.55,24752925,360.55,0.0074887528990974506,341.17199999999997,330.3736,321.56785,0.20241785464293754,370.4911344741883,311.85286552581164,83.7932764480163
2021-08-12,MSFT,355.91,363.96,351.98,357.97,29486495,357.97,-0.007155734294827298,342.99100000000004,330.75300000000004,321.94155,0.20326218952582106,371.7026267664981,314.279373233502,77.31558511587323
2021-08-13,MSFT,349.14,350.62,346.06,348.34,21050886,348.34,-0.026901695672821857,344.1355,331.04940000000005,322.2229,0.23156995503866284,371.7052228857987,316.56577711420124,61.17021275077331
2021-08-16,MSFT,347.61,349.59,342.56,346.07,20578391,346.07,-0.006516621691450841,345.1505,331.3344,322.4706,0.23416906803535728,371.33314549778896,318.9678545022111,56.59903033233277
2021-08-17,MSFT,346.27,347.11,342.37,344.74,43420216,344.74,-0.003843153119311049,346.3355,331.62440000000004,322.68960000000004,0.22643505105727213,369.94209896589444,322.7289010341056,49.36457504584783
2021-08-18,MSFT,345.54,347.25,339.49,343.37,31268712,343.37,-0.003974009398387213,347.3425,332.0466,322.87635,0.2276777435295118,368.3772520721439,326.30774792785604,47.60140404316657
2021-08-19,MSFT,348.95,354.3,338.7,346.5,34801282,346.5,0.009115531351020723,348.6605,332.6168,323.09934999999996,0.22349047051703794,365.37910038840226,331.94189961159776,46.83419072703447
2021-08-20,MSFT,353.4,360.67,352.15,356.41,40825939,356.41,0.028600288600288737,350.06,333.45099999999996,323.39695,0.22721190510145473,364.1191607146269,336.0008392853731,49.30188677942973
2021-08-23,MSFT,356.05,362.97,351.37,357.17,30853601,357.17,0.002132375634802619,351.13149999999996,334.1702,323.7206,0.2169568583036816,363.7923593289346,338.4706406710653,48.711586167551815
2021-08-24,MSFT,357.56,361.1,351.36,356.23,36242457,356.23,-0.0026317999832012884,352.007,334.8508,324.01135,0.21680031365053876,363.41366305739604,340.600336942604,48.888888875776956
2021-08-25,MSFT,355.07,360.12,350.05,355.08,13291673,355.08,-0.003228251410605565,352.492,335.4458,324.30715,0.20796991923355534,363.53119829276864,341.4528017072314,56.635596964205476
2021-08-26,MSFT,353.64,364.52,347.16,355.84,27127212,355.84,0.0021403627351581633,352.9925,336.18839999999994,324.63185,0.20798237918182866,363.66139601153554,342.32360398846447,57.69484081651528
2021-08-27,MSFT,352.25,355.73,348.04,351.88,23237990,351.88,-0.011128597122302075,353.10150000000004,336.7418,324.94489999999996,0.20928822275250739,363.6728600678392,342.53013993216086,48.74227712527822
2021-08-30,MSFT,351.96,358.8,346.43,352.62,48908414,352.62,0.0021029896555644356,352.875,337.1882,325.2659,0.194413079954641,363.2738390040078,342.4761609959922,43.630186833030265
2021-08-31,MSFT,354.21,359.75,350.24,354.99,36231685,354.99,0.006721116215756329,352.6985,337.8616,325.59274999999997,0.19554611534565566,362.8097699498974,342.5872300501027,43.202933970541785
2021-09-01,MSFT,358.39,358.4,353.96,356.18,19427658,356.18,0.0033522071044254087,352.63800000000003,338.61940000000004,325.91985,0.19570488659311044,362.6450177480718,342.6309822519283,47.73475067911193
2021-09-02,MSFT,357.95,363.92,353.31,358.61,29020239,358.61,0.006822393171991736,353.1135,339.37880000000007,326.2753,0.17680879684625558,363.3145552085613,342.9124447914387,65.89291238246676
2021-09-03,MSFT,357.52,368.62,353.27,360.94,26734326,360.94,0.006497309054404488,353.71899999999994,340.1242,326.62795,0.17750366108630614,364.28075204762354,343.15724795237634,72.96879823844415
2021-09-06,MSFT,349.13,354.7,349.13,352.24,29982335,352.24,-0.02410372915165948,353.68,340.75419999999997,326.94945,0.19526323166331863,364.25836720062557,343.10163279937444,59.436336164265
2021-09-07,MSFT,358.07,358.07,353.26,355.54,16632171,355.54,0.009368612309788915,353.56350000000003,341.475,327.29,0.19175845021817997,363.9979152737447,343.12908472625537,64.60283175175331
2021-09-08,MSFT,355.6,355.6,349.51,352.35,28872292,352.35,-0.00897226753670477,353.1535,342.18260000000004,327.60015,0.19184171554690954,363.0632533560953,343.24374664390473,57.009345775266475
2021-09-09,MSFT,348.44,354.17,340.09,347.13,22819496,347.13,-0.014814814814814836,352.6115,342.7734,327.89660000000003,0.1969181088717909,362.59753082203554,342.6254691779644,37.473002145663514
2021-09-10,MSFT,341.01,348.6,335.28,341.94,27990235,341.94,-0.014951171031025834,352.2915,343.15060000000005,328.17795,0.1803110815226883,363.2196004753661,341.36339952463385,31.63732817837176
2021-09-13,MSFT,347.18,349.77,338.55,344.16,18711190,344.16,0.006492367081944339,352.196,343.639,328.45795,0.18081582044565916,363.3833319334492,341.00866806655085,35.88304092392137
2021-09-14,MSFT,344.35,348.16,338.3,343.23,19783545,343.23,-0.0027022315202231972,352.1205,344.01599999999996,328.74989999999997,0.18055736405365463,363.53771779178106,340.7032822082189,36.06865740641996
2021-09-15,MSFT,337.68,343.01,327.74,335.38,39981331,335.38,-0.022870961163068526,351.721,344.30400000000003,329.0097,0.1975174945943377,364.85718690166556,338.58481309833445,29.383313171878996
2021-09-16,MSFT,339.56,344.63,330.89,337.76,16416005,337.76,0.007096427932494542,351.284,344.7128,329.26975,0.19625808151664598,365.6732392542306,336.89476074576936,35.30391339520703
2021-09-17,MSFT,330.36,338.19,324.12,331.16,16907783,331.16,-0.019540502131691007,350.0215,344.9138,329.45455000000004,0.1722159718294737,366.7566496148462,333.2863503851538,30.092764370662394
2021-09-20,MSFT,331.8,339.0,324.88,331.94,24489472,331.94,0.002355356927165042,348.76000000000005,345.04439999999994,329.6301,0.17231638988641496,366.9653884446547,330.5546115553454,27.967883762348478
2021-09-21,MSFT,331.09,339.13,327.23,333.18,18358995,333.18,0.0037356148701572778,347.60749999999996,345.1189999999999,329.8014,0.17426211437305394,366.717663595095,328.4973364049049,28.036669205643378
2021-09-22,MSFT,336.07,342.25,332.7,337.48,17546673,337.48,0.01290593673089635,346.7275,345.3974,329.98245,0.18349375374216476,366.00897283628933,327.4460271637107,30.518163370325396
2021-09-23,MSFT,348.06,353.85,338.42,346.14,26073154,346.14,0.02566077989806792,346.2425,345.88840000000005,330.2287,0.20861393704570202,365.0407931755921,327.4442068244079,37.78071333340604
2021-09-24,MSFT,342.4,347.71,331.73,339.72,13692517,339.72,-0.01854740856300907,345.6345,346.17379999999997,330.4398499999999,0.21482023542159792,364.4516450096851,326.8173549903149,39.25875084849653
2021-09-27,MSFT,341.14,341.47,337.75,339.61,16704713,339.61,-0.0003237960673496687,344.98400000000004,346.45059999999995,330.65045,0.21442733774378595,363.6834955180965,326.2845044819036,35.5418406154005
2021-09-28,MSFT,338.2,340.48,336.4,338.44,56855562,338.44,-0.0034451282353288315,344.1565,346.7986,330.8479,0.21209868859960967,362.4520079617561,325.86099203824386,36.89466741065524
2021-09-29,MSFT,337.82,348.87,332.4,340.63,30044086,340.63,0.006470866327857205,343.379,347.1466,331.05325,0.21348519213557088,360.8250261196686,325.9329738803314,43.50519583115362
2021-09-30,MSFT,338.77,345.41,338.2,341.8,18545932,341.8,0.0034348119660629894,342.5385,347.5798,331.25585,0.21193126711678326,358.4468510343254,326.6301489656746,49.847892205609085
2021-10-01,MSFT,339.4,347.9,332.61,340.26,29552308,340.26,-0.004505558806319532,341.5045,347.81660000000005,331.45669999999996,0.2094490869021462,354.86037783080275,328.14862216919727,45.699161873846705
2021-10-04,MSFT,338.05,342.62,333.98,338.3,31368619,338.3,-0.005760300946335062,340.8075,347.8678,331.64590000000004,0.19435307391356685,353.2265361097184,328.3884638902816,44.68406295825798
2021-10-05,MSFT,333.91,335.64,330.73,333.19,37212383,333.19,-0.015104936446940664,339.69,347.75719999999995,331.83459999999997,0.19487122010186525,350.4369241621558,328.9430758378442,47.490258980864915
2021-10-06,MSFT,334.63,340.19,334.63,337.96,23760235,337.96,0.014316155947057263,338.9705,347.60880000000003,332.05314999999996,0.20303600831339555,347.9261979215984,330.01480207840166,50.217296812189424
2021-10-07,MSFT,343.61,343.61,337.51,340.28,36946647,340.28,0.006864717718073177,338.62800000000004,347.4978,332.25375,0.19944663411804528,346.7554417545406,330.5005582454595,60.924772380140176
2021-10-08,MSFT,343.88,348.26,341.37,344.82,11061794,344.82,0.013341953685200414,338.772,347.4002,332.46975,0.19833157955814298,347.24138163403455,330.30261836596543,64.1538461341065
2021-10-11,MSFT,345.85,348.53,338.39,343.46,16384775,343.46,-0.003944086769908983,338.73699999999997,347.1264,332.67879999999997,0.19760346476863666,347.1179535947682,330.3560464052317,61.26698814428454
2021-10-12,MSFT,340.69,346.93,333.97,340.45,26693614,340.45,-0.00876375706050192,338.598,346.765,332.83160000000004,0.1998500707381478,346.75440168339065,330.4415983166094,53.34987591367246
2021-10-13,MSFT,333.01,343.78,327.19,335.49,28523526,335.49,-0.014568952856513384,338.60350000000005,346.32700000000006,332.9882,0.18932706739919472,346.7509084352199,330.4560915647802,36.89392073550299
2021-10-14,MSFT,339.32,341.98,332.65,337.31,17359899,337.31,0.005424900891233708,338.581,346.09119999999996,333.17674999999997,0.18859748580774754,346.7406927186582,330.42130728134185,46.65556478897643
2021-10-15,MSFT,333.97,337.68,327.46,332.57,27733576,332.57,-0.014052355400077099,338.65150000000006,345.76599999999996,333.30465000000004,0.18194438603082896,346.56177652718964,330.7412234728105,41.342843074795844
2021-10-18,MSFT,341.61,346.7,336.16,341.43,19479053,341.43,0.026641007908109637,339.126,345.5342,333.4752,0.20463504300128116,346.4585816520494,331.79341834795054,53.09203721316881
2021-10-19,MSFT,335.47,340.66,330.07,335.37,22378310,335.37,-0.01774887971180039,339.2355,345.08420000000007,333.62005000000005,0.21543238002961268,346.2528453519999,332.2181546480001,44.963615460944276
2021-10-20,MSFT,334.01,341.96,331.62,336.79,37667036,336.79,0.004234129468944747,339.20099999999996,344.60900000000004,333.79689999999994,0.21091534596935332,346.26133814605237,332.14066185394756,45.225843326983785
2021-10-21,MSFT,345.47,346.18,342.62,344.4,35961568,344.4,0.02259568276967827,339.114,344.3376,334.00175,0.2061935049011655,345.8497378371109,332.37826216288903,53.53604371797907
2021-10-22,MSFT,350.3,350.3,345.69,347.44,16777717,347.44,0.008826945412311327,339.5,344.3196,334.2095499999999,0.19650582306110811,347.1980298231206,331.8019701768794,57.665213002225535
2021-10-25,MSFT,345.6,350.86,345.6,348.44,16378594,348.44,0.002878194796223754,339.9415,344.367,334.445,0.19650592649600002,348.6168911484557,331.26610885154435,63.736263720189015
2021-10-26,MSFT,342.25,346.3,341.46,343.88,21208593,343.88,-0.01308690161864312,340.2135,344.34979999999996,334.66,0.20251928319308396,349.03063708158965,331.3963629184104,55.35262204746951
2021-10-27,MSFT,340.14,343.87,330.98,337.43,24733962,337.43,-0.018756542980109314,340.0535,344.231,334.8492,0.21280993302118026,348.95455203715693,331.15244796284304,47.60222108924063
2021-10-28,MSFT,339.75,344.33,338.12,341.22,19215484,341.22,0.011231959221171817,340.0245,344.1254,335.05134999999996,0.2164358804736968,348.9053498289277,331.1436501710723,46.93251532622608
2021-10-29,MSFT,349.71,356.62,340.65,348.63,37906886,348.63,0.021716194830314617,340.443,343.9698,335.31335,0.2288490397785927,350.12343517941775,330.7625648205822,53.99351149766865
2021-11-01,MSFT,346.88,354.81,338.47,346.64,28726836,346.64,-0.005708057252674759,340.86,343.75919999999996,335.53860000000003,0.22882769335241498,350.86483041229064,330.8551695877094,54.85795007427387
2021-11-02,MSFT,341.95,349.66,332.92,341.29,29409268,341.29,-0.015433879529194505,341.265,343.4604,335.71705000000003,0.22914355217111632,350.59558919557537,331.9344108044246,54.524180955330145
2021-11-03,MSFT,329.32,337.72,322.03,329.88,15063284,329.88,-0.03343197866916703,340.861,342.9564,335.8456,0.254455917917249,351.4137784318315,330.3082215681685,44.95861038635608
2021-11-04,MSFT,324.21,328.91,322.11,325.51,39876696,325.51,-0.01324724142112288,340.1225,342.3498,335.95625,0.2561292571188671,352.716344569963,327.528655430037,45.18548826196676
2021-11-05,MSFT,322.19,330.06,320.18,325.12,8091452,325.12,-0.0011981198734293264,339.1375,341.8146,336.06725,0.2496257041939859,353.1823707625454,325.09262923745456,37.42482651466541
2021-11-08,MSFT,334.24,335.45,329.79,332.62,34900390,332.62,0.023068405511811108,338.5955,341.4146,336.23154999999997,0.26589686464806633,352.7740300626196,324.41696993738043,47.925780650611536
2021-11-09,MSFT,337.56,343.0,328.81,335.9,36328425,335.9,0.009861102759906037,338.36800000000005,341.0328,336.42095,0.26733483364108307,352.5672388231786,324.1687611768215,49.34702860321554
2021-11-10,MSFT,338.63,345.16,329.79,337.48,21029271,337.48,0.004703780887168829,338.4675,340.6588,336.62330000000003,0.2626305066955659,352.6095982214461,324.32540177855384,44.43013521213747
2021-11-11,MSFT,336.69,343.12,328.33,335.73,41597493,335.73,-0.005185492473628095,338.3885,340.2012,336.78235,0.2626524501308871,352.575404673335,324.20159532666503,40.37481504906713
2021-11-12,MSFT,331.42,337.68,328.58,333.13,24376920,333.13,-0.007744318351055934,338.41650000000004,339.645,336.9075,0.259140535215949,352.55718750654165,324.27581249345843,37.7382668504191
2021-11-15,MSFT,336.64,346.74,333.03,339.89,25632177,339.89,0.020292378350794005,338.3395,339.398,337.04555,0.25141730667711415,352.42776981270435,324.2512301872956,46.913198195005634
2021-11-16,MSFT,343.09,343.35,338.61,340.98,28636649,340.98,0.0032069198858455383,338.62,339.1068,337.1803,0.24276927392065575,352.68269870034226,324.55730129965775,52.9947696854745
2021-11-17,MSFT,331.16,333.15,329.3,331.22,89434435,331.22,-0.02862337967036188,338.3415,338.6842,337.29,0.26395068528005644,352.7725881888913,323.9104118111087,42.33599018098247
2021-11-18,MSFT,326.98,334.83,321.66,328.25,42804763,328.25,-0.008966849827909074,337.534,338.30660000000006,337.38515,0.250432705607637,352.3401813549464,322.72781864505356,33.24013157129342
2021-11-19,MSFT,321.87,328.84,320.07,324.46,33093215,324.46,-0.011546077684691625,336.385,337.957,337.43955,0.24888541935424247,351.5174391883548,321.2525608116452,32.28434504070319
2021-11-22,MSFT,319.3,330.14,314.09,322.11,17352802,322.11,-0.0072428034272328246,335.0685,337.51599999999996,337.50895,0.24814583368572424,350.3655245128639,319.77147548713606,33.90939596518909
2021-11-23,MSFT,323.81,327.05,322.54,324.79,26477935,324.79,0.008320139082921951,334.114,337.1472,337.57735,0.24915750614386653,349.4782009057901,318.74979909420983,44.99705129487012
2021-11-24,MSFT,326.41,331.61,317.26,324.44,18058675,324.44,-0.001077619384833306,333.4645,336.92839999999995,337.59195,0.24187544940592592,349.32860775104115,317.6003922489588,48.85805761613634
2021-11-25,MSFT,326.93,328.95,319.48,324.22,34734039,324.22,-0.0006780914807050786,332.6145,336.6576,337.5807,0.23697674147349124,348.5505240369131,316.67847596308695,49.03598970251708
2021-11-26,MSFT,332.99,337.48,323.25,330.37,26444881,330.37,0.01896860156683733,331.7015,336.6418,337.56690000000003,0.2334354066594205,345.7552708369198,317.6477291630802,47.51819985296151
2021-11-29,MSFT,330.04,334.28,320.31,327.29,15943753,327.29,-0.009322880406816503,330.73400000000004,336.5488,337.5319,0.2344277618733142,343.0093212413676,318.45867875863246,40.46089074747508
2021-11-30,MSFT,338.82,343.92,328.24,336.08,25824551,336.08,0.026856915884994947,330.47349999999994,336.6068,337.51739999999995,0.25155150918126523,342.00414616803647,318.9428538319634,48.66259073975395
2021-12-01,MSFT,333.25,336.72,329.42,333.07,17798404,333.07,-0.008956200904546519,330.63300000000004,336.5186,337.50410000000005,0.2225806764651899,342.21720721680725,319.0487927831928,47.5186567040063
2021-12-02,MSFT,331.75,341.63,325.62,333.62,26558831,333.62,0.0016513045305792673,331.0385,336.2682,337.47405,0.2165099373029387,342.4338753777495,319.6431246222505,50.47526671762069
2021-12-03,MSFT,334.43,335.12,329.77,332.45,17729765,332.45,-0.003506983993765367,331.40500000000003,336.1228,337.42184999999995,0.21702052436496497,342.46547015274746,320.3445298472526,41.90600520916701
2021-12-06,MSFT,331.25,335.37,330.94,333.15,25276393,333.15,0.0021055797864339976,331.4315,335.9936,337.36550000000005,0.20118836104078766,342.5067569650515,320.35624303494853,41.40882158043173
2021-12-07,MSFT,333.81,339.94,330.8,335.37,33752813,335.37,0.0066636650157587685,331.405,335.93219999999997,337.2875,0.19945527535489105,342.4376930433729,320.372306956627,55.456218754236446
2021-12-08,MSFT,335.75,344.83,330.27,337.55,24475069,337.55,0.006500283269225138,331.4085,335.8706,337.23290000000003,0.20011852263249125,342.4493490806128,320.3676509193872,62.48657355330798
2021-12-09,MSFT,334.24,338.98,329.31,334.14,21381381,334.14,-0.010102207080432635,331.329,335.71740000000005,337.1651,0.20258209402907476,342.2611927303974,320.3968072696026,63.13076503299431
2021-12-10,MSFT,327.89,336.17,321.96,329.06,27117690,329.06,-0.015203208236068688,331.1255,335.49339999999995,337.06885,0.20794494393608995,342.0680532957988,320.1829467042012,58.77746903705772
2021-12-13,MSFT,338.58,347.62,334.26,340.94,33040988,340.94,0.03610283838813588,331.178,335.5462,337.05625,0.23478663479323061,342.30610874364305,320.04989125635694,66.55052262898734
2021-12-14,MSFT,338.45,341.88,335.66,338.77,16054714,338.77,-0.006364756262098981,331.0675,335.65780000000007,337.02665,0.23564862747269297,341.8234567339673,320.3115432660327,64.15728115198178
2021-12-15,MSFT,344.8,350.45,334.03,342.24,27747293,342.24,0.010242937686335996,331.6185,335.74339999999995,337.0546999999999,0.21279453806906123,343.4796249577337,319.7573750422663,66.72855549695134
2021-12-16,MSFT,335.23,336.84,332.68,334.76,42346770,334.76,-0.021856007480130946,331.944,335.63300000000004,337.01980000000003,0.22589682244983222,343.77316182463903,320.114838175361,53.97716976344119
2021-12-17,MSFT,336.11,341.24,325.92,333.58,31448101,333.58,-0.0035249133707730973,332.4,335.4082,336.97720000000004,0.2217071174402408,343.70598909753113,321.0940109024688,55.90167009227575
2021-12-20,MSFT,331.1,336.82,329.43,333.12,25584264,333.12,-0.0013789795551291117,332.95050000000003,335.2014,336.94405,0.219614839465886,343.1665234822205,322.73447651777957,46.70818503883645
2021-12-21,MSFT,333.24,340.5,330.44,335.47,32290427,335.47,0.007054514889529351,333.48449999999997,335.1018,336.94169999999997,0.21915981555475053,342.99676239068685,323.9722376093131,52.70880359508077
2021-12-22,MSFT,323.54,327.4,318.71,323.06,29960337,323.06,-0.036992875666974734,333.4155,334.8532,336.88214999999997,0.25872456086961965,343.2195474456009,323.61145255439914,40.59829058816996
2021-12-23,MSFT,323.7,326.67,321.2,323.94,33795115,323.94,0.0027239522070203748,333.4015,334.5858,336.81010000000003,0.2589032432599079,343.26147603284227,323.54152396715773,42.384105949644244
2021-12-24,MSFT,319.91,322.77,315.01,318.89,11126205,318.89,-0.015589306661727531,332.8275,334.3122,336.69910000000004,0.25449200788329496,344.584647658018,321.07035234198196,38.160079698866845
2021-12-27,MSFT,322.36,323.31,317.63,320.47,13430031,320.47,0.004954686569036415,332.48650000000004,333.893,336.61205,0.2538242613910935,345.2706452382822,319.70235476171786,37.49580395225012
2021-12-28,MSFT,317.57,318.85,313.12,315.98,37367729,315.98,-0.014010671825755994,331.4815,333.50520000000006,336.5218,0.2352591881725744,346.1042224407346,316.8587775592654,32.57392146621373
2021-12-29,MSFT,315.11,315.11,309.62,312.35,13691348,312.35,-0.011488068865117995,330.4455,333.0164,336.39730000000003,0.2362824710912974,347.3519864226047,313.5390135773953,32.45854129038133
2021-12-30,MSFT,310.65,315.88,306.68,311.28,29355833,311.28,-0.003425644309268616,329.32849999999996,332.35400000000004,336.28375,0.23561447833717192,348.1907388301081,310.4662611698918,34.698795172361756
2021-12-31,MSFT,305.05,313.28,300.42,306.85,21716144,306.85,-0.01423156001027992,328.0485,331.54220000000004,336.1459499999999,0.23876075136664945,349.3372193009237,306.75978069907626,16.34748272006202
2022-01-03,MSFT,305.25,309.93,299.94,304.94,16783564,304.94,-0.006224539677366914,326.63800000000003,330.67220000000003,335.99505,0.23781500361718486,350.1278980302924,303.1481019697077,16.431831708076217
2022-01-04,MSFT,297.67,306.86,293.15,300.0,28752816,300.0,-0.01619990817865813,324.8695,329.7946,335.8114,0.23767347293112911,350.79130993924184,298.9476900607582,9.274971073470013
2022-01-05,MSFT,291.29,297.71,287.33,292.52,27093374,292.52,-0.024933333333333363,322.61800000000005,328.89639999999997,335.56935,0.24284453516367485,351.54995690799694,293.68604309200316,9.274971073470013
2022-01-06,MSFT,295.1,302.42,291.26,296.84,58149244,296.84,0.01476822097634356,320.753,328.00879999999995,335.37809999999996,0.25443114055635185,351.320304238695,290.185695761305,16.59999999577461
2022-01-07,MSFT,291.02,296.97,286.27,291.62,19471489,291.62,-0.017585231100929688,318.88100000000003,326.8686,335.2043,0.25573851788716473,351.80147252970175,285.9605274702983,15.27777777419871
2022-01-10,MSFT,288.74,295.08,286.94,291.01,44474672,291.01,-0.002091763253549206,316.3845,325.756,335.03974999999997,0.2030512981950204,349.8301073584987,282.9388926415013,11.685625643509184
2022-01-11,MSFT,291.45,299.74,288.68,294.21,28784728,294.21,0.010996185698086025,314.1565,324.81440000000003,334.84914999999995,0.2137568443504029,347.25828642022896,281.05471357977103,20.44662978311304
2022-01-12,MSFT,292.72,293.67,289.94,291.8,19191492,291.8,-0.008191427891641956,311.6345,324.0528,334.5981,0.20389114190270533,343.38560340395065,279.88339659604935,18.07707587896151
2022-01-13,MSFT,289.2,294.97,282.16,288.57,34417818,288.57,-0.011069225496915802,309.325,323.31399999999996,334.2858,0.19756852052946908,340.7110052621507,277.93899473784927,18.755152509015446
2022-01-14,MSFT,290.81,295.55,283.65,289.6,31348650,289.6,0.0035693246006169854,307.12600000000003,322.60360000000003,333.98265,0.20095274487394763,337.5032590842832,276.7487409157169,17.82363976965749
2022-01-17,MSFT,295.23,297.2,291.37,294.29,25361014,294.29,0.01619475138121551,305.18449999999996,321.837,333.7454,0.21651424489698803,333.45716224688266,276.91183775311725,27.485987120929977
2022-01-18,MSFT,287.39,295.52,283.73,289.62,27809952,289.62,-0.01586870094124848,302.892,320.9114,333.5393,0.2133248161901627,328.09355517339947,277.6904448266005,26.90510058165674
2022-01-19,MSFT,287.92,290.65,287.61,289.13,19689411,289.13,-0.0016918721082798127,301.1955,319.94440000000003,333.34425000000005,0.182601850286164,325.2213391386399,277.16966086136006,27.225992178055463
2022-01-20,MSFT,280.23,284.96,279.68,282.32,17967435,282.32,-0.023553418877321652,299.1145,318.87620000000004,333.11905,0.19061063871740222,322.0297006318956,276.19929936810445,25.955694954648507
2022-01-21,MSFT,282.81,282.81,279.11,280.88,33874167,280.88,-0.005100595069424729,297.214,317.83119999999997,332.85589999999996,0.18779933205609428,319.52021381447065,274.90778618552935,26.197071619177706
2022-01-24,MSFT,282.52,286.92,275.34,281.13,22857974,281.13,0.0008900598120193948,295.24699999999996,316.656,332.5729,0.1851153320942668,315.7866449515782,274.70735504842173,29.422028344342237
2022-01-25,MSFT,276.24,283.49,272.31,277.9,24211860,277.9,-0.01148934656564582,293.343,315.3944,332.2677,0.18396451814695292,312.8229363448668,273.86306365513326,32.42788460447139
2022-01-26,MSFT,275.36,282.11,270.36,276.24,27960826,276.24,-0.005973371716444631,291.5375,314.2948,331.97450000000003,0.18295493960976786,310.27964263435183,272.7953573656482,23.549049811769777
2022-01-27,MSFT,273.48,273.48,269.57,270.95,27798752,270.95,-0.019150014480162292,289.521,313.1488,331.67654999999996,0.18838492637000095,307.9958818385248,271.04611816147525,23.506793121530507
2022-01-28,MSFT,271.86,275.43,267.28,271.35,14113689,271.35,0.00147628713784842,287.746,312.0866,331.37405000000007,0.18846946006988846,306.0311937801884,269.46080621981156,24.664948444708614
2022-01-31,MSFT,277.16,280.77,270.24,275.5,41820082,275.5,0.015293900866039989,286.274,311.1544,331.07535,0.2031304002495564,303.4366870672551,269.1113129327449,26.46540879571036
2022-02-01,MSFT,270.14,273.61,269.21,271.41,26241672,271.41,-0.014845735027223195,284.84450000000004,310.0868,330.74629999999996,0.20219354337745324,301.95599625867476,267.7330037413253,25.392227845631453
2022-02-02,MSFT,267.61,274.01,264.32,269.17,23053428,269.17,-0.008253196271323815,283.677,308.9814,330.42965,0.18849867078510998,301.743142919841,265.61085708015906,26.013847666563024
2022-02-03,MSFT,272.72,272.99,269.36,271.18,29701995,271.18,0.00746739978452271,282.394,307.9206,330.10715000000005,0.18042285422970503,300.1663610373589,264.6216389626411,27.76436503165857
2022-02-04,MSFT,276.95,278.31,273.55,275.93,27480940,275.93,0.017516041005973815,281.60949999999997,306.8318,329.79769999999996,0.18932888971985753,299.04917222652284,264.1698277734771,27.868852449610316
2022-02-07,MSFT,271.31,274.25,266.4,270.33,33977580,270.33,-0.020295002355669944,280.57550000000003,305.69259999999997,329.48470000000003,0.19932352286612945,298.12032916777633,263.03067083222373,27.25772222632378
2022-02-08,MSFT,270.08,274.67,264.92,269.8,31002544,269.8,-0.0019605667147559735,279.355,304.36699999999996,329.18655,0.19190400748488864,296.29184429688684,262.4181557031132,27.23203768242054
2022-02-09,MSFT,271.32,273.12,268.83,270.98,33315218,270.98,0.004373610081541912,278.31399999999996,303.1252,328.87769999999995,0.19365774563902072,294.57605321406226,262.0519467859377,34.60076044311762
2022-02-10,MSFT,271.98,273.06,268.34,270.7,42917230,270.7,-0.0010332865894162602,277.42050000000006,301.8668,328.57225,0.1918077581256168,293.26832166668675,261.5726783333134,35.726303968026684
2022-02-11,MSFT,260.38,263.96,259.2,261.58,35599288,261.58,-0.033690432212781674,276.0195,300.44939999999997,328.1832,0.218333479786724,292.28249703719285,259.75650296280713,28.048506615929057
2022-02-14,MSFT,262.75,266.1,260.95,263.53,23445564,263.53,0.007454698371434976,274.4815,299.057,327.79125,0.20909743175487092,289.2154325868506,259.74756741314934,33.38728322618678
2022-02-15,MSFT,271.3,271.87,266.73,269.3,15954092,269.3,0.021895040412856392,273.4655,297.7356,327.43905,0.22633044470906746,286.50955728776506,260.421442712235,42.673141879277374
2022-02-16,MSFT,268.82,273.33,266.37,269.85,48715390,269.85,0.0020423319717788324,272.50149999999996,296.3816,327.0892,0.22712020825752888,283.333321103639,261.66967889636095,48.70952602811047
2022-02-17,MSFT,266.34,270.9,261.28,266.09,22732292,266.09,-0.013933666851954962,271.69,295.0206,326.71835,0.21815894956751244,281.83467347922993,261.54532652077006,44.28012177860105
2022-02-18,MSFT,265.36,267.93,260.65,264.29,20689635,264.29,-0.006764628509150827,270.8605,293.72520000000003,326.35505,0.21846478544114184,280.54375624875973,261.17724375124027,37.15333484941221
2022-02-21,MSFT,273.74,276.59,265.47,271.03,12480720,271.03,0.025502289152067537,270.3555,292.327,326.0462,0.24055326094930116,278.75163313252875,261.95936686747126,49.58945547333071
2022-02-22,MSFT,274.26,279.94,269.29,274.62,28624559,274.62,0.013245766151348759,270.1915,291.04400000000004,325.7382,0.2432361814352632,278.0799333045416,262.3030666954584,55.72118411127236
2022-02-23,MSFT,276.8,279.29,275.11,277.2,26534093,277.2,0.009394800087393351,270.2395,289.7432,325.4224,0.24474669911407357,278.2928575214703,262.18614247852975,56.24481326167161
2022-02-24,MSFT,280.61,280.61,277.03,278.7,13637588,278.7,0.005411255411255311,270.627,288.622,325.09895,0.2341762381625138,279.5257381719449,261.7282618280551,53.08120131828392
2022-02-25,MSFT,277.93,282.47,270.01,276.24,29969657,276.24,-0.008826695371367044,270.87149999999997,287.47520000000003,324.7257,0.23703703660600522,280.11588099605353,261.6271190039464,57.06768713707375
2022-02-28,MSFT,276.85,277.39,273.76,275.58,20483077,275.58,-0.0023892267593398353,270.8755,286.32439999999997,324.36170000000004,0.23113098298350981,280.1283788692286,261.6226211307714,56.89079635678414
2022-03-01,MSFT,275.18,277.58,273.19,275.39,73332348,275.39,-0.0006894549677044504,271.0745,285.1228,323.9547,0.22433993660002544,280.54442908327724,261.60457091672276,55.384615365680425
2022-03-02,MSFT,276.65,279.14,276.11,277.63,19908192,277.63,0.008133919169178272,271.4975,284.2142,323.58055,0.2230840572337454,281.3570054322524,261.6379945677476,58.07504076408645
2022-03-03,MSFT,284.28,288.65,278.68,283.67,21005797,283.67,0.02175557396534966,272.122,283.4088,323.26075,0.2335517970502062,283.37989285697535,260.8641071430247,77.73035397719748
2022-03-04,MSFT,290.43,293.06,283.46,288.26,17618779,288.26,0.01618077343391966,272.73850000000004,282.7962,323.0055,0.23244780490154354,286.03945726670497,259.4375427332951,79.11466915216376
2022-03-07,MSFT,284.87,289.69,275.71,282.7,41680209,282.7,-0.019288142648997475,273.357,282.0408,322.73235,0.23117426208128278,287.32032202971214,259.3936779702879,65.85423566204543
2022-03-08,MSFT,281.48,290.15,277.25,283.7,21536851,283.7,0.0035373187124159156,274.052,281.3952,322.47535,0.23064064217987598,288.63961637756915,259.4643836224309,66.21400138311877
2022-03-09,MSFT,286.35,290.55,282.97,286.76,18707231,286.76,0.010786041593232376,274.841,280.8834,322.2206,0.23240534499617702,290.4034296574242,259.2785703425758,74.60128538337501
2022-03-10,MSFT,289.17,292.97,285.77,289.37,33170397,289.37,0.009101687822569371,275.7745,280.44519999999994,321.97245,0.23289335112533585,292.48827808560657,259.0607219143934,79.28538063731911
2022-03-11,MSFT,289.69,290.09,283.81,286.95,14392894,286.95,-0.008362995472923962,277.043,280.04720000000003,321.73960000000005,0.19332386313203548,293.05707551927367,261.02892448072635,70.67532464962454
2022-03-14,MSFT,300.08,301.42,296.61,299.02,32102054,299.02,0.042063077191148324,278.8175,279.9288,321.57559999999995,0.2344908800831128,296.3226918614281,261.3123081385719,75.96849721022646
2022-03-15,MSFT,293.29,296.12,291.56,293.84,50980117,293.84,-0.01732325596950035,280.04449999999997,279.8056,321.3936,0.241427666759883,298.1699859535619,261.91901404643806,66.78096004568506
2022-03-16,MSFT,286.79,291.74,286.79,289.53,31359553,289.53,-0.014667846447045996,281.0285,279.7458,321.22995,0.25077005725934337,298.95944740210274,263.0975525978973,60.3359419575357
2022-03-17,MSFT,290.98,292.71,288.48,290.6,32266681,290.6,0.003695644665492548,282.254,279.621,321.093,0.24203696017329215,299.20987139420936,265.2981286057907,64.07843135495885
2022-03-18,MSFT,297.04,302.4,296.52,299.46,35406659,299.46,0.030488644184445857,284.0125,279.7778,321.0168,0.2547785919029983,300.4097216837939,267.61527831620606,70.1689189023249
2022-03-21,MSFT,298.07,299.39,292.79,296.09,49538940,296.09,-0.01125358979496427,285.2655,279.8794,320.8912,0.2515904228290145,301.311799425826,269.21920057417395,66.591856349274
2022-03-22,MSFT,296.6,302.26,287.96,295.11,40562070,295.11,-0.0033098044513490965,286.28999999999996,279.8974,320.75575000000003,0.25086305222178823,302.089021955075,270.49097804492493,64.29973820516696
2022-03-23,MSFT,299.48,304.68,294.75,299.71,29807013,299.71,0.015587408085120602,287.41549999999995,280.0556,320.62765,0.25366776244122535,303.6880244378074,271.1429755621925,63.43833778672691
2022-03-24,MSFT,299.34,307.18,292.34,299.76,35889055,299.76,0.00016682793366928905,288.4685,280.2794,320.5329,0.25397232431490013,305.08825397246756,271.84874602753246,60.428001435509756
2022-03-25,MSFT,300.85,302.2,294.76,298.48,17540313,298.48,-0.004270082732852898,289.5805,280.457,320.40425,0.2514777774518616,305.7245234664191,273.43647653358084,65.5131733991903
2022-03-28,MSFT,299.7,305.23,296.71,300.97,34103269,300.97,0.00834226748860889,290.85,280.5906,320.2576,0.25074721788977794,306.33829235261504,275.361707647385,66.49474687811033
2022-03-29,MSFT,300.73,305.72,298.77,302.25,16720799,302.25,0.004252915572980687,292.193,280.8432,320.16225000000003,0.24999435407457185,306.6614020141193,277.7245979858807,65.31540437187238
2022-03-30,MSFT,309.46,309.46,304.1,306.76,21586472,306.76,0.014921422663358053,293.6495,281.19579999999996,320.1046,0.25235169662034873,307.8067246388104,279.49227536118957,66.57137410078143
2022-03-31,MSFT,314.42,314.94,310.03,312.48,7285244,312.48,0.018646498891641716,295.09,281.799,320.0638,0.2498623953825843,310.754406854564,279.4255931454359,72.88864979342948
2022-04-01,MSFT,315.97,321.46,306.45,313.96,29354553,313.96,0.004736303123399788,296.37499999999994,282.4606,320.01525,0.24632611274190055,313.79808390129654,278.95191609870335,66.53386452121575
2022-04-04,MSFT,313.44,323.17,307.57,315.37,19323597,315.37,0.0044910179640720305,298.0085,283.1454,319.9884,0.22992188133823085,316.14463000557123,279.8723699944288,75.99613617329287
2022-04-05,MSFT,314.18,318.31,314.18,316.44,38991119,316.44,0.0033928401560072707,299.64549999999997,283.9162,319.9731,0.22993948927328756,318.24803460376387,281.04296539623607,85.25019645812161
2022-04-06,MSFT,315.72,321.3,315.72,318.74,29222906,318.74,0.00726836051068136,301.24449999999996,284.76619999999997,319.98195,0.22921990344592846,320.66334974099055,281.82565025900936,85.7106598680217
2022-04-07,MSFT,317.44,323.42,314.82,319.12,39193628,319.12,0.0011921942649180117,302.73199999999997,285.7296,319.9896,0.22924447331235265,322.86556621220035,282.5984337877996,81.79172053217724
2022-04-08,MSFT,320.99,322.03,316.46,319.24,16206902,319.24,0.0003760340937577489,304.3465,286.6874,319.9704,0.22453706866046785,324.3295067544242,284.3634932455758,91.83230931385448
2022-04-11,MSFT,323.08,328.75,320.78,324.77,37872688,324.77,0.0173223906778599,305.634,287.67280000000005,319.99555,0.1846464361693401,327.409733862792,283.85826613720803,96.02731218670453
2022-04-12,MSFT,333.39,334.38,329.35,331.87,58044987,331.87,0.021861625150106256,307.5355,288.882,320.033,0.1762560311979045,331.50601915209666,283.56498084790337,96.31336401646358
2022-04-13,MSFT,323.45,329.66,320.47,325.07,33938129,325.07,-0.020489950884382435,309.3125,290.0,320.05345,0.18630683833236245,332.92957043198714,285.69542956801286,80.51603566126782
2022-04-14,MSFT,324.56,328.64,321.85,325.24,34295543,325.24,0.0005229642846156235,311.0445,291.08119999999997,320.09305,0.18713669036145733,333.95356368552257,288.1354363144775,83.15163525361437
2022-04-15,MSFT,325.37,326.13,318.37,322.25,26754826,322.25,-0.009193211167138116,312.184,292.00759999999997,320.09875,0.16964913489406522,334.93349660518726,289.4345033948128,76.04013702729898
2022-04-18,MSFT,319.34,323.19,318.77,320.98,20267291,320.98,-0.003941039565554583,313.4285,293.0206,320.0766,0.16293709394286812,335.1719333946922,291.6850666053078,72.92533657231446
2022-04-19,MSFT,322.13,327.3,318.55,322.93,33897890,322.93,0.0060751448688392,314.8195,294.0832,320.04400000000004,0.16067091998586752,335.14166158726437,294.49733841273564,71.11517364858679
2022-04-20,MSFT,324.8,334.14,318.05,326.1,13686947,326.1,0.009816368872511028,316.139,295.18559999999997,320.05670000000003,0.1566752564378152,335.7447713307488,296.53322866925123,69.05428089068943
2022-04-21,MSFT,323.17,329.49,321.95,325.72,21152831,325.72,-0.0011652867218644447,317.437,296.286,320.07735,0.1572089237722225,335.87987122297636,298.99412877702366,66.97459581588791
2022-04-22,MSFT,317.17,324.38,310.09,317.23,12310506,317.23,-0.026065332187154677,318.3745,297.399,320.03625,0.1886838855733773,334.523539371786,302.225460628214,52.229146674707394
2022-04-25,MSFT,312.34,319.95,306.26,313.1,18866979,313.1,-0.013018945244775093,318.981,298.3904,319.9729,0.19593585014270523,333.169997813351,304.792002186649,46.27065652863359
2022-04-26,MSFT,318.42,324.81,309.56,317.19,32320246,317.19,0.01306291919514524,319.728,299.3482,319.95365,0.19970880953427128,331.59061283014,307.86538716986,48.3358385081232
2022-04-27,MSFT,307.31,311.72,299.02,305.37,30601014,305.37,-0.03726473091837701,319.6585,300.0586,319.86435,0.23872648726548965,331.8526664655433,307.4643335344567,38.14859506060885
2022-04-28,MSFT,310.89,316.26,304.96,310.61,25514356,310.61,0.01715951141238503,319.565,300.949,319.8167,0.2372298804623007,332.01687536076025,307.11312463923974,43.164897820302414
2022-04-29,MSFT,310.09,319.94,306.09,313.01,26763425,313.01,0.007726731270725207,319.51750000000004,301.9234,319.73965,0.23828913978919292,332.06627284836685,306.96872715163323,40.19999999062001
2022-05-02,MSFT,319.72,321.04,316.89,318.96,11757954,318.96,0.01900897734896656,319.697,302.882,319.65575,0.24735342565376064,332.09780829283704,307.29619170716296,39.03143584458043
2022-05-03,MSFT,315.38,322.74,313.67,318.21,21538691,318.21,-0.0023513920240783026,319.7855,303.75379999999996,319.5532,0.24735898463019593,332.1134886522674,307.45751134773263,43.50378786725277
2022-05-04,MSFT,310.0,316.94,301.61,309.28,19036062,309.28,-0.028063228685459296,319.3125,304.3954,319.3727,0.2654687193555359,332.5049984665295,306.1200015334705,37.037037028614016
2022-05-05,MSFT,312.42,317.62,304.92,311.27,19206561,311.27,0.006434299017072043,318.92,305.0468,319.19989999999996,0.2667889874313337,332.59489593917556,305.2451040608245,40.9346102943678
2022-05-06,MSFT,315.09,324.69,309.32,317.0,31775872,317.0,0.018408455681562685,318.808,305.862,319.0364,0.27565190453674127,332.5085287642837,305.1074712357163,46.93940325042829
2022-05-09,MSFT,323.32,327.88,314.65,321.26,17719626,321.26,0.013438485804416311,318.6325,306.7756,318.85695,0.2727049535016694,332.0993964501816,305.1656035498184,48.759839585880904
2022-05-10,MSFT,321.04,325.59,311.26,318.43,19628910,318.43,-0.008809064309282189,317.9605,307.63640000000004,318.6565,0.26097422858533204,329.9009231168935,306.0200768831065,44.27526495566719
2022-05-11,MSFT,320.94,325.04,312.84,318.94,10848731,318.94,0.0016016078887040042,317.654,308.4626,318.46425000000005,0.2517612246981332,329.13176504926963,306.17623495073036,44.94934444831209
2022-05-12,MSFT,315.46,323.1,310.3,316.7,22225194,316.7,-0.007023264563867815,317.227,309.1232,318.30224999999996,0.2526464582091438,328.1379005851428,306.31609941485715,49.56464595541471
2022-05-13,MSFT,313.75,318.05,308.37,313.21,16179431,313.21,-0.011019892642879725,316.775,309.62219999999996,318.12415,0.2534939708870494,327.5579934326395,305.9920065673605,50.09131660798139
2022-05-16,MSFT,320.19,325.01,310.1,317.56,25804709,317.56,0.01388844545193324,316.604,310.31940000000003,317.94685,0.25887311325392603,327.2132896731283,305.99471032687165,50.305835663675296
2022-05-17,MSFT,311.28,319.12,305.69,312.4,17088959,312.4,-0.016248897846076416,316.0775,310.8934,317.7195,0.26354411716076426,326.40637801518443,305.74862198481554,56.529816072981255
2022-05-18,MSFT,310.62,315.39,301.89,308.64,26067588,308.64,-0.012035851472471215,315.20449999999994,311.33099999999996,317.45995,0.2624853889442284,324.89856215435844,305.51043784564143,48.11843360699791
2022-05-19,MSFT,301.05,309.64,298.42,304.03,23594214,304.03,-0.014936495593571797,314.12,311.62420000000003,317.19025,0.2660035266421449,323.71332443338343,304.5266755666166,41.77052784851928
2022-05-20,MSFT,294.92,301.18,294.57,297.87,48798156,297.87,-0.020261158438311888,313.152,311.8426,316.9379,0.26015024991941943,325.0533605591059,301.2506394408941,30.746759166871414
2022-05-23,MSFT,300.15,300.31,296.9,298.6,30501108,298.6,0.0024507335414778453,312.427,311.8342,316.70055,0.2580472581500643,325.99202328940345,298.8619767105966,32.091324192707305
2022-05-24,MSFT,305.21,310.82,296.42,303.62,11977389,303.62,0.0168117883456127,311.7485,312.0298,316.49495,0.26131860803290435,325.66340420187373,297.8335957981262,44.433516903578536
2022-05-25,MSFT,304.71,308.02,297.89,302.96,15073229,302.96,-0.0021737698438838438,311.628,312.2984,316.29290000000003,0.22589297082683904,325.8145668114133,297.4414331885867,41.60775599712163
2022-05-26,MSFT,299.31,300.01,293.5,296.76,25558221,296.76,-0.020464747821494544,310.9355,312.4216,316.04420000000005,0.22680197526291337,326.60584540982165,295.2651545901783,29.751900751970254
2022-05-27,MSFT,298.09,302.79,297.99,300.39,17234904,300.39,0.012232106752931626,310.3045,312.44019999999995,315.7641,0.22995427458944748,326.62593888780606,293.983061112194,28.85511650650514
2022-05-30,MSFT,306.04,314.33,301.04,307.69,7625733,307.69,0.02430174106994243,309.741,312.67220000000003,315.5167,0.23701332737213326,325.57511892418495,293.906881075815,40.022296533624825
2022-05-31,MSFT,307.5,311.67,298.41,305.04,42892386,305.04,-0.008612564594234429,309.0825,312.87080000000003,315.26075,0.23828333353671105,324.524205489389,293.640794510611,37.58041457244238
2022-06-01,MSFT,301.17,309.58,296.67,303.12,33346920,303.12,-0.006294256490952055,308.7745,312.93899999999996,315.00095,0.2184080044917278,324.4436778913078,293.1053221086922,37.79654923563712
2022-06-02,MSFT,306.55,310.91,299.97,305.44,30792358,305.44,0.007653734494589504,308.483,313.05260000000004,314.74895,0.2189943870121412,324.17360610683915,292.79239389316086,42.86763354873975
2022-06-03,MSFT,312.77,316.43,308.73,312.58,19608175,312.58,0.02337611314824506,308.262,313.33459999999997,314.55244999999996,0.22540596360990078,323.5672871497669,292.9567128502331,45.65141458890812
2022-06-06,MSFT,307.85,313.88,307.0,310.44,29664366,310.44,-0.006846247360675628,307.72099999999995,313.524,314.34155,0.22007996082957426,321.80823333937064,293.63376666062925,48.193215326793805
2022-06-07,MSFT,303.52,306.4,303.25,304.82,18861667,304.82,-0.01810333719881463,307.0405,313.5754,314.09069999999997,0.22648600619591655,320.2362704148751,293.8447295851249,46.59536540726676
2022-06-08,MSFT,307.78,314.32,300.99,307.65,27134846,307.65,0.009284167705531088,306.476,313.5932,313.84805,0.22976275051078143,318.4365481303717,294.5154518696283,53.33210602454622
2022-06-09,MSFT,313.43,313.43,309.14,311.24,17298893,311.24,0.011669104501869088,306.203,313.5684,313.6112,0.23356898608620755,317.4062403207377,294.99975967926224,62.91787437911401
2022-06-10,MSFT,312.69,316.88,305.91,311.39,45850733,311.39,0.0004819431949620867,306.11199999999997,313.517,313.36345,0.2304192237710257,317.10315548736173,295.1208445126382,62.49755714530062
2022-06-13,MSFT,309.85,313.75,304.43,309.09,13340188,309.09,-0.007386235909952132,305.68850000000003,313.3914,313.1477,0.22549975957740365,315.4006828539969,295.97631714600317,55.6449948239622
2022-06-14,MSFT,313.53,318.42,308.68,313.55,40926974,313.55,0.014429454204277103,305.746,313.3336,312.93775,0.2247377837218854,315.6374495771266,295.8545504228734,60.13397127575361
2022-06-15,MSFT,314.73,323.44,308.57,316.01,25392202,316.01,0.007845638654122133,306.1145,313.279,312.75605,0.22134357816214129,316.96275763356516,295.2662423664349,69.84126982111363
2022-06-16,MSFT,310.37,314.51,310.37,312.75,20554687,312.75,-0.01031612923641656,306.55049999999994,313.1516,312.58415,0.21742888240146518,317.7415217303162,295.3594782696837,62.83755710677763
2022-06-17,MSFT,312.52,319.5,306.68,313.09,26727072,313.09,0.00108713029576335,307.31149999999997,313.0286,312.4399,0.20172355599880748,318.0790600031315,296.54393999686846,56.556580845269714
2022-06-20,MSFT,304.45,309.2,304.45,307.35,33522438,307.35,-0.0183333865661629,307.749,312.68019999999996,312.25585,0.2149460820449892,317.7068033933712,297.79119660662883,52.60899027023886
2022-06-21,MSFT,308.64,312.22,308.64,310.44,43188511,310.44,0.010053684724255607,308.09000000000003,312.2516,312.0919,0.20985264887319152,317.91871196786985,298.2612880321302,58.05457744690221
2022-06-22,MSFT,309.0,313.63,305.22,309.42,28335998,309.42,-0.00328565906455347,308.413,311.9386,311.96209999999996,0.21012626631881384,317.95219802432814,298.8738019756719,54.50838240228555
2022-06-23,MSFT,307.16,309.59,305.74,307.66,17506940,307.66,-0.005688061534483868,308.95799999999997,311.587,311.8116,0.1960519617752078,316.78597305215317,301.1300269478468,43.65325075822641
2022-06-24,MSFT,304.84,314.04,301.25,307.65,25562536,307.65,-3.250341285854219e-05,309.321,311.295,311.69405,0.19225748269030637,316.0758248642981,302.56617513570194,46.19164617399169
2022-06-27,MSFT,308.49,312.75,303.14,307.94,51706997,307.94,0.0009426296115717658,309.3335,311.0342,311.57405,0.17193992364665434,316.07653156872436,302.59046843127567,54.98402553451195
2022-06-28,MSFT,312.26,313.69,310.21,311.95,42860345,311.95,0.013022017276092646,309.679,310.81460000000004,311.4679,0.17453641776446724,316.2002168706195,303.15778312938045,56.6194581036739
2022-06-29,MSFT,312.02,316.5,312.02,314.67,35959065,314.67,0.00871934604904645,310.2565,310.586,311.35384999999997,0.1741471833547561,316.36463529991516,304.14836470008487,55.42549823549647
2022-06-30,MSFT,316.89,319.53,308.69,314.11,34368850,314.11,-0.0017796421648076377,310.69,310.3538,311.1937,0.17325097202288267,316.5857897555855,304.7942102444145,54.24734538540096
2022-07-01,MSFT,315.07,324.32,310.9,317.61,33070970,317.61,0.011142593359014352,310.9415,310.3614,311.08315,0.15744404476717483,317.5614197800802,304.32158021991984,62.82360021434293
2022-07-04,MSFT,321.8,323.92,315.13,319.53,39740775,319.53,0.0060451497119107245,311.396,310.49,310.98274999999995,0.15573174869981707,319.03992128632524,303.7520787136748,59.74576268460099
2022-07-05,MSFT,314.58,322.87,312.64,317.75,20826460,317.75,-0.005570681939097932,312.04249999999996,310.50120000000004,310.87929999999994,0.14041991274591903,319.53018216542864,304.5548178345713,52.89999997531336
2022-07-06,MSFT,319.75,323.99,310.66,317.33,14539097,317.33,-0.0013217938630999404,312.5265,310.7404,310.76279999999997,0.13826987351925749,320.0699049969041,304.9830950030959,58.43151690655224
2022-07-07,MSFT,313.75,322.25,311.34,316.8,25699646,316.8,-0.0016701856111933644,312.8045,310.8642,310.6378,0.13338970385099205,320.5552363996455,305.05376360035456,56.78244969671108
2022-07-08,MSFT,320.82,322.2,316.14,319.17,18026505,319.17,0.0074810606060606855,313.1935,310.9874,310.53235,0.1353841343244147,321.4121367802854,304.97486321971456,74.64553790471072
2022-07-11,MSFT,316.79,323.15,312.18,317.66,16393214,317.66,-0.004731021085941589,313.62199999999996,310.96139999999997,310.42915,0.1334468640373834,321.83344413223296,305.41055586776696,66.11607138724895
2022-07-12,MSFT,317.57,321.61,310.51,316.06,18741951,316.06,-0.0050368318327772554,313.7475,310.9184,310.3435,0.1259193470150746,322.0307205153071,305.4642794846929,64.4473454785786
2022-07-13,MSFT,324.38,331.42,318.63,325.02,67559007,325.02,0.02834904764918056,314.198,311.2332,310.2788,0.15870266103796138,323.8639698236399,304.5320301763601,78.7607686844714
2022-07-14,MSFT,326.63,335.2,323.72,329.46,26398988,329.46,0.013660697803212107,315.0335,311.597,310.2247,0.15793741918662563,326.82705626915043,303.2399437308496,81.50823458130269
2022-07-15,MSFT,327.85,334.05,318.15,326.1,28894144,326.1,-0.010198506647240757,315.684,311.779,310.1311,0.1643706413450426,328.42345450372824,302.9445454962718,74.09766451599354
2022-07-18,MSFT,326.03,331.79,325.91,328.85,15331824,328.85,0.008432996013492788,316.75899999999996,311.9308,310.05805,0.1467824896939088,330.14926024667204,303.3687397533279,73.20153758855525
2022-07-19,MSFT,332.31,337.44,321.61,329.53,11957690,329.53,0.0020678120723731652,317.7135,312.1528,310.00345,0.1447232697263926,331.90480834812263,303.5221916518774,71.61140194873305
2022-07-20,MSFT,328.5,336.7,326.25,331.47,18015901,331.47,0.005887172639820415,318.816,312.4034,309.98335,0.14306953277274206,333.70341524346946,303.9285847565305,74.2729306196919
2022-07-21,MSFT,332.11,338.37,326.12,332.24,44440626,332.24,0.0023229854888828783,320.045,312.7142,309.95799999999997,0.13902512472342274,335.1119069224718,304.97809307752823,72.14653342385563
2022-07-22,MSFT,339.47,340.32,335.6,337.96,28576537,337.96,0.017216470021671038,321.5605,313.2092,309.98494999999997,0.14588908889509286,337.4527814433163,305.66821855668366,75.0203638053141
2022-07-25,MSFT,339.01,344.02,335.45,339.74,31763373,339.74,0.005266895490590784,323.1505,313.6528,309.9765,0.14519852911774758,339.65629544153444,306.6447045584656,79.85338036606177
2022-07-26,MSFT,337.66,346.5,332.65,339.58,33592480,339.58,-0.00047094837228478514,324.53200000000004,314.1964,309.99755,0.14315346095564793,341.70236933667337,307.3616306633267,80.42111016882981
2022-07-27,MSFT,346.49,351.3,338.11,344.71,19733862,344.71,0.015106896754814692,326.034,314.9178,310.03715,0.14750388809303713,344.75733236196777,307.3106676380322,83.89604077788329
2022-07-28,MSFT,347.94,347.98,343.97,345.97,43556635,345.97,0.0036552464390358086,327.627,315.7566,310.045,0.14563102550788973,347.4668027367068,307.7871972632932,83.44982523294316
2022-07-29,MSFT,349.63,352.23,341.18,346.7,19409308,346.7,0.002110009538399238,329.0815,316.7332,310.04130000000004,0.1440010216443943,350.06175164165626,308.10124835834375,86.96537675108156
2022-08-01,MSFT,347.51,350.73,346.01,348.37,43876056,348.37,0.00481684453417941,330.5235,317.72860000000003,310.04094999999995,0.14388426888190242,352.67151811259043,308.3754818874096,91.0546378329158
2022-08-02,MSFT,348.1,356.73,339.38,348.05,29838415,348.05,-0.0009185635961764804,332.0385,318.61719999999997,310.0618,0.14053048948620636,354.64800547655943,309.42899452344056,87.49592962471701
2022-08-03,MSFT,347.28,356.23,340.25,348.24,12222246,348.24,0.0005458985777906378,333.584,319.52279999999996,310.11584999999997,0.1396399735071794,356.18594905428415,310.98205094571586,85.48752829943979
2022-08-04,MSFT,343.85,347.4,343.65,345.53,18535207,345.53,-0.007781989432575354,335.02049999999997,320.4982,310.13739999999996,0.144920263115673,356.7667015799934,313.2742984200065,87.64044939066366
2022-08-05,MSFT,343.77,349.64,334.47,342.05,12242339,342.05,-0.010071484386305007,336.1645,321.33140000000003,310.10450000000003,0.15311503354864905,356.77754081349366,315.5514591865063,74.86812354754503
2022-08-08,MSFT,336.36,345.33,329.55,337.44,39812808,337.44,-0.013477561759976608,337.1535,321.9264,310.05850000000004,0.16223597077893442,355.8359480250938,318.47105197490623,62.97998027956286
2022-08-09,MSFT,330.58,335.06,327.06,331.06,24753865,331.06,-0.018907064959696518,337.9035,322.4468,310.00735000000003,0.1781257556709354,354.05316745624094,321.7538325437591,49.41277568914982
2022-08-10,MSFT,326.51,333.48,320.79,327.14,10252677,327.14,-0.011840753941883664,338.0095,322.9272,309.99365,0.15619209404998596,353.8275409659287,322.19145903407133,43.300052532679935
2022-08-11,MSFT,327.86,330.99,321.95,326.47,29054534,326.47,-0.002048052821421842,337.86,323.3478,309.99845,0.14821442762285622,354.06992938066406,321.65007061933596,32.596182961031715
2022-08-12,MSFT,329.81,333.0,321.15,327.08,20166244,327.08,0.0018684718350843177,337.909,323.63779999999997,310.00825000000003,0.14377194287214753,353.97453276918304,321.84346723081694,30.119346720424858
2022-08-15,MSFT,327.05,329.81,322.12,325.97,13809454,325.97,-0.0033936651583709176,337.765,323.9484,309.975,0.14087748112355958,354.2193444910874,321.3106555089126,29.2467215489645
2022-08-16,MSFT,315.34,319.13,311.91,315.52,48913926,315.52,-0.032058164861797245,337.0645,324.1624,309.8731,0.17967802938589164,356.00069032990353,318.1283096700965,11.702965096724128
2022-08-17,MSFT,324.48,327.03,318.33,322.68,26096212,322.68,0.022692697768762704,336.625,324.46299999999997,309.7991,0.1985123881779564,356.49300601866486,316.75699398133514,23.540104514211208
2022-08-18,MSFT,328.68,330.35,325.16,327.76,22231345,327.76,0.015743151109458342,336.40099999999995,324.7934,309.75925,0.2072556123780743,356.57581692344553,316.2261830765544,30.417700570185104
2022-08-19,MSFT,327.04,337.08,322.81,329.94,21308496,329.94,0.006651208201122749,336.0,325.1644,309.7433,0.198416035956211,356.3622891898834,315.6377108101166,31.143851024431854
2022-08-22,MSFT,336.27,343.07,334.95,339.01,13647604,339.01,0.027489846638782733,335.96349999999995,325.7628,309.7389,0.22217077588545409,356.3001625373414,315.6268374626585,42.155501551715055
2022-08-23,MSFT,331.44,338.89,330.19,334.54,14835994,334.54,-0.013185451756585254,335.7115,326.1826,309.7067,0.2270478626318985,355.98427902689957,315.43872097310043,38.933764126897046
2022-08-24,MSFT,343.34,351.49,335.77,343.63,41797751,343.63,0.027171638668021636,335.65749999999997,326.735,309.76875,0.24171787638104245,355.8348858564437,315.48011414355625,48.60867017163854
2022-08-25,MSFT,341.37,344.22,334.09,339.16,20683218,339.16,-0.01300817740011051,335.317,327.2632,309.8233,0.2455397232656088,354.9850548900422,315.6489451099578,47.9139598575026
2022-08-26,MSFT,339.16,345.84,335.02,340.43,25221653,340.43,0.0037445453473285983,335.0035,327.81,309.90315000000004,0.24587204640978444,354.099149849055,315.90785015094497,52.267556488218645
2022-08-29,MSFT,333.77,342.62,326.47,334.55,11035790,334.55,-0.0172722733014129,334.3125,328.35400000000004,309.96535,0.25161637002439535,352.3420136694732,316.2829863305268,52.66697232557945
2022-08-30,MSFT,337.49,342.36,327.14,334.75,14755841,334.75,0.0005978179644297033,333.6475,328.84020000000004,310.01515,0.25175257634653386,350.48529567395104,316.8097043260489,56.1659374366177
2022-08-31,MSFT,338.97,339.52,333.87,336.7,31906215,336.7,0.005825242718446644,333.0705,329.3858,310.07645,0.253106381222043,348.53793332566994,317.60306667433,58.120336548441244
2022-09-01,MSFT,337.22,340.97,331.24,336.11,29077379,336.11,-0.001752301752301677,332.59950000000003,329.95480000000003,310.1359,0.2520441261058675,347.0068058586643,318.1921941413358,57.1700809782376
2022-09-02,MSFT,338.03,347.91,331.32,339.62,50411831,339.62,0.010443009728957842,332.478,330.5942,310.18215,0.25305083845943077,346.5876452266133,318.3683547733867,60.44056905543571
2022-09-05,MSFT,337.62,344.46,335.99,340.23,42779471,340.23,0.0017961250809728213,332.6175,331.24,310.24685,0.24821192508818893,346.98649274936895,318.24850725063106,72.24923462972296
2022-09-06,MSFT,334.61,342.08,333.68,337.88,22796144,337.88,-0.00690709226111752,332.9585,331.7586,310.25585,0.2392427883176187,347.4945912359853,318.42240876401473,64.98422711140029
2022-09-07,MSFT,332.71,338.33,332.36,335.35,30206503,335.35,-0.00748786551438374,333.369,332.17220000000003,310.26725,0.23659757653629346,347.6751222080413,319.0628777919588,57.87834750238127
2022-09-08,MSFT,337.9,341.78,336.84,339.31,22026239,339.31,0.011808558222752286,334.011,332.67620000000005,310.2957,0.23906133293858542,348.1651541605222,319.85684583947784,59.37937936273655
2022-09-09,MSFT,336.7,343.02,329.69,336.36,56871807,336.36,-0.00869411452653912,334.475,333.05120000000005,310.31525,0.242081975128467,348.27651402830537,320.6734859716947,46.97695640753646
2022-09-12,MSFT,337.86,347.78,333.88,340.83,39586244,340.83,0.013289332857652436,335.218,333.47720000000004,310.35364999999996,0.24482724510481935,348.68764243654005,321.74835756346,57.175450586345946
2022-09-13,MSFT,344.33,355.31,338.4,346.86,26755762,346.86,0.01769210456825987,336.78499999999997,334.05940000000004,310.41110000000003,0.21383581395297793,347.6450058156336,325.9249941843663,53.961245995696444
2022-09-14,MSFT,336.82,345.92,332.04,338.98,27086453,338.98,-0.022718099521420787,337.6,334.49240000000003,310.41825,0.22404005356742135,346.21817174407244,328.9818282559276,49.79628789730311
2022-09-15,MSFT,345.45,347.94,341.14,344.54,44559079,344.54,0.016402147619328566,338.439,335.0471999999999,310.47025,0.22456590362157594,346.2533697594008,330.62463024059923,54.23973590345873
2022-09-16,MSFT,355.59,356.82,352.71,354.77,31522669,354.77,0.02969176293028375,339.6805,335.75919999999996,310.5988,0.2441275701127183,349.45369529711627,329.9073047028837,69.14047707368485
2022-09-19,MSFT,356.52,364.96,347.36,356.16,46633866,356.16,0.003918031400625965,340.538,336.5292,310.67490000000004,0.22749292212508465,352.76494281192544,328.3110571880746,69.82040361085942
2022-09-20,MSFT,357.51,363.55,355.06,359.31,10395953,359.31,0.008844339622641417,341.77650000000006,337.39419999999996,310.7776,0.22059526946104532,356.25588974432947,327.29711025567065,70.47636295985026
2022-09-21,MSFT,363.77,368.81,360.61,364.71,30065163,364.71,0.01502880520998584,342.83050000000003,338.18799999999993,310.88995,0.20724355279260775,360.57809936322815,325.0829006367719,73.82539151893442
2022-09-22,MSFT,360.52,371.85,355.05,363.45,20342288,363.45,-0.0034547997038743006,344.045,338.8678,311.0334,0.20006846814146287,363.9306367101527,324.1593632898473,70.62489179524411
2022-09-23,MSFT,362.53,370.61,358.44,364.53,50472418,364.53,0.002971522905488966,345.25,339.6364,311.18815,0.2000767905393918,367.04260908028357,323.45739091971643,70.86195053241643
2022-09-26,MSFT,360.87,361.35,354.7,358.02,46406303,358.02,-0.017858612459879852,346.4235,340.21979999999996,311.31265,0.20089338232320564,368.31750521170716,324.5294947882928,66.13782049798192
2022-09-27,MSFT,362.31,367.04,350.69,358.86,25330523,358.86,0.002346237640355353,347.629,340.8064,311.4296,0.20065736045266608,369.47165156449984,325.7863484355002,69.36254322235094
2022-09-28,MSFT,362.59,370.51,352.53,361.52,46206857,361.52,0.007412361366549547,348.87,341.4074,311.6219,0.2009739178159598,370.9175419324439,326.8224580675561,68.69213935428903
2022-09-29,MSFT,367.33,367.33,361.84,364.29,51015098,364.29,0.007662093383492108,350.279,342.0484,311.82365,0.20040210906377784,372.4942161224717,328.0637838775283,73.57757891220521
2022-09-30,MSFT,370.97,378.14,361.68,369.91,25755250,369.91,0.015427269483104133,351.7935,342.6874,312.07875,0.20325213792879487,375.0544356511752,328.5325643488248,74.08082144688424
2022-10-03,MSFT,362.65,370.76,361.38,366.07,67198393,366.07,-0.010380903463004576,353.0855,343.214,312.30674999999997,0.20977950022936598,376.5120099271766,329.6589900728234,66.50627253942105
2022-10-04,MSFT,367.11,369.12,357.87,363.49,24688544,363.49,-0.007047832381784858,354.366,343.6922,312.5443,0.2098748991786347,377.0819080822157,331.65009191778427,73.17073168794875
2022-10-05,MSFT,370.42,382.12,364.72,373.42,22944251,373.42,0.027318495694517164,356.2695,344.2664,312.84965,0.2212311587452639,378.6538916249853,333.8851083750147,75.21830246152538
2022-10-06,MSFT,374.15,381.91,363.66,372.78,35347400,372.78,-0.0017138878474640684,357.94300000000004,344.80260000000004,313.15715,0.2213102184680089,379.9907931584443,335.89520684155576,68.8902873722579
2022-10-07,MSFT,372.13,377.81,370.15,373.98,21701025,373.98,0.0032190568163530386,359.82399999999996,345.3482,313.4928,0.21563855967859338,380.4948331510253,339.1531668489746,68.76579610440768
2022-10-10,MSFT,372.97,377.24,370.32,373.78,25868130,373.78,-0.0005347879565753555,361.4715,345.85640000000006,313.837,0.21451291863060348,380.98834106772347,341.9546589322765,66.24747359246646
2022-10-11,MSFT,370.73,372.1,367.21,369.65,43932290,369.65,-0.01104928032532504,362.611,346.28839999999997,314.18525,0.21570259050148194,381.173732217215,344.048267782785,55.709662487749966
2022-10-12,MSFT,377.82,384.45,372.16,378.3,25192929,378.3,0.023400513999729533,364.577,346.8896,314.61415,0.20378672027186792,380.7806306522763,348.3733693477237,64.65942742536558
2022-10-13,MSFT,373.8,377.65,373.69,375.67,12690690,375.67,-0.0069521543748347625,366.1335,347.4924,315.0083,0.20419863286018444,380.0525763078138,352.21442369218624,60.6704980680194
2022-10-14,MSFT,368.71,374.83,365.04,369.94,28956757,369.94,-0.015252748422817985,366.892,348.05019999999996,315.3999,0.1923820228267121,379.8219498920184,353.9620501079816,61.59082067556839
2022-10-17,MSFT,366.59,370.14,365.38,367.76,18922626,367.76,-0.005892847488781938,367.47200000000004,348.6566,315.78364999999997,0.19433852686876113,379.3748675890174,355.56913241098266,58.434419999657216
2022-10-18,MSFT,361.02,362.43,353.05,357.74,35338898,357.74,-0.027246030019577927,367.3935,349.19019999999995,316.10130000000004,0.21752075408756913,379.5412054796628,355.24579452033726,46.85628741423842
2022-10-19,MSFT,356.75,356.75,352.58,354.63,33027868,354.63,-0.008693464527310346,366.8895,349.74,316.41544999999996,0.2118184602954072,380.27894985307466,353.50005014692533,42.01124709579628
2022-10-20,MSFT,349.71,357.6,342.4,350.0,45034819,350.0,-0.01305586103826517,366.217,350.2106,316.7226,0.2158083563204135,381.5446318766779,350.8893681233221,33.26046745475627
2022-10-21,MSFT,351.06,356.43,349.93,353.18,35941360,353.18,0.009085714285714364,365.6495,350.73260000000005,317.0405,0.21867216046220095,382.0434892386656,349.2555107613344,39.04097941597397
2022-10-24,MSFT,352.18,354.06,345.96,350.01,38666497,350.01,-0.008975593181946961,365.24899999999997,351.2134,317.3191,0.21202555406429116,382.779727189397,347.7182728106029,38.6531986440885
2022-10-25,MSFT,352.1,362.47,346.59,354.53,19129604,354.53,0.012913916745235898,365.03249999999997,351.9936,317.64365000000004,0.21751533227894126,382.9970298179089,347.067970182091,32.5060196248364
2022-10-26,MSFT,359.59,368.89,354.48,361.68,34483137,361.68,0.020167545764815387,365.04049999999995,352.7736,318.0064,0.22813598460370357,382.99858508721326,347.08241491278665,40.82644627154434
2022-10-27,MSFT,364.83,369.24,362.37,365.81,54940805,365.81,0.01141893386418924,365.1165,353.5346,318.42384999999996,0.23016401596678468,383.07407723078455,347.1589227692154,43.559829723950216
2022-10-28,MSFT,367.63,367.63,362.5,364.85,18980570,364.85,-0.002624313168038017,364.8635,354.23280000000005,318.8437,0.22325203305097413,382.67873567357043,347.04826432642955,43.044087854765316
2022-10-31,MSFT,363.03,372.78,358.66,365.72,51355453,365.72,0.0023845415924352853,364.846,354.767,319.26665,0.22041084973750233,382.6569326567942,347.0350673432058,46.77498768004518
2022-11-01,MSFT,355.43,362.73,353.55,358.14,20068186,358.14,-0.02072623865252121,364.5785,355.2389999999999,319.66785,0.23132528818585765,382.6342024378979,346.52279756210214,33.160708311656364
2022-11-02,MSFT,357.57,364.88,350.35,357.61,17780232,357.61,-0.0014798682079633085,363.788,355.5186,320.0747,0.20640475100444353,381.5965131623118,345.9794868376882,34.36634348197492
2022-11-03,MSFT,351.89,358.39,348.56,353.47,28144613,353.47,-0.011576857470428692,362.8225,355.80480000000006,320.4873,0.20912377019400805,380.67211255659794,344.97288744340204,35.339149003120056
2022-11-04,MSFT,357.56,361.33,352.81,357.07,33289432,357.07,0.010184739864769199,361.977,356.1376,320.9159,0.21310660314332805,379.1920192686695,344.7619807313304,40.71887479475491
2022-11-07,MSFT,369.95,375.51,365.12,370.31,36002049,370.31,0.03707956423110326,361.80350000000004,356.85280000000006,321.38995,0.2548098340727275,378.58206561837574,345.02493438162435,60.33547112572444
2022-11-08,MSFT,372.58,380.51,365.61,373.06,17016285,373.06,0.007426210472307071,361.974,357.6189999999999,321.8982,0.2529480325859764,379.1528185366573,344.79518146334266,65.24400329340918
2022-11-09,MSFT,360.14,371.32,354.59,362.95,29745916,362.95,-0.027100198359513272,361.20649999999995,358.144,322.3671,0.25601854400142565,376.5921683483666,345.8208316516333,59.82102228367216
2022-11-10,MSFT,358.67,363.43,358.67,361.27,19004085,361.27,-0.0046287367405979385,360.4865,358.6472,322.81755,0.25554835125926456,374.28853993311895,346.684460066881,56.278131293063865
2022-11-11,MSFT,364.36,367.64,356.43,362.03,13781221,362.03,0.0021036897611204086,360.091,359.0954,323.24805,0.25083978973209037,373.187747527119,346.99425247288104,59.69042243089863
2022-11-14,MSFT,365.42,365.42,360.57,362.62,17242569,362.62,0.0016296991961992635,359.83399999999995,359.5432,323.7095,0.2502991036716229,372.4914636188607,347.1765363811392,56.96333274578265
2022-11-15,MSFT,357.17,364.23,353.92,359.08,18513786,359.08,-0.009762285588219122,359.90099999999995,359.9672,324.1559,0.23267291140346885,372.5259375610605,347.2760624389394,47.613803218307744
2022-11-16,MSFT,357.67,368.64,352.27,360.46,30799975,360.46,0.003843154728751186,360.1925,360.46939999999995,324.6033,0.2304994827262851,372.5718340097898,347.81316599021017,44.82891937700356
2022-11-17,MSFT,351.22,358.72,350.05,354.38,39636931,354.38,-0.01686733618154579,360.4115,360.7708,325.0217,0.23393505659402533,372.1710779999311,348.6519220000689,40.791556718186754
2022-11-18,MSFT,350.62,358.14,341.59,349.87,13868126,349.87,-0.012726451831367447,360.246,361.041,325.46315,0.23639529050304892,372.5161801985499,347.9758198014501,36.89866092715188
2022-11-21,MSFT,354.71,359.41,346.96,353.18,28779411,353.18,0.009460656815388546,360.4045,361.28799999999995,325.9114,0.23654772957636444,372.1902853276349,348.61871467236506,45.58875843759798
2022-11-22,MSFT,347.45,356.59,340.09,348.34,15614446,348.34,-0.013704060252562544,360.09499999999997,361.31759999999997,326.3066,0.23697365388682046,372.81815833016157,347.3718416698384,42.342640003423114
2022-11-23,MSFT,352.38,358.19,344.04,351.11,32153135,351.11,0.007952000918642899,359.5665,361.56019999999995,326.7129,0.226386026946209,372.87700914442564,346.2559908555744,48.00540904881547
2022-11-24,MSFT,346.05,347.02,342.15,344.58,19487701,344.58,-0.018598160120759988,358.505,361.56100000000004,327.10535,0.22892792444235377,373.04810543828614,343.96189456171385,39.94201963989069
2022-11-25,MSFT,356.42,356.75,349.95,353.35,16417440,353.35,0.025451274014742786,357.93,361.5326,327.55064999999996,0.25007013353002894,372.3254422611594,343.5345577388406,35.28288787757798
2022-11-28,MSFT,346.63,354.18,345.17,349.68,34423574,349.68,-0.010386302532899405,357.12800000000004,361.403,327.9439,0.25155510446914675,371.48327352210265,342.77272647789744,30.030748199172763
2022-11-29,MSFT,346.58,351.65,345.79,348.72,19768836,348.72,-0.0027453671928620027,356.657,361.19120000000004,328.31440000000003,0.24182588453217857,371.4828978249357,341.83110217506425,35.594249838058005
2022-11-30,MSFT,347.46,355.71,345.26,350.48,22031874,350.48,0.0050470291351227825,356.3005,360.9066,328.68080000000003,0.24284134235353172,371.37078931373406,341.23021068626593,39.094400635793036
2022-12-01,MSFT,350.42,352.88,342.84,347.86,10286992,347.86,-0.007475462223236695,356.02,360.5948,329.0266,0.24087721467359582,371.51496624543006,340.5250337545699,36.197155649585895
2022-12-02,MSFT,350.74,357.11,340.29,348.7,36506720,348.7,0.002414764560455307,355.6015,360.27819999999997,329.3889,0.2377834688471281,371.42568838027364,339.77731161972633,36.50639781870708
2022-12-05,MSFT,352.19,356.47,346.85,351.66,34717338,351.66,0.008488672211069748,354.669,360.151,329.7693,0.19468075207753918,368.9682659362446,340.36973406375535,42.725490184349916
2022-12-06,MSFT,353.6,363.95,349.18,356.57,25054638,356.57,0.013962349997156176,353.84450000000004,360.10519999999997,330.17519999999996,0.2004031461045647,365.2970721771726,342.3919278228275,46.433156048962715
2022-12-07,MSFT,359.05,369.28,352.09,360.68,13569755,360.68,0.011526488487534126,353.73100000000005,360.0884,330.59045,0.1828364382230681,364.8435626396757,342.6184373603244,55.99315067001705
2022-12-08,MSFT,358.51,368.08,351.85,359.96,40553557,359.96,-0.001996229344571443,353.6655,360.0018,330.97189999999995,0.18223820183879066,364.60505733731975,342.72594266268027,60.344474044600666
2022-12-09,MSFT,359.8,362.66,356.07,359.37,19151297,359.37,-0.0016390710078897364,353.5325,359.791,331.32745,0.18211695318278978,364.10230580410575,342.9626941958943,56.72095546592629
2022-12-12,MSFT,369.73,377.08,365.99,371.53,20853763,371.53,0.03383699251467842,353.978,359.9002,331.77160000000003,0.2188392841942386,366.6937732136396,341.26222678636043,71.72568857027991
2022-12-13,MSFT,373.44,381.16,372.15,376.66,63035209,376.66,0.013807767878771804,354.857,360.16360000000003,332.23640000000006,0.21902399349210533,371.02077769809216,338.6932223019079,72.92302169350577
2022-12-14,MSFT,373.69,376.81,367.14,371.98,18867129,371.98,-0.012424998672542875,355.43300000000005,360.1348,332.6625,0.2252088467746244,373.1808812375086,337.6851187624915,75.42687451640728
2022-12-15,MSFT,371.15,377.2,368.1,372.65,33641479,372.65,0.001801172106027149,356.3465,360.1322,333.0789,0.21431486052890775,375.67641276152244,337.01658723847754,71.07907380963066
2022-12-16,MSFT,370.7,379.04,363.07,371.05,31302962,371.05,-0.004293573057828959,357.4055,360.0736,333.49940000000004,0.2083215595826698,377.5451936944162,337.26580630558385,74.44520702259824
2022-12-19,MSFT,367.74,375.7,365.3,370.5,29222667,370.5,-0.0014822800161703453,358.2715,360.008,333.8568,0.20745692537079957,379.1230881258013,337.4199118741987,75.15011544914314
2022-12-20,MSFT,366.53,369.96,358.69,364.32,27985206,364.32,-0.016680161943319893,359.0705,359.90139999999997,334.20920000000007,0.21077808770291726,379.5409053131305,338.60009468686945,64.5012573155277
2022-12-21,MSFT,362.85,371.31,353.44,362.37,29061993,362.37,-0.005352437417654787,359.6335,359.5828000000001,334.57340000000005,0.21135992113251525,379.79916052005626,339.4678394799438,65.41976618669763
2022-12-22,MSFT,374.82,374.82,369.53,371.83,27872821,371.83,0.02610591384496508,360.996,359.506,334.97955,0.2140724478786544,380.55225881775414,341.4397411822458,70.7742051196185
2022-12-23,MSFT,374.97,380.54,369.47,375.01,24486170,375.01,0.008552295403813526,362.079,359.60740000000004,335.35729999999995,0.1994085635911692,382.24200719007416,341.91599280992585,70.88924671690016
2022-12-26,MSFT,365.5,369.72,354.88,362.3,45759026,362.3,-0.03389242953521232,362.71,359.4982,335.68835,0.23474626928641779,382.010657201781,343.409342798219,54.49835137756357
2022-12-27,MSFT,371.56,371.63,365.72,368.67,14787934,368.67,0.01758211426994194,363.70750000000004,359.7168,336.05615,0.24045621968380532,381.9995711900172,345.41542880998287,56.0576193967429
2022-12-28,MSFT,375.06,380.94,368.04,374.49,37617112,374.49,0.015786475709984593,364.908,360.11400000000003,336.43005000000005,0.24471544103001588,382.68924926046407,347.12675073953596,60.225193513819136
2022-12-29,MSFT,376.0,376.41,369.11,372.76,34737255,372.76,-0.004619616011108496,366.153,360.56919999999997,336.79504999999995,0.2432327266275793,382.32210647531633,349.9838935246837,59.27413768070594
2022-12-30,MSFT,375.34,385.09,368.26,376.68,33057070,376.68,0.010516149801480967,367.552,361.0392,337.18605,0.24441760014835914,382.1259964536554,352.97800354634467,54.02658325635074
2023-01-02,MSFT,371.32,376.62,368.02,372.32,39082218,372.32,-0.01157481151109696,368.585,361.4854,337.5428,0.24982406750969854,381.21531357695466,355.9546864230453,46.565368777272596
2023-01-03,MSFT,366.66,374.31,365.74,370.03,24090945,370.03,-0.006150623119896892,369.258,361.79540000000003,337.88169999999997,0.24828964748660007,380.5569251468117,357.95907485318827,48.396117771384304
2023-01-04,MSFT,378.7,384.44,371.61,378.02,11837662,378.02,0.021592843823473817,370.125,362.12219999999996,338.23800000000006,0.25588319474323223,381.31304719330257,358.93695280669743,53.94215238944076
2023-01-05,MSFT,378.41,380.01,373.47,376.74,24287425,376.74,-0.003386064229405794,370.964,362.3408,338.55929999999995,0.25625250156249335,381.43623376360364,360.49176623639636,54.19678417526544
2023-01-06,MSFT,369.16,371.08,363.22,367.15,16817132,367.15,-0.025455221107395065,371.35299999999995,362.3868,338.82525000000004,0.27452975423978415,380.50689845047793,362.19910154952197,47.819862024346236
2023-01-09,MSFT,364.4,371.87,362.08,366.97,18655334,366.97,-0.0004902628353532501,371.125,362.4118,339.08325,0.24598322831203975,380.4851675648283,361.7648324351717,51.870676256865906
2023-01-10,MSFT,366.31,371.15,362.29,366.72,15209313,366.72,-0.0006812545984685725,370.62800000000004,362.58340000000004,339.33465,0.2401098211220955,379.80449308084087,361.4515069191592,53.14624619204331
2023-01-11,MSFT,370.66,378.85,367.29,373.07,20654596,373.07,0.017315663176265206,370.6825,362.8926,339.6063,0.2448745919009137,379.9056308190237,361.4593691809763,50.93910934999777
2023-01-12,MSFT,374.51,379.64,366.95,373.3,19692273,373.3,0.0006165062856837711,370.71500000000003,363.2892,339.8772,0.24481178150637817,379.9718415665947,361.45815843340534,48.644363394941806
2023-01-13,MSFT,368.71,377.31,365.19,371.25,9658592,371.25,-0.005491561746584495,370.725,363.5728,340.13725,0.24514017221870674,379.9837972391316,361.46620276086844,58.53844684564894
2023-01-16,MSFT,379.92,383.69,370.06,376.87,33081181,376.87,0.015138047138047117,371.0435,363.70399999999995,340.3977499999999,0.2507165657932091,380.69944286598354,361.38755713401645,57.93650792080697
2023-01-17,MSFT,375.63,381.88,373.45,377.66,60764428,377.66,0.0020962135484385858,371.7105,363.79600000000005,340.62669999999997,0.24188672337392847,381.25322051023176,362.1677794897683,53.39909927626877
2023-01-18,MSFT,372.31,376.68,371.05,373.87,31860618,373.87,-0.010035481650161548,372.2855,364.0144,340.8707,0.24431073251442909,380.7876074167449,363.78339258325514,51.13986443384766
2023-01-19,MSFT,382.78,387.8,372.43,380.12,23050932,380.12,0.01671704068259028,372.7,364.3914,341.1451,0.23391060833484345,381.8891629536658,363.5108370463342,53.37122695517057
2023-01-20,MSFT,380.98,389.7,372.91,381.3,24458486,381.3,0.00310428285804476,373.0145,364.7768,341.44035,0.2324362537021824,382.93777508540404,363.09122491459595,59.38545148763805
2023-01-23,MSFT,377.84,385.34,377.6,381.47,21125513,381.47,0.00044584316810913904,373.973,365.1538,341.7428,0.19277148520878695,383.21887669120764,364.7271233087924,62.510936113841844
2023-01-24,MSFT,382.53,387.6,377.55,382.58,25916827,382.58,0.0029097963142579175,374.6685,365.6238000000001,342.04105,0.18455955493644038,384.3186306781205,365.0183693218795,55.870236849068405
2023-01-25,MSFT,373.9,382.68,371.39,377.03,24632644,377.03,-0.014506769825918808,374.7955,365.95520000000005,342.2957,0.18568925111402063,384.50242747743437,365.08857252256564,50.3363488586242
2023-01-26,MSFT,378.04,380.28,368.54,374.41,17858086,374.41,-0.00694904914728256,374.878,366.35580000000004,342.53915,0.18670625305944258,384.54002899033446,365.2159710096655,60.044272251228094
2023-01-27,MSFT,375.24,381.39,367.77,374.58,49010334,374.58,0.00045404770171719733,374.77299999999997,366.85,342.8259,0.18276908794934232,384.3981471075326,365.1478528924673,60.531414313660626
2023-01-30,MSFT,371.89,375.89,371.53,373.71,13790971,373.71,-0.002322601313471062,374.8425,367.26060000000007,343.12895000000003,0.17803234366145126,384.4129872558991,365.27201274410083,59.51020405896205
2023-01-31,MSFT,381.07,387.97,373.19,380.58,33321686,380.58,0.018383238339889196,375.37,367.9054,343.44590000000005,0.18739440555319453,384.98650116915593,365.7534988308441,60.075127425783414
2023-02-01,MSFT,378.66,384.28,378.66,381.89,24008232,381.89,0.003442114667087104,375.5635,368.52099999999996,343.8285000000001,0.17198972393527753,385.5530235121368,365.57397648786315,61.19947846527266
2023-02-02,MSFT,388.97,392.2,381.09,386.65,53474694,386.65,0.012464322187017096,376.059,369.3624,344.2087,0.1763085180683506,387.209843064637,364.908156935363,68.75304430193515
2023-02-03,MSFT,390.14,395.19,378.52,386.85,28651954,386.85,0.0005172636751584747,377.044,370.0324,344.5779,0.14529750669011057,388.3604256956798,365.72757430432017,64.00112230931497
2023-02-06,MSFT,395.72,398.28,387.27,392.78,21648011,392.78,0.015328938865193154,378.3345,370.8944,344.94700000000006,0.15147301155786008,390.6558165307994,366.01318346920056,68.5384992408156
2023-02-07,MSFT,393.88,398.28,391.97,395.13,22641691,395.13,0.005982993024084893,379.755,371.82259999999997,345.3316,0.15090998719127766,392.957522087586,366.55247791241396,77.02084389734901
2023-02-08,MSFT,393.98,405.12,385.59,395.36,25402269,395.36,0.0005820869081063496,380.8695,372.7202,345.76199999999994,0.14245705151610785,395.3930989087645,366.34590109123553,72.8691476284464
2023-02-09,MSFT,391.77,404.46,386.43,395.44,15827667,395.44,0.00020234722784295833,381.9765,373.6718,346.18285,0.142554345386223,397.4169394196922,366.5360605803078,71.9428925820236
2023-02-10,MSFT,391.53,398.33,382.38,390.35,18395903,390.35,-0.012871737811045891,382.9315,374.50480000000005,346.5496,0.1505169936468946,397.9350171665819,367.9279828334182,61.95476572785768
2023-02-13,MSFT,393.57,398.49,388.09,393.29,12242313,393.29,0.007531702318432254,383.7525,375.33740000000006,346.90975,0.1443791010210046,399.15125029104007,368.3537497089599,63.74133946901782
2023-02-14,MSFT,392.91,396.64,389.82,393.23,17282338,393.23,-0.0001525591802487014,384.531,376.07060000000007,347.28375,0.1446156031329919,400.20471504007213,368.8572849599279,74.19354835607213
2023-02-15,MSFT,393.82,399.94,381.32,390.63,25956924,390.63,-0.00661190651781407,385.369,376.66960000000006,347.6422,0.14128970273677527,400.42263309879604,370.315366901204,74.23789596415627
2023-02-16,MSFT,394.25,403.1,390.68,396.89,28189395,396.89,0.016025394874945587,386.20750000000004,377.4082,348.04315,0.1403676020310727,401.8853501144132,370.5296498855869,78.20480401782889
2023-02-17,MSFT,386.33,398.76,381.56,390.16,11326486,390.16,-0.016956839426541248,386.6505,378.024,348.4279,0.155857734493385,402.2449652462105,371.05603475378956,68.11275047448633
2023-02-20,MSFT,384.7,392.61,383.42,388.01,23664857,388.01,-0.005510559770350754,386.9775,378.35360000000003,348.78015,0.1576611000452859,402.38776298486283,371.5672370151372,59.130007352474315
2023-02-21,MSFT,391.62,398.4,389.19,393.8,31319465,393.8,0.014922295817118236,387.5385,378.6964,349.18715,0.16527716444956217,403.0909650609849,371.9860349390151,63.18352887127367
2023-02-22,MSFT,392.0,405.48,385.92,395.7,23422824,395.7,0.004824784154393136,388.47200000000004,379.17080000000004,349.62244999999996,0.1543316076073317,403.60425290213607,373.339747097864,60.69487116876087
2023-02-23,MSFT,395.61,401.7,389.49,395.59,19401693,395.59,-0.00027798837503167917,389.53100000000006,379.6296,350.08025000000004,0.1507090157123372,403.4342414243847,375.6277585756154,60.3505447455019
2023-02-24,MSFT,395.67,400.25,394.04,397.14,21200215,397.14,0.0039181981344320604,390.659,380.15139999999997,350.57660000000004,0.15049596487575528,403.031230195056,378.28676980494396,55.76109934512011
2023-02-27,MSFT,395.76,402.04,394.56,398.3,20137232,398.3,0.0029208843229089343,391.8885,380.7074,351.07509999999996,0.14919504814521756,401.81427988448456,381.9627201155155,54.32469302154038
2023-02-28,MSFT,392.04,395.8,384.38,390.09,19378875,390.09,-0.020612603565151932,392.36400000000003,381.2228,351.50745,0.1604627186152009,400.809561649671,383.91843835032904,44.0958996052578
2023-03-01,MSFT,386.05,390.62,386.05,388.34,26800089,388.34,-0.004486144223127986,392.6865,381.7421999999999,351.93435,0.16151255035748283,399.84211546137186,385.5308845386282,42.33261337812835
2023-03-02,MSFT,398.88,403.06,391.73,397.39,62925476,397.39,0.023304320955863433,393.22349999999994,382.25340000000006,352.4375,0.17577219739573793,400.0773065489163,386.3696934510836,57.00358136096194
2023-03-03,MSFT,392.71,399.17,388.63,393.9,18567186,393.9,-0.008782304537104602,393.576,382.6312,352.90504999999996,0.1794727250696952,399.7400840869524,387.41191591304766,50.600275522369486
2023-03-06,MSFT,392.4,400.38,384.23,392.31,22012682,392.31,-0.0040365575019040145,393.5525,383.2314,353.32814999999994,0.17192025535728542,399.7329236781588,387.37207632184123,49.1211310529672
2023-03-07,MSFT,392.88,394.21,384.79,389.5,24488329,389.5,-0.007162702964492396,393.271,383.648,353.75045,0.17218069835637617,399.658292977341,386.88370702265905,48.92483347887826
2023-03-08,MSFT,385.58,398.78,379.59,389.18,18990408,389.18,-0.0008215661103979643,392.962,383.9418,354.18075,0.17211831611963158,399.5194532925255,386.4045467074745,41.72924263925751
2023-03-09,MSFT,386.18,389.5,382.85,386.17,38790297,386.17,-0.007734210391078689,392.49850000000004,384.21,354.5844,0.17384400346464318,399.60587282126795,385.3911271787321,45.34856608452133
2023-03-10,MSFT,391.73,395.51,382.43,388.97,9684451,388.97,0.007250692700106143,392.4295,384.4558,354.96635000000003,0.1704564450483131,399.6505816363926,385.20841836360745,51.102434526517406
2023-03-13,MSFT,390.89,392.85,387.55,390.2,20215550,390.2,0.0031621975987863316,392.275,384.81340000000006,355.36514999999997,0.16854911745397333,399.55058136577225,384.9994186342277,45.38224729001148
2023-03-14,MSFT,392.85,402.37,386.85,394.61,34681323,394.61,0.011301896463352223,392.344,385.305,355.81409999999994,0.17354882929882828,399.6836096267533,385.0043903732467,48.68643044874406
2023-03-15,MSFT,388.21,398.69,379.32,389.0,22225451,389.0,-0.014216568257266693,392.2625,385.5246000000001,356.22085,0.17952274420345804,399.71753821159143,384.80746178840855,42.98786974671572
2023-03-16,MSFT,388.71,395.59,379.03,387.31,18003032,387.31,-0.004344473007712124,391.7835,385.736,356.60119999999995,0.16946167970957476,399.2176779002174,384.3493220997826,39.57139824837686
2023-03-17,MSFT,389.26,392.47,380.02,386.24,29819976,386.24,-0.002762644909762191,391.5875,386.1178,356.97544999999997,0.1590930881157385,399.3990242127107,383.77597578728927,37.18112243791378
2023-03-20,MSFT,385.3,394.59,383.16,388.87,35924270,388.87,0.0068092377796189485,391.6305,386.55580000000003,357.37435,0.1599110955954473,399.36822569601804,383.8927743039819,48.52870234733718
2023-03-21,MSFT,381.43,393.08,376.38,384.73,27197634,384.73,-0.010646231388381722,391.17699999999996,386.916,357.73025,0.15425839489349558,399.4256467151303,382.9283532848696,45.883694398121555
2023-03-22,MSFT,388.49,399.1,380.6,389.85,18144866,389.85,0.01330803420580673,390.8845,387.25160000000005,358.09945,0.16136937959545458,398.8684720360944,382.90052796390563,40.55611221022585
2023-03-23,MSFT,394.42,406.37,386.71,396.54,30004793,396.54,0.017160446325509726,390.932,387.7164,358.51840000000004,0.17339210378744882,399.0441211451221,382.8198788548779,53.061224472568306
2023-03-24,MSFT,389.41,396.3,386.19,391.25,21286138,391.25,-0.013340394411660905,390.6375,388.1164,358.90920000000006,0.17917831308636212,398.2104181609957,383.0645818390043,48.86800511140213
2023-03-27,MSFT,386.55,398.37,379.07,388.72,33681562,388.72,-0.006466453674121353,390.1585,388.3534,359.31604999999996,0.17976913714881435,396.8515011362604,383.4654988637396,49.162011158395636
2023-03-28,MSFT,383.64,389.13,382.86,385.99,45248946,385.99,-0.007023050010290244,389.95349999999996,388.52,359.69379999999995,0.16622291195995886,396.90163045657334,383.0053695434266,46.741573020339494
2023-03-29,MSFT,397.68,404.68,396.61,400.64,8816677,400.64,0.03795435114899348,390.5685,389.0554,360.1499,0.21403482407768248,398.9457480721662,382.1912519278337,61.94091432798855
2023-03-30,MSFT,401.86,401.86,395.7,398.4,26135716,398.4,-0.005591054313099031,390.619,389.421,360.60360000000003,0.1993241457059163,399.1795629425986,382.0584370574015,57.85440611677554
2023-03-31,MSFT,405.13,412.29,403.77,408.03,12485678,408.03,0.024171686746987886,391.3255,389.95560000000006,361.1055,0.21344929751781733,402.8465607607148,379.80443923928516,63.027911721724514
2023-04-03,MSFT,398.65,409.19,392.86,401.02,66392975,401.02,-0.01718010930568825,391.761,390.34659999999997,361.57089999999994,0.22313484962214208,404.07027232872065,379.4517276712794,54.51217794223325
2023-04-04,MSFT,393.66,404.39,386.94,395.66,20730913,395.66,-0.013365916911874609,392.069,390.60820000000007,361.98945,0.22726343896611637,404.44813507732295,379.6898649226771,54.704718836311606
2023-04-05,MSFT,395.43,400.1,383.97,392.04,33697549,392.04,-0.009149269574887486,392.212,390.9084,362.37630000000007,0.22999707849070647,404.5164683368311,379.90753166316887,53.25264749352859
2023-04-06,MSFT,389.56,394.41,380.75,387.58,24649314,387.58,-0.011376390164269057,392.28249999999997,391.1718,362.74365,0.23207315128343822,404.4566743478594,380.10832565214054,50.88042048998256
2023-04-07,MSFT,388.52,392.18,380.38,386.28,18131341,386.28,-0.0033541462407761236,392.148,391.4058,363.08700000000005,0.23090010201128683,404.5338622290636,379.7621377709365,48.268021924892956
2023-04-10,MSFT,379.6,389.96,375.28,382.62,17288725,382.62,-0.009474992233612811,391.769,391.58399999999995,363.40245000000004,0.23277475375152945,404.8502101484082,378.6877898515918,48.57988961259767
2023-04-11,MSFT,380.95,383.26,373.56,378.41,47141206,378.41,-0.011003083999790886,390.959,391.5406,363.70575,0.23074986911277787,405.24981692628194,376.66818307371807,42.20496047164254
2023-04-12,MSFT,384.04,393.15,376.35,384.75,36644049,384.75,0.016754314103749834,390.7465,391.5978,364.04285000000004,0.2351392108641816,405.2842277236807,376.20877227631934,41.927974796837006
2023-04-13,MSFT,389.7,398.82,384.3,391.56,54397024,391.56,0.017699805068226215,390.95899999999995,391.69599999999997,364.41665,0.24317438059617988,405.40920764736904,376.50879235263085,50.2079141421474
2023-04-14,MSFT,397.56,404.48,389.43,396.96,25560729,396.96,0.013790989886607319,391.495,391.8982,364.80559999999997,0.24715425425687765,406.00334605537824,376.98665394462176,55.32162230981007
2023-04-17,MSFT,402.62,406.33,393.75,400.04,28051543,400.04,0.007758968158000812,392.0535,392.04339999999996,365.2175,0.24744848181835224,406.99003560197013,377.11696439802984,59.03304615113204
2023-04-18,MSFT,402.95,409.82,391.62,400.72,22465913,400.72,0.0016998300169983604,392.853,392.15520000000004,365.6408,0.24323486066766753,407.850656097554,377.855343902446,50.06269591377937
2023-04-19,MSFT,401.21,402.1,394.1,398.1,22287878,398.1,-0.006538231183869092,393.26550000000003,392.21,366.0062,0.24135283089930748,408.3688345568549,378.16216544314517,49.766282320088415
2023-04-20,MSFT,396.35,397.94,388.02,392.98,16479563,392.98,-0.012861090178347134,393.0875,392.16079999999994,366.32380000000006,0.2384584954860257,408.11205096095694,378.062949039043,37.38897267431802
2023-04-21,MSFT,393.07,403.26,387.02,395.14,25854376,395.14,0.00549646292432171,393.28200000000004,392.25659999999993,366.66900000000004,0.23417876181245648,408.3071096501638,378.2568903498363,44.63699378648453
2023-04-24,MSFT,388.27,394.64,383.08,388.86,18231979,388.86,-0.01589310117932874,393.289,392.16799999999995,366.96905000000004,0.24026158434510134,408.3052885595844,378.27271144041555,43.90025115510218
2023-04-25,MSFT,379.92,392.38,374.9,383.64,29833722,383.64,-0.013423854343465602,393.17150000000004,391.97619999999995,367.23960000000005,0.24383530490512875,408.46252974052965,377.8804702594704,42.675270306985425
2023-04-26,MSFT,393.0,394.69,385.39,390.04,26759242,390.04,0.01668230632885015,392.6415,391.96439999999996,367.53245000000004,0.20888055701105826,407.57316085165746,377.70983914834255,52.07489877312674
2023-04-27,MSFT,397.95,405.68,395.76,400.72,28048878,400.72,0.02738180699415449,392.75750000000005,392.041,367.87485,0.23138688736748522,407.91190929406616,377.60309070593394,60.51558402494589
2023-04-28,MSFT,406.01,412.27,393.91,403.09,48858472,403.09,0.005914354162507296,392.51050000000004,392.2996,368.2005,0.21499482259033234,406.7502345850293,378.27076541497075,65.19222204374807
2023-05-01,MSFT,408.15,415.4,403.7,409.55,24625651,409.55,0.01602619762335955,392.937,392.73040000000003,368.54955,0.21317408106079508,408.68135651605706,377.19264348394296,72.3642631282232
2023-05-02,MSFT,407.23,414.56,402.05,408.31,33837397,408.31,-0.0030277133439140513,393.5695,393.02060000000006,368.8932,0.206911371437423,410.72737923956345,376.41162076043656,68.25790451091737
2023-05-03,MSFT,397.2,405.57,396.22,400.89,56796778,400.89,-0.018172466998114256,394.012,393.12440000000004,369.17409999999995,0.2154628667769923,411.4578568147122,376.5661431852878,57.16259786887337
2023-05-04,MSFT,403.11,408.77,400.25,404.51,42162139,404.51,0.00902990845369045,394.8585,393.3028,369.4668,0.21180483437117267,412.630188039939,377.08681196006097,55.9589581565363
2023-05-05,MSFT,411.08,415.3,400.52,407.91,39652091,407.91,0.008405231020246706,395.93999999999994,393.5182,369.77284999999995,0.21181016911738268,414.1410086475696,377.7389913524303,56.18030468373607
2023-05-08,MSFT,404.6,411.5,404.6,408.48,22113771,408.48,0.0013973670662645876,397.233,393.72180000000003,370.07340000000005,0.20690402711048167,415.1212885533482,379.3447114466518,56.104468206647844
2023-05-09,MSFT,406.5,416.46,398.06,407.26,27405207,407.26,-0.0029866823345084947,398.6755,394.06520000000006,370.36945,0.20140906532711905,414.7318212342793,382.6191787657207,57.36808235516159
2023-05-10,MSFT,409.08,421.45,404.45,412.95,14754753,412.95,0.013971418749693099,400.0855,394.55740000000003,370.693,0.19925789946029607,415.94445526523356,384.2265447347665,65.91742386540975
2023-05-11,MSFT,406.4,411.05,403.86,407.45,30521812,407.45,-0.013318803729265083,400.88,394.7586,371.0026,0.20059875595371796,416.531351379335,385.228648620665,59.31587708747657
2023-05-12,MSFT,400.59,410.84,395.61,403.23,27900926,403.23,-0.010357099030555816,401.19350000000003,394.94520000000006,371.30850000000004,0.20019279940503215,416.7652237324392,385.62177626756085,61.22480861026171
2023-05-15,MSFT,395.76,404.52,390.95,397.74,25234948,397.74,-0.01361505840339261,401.0785,395.05379999999997,371.61,0.20474737369598897,416.7199083024395,385.43709169756056,60.96764155486081
2023-05-16,MSFT,401.38,401.83,394.91,398.37,37703530,398.37,0.0015839493136220462,400.961,395.23119999999994,371.94655000000006,0.20473345424200048,416.64898521160103,385.273014788399,57.118441278419766
2023-05-17,MSFT,392.0,396.61,388.4,392.51,15421550,392.51,-0.0147099430177976,400.6815,395.2978,372.27340000000004,0.21006612872875707,416.777971368773,384.58502863122703,42.35425590253379
2023-05-18,MSFT,387.16,394.05,383.79,388.92,48077820,388.92,-0.009146263789457487,400.47850000000005,395.3528,372.58565000000004,0.20759525762124345,417.07845849707695,383.87854150292316,37.0970679198806
2023-05-19,MSFT,385.94,392.56,377.94,385.25,35858538,385.25,-0.009436387946107239,399.98400000000004,395.2784,372.8765,0.20869764052031814,417.7983672354484,382.1696327645517,26.688411351234905
2023-05-22,MSFT,381.25,390.83,377.18,384.0,24303545,384.0,-0.0032446463335495945,399.74100000000004,395.15439999999995,373.16665,0.20158271960813154,418.3108362093348,381.1711637906653,26.68329176340754
2023-05-23,MSFT,374.43,382.13,370.35,376.24,23556080,376.24,-0.020208333333333273,399.371,394.787,373.47025,0.20864327162161203,419.5194029927265,379.22259700727346,26.51038688067193
2023-05-24,MSFT,377.2,384.53,369.17,376.85,30299169,376.85,0.0016213055496492323,398.7115,394.5439999999999,373.7411,0.19841658485867486,420.9055260098463,376.5174739901537,22.038010507308343
2023-05-25,MSFT,381.63,391.38,375.91,383.64,45934493,383.64,0.018017778957144737,397.85749999999996,394.47060000000005,374.02049999999997,0.1823842456586072,421.01944690024885,374.69555309975107,27.03878901838135
2023-05-26,MSFT,385.9,391.2,377.85,384.53,26037008,384.53,0.0023198832238555678,396.92949999999996,394.4364,374.29344999999995,0.18072474850845896,420.6882856104565,373.17071438954343,27.477901064797933
2023-05-29,MSFT,393.0,401.22,384.92,393.07,26482607,393.07,0.02220893038254501,396.1055,394.5204,374.56375,0.19012482167300687,419.1538185595063,373.0571814404937,38.27078855123506
2023-05-30,MSFT,402.82,405.32,395.96,400.64,25181842,400.64,0.01925865621899403,395.722,394.8386,374.89425000000006,0.20442177256359903,418.16251373836025,373.2814862616397,40.1314734557986
2023-05-31,MSFT,408.82,414.36,396.02,405.19,50992852,405.19,0.011356829073482455,395.937,395.14539999999994,375.20205000000004,0.1980438959077055,418.66652830222256,373.20747169777746,48.16020839019468
2023-06-01,MSFT,402.66,412.8,398.76,405.78,21570412,405.78,0.0014561070115253205,396.0005,395.33020000000005,375.53515,0.19558125610004493,418.83771383594996,373.16328616405,52.20626404687853
2023-06-02,MSFT,404.73,414.78,397.36,406.07,24706658,406.07,0.0007146729755040937,395.9085,395.62660000000005,375.86334999999997,0.1932077200746604,418.5577544550114,373.25924554498863,57.919756592301255
2023-06-05,MSFT,409.12,417.14,404.06,410.6,44891572,410.6,0.011155712069347734,396.0145,396.06419999999997,376.2436,0.19730967497352878,418.92976402341,373.09923597659,60.82492475037089
2023-06-06,MSFT,405.67,412.35,404.69,408.52,26514192,408.52,-0.005065757428154072,396.0775,396.5148,376.61245,0.19791059495996707,419.1294604143942,373.02553958560577,65.18687154405963
2023-06-07,MSFT,400.52,404.36,391.74,398.05,39397382,398.05,-0.025629100166454477,395.3325,396.46299999999997,376.91920000000005,0.21092946096892243,417.01064895475844,373.6543510452415,57.66068130882279
2023-06-08,MSFT,403.05,405.95,395.98,400.97,17363387,400.97,0.007335761838964894,395.0085,396.5144,377.24350000000004,0.20863638187257108,416.1101250558917,373.9068749441084,63.358259672212526
2023-06-09,MSFT,394.7,402.31,387.34,394.82,23029104,394.82,-0.015337805820884398,394.58799999999997,396.25019999999995,377.5195,0.2124031013838084,415.3319493778043,373.84405062219565,58.48760588611818
2023-06-12,MSFT,389.99,395.36,384.04,389.7,45270220,389.7,-0.012967934755078292,394.186,396.02380000000005,377.76685,0.2119038937745459,414.9843029671948,373.38769703280514,61.01472993691967
2023-06-13,MSFT,386.42,398.33,381.39,389.86,19074262,389.86,0.00041057223505269747,393.7605,395.9078,378.02674999999994,0.2117597199807681,414.54658894630364,372.9744110536963,60.725474017309836
2023-06-14,MSFT,389.93,396.72,382.27,389.49,23531882,389.49,-0.0009490586364335751,393.60949999999997,395.8568,378.29745,0.20547907784249783,414.4775541296339,372.741445870366,55.39369351326736
2023-06-15,MSFT,384.25,389.16,374.88,382.02,27703255,382.02,-0.019178926288223153,393.2645,395.74559999999997,378.5110000000001,0.2141084553466826,414.67995971340054,371.84904028659946,47.93619469378217
2023-06-16,MSFT,383.63,386.64,379.48,383.06,16830858,383.06,0.0027223705565153633,393.155,395.68120000000005,378.7445,0.2119488056390134,414.7645198319597,371.5454801680402,40.611517528258126
2023-06-19,MSFT,386.61,398.03,378.85,388.44,21186237,388.44,0.014044797159713962,393.377,395.79760000000005,378.98255000000006,0.21746831067656514,414.6795593717965,372.07444062820355,38.06729263433217
2023-06-20,MSFT,383.78,390.85,374.15,382.5,26152126,382.5,-0.015291936978683918,393.69,395.87940000000003,379.16075000000006,0.2118370506004953,414.0975238963081,373.2824761036919,28.394591498809362
2023-06-21,MSFT,388.46,397.63,381.44,389.53,25471202,389.53,0.018379084967320214,394.324,395.975,379.41350000000006,0.2207474473901412,413.263789805966,375.38421019403404,36.217133155096896
2023-06-22,MSFT,381.61,385.7,376.85,381.27,41721502,381.27,-0.021205041973660577,394.2055,395.76919999999996,379.59714999999994,0.22624324011727215,413.4538901992502,374.9571098007497,31.470412426171777
2023-06-23,MSFT,392.8,399.07,386.73,392.9,46314667,392.9,0.03050331785873528,394.624,395.68800000000005,379.7878,0.25117310982748636,413.3433324217298,375.9046675782702,38.04377194633054
2023-06-26,MSFT,389.87,393.83,387.78,390.8,17751000,390.8,-0.005344871468566992,394.5105,395.5032,379.96100000000007,0.23936515888743695,413.29691219491707,375.7240878050829,38.03349540069601
2023-06-27,MSFT,393.47,397.93,385.58,391.76,26137818,391.76,0.0024564994882292357,394.0665,395.324,380.12325000000004,0.2284475765736061,412.6617221084502,375.47127789154985,45.1262978361728
2023-06-28,MSFT,384.6,384.69,378.65,381.67,32739265,381.67,-0.025755564631406935,392.8905,394.9954,380.20805,0.2394921912461033,411.4986323195127,374.28236768048725,36.5411436469794
2023-06-29,MSFT,377.72,387.62,375.36,381.49,45851816,381.49,-0.0004716116016454386,391.67600000000004,394.76560000000006,380.29825000000005,0.23912703684275385,409.908875339818,373.4431246601821,39.86003346176723
2023-06-30,MSFT,386.19,389.75,375.99,382.87,33323802,382.87,0.0036173949513749193,390.516,394.52020000000005,380.38995,0.23994146616062484,407.8214641811703,373.2105358188297,44.49104693300735
2023-07-03,MSFT,382.65,387.46,377.66,382.56,28085156,382.56,-0.0008096743019824215,389.114,394.39420000000007,380.51265,0.2343870009637004,403.93322279372245,374.2947772062775,44.12616671036744
2023-07-04,MSFT,381.23,385.39,374.02,379.71,32638508,379.71,-0.007449811794228434,387.6735,394.3156000000001,380.61690000000004,0.2347605680220876,399.92942063150616,375.4175793684938,42.43268337056547
2023-07-05,MSFT,377.53,383.3,366.42,374.86,32732987,374.86,-0.012772905638513521,386.514,394.01200000000006,380.6836,0.22285456363290823,399.0217767808459,374.0062232191541,44.225806441626446
2023-07-06,MSFT,380.74,383.73,378.26,380.99,17249619,380.99,0.01635277170143512,385.515,393.6174,380.76709999999997,0.2305160979742758,396.2234806529315,374.80651934706844,48.457296159212966
2023-07-07,MSFT,383.87,389.26,373.37,381.31,27004279,381.31,0.0008399170581905313,384.8395,393.1818,380.8241,0.22562302820218313,394.7513525008938,374.9276474991062,44.25278090247397
2023-07-10,MSFT,387.27,393.06,386.5,389.78,44814879,389.78,0.022212897642338136,384.84350000000006,392.7864,380.94265000000007,0.23650057237733849,394.7636724836184,374.92332751638173,55.6381660350227
2023-07-11,MSFT,384.44,389.29,384.44,387.07,23010096,387.07,-0.006952639950741357,384.704,392.36159999999995,381.06055,0.2378193065436889,394.40315329997,375.00484670003004,47.95816731953165
2023-07-12,MSFT,386.09,388.23,381.53,384.88,26328565,384.88,-0.005657891337484178,384.4735,392.0414,381.11785000000003,0.2385883290147138,393.90928914779164,375.03771085220836,53.33210262605412
2023-07-13,MSFT,392.34,397.36,381.55,389.46,22688750,389.46,0.0118998129287049,384.8455,391.7404,381.20125,0.23170190401573865,394.458976231969,375.232023768031,46.34974531729845
2023-07-14,MSFT,383.85,385.85,375.87,380.86,9907896,380.86,-0.022081856930108223,384.7355,391.1994,381.23564999999996,0.24565826585402925,394.4843903011953,374.9866096988047,40.73107048544878
2023-07-17,MSFT,375.67,383.01,366.19,374.6,25206752,374.6,-0.016436485847818094,384.0435,390.5218,381.23974999999996,0.24608486492425233,394.61527826994836,373.4717217300516,35.437881865306665
2023-07-18,MSFT,380.74,386.45,374.65,380.55,28207632,380.55,0.0158836091831287,383.946,389.98760000000004,381.29425000000003,0.2481177758065366,394.6132531856048,373.2787468143953,48.977729085693895
2023-07-19,MSFT,373.24,376.55,372.47,374.51,20366236,374.51,-0.015871764551307344,383.195,389.2188,381.2753,0.2439642879132,394.3123728437455,372.0776271562545,44.24472294493028
2023-07-20,MSFT,368.74,372.3,358.17,365.24,15752845,365.24,-0.024752343061600457,382.3935,388.3746,381.22315000000003,0.24798823653030247,396.1041125242076,368.6828874757924,37.13702027550095
2023-07-21,MSFT,373.71,377.77,372.37,375.07,17577738,375.07,0.02691381009747018,381.502,387.8114,381.24879999999996,0.24199761763733124,394.64302391266267,368.36097608733735,45.20179371386513
2023-07-24,MSFT,369.76,375.62,360.32,367.97,33938527,367.97,-0.01892979977070941,380.3605,387.216,381.24985,0.24903454449642712,394.0553910565993,366.6656089434007,42.8675577083822
2023-07-25,MSFT,369.3,372.15,365.98,369.07,55030398,369.07,0.0029893741337607693,379.226,386.63,381.3065,0.2491933621691389,392.70227685580227,365.74972314419773,46.314449387034955
2023-07-26,MSFT,370.37,373.97,365.17,369.57,43460355,369.57,0.0013547565502478598,378.621,386.1712,381.38120000000004,0.2342948555423775,392.70789110670376,364.5341088932962,42.16950081472332
2023-07-27,MSFT,354.7,362.64,348.27,355.45,14601692,355.45,-0.03820656438563741,377.319,385.5018,381.40845,0.26795529873596463,394.7144160931015,359.92358390689856,35.089944643781564
2023-07-28,MSFT,357.56,362.8,345.74,354.27,35188761,354.27,-0.0033197355464903433,375.889,384.8822,381.4139,0.2666765780566114,395.872662695721,355.90533730427904,27.646984761588044
2023-07-31,MSFT,357.15,361.08,352.21,356.64,19175067,356.64,0.0066898128546024616,374.593,384.335,381.44705,0.26908722863151124,396.0618347929722,353.12416520702783,30.7624225511357
2023-08-01,MSFT,361.7,366.3,350.82,358.56,19805684,358.56,0.0053835800807537915,373.5355,383.9814,381.4672,0.2703561702446422,396.00341347208257,351.06758652791746,33.30373001184657
2023-08-02,MSFT,359.69,366.47,359.69,363.27,20781965,363.27,0.01313587684069617,372.956,383.70980000000003,381.47515,0.27320964586998187,395.87344304648735,350.0385569535127,33.41355287564545
2023-08-03,MSFT,361.98,369.09,353.81,361.45,33158616,361.45,-0.005010047622980185,371.979,383.26599999999996,381.45335,0.26517545704862394,395.1192860374339,348.8387139625661,36.55258416915978
2023-08-04,MSFT,366.81,371.85,358.59,365.22,36692676,365.22,0.010430211647530996,371.17449999999997,382.87979999999993,381.4552,0.2689339669437233,394.06631924663424,348.2826807533657,43.269230760537184
2023-08-07,MSFT,363.63,365.06,358.65,361.86,24038660,361.86,-0.009199934286183709,369.7785,382.25559999999996,381.43589999999995,0.25410504183125054,391.25449421139683,348.3025057886032,36.07094946333294
2023-08-08,MSFT,357.8,358.85,351.0,354.93,24202296,354.93,-0.019151052893384146,368.17150000000004,381.3414,381.41985,0.25987179042807657,388.99972000125285,347.3432799987472,35.59870549428683
2023-08-09,MSFT,345.22,351.34,345.22,348.68,30101690,348.68,-0.017609106020905485,366.3615,380.2112,381.37519999999995,0.26418972804424523,387.3669762533754,345.35602374662454,37.25369457325196
2023-08-10,MSFT,338.33,346.08,337.42,341.75,31376952,341.75,-0.01987495698061259,363.976,378.93059999999997,381.31660000000005,0.26162305257803353,384.771827921651,343.180172078349,23.155011274183536
2023-08-11,MSFT,346.56,349.9,343.61,346.75,40019470,346.75,0.014630577907827291,362.27049999999997,377.7442,381.265,0.26484108792799077,382.8295635410216,341.7114364589783,32.30486990573267
2023-08-14,MSFT,336.42,345.69,333.54,339.61,14956216,339.61,-0.02059120403749093,360.521,376.3244,381.11150000000004,0.26770987218205566,382.5638930186385,338.4781069813615,27.68181817594632
2023-08-15,MSFT,344.29,349.55,332.57,341.06,25201077,341.06,0.004269603368569852,358.54650000000004,374.97520000000003,380.9515,0.2588624662973237,380.1045980266323,336.9884019733678,28.70799103208499
2023-08-16,MSFT,338.04,341.71,338.04,339.93,16308167,339.93,-0.003313200023456253,356.8175,373.8128,380.83639999999997,0.25590465847556776,378.53105131078036,335.10394868921964,35.61897701077346
2023-08-17,MSFT,339.39,344.95,334.2,339.57,24495732,339.57,-0.001059041567381569,355.534,372.58480000000003,380.72790000000003,0.24487284355849273,378.16659075338276,332.9014092466172,36.16861120612798
2023-08-18,MSFT,343.22,351.96,340.55,346.26,22837540,346.26,0.019701387048325802,354.0935,371.6136,380.64905,0.23408319404813321,375.0995805983613,333.0874194016387,40.9676296454308
2023-08-21,MSFT,344.43,352.29,336.26,344.28,24536849,344.28,-0.005718246404436078,352.909,370.7052,380.55735,0.22742326806899335,373.2826154453592,332.53538455464076,37.586926277360604
2023-08-22,MSFT,346.54,352.63,342.13,347.38,18155593,347.38,0.009004298826536639,351.8245,369.8556,380.49884999999995,0.2305828988173282,370.8398350580003,332.8091649419997,35.78966194775437
2023-08-23,MSFT,344.53,353.22,342.18,347.7,13790223,347.7,0.0009211814151648401,350.731,369.01980000000003,380.43505,0.23048133715906063,367.8725959460765,333.5894040539235,37.3644550537934
2023-08-24,MSFT,345.96,352.11,342.09,347.1,10816803,347.1,-0.0017256255392579245,350.31350000000003,368.3214,380.39865,0.1891217327955526,367.37772576773506,333.249274232265,32.31850116212999
2023-08-25,MSFT,357.82,362.33,354.88,358.6,23722020,358.6,0.03313166234514542,350.53000000000003,367.8322,380.44230000000005,0.22445936374792763,367.9124884657738,333.1475115342263,47.25496799155323
2023-08-28,MSFT,355.03,355.03,349.43,351.58,21041051,351.58,-0.01957612939208042,350.27700000000004,367.095,380.4343,0.2343138982402032,367.43083658174714,333.12316341825294,47.18345383116581
2023-08-29,MSFT,356.04,362.85,353.41,358.13,19077330,358.13,0.0186301837419649,350.2555,366.60760000000005,380.48325,0.24335232996778236,367.36664930464684,333.1443506953531,57.90530365048227
2023-08-30,MSFT,361.9,363.77,359.39,361.58,42431678,361.58,0.009633373356043862,350.171,366.0486,380.5356,0.24116231222894838,367.0263198224,333.3156801776,67.61414103843313
2023-08-31,MSFT,362.81,365.06,353.55,359.3,17727206,359.3,-0.006305658498810707,350.0635,365.60920000000004,380.6092,0.24155401193496578,366.6410704841661,333.48592951583385,61.71364568109034
2023-09-01,MSFT,369.89,371.84,363.64,367.74,44062516,367.74,0.02349011967714998,350.1895,365.106,380.68115000000006,0.2533300106500969,367.2824157070414,333.0965842929586,75.6333150891404
2023-09-04,MSFT,362.03,364.11,352.88,358.49,47866377,358.49,-0.025153641159514906,350.021,364.45980000000003,380.7252,0.26734423517687916,366.6907127181264,333.3512872818736,63.906175189170476
2023-09-05,MSFT,359.36,359.36,353.29,356.03,11456023,356.03,-0.006862116098078186,350.07599999999996,363.74519999999995,380.76174999999995,0.25930974281840996,366.820998184835,333.33100181516494,62.578124986310996
2023-09-06,MSFT,350.12,358.48,341.91,350.2,25941095,350.2,-0.016375024576580577,350.152,363.11580000000004,380.76034999999996,0.2582151861290557,366.8841129631056,333.41988703689435,57.65078449968171
2023-09-07,MSFT,353.75,360.43,344.3,352.36,21306181,352.36,0.006167904054825923,350.6825,362.5332,380.78284999999994,0.24749521305949593,366.9595757427875,334.40542425721253,54.696643043336124
2023-09-08,MSFT,344.35,350.11,344.0,347.05,7800238,347.05,-0.015069814961970684,350.6975,361.8168,380.77459999999996,0.249274829829008,366.9598632321485,334.4351367678515,52.02870952499781
2023-09-11,MSFT,348.89,353.45,345.16,349.31,14027494,349.31,0.0065120299668635084,351.1825,361.1517999999999,380.76284999999996,0.23764397496329662,366.6097088753542,335.7552911246458,51.43111373691183
2023-09-12,MSFT,350.69,354.55,342.52,348.54,34084756,348.54,-0.002204345710114186,351.5565,360.5284,380.72270000000003,0.23775981584250136,366.29788074657137,336.8151192534287,50.61873894065025
2023-09-13,MSFT,346.38,348.74,343.95,346.34,56067455,346.34,-0.006312044528605121,351.877,359.95799999999997,380.651,0.23874962011526485,365.8106504454661,337.94334955453394,49.453080013063534
2023-09-14,MSFT,349.79,352.59,344.16,348.37,35871642,348.37,0.005861292371657889,352.317,359.30559999999997,380.59305,0.23920536238197818,365.12457358176107,339.50942641823895,41.47642058689102
2023-09-15,MSFT,348.91,350.68,343.73,347.2,28455140,347.2,-0.0033584981485202947,352.364,358.62339999999995,380.5322,0.2296015961916577,365.0845882022066,339.64341179779336,45.95642539432442
2023-09-18,MSFT,340.4,350.06,334.12,342.09,24787583,342.09,-0.014717741935483919,352.2545,357.6696,380.385,0.23485836058213516,365.30160248129783,339.2073975187022,34.78755689516264
2023-09-19,MSFT,358.59,363.76,348.07,355.92,49005914,355.92,0.04042795755502948,352.6815,357.0466,380.2813,0.2743818760797771,365.61539065084486,339.7476093491552,45.515055457413496
2023-09-20,MSFT,353.36,359.51,347.77,353.64,59037421,353.64,-0.006405933917734363,352.97850000000005,356.4218,380.1896,0.2757649892404861,365.7018350063496,340.2551649936505,45.515055457413446
2023-09-21,MSFT,340.98,348.25,337.68,342.97,19769468,342.97,-0.030171926252686276,352.772,355.492,380.0412,0.29713774375319313,366.020284258313,339.523715741687,31.042400115803005
2023-09-22,MSFT,341.56,347.09,331.08,339.08,11233284,339.08,-0.011342099892118984,351.796,354.6564,379.88135,0.27132194578533225,366.07266244350933,337.51933755649065,33.81690844633259
2023-09-25,MSFT,332.71,341.14,325.37,333.25,10800590,333.25,-0.01719358263536619,350.87949999999995,353.8294,379.6951,0.2694769108096766,367.392765448998,334.3662345510019,32.01768234214961
2023-09-26,MSFT,338.96,345.49,329.04,337.27,42420350,337.27,0.012063015753938533,349.8365,352.9638,379.5598499999999,0.26357873397769044,367.0421260994271,332.6308739005729,39.49293026892736
2023-09-27,MSFT,339.25,341.47,336.38,338.93,24533815,338.93,0.004921872683606665,348.704,352.2522,379.44265,0.26113466084439313,365.634509862675,331.77349013732504,38.997214475733905
2023-09-28,MSFT,340.15,343.76,338.16,340.96,26901245,340.96,0.0059894373469446816,347.787,351.7666,379.2883,0.26277557110963323,364.28214646317866,331.2918535368213,44.72727271642973
2023-09-29,MSFT,341.44,345.62,333.04,339.33,12214398,339.33,-0.004780619427498856,346.3665,351.0518,379.1099,0.2442148461191866,360.3248519989264,332.4081480010735,41.26400559212718
2023-10-02,MSFT,338.72,343.5,332.79,338.15,18496846,338.15,-0.003477440839301016,345.3495,350.4554,378.98915,0.2309558044842855,358.53094545223126,332.1680545477687,40.96992872286494
2023-10-03,MSFT,335.79,338.34,334.72,336.53,22213128,336.53,-0.004790773325447306,344.3745,349.80460000000005,378.82845000000003,0.23059130578912163,357.10666312707167,331.64233687292835,41.38718172819281
2023-10-04,MSFT,333.66,338.38,333.66,336.28,27167222,336.28,-0.0007428758208777309,343.6785,349.13879999999995,378.63739999999996,0.22491358628938166,356.5904206855178,330.76657931448216,39.042958119510565
2023-10-05,MSFT,343.07,348.12,332.63,340.38,21315595,340.38,0.012192220768407314,343.07949999999994,348.83740000000006,378.4755,0.22877427187751462,355.39333214539215,330.7656678546077,44.130808939452145
2023-10-06,MSFT,338.94,349.77,334.46,342.12,16509654,342.12,0.0051119337211351645,342.83299999999997,348.5944,378.30269999999996,0.22422022890093946,355.00877595061735,330.6572240493826,50.02740725926581
2023-10-09,MSFT,347.16,348.85,340.47,344.66,18266139,344.66,0.007424295568806416,342.6005,348.3548,378.1644,0.22462815356090288,354.42812595744,330.77287404256003,37.039594831525015
2023-10-10,MSFT,346.25,355.14,339.29,347.22,40536594,347.22,0.00742760981837165,342.5345,348.12800000000004,378.05035000000004,0.22629746669190565,354.2366410096683,330.83235899033167,42.657822493202026
2023-10-11,MSFT,352.67,357.62,345.75,351.69,27571694,351.69,0.012873682391567165,342.802,347.89639999999997,377.91869999999994,0.2295295631069691,355.099845082934,330.50415491706605,61.62046906016288
2023-10-12,MSFT,356.23,360.71,345.79,353.25,31936148,353.25,0.004435724643862438,343.046,347.7324,377.80125,0.2291735453132253,355.9858859508376,330.1061140491624,70.13356064274313
2023-10-13,MSFT,352.7,359.98,350.36,355.17,17449767,355.17,0.005435244161358765,343.4445,347.5314,377.74135,0.22918586945572542,357.3759312938178,329.5130687061822,85.03836313329484
2023-10-16,MSFT,361.76,363.9,358.65,361.28,7670228,361.28,0.01720302953515196,344.404,347.51980000000003,377.7129,0.2277230040561751,360.42871958863435,328.37928041136564,85.97542699419668
2023-10-17,MSFT,359.97,362.97,353.18,358.07,20279978,358.07,-0.008885075287865307,344.51149999999996,347.5826,377.66965,0.18252823484647773,360.8865159823029,328.136484017697,77.40549825075382
2023-10-18,MSFT,355.77,358.96,348.94,353.95,17676703,353.95,-0.011506130086295974,344.52699999999993,347.68800000000005,377.57405,0.18590390117488442,360.9389431480358,328.1150568519641,67.54931097147556
2023-10-19,MSFT,348.44,353.84,342.68,348.26,28745485,348.26,-0.01607571690916798,344.7915,347.8182,377.44885,0.16044039278420222,361.2681709399314,328.3148290600686,60.8716824725541
2023-10-20,MSFT,350.17,351.78,346.81,349.3,93052635,349.3,0.0029862746224085246,345.3025,347.8692,377.33910000000003,0.15397265790016867,361.6668783550427,328.93812164495733,63.6208160056025
2023-10-23,MSFT,342.24,348.94,332.03,340.48,33014347,340.48,-0.02525050100200399,345.66400000000004,347.8866,377.15715000000006,0.16890007509650512,361.20610769421467,330.1218923057854,54.10346975363709
2023-10-24,MSFT,345.17,346.22,339.44,342.83,74683552,342.83,0.006902020676691656,345.942,347.92199999999997,376.983,0.16542607708697588,361.0446168523568,330.8393831476432,56.520007947615376
2023-10-25,MSFT,344.24,345.52,339.37,342.45,31386683,342.45,-0.0011084210833357533,346.118,347.97240000000005,376.82590000000005,0.1648508087333929,360.95628135883084,331.27971864116915,52.22532787075565
2023-10-26,MSFT,347.05,353.48,342.66,348.07,19432002,348.07,0.016411154913126058,346.47349999999994,348.14239999999995,376.66564999999997,0.1733291774631417,361.1310438094494,331.8159561905505,55.903949180737136
2023-10-27,MSFT,348.38,350.38,339.52,344.95,28732884,344.95,-0.008963714195420525,346.75449999999995,348.11620000000005,376.4839,0.17582610341370386,361.0463401083913,332.4626598916086,50.28448105348274
2023-10-30,MSFT,343.66,348.85,339.36,344.11,50964599,344.11,-0.0024351355268878994,347.0525,348.1128,376.29710000000006,0.17552215524578052,360.8281396355317,333.2768603644683,46.84263958059294
2023-10-31,MSFT,346.37,356.84,342.55,349.7,51971779,349.7,0.016244805440120746,347.711,348.1592,376.13270000000006,0.18218136300060128,360.5992890947201,334.8227109052799,48.02461781472413
2023-11-01,MSFT,355.7,362.15,351.21,356.68,19860659,356.68,0.019959965684872794,348.73100000000005,348.3388,376.03095,0.19259536589436696,361.02545900008886,336.43654099991124,53.07402759019474
2023-11-02,MSFT,350.81,359.52,347.36,353.44,27664480,353.44,-0.009083772569249748,349.384,348.4656,375.9261,0.19395761885762458,361.18843698916544,337.5795630108346,48.48537908109269
2023-11-03,MSFT,351.8,361.39,347.58,354.48,14114026,354.48,0.0029425079221367945,350.00200000000007,348.3832,375.82559999999995,0.19364195806236106,361.49527052531255,338.5087294746876,43.46656416970542
2023-11-06,MSFT,354.53,358.05,354.13,356.09,34769594,356.09,0.004541864139020468,350.57349999999997,348.4734,375.7375,0.19280934640090278,362.0850233341759,339.06197666582403,48.037271993011046
2023-11-07,MSFT,354.9,363.98,352.22,358.1,46535604,358.1,0.005644640399899092,351.1175,348.4728,375.6251,0.19221014400215816,362.98457586026456,339.25042413973546,54.29339952906878
2023-11-08,MSFT,358.28,365.03,348.83,356.93,25401179,356.93,-0.0032672437866517745,351.3795,348.37980000000005,375.5003,0.18816564954427872,363.5278383745575,339.2311616254425,59.89500112215181
2023-11-09,MSFT,360.44,365.48,360.44,363.54,19142714,363.54,0.018519037346258482,351.894,348.4646,375.38475,0.1981442993351698,365.1929899101836,338.5950100898164,64.41879301535313
2023-11-10,MSFT,352.09,358.83,349.55,354.19,28873615,354.19,-0.02571931561863905,351.84499999999997,348.1936,375.22144999999995,0.21965321773179156,365.1003171059214,338.5896828940785,63.73472248262297
2023-11-13,MSFT,349.38,360.53,343.96,352.25,29543372,352.25,-0.005477286202320797,351.3935,348.06879999999995,375.0188,0.21059651052909248,363.88904914442105,338.897950855579,59.51515149831895
2023-11-14,MSFT,351.51,358.88,350.33,354.61,25824750,354.61,0.006699787083037645,351.2205,348.04040000000003,374.81620000000004,0.2103006066727429,363.4191254186631,339.02187458133693,61.81041179360245
2023-11-15,MSFT,355.37,362.09,351.97,357.03,26852579,357.03,0.006824398635120188,351.3745,348.17699999999996,374.62455,0.20751058921072907,363.7939795636197,338.9550204363803,59.27920462241279
2023-11-16,MSFT,364.52,372.97,355.03,364.0,23320898,364.0,0.01952216900540571,352.16150000000005,348.40979999999996,374.46735,0.2082340241751322,365.69486815740254,338.62813184259755,68.2716286024208
2023-11-17,MSFT,373.75,373.75,366.98,370.31,37235320,370.31,0.01733516483516495,353.212,348.875,374.36715,0.21498575511282997,368.9002867468762,337.5237132531238,72.74305553787491
2023-11-20,MSFT,371.75,371.75,366.65,368.98,33561071,368.98,-0.0035915854284247484,354.637,349.26840000000004,374.24559999999997,0.1894515582014995,370.63038429014335,338.64361570985665,68.07274088951971
2023-11-21,MSFT,378.73,384.24,367.56,375.9,16871647,375.9,0.01875440403273876,356.29049999999995,349.8156000000001,374.15895000000006,0.19632737786413265,373.9004451267738,338.68055487322613,68.03678676890921
2023-11-22,MSFT,369.9,380.64,363.99,372.31,16687160,372.31,-0.009550412343708348,357.7835,350.335,374.06735000000003,0.20184239825807804,375.51546492212736,340.05153507787264,67.592765225689
2023-11-23,MSFT,375.58,382.8,371.9,377.35,22581388,377.35,0.013537106174961844,359.2475,350.9146,373.96965000000006,0.19979609016716685,378.3821320086071,340.11286799139293,69.84209611352092
2023-11-24,MSFT,383.91,393.11,381.28,387.19,33569256,387.19,0.026076586723201123,361.3595,351.7144,373.9548,0.2079089305861972,383.0088155112304,339.71018448876964,73.61068932537884
2023-11-27,MSFT,396.19,402.55,385.44,393.99,26525294,393.99,0.01756243704641136,363.8535,352.7524000000001,373.98470000000003,0.2094213012494914,388.4303168680963,339.27668313190367,75.39985844224206
2023-11-28,MSFT,391.34,402.54,386.93,394.74,19329175,394.74,0.00190360161425418,366.1055,353.5288,373.98940000000005,0.20708403987754542,393.33288132255325,338.87811867744676,76.91869569874896
2023-11-29,MSFT,393.51,397.11,389.02,393.06,27756866,393.06,-0.0042559659522724,367.92449999999997,354.3172,373.9762,0.20348446163367376,397.27841552828346,338.5705844717165,72.60336905028412
2023-11-30,MSFT,382.96,386.95,382.84,384.9,21901423,384.9,-0.020760189284078856,369.4975,355.15579999999994,373.92274999999995,0.21787436456957748,398.9547981753073,340.0402018246927,73.95102166533592
2023-12-01,MSFT,384.75,392.37,381.09,386.73,35554630,386.73,0.004754481683554301,371.11,356.1088,373.8707,0.21781270785276938,400.6366502279499,341.58334977205016,76.93749998316993
2023-12-04,MSFT,384.63,389.34,372.44,380.89,28562629,380.89,-0.015100974840327908,372.35,357.06160000000006,373.7836500000001,0.2285990077703942,401.2980682020589,343.40193179794113,69.47243626300214
2023-12-05,MSFT,378.77,385.47,368.2,376.84,22037918,376.84,-0.010632991152301208,373.287,357.853,373.7174,0.23378895236461628,401.4967176985351,345.07728230146483,64.33222397770724
2023-12-06,MSFT,373.25,379.7,361.81,370.76,27425776,370.76,-0.016134168347309186,373.9785,358.4896,373.62949999999995,0.24241535037532017,401.1592387491001,346.7977612508999,54.95455876913861
2023-12-07,MSFT,369.05,376.85,360.2,368.52,42304567,368.52,-0.0060416441903118345,374.22749999999996,359.0408,373.48515,0.23582262856704145,401.09504087427877,347.35995912572116,48.604832413398775
2023-12-08,MSFT,371.26,374.64,362.41,368.53,19906051,368.53,2.7135569304226337e-05,374.9445,359.62479999999994,373.35830000000004,0.2141566205715845,400.2823680405744,349.6066319594256,49.64189080542753
2023-12-11,MSFT,371.17,375.23,364.95,370.09,29368968,370.09,0.004233033945675979,375.8365,360.2636,373.2472,0.21238272799497535,398.9706554507724,352.7023445492276,44.94518878320459
2023-12-12,MSFT,370.41,374.66,359.61,367.14,24305233,367.14,-0.007971034072793093,376.46299999999997,360.87579999999997,373.1354,0.2149571479946239,397.78441606829483,355.1415839317051,45.45134610881015
2023-12-13,MSFT,371.2,380.21,365.45,372.83,29656143,372.83,0.015498175083074495,377.253,361.6068,373.05365,0.21978376727364288,396.6243756270341,357.88162437296586,46.0681976227391
2023-12-14,MSFT,372.6,377.75,366.03,371.89,19241123,371.89,-0.0025212563366682206,377.6475,362.23699999999997,372.98224999999996,0.2105532392099989,396.1859128940699,359.1090871059301,34.252778911495724
2023-12-15,MSFT,369.36,370.44,365.48,367.96,26128064,367.96,-0.010567640969103786,377.53000000000003,362.75379999999996,372.8772,0.20534733313556564,396.2926628117897,358.7673371882104,21.52701815135906
2023-12-18,MSFT,368.48,377.96,360.59,369.28,38939343,369.28,0.0035873464507012454,377.54499999999996,363.24619999999993,372.7726,0.2053739708343101,396.27934054854643,358.8106594514535,22.49351771143239
2023-12-19,MSFT,382.6,385.08,374.36,379.72,17185620,379.72,0.02827123050259983,377.736,363.89619999999996,372.69815,0.21914347298380193,396.4776152760997,358.9943847239003,37.8815406880389
2023-12-20,MSFT,385.32,386.34,376.98,381.66,14689218,381.66,0.005109027704624403,378.20349999999996,364.49559999999997,372.66145000000006,0.2163010588040253,396.84140057635705,359.5655994236429,46.681687819468635
2023-12-21,MSFT,379.83,386.56,373.2,379.88,14913899,379.88,-0.004663836922915721,378.33000000000004,365.02819999999997,372.6243,0.2122874110085342,396.97785016533834,359.68214983466174,42.97724009428579
2023-12-22,MSFT,371.18,378.86,365.12,371.99,15652189,371.99,-0.020769716752658707,377.57,365.36460000000005,372.55305,0.202073102696361,395.93426736324955,359.20573263675044,41.243604868606674
2023-12-25,MSFT,370.79,374.42,367.58,371.0,31721831,371.0,-0.002661361864566225,376.4205,365.559,372.4637,0.18850305998395445,393.27305873121117,359.56794126878884,43.886097139564406
2023-12-26,MSFT,375.0,380.47,364.28,372.37,14246794,372.37,0.003692722371967605,375.302,365.845,372.40189999999996,0.18921776358443138,389.8464735027825,360.75752649721755,51.86991868231873
2023-12-27,MSFT,371.58,374.51,366.5,370.5,22191685,370.5,-0.0050218868329886535,374.174,366.176,372.30514999999997,0.1893130016262494,386.2010579155805,362.14694208441944,52.319587611703994
2023-12-28,MSFT,358.81,365.27,358.81,362.11,32014583,362.11,-0.02264507422402151,373.03450000000004,366.45300000000003,372.133,0.1917758754937773,385.101086269944,360.96791373005607,43.71327848390161
2023-12-29,MSFT,358.27,362.67,353.27,357.97,29533920,357.97,-0.011432989975421748,371.5965,366.6264,371.96659999999997,0.19172733332391093,383.64576252381886,359.5472374761811,38.702460840010595
2024-01-01,MSFT,361.95,372.65,358.31,365.48,21427009,365.48,0.020979411682543248,370.826,367.1264,371.85040000000004,0.2057519988741986,382.3315728373376,359.32042716266244,48.573883149827616
